0,0,0.24940408098775188,9.700379804772332e-32,-4.125989820111573e-21,2.3510431448880986e-11,1,-0.30000001192092896,-0.05000000074505806,0.004000000189989805,0.5,-0.10000000149011612,-0.05999999865889549,-0.30000001192092896,0.05000000074505806,-0.004000000189989805,0.5,-0.10000000149011612,-0.05999999865889549,0,0,0.03999999910593033,-0.3799999952316284,0,0.019999999552965164,0.30000001192092896,0,0
0,-0.000375000003259629,0.24910510408955852,0.0011402745731174946,0.000853519479278475,-9.732411854201928e-7,0.9999989867210388,-0.30140846967697144,-0.04887071251869202,0.001967940479516983,0.5031998753547668,-0.10649999976158142,-0.06018174812197685,-0.2933374047279358,0.055711399763822556,0.0024229215923696756,0.48872342705726624,-0.09050000458955765,-0.06186927855014801,-0.001999999862164259,-0.014414454810321331,0.039000000804662704,-0.38635045289993286,0,0.019500000402331352,0.3125,0.006807971745729446,0
0,-0.000750000006519258,0.2488968454607133,0.002280545188114047,0.001707035000436008,-0.0000038929510992602445,0.9999959468841553,-0.3028169274330139,-0.047741424292325974,-0.00006411939102690667,0.5063997507095337,-0.11300000548362732,-0.060363493859767914,-0.28667476773262024,0.06142279505729675,0.008845843374729156,0.47744688391685486,-0.08100000023841858,-0.06373855471611023,-0.003999999724328518,-0.028828909620642662,0.03799999877810478,-0.3927009105682373,0,0.01899999938905239,0.32500001788139343,0.013615943491458893,0
0,-0.0011249999515712261,0.24872810471135418,0.0034208078868687153,0.0025605426635593176,-0.000008759209777053911,0.9999908804893494,-0.3042254149913788,-0.04661213979125023,-0.002096179174259305,0.5095996260643005,-0.11950000375509262,-0.060545243322849274,-0.2800121605396271,0.06713419407606125,0.015268765389919281,0.4661703109741211,-0.07150000333786011,-0.06560783833265305,-0.006000000052154064,-0.04324336349964142,0.03700000047683716,-0.39905136823654175,0,0.01850000023841858,0.3375000059604645,0.02042391523718834,0
0,-0.001500000013038516,0.2485795699365739,0.004561058711260557,0.003414038335904479,-0.00001557187715661712,0.9999837875366211,-0.30563387274742126,-0.045482851564884186,-0.004128239117562771,0.5127995014190674,-0.12600000202655792,-0.060726992785930634,-0.2733495235443115,0.07284559309482574,0.021691687405109406,0.45489373803138733,-0.06200000271201134,-0.06747711449861526,-0.007999999448657036,-0.057657819241285324,0.035999998450279236,-0.4054018259048462,0,0.017999999225139618,0.3500000238418579,0.027231886982917786,0
0,-0.0018749999580904841,0.24841157424527446,0.005701293237507343,0.004267518408596516,-0.000024330995074706152,0.9999746680259705,-0.30704233050346375,-0.04435356333851814,-0.006160298828035593,0.5159993171691895,-0.13250000774860382,-0.060908738523721695,-0.26668691635131836,0.07855699211359024,0.02811460942029953,0.44361716508865356,-0.05250000208616257,-0.06934639066457748,-0.009999999776482582,-0.07207227498292923,0.03500000014901161,-0.41175228357315063,0,0.017500000074505806,0.36250001192092896,0.03403985872864723,0
0,-0.0022499999031424522,0.24821079599934856,0.0068415082059800625,0.005120978690683842,-0.000035036537155974656,0.9999634623527527,-0.3084508180618286,-0.0432242751121521,-0.008192358538508415,0.5191991925239563,-0.13899999856948853,-0.061090487986803055,-0.2600242793560028,0.08426839113235474,0.034537531435489655,0.4323406219482422,-0.0430000014603138,-0.0712156742811203,-0.012000000104308128,-0.07011549174785614,0.03399999812245369,-0.4181027412414551,0,0.016999999061226845,0.375,0.04084783047437668,0
0,-0.002624999964609742,0.24799037802296917,0.007981698960065842,0.005974415224045515,-0.00004768834332935512,0.9999502897262573,-0.3098592758178711,-0.042094986885786057,-0.010224418714642525,0.5223990678787231,-0.14550000429153442,-0.061272233724594116,-0.25336167216300964,0.08997978270053864,0.04096045345067978,0.4210640490055084,-0.03350000083446503,-0.07308495044708252,-0.0139999995008111,-0.06736508011817932,0.032999999821186066,-0.4244531989097595,0,0.016499999910593033,0.38750001788139343,0.047655802220106125,0
0,-0.003000000026077032,0.2477689467676286,0.00912186224013567,0.00682782381772995,-0.00006228646816452965,0.9999350905418396,-0.3112677335739136,-0.04096569865942001,-0.01225647795945406,0.52559894323349,-0.15200001001358032,-0.061453983187675476,-0.24669905006885529,0.09569118171930313,0.047383375465869904,0.40978747606277466,-0.024000000208616257,-0.07495422661304474,-0.01599999889731407,-0.06372936069965363,0.03199999779462814,-0.43080365657806396,0,0.01599999889731407,0.4000000059604645,0.05446377396583557,0
0,-0.0033749998547136784,0.24749798405247966,0.01026199385523796,0.007681201212108135,-0.00007883094804128632,0.9999178647994995,-0.31267619132995605,-0.03983641415834427,-0.014288538135588169,0.5287988185882568,-0.15850000083446503,-0.061635732650756836,-0.24003642797470093,0.10140258073806763,0.05380629748106003,0.3985109031200409,-0.014500000514090061,-0.07682351022958755,-0.017999999225139618,-0.06283462047576904,0.03099999949336052,-0.4371541142463684,0,0.01549999974668026,0.4125000238418579,0.06127174571156502,0
0,-0.0037499999161809683,0.24720860350209514,0.011402090080082417,0.008534543216228485,-0.00009732148464536294,0.9998985528945923,-0.31408464908599854,-0.038707125931978226,-0.016320597380399704,0.5319986939430237,-0.16500000655651093,-0.0618174783885479,-0.23337382078170776,0.10711397975683212,0.06022921949625015,0.3872343599796295,-0.005000000819563866,-0.07869278639554977,-0.019999999552965164,-0.0611007884144783,0.029999999329447746,-0.44350457191467285,0,0.014999999664723873,0.42500001192092896,0.06807971745729446,0
0,-0.004124999977648258,0.2469139181383256,0.012542146258056164,0.009387845173478127,-0.00011775820894399658,0.9998772740364075,-0.3154931366443634,-0.03757783770561218,-0.018352657556533813,0.5351985692977905,-0.17150001227855682,-0.06199922785162926,-0.2267111986875534,0.11282537877559662,0.06665214151144028,0.37595778703689575,0.004499999340623617,-0.080562062561512,-0.02199999988079071,-0.05779492110013962,0.028999999165534973,-0.4498549997806549,0,0.014499999582767487,0.4375,0.07488769292831421,0
0,-0.0044999998062849045,0.24659068214970867,0.01368215773254633,0.010241103358566761,-0.00014014088083058596,0.9998539090156555,-0.3169015944004059,-0.03644854947924614,-0.020384717732667923,0.5383984446525574,-0.17800000309944153,-0.06218097358942032,-0.22004857659339905,0.11853677779436111,0.0730750635266304,0.364681214094162,0.0139999995008111,-0.08243134617805481,-0.024000000208616257,-0.05335206910967827,0.0279999990016222,-0.45620545744895935,0,0.0139999995008111,0.45000001788139343,0.08169566094875336,0
0,-0.004875000100582838,0.24615668582993785,0.014822122640907764,0.011094314977526665,-0.00016446950030513108,0.999828577041626,-0.31831005215644836,-0.035319261252880096,-0.022416777908802032,0.5415983200073242,-0.18450000882148743,-0.06236272305250168,-0.2133859544992447,0.12424816936254501,0.07949798554182053,0.3534046709537506,0.023499999195337296,-0.08430062234401703,-0.025999998673796654,-0.050411157310009,0.026999998837709427,-0.4625559151172638,0,0.013499999418854713,0.4625000059604645,0.0885036289691925,0
0,-0.005249999929219484,0.2457954667814378,0.015962036326527596,0.01194747444242239,-0.00019074398733209819,0.9998012185096741,-0.31971853971481323,-0.03418997675180435,-0.024448836222290993,0.5447981953620911,-0.19099999964237213,-0.06254447251558304,-0.20672333240509033,0.1299595683813095,0.08592090755701065,0.34212809801101685,0.032999999821186066,-0.08616990596055984,-0.0279999990016222,-0.04714449867606163,0.025999998673796654,-0.46890637278556824,0,0.012999999336898327,0.4750000238418579,0.09531160444021225,0
0,-0.005624999757856131,0.245376922965825,0.017101893201470375,0.012800579890608788,-0.0002189641527365893,0.999771773815155,-0.3211269974708557,-0.03306068852543831,-0.026480896398425102,0.5479980707168579,-0.19750000536441803,-0.0627262219786644,-0.20006071031093597,0.1356709748506546,0.09234382957220078,0.3308515250682831,0.042500000447034836,-0.08803918212652206,-0.029999999329447746,-0.04594946652650833,0.02499999850988388,-0.4752568304538727,0,0.01249999925494194,0.48750001192092896,0.102119579911232,0
0,-0.006000000052154064,0.24507627713757793,0.01824169047176838,0.013653624802827835,-0.0002491299237590283,0.9997403621673584,-0.3225354552268982,-0.031931400299072266,-0.02851295657455921,0.55119788646698,-0.20400001108646393,-0.06290796399116516,-0.19339808821678162,0.1413823664188385,0.0987667515873909,0.3195749521255493,0.052000001072883606,-0.08990845829248428,-0.03199999779462814,-0.04328610375523567,0.024000000208616257,-0.4816072881221771,0,0.012000000104308128,0.5,0.10892754793167114,0
0,-0.0063749998807907104,0.24469553756791393,0.01938142441213131,0.014506607316434383,-0.00028124116943217814,0.9997068643569946,-0.3239439129829407,-0.030802112072706223,-0.03054501675069332,0.5543977618217468,-0.21050000190734863,-0.06308971345424652,-0.18673548102378845,0.1470937579870224,0.10518967360258102,0.30829840898513794,0.06149999797344208,-0.0917777419090271,-0.03399999812245369,-0.04165109619498253,0.023000000044703484,-0.48795774579048157,0,0.011500000022351742,0.512499988079071,0.11573551595211029,0
0,-0.006749999709427357,0.2443901978738908,0.020521091297268867,0.015359521843492985,-0.0003152978024445474,0.9996713995933533,-0.32535237073898315,-0.02967282570898533,-0.03257707506418228,0.5575976371765137,-0.21700000762939453,-0.06327146291732788,-0.1800728589296341,0.1528051644563675,0.11161259561777115,0.2970218360424042,0.07100000232458115,-0.09364701807498932,-0.035999998450279236,-0.03802788257598877,0.02199999988079071,-0.494308203458786,0,0.010999999940395355,0.5250000357627869,0.12254349142313004,0
0,-0.00712500000372529,0.24411612081605236,0.021660685539245605,0.01621236652135849,-0.00035129967727698386,0.9996338486671448,-0.326760858297348,-0.028543537482619286,-0.03460913524031639,0.5607975125312805,-0.22350001335144043,-0.06345321238040924,-0.17341023683547974,0.1585165560245514,0.11803551763296127,0.2857452630996704,0.08049999922513962,-0.09551629424095154,-0.03799999877810478,-0.03510110452771187,0.020999999716877937,-0.5006586909294128,0,0.010499999858438969,0.5375000238418579,0.12935146689414978,0
0,-0.007499999832361937,0.24381845522004406,0.022800205275416374,0.01706513576209545,-0.00038924653199501336,0.9995943307876587,-0.3281693160533905,-0.02741425111889839,-0.0366411954164505,0.5639973878860474,-0.23000000417232513,-0.0636349618434906,-0.16674761474132538,0.16422796249389648,0.1244584396481514,0.27446869015693665,0.09000000357627869,-0.09738557785749435,-0.03999999910593033,-0.032683536410331726,0.019999999552965164,-0.5070091485977173,0,0.009999999776482582,0.550000011920929,0.13615943491458893,0
0,-0.00787500012665987,0.24349679875451366,0.023939644917845726,0.017917824909090996,-0.00042913833749480546,0.9995527267456055,-0.329577773809433,-0.02628496289253235,-0.03867325559258461,0.5671972632408142,-0.23650000989437103,-0.06381671130657196,-0.16008499264717102,0.16993935406208038,0.13088135421276093,0.26319214701652527,0.09950000047683716,-0.09925485402345657,-0.041999999433755875,-0.0292968787252903,0.01899999938905239,-0.513359546661377,0,0.009499999694526196,0.5625,0.14296740293502808,0
0,-0.008249999955296516,0.24323079812604229,0.02507900260388851,0.018770432099699974,-0.0004709749191533774,0.9995090961456299,-0.33098626136779785,-0.025155674666166306,-0.04070531576871872,0.570397138595581,-0.24300001561641693,-0.06399845331907272,-0.15342237055301666,0.17565074563026428,0.13730427622795105,0.2519155740737915,0.10899999737739563,-0.10112413018941879,-0.04399999976158142,-0.026995815336704254,0.017999999225139618,-0.5197100043296814,0,0.008999999612569809,0.574999988079071,0.14977538585662842,0
0,-0.008624999783933163,0.24296113181191722,0.026218270882964134,0.01962295174598694,-0.0005147561896592379,0.9994634985923767,-0.33239471912384033,-0.02402638830244541,-0.04273737594485283,0.5735970139503479,-0.24950000643730164,-0.06418020278215408,-0.1467597484588623,0.18136215209960938,0.14372719824314117,0.24063901603221893,0.1185000017285347,-0.10299341380596161,-0.04600000008940697,-0.022523652762174606,0.016999999061226845,-0.5260604619979858,0,0.008499999530613422,0.5875000357627869,0.15658335387706757,0
0,-0.008999999612569809,0.24276464510041515,0.027357449755072594,0.02047538012266159,-0.0005604816833510995,0.9994158148765564,-0.3338031768798828,-0.02289710007607937,-0.04476943612098694,0.5767968893051147,-0.25600001215934753,-0.06436195224523544,-0.14009714126586914,0.18707354366779327,0.1501501202583313,0.22936244308948517,0.12800000607967377,-0.10486268997192383,-0.04800000041723251,-0.019184695556759834,0.01599999889731407,-0.5324109196662903,0,0.007999999448657036,0.6000000238418579,0.1633913218975067,0
0,-0.009374999441206455,0.24251145947057048,0.028496531769633293,0.02132771536707878,-0.0006081514293327928,0.9993661642074585,-0.3352116346359253,-0.021767811849713326,-0.04680149629712105,0.5799967050552368,-0.26250001788139343,-0.0645437017083168,-0.13343451917171478,0.19278495013713837,0.15657304227352142,0.2180858850479126,0.13750000298023224,-0.10673197358846664,-0.04999999701976776,-0.016888491809368134,0.014999999664723873,-0.5387613773345947,0,0.007499999832361937,0.612500011920929,0.17019928991794586,0
0,-0.009750000201165676,0.24224224019128124,0.029635515064001083,0.022179950028657913,-0.0006577653111889958,0.9993144273757935,-0.3366200923919678,-0.02063852548599243,-0.04883355274796486,0.5831965804100037,-0.26900002360343933,-0.06472545117139816,-0.12677189707756042,0.19849634170532227,0.16299596428871155,0.20680931210517883,0.1469999998807907,-0.10860124975442886,-0.05199999734759331,-0.013262350112199783,0.0139999995008111,-0.5451118350028992,0,0.00699999975040555,0.625,0.177007257938385,0
0,-0.010125000029802322,0.24196393120366375,0.030774394050240517,0.023032084107398987,-0.0007093229796737432,0.9992607235908508,-0.33802857995033264,-0.01950923725962639,-0.05086561292409897,0.5863964557647705,-0.27549999952316284,-0.06490719318389893,-0.12010927498340607,0.20420774817466736,0.16941888630390167,0.19553275406360626,0.15649999678134918,-0.11047052592039108,-0.053999997675418854,-0.011000968515872955,0.012999999336898327,-0.5514622926712036,0,0.0064999996684491634,0.637499988079071,0.18381524085998535,0
0,-0.010499999858438969,0.24170532155114452,0.031913165003061295,0.023884110152721405,-0.0007628242019563913,0.9992049336433411,-0.3394370377063751,-0.018379949033260345,-0.05289767310023308,0.5895963311195374,-0.28200000524520874,-0.06508894264698029,-0.11344665288925171,0.20991913974285126,0.1758418083190918,0.1842561811208725,0.16599999368190765,-0.1123398095369339,-0.0559999980032444,-0.007973309606313705,0.012000000104308128,-0.5578127503395081,0,0.006000000052154064,0.6500000357627869,0.1906232088804245,0
0,-0.010874999687075615,0.24146645593720714,0.033051829785108566,0.02473602630198002,-0.0008182686869986355,0.9991471767425537,-0.3408454954624176,-0.01725066266953945,-0.05492973327636719,0.5927962064743042,-0.28850001096725464,-0.06527069211006165,-0.10678403824567795,0.21563053131103516,0.18226473033428192,0.17297962307929993,0.17550000548362732,-0.11420908570289612,-0.057999998331069946,-0.004823457915335894,0.010999999940395355,-0.5641632080078125,0,0.005499999970197678,0.6625000238418579,0.19743117690086365,0
0,-0.011249999515712261,0.24125037419873516,0.03419037535786629,0.02558782696723938,-0.0008756567258387804,0.9990873336791992,-0.34225398302078247,-0.01612137444317341,-0.0569617934525013,0.595996081829071,-0.29500001668930054,-0.065452441573143,-0.10012141615152359,0.22134193778038025,0.18868765234947205,0.16170305013656616,0.1850000023841858,-0.11607836186885834,-0.05999999865889549,-0.002268661744892597,0.009999999776482582,-0.5705136656761169,0,0.004999999888241291,0.675000011920929,0.204239159822464,0
0,-0.011624999344348907,0.24105840253907482,0.03532880172133446,0.02643951028585434,-0.0009349873289465904,0.9990255236625671,-0.34366244077682495,-0.01499208714812994,-0.058993853628635406,0.5991959571838379,-0.30150002241134644,-0.06563419103622437,-0.09345879405736923,0.22705332934856415,0.19511057436466217,0.1504264920949936,0.19449999928474426,-0.11794764548540115,-0.06199999898672104,0.000474911998026073,0.008999999612569809,-0.5768641233444214,0,0.0044999998062849045,0.6875,0.21104712784290314,0
0,-0.012000000104308128,0.24089368510323803,0.03646710515022278,0.02729107066988945,-0.000996260903775692,0.9989616274833679,-0.34507089853286743,-0.013862799853086472,-0.061025913804769516,0.6023958325386047,-0.30799999833106995,-0.06581594049930573,-0.08679617941379547,0.23276473581790924,0.2015334963798523,0.13914991915225983,0.20399999618530273,-0.11981692165136337,-0.06399999558925629,0.0024347484577447176,0.007999999448657036,-0.5832145810127258,0,0.003999999724328518,0.699999988079071,0.21785509586334229,0
0,-0.012374999932944775,0.24071877527314464,0.03760528191924095,0.028142504394054413,-0.001059476868249476,0.9988957643508911,-0.3464793562889099,-0.012733512558043003,-0.06305797398090363,0.6055957078933716,-0.31450000405311584,-0.06599768251180649,-0.08013355731964111,0.23847612738609314,0.20795641839504242,0.12787336111068726,0.2135000079870224,-0.12168619781732559,-0.06599999964237213,0.004127015359699726,0.00699999975040555,-0.5895650386810303,0,0.003499999875202775,0.7125000357627869,0.22466306388378143,0
0,-0.012749999761581421,0.24056405651646892,0.03874332830309868,0.02899380773305893,-0.0011246348731219769,0.9988278150558472,-0.3478878140449524,-0.011604225262999535,-0.06509003043174744,0.6087955832481384,-0.32100000977516174,-0.06617943197488785,-0.07347093522548676,0.24418751895427704,0.21437934041023254,0.11659679561853409,0.22300000488758087,-0.12355548143386841,-0.06799999624490738,0.0057540163397789,0.006000000052154064,-0.5959154963493347,0,0.003000000026077032,0.7250000238418579,0.23147103190422058,0
0,-0.013124999590218067,0.24045110571461956,0.03988123685121536,0.0298449769616127,-0.0011917350348085165,0.9987578988075256,-0.34929630160331726,-0.010474937036633492,-0.06712209433317184,0.6119954586029053,-0.32750001549720764,-0.06636118143796921,-0.0668083131313324,0.24989892542362213,0.22080226242542267,0.10532023012638092,0.23250000178813934,-0.12542475759983063,-0.07000000029802322,0.006984553299844265,0.004999999888241291,-0.6022659540176392,0,0.0024999999441206455,0.737500011920929,0.23827901482582092,0
0,-0.013499999418854713,0.24037336635667125,0.041019007563591,0.03069600835442543,-0.0012607767712324858,0.9986859560012817,-0.35070475935935974,-0.009345649741590023,-0.06915415078401566,0.6151952743530273,-0.33400002121925354,-0.06654293090105057,-0.060145698487758636,0.25561031699180603,0.2272251844406128,0.09404366463422775,0.24199999868869781,-0.12729403376579285,-0.07199999690055847,0.008242355659604073,0.003999999724328518,-0.6086164116859436,0,0.001999999862164259,0.75,0.1906232088804245,0
0,-0.01387499924749136,0.24036980497914592,0.0421566367149353,0.03154689818620682,-0.0013317595003172755,0.9986119270324707,-0.3521132171154022,-0.008216362446546555,-0.07118621468544006,0.6183951497077942,-0.34050002694129944,-0.06672468036413193,-0.05348307639360428,0.2613217234611511,0.23364810645580292,0.08276709914207458,0.2515000104904175,-0.12916330993175507,-0.07400000095367432,0.007746886927634478,0.003000000026077032,-0.614966869354248,0,0.001500000013038516,0.762499988079071,0.14296740293502808,0
0,-0.01425000000745058,0.24040260243493358,0.04329412057995796,0.032397642731666565,-0.0014046841533854604,0.9985359311103821,-0.3535217046737671,-0.007087074685841799,-0.07321827113628387,0.621595025062561,-0.34700000286102295,-0.06690642237663269,-0.04682045802474022,0.2670331299304962,0.24007102847099304,0.07149053364992142,0.26100000739097595,-0.13103260099887848,-0.07599999755620956,0.008196039125323296,0.001999999862164259,-0.6213173270225525,0,0.0009999999310821295,0.7750000357627869,0.09531160444021225,0
0,-0.014624999836087227,0.2405810587413911,0.044431451708078384,0.033248234540224075,-0.001479548867791891,0.9984579086303711,-0.35493016242980957,-0.005957786925137043,-0.07525033503770828,0.6247949004173279,-0.35350000858306885,-0.06708817183971405,-0.04015783593058586,0.2727445065975189,0.24649395048618317,0.06021397188305855,0.2705000042915344,-0.1329018771648407,-0.07800000160932541,0.008332445286214352,0.0009999999310821295,-0.6276677846908569,0,0.0004999999655410647,0.7875000238418579,0.047655802220106125,0
0,-0.014999999664723873,0.24073869812566082,0.04556862637400627,0.03409867361187935,-0.0015563544584438205,0.9983778595924377,-0.35633862018585205,-0.0048284996300935745,-0.0772823914885521,0.6279947757720947,-0.36000001430511475,-0.06726992130279541,-0.0334952175617218,0.278455913066864,0.2529168725013733,0.04893740639090538,0.2800000011920929,-0.13477115333080292,-0.07999999821186066,0.007799115031957626,0,-0.6340182423591614,0,0,0.800000011920929,0,0
0,-0.01459459401667118,0.2409949831970338,0.04433923587203026,0.03317927196621895,-0.0014734063297510147,0.9984643459320068,-0.3532141149044037,-0.006860161665827036,-0.0779758095741272,0.6115624904632568,-0.3497297465801239,-0.06437073647975922,-0.03337215259671211,0.2778701186180115,0.25351327657699585,0.04866097494959831,0.27162161469459534,-0.13383139669895172,-0.07675675302743912,0.009168613702058792,-0.009939840994775295,-0.6334642171859741,-0.011369903571903706,-0.010888312011957169,0.800000011920929,0.009636660106480122,0
0,-0.014189189299941063,0.24133344817239086,0.043109674006700516,0.03225969150662422,-0.0013927266700193286,0.9985483884811401,-0.348153293132782,-0.008891823701560497,-0.08030328154563904,0.595130205154419,-0.33945947885513306,-0.061471547931432724,-0.034098751842975616,0.27539587020874023,0.2537359595298767,0.04817632958292961,0.26324325799942017,-0.13289162516593933,-0.07351351529359818,0.009809000417590141,-0.01987968198955059,-0.6320704221725464,-0.02273980714380741,-0.021776624023914337,0.800000011920929,0.019273320212960243,0
0,-0.01378378365188837,0.24167450594979564,0.04187992960214615,0.031339939683675766,-0.001314314897172153,0.998630166053772,-0.3406583070755005,-0.010923486202955246,-0.08427447825670242,0.578697919845581,-0.3291892111301422,-0.05857235938310623,-0.03574642911553383,0.2724250853061676,0.25056296586990356,0.04887739196419716,0.2548648715019226,-0.13195186853408813,-0.07027027010917664,0.009774995967745781,-0.02981952391564846,-0.6308457255363464,-0.03410971164703369,-0.032664936035871506,0.800000011920929,0.02890997938811779,0
0,-0.013378378003835678,0.2420752279766206,0.04065001755952835,0.03042001463472843,-0.0012381720589473844,0.998709499835968,-0.3324865996837616,-0.01295514777302742,-0.08966504782438278,0.5622656345367432,-0.31891894340515137,-0.05567317456007004,-0.03682567551732063,0.2707913815975189,0.24943576753139496,0.04991370067000389,0.24648648500442505,-0.13101211190223694,-0.0670270249247551,0.010915728285908699,-0.03975936397910118,-0.6287418007850647,-0.04547961428761482,-0.043553248047828674,0.800000011920929,0.038546640425920486,0
0,-0.012972972355782986,0.24248801994401256,0.03941993787884712,0.029499925673007965,-0.0011642982717603445,0.9987865090370178,-0.32275936007499695,-0.014986810274422169,-0.09400498121976852,0.5458333492279053,-0.3086486756801605,-0.052773986011743546,-0.03860864415764809,0.2666092813014984,0.24334144592285156,0.0526510588824749,0.23810811340808868,-0.13007235527038574,-0.06378377974033356,0.010583027265965939,-0.04969920590519905,-0.6268868446350098,-0.05684951692819595,-0.05444156005978584,0.800000011920929,0.04818329960107803,0
0,-0.012567567639052868,0.24298439252454082,0.03818970173597336,0.028579676523804665,-0.001092693884856999,0.9988611340522766,-0.31296011805534363,-0.017018472775816917,-0.09876005351543427,0.5294010043144226,-0.2983783781528473,-0.04987479746341705,-0.040527354925870895,0.2623192071914673,0.2385903149843216,0.05612481012940407,0.22972972691059113,-0.12913258373737335,-0.060540538281202316,0.010253656655550003,-0.05963904783129692,-0.6252497434616089,-0.06821942329406738,-0.06532987207174301,0.800000011920929,0.05781995877623558,0
0,-0.012162161991000175,0.2433736704595689,0.03695930540561676,0.027659272775053978,-0.001023359247483313,0.9989333748817444,-0.30113476514816284,-0.01905013434588909,-0.10539796203374863,0.5129687190055847,-0.28810811042785645,-0.04697561264038086,-0.043206144124269485,0.2565770745277405,0.23038852214813232,0.06138904020190239,0.22135135531425476,-0.12819282710552216,-0.057297296822071075,0.010790982283651829,-0.06957888603210449,-0.6275613307952881,-0.07958932220935822,-0.07621818780899048,0.800000011920929,0.06745661795139313,0
0,-0.011756756342947483,0.24375335204678814,0.035728760063648224,0.026738720014691353,-0.0009562944760546088,0.9990032911300659,-0.2895985543727875,-0.021081795915961266,-0.10999647527933121,0.4965364336967468,-0.2778378427028656,-0.04407642409205437,-0.045758627355098724,0.25179120898246765,0.22275112569332123,0.06762999296188354,0.2129729688167572,-0.12725307047367096,-0.054054051637649536,0.0133042698726058,-0.07951872795820236,-0.6306394934654236,-0.09095922857522964,-0.08710649609565735,0.800000011920929,0.07709328085184097,0
0,-0.01135135069489479,0.24416925835686962,0.03449806943535805,0.025818023830652237,-0.000891500327270478,0.9990708231925964,-0.2764410972595215,-0.02311345934867859,-0.11630464345216751,0.48010414838790894,-0.26756757497787476,-0.04117723926901817,-0.04856472462415695,0.2440902292728424,0.21399979293346405,0.07262653857469559,0.20459459722042084,-0.12631329894065857,-0.050810810178518295,0.015515469945967197,-0.08945856988430023,-0.6328020095825195,-0.10232912749052048,-0.09799481183290482,0.800000011920929,0.08672993630170822,0
0,-0.010945945978164673,0.2445703827150468,0.03326723724603653,0.02489718608558178,-0.0008289769757539034,0.9991359710693359,-0.26316457986831665,-0.025145120918750763,-0.12119384109973907,0.46367186307907104,-0.2572973072528839,-0.03827805072069168,-0.05020003020763397,0.2379719614982605,0.2089112251996994,0.07776564359664917,0.19621621072292328,-0.12537354230880737,-0.047567564994096756,0.017009234055876732,-0.0993984118103981,-0.6344860792160034,-0.1136990338563919,-0.10888312011957169,0.800000011920929,0.09636659920215607,0
0,-0.01054054033011198,0.24496380317288677,0.03203626722097397,0.023976214230060577,-0.000768724421504885,0.9991987943649292,-0.24799303710460663,-0.027176782488822937,-0.12631656229496002,0.44723957777023315,-0.24702703952789307,-0.03537886217236519,-0.05320388823747635,0.23060378432273865,0.2006402313709259,0.08545000106096268,0.18783783912658691,-0.12443378567695618,-0.044324323534965515,0.0185787845402956,-0.10933825373649597,-0.6423018574714661,-0.12506893277168274,-0.11977143585681915,0.800000011920929,0.10600326210260391,0
0,-0.010135134682059288,0.24536984491425792,0.03080517239868641,0.02305511198937893,-0.0007107433048076928,0.9992592334747314,-0.2331472933292389,-0.02920844592154026,-0.1322290450334549,0.43080729246139526,-0.23675677180290222,-0.032479677349328995,-0.05521732196211815,0.223874032497406,0.19379375874996185,0.09054894000291824,0.17945946753025055,-0.12349402159452438,-0.041081078350543976,0.018506858497858047,-0.11927809566259384,-0.6542036533355713,-0.13643884658813477,-0.13065974414348602,0.800000011920929,0.11563991755247116,0
0,-0.00972972996532917,0.24576214778500835,0.029573949053883553,0.02213388681411743,-0.0006550337420776486,0.9993172883987427,-0.21548552811145782,-0.031240107491612434,-0.13934743404388428,0.414374977350235,-0.22648648917675018,-0.02958049066364765,-0.05676070228219032,0.2147630751132965,0.18322008848190308,0.09637940675020218,0.171081081032753,-0.12255426496267319,-0.037837836891412735,0.018125159665942192,-0.1292179375886917,-0.6715996861457825,-0.1478087455034256,-0.1415480673313141,0.800000011920929,0.125276580452919,0
0,-0.009324324317276478,0.2461040251262788,0.028342606499791145,0.021212540566921234,-0.0006015959661453962,0.9993729591369629,-0.19858165085315704,-0.03327177092432976,-0.14684374630451202,0.3979426920413971,-0.21621622145175934,-0.02668130211532116,-0.05670477822422981,0.20833107829093933,0.1753167361021042,0.10094186663627625,0.16270270943641663,-0.1216145008802414,-0.034594595432281494,0.017416903749108315,-0.13915777206420898,-0.6917742490768433,-0.15917864441871643,-0.15243637561798096,0.800000011920929,0.13491323590278625,0
0,-0.008918918669223785,0.2464874022014741,0.027111146599054337,0.020291078835725784,-0.000550430326256901,0.9994263052940369,-0.1816508024930954,-0.03530343249440193,-0.15498533844947815,0.3815104067325592,-0.2059459537267685,-0.023782115429639816,-0.055656302720308304,0.2010970264673233,0.16568490862846375,0.10135374963283539,0.15432432293891907,-0.1206747367978096,-0.031351350247859955,0.0187295600771904,-0.14909762144088745,-0.7163565754890442,-0.17054854333400726,-0.16332468390464783,0.800000011920929,0.1445498913526535,0
0,-0.008513513021171093,0.24687507081109325,0.025879578664898872,0.01936950907111168,-0.0005015369388274848,0.9994772672653198,-0.16459687054157257,-0.037335094064474106,-0.1623690277338028,0.3650781214237213,-0.19567568600177765,-0.020882928743958473,-0.05347365140914917,0.193136528134346,0.15521742403507233,0.09822864830493927,0.1459459513425827,-0.1197349801659584,-0.028108106926083565,0.018023796379566193,-0.15903745591640472,-0.7400142550468445,-0.1819184571504593,-0.1742129921913147,0.800000011920929,0.15418656170368195,0
0,-0.008108108304440975,0.24737615215855877,0.024647904559969902,0.018447833135724068,-0.0004549162113107741,0.9995258450508118,-0.1423405408859253,-0.03936675563454628,-0.1694943606853485,0.3486458361148834,-0.1854054182767868,-0.01798374205827713,-0.05017548426985741,0.18345585465431213,0.14654625952243805,0.09827621281147003,0.13756756484508514,-0.11879521608352661,-0.024864863604307175,0.015454508364200592,-0.1689773052930832,-0.7682395577430725,-0.19328835606575012,-0.18510131537914276,0.800000011920929,0.1638232171535492,0
0,-0.007702702656388283,0.24769259321767131,0.023416129872202873,0.017526058480143547,-0.0004105682310182601,0.9995720982551575,-0.12685507535934448,-0.041398417204618454,-0.17811010777950287,0.33221352100372314,-0.17513513565063477,-0.015084554441273212,-0.04727773368358612,0.17508156597614288,0.13900814950466156,0.0934978500008583,0.12918919324874878,-0.11785545945167542,-0.021621620282530785,0.015338372439146042,-0.17891713976860046,-0.794325053691864,-0.20465825498104095,-0.19598962366580963,0.800000011920929,0.17345987260341644,0
0,-0.00729729700833559,0.24815700280743877,0.022184258326888084,0.016604188829660416,-0.00036849320167675614,0.9996159672737122,-0.10576271265745163,-0.04343007877469063,-0.18661074340343475,0.31578123569488525,-0.16486486792564392,-0.01218536775559187,-0.042803071439266205,0.16936612129211426,0.12905094027519226,0.092459537088871,0.12081081420183182,-0.11691569536924362,-0.018378378823399544,0.007280467078089714,-0.18885698914527893,-0.7994691729545593,-0.21602816879749298,-0.2068779319524765,0.800000011920929,0.18309654295444489,0
0,-0.006891891825944185,0.24851814735013286,0.020952297374606133,0.015682227909564972,-0.00032869138522073627,0.999657392501831,-0.08907393366098404,-0.0454617403447628,-0.19658894836902618,0.29934895038604736,-0.15459460020065308,-0.009286180138587952,-0.03949104622006416,0.16375760734081268,0.11567334085702896,0.09063061326742172,0.11243243515491486,-0.11597593873739243,-0.015135134570300579,0.0007629635510966182,-0.1987968236207962,-0.800000011920929,-0.2273980677127838,-0.21776624023914337,0.800000011920929,0.19273319840431213,0
0,-0.006486486177891493,0.2489038788087968,0.019720252603292465,0.014760183170437813,-0.0002911629562731832,0.9996965527534485,-0.07294207066297531,-0.047493405640125275,-0.2058209925889969,0.2829166650772095,-0.14432433247566223,-0.006386993452906609,-0.037482719868421555,0.15585142374038696,0.10346773266792297,0.08743094652891159,0.1040540561079979,-0.11503617465496063,-0.011891891248524189,-0.009038480930030346,-0.20873667299747467,-0.800000011920929,-0.23876796662807465,-0.22865456342697144,0.800000011920929,0.20236985385417938,0
0,-0.006081080995500088,0.2493183099039201,0.018488124012947083,0.013838059268891811,-0.00025590808945707977,0.9997332692146301,-0.06043405830860138,-0.04952506721019745,-0.21333636343479156,0.2664843797683716,-0.1340540647506714,-0.003487806534394622,-0.03475799784064293,0.14780397713184357,0.08994800597429276,0.08690229058265686,0.09567567706108093,-0.11409641802310944,-0.008648648858070374,-0.016307972371578217,-0.21867650747299194,-0.800000011920929,-0.2501378655433655,-0.2395428717136383,0.800000011920929,0.21200652420520782,0
0,-0.005675675347447395,0.24968610036450664,0.01725592277944088,0.012915859930217266,-0.0002229269448434934,0.9997676610946655,-0.041989702731370926,-0.05155672878026962,-0.22835947573184967,0.2500520646572113,-0.12378378957509995,-0.0005886194412596524,-0.03410419821739197,0.13909515738487244,0.07108207792043686,0.08661643415689468,0.08729729801416397,-0.11315665394067764,-0.005405405070632696,-0.022630443796515465,-0.2286163568496704,-0.800000011920929,-0.2615077793598175,-0.2504311800003052,0.800000011920929,0.22164317965507507,0
0,-0.00527027016505599,0.24995810616093914,0.016023650765419006,0.01199358981102705,-0.00019221968250349164,0.9997996687889099,-0.031130263581871986,-0.0535883903503418,-0.2386081963777542,0.2336197793483734,-0.1135135218501091,0.0023105675354599953,-0.033341120928525925,0.1321583241224289,0.059805892407894135,0.08540203422307968,0.07891891896724701,-0.11221688985824585,-0.0021621622145175934,-0.0247613787651062,-0.23855619132518768,-0.800000011920929,-0.27287769317626953,-0.26131948828697205,0.800000011920929,0.23127983510494232,0
0,-0.004864864982664585,0.25009701478558816,0.014791312627494335,0.011071255430579185,-0.00016378640430048108,0.9998292922973633,-0.020804258063435555,-0.05562005192041397,-0.2458372414112091,0.21718749403953552,-0.10324324667453766,0.005209754686802626,-0.03139437735080719,0.12694326043128967,0.0515526719391346,0.08473514765501022,0.07054053992033005,-0.11127713322639465,0.0010810811072587967,-0.02501223050057888,-0.24849602580070496,-0.800000011920929,-0.28424757719039917,-0.2722077965736389,0.800000011920929,0.24091649055480957,0
0,-0.004459459334611893,0.25028935897427834,0.013558915816247463,0.010148861445486546,-0.00013762734306510538,0.9998565316200256,-0.008887332864105701,-0.057651713490486145,-0.2556202709674835,0.20075520873069763,-0.09297297894954681,0.008108941838145256,-0.03073340468108654,0.12116538733243942,0.0418376624584198,0.08530785888433456,0.062162164598703384,-0.11033736914396286,0.004324324429035187,-0.025102274492383003,-0.2584358751773834,-0.800000011920929,-0.2956174910068512,-0.2830961346626282,0.800000011920929,0.250553160905838,0
0,-0.004054054152220488,0.2503863357313279,0.01232646219432354,0.009226412512362003,-0.00011374256428098306,0.9998814463615417,0.0014090784825384617,-0.05968337878584862,-0.26421216130256653,0.18432290852069855,-0.08270270377397537,0.011008128523826599,-0.030718130990862846,0.11537276208400726,0.031910840421915054,0.08865475654602051,0.05378378555178642,-0.10939761251211166,0.0075675672851502895,-0.025990288704633713,-0.2683757245540619,-0.800000011920929,-0.3069874048233032,-0.29398444294929504,0.800000011920929,0.26018983125686646,0
0,-0.003648648504167795,0.25045938122350014,0.011093960143625736,0.008303913287818432,-0.00009213221346726641,0.9999039769172668,0.010202907025814056,-0.06171504035592079,-0.27267783880233765,0.16789062321186066,-0.07243243604898453,0.013907316140830517,-0.030364766716957092,0.11066742986440659,0.024356041103601456,0.08949356526136398,0.04540540650486946,-0.10845784842967987,0.010810810141265392,-0.024880193173885345,-0.27831554412841797,-0.800000011920929,-0.31835728883743286,-0.3048727512359619,0.800000011920929,0.2698264718055725,0
0,-0.0032432430889457464,0.25054244029599465,0.009861410595476627,0.007381369825452566,-0.00007279624696820974,0.9999241232872009,0.01690075173974037,-0.06374669820070267,-0.2787010669708252,0.15145832300186157,-0.062162164598703384,0.016806501895189285,-0.031204355880618095,0.10558734834194183,0.01656532660126686,0.09195944666862488,0.0370270274579525,-0.10751809179782867,0.014054053463041782,-0.02372054196894169,-0.28825539350509644,-0.800000011920929,-0.3297272026538849,-0.3157610595226288,0.800000011920929,0.27946314215660095,0
0,-0.0028378376737236977,0.2505590401895646,0.00862882286310196,0.006458785850554705,-0.00005573497401201166,0.999941885471344,0.020321330055594444,-0.06577835977077484,-0.2819976806640625,0.13502603769302368,-0.05189189314842224,0.019705690443515778,-0.0320216603577137,0.0996227115392685,0.010990955866873264,0.09638272970914841,0.028648650273680687,-0.10657832771539688,0.017297297716140747,-0.02200268767774105,-0.2981952428817749,-0.800000011920929,-0.3410970866680145,-0.32664936780929565,0.800000011920929,0.289099782705307,0
0,-0.0024324324913322926,0.25054169523793496,0.007396199274808168,0.005536166951060295,-0.00004094838732271455,0.9999573230743408,0.02256123535335064,-0.06781002879142761,-0.28546836972236633,0.1185937449336052,-0.041621625423431396,0.02260487712919712,-0.03316950425505638,0.09322663396596909,0.004339534789323807,0.09941381961107254,0.020270271226763725,-0.10563856363296509,0.020540539175271988,-0.020792843773961067,-0.30813509225845337,-0.800000011920929,-0.35246700048446655,-0.3375376760959625,0.800000011920929,0.29873645305633545,0
0,-0.002027027076110244,0.25054434764462746,0.006163545418530703,0.004613518249243498,-0.000028436545107979327,0.9999703764915466,0.023670116439461708,-0.06984169036149979,-0.2874269187450409,0.1021614521741867,-0.03135135397315025,0.025504063814878464,-0.034784045070409775,0.08717302232980728,-0.0036210729740560055,0.10290418565273285,0.011891892179846764,-0.10469880700111389,0.023783782497048378,-0.020492421463131905,-0.31807491183280945,-0.800000011920929,-0.3638369143009186,-0.3484259843826294,0.800000011920929,0.3083731234073639,0
0,-0.0016216215444728732,0.2505152307756547,0.004930865950882435,0.0036908446345478296,-0.00001819941826397553,0.9999810457229614,0.02517498843371868,-0.07187335193157196,-0.2901120185852051,0.08572916686534882,-0.02108108252286911,0.028403250500559807,-0.036977022886276245,0.08158374577760696,-0.01027498859912157,0.10800834000110626,0.00351351429708302,-0.1037590429186821,0.027027025818824768,-0.020706919953227043,-0.3280147612094879,-0.800000011920929,-0.3752067983150482,-0.35931429266929626,0.800000011920929,0.31800976395606995,0
0,-0.0012162162456661463,0.2504480861433152,0.003698167158290744,0.002768150996416807,-0.000010237213246000465,0.9999893307685852,0.026801822707057,-0.07390501350164413,-0.29324159026145935,0.06929687410593033,-0.010810812003910542,0.03130243718624115,-0.03820809721946716,0.07585418224334717,-0.015457824803888798,0.11295462399721146,-0.0048648640513420105,-0.1028192862868309,0.030270269140601158,-0.020716693252325058,-0.3379546105861664,-0.800000011920929,-0.38657671213150024,-0.3702026307582855,0.800000011920929,0.3276464343070984,0
0,-0.0008108107722364366,0.2504001640089158,0.002465453464537859,0.0018454422242939472,-0.000004549911864160094,0.999995231628418,0.027662107720971107,-0.07593667507171631,-0.2946709096431732,0.05286458134651184,-0.0005405417177826166,0.03420162573456764,-0.041642699390649796,0.06979990005493164,-0.020633714273571968,0.1194121241569519,-0.013243242166936398,-0.10187952220439911,0.03351351246237755,-0.020322436466813087,-0.34789445996284485,-0.800000011920929,-0.39794662594795227,-0.3810909390449524,0.800000011920929,0.33728310465812683,0
0,-0.0004054053861182183,0.2503311120279435,0.0012327291769906878,0.0009227236150763929,-0.000001137526396632893,0.9999988079071045,0.027098648250102997,-0.07796833664178848,-0.296478271484375,0.03643229231238365,0.009729729034006596,0.037100810557603836,-0.04814200848340988,0.06271886825561523,-0.027774540707468987,0.1300497055053711,-0.021621620282530785,-0.10093976557254791,0.03675675764679909,-0.02034900151193142,-0.3578342795372009,-0.800000011920929,-0.4093165099620819,-0.39197924733161926,0.800000011920929,0.3469197452068329,0
0,0,0.25026658999997414,3.570665023930939e-20,-1.1803771662765072e-30,-3.30576295504148e-11,1,0.027087928727269173,-0.07999999821186066,-0.2988298237323761,0.019999999552965164,0.019999999552965164,0.03999999910593033,-0.054484788328409195,0.05616816505789757,-0.035311631858348846,0.13985663652420044,-0.029999999329447746,-0.10000000149011612,0.03999999910593033,-0.020983370020985603,-0.3677741289138794,-0.800000011920929,-0.42068642377853394,-0.40286755561828613,0.800000011920929,0.35655641555786133,0
0,0.0004999999655410647,0.2502012633093003,0.0014253349509090185,0.00045075418893247843,-6.425299261536566e-7,0.9999988675117493,0.02543346770107746,-0.09399999678134918,-0.2993440628051758,0.02979224920272827,0.023000000044703484,0.04417594522237778,-0.06215880066156387,0.04878740385174751,-0.0426049567759037,0.15141533315181732,-0.03766666725277901,-0.09200000017881393,0.035999998450279236,-0.021646911278367043,-0.36488479375839233,-0.800000011920929,-0.4244029223918915,-0.40800824761390686,0.800000011920929,0.3637481927871704,0
0,0.0009999999310821295,0.25011346566754616,0.0028506661765277386,0.000901505583897233,-0.0000025699382604216225,0.9999955296516418,0.02379201166331768,-0.10799999535083771,-0.3002084195613861,0.03958449885249138,0.025999998673796654,0.04835188761353493,-0.06951440870761871,0.04159051179885864,-0.04916835203766823,0.16317255795001984,-0.04533333331346512,-0.08399999886751175,0.03199999779462814,-0.021580034866929054,-0.36036062240600586,-0.800000011920929,-0.4262476861476898,-0.41225770115852356,0.800000011920929,0.3713909387588501,0
0,0.001500000013038516,0.2500040911443833,0.004275990184396505,0.001352251274511218,-0.000005782309926871676,0.999989926815033,0.021816415712237358,-0.12200000137090683,-0.3012842535972595,0.049376748502254486,0.028999999165534973,0.052527833729982376,-0.07656737416982651,0.03358388692140579,-0.056353144347667694,0.17470182478427887,-0.05299999937415123,-0.07600000500679016,0.0279999990016222,-0.02205178327858448,-0.35848867893218994,-0.800000011920929,-0.4312449097633362,-0.414938747882843,0.800000011920929,0.3807891011238098,0
0,0.001999999862164259,0.24989200460988323,0.0057013025507330894,0.0018029884668067098,-0.000010279552043357398,0.9999821186065674,0.01874798908829689,-0.13599999248981476,-0.3021545708179474,0.05916899815201759,0.03199999779462814,0.056703779846429825,-0.08723911643028259,0.022203683853149414,-0.06687507033348083,0.19100844860076904,-0.06066666543483734,-0.06800000369548798,0.024000000208616257,-0.021878942847251892,-0.35713469982147217,-0.800000011920929,-0.4386981129646301,-0.423892080783844,0.800000011920929,0.39683714509010315,0
0,0.0024999999441206455,0.24972314465123455,0.00712660001590848,0.0022537142504006624,-0.000016061807400546968,0.9999720454216003,0.015791192650794983,-0.15000000596046448,-0.30415359139442444,0.0689612478017807,0.03500000014901161,0.060879722237586975,-0.09578889608383179,0.014564848504960537,-0.07247519493103027,0.20385326445102692,-0.06833332777023315,-0.06000000238418579,0.019999999552965164,-0.02215399220585823,-0.3594007194042206,-0.800000011920929,-0.4411461651325226,-0.42884254455566406,0.800000011920929,0.404098778963089,0
0,0.003000000026077032,0.24954099285680095,0.008551877923309803,0.002704425947740674,-0.00002312886863364838,0.9999597668647766,0.011878217570483685,-0.164000004529953,-0.3047317862510681,0.0787535011768341,0.03799999877810478,0.06505566835403442,-0.1061617061495781,0.004518277943134308,-0.08227945864200592,0.22169773280620575,-0.07599999755620956,-0.052000001072883606,0.01599999889731407,-0.022190580144524574,-0.3603051006793976,-0.800000011920929,-0.4476636052131653,-0.4367596507072449,0.800000011920929,0.41982147097587585,0
0,0.003499999875202775,0.2493485592611436,0.009977133944630623,0.0031551204156130552,-0.00003148080577375367,0.9999452233314514,0.00644855760037899,-0.17800000309944153,-0.30554938316345215,0.08854574710130692,0.04100000113248825,0.06923161447048187,-0.11802754551172256,-0.00653773732483387,-0.0879218652844429,0.23947520554065704,-0.08366666734218597,-0.04399999976158142,0.012000000104308128,-0.020668547600507736,-0.3570517897605896,-0.800000011920929,-0.4522643983364105,-0.4469192326068878,0.800000011920929,0.43549031019210815,0
0,0.003999999724328518,0.24913678395825664,0.011402363888919353,0.003605795092880726,-0.0000411175460612867,0.9999284744262695,0.0007357129361480474,-0.19200000166893005,-0.3101840019226074,0.09833800047636032,0.04399999976158142,0.07340756058692932,-0.13369688391685486,-0.019283726811408997,-0.09523209929466248,0.2599194049835205,-0.09133332967758179,-0.036000002175569534,0.007999999448657036,-0.018215376883745193,-0.35688313841819763,-0.800000011920929,-0.4557025134563446,-0.46536603569984436,0.800000011920929,0.45697104930877686,0
0,0.0044999998062849045,0.2488690100916032,0.012827563099563122,0.004056447185575962,-0.00005203901673667133,0.999909520149231,-0.005140675697475672,-0.20600000023841858,-0.3082827925682068,0.10813024640083313,0.04699999839067459,0.07758350670337677,-0.14704583585262299,-0.028865355998277664,-0.10231351852416992,0.27999165654182434,-0.0989999994635582,-0.02800000086426735,0.003999999724328518,-0.01689041219651699,-0.3563275933265686,-0.800000011920929,-0.45798689126968384,-0.4679538309574127,0.800000011920929,0.46915391087532043,0
0,0.004999999888241291,0.24856341707783977,0.014252728782594204,0.004507073666900396,-0.00006424526509363204,0.9998882412910461,-0.009809307754039764,-0.2199999988079071,-0.3115446865558624,0.11792249977588654,0.05000000074505806,0.08175944536924362,-0.16215425729751587,-0.03971689194440842,-0.10972146689891815,0.29969972372055054,-0.10666666179895401,-0.020000001415610313,0,-0.017202865332365036,-0.3556612730026245,-0.800000011920929,-0.4605174958705902,-0.47888967394828796,0.800000011920929,0.48475131392478943,0
0,0.005499999970197678,0.24821008074361126,0.015677856281399727,0.004957671742886305,-0.00007773617107886821,0.9998648166656494,-0.014379329048097134,-0.23399999737739563,-0.31430965662002563,0.12771475315093994,0.05299999937415123,0.08593539148569107,-0.178351491689682,-0.05103239789605141,-0.1145864799618721,0.3220010995864868,-0.11433333158493042,-0.012000001035630703,-0.003999999724328518,-0.015749597921967506,-0.35629719495773315,-0.800000011920929,-0.46353670954704285,-0.48955482244491577,0.800000011920929,0.5025935173034668,0
0,0.006000000052154064,0.24786255586224834,0.01710294373333454,0.005408238619565964,-0.00009251168376067653,0.9998391270637512,-0.015142042189836502,-0.24799999594688416,-0.32071152329444885,0.13750699162483215,0.0559999980032444,0.09011133760213852,-0.19588565826416016,-0.06383506208658218,-0.12275414168834686,0.3439529836177826,-0.12199999392032623,-0.0040000006556510925,-0.007999999448657036,-0.017875446006655693,-0.35738950967788696,-0.800000011920929,-0.46669065952301025,-0.49773651361465454,0.800000011920929,0.5179362893104553,0
0,0.0064999996684491634,0.2474526249178056,0.018527986481785774,0.005858771502971649,-0.0001085717449313961,0.9998111724853516,-0.015893882140517235,-0.2619999945163727,-0.32469189167022705,0.14729924499988556,0.05900000035762787,0.09428728371858597,-0.2150319665670395,-0.07905098050832748,-0.1281166970729828,0.3694393038749695,-0.12966665625572205,0.003999999258667231,-0.012000000104308128,-0.01926199346780777,-0.35935401916503906,-0.800000011920929,-0.46880483627319336,-0.5097178220748901,0.800000011920929,0.536803662776947,0
0,0.00699999975040555,0.2469868742235307,0.019952978938817978,0.00630926713347435,-0.0001259162527276203,0.9997810125350952,-0.01670163869857788,-0.2759999930858612,-0.32921358942985535,0.15709149837493896,0.06199999898672104,0.09846322983503342,-0.23412755131721497,-0.09391996264457703,-0.13077862560749054,0.3966198265552521,-0.13733333349227905,0.011999999172985554,-0.01599999889731407,-0.01995670795440674,-0.3654262125492096,-0.800000011920929,-0.47301971912384033,-0.5162386894226074,0.800000011920929,0.5537607669830322,0
0,0.007499999832361937,0.2465005003221635,0.021377917379140854,0.00675972318276763,-0.00014454516349360347,0.9997485876083374,-0.016861874610185623,-0.28999999165534973,-0.3325001895427704,0.16688375174999237,0.06499999761581421,0.10263916850090027,-0.25246259570121765,-0.1081913411617279,-0.13450495898723602,0.423401802778244,-0.14499999582767487,0.019999999552965164,-0.019999999552965164,-0.02202337607741356,-0.3712626099586487,-0.800000011920929,-0.47477900981903076,-0.521298885345459,0.800000011920929,0.5668272972106934,0
0,0.007999999448657036,0.24604886102753917,0.022802801802754402,0.007210136856883764,-0.00016445836808998138,0.9997139573097229,-0.01628318428993225,-0.30399999022483826,-0.337868332862854,0.17667599022388458,0.06799999624490738,0.10681511461734772,-0.2727676033973694,-0.12204360961914062,-0.1348988264799118,0.45210176706314087,-0.15266665816307068,0.0279999990016222,-0.024000000208616257,-0.02406814694404602,-0.37848636507987976,-0.800000011920929,-0.4783720076084137,-0.5288606882095337,0.800000011920929,0.5803453326225281,0
0,0.008499999530613422,0.2455561243303422,0.024227622896432877,0.007660504896193743,-0.00018565577920526266,0.9996771216392517,-0.01544315554201603,-0.3179999887943268,-0.34111687541007996,0.186468243598938,0.07100000232458115,0.11099106073379517,-0.2931768298149109,-0.13715480268001556,-0.13308501243591309,0.4809488356113434,-0.1603333204984665,0.035999998450279236,-0.0279999990016222,-0.02437756024301052,-0.38247087597846985,-0.800000011920929,-0.48085126280784607,-0.5373140573501587,0.800000011920929,0.592506468296051,0
0,0.008999999612569809,0.24506507146436016,0.025652382522821426,0.008110824972391129,-0.0002081373386317864,0.999638020992279,-0.014880558475852013,-0.3319999873638153,-0.3432145416736603,0.1962604969739914,0.07400000095367432,0.11516700685024261,-0.3113729953765869,-0.15030492842197418,-0.13132306933403015,0.5043608546257019,-0.1679999977350235,0.04399999976158142,-0.03199999779462814,-0.026021579280495644,-0.38506847620010376,-0.800000011920929,-0.48591938614845276,-0.5410193204879761,0.800000011920929,0.6049035787582397,0
0,0.009499999694526196,0.2445665382154588,0.027077075093984604,0.008561093360185623,-0.00023190290085040033,0.9995966553688049,-0.014875859022140503,-0.34599998593330383,-0.3454187214374542,0.2060527503490448,0.07699999958276749,0.11934295296669006,-0.32876697182655334,-0.16308453679084778,-0.13017797470092773,0.5273098945617676,-0.1756666600704193,0.052000001072883606,-0.035999998450279236,-0.02854623831808567,-0.3868791460990906,-0.800000011920929,-0.4891480505466461,-0.5474884510040283,0.800000011920929,0.6186893582344055,0
0,0.009999999776482582,0.24406049478131572,0.028501693159341812,0.009011308662593365,-0.00025695236399769783,0.9995530843734741,-0.01436013262718916,-0.36000001430511475,-0.3479161262512207,0.215844988822937,0.07999999821186066,0.12351889908313751,-0.34385502338409424,-0.17597045004367828,-0.12722569704055786,0.5481420159339905,-0.18333332240581512,0.05999999865889549,-0.03999999910593033,-0.031703073531389236,-0.390836626291275,-0.800000011920929,-0.49222514033317566,-0.5528778433799744,0.800000011920929,0.6285467147827148,0
0,0.010499999858438969,0.24354472088891307,0.02992624044418335,0.009461467154324055,-0.0002832856844179332,0.9995073080062866,-0.014048674143850803,-0.37400001287460327,-0.347591757774353,0.22563724219799042,0.08299999684095383,0.12769484519958496,-0.3587648272514343,-0.18846744298934937,-0.12525609135627747,0.5683282017707825,-0.19099999964237213,0.06800000369548798,-0.04399999976158142,-0.03516954928636551,-0.3948090076446533,-0.800000011920929,-0.4960825443267822,-0.5536529421806335,0.800000011920929,0.6384620666503906,0
0,0.010999999940395355,0.2430607609756593,0.03135070204734802,0.009911565110087395,-0.0003109026874881238,0.9994592666625977,-0.012278852984309196,-0.3880000114440918,-0.3507804870605469,0.23542949557304382,0.0860000029206276,0.1318707913160324,-0.37323516607284546,-0.19985003769397736,-0.12169599533081055,0.5891820192337036,-0.19866666197776794,0.07599999755620956,-0.04800000041723251,-0.03740030527114868,-0.3955402374267578,-0.800000011920929,-0.49806901812553406,-0.5585287809371948,0.800000011920929,0.6488732099533081,0
0,0.011500000022351742,0.2425589196689729,0.032775089144706726,0.01036160159856081,-0.0003398032276891172,0.9994089603424072,-0.010902701877057552,-0.4020000100135803,-0.35010188817977905,0.24522174894809723,0.08900000154972076,0.13604673743247986,-0.3856026232242584,-0.21018560230731964,-0.11857392638921738,0.6092322468757629,-0.20633332431316376,0.08399999886751175,-0.05199999734759331,-0.040611252188682556,-0.3989178240299225,-0.800000011920929,-0.49921339750289917,-0.5587517619132996,0.800000011920929,0.6585413217544556,0
0,0.012000000104308128,0.2421517305381898,0.03419938310980797,0.010811571963131428,-0.00036998718860559165,0.9993565082550049,-0.00993439368903637,-0.41600000858306885,-0.3522181212902069,0.25501400232315063,0.09200000017881393,0.1402226686477661,-0.3968368172645569,-0.2195405513048172,-0.11358489096164703,0.62713623046875,-0.21399998664855957,0.09200000017881393,-0.0559999980032444,-0.04378105700016022,-0.402052104473114,-0.800000011920929,-0.503094494342804,-0.5660513639450073,0.800000011920929,0.6662928462028503,0
0,0.01249999925494194,0.24170047867375652,0.03562358766794205,0.011261475272476673,-0.0004014544829260558,0.9993017315864563,-0.008912677876651287,-0.4300000071525574,-0.3521122932434082,0.26480624079704285,0.0949999988079071,0.14439861476421356,-0.40698006749153137,-0.22925446927547455,-0.11033429950475693,0.6445339918136597,-0.22166666388511658,0.10000000149011612,-0.05999999865889549,-0.04694877937436104,-0.40818458795547485,-0.800000011920929,-0.5057896375656128,-0.5699865221977234,0.800000011920929,0.6732399463653564,0
0,0.012999999336898327,0.24135068881589214,0.03704770281910896,0.011711306869983673,-0.00043420487781986594,0.999244749546051,-0.008903474546968937,-0.4440000057220459,-0.3519170880317688,0.27459847927093506,0.09799999743700027,0.148574560880661,-0.4163275957107544,-0.23679165542125702,-0.10513143241405487,0.6601170897483826,-0.2293333262205124,0.1080000028014183,-0.06399999558925629,-0.04826469346880913,-0.4102279543876648,-0.800000011920929,-0.5089861750602722,-0.5698443651199341,0.800000011920929,0.6778567433357239,0
0,0.013499999418854713,0.24120552170354168,0.03847171366214752,0.012161064893007278,-0.00046823834418319166,0.9991855621337891,-0.008198671042919159,-0.4580000042915344,-0.35144922137260437,0.28439074754714966,0.10099999606609344,0.15275050699710846,-0.42334699630737305,-0.24269264936447144,-0.10105951130390167,0.6715197563171387,-0.2369999885559082,0.11599999666213989,-0.06799999624490738,-0.04882616177201271,-0.4121611416339874,-0.800000011920929,-0.5123683214187622,-0.5713921189308167,0.800000011920929,0.6787022948265076,0
0,0.0139999995008111,0.24125044870454113,0.03989562764763832,0.012610746547579765,-0.0005035545909777284,0.9991241693496704,-0.0057158865965902805,-0.47200000286102295,-0.3554334044456482,0.29418298602104187,0.10400000214576721,0.1569264531135559,-0.427342027425766,-0.24149103462696075,-0.09732572734355927,0.6767175793647766,-0.24466665089130402,0.12399999797344208,-0.07199999690055847,-0.04845065996050835,-0.41421598196029663,-0.800000011920929,-0.5104122161865234,-0.5711821913719177,0.800000011920929,0.6829330325126648,0
0,0.014499999582767487,0.24127047586518566,0.041319433599710464,0.013060348108410835,-0.0005401535890996456,0.9990604519844055,-0.0034164288081228733,-0.4860000014305115,-0.3555386960506439,0.30397525429725647,0.10700000077486038,0.16110239923000336,-0.43121466040611267,-0.24313651025295258,-0.09378531575202942,0.6833657622337341,-0.25233331322669983,0.13199999928474426,-0.07599999755620956,-0.04872014373540878,-0.41772106289863586,-0.800000011920929,-0.5110946297645569,-0.5681838393211365,0.800000011920929,0.6833525896072388,0
0,0.014999999664723873,0.24131485152322094,0.04274313151836395,0.013509867712855339,-0.0005780351930297911,0.9989945888519287,-0.0018983593909069896,-0.5,-0.35480520129203796,0.3137674927711487,0.10999999940395355,0.1652783453464508,-0.43510088324546814,-0.24437806010246277,-0.09055399894714355,0.6893744468688965,-0.25999999046325684,0.10999999940395355,-0.07999999821186066,-0.048478346318006516,-0.42234715819358826,-0.800000011920929,-0.5137953758239746,-0.5689083337783813,0.800000011920929,0.6822359561920166,0
0,0.014634146355092525,0.24100505638200084,0.041701413691043854,0.013180959038436413,-0.0005501911509782076,0.9990430474281311,-0.00016092642908915877,-0.49024391174316406,-0.36429286003112793,0.31561386585235596,0.10487804561853409,0.16393008828163147,-0.4415004849433899,-0.22776634991168976,-0.08698950707912445,0.6920669674873352,-0.25272879004478455,0.13376905024051666,-0.07453475147485733,-0.04173661395907402,-0.42513057589530945,-0.800000011920929,-0.5056072473526001,-0.5726426839828491,0.800000011920929,0.6899782419204712,0
0,0.014268292114138603,0.24102195429879467,0.04065963253378868,0.01285200659185648,-0.0005230336682870984,0.9990902543067932,-0.0016364323673769832,-0.48048779368400574,-0.35923877358436584,0.3159066140651703,0.09975609928369522,0.16258184611797333,-0.44606152176856995,-0.23144251108169556,-0.08124816417694092,0.7046142220497131,-0.24545757472515106,0.12753811478614807,-0.069069504737854,-0.03818880394101143,-0.43298813700675964,-0.800000011920929,-0.5142980217933655,-0.5742283463478088,0.800000011920929,0.6814249157905579,0
0,0.013902438804507256,0.24110143709260265,0.03961779922246933,0.012523009441792965,-0.0004965629777871072,0.9991363286972046,0.00046176183968782425,-0.4707317054271698,-0.3627058267593384,0.3126523494720459,0.09463414549827576,0.161233589053154,-0.447488009929657,-0.2256195992231369,-0.07958296686410904,0.7011593580245972,-0.23818635940551758,0.12130716443061829,-0.06360425055027008,-0.03878079354763031,-0.4365592896938324,-0.800000011920929,-0.5092526078224182,-0.5745874643325806,0.800000011920929,0.6828237771987915,0
0,0.013536585494875908,0.24127296435910503,0.0385759063065052,0.012193971313536167,-0.0004707789630629122,0.9991811513900757,0.000904396059922874,-0.46097561717033386,-0.3624361753463745,0.30947989225387573,0.08951219171285629,0.15988533198833466,-0.447004109621048,-0.22294071316719055,-0.07719802111387253,0.6976343393325806,-0.2309151589870453,0.1150762215256691,-0.05813900753855705,-0.03789660707116127,-0.4418562650680542,-0.800000011920929,-0.5093185901641846,-0.5740671753883362,0.800000011920929,0.6773983836174011,0
0,0.013170731253921986,0.24147401082593242,0.0375339612364769,0.011864891275763512,-0.00044568185694515705,0.999224841594696,-0.00032323820050805807,-0.45121949911117554,-0.3597185015678406,0.3075319528579712,0.08439024537801743,0.1585370898246765,-0.4454147517681122,-0.22012706100940704,-0.07338497042655945,0.6936445832252502,-0.2236439436674118,0.10884527862071991,-0.05267375707626343,-0.03619411587715149,-0.4464164674282074,-0.800000011920929,-0.5097993016242981,-0.5728452801704407,0.800000011920929,0.6703976988792419,0
0,0.012804877944290638,0.24171664643365184,0.036491960287094116,0.011535771191120148,-0.00042127157212235034,0.9992672801017761,-0.0033408247400075197,-0.4414634108543396,-0.35563722252845764,0.30741655826568604,0.07926829159259796,0.15718883275985718,-0.44274502992630005,-0.21618951857089996,-0.07031155377626419,0.6887428760528564,-0.21637274324893951,0.10261432826519012,-0.0472085103392601,-0.03399724140763283,-0.45127177238464355,-0.800000011920929,-0.5108437538146973,-0.5723764300346375,0.800000011920929,0.6613006591796875,0
0,0.012439023703336716,0.2419560633905534,0.035449910908937454,0.01120661199092865,-0.00039754825411364436,0.9993085265159607,-0.01238923892378807,-0.43170732259750366,-0.34337317943573,0.3160163462162018,0.0741463378071785,0.15584057569503784,-0.4358367919921875,-0.21640422940254211,-0.06576342135667801,0.6879271864891052,-0.20910152792930603,0.09638338536024094,-0.041743263602256775,-0.02709595113992691,-0.4577890634536743,-0.800000011920929,-0.5180455446243286,-0.572670578956604,0.800000011920929,0.6413609385490417,0
0,0.012073170393705368,0.2422084443576936,0.034407809376716614,0.010877415537834167,-0.00037451196112670004,0.9993485808372498,-0.01898365467786789,-0.4219512343406677,-0.33456939458847046,0.32089707255363464,0.06902439147233963,0.1544923335313797,-0.43064820766448975,-0.21013197302818298,-0.062094107270240784,0.6816356182098389,-0.20183032751083374,0.09015244245529175,-0.03627801313996315,-0.023943686857819557,-0.46239954233169556,-0.800000011920929,-0.5176100730895996,-0.5712392330169678,0.800000011920929,0.6293153762817383,0
0,0.01170731708407402,0.24255364465791027,0.03336565941572189,0.010548182763159275,-0.00035216278047300875,0.9993875026702881,-0.025126248598098755,-0.4121951162815094,-0.32845252752304077,0.3232182264328003,0.06390243768692017,0.15314407646656036,-0.4232575595378876,-0.2030930519104004,-0.060048412531614304,0.668550431728363,-0.19455911219120026,0.08392149955034256,-0.030812766402959824,-0.02028057910501957,-0.4615493714809418,-0.800000011920929,-0.5149340033531189,-0.5710185766220093,0.800000011920929,0.6128806471824646,0
0,0.011341462843120098,0.2432225279815797,0.03232346102595329,0.010218913666903973,-0.0003305006248410791,0.9994251728057861,-0.032213691622018814,-0.40243902802467346,-0.3076793849468231,0.3250177502632141,0.058780487626791,0.15179581940174103,-0.4090596139431,-0.21496020257472992,-0.059824150055646896,0.6582430005073547,-0.18728789687156677,0.07769054919481277,-0.025347517803311348,-0.023070676252245903,-0.46570777893066406,-0.800000011920929,-0.5237241983413696,-0.5634754300117493,0.800000011920929,0.5802931785583496,0
0,0.01097560953348875,0.24350143301564495,0.03128122165799141,0.009889611043035984,-0.0003095257270615548,0.9994616508483887,-0.0339137427508831,-0.3926829397678375,-0.30792203545570374,0.32632073760032654,0.053658537566661835,0.1504475623369217,-0.4036596715450287,-0.20224648714065552,-0.05773003026843071,0.645835280418396,-0.18001669645309448,0.07145960628986359,-0.019882269203662872,-0.02336183562874794,-0.4642223119735718,-0.800000011920929,-0.5159946084022522,-0.5644165873527527,0.800000011920929,0.571376383304596,0
0,0.010609756223857403,0.24408734667378704,0.030238933861255646,0.009560273960232735,-0.00028923797071911395,0.9994969367980957,-0.042597122490406036,-0.3829268217086792,-0.29576459527015686,0.32704660296440125,0.04853658378124237,0.14909932017326355,-0.3863454759120941,-0.19457116723060608,-0.05693979561328888,0.6212556958198547,-0.172745481133461,0.0652286633849144,-0.014417022466659546,-0.019375184550881386,-0.463184654712677,-0.800000011920929,-0.5144528746604919,-0.5673131346702576,0.800000011920929,0.5477051138877869,0
0,0.01024390198290348,0.24457705843526165,0.02919660322368145,0.009230905212461948,-0.00026963750133290887,0.9995310306549072,-0.04852132126688957,-0.37317073345184326,-0.2862373888492584,0.3276396691799164,0.043414633721113205,0.1477510631084442,-0.3715572655200958,-0.18079008162021637,-0.05332259088754654,0.5964137315750122,-0.1654742807149887,0.05899771675467491,-0.00895177386701107,-0.017695704475045204,-0.45924338698387146,-0.800000011920929,-0.5075459480285645,-0.5645936727523804,0.800000011920929,0.5306357741355896,0
0,0.009878048673272133,0.2454934500463609,0.02815423347055912,0.008901504799723625,-0.00025072437711060047,0.9995639324188232,-0.053464457392692566,-0.3634146451950073,-0.27720797061920166,0.3248690068721771,0.03829268366098404,0.14640280604362488,-0.3508925437927246,-0.16556063294410706,-0.050714053213596344,0.5633238554000854,-0.15820306539535522,0.052766770124435425,-0.0034865261986851692,-0.0132750878110528,-0.45464593172073364,-0.800000011920929,-0.5026499629020691,-0.5605417490005493,0.800000011920929,0.511026918888092,0
0,0.009512195363640785,0.24640231657105724,0.027111822739243507,0.008572075515985489,-0.00023249859805218875,0.9995956420898438,-0.05699813738465309,-0.353658527135849,-0.26690056920051575,0.3207222521305084,0.033170729875564575,0.14505456387996674,-0.32930248975753784,-0.1468910127878189,-0.04684395343065262,0.5288291573524475,-0.15093186497688293,0.04653582721948624,0.001978721935302019,-0.010009574703872204,-0.45251697301864624,-0.800000011920929,-0.49548593163490295,-0.5558881163597107,0.800000011920929,0.4891238212585449,0
0,0.009146341122686863,0.24739680516797344,0.02606937289237976,0.008242616429924965,-0.0002149602078134194,0.9996261596679688,-0.054193999618291855,-0.34390243887901306,-0.2617083191871643,0.3083382546901703,0.02804877981543541,0.1437063068151474,-0.3079864978790283,-0.12954962253570557,-0.04464469850063324,0.49206486344337463,-0.14366064965724945,0.04030488058924675,0.0074439700692892075,-0.009011231362819672,-0.44836491346359253,-0.800000011920929,-0.4852203130722046,-0.5508931875228882,0.800000011920929,0.46859800815582275,0
0,0.008780487813055515,0.24838615286427776,0.02502688765525818,0.007913129404187202,-0.00019810923549812287,0.9996554255485535,-0.0520356260240078,-0.3341463506221771,-0.25731706619262695,0.29631078243255615,0.022926827892661095,0.14235804975032806,-0.28364241123199463,-0.10932596027851105,-0.04059246927499771,0.4502166509628296,-0.13638944923877716,0.03407393768429756,0.012909217737615108,-0.0073839412070810795,-0.4453071355819702,-0.800000011920929,-0.4780281186103821,-0.5479652285575867,0.800000011920929,0.44801560044288635,0
0,0.008414633572101593,0.24934405911046306,0.023984365165233612,0.007583616301417351,-0.00018194578296970576,0.9996835589408875,-0.04858960211277008,-0.3243902325630188,-0.24979554116725922,0.28035613894462585,0.01780487783253193,0.14100980758666992,-0.2586744427680969,-0.09108429402112961,-0.03639134392142296,0.40570101141929626,-0.12911823391914368,0.027842992916703224,0.01837446540594101,-0.005620892625302076,-0.44194310903549194,-0.800000011920929,-0.4676836133003235,-0.5403986573219299,0.800000011920929,0.4282894432544708,0
0,0.008048780262470245,0.25022009837704934,0.02294181101024151,0.00725407712161541,-0.00016646983567625284,0.9997104406356812,-0.044098298996686935,-0.31463414430618286,-0.2464781254529953,0.2612939178943634,0.012682925909757614,0.13966155052185059,-0.2349272221326828,-0.07430111616849899,-0.033244259655475616,0.3598114252090454,-0.12184702605009079,0.021612048149108887,0.023839714005589485,-0.003244639141485095,-0.4394662380218506,-0.800000011920929,-0.4615836441516876,-0.5320616364479065,0.800000011920929,0.4052591025829315,0
0,0.00768292648717761,0.25099758136349953,0.02189922332763672,0.006924514193087816,-0.00015168148092925549,0.9997361898422241,-0.03839940205216408,-0.3048780560493469,-0.24166527390480042,0.24258628487586975,0.0075609744526445866,0.13831329345703125,-0.21196185052394867,-0.055777374655008316,-0.028750773519277573,0.3184451162815094,-0.1145758181810379,0.015381102450191975,0.02930496260523796,-0.0028012993279844522,-0.43079501390457153,-0.800000011920929,-0.4511164724826813,-0.515945315361023,0.800000011920929,0.3825870454311371,0
0,0.007317073177546263,0.2516303144701127,0.020856603980064392,0.006594927050173283,-0.00013758068962488323,0.9997606873512268,-0.03403787687420845,-0.2951219379901886,-0.23837581276893616,0.22642163932323456,0.0024390232283622026,0.1369650512933731,-0.194107785820961,-0.03727421164512634,-0.021289115771651268,0.2859460711479187,-0.10730461031198502,0.009150157682597637,0.03477020934224129,-0.0020006471313536167,-0.42656049132347107,-0.800000011920929,-0.4424304962158203,-0.5004063248634338,0.800000011920929,0.36405807733535767,0
0,0.006951219402253628,0.2522335730798844,0.019813956692814827,0.0062653180211782455,-0.00012416754907462746,0.9997840523719788,-0.030151424929499626,-0.28536584973335266,-0.23374629020690918,0.20895324647426605,-0.0026829279959201813,0.13561679422855377,-0.17470717430114746,-0.020044628530740738,-0.015144280157983303,0.24871204793453217,-0.10003340244293213,0.002919212682172656,0.04023545980453491,-0.0015138742746785283,-0.4209595024585724,-0.800000011920929,-0.4340587556362152,-0.4839763939380646,0.800000011920929,0.34542545676231384,0
0,0.006585365626960993,0.2527611337907914,0.018771279603242874,0.005935687571763992,-0.00011144203745061532,0.9998061656951904,-0.024087894707918167,-0.2756097614765167,-0.23043093085289001,0.1920253187417984,-0.0078048789873719215,0.13426853716373444,-0.15440651774406433,-0.0016851139953359962,-0.0050082942470908165,0.21344134211540222,-0.09276218712329865,-0.0033117320854216814,0.04570070654153824,-0.000877628568559885,-0.4122414290904999,-0.800000011920929,-0.42340847849845886,-0.4619443118572235,0.800000011920929,0.3238142430782318,0
0,0.006219511851668358,0.2531785153158311,0.01772857829928398,0.0056060380302369595,-0.0000994042566162534,0.9998270869255066,-0.01955237425863743,-0.2658536732196808,-0.22932279109954834,0.1763552874326706,-0.012926829978823662,0.1329202950000763,-0.13737370073795319,0.013969089835882187,0.0034935229923576117,0.18100883066654205,-0.08549097925424576,-0.00954267755150795,0.051165953278541565,-0.0013988105347380042,-0.4081348776817322,-0.800000011920929,-0.4147630035877228,-0.4450109899044037,0.800000011920929,0.30693918466567993,0
0,0.00585365854203701,0.2535659753091935,0.01668584905564785,0.00527636893093586,-0.00008805417746771127,0.999846875667572,-0.019204415380954742,-0.25609755516052246,-0.22696848213672638,0.16625437140464783,-0.018048781901597977,0.13157203793525696,-0.1221233680844307,0.029324492439627647,0.01257325243204832,0.1497010439634323,-0.07821977138519287,-0.015773622319102287,0.05663120374083519,-0.0021708521526306868,-0.4041261374950409,-0.800000011920929,-0.40876269340515137,-0.43260458111763,0.800000011920929,0.2957616150379181,0
0,0.005487804766744375,0.25387898910123147,0.015643097460269928,0.004946681670844555,-0.00007739183638477698,0.9998654127120972,-0.018041200935840607,-0.24634146690368652,-0.22573651373386383,0.15727047622203827,-0.023170731961727142,0.13022378087043762,-0.10752356797456741,0.04395550861954689,0.021182797849178314,0.12259919941425323,-0.07094856351613998,-0.022004567086696625,0.062096450477838516,-0.0018366461154073477,-0.4009389877319336,-0.800000011920929,-0.4042324423789978,-0.41997793316841125,0.800000011920929,0.28565558791160583,0
0,0.00512195099145174,0.25413192141133584,0.014600325375795364,0.004616978112608194,-0.00006741728429915383,0.9998827576637268,-0.016591966152191162,-0.2365853637456894,-0.225335955619812,0.14852483570575714,-0.028292683884501457,0.12887553870677948,-0.09644785523414612,0.05671561881899834,0.028285425156354904,0.1008622944355011,-0.0636773556470871,-0.028235511854290962,0.06756170094013214,-0.0025286837480962276,-0.39748987555503845,-0.800000011920929,-0.40301045775413513,-0.413541704416275,0.800000011920929,0.28229787945747375,0
0,0.004756097681820393,0.25434846508580483,0.01355753093957901,0.004287259187549353,-0.000058130521210841835,0.9998989105224609,-0.015869786962866783,-0.22682927548885345,-0.2254565954208374,0.14189311861991882,-0.03341463580727577,0.12752728164196014,-0.08583910763263702,0.06716448813676834,0.03313206136226654,0.07981844246387482,-0.05640614777803421,-0.0344664566218853,0.07302694767713547,-0.0031820752192288637,-0.3946530222892761,-0.800000011920929,-0.40244191884994507,-0.4109254479408264,0.800000011920929,0.27982771396636963,0
0,0.004390243906527758,0.2545147024400834,0.012514717876911163,0.003957525361329317,-0.000049531576223671436,0.9999138712882996,-0.01545015163719654,-0.21707317233085632,-0.2260085791349411,0.1364973783493042,-0.03853658586740494,0.1261790245771408,-0.07731540501117706,0.07673468440771103,0.036935754120349884,0.06370042264461517,-0.04913493990898132,-0.040697403252124786,0.0784921944141388,-0.003386623691767454,-0.3944108784198761,-0.800000011920929,-0.40180492401123047,-0.40926292538642883,0.800000011920929,0.27962034940719604,0
0,0.004024390131235123,0.2546377264268998,0.011471886187791824,0.0036277789622545242,-0.00004162047480349429,0.9999276399612427,-0.014770415611565113,-0.2073170691728592,-0.22535032033920288,0.13212795555591583,-0.0436585396528244,0.12483077496290207,-0.07130280137062073,0.08427639305591583,0.03872714564204216,0.05107058212161064,-0.04186372831463814,-0.046928346157073975,0.08395744115114212,-0.003982949536293745,-0.39301174879074097,-0.800000011920929,-0.4021720588207245,-0.41223835945129395,0.800000011920929,0.27941828966140747,0
0,0.0036585365887731314,0.2547096096284989,0.010429039597511292,0.0032980195246636868,-0.000034397227864246815,0.9999401569366455,-0.013543297536671162,-0.19756098091602325,-0.22731716930866241,0.12886585295200348,-0.04878048971295357,0.12348252534866333,-0.06692548841238022,0.09275519102811813,0.04027659446001053,0.042511727660894394,-0.03459252044558525,-0.05315929278731346,0.08942268788814545,-0.004044627770781517,-0.390699565410614,-0.800000011920929,-0.4016178846359253,-0.41127631068229675,0.800000011920929,0.27819496393203735,0
0,0.0032926828134804964,0.2548055731065873,0.00938617717474699,0.002968249376863241,-0.00002786185905279126,0.9999515414237976,-0.014043325558304787,-0.18780487775802612,-0.22692349553108215,0.12815631926059723,-0.05390243977308273,0.122134268283844,-0.06357886642217636,0.09958139806985855,0.040260590612888336,0.03755026310682297,-0.027321312576532364,-0.05939023569226265,0.09488793462514877,-0.0043368227779865265,-0.39462849497795105,-0.800000011920929,-0.4049057066440582,-0.4159654974937439,0.800000011920929,0.2803654074668884,0
0,0.002926829271018505,0.2548625551469926,0.008343302644789219,0.002638468984514475,-0.000022014384740032256,0.9999617338180542,-0.016056669875979424,-0.178048774600029,-0.22615447640419006,0.13031119108200073,-0.0590243898332119,0.12078601866960526,-0.061219193041324615,0.10585732012987137,0.042028795927762985,0.03461545333266258,-0.020050104707479477,-0.06562118232250214,0.1003531888127327,-0.00323988264426589,-0.3954298496246338,-0.800000011920929,-0.4068114757537842,-0.4190583825111389,0.800000011920929,0.28262120485305786,0
0,0.00256097549572587,0.25483764040547646,0.00730041554197669,0.0023086797446012497,-0.000016854812201927416,0.9999706745147705,-0.01833980716764927,-0.16829268634319305,-0.2265729010105133,0.13436844944953918,-0.06414633989334106,0.11943776905536652,-0.059102632105350494,0.11273583024740219,0.042869873344898224,0.033202532678842545,-0.01277889497578144,-0.07185212522745132,0.10581843554973602,-0.003028642851859331,-0.3970499336719513,-0.800000011920929,-0.4077281951904297,-0.41880306601524353,0.800000011920929,0.2814007103443146,0
0,0.002195121953263879,0.2548363291032914,0.006257518194615841,0.001978882821276784,-0.000012383158718876075,0.9999784827232361,-0.020467931404709816,-0.15853658318519592,-0.22647321224212646,0.13713018596172333,-0.06926829367876053,0.11808951199054718,-0.057666465640068054,0.11822523176670074,0.04517750442028046,0.0314815491437912,-0.0055076866410672665,-0.07808306813240051,0.11128368228673935,-0.0027665470261126757,-0.39880433678627014,-0.800000011920929,-0.41038960218429565,-0.42215755581855774,0.800000011920929,0.2814902663230896,0
0,0.0018292682943865657,0.2548182092912797,0.005214611999690533,0.001649079262278974,-0.000008599434295319952,0.9999850392341614,-0.021858857944607735,-0.14878049492835999,-0.22566412389278412,0.13986483216285706,-0.07439024746417999,0.11674126237630844,-0.05473688244819641,0.12435296177864075,0.047040026634931564,0.02853705920279026,0.001763522275723517,-0.0843140184879303,0.11674892902374268,-0.004613611847162247,-0.3995975852012634,-0.800000011920929,-0.41013476252555847,-0.42080625891685486,0.800000011920929,0.27999788522720337,0
0,0.0014634146355092525,0.25476840961056985,0.0041716983541846275,0.0013192701153457165,-0.000005503647116711363,0.9999904036521912,-0.022987477481365204,-0.13902439177036285,-0.22715772688388824,0.14242160320281982,-0.07951219379901886,0.1153930053114891,-0.053226158022880554,0.1300736367702484,0.04962185025215149,0.027213668450713158,0.00903473049402237,-0.09054496139287949,0.122214175760746,-0.006143509875983,-0.4016406238079071,-0.800000011920929,-0.41252630949020386,-0.4215719699859619,0.800000011920929,0.27918070554733276,0
0,0.0010975609766319394,0.2547194145925645,0.003128778887912631,0.0009894565446302295,-0.0000030958058232499752,0.9999946355819702,-0.025161512196063995,-0.12926828861236572,-0.22795820236206055,0.14659808576107025,-0.08463414758443832,0.11404475569725037,-0.05224127694964409,0.1353149265050888,0.051410529762506485,0.026891101151704788,0.016305940225720406,-0.09677590429782867,0.12767942249774933,-0.008113797754049301,-0.40548819303512573,-0.800000011920929,-0.41492322087287903,-0.42405515909194946,0.800000011920929,0.27982181310653687,0
0,0.0007317073177546263,0.2545893572576646,0.002085854997858405,0.0006596395396627486,-0.0000013759146213487838,0.999997615814209,-0.028132230043411255,-0.11951219290494919,-0.22909516096115112,0.15369099378585815,-0.08975610136985779,0.11269650608301163,-0.05210481956601143,0.14198441803455353,0.0535091906785965,0.02851458080112934,0.023577148094773293,-0.10300684720277786,0.13314467668533325,-0.010347469709813595,-0.4070985019207001,-0.800000011920929,-0.41712355613708496,-0.42541587352752686,0.800000011920929,0.2809481918811798,0
0,0.00036585365887731314,0.25447530376988686,0.0010429283138364553,0.0003298202937003225,-3.4397857007206767e-7,0.9999994039535522,-0.033463336527347565,-0.10975609719753265,-0.22739501297473907,0.16332696378231049,-0.09487804770469666,0.11134824901819229,-0.0523097850382328,0.14847777783870697,0.05650698021054268,0.030942656099796295,0.03084835782647133,-0.10923779755830765,0.13860991597175598,-0.011681764386594296,-0.4101105034351349,-0.800000011920929,-0.4218399226665497,-0.42821457982063293,0.800000011920929,0.2836691439151764,0
0,0,0.2543056391485337,1.3085156904049423e-39,9.984026372662429e-21,0,1,-0.03747596591711044,-0.10000000149011612,-0.22578434646129608,0.17371012270450592,-0.10000000149011612,0.10999999940395355,-0.05074005573987961,0.15598168969154358,0.05743331089615822,0.03379298001527786,0.038119565695524216,-0.11546874046325684,0.1440751701593399,-0.013450211845338345,-0.41356369853019714,-0.800000011920929,-0.4229811429977417,-0.431021511554718,0.800000011920929,0.28435826301574707,0
0,-0.00033333332976326346,0.25415781962949074,0.0005043476703576744,0.0001445365051040426,-7.289657588671616e-8,0.9999998807907104,-0.04495054483413696,-0.09766296297311783,-0.22281350195407867,0.1867644488811493,-0.10466666519641876,0.10644444078207016,-0.05058213323354721,0.16172775626182556,0.05936159938573837,0.036922942847013474,0.042383573949337006,-0.11528519541025162,0.1417623907327652,-0.014821920543909073,-0.4173600673675537,-0.800000011920929,-0.4271894097328186,-0.4361940920352936,0.800000011920929,0.2881186306476593,0
0,-0.0006666666595265269,0.25396645891743935,0.001008695224300027,0.0002890729228965938,-2.9158647407712124e-7,0.999999463558197,-0.053233928978443146,-0.09532593190670013,-0.22018179297447205,0.2014336735010147,-0.109333336353302,0.10288888961076736,-0.04980839043855667,0.16906952857971191,0.06555666774511337,0.04035269469022751,0.046647585928440094,-0.11649322509765625,0.1394496113061905,-0.015924623236060143,-0.4233841896057129,-0.800000011920929,-0.4320420026779175,-0.4380534291267395,0.800000011920929,0.2904672920703888,0
0,-0.0009999999310821295,0.2537664853342179,0.001513042370788753,0.0004336090642027557,-6.560694032486936e-7,0.9999987483024597,-0.06160246580839157,-0.09298889338970184,-0.21715734899044037,0.21541520953178406,-0.11400000005960464,0.09933333098888397,-0.048191022127866745,0.17505066096782684,0.07114143669605255,0.04110237583518028,0.050911594182252884,-0.11755049973726273,0.13713683187961578,-0.017299730330705643,-0.43172600865364075,-0.800000011920929,-0.4372102618217468,-0.4440554678440094,0.800000011920929,0.292460560798645,0
0,-0.0013333333190530539,0.2535611473329667,0.002017389051616192,0.0005781448562629521,-0.0000011663453278742963,0.9999977946281433,-0.0702861100435257,-0.09065186232328415,-0.21133363246917725,0.2272333800792694,-0.11866667121648788,0.09577777981758118,-0.04711851477622986,0.1807621568441391,0.0767088234424591,0.04282011464238167,0.05517560616135597,-0.11875741183757782,0.13482403755187988,-0.018318887799978256,-0.44185298681259155,-0.800000011920929,-0.4456786513328552,-0.44896265864372253,0.800000011920929,0.29393309354782104,0
0,-0.0016666665906086564,0.25331781137067116,0.0025217351503670216,0.000722680299077183,-0.0000018224141058453824,0.999996542930603,-0.07835929840803146,-0.08831482380628586,-0.20656155049800873,0.23882238566875458,-0.12333333492279053,0.09222222119569778,-0.04665188491344452,0.18596407771110535,0.08369165658950806,0.04576537385582924,0.05943961441516876,-0.12105506658554077,0.13251125812530518,-0.020109359174966812,-0.4511425495147705,-0.800000011920929,-0.45605167746543884,-0.4539339542388916,0.800000011920929,0.29503920674324036,0
0,-0.001999999862164259,0.25304365980702676,0.0030260803177952766,0.000867215043399483,-0.000002624274884510669,0.9999950528144836,-0.08631880581378937,-0.08597779273986816,-0.20140910148620605,0.25277456641197205,-0.12800000607967377,0.08866666257381439,-0.04475174844264984,0.1921345293521881,0.09390737116336823,0.05032579228281975,0.06370362639427185,-0.12483365088701248,0.13019847869873047,-0.02011748030781746,-0.45943090319633484,-0.800000011920929,-0.46771112084388733,-0.4592723250389099,0.800000011920929,0.29622170329093933,0
0,-0.0023333332501351833,0.2527954958685044,0.0035304247867316008,0.0010117492638528347,-0.0000035719281186175067,0.9999932646751404,-0.09388131648302078,-0.08364075422286987,-0.19635754823684692,0.2651969790458679,-0.1326666623353958,0.0851111114025116,-0.0432441271841526,0.19945938885211945,0.10396070778369904,0.054334256798028946,0.06796763092279434,-0.12808933854103088,0.12788569927215576,-0.020435089245438576,-0.4700016379356384,-0.800000011920929,-0.4788051247596741,-0.4645718038082123,0.800000011920929,0.2979688048362732,0
0,-0.0026666666381061077,0.2525456033952836,0.004034767858684063,0.001156282494775951,-0.000004665371761802817,0.9999911785125732,-0.10018375515937805,-0.08130372315645218,-0.1910223364830017,0.2768538296222687,-0.13733333349227905,0.0815555527806282,-0.04212654009461403,0.20660750567913055,0.11141159385442734,0.059119705110788345,0.07223164290189743,-0.12997323274612427,0.12557291984558105,-0.020086294040083885,-0.4788665175437927,-0.800000011920929,-0.4915505647659302,-0.46628180146217346,0.800000011920929,0.29704853892326355,0
0,-0.003000000026077032,0.25225550758916176,0.004539109766483307,0.0013008150272071362,-0.000005904607405682327,0.999988853931427,-0.10776986181735992,-0.07896668463945389,-0.18501023948192596,0.28924593329429626,-0.1420000046491623,0.07800000160932541,-0.04046940058469772,0.2121511697769165,0.11843451857566833,0.06296118348836899,0.07649565488100052,-0.1333349347114563,0.12326013296842575,-0.018135916441679,-0.48730993270874023,-0.800000011920929,-0.5054324269294739,-0.4713631570339203,0.800000011920929,0.295350044965744,0
0,-0.003333333181217313,0.2520037375696305,0.005043450277298689,0.0014453462790697813,-0.000007289631412277231,0.9999862313270569,-0.1160326823592186,-0.0766296461224556,-0.17719541490077972,0.302083283662796,-0.14666667580604553,0.07444444298744202,-0.03877633437514305,0.2179371565580368,0.1292174607515335,0.06659215688705444,0.08075965940952301,-0.1362399011850357,0.12094735354185104,-0.015032093040645123,-0.49592453241348267,-0.800000011920929,-0.5182929039001465,-0.47451427578926086,0.800000011920929,0.2943046987056732,0
0,-0.003666666569188237,0.2517225228555802,0.005547789391130209,0.0015898767160251737,-0.000008820447874313686,0.9999833703041077,-0.12576594948768616,-0.0742926150560379,-0.1713571846485138,0.3168022930622101,-0.15133333206176758,0.07088889181613922,-0.03816729038953781,0.22279438376426697,0.13791711628437042,0.07157871127128601,0.0850236713886261,-0.13765501976013184,0.11863457411527634,-0.011552688665688038,-0.5017812848091125,-0.800000011920929,-0.5346440076828003,-0.4708150327205658,0.800000011920929,0.29155057668685913,0
0,-0.003999999724328518,0.25136984217244424,0.0060521261766552925,0.0017344056395813823,-0.000010497049515834078,0.9999802112579346,-0.1352863609790802,-0.07195557653903961,-0.16297681629657745,0.33156317472457886,-0.15600000321865082,0.06733333319425583,-0.038430649787187576,0.22860336303710938,0.1481957882642746,0.07871756702661514,0.08928768336772919,-0.1413482427597046,0.11632179468870163,-0.007013076916337013,-0.5083709359169006,-0.800000011920929,-0.5501378178596497,-0.46796396374702454,0.800000011920929,0.28876161575317383,0
0,-0.004333333112299442,0.25099314081746377,0.006556461565196514,0.0018789333989843726,-0.000012319440429564565,0.9999767541885376,-0.1443498432636261,-0.06961854547262192,-0.15689262747764587,0.34595203399658203,-0.16066667437553406,0.06377777457237244,-0.03995181620121002,0.2351071983575821,0.15582583844661713,0.08532706648111343,0.09355169534683228,-0.14378099143505096,0.11400900781154633,-0.002797831082716584,-0.5138351917266846,-0.800000011920929,-0.566524863243103,-0.4648536145687103,0.800000011920929,0.284944623708725,0
0,-0.004666666500270367,0.2506072305448655,0.007060794625431299,0.002023459644988179,-0.000014287616068031639,0.9999729990959167,-0.15592406690120697,-0.06728150695562363,-0.14655405282974243,0.36436402797698975,-0.1653333306312561,0.06022222340106964,-0.03958604112267494,0.2436142861843109,0.16827693581581116,0.09336115419864655,0.09781569987535477,-0.14634571969509125,0.11169622838497162,0.004718422889709473,-0.5195556282997131,-0.800000011920929,-0.5843697190284729,-0.46115726232528687,0.800000011920929,0.2840249836444855,0
0,-0.004999999888241291,0.2501345061071519,0.007565125357359648,0.0021679841447621584,-0.000016401578250224702,0.9999690055847168,-0.16864830255508423,-0.06494447588920593,-0.14045152068138123,0.3849940299987793,-0.17000000178813934,0.05666666477918625,-0.03982863575220108,0.25076600909233093,0.17645807564258575,0.1006610319018364,0.10207971185445786,-0.14788417518138885,0.10938344895839691,0.010881330817937851,-0.520275890827179,-0.800000011920929,-0.601526141166687,-0.4529050290584564,0.800000011920929,0.2807781994342804,0
0,-0.005333333276212215,0.2497068129785661,0.00806945376098156,0.002312507014721632,-0.00001866132515715435,0.9999647736549377,-0.17867273092269897,-0.06260743737220764,-0.133989617228508,0.4027734696865082,-0.17466667294502258,0.053111109882593155,-0.040100134909152985,0.2585850954055786,0.18546393513679504,0.10745258629322052,0.10634372383356094,-0.15056973695755005,0.10707066208124161,0.015819046646356583,-0.5232604146003723,-0.800000011920929,-0.614127516746521,-0.44775742292404175,0.800000011920929,0.2777234613895416,0
0,-0.00566666666418314,0.2492557846315507,0.008573779836297035,0.0024570280220359564,-0.000021066854969831184,0.9999602437019348,-0.19031275808811188,-0.06027040258049965,-0.126420795917511,0.42014238238334656,-0.17933332920074463,0.04955555498600006,-0.04008983448147774,0.2645879089832306,0.19562526047229767,0.11369235813617706,0.11060772836208344,-0.15336376428604126,0.1047578826546669,0.021764297038316727,-0.5263795852661133,-0.800000011920929,-0.6280732154846191,-0.4384962320327759,0.800000011920929,0.27298834919929504,0
0,-0.006000000052154064,0.24881444203931133,0.009078103117644787,0.0026015471667051315,-0.000023618165869265795,0.999955415725708,-0.2003088891506195,-0.057933367788791656,-0.12048240005970001,0.43607643246650696,-0.18400000035762787,0.04600000008940697,-0.039922114461660385,0.2717595398426056,0.2066972702741623,0.11769449710845947,0.11487174034118652,-0.15791958570480347,0.1024451032280922,0.027610648423433304,-0.5304534435272217,-0.800000011920929,-0.6433967351913452,-0.43325328826904297,0.800000011920929,0.2688003480434418,0
0,-0.006333332974463701,0.24837992417889873,0.009582423605024815,0.0027460644487291574,-0.000026315257855458185,0.9999502897262573,-0.21078146994113922,-0.055596332997083664,-0.1118202656507492,0.45129507780075073,-0.1886666715145111,0.04244444519281387,-0.038039661943912506,0.27856501936912537,0.21812622249126434,0.1200360506772995,0.11913575232028961,-0.16067200899124146,0.10013232380151749,0.033415667712688446,-0.5334186553955078,-0.800000011920929,-0.6551175117492676,-0.4248826801776886,0.800000011920929,0.2632632255554199,0
0,-0.006666666362434626,0.24805129396992961,0.010086740367114544,0.002890579402446747,-0.000029158125471440144,0.9999449253082275,-0.2188480645418167,-0.05325929820537567,-0.11024266481399536,0.4596388638019562,-0.19333332777023315,0.03888888657093048,-0.03739320859313011,0.2832943797111511,0.23153644800186157,0.11962846666574478,0.1233997642993927,-0.16511262953281403,0.09781953692436218,0.03809233382344246,-0.5359068512916565,-0.800000011920929,-0.6679431200027466,-0.4181381165981293,0.800000011920929,0.2564328908920288,0
0,-0.00699999975040555,0.24762655127126018,0.010591055266559124,0.0030350920278578997,-0.00003214677781215869,0.9999393224716187,-0.22634783387184143,-0.05092225968837738,-0.10501912236213684,0.4673261344432831,-0.1979999989271164,0.03533333167433739,-0.03603297844529152,0.28873708844184875,0.24326813220977783,0.11987928301095963,0.1276637762784958,-0.16992323100566864,0.09550675749778748,0.04261230677366257,-0.5403178334236145,-0.800000011920929,-0.6792556643486023,-0.4098316729068756,0.800000011920929,0.2490161955356598,0
0,-0.007333333138376474,0.24720806706029216,0.011095365509390831,0.0031796025577932596,-0.00003528119850670919,0.9999333620071411,-0.23294241726398468,-0.04858522489666939,-0.10007388144731522,0.47622033953666687,-0.20266667008399963,0.03177777677774429,-0.03470061719417572,0.29493051767349243,0.25125792622566223,0.12059066444635391,0.13192777335643768,-0.17506934702396393,0.09319397807121277,0.046070318669080734,-0.5433141589164734,-0.7997079491615295,-0.6900500655174255,-0.4047873914241791,0.800000011920929,0.2425268143415451,0
0,-0.007666666526347399,0.2468279384382371,0.011599672958254814,0.0033241102937608957,-0.00003856140028801747,0.9999272227287292,-0.2383732795715332,-0.046248190104961395,-0.09482315927743912,0.48486801981925964,-0.20733334124088287,0.0282222218811512,-0.034093912690877914,0.30086562037467957,0.25826019048690796,0.12118954211473465,0.13619178533554077,-0.18010859191417694,0.09088119119405746,0.0483287014067173,-0.5465134978294373,-0.7994369864463806,-0.7005258798599243,-0.40022844076156616,0.800000011920929,0.23816832900047302,0
0,-0.007999999448657036,0.24654904830533306,0.012103976681828499,0.0034686154685914516,-0.000041987368604168296,0.9999207258224487,-0.24367070198059082,-0.0439111553132534,-0.08911248296499252,0.4918486475944519,-0.21199999749660492,0.024666665121912956,-0.03340577706694603,0.30820924043655396,0.26773980259895325,0.12293227761983871,0.14045579731464386,-0.1838366836309433,0.08856841176748276,0.049918282777071,-0.5523822903633118,-0.7953279614448547,-0.7134726643562317,-0.39464271068573,0.800000011920929,0.23247526586055756,0
0,-0.00833333283662796,0.2462192856081132,0.01260827574878931,0.0036131180822849274,-0.00004555910709314048,0.9999139904975891,-0.2485640048980713,-0.04157412052154541,-0.08588021248579025,0.49997398257255554,-0.21666666865348816,0.021111110225319862,-0.03320956602692604,0.31660276651382446,0.272839218378067,0.12470501661300659,0.14471980929374695,-0.1859995424747467,0.08625563234090805,0.05053514987230301,-0.5579053163528442,-0.7860326766967773,-0.7275002002716064,-0.3905838429927826,0.800000011920929,0.22795091569423676,0
0,-0.008666666224598885,0.24591053354817669,0.013112572021782398,0.0037576179020106792,-0.00004927661575493403,0.9999069571495056,-0.25307968258857727,-0.03923708572983742,-0.08278922736644745,0.5087023973464966,-0.2213333398103714,0.01755555532872677,-0.03253234177827835,0.3256579637527466,0.27979907393455505,0.1260240375995636,0.14898382127285004,-0.18880005180835724,0.08394284546375275,0.04995041340589523,-0.5608298182487488,-0.7755264043807983,-0.7411174774169922,-0.38685864210128784,0.800000011920929,0.22294895350933075,0
0,-0.008999999612569809,0.2456305258281831,0.013616863638162613,0.00390211446210742,-0.000053139890951570123,0.999899685382843,-0.2589554190635681,-0.036900050938129425,-0.07738321274518967,0.5189005136489868,-0.22599999606609344,0.0139999995008111,-0.030917204916477203,0.3351728320121765,0.28968971967697144,0.1280059516429901,0.15324783325195312,-0.19067096710205078,0.08163006603717804,0.05144013091921806,-0.5638054609298706,-0.7634603381156921,-0.7568274140357971,-0.3843674659729004,0.800000011920929,0.2210630625486374,0
0,-0.009333333000540733,0.24530551660138408,0.014121150597929955,0.004046608228236437,-0.00005714892904506996,0.9998921155929565,-0.26475954055786133,-0.03456301614642143,-0.07339128106832504,0.529774010181427,-0.23066666722297668,0.010444443672895432,-0.029401807114481926,0.34355413913726807,0.29655081033706665,0.12933926284313202,0.1575118452310562,-0.1923528015613556,0.07931728661060333,0.051461078226566315,-0.5641034245491028,-0.7529894113540649,-0.7699854373931885,-0.380842000246048,0.800000011920929,0.21767598390579224,0
0,-0.009666666388511658,0.24497982192117015,0.014625432901084423,0.0041910987347364426,-0.00006130372639745474,0.9998842477798462,-0.27025511860847473,-0.03222598135471344,-0.07025028765201569,0.5404384732246399,-0.23533333837985992,0.00688888831064105,-0.026594728231430054,0.3510531187057495,0.3043287396430969,0.13053415715694427,0.1617758423089981,-0.19388237595558167,0.07700450718402863,0.05294029414653778,-0.564786434173584,-0.7409974932670593,-0.7841004133224487,-0.3778012692928314,0.800000011920929,0.21422848105430603,0
0,-0.009999999776482582,0.24468607533055584,0.015129711478948593,0.004335585981607437,-0.00006560429028468207,0.9998761415481567,-0.2757294774055481,-0.029888944700360298,-0.06597209721803665,0.5519886016845703,-0.24000000953674316,0.0033333327155560255,-0.023266058415174484,0.35810422897338867,0.3125132620334625,0.13195009529590607,0.1660398542881012,-0.19582150876522064,0.07469172030687332,0.05429515987634659,-0.5645402669906616,-0.7288371920585632,-0.7964686751365662,-0.3750605285167694,0.800000011920929,0.21098749339580536,0
0,-0.010333333164453506,0.2443368815191392,0.01563398540019989,0.0044800699688494205,-0.00007005060615483671,0.9998677372932434,-0.28094881772994995,-0.027551909908652306,-0.06531669944524765,0.5632836222648621,-0.2446666657924652,-0.00022222292318474501,-0.01928088627755642,0.364202082157135,0.3202354907989502,0.13167423009872437,0.17030386626720428,-0.1989344209432602,0.07237894088029861,0.05480657145380974,-0.5624914765357971,-0.7188829779624939,-0.7998813986778259,-0.37053272128105164,0.800000011920929,0.2061431109905243,0
0,-0.01066666655242443,0.24406763243752758,0.01613825373351574,0.004624549765139818,-0.00007464267400791869,0.999859094619751,-0.28615155816078186,-0.025214873254299164,-0.062352459877729416,0.5728918313980103,-0.24933333694934845,-0.003777778474614024,-0.015071801841259003,0.3705982267856598,0.3281610608100891,0.13049817085266113,0.17456787824630737,-0.20115786790847778,0.07006616145372391,0.055732838809490204,-0.5627148747444153,-0.7125922441482544,-0.7999997138977051,-0.3672875761985779,0.800000011920929,0.20317503809928894,0
0,-0.010999999940395355,0.2438103638895158,0.01664251647889614,0.004769026767462492,-0.00007938050839584321,0.9998501539230347,-0.290062814950943,-0.02287783846259117,-0.06017725542187691,0.5815685391426086,-0.2540000081062317,-0.007333334069699049,-0.010928378440439701,0.37508535385131836,0.3340037167072296,0.12895220518112183,0.17883189022541046,-0.2036132663488388,0.0677533745765686,0.05564448982477188,-0.562761127948761,-0.7095292806625366,-0.800000011920929,-0.3647502362728119,0.800000011920929,0.20061710476875305,0
0,-0.01133333332836628,0.24358791935521404,0.017146773636341095,0.00491349957883358,-0.00008426407293882221,0.9998409152030945,-0.2935647964477539,-0.02054080367088318,-0.05742818862199783,0.5895353555679321,-0.25866666436195374,-0.01088888943195343,-0.0068290457129478455,0.37952327728271484,0.34099265933036804,0.1273377537727356,0.18309590220451355,-0.20628903806209564,0.0654405951499939,0.05628777667880058,-0.5640990734100342,-0.7061862349510193,-0.800000011920929,-0.36338165402412415,0.800000011920929,0.19945865869522095,0
0,-0.011666666716337204,0.24337335753518383,0.01765102706849575,0.005057968199253082,-0.00008929338946472853,0.9998314380645752,-0.296639084815979,-0.018203768879175186,-0.056074462831020355,0.5962393283843994,-0.2633333206176758,-0.014444445259869099,-0.003147550392895937,0.38325291872024536,0.3467417359352112,0.12497187405824661,0.18735989928245544,-0.2089654505252838,0.06312781572341919,0.05617579072713852,-0.5653077363967896,-0.7025963664054871,-0.800000011920929,-0.36287957429885864,0.800000011920929,0.19943581521511078,0
0,-0.012000000104308128,0.24323476183491985,0.01815527305006981,0.005202434025704861,-0.00009446845797356218,0.999821662902832,-0.29877611994743347,-0.015866732224822044,-0.05539455637335777,0.6021053791046143,-0.2680000066757202,-0.018000001087784767,-0.000026702538889367133,0.3864867091178894,0.3511873483657837,0.12294299155473709,0.19162391126155853,-0.21079270541667938,0.060815032571554184,0.05543528497219086,-0.566931426525116,-0.7007652521133423,-0.800000011920929,-0.362467497587204,0.800000011920929,0.19962351024150848,0
0,-0.012333333492279053,0.24314072060662548,0.01865951530635357,0.005346894729882479,-0.00009978926391340792,0.999811589717865,-0.3002811372280121,-0.013529697433114052,-0.05460084602236748,0.6057987809181213,-0.27266666293144226,-0.02155555598437786,0.002257762011140585,0.38893821835517883,0.3546372652053833,0.12057473510503769,0.19588792324066162,-0.2127767652273178,0.05850225314497948,0.054627224802970886,-0.567142128944397,-0.6992201805114746,-0.800000011920929,-0.36327049136161804,0.800000011920929,0.20041625201702118,0
0,-0.012666665948927402,0.24309358823376934,0.019163750112056732,0.005491351708769798,-0.00010525580728426576,0.9998012781143188,-0.3014944791793823,-0.01119266264140606,-0.05590849369764328,0.6096987128257751,-0.2773333489894867,-0.025111112743616104,0.003691160585731268,0.39192330837249756,0.35805949568748474,0.1180582344532013,0.2001519352197647,-0.21402812004089355,0.05618946999311447,0.05313633382320404,-0.5687004923820496,-0.6960096955299377,-0.800000011920929,-0.3642347455024719,0.800000011920929,0.20262153446674347,0
0,-0.012999999336898327,0.24297700154858867,0.019667979329824448,0.005635804031044245,-0.00011086808081017807,0.9997906684875488,-0.30575287342071533,-0.008855626918375492,-0.07004518061876297,0.6125243902206421,-0.28200000524520874,-0.028666667640209198,0.005150594748556614,0.38880589604377747,0.3616102635860443,0.11511465907096863,0.2044159471988678,-0.21961726248264313,0.053876686841249466,0.04929580166935921,-0.5695292353630066,-0.7021432518959045,-0.800000011920929,-0.36508288979530334,0.800000011920929,0.19739481806755066,0
0,-0.013333332724869251,0.24299516606408397,0.020172202959656715,0.005780252628028393,-0.00011662610631901771,0.9997798204421997,-0.3076813220977783,-0.0065185921266674995,-0.07272940129041672,0.6151348352432251,-0.2866666615009308,-0.03222222253680229,0.006067450623959303,0.38923168182373047,0.36189091205596924,0.11142706125974655,0.2086799591779709,-0.21996034681797028,0.05156390741467476,0.04767996445298195,-0.5689945220947266,-0.7015016078948975,-0.800000011920929,-0.3645433187484741,0.800000011920929,0.1970950812101364,0
0,-0.013666666112840176,0.24311817514973919,0.020676419138908386,0.00592469610273838,-0.0001225298474309966,0.9997686743736267,-0.3085842430591583,-0.00418155686929822,-0.0741904228925705,0.6158950328826904,-0.2913333475589752,-0.035777777433395386,0.0065372781828045845,0.3897479772567749,0.3613037168979645,0.10772394388914108,0.21294397115707397,-0.2180555909872055,0.04925112426280975,0.046864572912454605,-0.5683272480964661,-0.7005767822265625,-0.7999967336654663,-0.36400461196899414,0.800000011920929,0.19828036427497864,0
0,-0.0139999995008111,0.2432433598049287,0.02118062973022461,0.006069134920835495,-0.00012857931142207235,0.9997572302818298,-0.30860257148742676,-0.0018445216119289398,-0.07589772343635559,0.6153913736343384,-0.29600000381469727,-0.03933333232998848,0.006032885983586311,0.3902883231639862,0.36127033829689026,0.10586953908205032,0.21720796823501587,-0.2167646437883377,0.046938344836235046,0.046975020319223404,-0.5679251551628113,-0.7000020146369934,-0.799992024898529,-0.362688809633255,0.800000011920929,0.19837282598018646,0
0,-0.014333332888782024,0.2434315316684846,0.021684832870960236,0.0062135690823197365,-0.00013477449829224497,0.9997455477714539,-0.30726978182792664,0.00049251364544034,-0.08083126693964005,0.6131855249404907,-0.3006666600704193,-0.04288889095187187,0.004719231277704239,0.3897686004638672,0.35923445224761963,0.103363998234272,0.22147198021411896,-0.21468257904052734,0.04462556168437004,0.04620717093348503,-0.56636643409729,-0.6984763741493225,-0.7999869585037231,-0.3643313944339752,0.800000011920929,0.19972862303256989,0
0,-0.014666666276752949,0.24364311325627605,0.022189028561115265,0.006357998587191105,-0.00014111540804151446,0.999733567237854,-0.3051210343837738,0.00282954890280962,-0.08584066480398178,0.6087720394134521,-0.30533334612846375,-0.046444445848464966,0.0031878529116511345,0.3896683156490326,0.3562285304069519,0.10087791085243225,0.22573599219322205,-0.21147757768630981,0.042312782257795334,0.046151261776685715,-0.5652725100517273,-0.6973896026611328,-0.7999663949012756,-0.3652384877204895,0.800000011920929,0.201528400182724,0
0,-0.014999999664723873,0.24393796253281871,0.022693218663334846,0.006502422969788313,-0.0001476020406698808,0.9997212886810303,-0.3013931214809418,0.00025517839821986854,-0.09012392908334732,0.6024959087371826,-0.3100000023841858,-0.05000000074505806,0.0009416286484338343,0.3884601891040802,0.35518938302993774,0.10016541928052902,0.23000000417232513,-0.2089531421661377,0.03999999910593033,0.045229434967041016,-0.5660485625267029,-0.6958309412002563,-0.799030065536499,-0.36555561423301697,0.800000011920929,0.2022923082113266,0
0,-0.014531250111758709,0.2442710183866624,0.021984199061989784,0.0062993247993290424,-0.00013852183474227786,0.9997384548187256,-0.2971378266811371,-0.004440295975655317,-0.09609799087047577,0.5949003100395203,-0.30281251668930054,-0.045625001192092896,-0.0018708216957747936,0.38759011030197144,0.35157638788223267,0.09860175102949142,0.22187499701976776,-0.20398585498332977,0.03999999910593033,0.04476829245686531,-0.5664809346199036,-0.6980288028717041,-0.7925059795379639,-0.366820752620697,0.800000011920929,0.20380815863609314,0
0,-0.01406249962747097,0.24457759487706462,0.021275168284773827,0.0060962168499827385,-0.00012972980039194226,0.9997550845146179,-0.29278600215911865,-0.009135770611464977,-0.1009473130106926,0.5870763063430786,-0.2956250011920929,-0.04125000163912773,-0.004595249425619841,0.38514089584350586,0.3473502993583679,0.09701351076364517,0.21375000476837158,-0.19901856780052185,0.03999999910593033,0.044749803841114044,-0.5664421319961548,-0.7033000588417053,-0.7818003296852112,-0.36694973707199097,0.800000011920929,0.20414045453071594,0
0,-0.013593750074505806,0.2449714921720628,0.020566120743751526,0.005893099121749401,-0.00012122594489483163,0.9997711181640625,-0.28709572553634644,-0.01383124478161335,-0.10588648170232773,0.5778226852416992,-0.28843751549720764,-0.03687500208616257,-0.007249896880239248,0.38267117738723755,0.34125351905822754,0.09508810937404633,0.2056249976158142,-0.19405128061771393,0.03999999910593033,0.043271929025650024,-0.5652809143066406,-0.7097541093826294,-0.7665314674377441,-0.36705341935157776,0.800000011920929,0.20436333119869232,0
0,-0.013124999590218067,0.2456353538044099,0.01985706388950348,0.005689973011612892,-0.00011301026097498834,0.9997866153717041,-0.2700575292110443,-0.018526719883084297,-0.11118829250335693,0.5533782243728638,-0.28125,-0.032499998807907104,-0.012941213324666023,0.3819333612918854,0.3320549428462982,0.09909374266862869,0.19750000536441803,-0.189083993434906,0.03999999910593033,0.03994651511311531,-0.5618863701820374,-0.7131412625312805,-0.7461733222007751,-0.3680654466152191,0.800000011920929,0.21323402225971222,0
0,-0.012656250037252903,0.24627078402119915,0.01914799213409424,0.005486837588250637,-0.00010508276318432763,0.9998015761375427,-0.2570037245750427,-0.023222194984555244,-0.11659488826990128,0.533389151096344,-0.27406251430511475,-0.02812499925494194,-0.017201101407408714,0.37601643800735474,0.32413965463638306,0.09965787827968597,0.18937499821186066,-0.18411672115325928,0.03999999910593033,0.03644948825240135,-0.5605329275131226,-0.7212161421775818,-0.7280241847038269,-0.3693770170211792,0.800000011920929,0.2125166952610016,0
0,-0.012187499552965164,0.24703691232281963,0.01843891106545925,0.00528369378298521,-0.00009744348062667996,0.9998160004615784,-0.24532751739025116,-0.027917668223381042,-0.12413503229618073,0.5121787190437317,-0.2668749988079071,-0.023749999701976776,-0.023446884006261826,0.3677647113800049,0.3155776560306549,0.09930214285850525,0.18125000596046448,-0.17914943397045135,0.03999999910593033,0.03470548614859581,-0.559222936630249,-0.7324191927909851,-0.7081579566001892,-0.3720872104167938,0.800000011920929,0.21064771711826324,0
0,-0.01171875,0.24778310287076274,0.01772981509566307,0.005080541595816612,-0.00009009238419821486,0.999829888343811,-0.23404298722743988,-0.03261314332485199,-0.1282929629087448,0.49000266194343567,-0.25968751311302185,-0.019375000149011612,-0.027803223580121994,0.35862424969673157,0.3094162940979004,0.0975128561258316,0.1731249988079071,-0.17418214678764343,0.03999999910593033,0.032288260757923126,-0.5591908693313599,-0.7460435032844543,-0.688182532787323,-0.3744560778141022,0.800000011920929,0.21171770989894867,0
0,-0.011249999515712261,0.24849621284085552,0.017020709812641144,0.004877381958067417,-0.00008302951755467802,0.9998432397842407,-0.2209489792585373,-0.03730861842632294,-0.13491685688495636,0.46596941351890564,-0.2524999976158142,-0.014999999664723873,-0.033184170722961426,0.34794366359710693,0.3015628457069397,0.0961269736289978,0.16500000655651093,-0.1692148596048355,0.03999999910593033,0.02923990972340107,-0.5605471730232239,-0.7611314654350281,-0.6674225330352783,-0.3778260052204132,0.800000011920929,0.2119860053062439,0
0,-0.010781249962747097,0.24919787871915142,0.01631159335374832,0.004674214404076338,-0.0000762548588681966,0.9998560547828674,-0.2073894590139389,-0.042004093527793884,-0.13971354067325592,0.4397304952144623,-0.24531249701976776,-0.010624999180436134,-0.039078984409570694,0.3386763334274292,0.2929949164390564,0.09624075889587402,0.15687499940395355,-0.1642475724220276,0.03999999910593033,0.02611055225133896,-0.5613027811050415,-0.7773047685623169,-0.6434729695320129,-0.3815852403640747,0.800000011920929,0.21286123991012573,0
0,-0.010312499478459358,0.2498719774492387,0.015602466650307178,0.0044710393995046616,-0.00006976843724260107,0.9998682737350464,-0.19349098205566406,-0.04669956490397453,-0.14739030599594116,0.4123344421386719,-0.2381249964237213,-0.00624999962747097,-0.04523853957653046,0.32525917887687683,0.2827889323234558,0.0948522612452507,0.14875000715255737,-0.15928028523921967,0.03999999910593033,0.02176726795732975,-0.5617061257362366,-0.7957165241241455,-0.6166924238204956,-0.38654881715774536,0.800000011920929,0.21481098234653473,0
0,-0.009843749925494194,0.2506280325658921,0.014893331564962864,0.004267857875674963,-0.00006357024540193379,0.9998799562454224,-0.17764493823051453,-0.05139504000544548,-0.1438039094209671,0.3869422972202301,-0.23093749582767487,-0.0018749992595985532,-0.04922794923186302,0.3259361684322357,0.26710134744644165,0.09046043455600739,0.140625,-0.15431299805641174,0.03999999910593033,0.014558035880327225,-0.5532920360565186,-0.7966904044151306,-0.5886967778205872,-0.3940061628818512,0.800000011920929,0.23582975566387177,0
0,-0.009374999441206455,0.25134418237286843,0.014184185303747654,0.004064669832587242,-0.000057660305174067616,0.9998911619186401,-0.16191494464874268,-0.05609051510691643,-0.15575481951236725,0.3589262068271637,-0.22374999523162842,0.00250000087544322,-0.054014381021261215,0.31542322039604187,0.25517740845680237,0.08887458592653275,0.13250000774860382,-0.14934571087360382,0.03999999910593033,0.00663516391068697,-0.5478888750076294,-0.7994046807289124,-0.564054012298584,-0.40071699023246765,0.800000011920929,0.24642160534858704,0
0,-0.008906249888241291,0.2521108173139695,0.013475031591951847,0.0038614750374108553,-0.000052038609283044934,0.9999017715454102,-0.14688195288181305,-0.060785990208387375,-0.16297592222690582,0.3306916058063507,-0.21656249463558197,0.006875000894069672,-0.057558950036764145,0.3043293058872223,0.24635440111160278,0.08572900295257568,0.12437500059604645,-0.1443784236907959,0.03999999910593033,-0.0011677768779918551,-0.5402882099151611,-0.7999998331069946,-0.5406506061553955,-0.4064931273460388,0.800000011920929,0.2540287375450134,0
0,-0.008437499403953552,0.2527727566965226,0.012765868566930294,0.003658274421468377,-0.000046705168642802164,0.9999118447303772,-0.13056550920009613,-0.06548146158456802,-0.17229460179805756,0.3031281530857086,-0.20937499403953552,0.01125000137835741,-0.061307888478040695,0.2930259108543396,0.23674465715885162,0.0850711464881897,0.11625000089406967,-0.13941113650798798,0.03999999910593033,-0.00988694652915001,-0.5335973501205444,-0.800000011920929,-0.5200756192207336,-0.4085163474082947,0.800000011920929,0.2579104006290436,0
0,-0.007968749850988388,0.2533786975153092,0.012056698091328144,0.0034550682175904512,-0.00004165999052929692,0.9999213218688965,-0.1149839460849762,-0.07017693668603897,-0.18070808053016663,0.2759714126586914,-0.20218749344348907,0.01562500186264515,-0.06315091252326965,0.28077468276023865,0.22408084571361542,0.07982175797224045,0.1081250011920929,-0.13444386422634125,0.03999999910593033,-0.01773870922625065,-0.5239654779434204,-0.800000011920929,-0.5005984902381897,-0.4092433452606201,0.800000011920929,0.26187872886657715,0
0,-0.007499999832361937,0.2538544021852616,0.011347520165145397,0.0032518566586077213,-0.00003690307858050801,0.9999303221702576,-0.10306296497583389,-0.07487241178750992,-0.19202718138694763,0.25673404335975647,-0.19499999284744263,0.020000001415610313,-0.0649927407503128,0.2677749991416931,0.21134144067764282,0.07471539825201035,0.10000000149011612,-0.12947657704353333,0.03999999910593033,-0.024681424722075462,-0.5142883658409119,-0.800000011920929,-0.4848329424858093,-0.40869057178497314,0.800000011920929,0.26296597719192505,0
0,-0.007031249813735485,0.2543841980703477,0.010638333857059479,0.003048639977350831,-0.00003243443279643543,0.9999387860298157,-0.0893888995051384,-0.07956788688898087,-0.19972766935825348,0.23578615486621857,-0.18781250715255737,0.024375000968575478,-0.06519316881895065,0.25562313199043274,0.1953512579202652,0.07315237820148468,0.09187500178813934,-0.1245092824101448,0.03999999910593033,-0.03101249597966671,-0.5029789805412292,-0.800000011920929,-0.4661409258842468,-0.40546393394470215,0.800000011920929,0.2649625837802887,0
0,-0.006562499795109034,0.25474486577588357,0.009929141961038113,0.0028454186394810677,-0.000028254073185962625,0.999946653842926,-0.08055011928081512,-0.08426336199045181,-0.20721612870693207,0.22381244599819183,-0.18062500655651093,0.02875000238418579,-0.06676501780748367,0.24208474159240723,0.18142764270305634,0.07166679948568344,0.08375000208616257,-0.11954200267791748,0.03999999910593033,-0.036808088421821594,-0.4898265302181244,-0.800000011920929,-0.45171409845352173,-0.4059317111968994,0.800000011920929,0.2662743330001831,0
0,-0.006093749776482582,0.25513193833905495,0.009219943545758724,0.002642192877829075,-0.000024361990654142573,0.9999539852142334,-0.07202737033367157,-0.08895883709192276,-0.21489186584949493,0.21059708297252655,-0.17343750596046448,0.033125001937150955,-0.06715580821037292,0.22993047535419464,0.16902954876422882,0.06811590492725372,0.07562500238418579,-0.11457471549510956,0.03999999910593033,-0.03850208967924118,-0.47499480843544006,-0.800000011920929,-0.43475720286369324,-0.4064118266105652,0.800000011920929,0.2686445116996765,0
0,-0.005624999757856131,0.2554344021089677,0.008510739542543888,0.00243896315805614,-0.000020758188838954084,0.9999607801437378,-0.06470809876918793,-0.09365431219339371,-0.22035861015319824,0.20050320029258728,-0.16625000536441803,0.03750000149011612,-0.06831451505422592,0.21840935945510864,0.15978774428367615,0.06834538280963898,0.06750000268220901,-0.10960742831230164,0.03999999910593033,-0.040825534611940384,-0.466234415769577,-0.800000011920929,-0.4232344329357147,-0.4059143364429474,0.800000011920929,0.2690722644329071,0
0,-0.005156249739229679,0.25566846954900063,0.007801529951393604,0.002235729480162263,-0.000017442684111301787,0.9999670386314392,-0.056050822138786316,-0.09834978729486465,-0.2267664074897766,0.18955905735492706,-0.15906250476837158,0.041875001043081284,-0.06847617775201797,0.2061978131532669,0.14713671803474426,0.06702236831188202,0.05937500298023224,-0.10464014112949371,0.03999999910593033,-0.0428234227001667,-0.45853596925735474,-0.800000011920929,-0.41381263732910156,-0.40856948494911194,0.800000011920929,0.27018776535987854,0
0,-0.004687499720603228,0.2559116863020066,0.007092315703630447,0.002032492309808731,-0.000014415472833206877,0.9999727606773376,-0.04830721393227577,-0.1030452623963356,-0.23299553990364075,0.18067705631256104,-0.15187500417232513,0.04625000059604645,-0.06996307522058487,0.19447526335716248,0.13566868007183075,0.06906033307313919,0.05125000327825546,-0.09967285394668579,0.03999999910593033,-0.04366185516119003,-0.44943058490753174,-0.800000011920929,-0.4041282832622528,-0.40771499276161194,0.800000011920929,0.268982857465744,0
0,-0.004218749701976776,0.25605783689099587,0.006383096799254417,0.0018292521126568317,-0.000011676554095174652,0.9999779462814331,-0.04245924949645996,-0.10774073749780655,-0.23908302187919617,0.17410454154014587,-0.1446875035762787,0.05062500387430191,-0.0723748505115509,0.18486443161964417,0.12798306345939636,0.07282579690217972,0.04312499985098839,-0.09470557421445847,0.03999999910593033,-0.042860016226768494,-0.444424033164978,-0.800000011920929,-0.39920860528945923,-0.4075106084346771,0.800000011920929,0.27060264348983765,0
0,-0.0037499999161809683,0.2561566315897111,0.005673873703926802,0.0016260090051218867,-0.00000922592789720511,0.9999825954437256,-0.03853567689657211,-0.1124362125992775,-0.24390771985054016,0.17025239765644073,-0.13750000298023224,0.055000003427267075,-0.07508578151464462,0.17403821647167206,0.11886230856180191,0.07766527682542801,0.03500000014901161,-0.08973828703165054,0.03999999910593033,-0.043150823563337326,-0.4405437409877777,-0.800000011920929,-0.3971167504787445,-0.40955060720443726,0.800000011920929,0.275321364402771,0
0,-0.003281249897554517,0.25621361363011635,0.004964647348970175,0.0014227634528651834,-0.000007063612883939641,0.9999866485595703,-0.033790223300457,-0.11713168770074844,-0.2508382797241211,0.16706791520118713,-0.1303125023841858,0.05937500298023224,-0.07774002104997635,0.1636866182088852,0.10946300625801086,0.08166856318712234,0.026875002309679985,-0.08477099984884262,0.03999999910593033,-0.04427020624279976,-0.43396106362342834,-0.800000011920929,-0.3904523253440857,-0.4109346866607666,0.800000011920929,0.27759864926338196,0
0,-0.0028124998789280653,0.2562418662317399,0.004255417734384537,0.0012195155723020434,-0.000005189603598410031,0.9999902248382568,-0.02973034605383873,-0.1218271553516388,-0.2570395767688751,0.16522152721881866,-0.12312500178813934,0.0637500062584877,-0.08041975647211075,0.15332208573818207,0.10009442269802094,0.08640039712190628,0.01875000074505806,-0.0798037126660347,0.03999999910593033,-0.04525017365813255,-0.4285171627998352,-0.800000011920929,-0.38556745648384094,-0.414396196603775,0.800000011920929,0.2823023200035095,0
0,-0.002343749860301614,0.25626037347394265,0.0035461855586618185,0.0010162658290937543,-0.0000036038902635482373,0.9999932050704956,-0.02688653953373432,-0.12652263045310974,-0.2608676850795746,0.16565671563148499,-0.1159375011920929,0.06812500208616257,-0.08291281759738922,0.1435864418745041,0.09163857996463776,0.09177041053771973,0.010625001043081284,-0.07483642548322678,0.03999999910593033,-0.04518242925405502,-0.42382028698921204,-0.800000011920929,-0.3797520399093628,-0.41708073019981384,0.800000011920929,0.28647327423095703,0
0,-0.0018749999580904841,0.2562551282652024,0.0028369510546326637,0.0008130145724862814,-0.0000023065040295477957,0.9999956488609314,-0.023884262889623642,-0.1312181055545807,-0.26620474457740784,0.16679640114307404,-0.10875000059604645,0.07250000536441803,-0.0865289494395256,0.13491638004779816,0.08185189962387085,0.099058598279953,0.002500001108273864,-0.06986914575099945,0.03999999910593033,-0.046489935368299484,-0.42061498761177063,-0.800000011920929,-0.3750530183315277,-0.42046982049942017,0.800000011920929,0.290767639875412,0
0,-0.0014062499394640326,0.2562266372449998,0.0021277149207890034,0.0006097620353102684,-0.0000012974066976312315,0.9999975562095642,-0.01925221085548401,-0.13591358065605164,-0.2718445658683777,0.1643052101135254,-0.1015625,0.0768750011920929,-0.09007161110639572,0.12620112299919128,0.0733986422419548,0.1059470847249031,-0.005624998826533556,-0.06490185856819153,0.03999999910593033,-0.04687302187085152,-0.41696956753730774,-0.800000011920929,-0.371293306350708,-0.42277389764785767,0.800000011920929,0.29388687014579773,0
0,-0.0009374999790452421,0.25620541799145974,0.0014184772735461593,0.0004065085668116808,-5.766216304436966e-7,0.999998927116394,-0.014618512243032455,-0.14060905575752258,-0.27823635935783386,0.16205865144729614,-0.09437499940395355,0.08125000447034836,-0.09429033100605011,0.11835324764251709,0.06591220945119858,0.11295299977064133,-0.01374999899417162,-0.059934571385383606,0.03999999910593033,-0.04699615016579628,-0.4134048819541931,-0.800000011920929,-0.36941099166870117,-0.4280063509941101,0.800000011920929,0.2991902828216553,0
0,-0.00046874998952262104,0.25617391693669594,0.0007092388696037233,0.0002032544434769079,-1.441570418592164e-7,0.9999997019767761,-0.011292633600533009,-0.14530453085899353,-0.2832891643047333,0.16031189262866974,-0.0871874988079071,0.08562500029802322,-0.09945984929800034,0.11155378818511963,0.05724267661571503,0.1206168606877327,-0.02187499962747097,-0.05496728792786598,0.03999999910593033,-0.04689484462141991,-0.4095536768436432,-0.800000011920929,-0.3682701289653778,-0.43267807364463806,0.800000011920929,0.306545615196228,0
0,0,0.2560834370859269,3.135197663523731e-23,6.682325934553024e-36,2.131389005175996e-13,1,-0.009620800614356995,-0.15000000596046448,-0.28881019353866577,0.16099576652050018,-0.07999999821186066,0.09000000357627869,-0.10584089159965515,0.1044456958770752,0.04948006570339203,0.12994490563869476,-0.029999999329447746,-0.05000000074505806,0.03999999910593033,-0.04708070307970047,-0.4066719710826874,-0.800000011920929,-0.36689794063568115,-0.4356650710105896,0.800000011920929,0.3122777044773102,0
0,0.0004166666476521641,0.2559754036672715,-0.0003052827960345894,0.00007907800318207592,2.414031818886997e-8,0.9999999403953552,-0.0085078040137887,-0.15624508261680603,-0.2925091087818146,0.16371187567710876,-0.07472222298383713,0.09423360973596573,-0.11226245015859604,0.09779646247625351,0.04030489921569824,0.14130517840385437,-0.03777777776122093,-0.046666666865348816,0.040833331644535065,-0.04703150689601898,-0.4038664698600769,-0.800000011920929,-0.365456759929657,-0.43917760252952576,0.800000011920929,0.32036229968070984,0
0,0.0008333332953043282,0.25585947263318337,-0.0006105655338615179,0.00015815597726032138,9.65595603474867e-8,0.9999998211860657,-0.008150807581841946,-0.1624901443719864,-0.29579219222068787,0.16834791004657745,-0.069444440305233,0.09846720844507217,-0.11896247416734695,0.09179654717445374,0.03248076140880585,0.15326181054115295,-0.04555555433034897,-0.04333333298563957,0.0416666641831398,-0.04710100591182709,-0.4028104841709137,-0.800000011920929,-0.36185422539711,-0.44642019271850586,0.800000011920929,0.3283686935901642,0
0,0.0012499999720603228,0.2557396970995072,-0.000915848242584616,0.00023723390768282115,2.1727544208260952e-7,0.9999995231628418,-0.0070972261019051075,-0.16873522102832794,-0.29986128211021423,0.17274516820907593,-0.06416666507720947,0.10270081460475922,-0.12693728506565094,0.08475066721439362,0.023242224007844925,0.1675540953874588,-0.0533333346247673,-0.03999999910593033,0.042500000447034836,-0.04660869389772415,-0.39842405915260315,-0.800000011920929,-0.3594321012496948,-0.4480302333831787,0.800000011920929,0.33509454131126404,0
0,0.0016666665906086564,0.25561005699712075,-0.0012211308348923922,0.00031631177989766,3.8626222931270604e-7,0.9999992251396179,-0.006154322996735573,-0.1749802827835083,-0.30626004934310913,0.17895282804965973,-0.058888886123895645,0.10693442076444626,-0.13646572828292847,0.07876644283533096,0.012890519574284554,0.18525749444961548,-0.06111111119389534,-0.03666666895151138,0.04333333298563957,-0.04590940847992897,-0.3953571915626526,-0.800000011920929,-0.3583099842071533,-0.4521847069263458,0.800000011920929,0.3451758921146393,0
0,0.00208333320915699,0.2554455183752183,-0.0015264132525771856,0.0003953895648010075,6.035280080141092e-7,0.9999987483024597,-0.007067555096000433,-0.18122535943984985,-0.30868807435035706,0.18599048256874084,-0.053611110895872116,0.1111680269241333,-0.14541947841644287,0.07352054119110107,0.00404750183224678,0.2023192048072815,-0.06888888776302338,-0.03333333507180214,0.04416666552424431,-0.04418205842375755,-0.3934529721736908,-0.800000011920929,-0.3595416247844696,-0.4573610723018646,0.800000011920929,0.3556825816631317,0
0,0.0024999999441206455,0.25526050555783547,-0.0018316955538466573,0.0004744672041852027,8.690833510627272e-7,0.9999982118606567,-0.00813902635127306,-0.1874704211950302,-0.31261178851127625,0.1942867487668991,-0.04833333194255829,0.11540162563323975,-0.15558655560016632,0.06617836654186249,-0.006191133987158537,0.22043852508068085,-0.07666666805744171,-0.030000001192092896,0.044999998062849045,-0.04342495650053024,-0.3935622274875641,-0.800000011920929,-0.3617425262928009,-0.46541228890419006,0.800000011920929,0.37028762698173523,0
0,0.002916666679084301,0.25501186478215493,-0.0021369776222854853,0.0005535447271540761,0.0000011829184813905158,0.9999975562095642,-0.009279225952923298,-0.19371549785137177,-0.3166486620903015,0.20400705933570862,-0.04305555298924446,0.11963523179292679,-0.16690176725387573,0.05953112989664078,-0.014757907949388027,0.24286898970603943,-0.08444444090127945,-0.02666666731238365,0.04583333432674408,-0.04216262325644493,-0.39084890484809875,-0.800000011920929,-0.36080360412597656,-0.46952760219573975,0.800000011920929,0.3833608329296112,0
0,0.003333333181217313,0.25473154413777627,-0.0024422593414783478,0.0006326221046037972,0.0000015450300452357624,0.9999968409538269,-0.009412233717739582,-0.19996055960655212,-0.32288336753845215,0.21205559372901917,-0.03777777776122093,0.12386883795261383,-0.1804746687412262,0.051349055022001266,-0.02443961426615715,0.26732590794563293,-0.09222222119569778,-0.023333333432674408,0.046666666865348816,-0.04197157546877861,-0.38887083530426025,-0.800000011920929,-0.362130343914032,-0.4764263927936554,0.800000011920929,0.40038833022117615,0
0,0.0037499999161809683,0.25442466962415017,-0.0027475410606712103,0.0007116993074305356,0.000001955429752342752,0.9999959468841553,-0.00869554840028286,-0.20620563626289368,-0.33037880063056946,0.22070367634296417,-0.032499998807907104,0.12810243666172028,-0.1962571144104004,0.04244539514183998,-0.035626545548439026,0.2956671118736267,-0.10000000149011612,-0.019999999552965164,0.04749999940395355,-0.04192165285348892,-0.3879375159740448,-0.800000011920929,-0.3668769896030426,-0.482902467250824,0.800000011920929,0.41834601759910583,0
0,0.00416666641831398,0.2540874563463334,-0.0030528223142027855,0.0007907762774266303,0.0000024141113499354105,0.9999950528144836,-0.007989536039531231,-0.21245071291923523,-0.33705389499664307,0.2294161021709442,-0.027222221717238426,0.13233605027198792,-0.21196982264518738,0.03441537171602249,-0.04455748572945595,0.324675977230072,-0.10777777433395386,-0.01666666753590107,0.04833333194255829,-0.04067221283912659,-0.3849976062774658,-0.800000011920929,-0.36880409717559814,-0.48700931668281555,0.800000011920929,0.4359132647514343,0
0,0.004583333153277636,0.25372643101292885,-0.0033581031020730734,0.0008698530145920813,0.0000029210732463980094,0.9999939799308777,-0.0067527457140386105,-0.2186957746744156,-0.345553457736969,0.23380348086357117,-0.0219444427639246,0.13656964898109436,-0.22892460227012634,0.02578643150627613,-0.05356469377875328,0.3534649908542633,-0.11555555462837219,-0.013333333656191826,0.049166664481163025,-0.0413837805390358,-0.3868553936481476,-0.800000011920929,-0.37148767709732056,-0.4954579174518585,0.800000011920929,0.4575459957122803,0
0,0.004999999888241291,0.2533461235769395,-0.0036633836571127176,0.0009489295771345496,0.0000034763183975883294,0.999992847442627,-0.00258700386621058,-0.22494085133075714,-0.35516980290412903,0.23638108372688293,-0.01666666567325592,0.1408032476902008,-0.24735328555107117,0.016280943527817726,-0.06252352893352509,0.38447630405426025,-0.12333333492279053,-0.010000000707805157,0.05000000074505806,-0.044839028269052505,-0.38855835795402527,-0.800000011920929,-0.37250015139579773,-0.5054367780685425,0.800000011920929,0.48054182529449463,0
0,0.0054166666232049465,0.25296837914067544,-0.003968663513660431,0.0010280057322233915,0.000004079841801285511,0.9999915957450867,0.0022590102162212133,-0.2311859130859375,-0.3625350892543793,0.2390402853488922,-0.011388887651264668,0.14503686130046844,-0.2669127583503723,0.005519657861441374,-0.07396688312292099,0.41686636209487915,-0.13111111521720886,-0.006666666828095913,0.050833333283662796,-0.05045595020055771,-0.3897864520549774,-0.800000011920929,-0.3714648485183716,-0.5180188417434692,0.800000011920929,0.5044456720352173,0
0,0.005833333358168602,0.25258199203091897,-0.0042739431373775005,0.0011070817708969116,0.000004731648459710414,0.9999902248382568,0.005269914865493774,-0.23743098974227905,-0.36870065331459045,0.23965047299861908,-0.006111110094934702,0.1492704600095749,-0.2846839725971222,-0.004730159882456064,-0.08084800839424133,0.4459187388420105,-0.1388888955116272,-0.0033333336468786,0.05166666582226753,-0.052893299609422684,-0.3888908922672272,-0.800000011920929,-0.3698255121707916,-0.5246288776397705,0.800000011920929,0.5254886746406555,0
0,0.00624999962747097,0.2521643124826554,-0.00457922276109457,0.0011861573439091444,0.00000543173973710509,0.9999887943267822,0.008764868602156639,-0.2436760514974594,-0.3734755516052246,0.24119548499584198,-0.0008333325386047363,0.15350405871868134,-0.3013111650943756,-0.015894873067736626,-0.08631332218647003,0.47388795018196106,-0.14666666090488434,-3.1044083970144243e-10,0.05249999836087227,-0.056427404284477234,-0.388187974691391,-0.800000011920929,-0.37102052569389343,-0.532163143157959,0.800000011920929,0.5474269986152649,0
0,0.006666666362434626,0.25170189964848794,-0.004884501453489065,0.0012652326840907335,0.0000061801083575119264,0.9999872446060181,0.011999291367828846,-0.24992112815380096,-0.3766377568244934,0.24430017173290253,0.004444445017725229,0.15773767232894897,-0.3193119168281555,-0.026129605248570442,-0.08883210271596909,0.5058282613754272,-0.15444444119930267,0.003333332948386669,0.0533333346247673,-0.06092844158411026,-0.38738319277763367,-0.800000011920929,-0.3689057230949402,-0.5413525700569153,0.800000011920929,0.5696888566017151,0
0,0.007083333097398281,0.251174726367772,-0.005189779680222273,0.0013443075586110353,0.000006976760232646484,0.9999856352806091,0.015069850720465183,-0.2561661899089813,-0.3796682357788086,0.24684563279151917,0.009722222574055195,0.16197127103805542,-0.336809366941452,-0.03716361150145531,-0.09447312355041504,0.5369701385498047,-0.162222221493721,0.006666666362434626,0.05416666716337204,-0.0673501044511795,-0.38999834656715393,-0.800000011920929,-0.36560291051864624,-0.5453389286994934,0.800000011920929,0.5892778635025024,0
0,0.007499999832361937,0.25072459209042824,-0.005495057441294193,0.0014233820838853717,0.000007821691724529956,0.9999839067459106,0.018471205607056618,-0.2624112665653229,-0.381833553314209,0.24920861423015594,0.015000000596046448,0.16620486974716187,-0.3541969358921051,-0.04550810530781746,-0.09592634439468384,0.5670507550239563,-0.17000000178813934,0.009999999776482582,0.054999999701976776,-0.07284027338027954,-0.3928353488445282,-0.800000011920929,-0.36126184463500977,-0.5544440150260925,0.800000011920929,0.6104279160499573,0
0,0.007916666567325592,0.25020984637814797,-0.005800333805382252,0.0015024562599137425,0.000008714902833162341,0.9999820590019226,0.021324854344129562,-0.26865634322166443,-0.3827657699584961,0.2515621483325958,0.020277777686715126,0.1704384833574295,-0.3695214092731476,-0.053204916417598724,-0.09700892120599747,0.5952081084251404,-0.17777778208255768,0.013333332724869251,0.05583333224058151,-0.07828065007925034,-0.39464685320854187,-0.800000011920929,-0.35867664217948914,-0.5605262517929077,0.800000011920929,0.6292222142219543,0
0,0.00833333283662796,0.24975652325230877,-0.0061056106351315975,0.001581529970280826,0.000009656397196522448,0.999980092048645,0.02402721904218197,-0.274901419878006,-0.38697025179862976,0.25199711322784424,0.025555556640028954,0.17467208206653595,-0.3824961185455322,-0.058895811438560486,-0.09735049307346344,0.6177068948745728,-0.185555562376976,0.01666666567325592,0.05666666477918625,-0.08350472152233124,-0.3965725004673004,-0.800000011920929,-0.35627296566963196,-0.565664529800415,0.800000011920929,0.6481142640113831,0
0,0.008750000037252903,0.24936226832944194,-0.006410886067897081,0.0016606032149866223,0.000010646170267136768,0.9999780654907227,0.027538921684026718,-0.28114646673202515,-0.3896063268184662,0.2515026926994324,0.030833333730697632,0.1789056956768036,-0.3948499262332916,-0.06573867797851562,-0.09863895922899246,0.6381900310516357,-0.19333332777023315,0.019999999552965164,0.057500001043081284,-0.08832283318042755,-0.3977786600589752,-0.800000011920929,-0.3527539074420929,-0.5689921379089355,0.800000011920929,0.666016161441803,0
0,0.009166666306555271,0.2490005277403001,-0.006716160569339991,0.0017396759940311313,0.000011684223863994703,0.9999759197235107,0.030407452955842018,-0.2873915433883667,-0.39067572355270386,0.2502506971359253,0.03611111268401146,0.18313929438591003,-0.405023455619812,-0.07202208787202835,-0.09814813733100891,0.6560525298118591,-0.2011111080646515,0.023333333432674408,0.05833333358168602,-0.09347866475582123,-0.3989574909210205,-0.800000011920929,-0.35320544242858887,-0.5729438066482544,0.800000011920929,0.684130072593689,0
0,0.009583333507180214,0.248628237129033,-0.0070214350707829,0.001818748307414353,0.000012770557987096254,0.999973714351654,0.033891260623931885,-0.29363662004470825,-0.389328271150589,0.25140538811683655,0.04138888791203499,0.18737289309501648,-0.41272059082984924,-0.07946531474590302,-0.10063774138689041,0.6729862689971924,-0.20888888835906982,0.02666666731238365,0.059166666120290756,-0.09942067414522171,-0.4006645679473877,-0.800000011920929,-0.35014134645462036,-0.572195827960968,0.800000011920929,0.6982609629631042,0
0,0.009999999776482582,0.24829725253659526,-0.007326708175241947,0.0018978200387209654,0.000013905170817452017,0.999971330165863,0.03681430220603943,-0.2998816967010498,-0.38948893547058105,0.25137993693351746,0.046666666865348816,0.19160650670528412,-0.4197024703025818,-0.08541925251483917,-0.1021714136004448,0.6875255703926086,-0.21666666865348816,0.029999999329447746,0.05999999865889549,-0.10225165635347366,-0.40362074971199036,-0.800000011920929,-0.3482474088668823,-0.5747026205062866,0.800000011920929,0.7071220874786377,0
0,0.01041666604578495,0.24798656332570354,-0.007631980814039707,0.0019768911879509687,0.000015088064174051397,0.999968945980072,0.040281105786561966,-0.30612674355506897,-0.3900606632232666,0.2522355914115906,0.05194444581866264,0.19584010541439056,-0.4262407720088959,-0.0906660407781601,-0.10281897336244583,0.7018385529518127,-0.2244444489479065,0.03333333507180214,0.06083333492279053,-0.10398335009813309,-0.4046391546726227,-0.800000011920929,-0.3452416658401489,-0.5775166153907776,0.800000011920929,0.7153019309043884,0
0,0.010833333246409893,0.24769733178693096,-0.007937253452837467,0.002055961871519685,0.000016319238056894392,0.9999663829803467,0.042036257684230804,-0.3123718202114105,-0.38689926266670227,0.2539914846420288,0.05722222104668617,0.200073704123497,-0.4311372935771942,-0.09536111354827881,-0.10167031735181808,0.7135215997695923,-0.23222222924232483,0.036666665226221085,0.061666667461395264,-0.10681524872779846,-0.405069500207901,-0.800000011920929,-0.3433021008968353,-0.5771150588989258,0.800000011920929,0.7241938710212708,0
0,0.011249999515712261,0.24745351898747722,-0.008242523297667503,0.0021350320894271135,0.000017598687918507494,0.9999637603759766,0.043258246034383774,-0.3186168968677521,-0.3852701485157013,0.2540469169616699,0.0625,0.20430731773376465,-0.4361974000930786,-0.09952617436647415,-0.1020207554101944,0.7227389216423035,-0.23999999463558197,0.03999999910593033,0.0625,-0.10917515307664871,-0.4051181972026825,-0.800000011920929,-0.34213632345199585,-0.5779826045036316,0.800000011920929,0.7324227690696716,0
0,0.011666666716337204,0.24724487292844097,-0.00854779314249754,0.0022141013760119677,0.00001892641739686951,0.9999610185623169,0.04432084411382675,-0.32486197352409363,-0.38329362869262695,0.2547447681427002,0.06777777522802353,0.2085409164428711,-0.4405493438243866,-0.10332087427377701,-0.10294755548238754,0.7318075299263,-0.2477777749300003,0.04333333298563957,0.06333333253860474,-0.11198253929615021,-0.40654391050338745,-0.7999425530433655,-0.3411807119846344,-0.5792045593261719,0.800000011920929,0.7393996715545654,0
0,0.012083332985639572,0.24708605635243694,-0.008853062056005001,0.0022931701969355345,0.00002030242649198044,0.9999581575393677,0.04494263604283333,-0.3311070501804352,-0.3831808567047119,0.2534199357032776,0.07305555790662766,0.21277451515197754,-0.44549182057380676,-0.10469101369380951,-0.10263680666685104,0.7395703792572021,-0.25555557012557983,0.046666666865348816,0.06416666507720947,-0.11304868012666702,-0.4063505232334137,-0.799731433391571,-0.3402527868747711,-0.5817897915840149,0.800000011920929,0.7464703917503357,0
0,0.01249999925494194,0.24693010079938213,-0.009158329106867313,0.0023722383193671703,0.00002172671156586148,0.9999552369117737,0.04499468952417374,-0.33735209703445435,-0.38310855627059937,0.25400060415267944,0.07833333313465118,0.21700812876224518,-0.44966936111450195,-0.10599055141210556,-0.10321473330259323,0.7467563152313232,-0.2633333206176758,0.05000000074505806,0.06499999761581421,-0.11579291522502899,-0.40710511803627014,-0.7973798513412476,-0.33992308378219604,-0.5823166966438293,0.800000011920929,0.7518324851989746,0
0,0.012916666455566883,0.24685853052216808,-0.0094635970890522,0.002451305976137519,0.000023199278075480834,0.9999521970748901,0.044712044298648834,-0.3435971736907959,-0.38324058055877686,0.25311872363090515,0.08361110836267471,0.22124172747135162,-0.4532148540019989,-0.10660556703805923,-0.10524889081716537,0.7507001161575317,-0.2711111009120941,0.0533333346247673,0.06583333015441895,-0.11714433133602142,-0.40733903646469116,-0.7927905917167664,-0.3417229950428009,-0.5831485390663147,0.800000011920929,0.7546640634536743,0
0,0.013333332724869251,0.2468516908891801,-0.009768863208591938,0.002530372701585293,0.0000247201223828597,0.9999490976333618,0.04394177719950676,-0.34984225034713745,-0.38265368342399597,0.2516807019710541,0.08888889104127884,0.22547534108161926,-0.45536839962005615,-0.10648549348115921,-0.10688244551420212,0.752568781375885,-0.27888888120651245,0.05666666850447655,0.06666667014360428,-0.11722183972597122,-0.4077054560184479,-0.7879012823104858,-0.34368500113487244,-0.5848422646522522,0.800000011920929,0.7556002140045166,0
0,0.013749999925494194,0.24692536223012249,-0.010074127465486526,0.002609438728541136,0.00002628924085001927,0.999945878982544,0.042523518204689026,-0.356087327003479,-0.3806225657463074,0.25077298283576965,0.09416666626930237,0.2297089397907257,-0.45565131306648254,-0.10501880198717117,-0.1085260659456253,0.7508909702301025,-0.2866666615009308,0.05999999865889549,0.06750000268220901,-0.11696863174438477,-0.40926650166511536,-0.7843011021614075,-0.3456231653690338,-0.586300790309906,0.800000011920929,0.7548931837081909,0
0,0.014166666194796562,0.24706427085477153,-0.01037939079105854,0.002688504057005048,0.00002790663711493835,0.9999425411224365,0.04005791246891022,-0.36233237385749817,-0.37714695930480957,0.24901847541332245,0.0994444414973259,0.23394253849983215,-0.4542951285839081,-0.10283448547124863,-0.11095312237739563,0.7471542954444885,-0.2944444417953491,0.06333333253860474,0.06833333522081375,-0.11576782166957855,-0.41168269515037537,-0.7804742455482483,-0.3472232222557068,-0.5874952673912048,0.800000011920929,0.7528139352798462,0
0,0.014583333395421505,0.24729619252759258,-0.01068465318530798,0.002767568686977029,0.00002957231117761694,0.9999390840530396,0.03736737370491028,-0.3685774505138397,-0.3744404911994934,0.2467794269323349,0.10472222417593002,0.2381761521100998,-0.451980322599411,-0.09909278899431229,-0.11295883357524872,0.7408069372177124,-0.30222222208976746,0.06666667014360428,0.06916666775941849,-0.11365080624818802,-0.41233325004577637,-0.7779324650764465,-0.34847500920295715,-0.5885884761810303,0.800000011920929,0.7477603554725647,0
0,0.014999999664723873,0.24759221899586956,-0.010989914648234844,0.0028466323856264353,0.000031286261219065636,0.9999355673789978,0.034167710691690445,-0.3748225271701813,-0.37174931168556213,0.2442801296710968,0.10999999940395355,0.24240975081920624,-0.4492177367210388,-0.09434077143669128,-0.11423392593860626,0.7334433197975159,-0.3100000023841858,0.07000000029802322,0.07000000029802322,-0.11094973981380463,-0.41391584277153015,-0.7771120667457581,-0.34895721077919006,-0.588629424571991,0.800000011920929,0.739967942237854,0
0,0.014516129158437252,0.24793899881917278,-0.010635417886078358,0.0027548163197934628,0.000029300388632691465,0.9999396204948425,0.031066952273249626,-0.3697899878025055,-0.36891984939575195,0.24263805150985718,0.10322580486536026,0.2391062080860138,-0.44550037384033203,-0.08825498074293137,-0.11477149277925491,0.7243934273719788,-0.29774194955825806,0.06290322542190552,0.06838709861040115,-0.10858599096536636,-0.41456809639930725,-0.7779924273490906,-0.3487451374530792,-0.5895615220069885,0.800000011920929,0.7339072823524475,0
0,0.014032257720828056,0.24836663234311382,-0.010280919261276722,0.002662999089807272,0.00002737962313403841,0.9999436140060425,0.027831345796585083,-0.3658343553543091,-0.36584460735321045,0.23979593813419342,0.09645161032676697,0.23580266535282135,-0.4395635426044464,-0.08309191465377808,-0.11537209898233414,0.710852861404419,-0.28548386693000793,0.05580645054578781,0.06677419692277908,-0.10390576720237732,-0.4151460528373718,-0.7823611497879028,-0.3490365147590637,-0.5873298048973083,0.800000011920929,0.7251019477844238,0
0,0.013548387214541435,0.2488927625425462,-0.009926418773829937,0.0025711809284985065,0.000025523961085127667,0.9999474287033081,0.02452372945845127,-0.36147260665893555,-0.3625684976577759,0.23540154099464417,0.08967741578817368,0.2324991226196289,-0.4324662983417511,-0.07779015600681305,-0.11711329221725464,0.6937269568443298,-0.2732258141040802,0.048709675669670105,0.06516128778457642,-0.09900558739900589,-0.41602930426597595,-0.7872660160064697,-0.34854891896247864,-0.5864529609680176,0.800000011920929,0.7142356038093567,0
0,0.01306451577693224,0.24949810731488506,-0.009571917355060577,0.00247936206869781,0.000023733398847980425,0.9999511241912842,0.021871957927942276,-0.35558125376701355,-0.35992172360420227,0.22816810011863708,0.08290322870016098,0.22919559478759766,-0.42384660243988037,-0.07094112038612366,-0.1190851554274559,0.6737028360366821,-0.2609677314758301,0.0416129045188427,0.06354838609695435,-0.09253313392400742,-0.4153665602207184,-0.7920815348625183,-0.3480819761753082,-0.5832377076148987,0.800000011920929,0.7007833123207092,0
0,0.012580645270645618,0.25013218152600564,-0.009217414073646069,0.002387541811913252,0.00002200795461249072,0.9999546408653259,0.018687227740883827,-0.3495907485485077,-0.3565010130405426,0.2232549786567688,0.07612903416156769,0.2258920520544052,-0.4155353605747223,-0.06339304894208908,-0.11991728097200394,0.6538975238800049,-0.24870967864990234,0.03451612964272499,0.061935484409332275,-0.08890193700790405,-0.41510289907455444,-0.7981440424919128,-0.3460615575313568,-0.5820363759994507,0.800000011920929,0.6892473101615906,0
0,0.012096773833036423,0.2508142970808152,-0.008862909860908985,0.0022957208566367626,0.000020347622921690345,0.9999580979347229,0.015456603839993477,-0.3418944478034973,-0.3520974814891815,0.21762509644031525,0.0693548396229744,0.22258850932121277,-0.40608271956443787,-0.05330008268356323,-0.11998431384563446,0.6324781179428101,-0.23645161092281342,0.027419354766607285,0.06032257899641991,-0.0846094936132431,-0.4135481119155884,-0.7996135354042053,-0.345093309879303,-0.5814011096954346,0.800000011920929,0.6768142580986023,0
0,0.011612903326749802,0.25147683250981606,-0.008508403785526752,0.0022038989700376987,0.000018752387404674664,0.9999613761901855,0.013088538311421871,-0.33489519357681274,-0.34823283553123474,0.211747944355011,0.0625806450843811,0.21928496658802032,-0.3963613212108612,-0.04330214858055115,-0.1191505715250969,0.6112455129623413,-0.2241935431957245,0.020322579890489578,0.058709677308797836,-0.07875870913267136,-0.4130335748195648,-0.7998899817466736,-0.34546932578086853,-0.5790671110153198,0.800000011920929,0.6609132885932922,0
0,0.011129031889140606,0.25213391411381997,-0.008153896778821945,0.002112076384946704,0.000017222262613358907,0.9999645352363586,0.009576820768415928,-0.3298071026802063,-0.34062159061431885,0.20935924351215363,0.05580645054578781,0.21598142385482788,-0.3830054700374603,-0.034018758684396744,-0.11768259853124619,0.5883253812789917,-0.21193549036979675,0.013225805014371872,0.057096775621175766,-0.07353461533784866,-0.41147807240486145,-0.800000011920929,-0.3473207652568817,-0.5723186135292053,0.800000011920929,0.6426637172698975,0
0,0.010645161382853985,0.2528046749837998,-0.007799387909471989,0.002020252402871847,0.00001575724672875367,0.9999675154685974,0.0061476584523916245,-0.32377588748931885,-0.33356577157974243,0.20736779272556305,0.04903225600719452,0.21267788112163544,-0.3685196340084076,-0.023336049169301987,-0.11415452510118484,0.5626528859138489,-0.19967742264270782,0.006129030603915453,0.0554838702082634,-0.06838952749967575,-0.41012874245643616,-0.800000011920929,-0.3495330214500427,-0.5746365189552307,0.800000011920929,0.6276541948318481,0
0,0.010161289945244789,0.25349269139844216,-0.007444878574460745,0.0019284283043816686,0.00001435733702237485,0.9999704360961914,0.00155252602417022,-0.319571316242218,-0.32722872495651245,0.20627151429653168,0.042258065193891525,0.2093743532896042,-0.3516988754272461,-0.014648299664258957,-0.11134549975395203,0.5302324295043945,-0.1874193549156189,-0.0009677436319179833,0.05387096852064133,-0.061117902398109436,-0.4094211459159851,-0.800000011920929,-0.35403645038604736,-0.5707557797431946,0.800000011920929,0.6068801879882812,0
0,0.009677419438958168,0.2543208681352738,-0.007090367842465639,0.0018366032745689154,0.000013022543498664163,0.9999731779098511,-0.0015769802266731858,-0.31469541788101196,-0.3206465244293213,0.20611147582530975,0.03548387065529823,0.20607081055641174,-0.32986190915107727,-0.006345266476273537,-0.10988390445709229,0.4916803240776062,-0.17516128718852997,-0.008064517751336098,0.05225806310772896,-0.055936019867658615,-0.4092763662338257,-0.800000011920929,-0.3571469485759735,-0.5675672292709351,0.800000011920929,0.5853173136711121,0
0,0.009193548001348972,0.25500262606221474,-0.0067358557134866714,0.0017447774298489094,0.000011752854334190488,0.9999758005142212,-0.0027109640650451183,-0.3102211356163025,-0.3149806261062622,0.20081356167793274,0.02870967611670494,0.2027672678232193,-0.31050264835357666,0.004573336802423,-0.10085298120975494,0.4586179256439209,-0.16290323436260223,-0.015161292627453804,0.05064516142010689,-0.048018839210271835,-0.41245734691619873,-0.800000011920929,-0.3607594668865204,-0.5608004927635193,0.800000011920929,0.5580247044563293,0
0,0.008709677495062351,0.255597391010106,-0.0063813431188464165,0.0016529510030522943,0.000010548274985922035,0.999978244304657,-0.007318209391087294,-0.3058510720729828,-0.30803120136260986,0.20100286602973938,0.021935483440756798,0.19946372509002686,-0.2934683561325073,0.014394653029739857,-0.09284648299217224,0.4271460473537445,-0.1506451666355133,-0.02225806750357151,0.04903225973248482,-0.04192249849438667,-0.41049206256866455,-0.800000011920929,-0.3635169565677643,-0.5573955774307251,0.800000011920929,0.5388745069503784,0
0,0.008225806057453156,0.25622645843106545,-0.006026829592883587,0.0015611238777637482,0.000009408809091837611,0.999980628490448,-0.010451853275299072,-0.3009471595287323,-0.30265694856643677,0.1985914260149002,0.015161288902163506,0.1961601823568344,-0.2753433883190155,0.02455531433224678,-0.08399626612663269,0.3927863538265228,-0.13838709890842438,-0.029354840517044067,0.04741935431957245,-0.038284994661808014,-0.41433241963386536,-0.800000011920929,-0.3655692934989929,-0.5538714528083801,0.800000011920929,0.5125887989997864,0
0,0.007741935085505247,0.25676146972256936,-0.005672314669936895,0.0014692962868139148,0.000008334452104463708,0.9999828338623047,-0.015019855462014675,-0.2956412434577942,-0.29579031467437744,0.19764159619808197,0.008387095294892788,0.19285663962364197,-0.25908440351486206,0.0358165018260479,-0.0711531788110733,0.36328622698783875,-0.12612903118133545,-0.036451615393161774,0.04580645263195038,-0.033665094524621964,-0.41765856742858887,-0.800000011920929,-0.3677709698677063,-0.5497448444366455,0.800000011920929,0.4891921877861023,0
0,0.007258064579218626,0.25724659192639626,-0.0053177992813289165,0.0013774678809568286,0.00000732520675228443,0.9999849200248718,-0.01942465268075466,-0.2898769676685333,-0.28862765431404114,0.1950150728225708,0.0016129021532833576,0.18955311179161072,-0.24110060930252075,0.048007603734731674,-0.055567558854818344,0.33083686232566833,-0.11387097090482712,-0.04354839026927948,0.04419354721903801,-0.027642562985420227,-0.42104098200798035,-0.800000011920929,-0.3706362247467041,-0.5422421097755432,0.800000011920929,0.4642539620399475,0
0,0.006774193607270718,0.2576602183588151,-0.004963282961398363,0.001285639125853777,0.000006381073035299778,0.9999868273735046,-0.023821312934160233,-0.2845309376716614,-0.28111597895622253,0.1919761449098587,-0.00516129145398736,0.18624956905841827,-0.22335904836654663,0.059016089886426926,-0.04043962433934212,0.29884257912635803,-0.10161290317773819,-0.050645165145397186,0.04258064553141594,-0.025649692863225937,-0.42499828338623047,-0.800000011920929,-0.37307870388031006,-0.5372267961502075,0.800000011920929,0.442048579454422,0
0,0.006290322635322809,0.2580316745050553,-0.004608765710145235,0.0011938097886741161,0.000005502050953509752,0.9999886751174927,-0.027322690933942795,-0.2785331606864929,-0.2732744514942169,0.1894722431898117,-0.01193548459559679,0.18294602632522583,-0.20621344447135925,0.06984832137823105,-0.026366321370005608,0.26768404245376587,-0.08935484290122986,-0.05774194002151489,0.04096774011850357,-0.025218874216079712,-0.4278729259967804,-0.800000011920929,-0.373348206281662,-0.5323238968849182,0.800000011920929,0.4183007478713989,0
0,0.005806451663374901,0.2583707653291825,-0.00425424799323082,0.0011019801022484899,0.000004688140506914351,0.9999903440475464,-0.028782948851585388,-0.2717684805393219,-0.2652879059314728,0.1823393851518631,-0.018709678202867508,0.1796424835920334,-0.18765504658222198,0.07967891544103622,-0.015900641679763794,0.23358744382858276,-0.07709677517414093,-0.0648387148976326,0.0393548384308815,-0.023136306554079056,-0.4274635910987854,-0.800000011920929,-0.3678804636001587,-0.5262964367866516,0.800000011920929,0.39327314496040344,0
0,0.005322580691426992,0.25868771302777566,-0.0038997295778244734,0.0010101498337462544,0.000003939342150260927,0.9999918937683105,-0.02937406860291958,-0.26481640338897705,-0.2607882022857666,0.17472119629383087,-0.0254838727414608,0.17633894085884094,-0.17083638906478882,0.08826413750648499,-0.006538504268974066,0.20079077780246735,-0.064838707447052,-0.0719354897737503,0.03774193674325943,-0.022485094144940376,-0.42928609251976013,-0.800000011920929,-0.3709975481033325,-0.5177240371704102,0.800000011920929,0.37624117732048035,0
0,0.004838709719479084,0.25890738594609536,-0.0035452106967568398,0.0009183192742057145,0.0000032556558835494798,0.9999932646751404,-0.02949368953704834,-0.25714635848999023,-0.25781571865081787,0.16811713576316833,-0.03225806728005409,0.1730353981256485,-0.1542612910270691,0.09798184037208557,0.004507592413574457,0.16894136369228363,-0.05258064717054367,-0.07903226464986801,0.03612903133034706,-0.022537164390087128,-0.43039071559906006,-0.800000011920929,-0.3723066747188568,-0.5103873014450073,0.800000011920929,0.36009007692337036,0
0,0.004354838747531176,0.25908810722905434,-0.003190691117197275,0.0008264884236268699,0.0000026370826162747107,0.9999945759773254,-0.030048802495002747,-0.24976791441440582,-0.25521156191825867,0.16331030428409576,-0.039032258093357086,0.16973187029361725,-0.14034008979797363,0.10684417933225632,0.01594090275466442,0.14351679384708405,-0.04032257944345474,-0.08612903952598572,0.03451612964272499,-0.02250516414642334,-0.4281902611255646,-0.800000011920929,-0.3731710612773895,-0.4995713233947754,0.800000011920929,0.34580865502357483,0
0,0.0038709675427526236,0.25922755229550637,-0.0028361710719764233,0.000734657165594399,0.0000020836209841945674,0.9999957084655762,-0.03145794942975044,-0.24306611716747284,-0.2517954111099243,0.16156499087810516,-0.04580645263195038,0.1664283275604248,-0.12722527980804443,0.11488829553127289,0.027428997680544853,0.12167028337717056,-0.028064517304301262,-0.09322581440210342,0.03290322422981262,-0.02398121915757656,-0.4333075284957886,-0.800000011920929,-0.3758312165737152,-0.4906803071498871,0.800000011920929,0.33203577995300293,0
0,0.003387096803635359,0.25935617911893166,-0.002481650561094284,0.0006428256747312844,0.000001595272919985291,0.9999967217445374,-0.03326622396707535,-0.23668791353702545,-0.2501172721385956,0.16097392141819,-0.05258064717054367,0.16312478482723236,-0.1161562129855156,0.12153680622577667,0.03513774648308754,0.10275265574455261,-0.015806451439857483,-0.10032258182764053,0.03129032254219055,-0.024093445390462875,-0.4355434477329254,-0.800000011920929,-0.37885910272598267,-0.4853867292404175,0.800000011920929,0.3214600682258606,0
0,0.0029032258316874504,0.2593852065809373,-0.002127129817381501,0.0005509938346222043,0.0000011720366046574782,0.9999975562095642,-0.03643327206373215,-0.22995811700820923,-0.2469407021999359,0.16222943365573883,-0.05935484170913696,0.15982124209403992,-0.10734415799379349,0.1291806846857071,0.04328148066997528,0.09015805274248123,-0.0035483872052282095,-0.10741935670375824,0.029677418991923332,-0.023432355374097824,-0.43975651264190674,-0.800000011920929,-0.3814859986305237,-0.48103439807891846,0.800000011920929,0.30988016724586487,0
0,0.002419354859739542,0.259339370609105,-0.001772608608007431,0.0004591618780978024,8.139144824781397e-7,0.9999983310699463,-0.040496040135622025,-0.22436904907226562,-0.24421952664852142,0.16795015335083008,-0.06612903624773026,0.15651769936084747,-0.09986291080713272,0.13611967861652374,0.05248400568962097,0.0810234397649765,0.008709677495062351,-0.11451613157987595,0.028064515441656113,-0.02152838371694088,-0.44285425543785095,-0.800000011920929,-0.3873726427555084,-0.47981026768684387,0.800000011920929,0.3032222390174866,0
0,0.0019354837713763118,0.25932622778493203,-0.001418087282218039,0.0003673297178465873,5.20905587109155e-7,0.999998927116394,-0.04432576894760132,-0.21925105154514313,-0.24083895981311798,0.17224153876304626,-0.07290323078632355,0.15321415662765503,-0.0929122120141983,0.14198754727840424,0.06010706350207329,0.07155989110469818,0.020967742428183556,-0.12161290645599365,0.026451611891388893,-0.02039777673780918,-0.4462967813014984,-0.800000011920929,-0.39520466327667236,-0.4764300286769867,0.800000011920929,0.2982061505317688,0
0,0.0014516129158437252,0.2593107603796128,-0.0010635656071826816,0.00027549738297238946,2.930097480202676e-7,0.9999994039535522,-0.04691554978489876,-0.2142144739627838,-0.23804828524589539,0.17533156275749207,-0.07967741787433624,0.14991062879562378,-0.08752121031284332,0.1472332924604416,0.06539860367774963,0.06402266025543213,0.033225808292627335,-0.12870968878269196,0.024838710203766823,-0.020776797086000443,-0.44956210255622864,-0.800000011920929,-0.40111953020095825,-0.4746500253677368,0.800000011920929,0.2933337092399597,0
0,0.0009677418856881559,0.2592631362684373,-0.0007090438157320023,0.0001836649898905307,1.3022471989643236e-7,0.9999997019767761,-0.05158151686191559,-0.2088998556137085,-0.23376698791980743,0.17951254546642303,-0.08645161241292953,0.14660708606243134,-0.08244111388921738,0.15285110473632812,0.0725066140294075,0.05844226852059364,0.045483872294425964,-0.13580645620822906,0.023225806653499603,-0.018557853996753693,-0.45421352982521057,-0.800000011920929,-0.40994709730148315,-0.4707666039466858,0.800000011920929,0.2879018783569336,0
0,0.00048387094284407794,0.25922445285397805,-0.0003545219369698316,0.00009183250949718058,3.255538061353036e-8,0.9999999403953552,-0.056205954402685165,-0.20458585023880005,-0.23018120229244232,0.18607905507087708,-0.09322580695152283,0.1433035433292389,-0.07884354889392853,0.15720313787460327,0.0777151808142662,0.054936498403549194,0.057741936296224594,-0.14290323853492737,0.021612903103232384,-0.018111903220415115,-0.45659032464027405,-0.800000011920929,-0.4195880889892578,-0.4707138240337372,0.800000011920929,0.2839241623878479,0
0,0,0.2591550432451371,3.56321771010754e-34,3.7829265565264e-22,-9.419209119274075e-13,1,-0.060965824872255325,-0.20027419924736023,-0.22675271332263947,0.1933729648590088,-0.10000000149011612,0.14000000059604645,-0.07508869469165802,0.16220378875732422,0.08558395504951477,0.052425093948841095,0.07000000029802322,-0.15000000596046448,0.019999999552965164,-0.01526256836950779,-0.46015408635139465,-0.800000011920929,-0.4268375039100647,-0.4691891670227051,0.800000011920929,0.2786041796207428,0
0,-0.0003947368240915239,0.25907040464955605,0.00043680568342097104,0.00004353434997028671,-1.901744361987312e-8,0.9999998807907104,-0.06573478877544403,-0.1953863948583603,-0.22293871641159058,0.20048591494560242,-0.10686046630144119,0.13500000536441803,-0.07140961289405823,0.1676134318113327,0.09242913126945496,0.0490630567073822,0.07473684102296829,-0.15031000971794128,0.019473683089017868,-0.014356028288602829,-0.46536287665367126,-0.800000011920929,-0.43682926893234253,-0.46787774562835693,0.800000011920929,0.2747545838356018,0
0,-0.0007894736481830478,0.2589816831358079,0.0008736113086342812,0.00008706867083674297,-7.6065632015343e-8,0.9999996423721313,-0.07048983871936798,-0.19080203771591187,-0.22002287209033966,0.20991367101669312,-0.11372093111276627,0.12999999523162842,-0.0679856687784195,0.17310340702533722,0.09986458718776703,0.04977608099579811,0.07947368174791336,-0.15062002837657928,0.01894736848771572,-0.012953799217939377,-0.47050464153289795,-0.800000011920929,-0.4453693926334381,-0.46591809391975403,0.800000011920929,0.2727450132369995,0
0,-0.0011842105304822326,0.258854933858693,0.001310416730120778,0.00013060294440947473,-1.7114525974193384e-7,0.9999991059303284,-0.07624311745166779,-0.18637222051620483,-0.21626625955104828,0.22075247764587402,-0.12058139592409134,0.125,-0.06522370129823685,0.17859211564064026,0.1077892929315567,0.04968075826764107,0.08421052992343903,-0.1509300321340561,0.018421052023768425,-0.012391277588903904,-0.4737020432949066,-0.800000011920929,-0.4568789601325989,-0.46735879778862,0.800000011920929,0.27277734875679016,0
0,-0.0015789472963660955,0.258716949106038,0.0017472219187766314,0.00017413713794667274,-3.0425968589042895e-7,0.9999984502792358,-0.08104758709669113,-0.1810704916715622,-0.21332964301109314,0.22975224256515503,-0.12744185328483582,0.11999999731779099,-0.06325895339250565,0.18459786474704742,0.1142345741391182,0.05033961310982704,0.0889473706483841,-0.1512400507926941,0.01789473555982113,-0.01230307575315237,-0.4774196743965149,-0.800000011920929,-0.46798384189605713,-0.4651110768318176,0.800000011920929,0.2725774347782135,0
0,-0.0019736841786652803,0.25855190384465493,0.0021840266417711973,0.00021767124417237937,-4.7540117975586327e-7,0.999997615814209,-0.08690452575683594,-0.17585909366607666,-0.21083234250545502,0.24079038202762604,-0.1343023180961609,0.11500000208616257,-0.06126080080866814,0.19062234461307526,0.1184944361448288,0.051174409687519073,0.09368421137332916,-0.1515500545501709,0.017368420958518982,-0.013102556578814983,-0.4815342426300049,-0.800000011920929,-0.47836965322494507,-0.4620656371116638,0.800000011920929,0.27187055349349976,0
0,-0.002368421060964465,0.2583831630952958,0.0026208311319351196,0.0002612051903270185,-6.845776852060226e-7,0.999996542930603,-0.09247525036334991,-0.1687786877155304,-0.20794527232646942,0.2500357925891876,-0.14116278290748596,0.10999999940395355,-0.05848957225680351,0.19811217486858368,0.12826654314994812,0.04964317008852959,0.09842105209827423,-0.1518600732088089,0.016842104494571686,-0.011751045472919941,-0.48442012071609497,-0.800000011920929,-0.4892539381980896,-0.46231311559677124,0.800000011920929,0.2730778753757477,0
0,-0.00276315794326365,0.2581715368040208,0.003057634923607111,0.0003047390200663358,-9.317861895397073e-7,0.9999952912330627,-0.09972316771745682,-0.16155049204826355,-0.2050655633211136,0.26251497864723206,-0.14802324771881104,0.10499999672174454,-0.058039695024490356,0.20612847805023193,0.13382188975811005,0.052443623542785645,0.1031578928232193,-0.1521700769662857,0.01631578989326954,-0.011441082693636417,-0.4904019832611084,-0.800000011920929,-0.5021759271621704,-0.4654861390590668,0.800000011920929,0.27526426315307617,0
0,-0.003157894592732191,0.25791490900594033,0.003494438249617815,0.0003482727042865008,-0.0000012170256695753778,0.9999938607215881,-0.1074436753988266,-0.15355633199214935,-0.20159731805324554,0.27496251463890076,-0.1548837125301361,0.10000000149011612,-0.05675584077835083,0.21495726704597473,0.14181700348854065,0.05279920622706413,0.10789473354816437,-0.1524800956249237,0.015789473429322243,-0.009918784722685814,-0.49513372778892517,-0.800000011920929,-0.5180149078369141,-0.4653286933898926,0.800000011920929,0.2769243121147156,0
0,-0.003552631475031376,0.2576611124284867,0.0039312406443059444,0.00039180615567602217,-0.0000015402972621814115,0.9999921917915344,-0.11630576103925705,-0.1451607644557953,-0.1966298371553421,0.2894158959388733,-0.16174417734146118,0.0949999988079071,-0.056430574506521225,0.22421932220458984,0.15047678351402283,0.05592409521341324,0.11263158172369003,-0.1527900993824005,0.015263157896697521,-0.008150100708007812,-0.5000683665275574,-0.800000011920929,-0.5321943163871765,-0.4665263593196869,0.800000011920929,0.2784148156642914,0
0,-0.003947368357330561,0.25738708007413186,0.0043680425733327866,0.0004353393742348999,-0.000001901599830489431,0.9999903440475464,-0.12418000400066376,-0.13576455414295197,-0.19174276292324066,0.30124008655548096,-0.16860464215278625,0.09000000357627869,-0.05437129735946655,0.23432111740112305,0.1604539453983307,0.05636986717581749,0.1173684224486351,-0.1531001180410385,0.014736841432750225,-0.005884602665901184,-0.5058390498161316,-0.800000011920929,-0.5440930724143982,-0.4672165811061859,0.800000011920929,0.2781389355659485,0
0,-0.0043421052396297455,0.2571295284040574,0.004804843571037054,0.0004788723308593035,-0.0000023009338292467874,0.999988317489624,-0.13153395056724548,-0.1269693523645401,-0.1854703724384308,0.3107053339481354,-0.17546510696411133,0.08500000089406967,-0.05292826518416405,0.24258777499198914,0.169681116938591,0.05672983452677727,0.12210526317358017,-0.15341012179851532,0.014210525900125504,-0.0026811466086655855,-0.5111880898475647,-0.800000011920929,-0.5582237839698792,-0.4666455090045929,0.800000011920929,0.27531057596206665,0
0,-0.00473684212192893,0.25684575069028176,0.005241643637418747,0.000522405025549233,-0.0000027382995995139936,0.9999861121177673,-0.13938724994659424,-0.11755377054214478,-0.1814424991607666,0.32150182127952576,-0.1823255717754364,0.07999999821186066,-0.05217556655406952,0.25223612785339355,0.18110360205173492,0.05917892977595329,0.12684211134910583,-0.15372014045715332,0.013684210367500782,0.0007215321529656649,-0.5157586932182312,-0.800000011920929,-0.5732338428497314,-0.4640175998210907,0.800000011920929,0.27506518363952637,0
0,-0.005131579004228115,0.25648636448460854,0.005678442772477865,0.0005659374292008579,-0.0000032136961181095103,0.9999837279319763,-0.14598774909973145,-0.10757076740264893,-0.17620816826820374,0.3329603970050812,-0.18918603658676147,0.07500000298023224,-0.05314294621348381,0.2618873119354248,0.18879008293151855,0.06496142596006393,0.1315789520740509,-0.15403014421463013,0.01315789483487606,0.004796482622623444,-0.5199114084243774,-0.800000011920929,-0.5882748961448669,-0.4557398557662964,0.800000011920929,0.2702118158340454,0
0,-0.0055263158865273,0.2560754202612046,0.006115240510553122,0.0006094694836065173,-0.0000037271240671543637,0.9999811053276062,-0.1536189615726471,-0.0980052724480629,-0.17316773533821106,0.34576722979545593,-0.19604650139808655,0.07000000029802322,-0.052770595997571945,0.27158793807029724,0.20044708251953125,0.06828049570322037,0.13631579279899597,-0.15434016287326813,0.012631578370928764,0.0096670500934124,-0.5244652032852173,-0.800000011920929,-0.603567898273468,-0.4505133628845215,0.800000011920929,0.2663903534412384,0
0,-0.005921052303165197,0.25564081299382485,0.006552037317305803,0.0006530011887662113,-0.000004278581855032826,0.9999783039093018,-0.16095200181007385,-0.08735085278749466,-0.16707198321819305,0.35933923721313477,-0.20290696620941162,0.06499999761581421,-0.05128893256187439,0.2822524309158325,0.21231938898563385,0.07164935767650604,0.14105263352394104,-0.15465016663074493,0.012105262838304043,0.014524661935865879,-0.5301721096038818,-0.800000011920929,-0.617218017578125,-0.44712162017822266,0.800000011920929,0.26112815737724304,0
0,-0.006315789185464382,0.25515548217374123,0.006988832727074623,0.0006965326028876007,-0.0000048680713007343,0.999975323677063,-0.1713964194059372,-0.07670792937278748,-0.15914413332939148,0.3772769272327423,-0.2097674310207367,0.05999999865889549,-0.04932957515120506,0.2934809923171997,0.22129260003566742,0.07704192399978638,0.1457894742488861,-0.15496018528938293,0.011578947305679321,0.021116087213158607,-0.5348170399665833,-0.800000011920929,-0.6324056386947632,-0.44183579087257385,0.800000011920929,0.25584137439727783,0
0,-0.006710526067763567,0.25464362728673257,0.007425626739859581,0.0007400635513477027,-0.000005495588084158953,0.9999721646308899,-0.1808370053768158,-0.06707070767879486,-0.15234780311584473,0.39479172229766846,-0.21662789583206177,0.054999999701976776,-0.04718749225139618,0.30420613288879395,0.23444409668445587,0.0823512077331543,0.15052631497383118,-0.15527018904685974,0.0110526317730546,0.026615697890520096,-0.5392473936080933,-0.800000011920929,-0.6416113972663879,-0.4324389398097992,0.800000011920929,0.2468232959508896,0
0,-0.007105262950062752,0.25416288602429665,0.00786241888999939,0.0007835940923541784,-0.000006161138117022347,0.9999687671661377,-0.19121085107326508,-0.05689955875277519,-0.14702671766281128,0.41527339816093445,-0.22348836064338684,0.05000000074505806,-0.04393180459737778,0.3153199851512909,0.24530521035194397,0.08463746309280396,0.15526315569877625,-0.15558020770549774,0.010526315309107304,0.033392611891031265,-0.5424004793167114,-0.800000011920929,-0.6538336277008057,-0.4255218207836151,0.800000011920929,0.23979799449443817,0
0,-0.007499999832361937,0.25378695952969826,0.008299210108816624,0.0008271241094917059,-0.0000068647173065983225,0.9999651908874512,-0.2003660947084427,-0.052174754440784454,-0.14359895884990692,0.4296433925628662,-0.23034882545471191,0.04500000178813934,-0.041084591299295425,0.32374662160873413,0.2546357214450836,0.0856393426656723,0.1599999964237213,-0.15589021146297455,0.009999999776482582,0.03868060186505318,-0.5407298803329468,-0.800000011920929,-0.6620409488677979,-0.4194362163543701,0.800000011920929,0.2339889258146286,0
0,-0.007894736714661121,0.25336311090070046,0.008735999464988708,0.000870653719175607,-0.0000076063256528868806,0.9999614357948303,-0.2098829448223114,-0.044790834188461304,-0.14070652425289154,0.44647935032844543,-0.237209290266037,0.03999999910593033,-0.03782548010349274,0.33297091722488403,0.2681790590286255,0.0858505517244339,0.16473683714866638,-0.15620021522045135,0.00947368424385786,0.04661918804049492,-0.5400667190551758,-0.800000011920929,-0.6723774075508118,-0.4126615822315216,0.800000011920929,0.22523771226406097,0
0,-0.008289473131299019,0.2528483353860978,0.009172786958515644,0.0009141828049905598,-0.000008385960427403916,0.9999575018882751,-0.2196648269891739,-0.03772389888763428,-0.13382993638515472,0.46123620867729187,-0.24406975507736206,0.03500000014901161,-0.0337085947394371,0.3399624228477478,0.2785262167453766,0.0864451602101326,0.16947367787361145,-0.15651023387908936,0.008947367779910564,0.05370738357305527,-0.5423566699028015,-0.800000011920929,-0.6839811205863953,-0.4052789807319641,0.800000011920929,0.2171911895275116,0
0,-0.008684210479259491,0.2523790084131364,0.009609573520720005,0.0009577113669365644,-0.00000920362799661234,0.9999533891677856,-0.22999536991119385,-0.03003978356719017,-0.12612241506576538,0.47743701934814453,-0.25093021988868713,0.029999999329447746,-0.029218152165412903,0.3467092216014862,0.29078713059425354,0.08482286334037781,0.1742105334997177,-0.15682023763656616,0.008421052247285843,0.06230998411774635,-0.5440971851348877,-0.800000011920929,-0.6960141658782959,-0.39955583214759827,0.800000011920929,0.20913150906562805,0
0,-0.009078946895897388,0.25186751115399636,0.010046357288956642,0.001001239288598299,-0.000010059321539301891,0.999949038028717,-0.239314466714859,-0.022888507694005966,-0.12033902853727341,0.49254825711250305,-0.2577906847000122,0.02500000037252903,-0.02547372877597809,0.35294008255004883,0.29889166355133057,0.08608788996934891,0.17894737422466278,-0.15713025629520416,0.007894736714661121,0.0695018619298935,-0.5455482006072998,-0.7997921705245972,-0.7067390084266663,-0.394229918718338,0.800000011920929,0.201900914311409,0
0,-0.00947368424385786,0.2513603054292802,0.01048313919454813,0.0010447668610140681,-0.000010953041055472568,0.9999445080757141,-0.2474784553050995,-0.015444003976881504,-0.1155739277601242,0.5082963109016418,-0.2646511495113373,0.019999999552965164,-0.0226859413087368,0.35962072014808655,0.3115405738353729,0.08734950423240662,0.18368421494960785,-0.15744026005268097,0.0073684207163751125,0.07609885931015015,-0.5520725846290588,-0.7925313711166382,-0.7248781323432922,-0.3875049948692322,0.800000011920929,0.19339913129806519,0
0,-0.009868420660495758,0.25091979730206765,0.010919919237494469,0.0010882936185225844,-0.00001188479654956609,0.9999397993087769,-0.25471988320350647,-0.009784051217138767,-0.11192391812801361,0.5241127014160156,-0.27151161432266235,0.014999999664723873,-0.01965590938925743,0.36546218395233154,0.3186924457550049,0.08887753635644913,0.18842105567455292,-0.15775027871131897,0.006842105183750391,0.08027277886867523,-0.555141270160675,-0.781309962272644,-0.7434975504875183,-0.38339054584503174,0.800000011920929,0.18551060557365417,0
0,-0.01026315800845623,0.2505468808420304,0.011356696486473083,0.0011318199103698134,-0.00001285457346966723,0.9999348521232605,-0.26228785514831543,-0.0029192143119871616,-0.10624497383832932,0.5390746593475342,-0.2783720791339874,0.009999999776482582,-0.016553377732634544,0.3718723952770233,0.3285413682460785,0.09146630018949509,0.19315789639949799,-0.15806028246879578,0.006315789185464382,0.08553868532180786,-0.5564081072807312,-0.7698577046394348,-0.7629137635231018,-0.3796108365058899,0.800000011920929,0.17746126651763916,0
0,-0.010657894425094128,0.25019247162419594,0.011793472804129124,0.0011753455037251115,-0.0000138623781822389,0.9999297857284546,-0.269358366727829,0.0033928994089365005,-0.09852616488933563,0.5530451536178589,-0.2852325439453125,0.004999999422580004,-0.012897951528429985,0.3768174946308136,0.33618053793907166,0.09446563571691513,0.19789473712444305,-0.15837030112743378,0.005789473652839661,0.09012935310602188,-0.5569397211074829,-0.7581642270088196,-0.7829232215881348,-0.3758551776409149,0.799781084060669,0.16964685916900635,0
0,-0.0110526317730546,0.24985496032315532,0.012230245396494865,0.0012188703985884786,-0.0000149082115967758,0.9999244809150696,-0.275931179523468,0.008802426978945732,-0.09069466590881348,0.5674048066139221,-0.2920930087566376,-3.9213582381236733e-10,-0.009404175914824009,0.38059014081954956,0.34361910820007324,0.09657588601112366,0.20263157784938812,-0.15868030488491058,0.005263157654553652,0.09478690475225449,-0.5561640858650208,-0.7489393949508667,-0.7995815277099609,-0.3703761398792267,0.7949822545051575,0.16262945532798767,0
0,-0.011447368189692497,0.24953682053166668,0.012667016126215458,0.0012623947113752365,-0.00001599206734681502,0.9999189972877502,-0.28164732456207275,0.013369125314056873,-0.0833037719130516,0.5782632827758789,-0.29895347356796265,-0.005000000353902578,-0.006387409288436174,0.38276708126068115,0.3501812219619751,0.09786985069513321,0.2073684185743332,-0.15899032354354858,0.00473684212192893,0.09824284166097641,-0.5576078295707703,-0.7476162314414978,-0.799998939037323,-0.36485475301742554,0.7879876494407654,0.15833662450313568,0
0,-0.011842104606330395,0.24927965629178325,0.013103784993290901,0.0013059180928394198,-0.000017113954527303576,0.9999132752418518,-0.287079781293869,0.017769014462828636,-0.07699693739414215,0.5880123972892761,-0.3058139383792877,-0.010000000707805157,-0.003737417748197913,0.38518908619880676,0.35750874876976013,0.09785398095846176,0.21210525929927826,-0.1593003273010254,0.0042105261236429214,0.10223133862018585,-0.561418354511261,-0.7495169639587402,-0.800000011920929,-0.3605518341064453,0.7813615798950195,0.15608178079128265,0
0,-0.012236841954290867,0.2490266941793565,0.013540550135076046,0.001349440892226994,-0.00001827386222430505,0.9999074339866638,-0.2918976843357086,0.021781034767627716,-0.07195229828357697,0.5974592566490173,-0.3126744031906128,-0.015000000596046448,-0.0005996241816319525,0.3876071870326996,0.3669813573360443,0.09742013365030289,0.21684210002422333,-0.1596103459596634,0.0036842103581875563,0.1071661040186882,-0.5649198293685913,-0.7536559104919434,-0.800000011920929,-0.35758474469184875,0.7749313116073608,0.15476806461811066,0
0,-0.012631578370928764,0.2488052927263383,0.013977313414216042,0.0013929627602919936,-0.000019471799532766454,0.9999013543128967,-0.2970838248729706,0.025858359411358833,-0.06604625284671783,0.6074554920196533,-0.31953486800193787,-0.020000001415610313,0.0034197119530290365,0.389698326587677,0.37416672706604004,0.09575410187244415,0.2215789407491684,-0.1599203497171402,0.003157894592732191,0.11243665218353271,-0.5681138634681702,-0.7593377232551575,-0.800000011920929,-0.3554963171482086,0.7697455286979675,0.15438885986804962,0
0,-0.013026315718889236,0.24857420551854412,0.014414073899388313,0.0014364838134497404,-0.000020707757357740775,0.9998950958251953,-0.302518755197525,0.028970954939723015,-0.06156424060463905,0.6175045371055603,-0.32639533281326294,-0.02500000037252903,0.007646951358765364,0.39116397500038147,0.3802991509437561,0.09470845013856888,0.22631579637527466,-0.1602303683757782,0.002631578827276826,0.11744312196969986,-0.5717977285385132,-0.765615701675415,-0.800000011920929,-0.3512737452983856,0.7653046250343323,0.1533086895942688,0
0,-0.013421052135527134,0.24840916025716106,0.014850831590592861,0.001480004284530878,-0.000021981742975185625,0.9998885989189148,-0.3077351450920105,0.031984005123376846,-0.05615607276558876,0.6262230277061462,-0.333255797624588,-0.030000001192092896,0.011723536998033524,0.39239248633384705,0.3863796889781952,0.09383096545934677,0.23105263710021973,-0.160540372133255,0.0021052630618214607,0.12246963381767273,-0.5748996138572693,-0.7715597152709961,-0.800000011920929,-0.34866419434547424,0.761666476726532,0.15230724215507507,0
0,-0.013815789483487606,0.24825681078511516,0.015287586487829685,0.0015235235914587975,-0.00002329374910914339,0.9998819828033447,-0.31223371624946594,0.03394056111574173,-0.05208933353424072,0.6347851157188416,-0.3401162624359131,-0.03500000014901161,0.014971143566071987,0.3931417167186737,0.3929441571235657,0.09361223876476288,0.2357894778251648,-0.160850390791893,0.0015789472963660955,0.12596029043197632,-0.5781701803207397,-0.77739417552948,-0.800000011920929,-0.3475338816642761,0.7585781812667847,0.15146440267562866,0
0,-0.014210525900125504,0.2481542907961015,0.015724338591098785,0.0015670423163101077,-0.000024643781216582283,0.9998751282691956,-0.31643351912498474,0.03563886135816574,-0.0487559549510479,0.642798125743866,-0.34697672724723816,-0.03999999910593033,0.017792334780097008,0.39413753151893616,0.3986733555793762,0.09221342206001282,0.24052631855010986,-0.1611603945493698,0.0010526315309107304,0.12811653316020966,-0.5797414183616638,-0.7826157808303833,-0.800000011920929,-0.34678637981414795,0.756458044052124,0.15114405751228333,0
0,-0.014605263248085976,0.2480612777479295,0.016161086037755013,0.0016105598770081997,-0.00002603183384053409,0.9998680949211121,-0.320330411195755,0.03647499158978462,-0.04702631011605263,0.6497993469238281,-0.35383719205856323,-0.04500000178813934,0.02008986286818981,0.39482104778289795,0.4039468467235565,0.09129415452480316,0.24526315927505493,-0.1614704132080078,0.0005263157654553652,0.13012295961380005,-0.5813183188438416,-0.7868431806564331,-0.800000011920929,-0.34636226296424866,0.7547354698181152,0.1506655514240265,0
0,-0.014999999664723873,0.248023726821721,0.01659783162176609,0.0016540767392143607,-0.000027457906980998814,0.9998608827590942,-0.32357731461524963,0.03650540113449097,-0.04610269144177437,0.6553705930709839,-0.3606976568698883,-0.05000000074505806,0.021661987528204918,0.3950256109237671,0.40713047981262207,0.08945823460817337,0.25,-0.16178041696548462,0,0.13122287392616272,-0.5832555294036865,-0.7904776334762573,-0.800000011920929,-0.34687474370002747,0.7538371682167053,0.1503172367811203,0
0,-0.01459459401667118,0.2480183922060136,0.016149282455444336,0.001609383849427104,-0.00002599382059997879,0.9998682737350464,-0.32592037320137024,0.032275523990392685,-0.046987783163785934,0.659408688545227,-0.353651762008667,-0.04675675928592682,0.0222200658172369,0.3945419192314148,0.4090883731842041,0.08763539046049118,0.2432432472705841,-0.15821878612041473,0,0.13115723431110382,-0.5846265554428101,-0.793174684047699,-0.800000011920929,-0.3477616608142853,0.7536120414733887,0.14953120052814484,0
0,-0.014189189299941063,0.2481188856371049,0.015700729563832283,0.0015646899119019508,-0.00002456983202137053,0.9998754858970642,-0.3274293541908264,0.0280456505715847,-0.04917020723223686,0.6616916656494141,-0.34660589694976807,-0.04351351410150528,0.022359903901815414,0.39423152804374695,0.4100870192050934,0.08404724299907684,0.23648647964000702,-0.15465715527534485,0,0.13083411753177643,-0.5864492058753967,-0.7942508459091187,-0.800000011920929,-0.3487863838672638,0.7545226812362671,0.14964976906776428,0
0,-0.01378378365188837,0.24827722537595073,0.015252173878252506,0.001519995043054223,-0.000023185950340121053,0.9998825192451477,-0.3276403248310089,0.02381577342748642,-0.050438374280929565,0.6637115478515625,-0.33956000208854675,-0.04027027264237404,0.0220040213316679,0.3922814726829529,0.40980830788612366,0.08183300495147705,0.22972972691059113,-0.15109552443027496,0,0.12895867228507996,-0.5855479836463928,-0.7940080761909485,-0.800000011920929,-0.3502386212348938,0.7555426955223083,0.14949603378772736,0
0,-0.013378378003835678,0.2485047363050584,0.014803614467382431,0.0014752994757145643,-0.00002184218101319857,0.9998893141746521,-0.32785630226135254,0.019585898146033287,-0.05319448560476303,0.6645457148551941,-0.3325141370296478,-0.0370270274579525,0.020790882408618927,0.39014574885368347,0.40865281224250793,0.07919156551361084,0.22297297418117523,-0.14753387868404388,0,0.12782424688339233,-0.5845090746879578,-0.7919162511825562,-0.800000011920929,-0.35280317068099976,0.7574688196182251,0.15004722774028778,0
0,-0.012972972355782986,0.24875024783688823,0.014355052262544632,0.0014306027442216873,-0.000020538516764645465,0.9998959302902222,-0.3270360231399536,0.015356022864580154,-0.05624839663505554,0.664799690246582,-0.3254682421684265,-0.03378378599882126,0.019339237362146378,0.3871389329433441,0.40640759468078613,0.07665354758501053,0.21621622145175934,-0.143972247838974,0,0.1262502670288086,-0.5821713805198669,-0.7884417772293091,-0.800000011920929,-0.35406503081321716,0.7596181631088257,0.14965498447418213,0
0,-0.012567567639052868,0.2490247570284013,0.013906487263739109,0.0013859051978215575,-0.000019274955775472336,0.9999023675918579,-0.32579460740089417,0.011126147583127022,-0.05993471294641495,0.6636395454406738,-0.3184223473072052,-0.03054054081439972,0.01766061782836914,0.3839779794216156,0.404177188873291,0.07573161274194717,0.20945945382118225,-0.1404106169939041,0,0.125876322388649,-0.578477144241333,-0.7857691645622253,-0.800000011920929,-0.3530578315258026,0.7634086012840271,0.14807471632957458,0
0,-0.012162161991000175,0.2493400954015855,0.013457919470965862,0.0013412067200988531,-0.0000180515071406262,0.9999085664749146,-0.32376062870025635,0.006896271836012602,-0.06270554661750793,0.6616747975349426,-0.3113764822483063,-0.02729729749262333,0.015186845324933529,0.3780066668987274,0.4006956219673157,0.07472725957632065,0.20270270109176636,-0.13684898614883423,0,0.12531505525112152,-0.5750329494476318,-0.7826225757598877,-0.800000011920929,-0.3529004752635956,0.767471194267273,0.14494101703166962,0
0,-0.011756756342947483,0.24971822726804058,0.013009348884224892,0.0012965076602995396,-0.000016868159946170636,0.9999145269393921,-0.32040342688560486,0.002666396088898182,-0.06543584913015366,0.657111406326294,-0.30433058738708496,-0.02405405417084694,0.012597106397151947,0.37234050035476685,0.3962041139602661,0.07438258081674576,0.19594594836235046,-0.13328735530376434,0,0.12436198443174362,-0.5728568434715271,-0.780786395072937,-0.800000011920929,-0.3539603054523468,0.7729932069778442,0.14238877594470978,0
0,-0.01135135069489479,0.2502882860906724,0.012560775503516197,0.0012518076691776514,-0.000015724930563010275,0.9999203085899353,-0.3123021423816681,-0.0015634795418009162,-0.065354123711586,0.6474993228912354,-0.29728472232818604,-0.02081081084907055,0.007584352977573872,0.3635990619659424,0.3895095884799957,0.07656581699848175,0.18918919563293457,-0.12972572445869446,0,0.12228548526763916,-0.5713278651237488,-0.7780298590660095,-0.800000011920929,-0.3546602725982666,0.7808155417442322,0.13912782073020935,0
0,-0.010945945978164673,0.25095538127499856,0.012112199328839779,0.0012071069795638323,-0.000014621803529735189,0.9999259114265442,-0.30379772186279297,-0.005793355405330658,-0.06919273734092712,0.6318475604057312,-0.2902388274669647,-0.01756756752729416,0.001913379761390388,0.3539249002933502,0.38038334250450134,0.07632115483283997,0.18243242800235748,-0.12616409361362457,0,0.11997755616903305,-0.5700118541717529,-0.7781906127929688,-0.800000011920929,-0.35792258381843567,0.7876008749008179,0.13821306824684143,0
0,-0.01054054033011198,0.2515346788175706,0.011663620360195637,0.0011624054750427604,-0.000013558789760281797,0.999931275844574,-0.294008731842041,-0.01002323068678379,-0.07688644528388977,0.6172103881835938,-0.2831929624080658,-0.014324325136840343,-0.003518311306834221,0.34507861733436584,0.37165433168411255,0.076148122549057,0.1756756752729416,-0.12260245531797409,0,0.11577043682336807,-0.5675593018531799,-0.7787626385688782,-0.800000011920929,-0.36382487416267395,0.7970917820930481,0.13906128704547882,0
0,-0.010135134682059288,0.25205040800648965,0.011215039528906345,0.0011177033884450793,-0.000012535885616671294,0.9999364614486694,-0.2847663462162018,-0.014253106899559498,-0.08226979523897171,0.6025453209877014,-0.2761470675468445,-0.011081081815063953,-0.007531263399869204,0.3365684151649475,0.3637278378009796,0.07690054178237915,0.1689189225435257,-0.1190408244729042,0,0.11509192734956741,-0.5665214657783508,-0.7838689088821411,-0.800000011920929,-0.3650487959384918,0.7999996542930603,0.14193633198738098,0
0,-0.00972972996532917,0.2526750944860581,0.01076645590364933,0.0010730006033554673,-0.000011553090189408977,0.9999414682388306,-0.27546441555023193,-0.018482981249690056,-0.08538691699504852,0.5845844745635986,-0.26910117268562317,-0.007837838493287563,-0.01238966640084982,0.3257201910018921,0.35513022541999817,0.07574380934238434,0.1621621549129486,-0.11547918617725372,0,0.11422357708215714,-0.5613541007041931,-0.786113440990448,-0.7999705076217651,-0.3687484562397003,0.800000011920929,0.14744038879871368,0
0,-0.009324324317276478,0.2532600842722062,0.010317870415747166,0.0010282971197739244,-0.000010610408025968354,0.9999462366104126,-0.26573026180267334,-0.022712858393788338,-0.08928939700126648,0.5665411949157715,-0.26205530762672424,-0.004594595171511173,-0.015699323266744614,0.3158024847507477,0.3479982018470764,0.07382091134786606,0.15540540218353271,-0.11191755533218384,0,0.11292563378810883,-0.5588732957839966,-0.795499861240387,-0.7899417877197266,-0.37070080637931824,0.800000011920929,0.15306971967220306,0
0,-0.008918918669223785,0.25390178787785805,0.009869283065199852,0.0009835930541157722,-0.000009707837307360023,0.9999508261680603,-0.2550835907459259,-0.02694273367524147,-0.09234719723463058,0.5460505485534668,-0.25500941276550293,-0.0013513516169041395,-0.0193534716963768,0.3053304851055145,0.33505862951278687,0.07237404584884644,0.14864864945411682,-0.10835592448711395,0,0.10707345604896545,-0.5521997213363647,-0.7999762892723083,-0.7729918956756592,-0.3737947940826416,0.800000011920929,0.16104906797409058,0
0,-0.008513513021171093,0.2546283088930253,0.009420692920684814,0.0009388882317580283,-0.000008845374395605177,0.9999551773071289,-0.24089983105659485,-0.031172608956694603,-0.101998470723629,0.5225613117218018,-0.2479635328054428,0.0018918915884569287,-0.023927293717861176,0.2954137921333313,0.32469454407691956,0.0704205110669136,0.14189189672470093,-0.10479429364204407,0,0.1003447026014328,-0.5503169298171997,-0.800000011920929,-0.7623215317726135,-0.37984389066696167,0.800000011920929,0.16799135506153107,0
0,-0.008108108304440975,0.2553350411661271,0.008972100913524628,0.0008941830019466579,-0.00000802302747615613,0.9999593496322632,-0.2251354157924652,-0.035402484238147736,-0.10895285755395889,0.4965551495552063,-0.2409176528453827,0.005135134793817997,-0.02853238582611084,0.28378504514694214,0.3115328848361969,0.07112133502960205,0.13513512909412384,-0.10123265534639359,0,0.09302584081888199,-0.5436344742774963,-0.800000011920929,-0.7446050047874451,-0.3871549963951111,0.800000011920929,0.1772811859846115,0
0,-0.007702702656388283,0.25597096312123574,0.008523507975041866,0.0008494772482663393,-0.000007240793365781428,0.9999633431434631,-0.20777009427547455,-0.03963236138224602,-0.11659795045852661,0.46876654028892517,-0.23387177288532257,0.008378378115594387,-0.03273194655776024,0.2736804783344269,0.29733559489250183,0.07236582040786743,0.12837837636470795,-0.0976710245013237,0,0.08363261073827744,-0.5406063199043274,-0.800000011920929,-0.7269708514213562,-0.39534926414489746,0.800000011920929,0.18778130412101746,0
0,-0.00729729700833559,0.25660506713467873,0.008074912242591381,0.0008047708543017507,-0.000006498668426502263,0.999967098236084,-0.18949668109416962,-0.043862234801054,-0.12630753219127655,0.43894633650779724,-0.22682589292526245,0.011621621437370777,-0.03724141791462898,0.26328274607658386,0.2841329276561737,0.07291620224714279,0.12162162363529205,-0.09410939365625381,0,0.07410597056150436,-0.5380336046218872,-0.800000011920929,-0.7077346444129944,-0.40457984805107117,0.800000011920929,0.19881154596805573,0
0,-0.006891891825944185,0.2571772717245225,0.007626315113157034,0.0007600640528835356,-0.000005796666300739162,0.9999706149101257,-0.17146262526512146,-0.04809211194515228,-0.13615046441555023,0.4076436460018158,-0.21977999806404114,0.014864864759147167,-0.04122064635157585,0.2533028721809387,0.2720414698123932,0.0727289468050003,0.11486486345529556,-0.09054775536060333,0,0.06374111026525497,-0.5312798619270325,-0.800000011920929,-0.6894938349723816,-0.4125320017337799,0.800000011920929,0.21059389412403107,0
0,-0.006486486177891493,0.25781626331883706,0.007177716586738825,0.0007153567858040333,-0.0000051347601583984215,0.9999740123748779,-0.15324319899082184,-0.052321985363960266,-0.14406387507915497,0.37441298365592957,-0.21273411810398102,0.018108107149600983,-0.044183872640132904,0.24157841503620148,0.25800955295562744,0.06988289952278137,0.10810811072587967,-0.08698612451553345,0,0.052566297352313995,-0.5237118601799011,-0.800000011920929,-0.6677849888801575,-0.41986197233200073,0.800000011920929,0.22087664902210236,0
0,-0.006081080995500088,0.25842250216084756,0.006729116663336754,0.0006706491112709045,-0.0000045129822865419555,0.9999771118164062,-0.13408182561397552,-0.05655186250805855,-0.15196529030799866,0.34140127897262573,-0.2056882381439209,0.021351350471377373,-0.046573705971241,0.2309093326330185,0.24476619064807892,0.06792392581701279,0.10135135054588318,-0.08342449367046356,0,0.04076644033193588,-0.519126296043396,-0.800000011920929,-0.641939640045166,-0.42562243342399597,0.800000011920929,0.23008279502391815,0
0,-0.005675675347447395,0.2589769743688706,0.006280515342950821,0.0006259409710764885,-0.00000393131540477043,0.999980092048645,-0.11446987837553024,-0.06078173965215683,-0.1610913723707199,0.3058806359767914,-0.19864235818386078,0.024594593793153763,-0.050044041126966476,0.21859320998191833,0.22818219661712646,0.06401751190423965,0.09459459781646729,-0.07986286282539368,0,0.0285017266869545,-0.5133732557296753,-0.800000011920929,-0.6163977980613708,-0.43038275837898254,0.800000011920929,0.23904912173748016,0
0,-0.00527027016505599,0.25941995608884133,0.005831912159919739,0.0005812325398437679,-0.000003389760877325898,0.9999828338623047,-0.09647165238857269,-0.06501161307096481,-0.17023369669914246,0.2738074064254761,-0.19159647822380066,0.027837837114930153,-0.05197475105524063,0.20825012028217316,0.2141912281513214,0.06183953955769539,0.0878378376364708,-0.0763012245297432,0,0.01563946157693863,-0.505940318107605,-0.800000011920929,-0.5882520079612732,-0.4296097755432129,0.800000011920929,0.2451775223016739,0
0,-0.004864864982664585,0.2597569607504014,0.005383308511227369,0.00053652364294976,-0.0000028883162030979292,0.9999853372573853,-0.08183619379997253,-0.0692414864897728,-0.17922468483448029,0.2490079551935196,-0.18455059826374054,0.031081080436706543,-0.052637647837400436,0.198591947555542,0.1974565088748932,0.05962003767490387,0.0810810774564743,-0.07273959368467331,0,0.004682190716266632,-0.49672386050224304,-0.800000011920929,-0.5592494010925293,-0.4278966188430786,0.800000011920929,0.2514148950576782,0
0,-0.004459459334611893,0.2600507222421769,0.004934702999889851,0.0004918145132251084,-0.0000024269929781439714,0.9999877214431763,-0.06961319595575333,-0.07347136735916138,-0.18854737281799316,0.22838333249092102,-0.17750470340251923,0.03432432562112808,-0.053547512739896774,0.18861868977546692,0.18334746360778809,0.05632026866078377,0.07432432472705841,-0.06917796283960342,0,-0.005951901897788048,-0.4846431314945221,-0.800000011920929,-0.5331160426139832,-0.4252012372016907,0.800000011920929,0.2575172185897827,0
0,-0.004054054152220488,0.26030055511075295,0.004486097022891045,0.0004471050633583218,-0.0000020057764231751207,0.9999898672103882,-0.057190682739019394,-0.07770124077796936,-0.19848912954330444,0.20702795684337616,-0.1704588234424591,0.03756756708025932,-0.05292442440986633,0.1787569224834442,0.16817432641983032,0.05052296444773674,0.06756756454706192,-0.06561633199453354,0,-0.012903372757136822,-0.4675852358341217,-0.800000011920929,-0.5069971680641174,-0.42237353324890137,0.800000011920929,0.26269859075546265,0
0,-0.003648648504167795,0.2605031512983445,0.004037490114569664,0.0004023953224532306,-0.0000016246842733380618,0.999991774559021,-0.04584749788045883,-0.08193111419677734,-0.2058352380990982,0.18846823275089264,-0.163412943482399,0.04081081226468086,-0.052341528236866,0.16882175207138062,0.1552518755197525,0.04687770456075668,0.06081081181764603,-0.06205469369888306,0,-0.018903294578194618,-0.45611417293548584,-0.800000011920929,-0.48865464329719543,-0.42068082094192505,0.800000011920929,0.2680967152118683,0
0,-0.0032432430889457464,0.260620572448552,0.003588882042095065,0.0003576853487174958,-0.0000012836949281336274,0.9999935030937195,-0.035301342606544495,-0.08616099506616592,-0.21240249276161194,0.17182818055152893,-0.15636706352233887,0.0440540537238121,-0.051831867545843124,0.16094282269477844,0.14176473021507263,0.047647517174482346,0.054054055362939835,-0.05849306285381317,0,-0.023276440799236298,-0.442389577627182,-0.800000011920929,-0.47349920868873596,-0.4205528497695923,0.800000011920929,0.2764110565185547,0
0,-0.0028378376737236977,0.26069394576627053,0.003140273503959179,0.0003129751421511173,-9.828358997765463e-7,0.9999949932098389,-0.025227367877960205,-0.09039086848497391,-0.22130700945854187,0.1576821506023407,-0.14932118356227875,0.04729729890823364,-0.05172369256615639,0.15325112640857697,0.13053420186042786,0.04663770645856857,0.04729729890823364,-0.05493142828345299,0,-0.026200031861662865,-0.42767107486724854,-0.800000011920929,-0.4584469795227051,-0.4191493093967438,0.800000011920929,0.28180602192878723,0
0,-0.0024324324913322926,0.2607523881204728,0.0026916642673313618,0.0002682647609617561,-7.220863835755154e-7,0.9999963641166687,-0.01707676611840725,-0.09462074190378189,-0.2281939685344696,0.14762276411056519,-0.14227530360221863,0.05054054036736488,-0.05332588404417038,0.14553704857826233,0.11966758221387863,0.05041687563061714,0.04054053872823715,-0.0513697974383831,0,-0.028579838573932648,-0.4179602265357971,-0.800000011920929,-0.45087310671806335,-0.4223952889442444,0.800000011920929,0.2885090112686157,0
0,-0.002027027076110244,0.26073799359875954,0.0022430543322116137,0.00022355420514941216,-5.014477437725873e-7,0.9999974370002747,-0.009866752661764622,-0.09885062277317047,-0.23558908700942993,0.14065280556678772,-0.13522940874099731,0.05378378555178642,-0.0547807551920414,0.13782788813114166,0.10755262523889542,0.05365372449159622,0.03378378227353096,-0.04780816286802292,0,-0.030856963247060776,-0.4102412164211273,-0.800000011920929,-0.44232210516929626,-0.4249363839626312,0.800000011920929,0.2956094443798065,0
0,-0.0016216215444728732,0.26069168078976906,0.0017944440478459,0.00017884353292174637,-3.209285353023006e-7,0.9999983906745911,-0.004370965529233217,-0.10308049619197845,-0.24082937836647034,0.13469935953617096,-0.1281835287809372,0.057027027010917664,-0.05736971274018288,0.13019457459449768,0.09725762158632278,0.05942781642079353,0.027027027681469917,-0.04424653202295303,0,-0.03259943798184395,-0.40236160159111023,-0.800000011920929,-0.43481922149658203,-0.42960676550865173,0.800000011920929,0.3030986785888672,0
0,-0.0012162162456661463,0.2606189929254655,0.001345833414234221,0.00013413274427875876,-1.805244664865313e-7,0.9999991059303284,-0.0009753041667863727,-0.10731036961078644,-0.24359150230884552,0.13434231281280518,-0.12113764882087708,0.0602702721953392,-0.05978715419769287,0.1225627213716507,0.08766937255859375,0.06598611176013947,0.020270269364118576,-0.04068489745259285,0,-0.03532901778817177,-0.4000474810600281,-0.800000011920929,-0.4299462139606476,-0.4331161677837372,0.800000011920929,0.3087669909000397,0
0,-0.0008108107722364366,0.2605332516439561,0.0008972223731689155,0.00008942188287619501,-8.023422992664564e-8,0.9999995827674866,0.0019682426936924458,-0.11154024302959442,-0.2472870945930481,0.13504204154014587,-0.11409176886081696,0.06351351737976074,-0.06283548474311829,0.11497370153665543,0.07922408729791641,0.07570245862007141,0.013513513840734959,-0.037123266607522964,0,-0.037108827382326126,-0.3959673345088959,-0.800000011920929,-0.4225151836872101,-0.43390876054763794,0.800000011920929,0.3118842840194702,0
0,-0.0004054053861182183,0.2604249202020768,0.00044861124479211867,0.00004471095235203393,-2.0061630578993572e-8,0.9999998807907104,0.004536047577857971,-0.115770123898983,-0.2508927285671234,0.13639871776103973,-0.10704588145017624,0.06675675511360168,-0.06871043890714645,0.10810377448797226,0.06907209008932114,0.08934576064348221,0.006756756920367479,-0.03356163203716278,0,-0.03868289664387703,-0.3914927840232849,-0.800000011920929,-0.41767895221710205,-0.4361157715320587,0.800000011920929,0.3166957497596741,0
0,0,0.2603065155752305,1.6743875842525794e-34,4.222917576054637e-23,-3.965001937888957e-12,1,0.006805936340242624,-0.11999999731779099,-0.2550160586833954,0.13559627532958984,-0.10000000149011612,0.07000000029802322,-0.07375062257051468,0.1024232730269432,0.06315238773822784,0.09759263694286346,0,-0.029999999329447746,0,-0.039385560899972916,-0.38782820105552673,-0.800000011920929,-0.4121042490005493,-0.44249963760375977,0.800000011920929,0.32183972001075745,0
0,0.0004166666476521641,0.26020363795834817,0.0004301840963307768,0.00029757709125988185,-1.2801588411548437e-7,0.9999998807907104,0.007776803802698851,-0.1303490698337555,-0.2573554813861847,0.13644222915172577,-0.09083333611488342,0.07604236155748367,-0.07830119878053665,0.09589733928442001,0.05656690523028374,0.10534077882766724,-0.007222222164273262,-0.024166665971279144,0.006212076637893915,-0.04092995077371597,-0.38515448570251465,-0.800000011920929,-0.4074734151363373,-0.4457549452781677,0.800000011920929,0.3267346918582916,0
0,0.0008333332953043282,0.26009298193532265,0.0008603680180385709,0.000595154007896781,-5.120546120451763e-7,0.999999463558197,0.009172393940389156,-0.1406981348991394,-0.2609062194824219,0.13586322963237762,-0.08166667073965073,0.08208472281694412,-0.08405480533838272,0.0897495299577713,0.049324192106723785,0.11334124952554703,-0.014444444328546524,-0.018333332613110542,0.01242415327578783,-0.04249504953622818,-0.3805336356163025,-0.800000011920929,-0.4032161831855774,-0.44791311025619507,0.800000011920929,0.3300972878932953,0
0,0.0012499999720603228,0.2599669777162675,0.001290551503188908,0.0008927304297685623,-0.000001152118670688651,0.9999987483024597,0.008978880941867828,-0.15104719996452332,-0.26521220803260803,0.13729089498519897,-0.07249999791383743,0.08812709152698517,-0.09105900675058365,0.0833691954612732,0.0418396033346653,0.1223483756184578,-0.021666666492819786,-0.01249999925494194,0.018636230379343033,-0.04293736070394516,-0.3775160312652588,-0.800000011920929,-0.40094703435897827,-0.4515579342842102,0.800000011920929,0.33580663800239563,0
0,0.0016666665906086564,0.2598153136976365,0.001720734522677958,0.0011903063859790564,-0.000002048211626970442,0.9999977946281433,0.009205945767462254,-0.16139627993106842,-0.2698603570461273,0.1408838927745819,-0.06333333253860474,0.09416945278644562,-0.09710988402366638,0.07815315574407578,0.03565916419029236,0.13182945549488068,-0.028888888657093048,-0.006666665431112051,0.02484830655157566,-0.04401034861803055,-0.37271222472190857,-0.800000011920929,-0.3956426680088043,-0.4527195394039154,0.800000011920929,0.3393152058124542,0
0,0.00208333320915699,0.2596603118188981,0.002150916727259755,0.0014878815272822976,-0.0000032003247270040447,0.9999966025352478,0.00909727718681097,-0.17174534499645233,-0.27379080653190613,0.14565502107143402,-0.05416666716337204,0.10021181404590607,-0.10261736065149307,0.0727977305650711,0.02866050973534584,0.14123068749904633,-0.03611110895872116,-0.0008333317819051445,0.031060384586453438,-0.045495666563510895,-0.37325209379196167,-0.800000011920929,-0.39327728748321533,-0.45632919669151306,0.800000011920929,0.34568047523498535,0
0,0.0024999999441206455,0.2594869219072465,0.002581097884103656,0.0017854557372629642,-0.000004608464678312885,0.9999950528144836,0.00846404954791069,-0.18209441006183624,-0.27762848138809204,0.15043002367019653,-0.04500000178813934,0.10625417530536652,-0.1088910698890686,0.06728901714086533,0.023725857958197594,0.1519051492214203,-0.04333333298563957,0.00500000175088644,0.037272460758686066,-0.045719850808382034,-0.3724672198295593,-0.800000011920929,-0.3900229334831238,-0.459347665309906,0.800000011920929,0.3513413071632385,0
0,0.002916666679084301,0.25930190908986367,0.0030112778767943382,0.0020830288995057344,-0.000006272623977565672,0.9999933242797852,0.007876460440456867,-0.19244349002838135,-0.2802773416042328,0.15573683381080627,-0.03583333268761635,0.11229653656482697,-0.11462001502513885,0.06202542409300804,0.015654906630516052,0.1621592491865158,-0.050555553287267685,0.010833335109055042,0.04348453879356384,-0.04632795974612236,-0.37161630392074585,-0.800000011920929,-0.386703759431839,-0.4614886939525604,0.800000011920929,0.3570842146873474,0
0,0.003333333181217313,0.25912518131810464,0.0034414564725011587,0.002380600431933999,-0.000008192807399609592,0.999991238117218,0.006230438128113747,-0.20279255509376526,-0.28254854679107666,0.16269314289093018,-0.02666666731238365,0.11833890527486801,-0.1208881288766861,0.056914713233709335,0.009052492678165436,0.17241720855236053,-0.057777777314186096,0.01666666939854622,0.04969661310315132,-0.04629240930080414,-0.3685022294521332,-0.800000011920929,-0.38560572266578674,-0.468792587518692,0.800000011920929,0.36672139167785645,0
0,0.0037499999161809683,0.25893766510564126,0.0038716336712241173,0.0026781705673784018,-0.000010369017218181398,0.9999889135360718,0.0036468002945184708,-0.21314162015914917,-0.2848113775253296,0.17227892577648163,-0.017500000074505806,0.12438126653432846,-0.12953363358974457,0.05011919513344765,-0.000633021118119359,0.18575111031532288,-0.06499999761581421,0.02250000275671482,0.0559086911380291,-0.04621847718954086,-0.36722761392593384,-0.800000011920929,-0.3853737413883209,-0.4737856686115265,0.800000011920929,0.3775220811367035,0
0,0.00416666641831398,0.25868938195782937,0.00430180924013257,0.0029757393058389425,-0.000012801245247828774,0.9999862909317017,-0.0011920130345970392,-0.22349068522453308,-0.2864720821380615,0.18217068910598755,-0.00833333283662796,0.1304236203432083,-0.14037996530532837,0.04276501387357712,-0.006840121001005173,0.2028183788061142,-0.07222221791744232,0.028333336114883423,0.062120769172906876,-0.04460689052939415,-0.36178672313690186,-0.800000011920929,-0.3854229152202606,-0.47834503650665283,0.800000011920929,0.3915524184703827,0
0,0.004583333153277636,0.258413621068776,0.004731982480734587,0.0032733057159930468,-0.000015489484212594107,0.9999834299087524,-0.005687456578016281,-0.23383976519107819,-0.28916996717453003,0.19317957758903503,0.0008333335863426328,0.13646599650382996,-0.15373511612415314,0.03380089998245239,-0.015698663890361786,0.22281241416931152,-0.07944443821907043,0.034166667610406876,0.06833284348249435,-0.04280896112322807,-0.35810911655426025,-0.800000011920929,-0.3868117332458496,-0.4819781184196472,0.800000011920929,0.4073839783668518,0
0,0.004999999888241291,0.2581233166463975,0.005162153858691454,0.003570870030671358,-0.000018433749573887326,0.9999802708625793,-0.008733960799872875,-0.2441888302564621,-0.29377472400665283,0.2020694613456726,0.010000000707805157,0.1425083577632904,-0.16734856367111206,0.025513967499136925,-0.02414133958518505,0.2429763525724411,-0.08666666597127914,0.04000000283122063,0.07454492151737213,-0.04148494824767113,-0.3551842272281647,-0.800000011920929,-0.38929855823516846,-0.4883825480937958,0.800000011920929,0.42660465836524963,0
0,0.0054166666232049465,0.2578137599237565,0.005592322908341885,0.0038684322498738766,-0.000021634023141814396,0.9999768733978271,-0.010027844458818436,-0.2545379102230072,-0.2994249761104584,0.20820797979831696,0.019166667014360428,0.14855071902275085,-0.1845390498638153,0.015190296806395054,-0.031946778297424316,0.26934751868247986,-0.09388888627290726,0.04583333805203438,0.08075699955224991,-0.04019307345151901,-0.35337376594543457,-0.800000011920929,-0.3922531306743622,-0.4972347915172577,0.800000011920929,0.447998583316803,0
0,0.005833333358168602,0.25750316011983193,0.0060224891640245914,0.004165991675108671,-0.00002509032128727995,0.9999731779098511,-0.011193097569048405,-0.2648869752883911,-0.30447736382484436,0.21236266195774078,0.028333334252238274,0.1545930802822113,-0.2027130424976349,0.004949468653649092,-0.03727559745311737,0.2970709502696991,-0.10111110657453537,0.05166666954755783,0.08696907758712769,-0.037860073149204254,-0.3499005138874054,-0.800000011920929,-0.39436525106430054,-0.5036567449569702,0.800000011920929,0.46864205598831177,0
0,0.00624999962747097,0.2571427904375199,0.006452653091400862,0.004463549237698317,-0.00002880262218241114,0.9999692440032959,-0.011596606113016605,-0.275236040353775,-0.3089088797569275,0.2145712673664093,0.03750000149011612,0.16063544154167175,-0.22268249094486237,-0.006114519666880369,-0.045062560588121414,0.324887752532959,-0.10833332687616348,0.05750000476837158,0.09318114817142487,-0.037064190953969955,-0.3476053476333618,-0.800000011920929,-0.3926298916339874,-0.5101587772369385,0.800000011920929,0.48549437522888184,0
0,0.006666666362434626,0.2567560456998948,0.006882813759148121,0.0047611030749976635,-0.0000327709385601338,0.9999649524688721,-0.010710204020142555,-0.28558510541915894,-0.3140502870082855,0.2154501974582672,0.046666666865348816,0.1666778028011322,-0.24221232533454895,-0.01929759792983532,-0.052489377558231354,0.35318589210510254,-0.11555555462837219,0.06333333998918533,0.09939322620630264,-0.038544122129678726,-0.3475540280342102,-0.800000011920929,-0.3935486972332001,-0.5125717520713806,0.800000011920929,0.5027092099189758,0
0,0.007083333097398281,0.2563641153581742,0.007312971632927656,0.005058654118329287,-0.000036995261325500906,0.9999604821205139,-0.009901919402182102,-0.29593417048454285,-0.3206520974636078,0.21781575679779053,0.05583333596587181,0.17272016406059265,-0.2626758813858032,-0.03224955126643181,-0.05930541455745697,0.38250595331192017,-0.1227777749300003,0.06916666775941849,0.10560530424118042,-0.039105430245399475,-0.3466707170009613,-0.800000011920929,-0.3926231265068054,-0.517846941947937,0.800000011920929,0.5182095170021057,0
0,0.007499999832361937,0.25595421421605385,0.00774312624707818,0.0053562019020318985,-0.000041475588659523055,0.9999556541442871,-0.007575361989438534,-0.30628323554992676,-0.3246498107910156,0.2184244990348816,0.06499999761581421,0.1787625253200531,-0.2833479344844818,-0.04648609459400177,-0.06455066055059433,0.4139113426208496,-0.12999999523162842,0.07500000298023224,0.1118173822760582,-0.042081546038389206,-0.34442412853240967,-0.800000011920929,-0.3910183906555176,-0.5184230804443359,0.800000011920929,0.5348671674728394,0
0,0.007916666567325592,0.2555397235162858,0.008173276670277119,0.005653745960444212,-0.00004621192056220025,0.9999505877494812,-0.005917081609368324,-0.31663233041763306,-0.33087462186813354,0.2207830846309662,0.0741666704416275,0.18480488657951355,-0.3065221607685089,-0.059184156358242035,-0.06562880426645279,0.449217289686203,-0.13722221553325653,0.08083333820104599,0.11802946031093597,-0.04339103028178215,-0.34993767738342285,-0.800000011920929,-0.38973918557167053,-0.5263308882713318,0.800000011920929,0.5501982569694519,0
0,0.00833333283662796,0.25512201416569985,0.008603423833847046,0.005951286759227514,-0.00005120425339555368,0.9999452829360962,-0.006503661163151264,-0.32698139548301697,-0.33042365312576294,0.2225303053855896,0.0833333358168602,0.190847247838974,-0.32697513699531555,-0.07074381411075592,-0.06449295580387115,0.4801415503025055,-0.14444443583488464,0.08666667342185974,0.12424153834581375,-0.04373219981789589,-0.3479806184768677,-0.800000011920929,-0.3872303366661072,-0.5303246974945068,0.800000011920929,0.5683379173278809,0
0,0.008750000037252903,0.2545958839662675,0.009033567272126675,0.006248823832720518,-0.00005645258352160454,0.9999396800994873,-0.007645030040293932,-0.3373304605484009,-0.3325434923171997,0.224466472864151,0.0925000011920929,0.19688962399959564,-0.345615029335022,-0.08150149881839752,-0.06247353181242943,0.5072361826896667,-0.15166665613651276,0.0925000011920929,0.13045361638069153,-0.045173048973083496,-0.3495936691761017,-0.800000011920929,-0.38569214940071106,-0.5373222827911377,0.800000011920929,0.5834745764732361,0
0,0.009166666306555271,0.2541254543073777,0.009463706985116005,0.006546356715261936,-0.00006195691094035283,0.9999337792396545,-0.006959311664104462,-0.3476795256137848,-0.3324658274650574,0.22362878918647766,0.10166666656732559,0.2029319852590561,-0.36208006739616394,-0.09241540729999542,-0.05874454230070114,0.5328863263130188,-0.15888887643814087,0.09833333641290665,0.1366656869649887,-0.045003168284893036,-0.35137268900871277,-0.800000011920929,-0.3840283453464508,-0.5413569211959839,0.800000011920929,0.5954508185386658,0
0,0.009583333507180214,0.253628739000142,0.009893842041492462,0.006843884941190481,-0.00006771722837584093,0.9999276399612427,-0.005243760999292135,-0.3580285906791687,-0.3337585926055908,0.22307322919368744,0.11083333194255829,0.20897434651851654,-0.37678518891334534,-0.10306509584188461,-0.056384727358818054,0.5565967559814453,-0.16611111164093018,0.1041666716337204,0.14287777245044708,-0.04555758461356163,-0.3526327311992645,-0.800000011920929,-0.38382816314697266,-0.5452917814254761,0.800000011920929,0.60929936170578,0
0,0.009999999776482582,0.25314442145901955,0.010323972441256046,0.007141409441828728,-0.00007373352855211124,0.9999212026596069,-0.003402944188565016,-0.3683776557445526,-0.33733439445495605,0.2213956117630005,0.12000000476837158,0.215016707777977,-0.3906453251838684,-0.11249418556690216,-0.05344507843255997,0.5776950120925903,-0.1733333319425583,0.11000000685453415,0.14908984303474426,-0.045668262988328934,-0.3550681471824646,-0.800000011920929,-0.3851635158061981,-0.547446072101593,0.800000011920929,0.619918942451477,0
0,0.01041666604578495,0.25268638956624306,0.010754098184406757,0.007438928820192814,-0.00008000581874512136,0.9999145269393921,-0.00027282454539090395,-0.3787267208099365,-0.34135371446609497,0.21952210366725922,0.12916666269302368,0.22105906903743744,-0.4033512771129608,-0.12183047086000443,-0.05175360292196274,0.5974659323692322,-0.1805555522441864,0.1158333420753479,0.15530191361904144,-0.044318217784166336,-0.3591805696487427,-0.800000011920929,-0.38628238439559937,-0.5480756759643555,0.800000011920929,0.6253947615623474,0
0,0.010833333246409893,0.25227559435445107,0.011184219270944595,0.007736443541944027,-0.0000865340989548713,0.9999074935913086,0.0021460142452269793,-0.3890758156776428,-0.34230315685272217,0.2180391252040863,0.13833333551883698,0.2271014302968979,-0.4146144986152649,-0.13084490597248077,-0.04876089468598366,0.6163516044616699,-0.18777777254581451,0.12166666984558105,0.16151399910449982,-0.042229797691106796,-0.3627103567123413,-0.800000011920929,-0.3881874680519104,-0.5434092283248901,0.800000011920929,0.6309140920639038,0
0,0.011249999515712261,0.25192443358975686,0.01161433570086956,0.008033953607082367,-0.00009331834735348821,0.9999002814292908,0.004852186888456345,-0.39942488074302673,-0.34375131130218506,0.2161942571401596,0.14750000834465027,0.23314379155635834,-0.4244268536567688,-0.1387365758419037,-0.0466742105782032,0.6328520774841309,-0.19499999284744263,0.1275000125169754,0.167726069688797,-0.04129457473754883,-0.36592981219291687,-0.800000011920929,-0.39071816205978394,-0.5427606105804443,0.800000011920929,0.6381422877311707,0
0,0.011666666716337204,0.2515913330324296,0.012044446542859077,0.00833145808428526,-0.0001003585712169297,0.9998927712440491,0.006555921398103237,-0.40977394580841064,-0.34429776668548584,0.2149157077074051,0.15666666626930237,0.2391861528158188,-0.43352097272872925,-0.14515551924705505,-0.04312792047858238,0.6487864851951599,-0.20222221314907074,0.13333334028720856,0.17393815517425537,-0.04083256050944328,-0.36888089776039124,-0.800000011920929,-0.3917745053768158,-0.543100893497467,0.800000011920929,0.6434046626091003,0
0,0.012083332985639572,0.25126756060200967,0.012474551796913147,0.008628956973552704,-0.00010765477054519579,0.9998849630355835,0.008719992823898792,-0.42012301087379456,-0.34731194376945496,0.21355953812599182,0.16583333909511566,0.24522851407527924,-0.44277238845825195,-0.15118633210659027,-0.04061510041356087,0.6642780900001526,-0.20944443345069885,0.1391666680574417,0.18015022575855255,-0.04055783525109291,-0.37164321541786194,-0.800000011920929,-0.3932953178882599,-0.5451480746269226,0.800000011920929,0.6490705609321594,0
0,0.01249999925494194,0.25099755156117715,0.012904651463031769,0.008926451206207275,-0.00011520693078637123,0.999876856803894,0.01029336079955101,-0.43047207593917847,-0.3485743999481201,0.21304932236671448,0.17499999701976776,0.2512708902359009,-0.4511597752571106,-0.1565207839012146,-0.03803476318717003,0.6779699325561523,-0.21666665375232697,0.14500001072883606,0.18636229634284973,-0.04104624688625336,-0.3745700716972351,-0.800000011920929,-0.3946668803691864,-0.545891523361206,0.800000011920929,0.6519454121589661,0
0,0.012916666455566883,0.25071469771939553,0.013334745541214943,0.0092239398509264,-0.0001230150810442865,0.9998685121536255,0.011441408656537533,-0.4408211410045624,-0.3489653766155243,0.2136085480451584,0.18416666984558105,0.25731325149536133,-0.4579758644104004,-0.1604299545288086,-0.03543509170413017,0.6908951997756958,-0.22388887405395508,0.1508333384990692,0.1925743818283081,-0.04081861302256584,-0.37725239992141724,-0.800000011920929,-0.3968999981880188,-0.5460920333862305,0.800000011920929,0.6578538417816162,0
0,0.013333332724869251,0.2505230091817979,0.013764833100140095,0.009521421045064926,-0.0001310791412834078,0.9998599290847778,0.011673711240291595,-0.4511702060699463,-0.34754011034965515,0.21375085413455963,0.19333334267139435,0.2633556127548218,-0.463406503200531,-0.1640583574771881,-0.0325331874191761,0.700491726398468,-0.23111110925674438,0.15666666626930237,0.19878645241260529,-0.04138519987463951,-0.3811882436275482,-0.800000011920929,-0.39983436465263367,-0.5463523268699646,0.800000011920929,0.6607415080070496,0
0,0.013749999925494194,0.2503584705598954,0.014194915071129799,0.00981889758259058,-0.00013939919881522655,0.9998510479927063,0.011046353727579117,-0.4615193009376526,-0.3462332785129547,0.21448296308517456,0.20250000059604645,0.2693979740142822,-0.46891435980796814,-0.16631709039211273,-0.03035000152885914,0.7096948623657227,-0.2383333295583725,0.16250000894069672,0.20499853789806366,-0.041638314723968506,-0.3850418031215668,-0.800000011920929,-0.403298944234848,-0.5474023222923279,0.800000011920929,0.6647515296936035,0
0,0.014166666194796562,0.2502933822878007,0.01462499052286148,0.010116366669535637,-0.00014797516632825136,0.9998418688774109,0.010243138298392296,-0.4718683660030365,-0.3460466265678406,0.21479183435440063,0.21166667342185974,0.2754403352737427,-0.47357532382011414,-0.16768288612365723,-0.02982066012918949,0.7167672514915466,-0.2455555498600006,0.16833333671092987,0.21121060848236084,-0.041525304317474365,-0.38786783814430237,-0.800000011920929,-0.406144380569458,-0.5474002361297607,0.800000011920929,0.665381669998169,0
0,0.014583333395421505,0.2502911471136216,0.01505505945533514,0.010413830168545246,-0.00015680711658205837,0.9998324513435364,0.008922557346522808,-0.4822174310684204,-0.3453926146030426,0.2149440199136734,0.22083333134651184,0.2814826965332031,-0.4765852689743042,-0.16690033674240112,-0.027854319661855698,0.7226948142051697,-0.25277775526046753,0.17416667938232422,0.2174226939678192,-0.04016972333192825,-0.39183714985847473,-0.800000011920929,-0.4086932837963104,-0.5469395518302917,0.800000011920929,0.663845419883728,0
0,0.014999999664723873,0.25036586153584756,0.015485120937228203,0.010711286216974258,-0.00016589497681707144,0.999822735786438,0.006615922786295414,-0.4925664961338043,-0.3431122899055481,0.21617352962493896,0.23000000417232513,0.2875250577926636,-0.4777630865573883,-0.16469784080982208,-0.024931199848651886,0.7256534695625305,-0.25999999046325684,0.18000000715255737,0.2236347645521164,-0.039836786687374115,-0.3951131999492645,-0.800000011920929,-0.41093581914901733,-0.5454397201538086,0.800000011920929,0.6608697772026062,0
0,0.014727272093296051,0.2505170785196427,0.015203626826405525,0.01051658857613802,-0.00015991763211786747,0.999829113483429,0.003993169404566288,-0.4907781779766083,-0.34082385897636414,0.21756039559841156,0.22223591804504395,0.2852064073085785,-0.47778359055519104,-0.16150400042533875,-0.02407783456146717,0.7261793613433838,-0.2552727162837982,0.17400000989437103,0.22409451007843018,-0.03975066915154457,-0.3976176977157593,-0.800000011920929,-0.41252630949020386,-0.5463114380836487,0.800000011920929,0.6571647524833679,0
0,0.014454545453190804,0.25076625573712624,0.014922129921615124,0.010321887210011482,-0.0001540499069960788,0.9998353719711304,0.0006019027205184102,-0.48838821053504944,-0.33764711022377014,0.21970336139202118,0.21447184681892395,0.2828877866268158,-0.4767303466796875,-0.1579359471797943,-0.024179041385650635,0.7240684628486633,-0.2505454421043396,0.1680000126361847,0.22486922144889832,-0.0404253788292408,-0.40104275941848755,-0.800000011920929,-0.4147908091545105,-0.5448283553123474,0.800000011920929,0.6511743068695068,0
0,0.014181817881762981,0.2510831438310746,0.014640630222856998,0.010127183981239796,-0.0001482918596593663,0.9998415112495422,-0.0026780646294355392,-0.48465847969055176,-0.33518144488334656,0.22203195095062256,0.20670776069164276,0.2805691361427307,-0.473603755235672,-0.15276119112968445,-0.024071676656603813,0.7184783816337585,-0.24581816792488098,0.16200000047683716,0.22617468237876892,-0.03931302949786186,-0.40367215871810913,-0.800000011920929,-0.41625988483428955,-0.5453062057495117,0.800000011920929,0.6407578587532043,0
0,0.01390909031033516,0.2514008663900498,0.014359125867486,0.00993247702717781,-0.00014264344645198435,0.9998475313186646,-0.00863715447485447,-0.48126518726348877,-0.32893893122673035,0.22658100724220276,0.19894367456436157,0.278250515460968,-0.46820124983787537,-0.14664790034294128,-0.02247706614434719,0.7106794118881226,-0.24109089374542236,0.15600000321865082,0.2257058024406433,-0.03851485624909401,-0.4066096544265747,-0.800000011920929,-0.4162873327732086,-0.5445258021354675,0.800000011920929,0.6309760212898254,0
0,0.013636363670229912,0.2518261753328446,0.014077620580792427,0.009737768210470676,-0.00013710469647776335,0.9998534917831421,-0.014184394851326942,-0.47618985176086426,-0.3257993459701538,0.2287743091583252,0.19117958843708038,0.27593186497688293,-0.4626283645629883,-0.13916759192943573,-0.022043446078896523,0.7001715898513794,-0.23636363446712494,0.15000000596046448,0.22633714973926544,-0.03858601674437523,-0.404861181974411,-0.800000011920929,-0.4147242307662964,-0.5433831810951233,0.800000011920929,0.6181852221488953,0
0,0.01336363609880209,0.2522905253179673,0.01379611250013113,0.009543056599795818,-0.00013167560973670334,0.9998592734336853,-0.020093228667974472,-0.4719310700893402,-0.3202592134475708,0.2322634756565094,0.1834155172109604,0.27361324429512024,-0.4548230469226837,-0.13182345032691956,-0.0198601596057415,0.68803471326828,-0.23163636028766632,0.14400000870227814,0.22689414024353027,-0.038664158433675766,-0.40722233057022095,-0.800000011920929,-0.4135923981666565,-0.5408402681350708,0.800000011920929,0.6042878031730652,0
0,0.013090908527374268,0.25287044870930947,0.01351460162550211,0.009348341263830662,-0.0001263561862288043,0.999864935874939,-0.0267315786331892,-0.46642613410949707,-0.31172046065330505,0.23462146520614624,0.1756514310836792,0.27129459381103516,-0.446071982383728,-0.12431294471025467,-0.018522143363952637,0.6726698279380798,-0.2269090861082077,0.1380000114440918,0.22783125936985016,-0.03719285875558853,-0.41069692373275757,-0.800000011920929,-0.41343384981155396,-0.5401660203933716,0.800000011920929,0.5876481533050537,0
0,0.01281818188726902,0.2535438917883042,0.013233087956905365,0.009153624065220356,-0.00012114640412619337,0.9998705387115479,-0.03334182873368263,-0.4615233242511749,-0.30273985862731934,0.23708021640777588,0.167887344956398,0.2689759433269501,-0.4339154064655304,-0.11580904573202133,-0.01413368433713913,0.6542698740959167,-0.22218181192874908,0.13199999928474426,0.22806453704833984,-0.03263813629746437,-0.4110206961631775,-0.800000011920929,-0.4106225073337555,-0.5382719039916992,0.800000011920929,0.5674704909324646,0
0,0.012545454315841198,0.2542189441927079,0.012951571494340897,0.008958905003964901,-0.00011604629253270105,0.9998759627342224,-0.04021136090159416,-0.45470675826072693,-0.29363131523132324,0.24150903522968292,0.16012325882911682,0.2666573226451874,-0.42020246386528015,-0.10472603142261505,-0.008388380520045757,0.633945882320404,-0.21745453774929047,0.12600000202655792,0.22982639074325562,-0.030306827276945114,-0.41291260719299316,-0.800000011920929,-0.40957823395729065,-0.5352768301963806,0.800000011920929,0.5454593896865845,0
0,0.012272726744413376,0.25494331944066323,0.012670053169131279,0.008764183148741722,-0.00011105583689641207,0.9998813271522522,-0.04645651578903198,-0.44742023944854736,-0.2861967384815216,0.24346596002578735,0.15235918760299683,0.2643386721611023,-0.4055114984512329,-0.09482104331254959,-0.005088511388748884,0.6096640825271606,-0.21272726356983185,0.12000000476837158,0.23105096817016602,-0.028628714382648468,-0.41412481665611267,-0.800000011920929,-0.4075295031070709,-0.5293269753456116,0.800000011920929,0.5209875106811523,0
0,0.012000000104308128,0.2558407567747239,0.012388531118631363,0.00856945849955082,-0.00010617506632115692,0.9998865127563477,-0.05230602249503136,-0.438662588596344,-0.2781244218349457,0.24886949360370636,0.14459510147571564,0.2620200514793396,-0.3831433355808258,-0.08488509804010391,-0.0018883481388911605,0.5769662261009216,-0.20799998939037323,0.11400000751018524,0.2323487102985382,-0.027026643976569176,-0.4168144762516022,-0.800000011920929,-0.4079699218273163,-0.5209383368492126,0.800000011920929,0.49395066499710083,0
0,0.011727272532880306,0.2565424226530198,0.012107008136808872,0.008374731056392193,-0.00010140392987523228,0.9998916387557983,-0.056264206767082214,-0.4310102164745331,-0.2714988887310028,0.24976082146167755,0.13683101534843445,0.2597014009952545,-0.3633436858654022,-0.07220979779958725,0.0061347042210400105,0.546967625617981,-0.2032727152109146,0.1080000028014183,0.23300452530384064,-0.023761844262480736,-0.41668248176574707,-0.800000011920929,-0.40328893065452576,-0.5151384472846985,0.800000011920929,0.46704673767089844,0
0,0.011454544961452484,0.257342197776616,0.011825481429696083,0.008180001750588417,-0.00009674247121438384,0.9998965859413147,-0.06076657772064209,-0.4223892390727997,-0.2624487280845642,0.25176453590393066,0.12906692922115326,0.2573827803134918,-0.3371342420578003,-0.06107984483242035,0.012625076808035374,0.5093284249305725,-0.198545441031456,0.10200000554323196,0.2340155839920044,-0.020314306020736694,-0.41597846150398254,-0.800000011920929,-0.40006229281425476,-0.506455659866333,0.800000011920929,0.4367215633392334,0
0,0.011181818321347237,0.2581026636369828,0.011543952859938145,0.007985270582139492,-0.00009219067578669637,0.9999014735221863,-0.0666142925620079,-0.4122847318649292,-0.24568842351436615,0.25074219703674316,0.12130285054445267,0.25506412982940674,-0.30766475200653076,-0.04699163883924484,0.02522856369614601,0.4672250747680664,-0.19381818175315857,0.09600000083446503,0.23459678888320923,-0.017209215089678764,-0.4157692492008209,-0.800000011920929,-0.39584752917289734,-0.4987969696521759,0.800000011920929,0.40922224521636963,0
0,0.010909090749919415,0.2588418804414872,0.011262423358857632,0.007790536619722843,-0.00008774855814408511,0.9999062418937683,-0.0705723762512207,-0.40182191133499146,-0.23401251435279846,0.2423437535762787,0.11353877186775208,0.25274550914764404,-0.2797527611255646,-0.03437615558505058,0.03630053997039795,0.4194062352180481,-0.18909090757369995,0.09000000357627869,0.23031048476696014,-0.011979527771472931,-0.4147628843784332,-0.800000011920929,-0.38859468698501587,-0.48812335729599,0.800000011920929,0.3767021894454956,0
0,0.010636363178491592,0.25952602255421914,0.01098089013248682,0.007595800794661045,-0.0000834160964586772,0.999910831451416,-0.07377754896879196,-0.3896484673023224,-0.2197697013616562,0.235759899020195,0.10577468574047089,0.25042685866355896,-0.24910463392734528,-0.019466400146484375,0.05284927412867546,0.37161627411842346,-0.18436363339424133,0.08400000631809235,0.22903838753700256,-0.01032622717320919,-0.4150119423866272,-0.800000011920929,-0.3815250098705292,-0.4722728729248047,0.800000011920929,0.3425845801830292,0
0,0.010363636538386345,0.26004455316144265,0.01069935504347086,0.007401063106954098,-0.0000791933125583455,0.999915361404419,-0.07354249060153961,-0.37701237201690674,-0.21087534725666046,0.22594355046749115,0.0980106070637703,0.24810822308063507,-0.22524729371070862,-0.005517428275197744,0.06382986158132553,0.33142322301864624,-0.17963635921478271,0.07800000160932541,0.22508905827999115,-0.011078768409788609,-0.4133615493774414,-0.800000011920929,-0.36916813254356384,-0.45385682582855225,0.800000011920929,0.30915766954421997,0
0,0.010090908966958523,0.26065174567776955,0.01041781809180975,0.007206323090940714,-0.00007508019189117476,0.9999197721481323,-0.07134827226400375,-0.3603816330432892,-0.20036457479000092,0.21719127893447876,0.0902465209364891,0.24578958749771118,-0.1974416971206665,0.010649779811501503,0.07729729264974594,0.28922751545906067,-0.1749090850353241,0.07200000435113907,0.22123700380325317,-0.01303697470575571,-0.40871256589889526,-0.800000011920929,-0.3537577688694,-0.4329643249511719,0.800000011920929,0.27974459528923035,0
0,0.0098181813955307,0.26101211536008156,0.01013627927750349,0.007011581212282181,-0.00007107674900908023,0.9999240636825562,-0.06907057017087936,-0.34528133273124695,-0.19605593383312225,0.20621606707572937,0.08248244225978851,0.2434709519147873,-0.1761554330587387,0.025950733572244644,0.08691050112247467,0.2513676583766937,-0.17018181085586548,0.06599999964237213,0.21579822897911072,-0.016774658113718033,-0.40359652042388916,-0.800000011920929,-0.3417681157588959,-0.4141845107078552,0.800000011920929,0.2566264867782593,0
0,0.009545454755425453,0.2613462589986924,0.009854739531874657,0.006816837005317211,-0.0000671829839120619,0.9999281764030457,-0.06607723236083984,-0.32599273324012756,-0.18847621977329254,0.19776660203933716,0.07471835613250732,0.2411523014307022,-0.15636606514453888,0.044105563312768936,0.09575162827968597,0.22184236347675323,-0.16545453667640686,0.06000000238418579,0.21130456030368805,-0.019514013081789017,-0.3979963958263397,-0.800000011920929,-0.3284032940864563,-0.39641472697257996,0.800000011920929,0.2365107536315918,0
0,0.009272727183997631,0.2615872703798417,0.009573196060955524,0.00662209140136838,-0.00006339888204820454,0.9999322295188904,-0.06589505821466446,-0.30731919407844543,-0.18246285617351532,0.19395235180854797,0.06695427745580673,0.23883366584777832,-0.13569705188274384,0.0615859180688858,0.10575118660926819,0.18906541168689728,-0.16072726249694824,0.05400000140070915,0.20854811370372772,-0.021252738311886787,-0.39288556575775146,-0.800000011920929,-0.32073935866355896,-0.38317084312438965,0.800000011920929,0.2231585681438446,0
0,0.008999999612569809,0.26173246729451455,0.009291651658713818,0.006427343934774399,-0.000059724457969423383,0.9999361634254456,-0.06483194977045059,-0.28923192620277405,-0.17891813814640045,0.19131028652191162,0.05919019132852554,0.23651503026485443,-0.11983238905668259,0.07902008295059204,0.11371834576129913,0.1668202131986618,-0.15599998831748962,0.04800000041723251,0.2037205994129181,-0.022661855444312096,-0.38522323966026306,-0.800000011920929,-0.31173038482666016,-0.3704439401626587,0.800000011920929,0.21334759891033173,0
0,0.008727272972464561,0.26182688105183877,0.009010105393826962,0.006232594605535269,-0.00005615970439976081,0.9999399781227112,-0.06252142786979675,-0.2702592611312866,-0.17750029265880585,0.18689849972724915,0.05142610892653465,0.23419639468193054,-0.10468742996454239,0.0960736945271492,0.11832793802022934,0.1445956826210022,-0.1512727290391922,0.04200000315904617,0.19914567470550537,-0.02361368015408516,-0.38070517778396606,-0.800000011920929,-0.3041636347770691,-0.3638896644115448,0.800000011920929,0.20576058328151703,0
0,0.00845454540103674,0.26181776154118813,0.008728557266294956,0.0060378434136509895,-0.00005270463225315325,0.9999436736106873,-0.06050192192196846,-0.2533864974975586,-0.17600388824939728,0.18614009022712708,0.04366202652454376,0.23187775909900665,-0.09080801904201508,0.11130779981613159,0.12050660699605942,0.12733040750026703,-0.14654545485973358,0.036000002175569534,0.19546374678611755,-0.02472478523850441,-0.3775988519191742,-0.800000011920929,-0.29866930842399597,-0.3582265079021454,0.800000011920929,0.20069901645183563,0
0,0.008181817829608917,0.2617672764070634,0.008447007276117802,0.005843090824782848,-0.00004935923789162189,0.9999472498893738,-0.058222636580467224,-0.23866038024425507,-0.175958052277565,0.185051828622818,0.03589794412255287,0.22955912351608276,-0.08101164549589157,0.12416738271713257,0.11973454803228378,0.11737524718046188,-0.14181818068027496,0.030000001192092896,0.1930927187204361,-0.024441363289952278,-0.3767732083797455,-0.800000011920929,-0.2931181490421295,-0.35351845622062683,0.800000011920929,0.19364671409130096,0
0,0.00790909118950367,0.2616408251531724,0.008165455423295498,0.005648336373269558,-0.00004612351403920911,0.9999507069587708,-0.05582756921648979,-0.22449882328510284,-0.17764098942279816,0.18369372189044952,0.02813386358320713,0.22724048793315887,-0.0714382603764534,0.13635611534118652,0.1188315600156784,0.1069161668419838,-0.13709090650081635,0.024000000208616257,0.18992257118225098,-0.02264779433608055,-0.3752537965774536,-0.800000011920929,-0.28939780592918396,-0.35276293754577637,0.800000011920929,0.18981322646141052,0
0,0.007636363618075848,0.261514344096959,0.00788390263915062,0.005453580524772406,-0.00004299747524783015,0.9999540448188782,-0.053048066794872284,-0.21061716973781586,-0.176654651761055,0.185438334941864,0.02036978118121624,0.22492185235023499,-0.06137414276599884,0.1477876901626587,0.11753012239933014,0.0970892608165741,-0.13236363232135773,0.018000001087784767,0.18778115510940552,-0.022911379113793373,-0.3740224838256836,-0.800000011920929,-0.2878156304359436,-0.349521279335022,0.800000011920929,0.18637719750404358,0
0,0.0073636360466480255,0.2613915883310441,0.0076023489236831665,0.005258822813630104,-0.00003998112151748501,0.999957263469696,-0.04984942451119423,-0.1982838213443756,-0.17603571712970734,0.1887696087360382,0.01260569877922535,0.2226032018661499,-0.053012870252132416,0.15723413228988647,0.11553753167390823,0.09120354801416397,-0.1276363581418991,0.012000000104308128,0.18879787623882294,-0.024082880467176437,-0.37235742807388306,-0.800000011920929,-0.283652663230896,-0.34740975499153137,0.800000011920929,0.18150795996189117,0
0,0.007090908940881491,0.2612810515173081,0.00732079241424799,0.005064064171165228,-0.00003707443829625845,0.9999603629112244,-0.04606924206018448,-0.18751895427703857,-0.1751653552055359,0.19005222618579865,0.004841616377234459,0.220284566283226,-0.045356281101703644,0.164320170879364,0.11293113976716995,0.08398420363664627,-0.12290908396244049,0.006000000052154064,0.18803086876869202,-0.02562701888382435,-0.3717672526836395,-0.800000011920929,-0.2798904478549957,-0.34360313415527344,0.800000011920929,0.1750882863998413,0
0,0.006818181835114956,0.26118237602788247,0.007039234973490238,0.0048693036660552025,-0.000034277429222129285,0.9999633431434631,-0.04269571974873543,-0.18059590458869934,-0.17632094025611877,0.19062115252017975,-0.002922465791925788,0.21796593070030212,-0.04252278059720993,0.16822722554206848,0.10797031223773956,0.08050516247749329,-0.11818181723356247,0,0.18645119667053223,-0.025940580293536186,-0.3697368800640106,-0.800000011920929,-0.2781675457954407,-0.3423101007938385,0.800000011920929,0.17194315791130066,0
0,0.006545454263687134,0.2610772334344987,0.006757676601409912,0.0046745422296226025,-0.00003159012703690678,0.9999662637710571,-0.03753150254487991,-0.17327360808849335,-0.1759004145860672,0.18966001272201538,-0.010686548426747322,0.21564729511737823,-0.03770532086491585,0.17241095006465912,0.10571625083684921,0.07687216252088547,-0.11345454305410385,-0.006000000052154064,0.18525201082229614,-0.025411203503608704,-0.3678905665874481,-0.800000011920929,-0.27516311407089233,-0.3388555645942688,0.800000011920929,0.16729885339736938,0
0,0.006272727157920599,0.26100365150052346,0.006476116366684437,0.0044797793962061405,-0.00002901247535191942,0.9999690055847168,-0.03211275488138199,-0.16670086979866028,-0.17543956637382507,0.18711628019809723,-0.018450630828738213,0.21332865953445435,-0.03320310264825821,0.1758819818496704,0.10166606307029724,0.07315195351839066,-0.10872726887464523,-0.012000000104308128,0.1835002303123474,-0.026234984397888184,-0.36530423164367676,-0.800000011920929,-0.27156248688697815,-0.33249613642692566,0.800000011920929,0.16226570308208466,0
0,0.006000000052154064,0.2609720908411149,0.006194555200636387,0.004285015165805817,-0.000026544514184934087,0.9999716281890869,-0.027101680636405945,-0.16291344165802002,-0.17536166310310364,0.18548382818698883,-0.026214713230729103,0.21101002395153046,-0.02800370752811432,0.1772717535495758,0.09855015575885773,0.06996513903141022,-0.10399999469518661,-0.018000001087784767,0.18193386495113373,-0.026492463424801826,-0.36228886246681213,-0.800000011920929,-0.2687695622444153,-0.3275850713253021,0.800000011920929,0.15843912959098816,0
0,0.005727272480726242,0.2609403811700944,0.005912993103265762,0.004090249538421631,-0.00002418624899291899,0.9999741315841675,-0.022438807412981987,-0.1590428650379181,-0.17405876517295837,0.1842280924320221,-0.033978793770074844,0.20869138836860657,-0.022929904982447624,0.17896345257759094,0.09441007673740387,0.06729020178318024,-0.099272720515728,-0.024000000208616257,0.18065056204795837,-0.027091773226857185,-0.3611980676651001,-0.800000011920929,-0.26700204610824585,-0.3247789144515991,0.800000011920929,0.15636293590068817,0
0,0.005454545374959707,0.26096809732991494,0.005631428677588701,0.003895483212545514,-0.000021937639758107252,0.9999765753746033,-0.02007453329861164,-0.1569446176290512,-0.1732790321111679,0.18321840465068817,-0.041742876172065735,0.20637275278568268,-0.018699415028095245,0.17946818470954895,0.09292735159397125,0.06345760077238083,-0.09454545378684998,-0.030000001192092896,0.1779651939868927,-0.027012106031179428,-0.3593653738498688,-0.800000011920929,-0.2657510042190552,-0.32050588726997375,0.800000011920929,0.15527112782001495,0
0,0.0051818182691931725,0.26099158155995644,0.00534986425191164,0.003700715722516179,-0.00001979876287805382,0.9999788403511047,-0.017535237595438957,-0.15542718768119812,-0.17356039583683014,0.1818118542432785,-0.049506958574056625,0.2040541023015976,-0.014384223148226738,0.1797422468662262,0.0910428985953331,0.05874922126531601,-0.08981817960739136,-0.036000002175569534,0.17457152903079987,-0.02823540009558201,-0.35716456174850464,-0.800000011920929,-0.2649424374103546,-0.3153325915336609,0.800000011920929,0.15452075004577637,0
0,0.00490909069776535,0.261027523160756,0.005068298429250717,0.0035059473011642694,-0.000017769531041267328,0.9999809861183167,-0.014905955642461777,-0.15418842434883118,-0.17260874807834625,0.17972134053707123,-0.057271040976047516,0.2017354667186737,-0.008844410069286823,0.1799960881471634,0.09085606038570404,0.053475528955459595,-0.08509090542793274,-0.04200000315904617,0.17200005054473877,-0.02845853753387928,-0.3547748029232025,-0.800000011920929,-0.2632339596748352,-0.3117274343967438,0.800000011920929,0.15366753935813904,0
0,0.0046363635919988155,0.2610633753545884,0.0047867316752672195,0.0033111777156591415,-0.000015849956980673596,0.9999830722808838,-0.012128139846026897,-0.1532595157623291,-0.1723564714193344,0.17735284566879272,-0.0650351271033287,0.19941683113574982,-0.004276274237781763,0.1801666021347046,0.09081576764583588,0.04970736429095268,-0.08036363124847412,-0.04800000041723251,0.1691669374704361,-0.029083361849188805,-0.35148727893829346,-0.800000011920929,-0.26128727197647095,-0.30760857462882996,0.800000011920929,0.15268340706825256,0
0,0.004363636486232281,0.2610907636888627,0.004505163989961147,0.003116407198831439,-0.000014040131645742804,0.9999849796295166,-0.009625943377614021,-0.15283694863319397,-0.17161643505096436,0.17493164539337158,-0.0727992057800293,0.19709819555282593,0.0003223461681045592,0.18005213141441345,0.09081300348043442,0.0455101914703846,-0.0756363645195961,-0.05400000140070915,0.16595052182674408,-0.029411636292934418,-0.3477073013782501,-0.800000011920929,-0.2594420313835144,-0.304927259683609,0.800000011920929,0.15168267488479614,0
0,0.004090908914804459,0.2611233972318772,0.0042235953733325005,0.0029216359835118055,-0.000012339973181951791,0.9999868273735046,-0.0075201173312962055,-0.15219010412693024,-0.17034532129764557,0.17345410585403442,-0.08056329190731049,0.19477955996990204,0.004781974479556084,0.18005140125751495,0.09053973108530045,0.04269104450941086,-0.07090909034013748,-0.06000000238418579,0.16320498287677765,-0.029569000005722046,-0.3448154330253601,-0.800000011920929,-0.2573496103286743,-0.30078405141830444,0.800000011920929,0.15002292394638062,0
0,0.003818181809037924,0.2611600242860917,0.003942025825381279,0.0027268638368695974,-0.000010749498869699892,0.9999884963035583,-0.005996742285788059,-0.15212208032608032,-0.17051056027412415,0.17246876657009125,-0.08832737058401108,0.19246092438697815,0.007696210406720638,0.17968708276748657,0.09108094125986099,0.041211940348148346,-0.06618181616067886,-0.06599999964237213,0.16094970703125,-0.030484884977340698,-0.3431326746940613,-0.800000011920929,-0.2552854120731354,-0.2983629107475281,0.800000011920929,0.14823050796985626,0
0,0.0035454544704407454,0.2611767433889512,0.003660456044599414,0.0025320909917354584,-0.000009268675967177842,0.9999901056289673,-0.004971595015376806,-0.15211695432662964,-0.16954772174358368,0.17241530120372772,-0.09609145671129227,0.19014228880405426,0.01158619113266468,0.17941434681415558,0.09263425320386887,0.0392899326980114,-0.061454541981220245,-0.07200000435113907,0.15788094699382782,-0.03002040460705757,-0.3402256369590759,-0.800000011920929,-0.2533849775791168,-0.2948582172393799,0.800000011920929,0.14565888047218323,0
0,0.003272727131843567,0.2611796640165452,0.0033788850996643305,0.0023373174481093884,-0.00000789758087194059,0.9999915361404419,-0.004572293255478144,-0.15229521691799164,-0.16929863393306732,0.17490099370479584,-0.10385553538799286,0.18782365322113037,0.01420147530734539,0.1793576180934906,0.09319204092025757,0.04045980051159859,-0.056727271527051926,-0.07800000160932541,0.15771904587745667,-0.03104938566684723,-0.3395550847053528,-0.800000011920929,-0.2499748170375824,-0.29398924112319946,0.800000011920929,0.14372803270816803,0
0,0.003000000026077032,0.2611987077005509,0.00309731368906796,0.0021425432059913874,-0.000006636157195316628,0.9999929070472717,-0.004212008789181709,-0.15301407873630524,-0.1707092672586441,0.17641238868236542,-0.11161962151527405,0.1855050027370453,0.016258928924798965,0.17876428365707397,0.0931696742773056,0.04022205248475075,-0.05199999734759331,-0.08400000631809235,0.15608741343021393,-0.03321034833788872,-0.3389989733695984,-0.800000011920929,-0.24752037227153778,-0.29265156388282776,0.800000011920929,0.14161920547485352,0
0,0.0027272726874798536,0.26119215118962563,0.002815741579979658,0.001947768498212099,-0.000005484430403157603,0.999994158744812,-0.0035042439121752977,-0.15174156427383423,-0.16894792020320892,0.1776099056005478,-0.11938370019197464,0.1831863671541214,0.018792156130075455,0.17993104457855225,0.09439541399478912,0.04107058420777321,-0.04727272689342499,-0.09000000357627869,0.1558067500591278,-0.03278474509716034,-0.33761775493621826,-0.800000011920929,-0.24461159110069275,-0.29169416427612305,0.800000011920929,0.13992121815681458,0
0,0.002454545348882675,0.26119474399167336,0.002534169005230069,0.0017529932083562016,-0.000004442396402737359,0.999995231628418,-0.003148255404084921,-0.15224100649356842,-0.1683340072631836,0.1819297820329666,-0.12714777886867523,0.1808677315711975,0.021676162257790565,0.17979305982589722,0.09452808648347855,0.04295577481389046,-0.04254545271396637,-0.09600000083446503,0.15589751303195953,-0.03415272384881973,-0.3386617600917816,-0.800000011920929,-0.24163876473903656,-0.2940899431705475,0.800000011920929,0.13811273872852325,0
0,0.0021818182431161404,0.2612001978166703,0.002252595964819193,0.001558217336423695,-0.0000035100445074931486,0.9999962449073792,-0.0025704260915517807,-0.15237130224704742,-0.1682155579328537,0.18277843296527863,-0.13491186499595642,0.17854909598827362,0.023394087329506874,0.1797925978899002,0.09492059797048569,0.043437790125608444,-0.03781818225979805,-0.10200000554323196,0.1559399962425232,-0.03517848998308182,-0.33738845586776733,-0.800000011920929,-0.23803552985191345,-0.2955733835697174,0.800000011920929,0.13701693713665009,0
0,0.001909090904518962,0.2611958764799241,0.0019710224587470293,0.001363441115245223,-0.0000026873753995459992,0.9999971389770508,-0.0037524783983826637,-0.15331631898880005,-0.16795751452445984,0.1848551332950592,-0.1426759511232376,0.17623046040534973,0.024277888238430023,0.17905139923095703,0.09547865390777588,0.043877750635147095,-0.03309090808033943,-0.1080000028014183,0.15615437924861908,-0.035153668373823166,-0.3368180990219116,-0.800000011920929,-0.23683173954486847,-0.29790303111076355,0.800000011920929,0.13459999859333038,0
0,0.0016363635659217834,0.2612004362352494,0.0016894484870135784,0.0011686645448207855,-0.000001974395445358823,0.9999979138374329,-0.004589283838868141,-0.15360891819000244,-0.1682811826467514,0.1865108162164688,-0.1504400372505188,0.17391182482242584,0.0244960505515337,0.17903931438922882,0.09573408216238022,0.044817060232162476,-0.028363635763525963,-0.11400000751018524,0.1556595265865326,-0.0357898510992527,-0.33416271209716797,-0.800000011920929,-0.23343676328659058,-0.2974821925163269,0.800000011920929,0.1325732171535492,0
0,0.0013636363437399268,0.26119891631680764,0.001407874166034162,0.0009738876251503825,-0.0000013711114661418833,0.9999985098838806,-0.005631817504763603,-0.15444009006023407,-0.16922184824943542,0.1870264708995819,-0.1582041084766388,0.17159318923950195,0.023998644202947617,0.17857767641544342,0.0960792824625969,0.045103032141923904,-0.023636363446712494,-0.12000000476837158,0.15569597482681274,-0.03647637367248535,-0.3330644965171814,-0.800000011920929,-0.23281767964363098,-0.2991500496864319,0.800000011920929,0.13167783617973328,0
0,0.0010909091215580702,0.2612062774904374,0.001126299612224102,0.000779110414441675,-8.775140827310679e-7,0.9999990463256836,-0.007398685440421104,-0.15551739931106567,-0.16914837062358856,0.18969744443893433,-0.16596819460391998,0.16927455365657806,0.0232660174369812,0.177872434258461,0.0963042825460434,0.047517385333776474,-0.018909091129899025,-0.12600000202655792,0.15549831092357635,-0.0369541272521019,-0.3331807255744934,-0.800000011920929,-0.23063188791275024,-0.2998396158218384,0.800000011920929,0.13011237978935242,0
0,0.0008181817829608917,0.26120758879262246,0.0008447250002063811,0.0005843329709023237,-4.935907327308087e-7,0.999999463558197,-0.008561850525438786,-0.15563732385635376,-0.16937802731990814,0.19055289030075073,-0.17373228073120117,0.16695590317249298,0.024184592068195343,0.17785264551639557,0.09769012033939362,0.045517999678850174,-0.014181817881762981,-0.13199999928474426,0.15479084849357605,-0.0376695916056633,-0.33246615529060364,-0.800000011920929,-0.2293124794960022,-0.3008527457714081,0.800000011920929,0.12939472496509552,0
0,0.0005454545607790351,0.26121700632649697,0.0005631500971503556,0.00038955541094765067,-2.1937054839327175e-7,0.9999997615814209,-0.00981904100626707,-0.15570281445980072,-0.16729028522968292,0.18989229202270508,-0.18149636685848236,0.1646372675895691,0.024290842935442924,0.17735505104064941,0.09789596498012543,0.04455665871500969,-0.009454545564949512,-0.1380000114440918,0.1530626118183136,-0.03722075745463371,-0.33141520619392395,-0.800000011920929,-0.22829021513462067,-0.2996678650379181,0.800000011920929,0.1271258294582367,0
0,0.00027272728038951755,0.2612271391161088,0.0002815750485751778,0.0001947777345776558,-5.484533005528647e-8,0.9999999403953552,-0.012540513649582863,-0.1556243896484375,-0.16454461216926575,0.19159434735774994,-0.18926043808460236,0.1623186320066452,0.024192534387111664,0.17742539942264557,0.09884791821241379,0.04489167779684067,-0.004727272782474756,-0.14400000870227814,0.15331712365150452,-0.036499496549367905,-0.3318350911140442,-0.800000011920929,-0.22791732847690582,-0.3007224202156067,0.800000011920929,0.12843793630599976,0
0,0,0.2611792169817094,-4.4469439757178174e-21,-2.25995739055934e-32,5.082046328902523e-12,1,-0.022889727726578712,-0.1553732305765152,-0.1586799919605255,0.20413778722286224,-0.19702452421188354,0.1599999964237213,0.027179284021258354,0.17803221940994263,0.10472993552684784,0.040669091045856476,0,-0.15000000596046448,0.15418383479118347,-0.029589073732495308,-0.33299383521080017,-0.800000011920929,-0.23256368935108185,-0.3014273941516876,0.800000011920929,0.12759655714035034,0