0.021078841760754585,-0.003985888324677944,0.23938849775123303,-0.002781246555969119,0.017810095101594925,0.6762014627456665,0.7364962100982666,-0.30000001192092896,-0.05000000074505806,0.004000000189989805,0.5,-0.20000000298023224,-0.05999999865889549,-0.30000001192092896,0.05000000074505806,0.004000000189989805,0.5,-0.20000000298023224,-0.05999999865889549,0,0,-0.05863000825047493,-0.24107763171195984,-0.05983273684978485,-0.12314491719007492,0.22972142696380615,0.04643533378839493,0
0.020932598039507866,-0.00357644772157073,0.2393432876281709,-0.0018384179566055536,0.017049888148903847,0.6762298941612244,0.7364910244941711,-0.3009090721607208,-0.05098927766084671,-0.0012121029431000352,0.5056963562965393,-0.20236782729625702,-0.05968800187110901,-0.2948152422904968,0.05514633283019066,0.007472884841263294,0.49315518140792847,-0.19529403746128082,-0.06349783390760422,0.007036540657281876,0.00027227180544286966,-0.05832865089178085,-0.2420070469379425,-0.05865193158388138,-0.12304791808128357,0.23109233379364014,0.04382672160863876,0
0.020959435030817986,-0.0035174312070012093,0.23933881727981274,-0.0008988489280454814,0.01628951169550419,0.67640620470047,0.7363480925559998,-0.3018181324005127,-0.05197855085134506,-0.006424205843359232,0.5113927721977234,-0.2047356367111206,-0.059376005083322525,-0.2896304428577423,0.060292668640613556,0.01094576995819807,0.4863103926181793,-0.1905880868434906,-0.06699567288160324,0.014073081314563751,0.0005445436108857393,-0.05843416228890419,-0.24220925569534302,-0.058068227022886276,-0.12392570823431015,0.23201660811901093,0.04334123805165291,0
0.020957132801413536,-0.0035138768143951893,0.23933783380317394,0.00003886581180267967,0.015529530122876167,0.6766854524612427,0.7361084222793579,-0.30272719264030457,-0.05296782776713371,-0.011636309325695038,0.5170891284942627,-0.20710346102714539,-0.05906401202082634,-0.2844456732273102,0.06543900072574615,0.014418655075132847,0.4794655740261078,-0.18588212132453918,-0.07049350440502167,0.021109621971845627,0.000816815416328609,-0.05812783166766167,-0.24310973286628723,-0.05688275396823883,-0.12474697083234787,0.23302718997001648,0.04275081306695938,0
0.021070510149002075,-0.0035027540288865566,0.23932928053664868,0.0009806534508243203,0.014769972302019596,0.6767880916595459,0.7360290288925171,-0.30363625288009644,-0.05395710468292236,-0.016848411411046982,0.5227855443954468,-0.20947128534317017,-0.058752015233039856,-0.27926090359687805,0.07058533281087875,0.01789153926074505,0.47262075543403625,-0.18117615580558777,-0.07399134337902069,0.028146162629127502,0.0010890872217714787,-0.05879376083612442,-0.24309974908828735,-0.05651187524199486,-0.12555928528308868,0.2347535938024521,0.04215599596500397,0
0.021186383441090584,-0.003514946438372135,0.23929500786590283,0.001920113107189536,0.014010965824127197,0.6770216822624207,0.7358272075653076,-0.3045452833175659,-0.054946381598711014,-0.022060515359044075,0.5284819006919861,-0.21183909475803375,-0.05844001844525337,-0.27407610416412354,0.07573166489601135,0.021364424377679825,0.4657759666442871,-0.17647020518779755,-0.07748917490243912,0.03518270328640938,0.0013613590272143483,-0.058839522302150726,-0.24410118162631989,-0.0554320253431797,-0.1262645125389099,0.23617352545261383,0.04149317741394043,0
0.02134845033288002,-0.0035220778081566095,0.23928556052970593,0.002856960752978921,0.013253165408968925,0.6774243712425232,0.7354674339294434,-0.3054543435573578,-0.055935654789209366,-0.02727261744439602,0.5341783165931702,-0.21420691907405853,-0.05812802165746689,-0.2688913345336914,0.08087800443172455,0.0248373094946146,0.4589311480522156,-0.17176423966884613,-0.08098701387643814,0.042219243943691254,0.001633630832657218,-0.05885397270321846,-0.2449914515018463,-0.05504702404141426,-0.12768103182315826,0.237422376871109,0.040952879935503006,0
0.02156362123787403,-0.0035370937548577785,0.239263119380948,0.003799717640504241,0.01249479129910469,0.6775254011154175,0.7353834509849548,-0.30636340379714966,-0.056924931704998016,-0.03248472139239311,0.5398746728897095,-0.2165747433900833,-0.057816024869680405,-0.2637065649032593,0.08602433651685715,0.028310194611549377,0.45208635926246643,-0.1670582890510559,-0.08448485285043716,0.04925578460097313,0.0019059026381000876,-0.060094479471445084,-0.24481849372386932,-0.05512431636452675,-0.1284078061580658,0.23947305977344513,0.04098179563879967,0
0.02185111492872238,-0.0036306518595665693,0.23924052922057812,0.004739019088447094,0.011738095432519913,0.677852988243103,0.7350884675979614,-0.30727246403694153,-0.05791420862078667,-0.037696823477745056,0.5455710887908936,-0.2189425528049469,-0.05750402808189392,-0.25852179527282715,0.09117066860198975,0.031783077865839005,0.4452415406703949,-0.1623523235321045,-0.08798268437385559,0.056292325258255005,0.0021781744435429573,-0.06147389113903046,-0.24357394874095917,-0.05639633908867836,-0.12949085235595703,0.2411879003047943,0.04182129725813866,0
0.022147534415125847,-0.0037532004062086344,0.23921144215392773,0.00568575831130147,0.010978677310049534,0.6777247786521912,0.7352116703987122,-0.3081815242767334,-0.05890348553657532,-0.0429089292883873,0.5512674450874329,-0.22131037712097168,-0.057192035019397736,-0.25333699584007263,0.09631700068712234,0.03525596484541893,0.43839672207832336,-0.15764635801315308,-0.09148052334785461,0.06332886964082718,0.002450446132570505,-0.06404083967208862,-0.24219290912151337,-0.05736985802650452,-0.13043519854545593,0.24346651136875153,0.04199312627315521,0
0.02246110886335373,-0.003938249312341213,0.23921305147933666,0.006625721696764231,0.010223086923360825,0.6780616641044617,0.7349040508270264,-0.30909058451652527,-0.05989275872707367,-0.04812103137373924,0.5569638609886169,-0.22367820143699646,-0.05688003823161125,-0.2481522262096405,0.10146333277225494,0.03872884809970856,0.4315519332885742,-0.15294040739536285,-0.09497835487127304,0.07036540657281876,0.0027227180544286966,-0.06555130332708359,-0.2416488081216812,-0.05794653296470642,-0.13317222893238068,0.2443166822195053,0.0425788089632988,0
0.022783225402235985,-0.004044949542731047,0.2392269989662141,0.007567435037344694,0.009467448107898235,0.6783130168914795,0.7346730828285217,-0.30999964475631714,-0.06088203564286232,-0.053333133459091187,0.5626602172851562,-0.22604601085186005,-0.05656804144382477,-0.24296744167804718,0.10660967230796814,0.04220173507928848,0.4247071146965027,-0.14823444187641144,-0.09847619384527206,0.07740195095539093,0.0029949897434562445,-0.06725644320249557,-0.24232082068920135,-0.05694419518113136,-0.1359664499759674,0.24460963904857635,0.042925938963890076,0
0.023184478282928467,-0.004280813038349152,0.23926371542739575,0.008507453836500645,0.008714542724192142,0.6787469983100891,0.734271228313446,-0.310908704996109,-0.06187131255865097,-0.05854523554444313,0.5683565735816956,-0.22841383516788483,-0.056256044656038284,-0.23778267204761505,0.11175600439310074,0.04567461833357811,0.41786229610443115,-0.14352847635746002,-0.10197402536869049,0.08443848788738251,0.003267261665314436,-0.06960149854421616,-0.24168901145458221,-0.05658603832125664,-0.1376924365758896,0.24519440531730652,0.043218355625867844,0
0.023624416440725327,-0.0043060434982180595,0.23929062692451183,0.009449382312595844,0.00796146597713232,0.6790828108787537,0.7339576482772827,-0.3118177652359009,-0.06286058574914932,-0.06375733762979507,0.5740529894828796,-0.2307816594839096,-0.0559440478682518,-0.23259788751602173,0.11690233647823334,0.04914750158786774,0.411017507314682,-0.1388225257396698,-0.10547186434268951,0.09147503226995468,0.003539533354341984,-0.07234369963407516,-0.24106231331825256,-0.05726640671491623,-0.13843697309494019,0.24510593712329865,0.04395528510212898,0
0.024058232083916664,-0.004320849198848009,0.23929900137710278,0.01039552316069603,0.007204089313745499,0.6790555119514465,0.7339779138565063,-0.31272679567337036,-0.06384986639022827,-0.06896944344043732,0.579749345779419,-0.2331494688987732,-0.055632054805755615,-0.2274131029844284,0.12204866856336594,0.05262038856744766,0.4041726887226105,-0.13411656022071838,-0.10896970331668854,0.09851156920194626,0.0038118052762001753,-0.07509708404541016,-0.24203889071941376,-0.056666210293769836,-0.13844969868659973,0.24470345675945282,0.04366897791624069,0
0.024543607607483864,-0.004209846258163452,0.23932478038596813,0.01133893895894289,0.006451241672039032,0.6793270707130432,0.7337196469306946,-0.31363585591316223,-0.06483913958072662,-0.07418154925107956,0.585445761680603,-0.23551729321479797,-0.05532005801796913,-0.22222833335399628,0.12719500064849854,0.05609327182173729,0.39732789993286133,-0.12941059470176697,-0.11246753484010696,0.10554811358451843,0.004084077198058367,-0.0787527859210968,-0.24247439205646515,-0.05730515345931053,-0.13937874138355255,0.24472151696681976,0.043920330703258514,0
0.02511889673769474,-0.004177263472229242,0.23933848945426647,0.012284843251109123,0.005694821942597628,0.6793444156646729,0.7336946725845337,-0.3145449161529541,-0.06582841277122498,-0.0793936476111412,0.5911421179771423,-0.23788510262966156,-0.05500806123018265,-0.21704354882240295,0.13234134018421173,0.059566158801317215,0.3904830813407898,-0.12470464408397675,-0.11596537381410599,0.11258465051651001,0.004356348887085915,-0.08336108177900314,-0.24337570369243622,-0.05791875720024109,-0.13888539373874664,0.2452472746372223,0.04375467821955681,0
0.0255795456469059,-0.004168178420513868,0.23936695067214672,0.013233635574579239,0.004930672235786915,0.6789311766624451,0.7340660691261292,-0.31545397639274597,-0.06681769341230392,-0.08460575342178345,0.5968385338783264,-0.24025292694568634,-0.054696064442396164,-0.21185877919197083,0.13748766481876373,0.06303904205560684,0.38363826274871826,-0.11999867856502533,-0.11946320533752441,0.11962119489908218,0.0046286205761134624,-0.08910192549228668,-0.24420084059238434,-0.05926869064569473,-0.13659976422786713,0.2451942414045334,0.04448264464735985,0
0.02627621404826641,-0.004313976038247347,0.2393556257896394,0.014180275611579418,0.004169712774455547,0.6787385940551758,0.734231173992157,-0.31636303663253784,-0.06780696660280228,-0.08981785178184509,0.6025348901748657,-0.24262075126171112,-0.05438406765460968,-0.2066739946603775,0.14263400435447693,0.06651192903518677,0.3767934739589691,-0.11529272049665451,-0.12296104431152344,0.12665773928165436,0.00490089226514101,-0.09598369896411896,-0.24630671739578247,-0.05958079919219017,-0.13504783809185028,0.24554048478603363,0.044498443603515625,0
0.02684881165623665,-0.004490559455007315,0.23936492411422436,0.015124102123081684,0.003418763168156147,0.6790561676025391,0.73392254114151,-0.3172720968723297,-0.06879624724388123,-0.09502995759248734,0.6082313060760498,-0.2449885606765747,-0.054072070866823196,-0.20148921012878418,0.14778034389019012,0.0699848085641861,0.3699486553668976,-0.11058676242828369,-0.12645888328552246,0.13369427621364594,0.005173163954168558,-0.10257795453071594,-0.24920038878917694,-0.05939832702279091,-0.13500149548053741,0.24516671895980835,0.04421684890985489,0
0.02754334732890129,-0.0046359277330338955,0.23933875767516796,0.01607075147330761,0.002655276795849204,0.6787638664245605,0.734175980091095,-0.3181811571121216,-0.06978552043437958,-0.10024206340312958,0.6139276623725891,-0.2473563849925995,-0.05376007780432701,-0.19630444049835205,0.15292666852474213,0.07345769554376602,0.36310383677482605,-0.10588080435991287,-0.1299567073583603,0.1407308131456375,0.005445436108857393,-0.10736172646284103,-0.2516949474811554,-0.06001105532050133,-0.13334880769252777,0.24475044012069702,0.044129129499197006,0
0.028469817712903023,-0.004808691330254078,0.23930433599281017,0.017016425728797913,0.0018939904402941465,0.6785987615585327,0.7343096137046814,-0.31909021735191345,-0.07077479362487793,-0.10545416176319122,0.6196240782737732,-0.24972420930862427,-0.05344808101654053,-0.19111965596675873,0.15807300806045532,0.07693058252334595,0.3562590479850769,-0.10117483884096146,-0.13345454633235931,0.1477673500776291,0.005717707797884941,-0.11282201111316681,-0.253839373588562,-0.06044432893395424,-0.13253560662269592,0.24491280317306519,0.044143196195364,0
0.029250426217913628,-0.005017799790948629,0.2392730435543031,0.017961706966161728,0.0011324237566441298,0.6784393787384033,0.7344359159469604,-0.3199992775917053,-0.07176407426595688,-0.11066626757383347,0.6253204345703125,-0.25209203362464905,-0.053136084228754044,-0.1859348714351654,0.16321933269500732,0.08040346950292587,0.34941422939300537,-0.09646888077259064,-0.13695238530635834,0.15480390191078186,0.005989979486912489,-0.11823951452970505,-0.25692129135131836,-0.06029598042368889,-0.13235919177532196,0.24411055445671082,0.04311368986964226,0
0.030117154121398926,-0.005445986986160278,0.239225300233838,0.018906505778431892,0.0003761730622500181,0.6785020232200623,0.734355092048645,-0.3209083080291748,-0.07275334745645523,-0.11587837338447571,0.6310167908668518,-0.25445985794067383,-0.05282408744096756,-0.18075010180473328,0.16836567223072052,0.0838763490319252,0.34256941080093384,-0.09176292270421982,-0.14045022428035736,0.16184043884277344,0.006262251175940037,-0.12346496433019638,-0.2605888545513153,-0.05974067747592926,-0.1334669142961502,0.2436034381389618,0.04233601316809654,0
0.031022202223539352,-0.005710924509912729,0.23915741054343884,0.019851483404636383,-0.00037504819920286536,0.6787443161010742,0.7341062426567078,-0.3218173682689667,-0.07374262064695358,-0.12109047174453735,0.6367132067680359,-0.2568276524543762,-0.052512090653181076,-0.17556531727313995,0.17351201176643372,0.08734923601150513,0.3357246220111847,-0.0870569571852684,-0.14394806325435638,0.16887697577476501,0.006534523330628872,-0.12723103165626526,-0.2643110454082489,-0.05919007211923599,-0.1318114697933197,0.24354048073291779,0.04209747165441513,0
0.03188241273164749,-0.006361212581396103,0.2391119321994752,0.020797118544578552,-0.0011219686130061746,0.6791157126426697,0.7337357401847839,-0.32272642850875854,-0.07473190128803253,-0.126302570104599,0.6424095630645752,-0.259195476770401,-0.05220009759068489,-0.17038054764270782,0.17865833640098572,0.09082212299108505,0.32887980341911316,-0.08235099911689758,-0.1474458873271942,0.1759135127067566,0.00680679501965642,-0.13116402924060822,-0.2693204879760742,-0.05965358763933182,-0.13212965428829193,0.2416931539773941,0.04202384129166603,0
0.032905422151088715,-0.00661414535716176,0.2390128990821809,0.02174309641122818,-0.0018723031971603632,0.6793387532234192,0.7335002422332764,-0.3236354887485504,-0.07572117447853088,-0.13151468336582184,0.6481059789657593,-0.2615633010864258,-0.05188810080289841,-0.1651957631111145,0.1838046759366989,0.09429500252008438,0.322035014629364,-0.07764504104852676,-0.15094372630119324,0.18295006453990936,0.007079066708683968,-0.13250525295734406,-0.2734973430633545,-0.057680729776620865,-0.12814784049987793,0.24165286123752594,0.041224829852581024,0
0.03387448191642761,-0.007064214441925287,0.2389104685001344,0.022687813267111778,-0.0026365190278738737,0.6790936589241028,0.7336961627006531,-0.3245445489883423,-0.07671045511960983,-0.13672678172588348,0.6538023352622986,-0.26393112540245056,-0.05157610401511192,-0.16001097857952118,0.18895100057125092,0.0977678894996643,0.3151901960372925,-0.07293908298015594,-0.15444156527519226,0.18998660147190094,0.007351338397711515,-0.13750454783439636,-0.2779100835323334,-0.05949614197015762,-0.13095612823963165,0.2400946021080017,0.04243240877985954,0
0.035046812146902084,-0.007478510960936546,0.2387835106067628,0.02363579533994198,-0.0033747523557394743,0.6796737313270569,0.7331258654594421,-0.32545360922813416,-0.07769972831010818,-0.14193888008594513,0.6594987511634827,-0.26629894971847534,-0.05126410722732544,-0.15482620894908905,0.1940973401069641,0.10124077647924423,0.30834537744522095,-0.06823311746120453,-0.15793940424919128,0.19702313840389252,0.007623610552400351,-0.14034628868103027,-0.2815465033054352,-0.0624518096446991,-0.13146762549877167,0.23792971670627594,0.044061388820409775,0
0.036324579268693924,-0.007783613633364439,0.23862841932105724,0.02458338253200054,-0.0041206274181604385,0.6799800395965576,0.7328068017959595,-0.326362669467926,-0.07868900150060654,-0.14715099334716797,0.665195107460022,-0.26866674423217773,-0.050952110439538956,-0.14964142441749573,0.1992436796426773,0.10471366345882416,0.3015005886554718,-0.06352715939283371,-0.1614372432231903,0.2040596753358841,0.007895882241427898,-0.14339858293533325,-0.2867720127105713,-0.06175459921360016,-0.133200004696846,0.23535534739494324,0.044431932270526886,0
0.03789456561207771,-0.008357678540050983,0.23842197863387768,0.025529013946652412,-0.004879012703895569,0.679903507232666,0.7328408360481262,-0.3272717297077179,-0.07967828214168549,-0.15236309170722961,0.670891523361206,-0.2710345685482025,-0.05064011365175247,-0.1444566547870636,0.2043900042772293,0.10818654298782349,0.29465577006340027,-0.05882120132446289,-0.16493506729602814,0.21109622716903687,0.008168154396116734,-0.14812351763248444,-0.29053664207458496,-0.06203611195087433,-0.13610439002513885,0.23291534185409546,0.04551614075899124,0
0.03961862996220589,-0.008968914858996868,0.23817357627677624,0.026475604623556137,-0.0056321327574551105,0.6799771785736084,0.7327334880828857,-0.32818078994750977,-0.08066755533218384,-0.15757519006729126,0.6765878796577454,-0.2734023928642273,-0.05032812058925629,-0.13927187025547028,0.2095363438129425,0.11165942996740341,0.28781095147132874,-0.05411523953080177,-0.16843290627002716,0.21813276410102844,0.008440425619482994,-0.1545838713645935,-0.2916773557662964,-0.06360034644603729,-0.1398032009601593,0.230660542845726,0.04862402006983757,0
0.04141760244965553,-0.009704917669296265,0.23785603253173535,0.027421914041042328,-0.0063867149874567986,0.6800056099891663,0.7326660752296448,-0.32908985018730164,-0.08165682852268219,-0.1627873033285141,0.6822842955589294,-0.2757702171802521,-0.0500161238014698,-0.13408708572387695,0.2146826684474945,0.11513231694698334,0.2809661626815796,-0.049409277737140656,-0.17193074524402618,0.22516930103302002,0.00871269777417183,-0.15944291651248932,-0.2926505506038666,-0.06611956655979156,-0.14409318566322327,0.2277500182390213,0.05046232417225838,0
0.043493401259183884,-0.010785598307847977,0.23746866194534008,0.02836802788078785,-0.00714204041287303,0.6800118088722229,0.7326173186302185,-0.3299988806247711,-0.08264610916376114,-0.16799940168857574,0.6879806518554688,-0.27813804149627686,-0.04970412701368332,-0.12890231609344482,0.2198290079832077,0.11860519647598267,0.27412134408950806,-0.044703319668769836,-0.1754285842180252,0.2322058379650116,0.00898496899753809,-0.16673381626605988,-0.29348158836364746,-0.06698926538228989,-0.1511417180299759,0.22485369443893433,0.05301881954073906,0
0.04554497450590134,-0.01184733398258686,0.2370522638969392,0.029330190271139145,-0.007837381213903427,0.6815136671066284,0.731175422668457,-0.330907940864563,-0.08363538235425949,-0.1732115000486374,0.6936770081520081,-0.28050586581230164,-0.049392130225896835,-0.1237175315618515,0.2249753326177597,0.12207808345556259,0.2672765552997589,-0.03999735787510872,-0.17892640829086304,0.23924238979816437,0.009257241152226925,-0.1691524237394333,-0.29613929986953735,-0.06664136797189713,-0.15670453011989594,0.22089307010173798,0.05513459071516991,0
0.047347113490104675,-0.013175824657082558,0.23655051199721996,0.030274178832769394,-0.008603385649621487,0.6812120079994202,0.7314093708992004,-0.33181700110435486,-0.08462466299533844,-0.17842361330986023,0.6993734240531921,-0.28287366032600403,-0.04908013343811035,-0.11853275448083878,0.2301216721534729,0.12555097043514252,0.2604317367076874,-0.0352913998067379,-0.18242424726486206,0.24627892673015594,0.00952951330691576,-0.1756618618965149,-0.2988860309123993,-0.06651253998279572,-0.16327175498008728,0.21854934096336365,0.059329401701688766,0
0.04919157549738884,-0.014335309155285358,0.2360182723216981,0.031227052211761475,-0.009338238276541233,0.6816568970680237,0.7309456467628479,-0.33272606134414673,-0.08561393618583679,-0.18363571166992188,0.7050697803497314,-0.2852414846420288,-0.048768140375614166,-0.11334797739982605,0.2352680116891861,0.12902384996414185,0.25358691811561584,-0.03058543987572193,-0.18592208623886108,0.2533154785633087,0.00980178453028202,-0.18056777119636536,-0.30280643701553345,-0.06563614308834076,-0.16758453845977783,0.2165786474943161,0.061619833111763,0
0.05059428513050079,-0.015586900524795055,0.23550522534179394,0.03216552734375,-0.010120522230863571,0.6809961795806885,0.7315101623535156,-0.3336351215839386,-0.08660320937633514,-0.18884781002998352,0.7107661962509155,-0.2876093089580536,-0.04845614358782768,-0.10816319286823273,0.2404143363237381,0.13249674439430237,0.2467421144247055,-0.025879479944705963,-0.1894199252128601,0.2603520154953003,0.010074056684970856,-0.18416261672973633,-0.30542993545532227,-0.06586618721485138,-0.17121189832687378,0.2153662145137787,0.06410405784845352,0
0.051944151520729065,-0.016851449385285378,0.2349712571315736,0.03310883045196533,-0.01088545098900795,0.680755078792572,0.7316815257072449,-0.33454418182373047,-0.08759249001741409,-0.19405992329120636,0.7164625525474548,-0.28997713327407837,-0.0481441468000412,-0.10297841578722,0.2455606758594513,0.1359696239233017,0.23989731073379517,-0.021173518151044846,-0.19291776418685913,0.26738855242729187,0.010346327908337116,-0.18577001988887787,-0.310239315032959,-0.06565459072589874,-0.1740180402994156,0.21430903673171997,0.06832578778266907,0
0.05301183462142944,-0.01783752255141735,0.2345222255401582,0.034058429300785065,-0.011630941182374954,0.6809434294700623,0.731451153755188,-0.33545324206352234,-0.08858176320791245,-0.199272021651268,0.7221589684486389,-0.29234495759010315,-0.047832150012254715,-0.09779363870620728,0.2507070004940033,0.13944250345230103,0.23305250704288483,-0.016467558220028877,-0.19641558825969696,0.27442508935928345,0.010618600063025951,-0.18574398756027222,-0.3145127296447754,-0.06717310100793839,-0.17652228474617004,0.21428105235099792,0.07179199904203415,0
0.05447160452604294,-0.018566345795989037,0.2339631935768098,0.03499738872051239,-0.012406925670802593,0.6804828643798828,0.7318226099014282,-0.3363623023033142,-0.0895710363984108,-0.20448412001132965,0.7278553247451782,-0.29471278190612793,-0.04752015322446823,-0.09260886162519455,0.2558533549308777,0.14291539788246155,0.2262076884508133,-0.011761598289012909,-0.19991342723369598,0.281461626291275,0.010890872217714787,-0.1868123710155487,-0.3187747597694397,-0.06777525693178177,-0.17769020795822144,0.21770785748958588,0.07395678013563156,0
0.05596212297677994,-0.01914305053651333,0.2333749255351991,0.03593790531158447,-0.013177052140235901,0.6801641583442688,0.7320598363876343,-0.3372713625431061,-0.09056031703948975,-0.2096962332725525,0.7335517406463623,-0.2970805764198303,-0.04720815643668175,-0.08742407709360123,0.2609996795654297,0.14638827741146088,0.21936288475990295,-0.007055638823658228,-0.203411266207695,0.2884981632232666,0.011163143441081047,-0.18628554046154022,-0.3235720694065094,-0.06823937594890594,-0.18137820065021515,0.22012211382389069,0.07755621522665024,0
0.05726974084973335,-0.019954856485128403,0.2327725311927766,0.03686254844069481,-0.013987988233566284,0.6790493130683899,0.7330331206321716,-0.33818039298057556,-0.0915495902299881,-0.21490833163261414,0.7392480969429016,-0.2994484007358551,-0.04689616337418556,-0.0822393000125885,0.2661460041999817,0.1498611569404602,0.21251808106899261,-0.0023496784269809723,-0.20690910518169403,0.2955347001552582,0.011435415595769882,-0.18582944571971893,-0.32852205634117126,-0.06808257848024368,-0.1841641068458557,0.22253155708312988,0.08120188862085342,0
0.0584854930639267,-0.020902810618281364,0.2322007140331239,0.037786200642585754,-0.01479800883680582,0.6780044436454773,0.7339367866516113,-0.33908945322036743,-0.09253887087106705,-0.22012042999267578,0.7449445128440857,-0.3018162250518799,-0.04658416658639908,-0.07705452293157578,0.2712923288345337,0.15333405137062073,0.20567327737808228,0.002356281504034996,-0.21040694415569305,0.30257123708724976,0.011707687750458717,-0.18396399915218353,-0.33355870842933655,-0.06658925861120224,-0.18899919092655182,0.2250714749097824,0.08440956473350525,0
0.0597626157104969,-0.021591022610664368,0.23154935447501843,0.03870081529021263,-0.01562739722430706,0.6766396164894104,0.7351304888725281,-0.3399985134601593,-0.0935281440615654,-0.22533254325389862,0.750640869140625,-0.30418404936790466,-0.046272169798612595,-0.07186974585056305,0.2764386832714081,0.15680693089962006,0.19882845878601074,0.007062241900712252,-0.21390476822853088,0.3096078038215637,0.011979958973824978,-0.18214751780033112,-0.3365030586719513,-0.06827462464570999,-0.19207201898097992,0.22974933683872223,0.0883004441857338,0
0.06085546314716339,-0.022314157336950302,0.23094940392303173,0.03961608186364174,-0.016451383009552956,0.6754356622695923,0.73617023229599,-0.34090757369995117,-0.09451741725206375,-0.23054464161396027,0.7563372254371643,-0.30655187368392944,-0.04596017301082611,-0.06668496876955032,0.2815850079059601,0.16027981042861938,0.1919836550951004,0.011768201366066933,-0.2174026072025299,0.3166443407535553,0.012252231128513813,-0.18070580065250397,-0.3381899297237396,-0.06863712519407272,-0.1947176307439804,0.2343546599149704,0.09117365628480911,0
0.06271138042211533,-0.022802764549851418,0.230125757139203,0.04054764658212662,-0.017233846709132195,0.6750383973121643,0.7364659309387207,-0.34181663393974304,-0.0955066978931427,-0.2357567399740219,0.7620336413383484,-0.3089196979999542,-0.04564817622303963,-0.0615001879632473,0.2867313325405121,0.1637527048587799,0.18513885140419006,0.0164741612970829,-0.22090044617652893,0.3236808776855469,0.012524502351880074,-0.177714541554451,-0.3391021490097046,-0.07211079448461533,-0.19830143451690674,0.24239280819892883,0.09370017796754837,0
0.0636008232831955,-0.023277683183550835,0.22956209091472332,0.041476499289274216,-0.018021469935774803,0.6745656132698059,0.7368284463882446,-0.3427256941795349,-0.09649597108364105,-0.24096883833408356,0.7677299976348877,-0.3112874925136566,-0.04533618316054344,-0.056315407156944275,0.2918776869773865,0.16722558438777924,0.17829404771327972,0.02118012122809887,-0.22439828515052795,0.33071741461753845,0.012796774506568909,-0.1742142289876938,-0.3414980173110962,-0.07378336042165756,-0.2007407248020172,0.2462073117494583,0.0957874283194542,0
0.06451692432165146,-0.023823600262403488,0.2290048023872346,0.042386602610349655,-0.018850110471248627,0.6733984351158142,0.7378228902816772,-0.3436347544193268,-0.0974852442741394,-0.2461809515953064,0.7734264135360718,-0.3136553168296814,-0.04502418637275696,-0.05113063007593155,0.2970240116119385,0.17069847881793976,0.1714492291212082,0.025886083021759987,-0.22789610922336578,0.33775395154953003,0.013069046661257744,-0.17119163274765015,-0.3405117392539978,-0.07621202617883682,-0.2032770961523056,0.25305187702178955,0.09880810230970383,0
0.06563333421945572,-0.024308741092681885,0.22841645983981793,0.043311070650815964,-0.01964431069791317,0.6728653907775879,0.7382346391677856,-0.34454381465911865,-0.09847452491521835,-0.25139304995536804,0.7791227698326111,-0.3160231411457062,-0.044712189584970474,-0.045945849269628525,0.3021703362464905,0.1741713583469391,0.16460442543029785,0.030592042952775955,-0.2313939481973648,0.3447904884815216,0.013341317884624004,-0.16737094521522522,-0.33876198530197144,-0.07835927605628967,-0.20684945583343506,0.2609076499938965,0.10121246427297592,0
0.06640447676181793,-0.024860113859176636,0.22793932465839092,0.04421321675181389,-0.020485486835241318,0.671567976474762,0.7393388748168945,-0.3454528748989105,-0.0994637981057167,-0.2566051483154297,0.7848191857337952,-0.31839096546173096,-0.04440019279718399,-0.0407610721886158,0.30731669068336487,0.17764423787593842,0.1577596217393875,0.035298001021146774,-0.23489178717136383,0.3518270254135132,0.01361359003931284,-0.16449609398841858,-0.33721742033958435,-0.08017212152481079,-0.20988421142101288,0.26757946610450745,0.10354927182197571,0
0.0674515888094902,-0.02548317052423954,0.22738078443336193,0.0451122485101223,-0.021330328658223152,0.6702597737312317,0.7404469847679138,-0.34636190533638,-0.10045307874679565,-0.26181724667549133,0.7905155420303345,-0.32075878977775574,-0.04408819600939751,-0.035576291382312775,0.31246301531791687,0.18111713230609894,0.15091481804847717,0.04000396281480789,-0.23838962614536285,0.35886356234550476,0.013885862194001675,-0.16168831288814545,-0.33513522148132324,-0.08076447248458862,-0.2125738263130188,0.27558064460754395,0.10562895983457565,0
0.06848710030317307,-0.02565561793744564,0.2268797626905412,0.04602498933672905,-0.022143851965665817,0.6695048809051514,0.7410496473312378,-0.3472709655761719,-0.101442351937294,-0.26702937483787537,0.7962119579315186,-0.3231266140937805,-0.04377619922161102,-0.03039151430130005,0.31760933995246887,0.18459001183509827,0.14406999945640564,0.04470992088317871,-0.24188746511936188,0.3659001290798187,0.014158133417367935,-0.15561427175998688,-0.33159589767456055,-0.08307710289955139,-0.21357381343841553,0.2826543152332306,0.10757182538509369,0
0.06940111517906189,-0.025964777916669846,0.22641577033328716,0.046945761889219284,-0.022939356043934822,0.6690620183944702,0.7413675785064697,-0.34818002581596375,-0.10243162512779236,-0.272241473197937,0.8019083142280579,-0.3254944086074829,-0.04346420615911484,-0.025206735357642174,0.3227556645870209,0.1880628913640976,0.1372251957654953,0.04941588267683983,-0.2453852891921997,0.3729366660118103,0.01443040557205677,-0.15019741654396057,-0.3285660147666931,-0.08397545665502548,-0.21457388997077942,0.28903868794441223,0.10874952375888824,0
0.07051464915275574,-0.026415502652525902,0.2259986421279878,0.047869760543107986,-0.023727387189865112,0.6687502861022949,0.741564929485321,-0.3490890860557556,-0.10342090576887131,-0.27745357155799866,0.8076047301292419,-0.3278622329235077,-0.043152209371328354,-0.0200219564139843,0.32790201902389526,0.19153578579425812,0.13038039207458496,0.05863345041871071,-0.24888312816619873,0.3799732029438019,0.01470267679542303,-0.14527225494384766,-0.32600921392440796,-0.084711953997612,-0.2167942374944687,0.2944636642932892,0.10957762598991394,0
0.07125181704759598,-0.026862366124987602,0.22574398128318493,0.0487806536257267,-0.024540787562727928,0.6680628061294556,0.7420985698699951,-0.3499981462955475,-0.10441017895936966,-0.2826656699180603,0.8133010864257812,-0.33023005723953247,-0.04284021258354187,-0.014837177470326424,0.33304834365844727,0.19500866532325745,0.12353558093309402,0.06597631424665451,-0.25238096714019775,0.38700973987579346,0.014974948950111866,-0.14168713986873627,-0.3232376277446747,-0.08587013930082321,-0.2182791531085968,0.2989156246185303,0.11097902059555054,0
0.0720275342464447,-0.0269133523106575,0.2255120149068803,0.04650675877928734,-0.02388153411448002,0.6675411462783813,0.7427352070808411,-0.35656943917274475,-0.10156305879354477,-0.286880224943161,0.8182599544525146,-0.3351916968822479,-0.040993936359882355,-0.014882288873195648,0.33932891488075256,0.19723975658416748,0.11613645404577255,0.07244487851858139,-0.2586508095264435,0.38717222213745117,0.013804649002850056,-0.13559257984161377,-0.31935667991638184,-0.08748214691877365,-0.21951338648796082,0.3032282590866089,0.11289656907320023,0
0.0728401243686676,-0.02692091464996338,0.22531773356723492,0.044128917157649994,-0.023554518818855286,0.6664960980415344,0.7438284754753113,-0.3607637286186218,-0.0966220274567604,-0.290175199508667,0.8205046057701111,-0.34015336632728577,-0.03964725881814957,-0.013986962847411633,0.3461304306983948,0.1989070028066635,0.10943423211574554,0.07834131270647049,-0.2649206221103668,0.3869457244873047,0.01245885994285345,-0.13003702461719513,-0.31468668580055237,-0.08902240544557571,-0.21968689560890198,0.3083150088787079,0.1143469363451004,0
0.07356416434049606,-0.026838431134819984,0.22513824908065502,0.0419217012822628,-0.023487387225031853,0.6653991937637329,0.7449394464492798,-0.364541620016098,-0.09203654527664185,-0.29269909858703613,0.8232701420783997,-0.3451150357723236,-0.03764155134558678,-0.012154395692050457,0.35248884558677673,0.20252054929733276,0.10347513854503632,0.0812063217163086,-0.27119046449661255,0.3871496617794037,0.010835929773747921,-0.12538054585456848,-0.3105131983757019,-0.090443454682827,-0.22120508551597595,0.31240972876548767,0.11602143943309784,0
0.07422925531864166,-0.02668209746479988,0.22497962621974651,0.04031967744231224,-0.023437997326254845,0.6640801429748535,0.7462053894996643,-0.36754199862480164,-0.08773782849311829,-0.29347777366638184,0.8259809613227844,-0.35007670521736145,-0.0366133414208889,-0.01025912445038557,0.3577922284603119,0.20640699565410614,0.10030299425125122,0.08267677575349808,-0.2774603068828583,0.3874146342277527,0.009640408679842949,-0.12191783636808395,-0.30652371048927307,-0.09227794408798218,-0.2230285257101059,0.3166212737560272,0.11755550652742386,0
0.07498660683631897,-0.02655380591750145,0.22476130930709545,0.03846263140439987,-0.02388070337474346,0.6624428629875183,0.7477431297302246,-0.3704592287540436,-0.08282157778739929,-0.2956007719039917,0.8295315504074097,-0.3550383448600769,-0.03429954871535301,-0.005567846354097128,0.36422041058540344,0.21085651218891144,0.09367182105779648,0.08572383224964142,-0.283730149269104,0.3863220810890198,0.008851244114339352,-0.11816580593585968,-0.3007664382457733,-0.09525767713785172,-0.22399351000785828,0.3219773769378662,0.11930206418037415,0
0.07578665018081665,-0.026447897776961327,0.22448066083717053,0.03670688346028328,-0.024359524250030518,0.6605901718139648,0.7494530081748962,-0.37409597635269165,-0.07829951494932175,-0.29753607511520386,0.8342305421829224,-0.36000001430511475,-0.030879361554980278,-0.0006896521663293242,0.3709219992160797,0.21505022048950195,0.08740454912185669,0.0901685431599617,-0.28999999165534973,0.38492435216903687,0.007668429519981146,-0.11554136127233505,-0.29461219906806946,-0.09800927340984344,-0.22665245831012726,0.32783371210098267,0.12124940007925034,0
0.07651418447494507,-0.026304000988602638,0.2242167165689439,0.03493206575512886,-0.025105511769652367,0.6585143804550171,0.7513376474380493,-0.3780220150947571,-0.07260286808013916,-0.2967899441719055,0.8389667272567749,-0.3606998324394226,-0.0280542504042387,0.005046172998845577,0.37768054008483887,0.2212388515472412,0.08128555119037628,0.09348727762699127,-0.2942622900009155,0.3831253945827484,0.007344941142946482,-0.11257088929414749,-0.2884327173233032,-0.10107244551181793,-0.22960801422595978,0.33306753635406494,0.1237926334142685,0
0.07718635350465775,-0.026265650987625122,0.22395993975925152,0.03345930576324463,-0.025890473276376724,0.6564502120018005,0.753182053565979,-0.38144007325172424,-0.06709421426057816,-0.29610204696655273,0.8428845405578613,-0.36139968037605286,-0.02594050019979477,0.01002733875066042,0.38403284549713135,0.2266884446144104,0.07675628364086151,0.09689286351203918,-0.2985245883464813,0.38272547721862793,0.007212047465145588,-0.11087372153997421,-0.2824024260044098,-0.10281085968017578,-0.23541362583637238,0.33773505687713623,0.12700213491916656,0
0.07791873812675476,-0.02603103779256344,0.22366772798824017,0.03107905201613903,-0.026346271857619286,0.6541386246681213,0.7552765607833862,-0.3854713439941406,-0.0615137442946434,-0.29686200618743896,0.8473330140113831,-0.3620994985103607,-0.021914009004831314,0.014778363518416882,0.3913246989250183,0.231472447514534,0.07217027992010117,0.09992681443691254,-0.3027868866920471,0.38220617175102234,0.007382238749414682,-0.10801715403795242,-0.27488115429878235,-0.10496117919683456,-0.2406792789697647,0.3435295522212982,0.13077297806739807,0
0.07862143963575363,-0.025945832952857018,0.2233401855640382,0.02917754463851452,-0.027320735156536102,0.6514884233474731,0.7576048374176025,-0.389946848154068,-0.05495171621441841,-0.29474732279777527,0.8524079918861389,-0.3627993166446686,-0.022915491834282875,0.019402382895350456,0.39895907044410706,0.23733769357204437,0.07001526653766632,0.10233815014362335,-0.3070491850376129,0.380725234746933,0.00785127468407154,-0.10547707229852676,-0.267264187335968,-0.10698836296796799,-0.24782425165176392,0.35027530789375305,0.13380198180675507,0
0.07945606857538223,-0.025635449215769768,0.22297030894088452,0.02712024562060833,-0.02825813554227352,0.6490638852119446,0.7597249746322632,-0.3943430185317993,-0.04831743240356445,-0.2930689752101898,0.8586887717247009,-0.36349916458129883,-0.023916974663734436,0.024619629606604576,0.4071198105812073,0.24220864474773407,0.06760776787996292,0.10506591200828552,-0.3113114833831787,0.3813234567642212,0.006008184980601072,-0.1026548519730568,-0.2587198317050934,-0.1089211106300354,-0.25452402234077454,0.35799679160118103,0.13699740171432495,0
0.08048366010189056,-0.025565626099705696,0.22251300720500652,0.025519808754324913,-0.0295559074729681,0.6467157602310181,0.7617309093475342,-0.39881980419158936,-0.0408279225230217,-0.2916569709777832,0.8649955987930298,-0.3641989827156067,-0.024918457493185997,0.028661049902439117,0.41652876138687134,0.24556784331798553,0.06687816977500916,0.11121223866939545,-0.3155737519264221,0.38252148032188416,0.005293079651892185,-0.10045051574707031,-0.24973870813846588,-0.110307477414608,-0.26381251215934753,0.3662792146205902,0.14055363833904266,0
0.08126947283744812,-0.025261295959353447,0.2221790572814912,0.023595962673425674,-0.030833018943667412,0.6444954872131348,0.7636216878890991,-0.4024115204811096,-0.03319007530808449,-0.2893519997596741,0.8704612851142883,-0.36489883065223694,-0.02591993845999241,0.03325572609901428,0.4252641201019287,0.25020843744277954,0.06621000170707703,0.11155383288860321,-0.3198360502719879,0.3832452893257141,0.004667241591960192,-0.09494537115097046,-0.24177204072475433,-0.11178074032068253,-0.27135220170021057,0.3739151060581207,0.14206038415431976,0
0.08235479146242142,-0.025278834626078606,0.2217792144231767,0.021646233275532722,-0.0318075492978096,0.6425564885139465,0.765271782875061,-0.4047495424747467,-0.025137776508927345,-0.291273295879364,0.8730135560035706,-0.3655986487865448,-0.02692142128944397,0.03652886673808098,0.43548470735549927,0.25465577840805054,0.06404093652963638,0.11189542710781097,-0.3240983486175537,0.3834371864795685,0.004656421486288309,-0.09114109724760056,-0.23271295428276062,-0.11304161697626114,-0.27926015853881836,0.3820854127407074,0.14460861682891846,0
0.08332981914281845,-0.025164082646369934,0.22135855464267437,0.02006034180521965,-0.03192722052335739,0.6410360336303711,0.7665839791297913,-0.4082258343696594,-0.02131499908864498,-0.29459866881370544,0.8778008222579956,-0.36629846692085266,-0.02792290411889553,0.038773491978645325,0.4427846074104309,0.25929877161979675,0.06138530373573303,0.11223702877759933,-0.3283606469631195,0.3835535943508148,0.0046537816524505615,-0.08606552332639694,-0.22705073654651642,-0.11352507025003433,-0.2874631881713867,0.38752657175064087,0.14797459542751312,0
0.08409587293863297,-0.02529914304614067,0.22099803594875042,0.018016770482063293,-0.032812461256980896,0.6392044425010681,0.7681252360343933,-0.4126951992511749,-0.014963042922317982,-0.29505419731140137,0.8812700510025024,-0.3669983148574829,-0.02892438694834709,0.03992526978254318,0.4514980912208557,0.2625123858451843,0.06066839396953583,0.1125786229968071,-0.3326229453086853,0.38537362217903137,0.005851957015693188,-0.08133123815059662,-0.22158341109752655,-0.11367706954479218,-0.2956917881965637,0.39284583926200867,0.15075157582759857,0
0.08454454690217972,-0.025753743946552277,0.22066927162933056,0.01971542090177536,-0.030543629080057144,0.6375629901885986,0.769540011882782,-0.4174182415008545,-0.021615030243992805,-0.29871666431427,0.8846853375434875,-0.36769813299179077,-0.029925869777798653,0.03976747393608093,0.44955962896347046,0.2734207212924957,0.058892376720905304,0.11292021721601486,-0.3368852436542511,0.38703325390815735,0.0050014411099255085,-0.07394839823246002,-0.2249649316072464,-0.1156659796833992,-0.3060950040817261,0.3899803161621094,0.1513001173734665,0
0.08529361337423325,-0.026121187955141068,0.22031922845172588,0.01818585954606533,-0.031200924888253212,0.6355068683624268,0.7712501883506775,-0.4208391308784485,-0.01544164028018713,-0.29908934235572815,0.8859012126922607,-0.36839795112609863,-0.030927352607250214,0.0409330390393734,0.4573708474636078,0.27850010991096497,0.05800900608301163,0.11326181143522263,-0.3411475419998169,0.38731130957603455,0.005960545502603054,-0.0687149316072464,-0.21989957988262177,-0.11400388181209564,-0.3136923909187317,0.3949998915195465,0.1532578319311142,0
0.08624987304210663,-0.026485785841941833,0.21990396289157574,0.01689084619283676,-0.0318930484354496,0.634382426738739,0.7721764445304871,-0.4234352111816406,-0.010328074917197227,-0.30233651399612427,0.887180745601654,-0.3690977990627289,-0.031928833574056625,0.041272569447755814,0.4657610356807709,0.2799345850944519,0.056455861777067184,0.11360340565443039,-0.3454098403453827,0.38738787174224854,0.007112523075193167,-0.06322496384382248,-0.21253138780593872,-0.11458107829093933,-0.32090258598327637,0.4005938470363617,0.15500247478485107,0
0.08695758134126663,-0.026778342202305794,0.21963460950183575,0.015627048909664154,-0.03254583105444908,0.6329163312911987,0.7733779549598694,-0.425083190202713,-0.00400003744289279,-0.3028058409690857,0.8862814903259277,-0.36979761719703674,-0.032930318266153336,0.04137003421783447,0.4728001356124878,0.2804315984249115,0.05639049783349037,0.11394499987363815,-0.3496721386909485,0.38892656564712524,0.008376693353056908,-0.05773168429732323,-0.20726431906223297,-0.11447764933109283,-0.32648375630378723,0.405103474855423,0.15673090517520905,0
0.08764763176441193,-0.026904691010713577,0.21932330934333508,0.013536478392779827,-0.03363620489835739,0.6316317915916443,0.7744202017784119,-0.42638641595840454,0.0014107319293543696,-0.30588316917419434,0.8862842917442322,-0.370497465133667,-0.03393179923295975,0.04357660561800003,0.48084941506385803,0.2842180132865906,0.05362382158637047,0.11428660154342651,-0.3539344370365143,0.38816437125205994,0.009255092591047287,-0.052642181515693665,-0.2004275918006897,-0.11526418477296829,-0.3332909047603607,0.410930871963501,0.15861079096794128,0
0.08803125470876694,-0.026998838409781456,0.21920448748397534,0.011984470300376415,-0.03421579301357269,0.6307100057601929,0.7751713395118713,-0.426853746175766,0.005995612125843763,-0.30695322155952454,0.8840388059616089,-0.37119728326797485,-0.03493328392505646,0.04497658833861351,0.48571333289146423,0.2853051722049713,0.050819914788007736,0.11462819576263428,-0.3581967055797577,0.38845157623291016,0.010233237408101559,-0.04763653501868248,-0.19598136842250824,-0.11529628187417984,-0.33805638551712036,0.41435715556144714,0.16003648936748505,0
0.08832322061061859,-0.027272462844848633,0.21911946145820324,0.010291077196598053,-0.035623423755168915,0.6293562054634094,0.7762318253517151,-0.42602887749671936,0.012552882544696331,-0.3077613115310669,0.8804325461387634,-0.3718971014022827,-0.03593476489186287,0.047293126583099365,0.49166566133499146,0.2877478301525116,0.04835456609725952,0.11496978998184204,-0.3624590039253235,0.38792625069618225,0.011427143588662148,-0.04408971220254898,-0.19015894830226898,-0.11619192361831665,-0.34255334734916687,0.41967329382896423,0.1617220789194107,0
0.0884515717625618,-0.027661627158522606,0.21910728720950787,0.008892085403203964,-0.036869168281555176,0.627512514591217,0.7776822447776794,-0.42475467920303345,0.019062209874391556,-0.3071977496147156,0.8751150369644165,-0.37259694933891296,-0.03693624585866928,0.04992116242647171,0.4955192804336548,0.2901230752468109,0.045941174030303955,0.1153113842010498,-0.3667213022708893,0.3889850378036499,0.012301483191549778,-0.04226333275437355,-0.1860872060060501,-0.1165291890501976,-0.3476708233356476,0.4239859879016876,0.16386298835277557,0
0.0886949896812439,-0.027714980766177177,0.21907943693923657,0.00813078973442316,-0.03752226009964943,0.6262711882591248,0.7786593437194824,-0.4229893386363983,0.02312837541103363,-0.3072545528411865,0.8714820742607117,-0.3732967674732208,-0.03793773055076599,0.05246719345450401,0.49799227714538574,0.2918066680431366,0.04425666481256485,0.11565297842025757,-0.3709836006164551,0.3890911042690277,0.0120412427932024,-0.03833439573645592,-0.18290986120700836,-0.11660400778055191,-0.3496120870113373,0.4284853935241699,0.16396459937095642,0
0.08874155580997467,-0.027848098427057266,0.21906914023685162,0.007120030932128429,-0.038175564259290695,0.6247736215591431,0.7798396348953247,-0.42269086837768555,0.02654322236776352,-0.30620133876800537,0.8684807419776917,-0.3739965856075287,-0.0389392115175724,0.05494645982980728,0.49992653727531433,0.29389265179634094,0.04241487383842468,0.11599458009004593,-0.3752458989620209,0.3886106014251709,0.012397410348057747,-0.03442250192165375,-0.1813766062259674,-0.11589495092630386,-0.3524723947048187,0.43209341168403625,0.16445516049861908,0
0.08882353454828262,-0.028012724593281746,0.21902473477649395,0.006566170137375593,-0.03829566016793251,0.6231053471565247,0.7811722159385681,-0.422336608171463,0.02813166379928589,-0.30634793639183044,0.8656372427940369,-0.37469643354415894,-0.03994069620966911,0.0586903914809227,0.5,0.297064870595932,0.03837187588214874,0.11633617430925369,-0.37950819730758667,0.3860718905925751,0.012104938738048077,-0.03168654441833496,-0.17969846725463867,-0.11597108840942383,-0.35342204570770264,0.43713071942329407,0.16502147912979126,0
0.08885498344898224,-0.02821701020002365,0.21902226118373577,0.00614782003685832,-0.03839274123311043,0.621414303779602,0.7825167179107666,-0.42168864607810974,0.030546605587005615,-0.3046015202999115,0.8617269396781921,-0.3753962516784668,-0.040942177176475525,0.06178195774555206,0.5,0.3008963167667389,0.035688839852809906,0.11667776852846146,-0.38377049565315247,0.3833387792110443,0.011989801190793514,-0.029369855299592018,-0.1785624623298645,-0.11637669056653976,-0.35421520471572876,0.44199633598327637,0.16584086418151855,0
0.08914008736610413,-0.028145086020231247,0.21896465329456036,0.005839348770678043,-0.0380353145301342,0.6201656460762024,0.7835264801979065,-0.42022398114204407,0.03272556886076927,-0.30349892377853394,0.8582614660263062,-0.37609609961509705,-0.041943661868572235,0.06461769342422485,0.5,0.3039945363998413,0.03350377082824707,0.11701936274766922,-0.38803279399871826,0.38067761063575745,0.011719461530447006,-0.026503553614020348,-0.1777198612689972,-0.11617577075958252,-0.3545231521129608,0.44647207856178284,0.16651169955730438,0
0.0890863910317421,-0.027782784774899483,0.2189967950992555,0.004359247628599405,-0.03808349743485451,0.6189772486686707,0.7844729423522949,-0.41873160004615784,0.03421561047434807,-0.30352726578712463,0.8556079864501953,-0.3767959177494049,-0.04294514283537865,0.06850485503673553,0.5,0.30608174204826355,0.029942423105239868,0.11736095696687698,-0.39229509234428406,0.3777192234992981,0.010993865318596363,-0.022789394482970238,-0.17769144475460052,-0.11631936579942703,-0.3554166257381439,0.45136159658432007,0.1666661649942398,0
0.08900601416826248,-0.027879202738404274,0.2190415879898042,0.00381171191111207,-0.038588009774684906,0.6173943877220154,0.7856975197792053,-0.4170764982700348,0.036842167377471924,-0.3017982244491577,0.8517836332321167,-0.37749573588371277,-0.04394662380218506,0.07200703024864197,0.5,0.31005772948265076,0.02813505008816719,0.11770255118608475,-0.39655739068984985,0.3750319480895996,0.010875188745558262,-0.022197622805833817,-0.1768089383840561,-0.1168128177523613,-0.35601702332496643,0.45644038915634155,0.16666530072689056,0
0.08900316804647446,-0.027910172939300537,0.21908229796218578,0.003609046572819352,-0.03923463448882103,0.6161745190620422,0.7866235375404358,-0.41463759541511536,0.03964763507246971,-0.300059974193573,0.8480215668678284,-0.378195583820343,-0.04494810849428177,0.07518815994262695,0.5,0.3117884695529938,0.02710840478539467,0.11804415285587311,-0.40081965923309326,0.37294095754623413,0.01081328745931387,-0.021274523809552193,-0.17663301527500153,-0.11602499336004257,-0.3567785322666168,0.4618217945098877,0.16655085980892181,0
0.08894801884889603,-0.027862416580319405,0.21914905516433422,0.0033581112511456013,-0.03991314023733139,0.6151986122131348,0.7873539924621582,-0.41129621863365173,0.041674528270959854,-0.29919034242630005,0.8441654443740845,-0.3788954019546509,-0.04594958946108818,0.07893998175859451,0.5,0.3147728145122528,0.02530534565448761,0.11838574707508087,-0.40508195757865906,0.37016069889068604,0.011493561789393425,-0.018585318699479103,-0.17579403519630432,-0.11563055217266083,-0.35763072967529297,0.46692168712615967,0.166517972946167,0
0.08891694992780685,-0.02765566296875477,0.21918937770652477,0.0034937553573399782,-0.04068537801504135,0.6143423318862915,0.7879822254180908,-0.4082198739051819,0.042772628366947174,-0.29779303073883057,0.8421482443809509,-0.37959522008895874,-0.04695107415318489,0.08306802064180374,0.5,0.316909521818161,0.024455640465021133,0.11872734129428864,-0.40934425592422485,0.3682209849357605,0.0112603809684515,-0.017024312168359756,-0.1741974949836731,-0.11499226093292236,-0.3579193949699402,0.47125130891799927,0.16481263935565948,0
0.08872959762811661,-0.027469376102089882,0.2193092128448457,0.002816816559061408,-0.04148173704743385,0.6137099266052246,0.7884361147880554,-0.4042262136936188,0.04435601830482483,-0.2980661392211914,0.837923526763916,-0.380295068025589,-0.0479525551199913,0.08643510937690735,0.5,0.31864485144615173,0.022780301049351692,0.1190689355134964,-0.41360655426979065,0.3653729259967804,0.010964742861688137,-0.01489180140197277,-0.1730688363313675,-0.11489960551261902,-0.35765671730041504,0.4769439995288849,0.16400544345378876,0
0.08911401778459549,-0.027483318001031876,0.2191486230306596,0.004908781033009291,-0.0405598022043705,0.6125249862670898,0.7893946766853333,-0.40087953209877014,0.04178484156727791,-0.2941802740097046,0.8349094390869141,-0.38099488615989685,-0.04895403981208801,0.08777423202991486,0.5,0.3198644518852234,0.026176873594522476,0.11941052973270416,-0.41786885261535645,0.3640698790550232,0.012624840252101421,-0.011377339251339436,-0.1798606961965561,-0.11367422342300415,-0.3596716523170471,0.47520434856414795,0.16332843899726868,0
0.08876501768827438,-0.02692638523876667,0.21943979172038738,0.002356946701183915,-0.04206256568431854,0.6128291487693787,0.7890916466712952,-0.3966306447982788,0.04717735946178436,-0.29688775539398193,0.8305075764656067,-0.3816947340965271,-0.049955520778894424,0.09047084301710129,0.5,0.31988614797592163,0.023094693198800087,0.11975213140249252,-0.42213115096092224,0.36102697253227234,0.011087826453149319,-0.010854453779757023,-0.17412662506103516,-0.11237668991088867,-0.3559258282184601,0.48563310503959656,0.16128097474575043,0
0.08913679420948029,-0.026986533775925636,0.2192915102653474,0.0047175101935863495,-0.04125508293509483,0.612633466720581,0.789275586605072,-0.3925051987171173,0.04322485998272896,-0.29576611518859863,0.8276135921478271,-0.38239455223083496,-0.050957001745700836,0.09058985114097595,0.5,0.3192982077598572,0.025638366118073463,0.12009372562170029,-0.42639344930648804,0.35825905203819275,0.011479940265417099,-0.006926275324076414,-0.1798516809940338,-0.11282195150852203,-0.3580574095249176,0.4825826585292816,0.16060209274291992,0
0.08919363468885422,-0.02683478407561779,0.21928559450435345,0.0052047958597540855,-0.04178312048316002,0.6126318573951721,0.7892460227012634,-0.389515221118927,0.043028030544519424,-0.2960561513900757,0.8265753388404846,-0.3830943703651428,-0.051958486437797546,0.09209708124399185,0.5,0.3184264898300171,0.026197636500000954,0.12043531984090805,-0.43065574765205383,0.35533392429351807,0.01082498300820589,-0.005846649874001741,-0.18027915060520172,-0.1126105934381485,-0.358657568693161,0.48537683486938477,0.1600637286901474,0
0.08917281031608582,-0.026712626218795776,0.21932381598281567,0.0057184468023478985,-0.04248049482703209,0.6130843758583069,0.7888537645339966,-0.3853670060634613,0.0426768884062767,-0.29717981815338135,0.8243475556373596,-0.38379421830177307,-0.05295996740460396,0.09303168207406998,0.5,0.31842106580734253,0.02690061926841736,0.12077691406011581,-0.43491804599761963,0.35312947630882263,0.009534355252981186,-0.005013357847929001,-0.18068796396255493,-0.11194080859422684,-0.35820525884628296,0.4876156151294708,0.1591930389404297,0
0.08915507793426514,-0.02653525397181511,0.2194058170728654,0.006077204830944538,-0.043220676481723785,0.6132215857505798,0.7887042164802551,-0.3812737464904785,0.04373553395271301,-0.29686877131462097,0.8218492269515991,-0.38449403643608093,-0.05396145209670067,0.09455158561468124,0.5,0.3174121677875519,0.027597477659583092,0.12111850827932358,-0.4391803443431854,0.35155948996543884,0.009134006686508656,-0.0043860431760549545,-0.18111424148082733,-0.11153163015842438,-0.3587503433227539,0.48935189843177795,0.15938901901245117,0
0.08908601850271225,-0.026165993884205818,0.21949361471461956,0.006138368975371122,-0.04375190660357475,0.6139882206916809,0.7880777716636658,-0.37685295939445496,0.0431942343711853,-0.29862919449806213,0.8198003172874451,-0.3851938545703888,-0.05496293306350708,0.09506099671125412,0.5,0.31519070267677307,0.028520941734313965,0.12146010249853134,-0.44344261288642883,0.35007336735725403,0.007032157853245735,-0.0022354263346642256,-0.1807362586259842,-0.11286862939596176,-0.35973188281059265,0.49009954929351807,0.16002002358436584,0
0.08903747797012329,-0.026130791753530502,0.21956584064292614,0.006385249551385641,-0.04426370561122894,0.6143908500671387,0.7877333760261536,-0.37280067801475525,0.04348352551460266,-0.30001944303512573,0.81636643409729,-0.38589370250701904,-0.05596441775560379,0.09561220556497574,0.5,0.3143681287765503,0.028273452073335648,0.1218017041683197,-0.44770491123199463,0.34828823804855347,0.005488588009029627,-0.002951203379780054,-0.18057647347450256,-0.11272541433572769,-0.36012768745422363,0.4905911684036255,0.1594773232936859,0
0.08906721323728561,-0.025948038324713707,0.2196213772706956,0.006660290528088808,-0.04466870799660683,0.6147871017456055,0.7873989939689636,-0.3692485988140106,0.04352683201432228,-0.30133056640625,0.8142125606536865,-0.3865935206413269,-0.0569658987224102,0.09683132916688919,0.5,0.31491589546203613,0.027826040983200073,0.12214329838752747,-0.4519672095775604,0.3474700152873993,0.004810345824807882,-0.004023157991468906,-0.1806512326002121,-0.11226789653301239,-0.36153504252433777,0.4900336265563965,0.1599852740764618,0
0.08907432854175568,-0.025876756757497787,0.21966795830058758,0.007182665169239044,-0.045179642736911774,0.6153806447982788,0.7869014143943787,-0.3656183183193207,0.04326772689819336,-0.30252933502197266,0.8118846416473389,-0.38729336857795715,-0.05796738341450691,0.09766077250242233,0.5,0.3140696883201599,0.027513356879353523,0.12248489260673523,-0.4562295079231262,0.3468905985355377,0.004281791392713785,-0.0040098559111356735,-0.18097832798957825,-0.11264564841985703,-0.36117446422576904,0.48905327916145325,0.16030322015285492,0
0.08911702781915665,-0.02578737400472164,0.21971991864967053,0.0077758608385920525,-0.04561294615268707,0.6158245801925659,0.7865234017372131,-0.36223334074020386,0.04355092719197273,-0.30289971828460693,0.8097562789916992,-0.387993186712265,-0.058968864381313324,0.09853531420230865,0.5,0.31439268589019775,0.027804331853985786,0.122826486825943,-0.460491806268692,0.3465944826602936,0.004285650793462992,-0.004531247541308403,-0.18142257630825043,-0.11271872371435165,-0.3599090874195099,0.4875028729438782,0.16039955615997314,0
0.0889582559466362,-0.025735929608345032,0.2197948118858308,0.0075402515940368176,-0.04614268243312836,0.616071343421936,0.7863015532493591,-0.3598141074180603,0.042873624712228775,-0.3056933879852295,0.8081190586090088,-0.3886930048465729,-0.059970345348119736,0.10018233954906464,0.5,0.31508582830429077,0.02550026774406433,0.12316808104515076,-0.4647541046142578,0.34562769532203674,0.003431585617363453,-0.0063126711174845695,-0.18200035393238068,-0.11373215913772583,-0.359255850315094,0.4872829020023346,0.16095228493213654,0
0.08893653750419617,-0.025650350376963615,0.21981436220931713,0.007706604432314634,-0.04628531262278557,0.616843581199646,0.7856858968734741,-0.35852837562561035,0.04122258722782135,-0.3083444833755493,0.8081484436988831,-0.3893928527832031,-0.060971830040216446,0.1008516177535057,0.5,0.3143272399902344,0.02349839173257351,0.12350968271493912,-0.4690164029598236,0.3456501066684723,0.003289451589807868,-0.0071404254995286465,-0.1824280023574829,-0.11427975445985794,-0.3588554859161377,0.48617130517959595,0.1611422300338745,0
0.08887182176113129,-0.02557145431637764,0.21983227340507214,0.007618999574333429,-0.0463806688785553,0.6175174117088318,0.7851516008377075,-0.3574329912662506,0.03970462456345558,-0.31089553236961365,0.8079662322998047,-0.390092670917511,-0.06197331100702286,0.10135600715875626,0.5,0.3149188160896301,0.021452469751238823,0.12385127693414688,-0.4732787013053894,0.3450144827365875,0.0033382840920239687,-0.008476660586893559,-0.18345659971237183,-0.11486135423183441,-0.3571001887321472,0.48517006635665894,0.1611604243516922,0
0.08882918953895569,-0.025530900806188583,0.21985434202480023,0.007762769237160683,-0.046365149319171906,0.6183903217315674,0.7844637632369995,-0.35769978165626526,0.03811018541455269,-0.31261855363845825,0.8089308738708496,-0.39079248905181885,-0.06297479569911957,0.101163849234581,0.5,0.3136110305786133,0.019505297765135765,0.12419287115335464,-0.4775409996509552,0.3447116017341614,0.003139772918075323,-0.010029906406998634,-0.18424801528453827,-0.11568513512611389,-0.3545454144477844,0.48478129506111145,0.16048787534236908,0
0.08893044292926788,-0.025543654337525368,0.21979662982749645,0.007947210222482681,-0.04610859975218773,0.6193305850028992,0.783734917640686,-0.3586091995239258,0.03585556149482727,-0.315443217754364,0.8105968236923218,-0.3914923369884491,-0.06397628039121628,0.10136275738477707,0.5,0.3139495253562927,0.016074610874056816,0.12453446537256241,-0.481803297996521,0.3445146977901459,0.003308013780042529,-0.012733046896755695,-0.18505315482616425,-0.11613942682743073,-0.35241326689720154,0.4839753806591034,0.1602596789598465,0
0.089015893638134,-0.025508757680654526,0.21979086307811443,0.008209599182009697,-0.045860327780246735,0.6205911636352539,0.7827490568161011,-0.35852953791618347,0.034451283514499664,-0.3173186182975769,0.8110094666481018,-0.39219215512275696,-0.06497775763273239,0.1009180098772049,0.5,0.3128562867641449,0.013274118304252625,0.12487605959177017,-0.4860655665397644,0.34515517950057983,0.0037822346203029156,-0.014128257520496845,-0.18642382323741913,-0.11617357283830643,-0.3496215343475342,0.48285889625549316,0.15954379737377167,0
0.08909060060977936,-0.025513900443911552,0.21977441219615643,0.008316414430737495,-0.04572972655296326,0.6216225028038025,0.781936764717102,-0.3584230840206146,0.03296343609690666,-0.31997743248939514,0.8114801645278931,-0.3928920030593872,-0.0659792423248291,0.10128608345985413,0.5,0.31251686811447144,0.009415258653461933,0.12521766126155853,-0.4903278648853302,0.3454554080963135,0.003929867409169674,-0.016999157145619392,-0.18678385019302368,-0.11712593585252762,-0.3463899493217468,0.4828214943408966,0.15836770832538605,0
0.08902627229690552,-0.025733551010489464,0.21986450461673443,0.008620258420705795,-0.045802369713783264,0.6227729320526123,0.7810132503509521,-0.35698309540748596,0.03305970877408981,-0.32118290662765503,0.8088395595550537,-0.39359182119369507,-0.06698072701692581,0.10024524480104446,0.5,0.31132063269615173,0.006946132984012365,0.1255592554807663,-0.494590163230896,0.3466566503047943,0.004708870314061642,-0.01978275179862976,-0.18705205619335175,-0.11855548620223999,-0.34459933638572693,0.48152297735214233,0.15834257006645203,0
0.08869080990552902,-0.02561616338789463,0.22015284208583538,0.006680456921458244,-0.04706600308418274,0.6246339678764343,0.7794694304466248,-0.35422444343566895,0.03684539347887039,-0.3266788721084595,0.8049708604812622,-0.39429163932800293,-0.06798220425844193,0.1004059910774231,0.5,0.31058549880981445,0.0013322874438017607,0.12590084969997406,-0.4988524615764618,0.34774553775787354,0.003923935815691948,-0.024623190984129906,-0.18150778114795685,-0.11810343712568283,-0.33949822187423706,0.48748740553855896,0.15626147389411926,0
0.08867555111646652,-0.025722095742821693,0.2202886512689561,0.006920468062162399,-0.047321248799562454,0.6259215474128723,0.778418242931366,-0.3508875370025635,0.03772709518671036,-0.32843315601348877,0.8003863096237183,-0.3949914872646332,-0.06898368895053864,0.09999211877584457,0.5,0.31068897247314453,-0.0009990384569391608,0.12624244391918182,-0.5031147599220276,0.3490132987499237,0.003798576770350337,-0.0283113494515419,-0.18109703063964844,-0.119000144302845,-0.335034042596817,0.4874802529811859,0.15456637740135193,0
0.08878721296787262,-0.02565981075167656,0.22035414187240307,0.007368001621216536,-0.047078803181648254,0.6273996829986572,0.7772380113601685,-0.3474384546279907,0.03676271066069603,-0.33150607347488403,0.7970464825630188,-0.39569130539894104,-0.06998517364263535,0.09931033104658127,0.5,0.31053420901298523,-0.0028943007346242666,0.1265840381383896,-0.507377028465271,0.3509152829647064,0.0036707972176373005,-0.030684800818562508,-0.1812075674533844,-0.11983408778905869,-0.3314996361732483,0.48546239733695984,0.15361298620700836,0
0.0888843908905983,-0.025543145835399628,0.2204153558425874,0.007817009463906288,-0.046846259385347366,0.6292280554771423,0.7757682204246521,-0.3442630469799042,0.035112787038087845,-0.33523640036582947,0.7947055697441101,-0.39720281958580017,-0.07098665833473206,0.09845005720853806,0.5,0.30940836668014526,-0.0052331057377159595,0.12692563235759735,-0.5116393566131592,0.3526588976383209,0.0026324265636503696,-0.03336071968078613,-0.1819651573896408,-0.12040648609399796,-0.3266894817352295,0.4836280941963196,0.1530223935842514,0
0.08894164860248566,-0.025502948090434074,0.22048928050327007,0.008301260881125927,-0.04684635251760483,0.6304438710212708,0.7747754454612732,-0.3412806987762451,0.03425224497914314,-0.3380129635334015,0.7924232482910156,-0.39908698201179504,-0.07198813557624817,0.09815842658281326,0.5,0.3082007169723511,-0.0067773740738630295,0.12726722657680511,-0.5159016251564026,0.3539525866508484,0.0025774787645787,-0.03665252402424812,-0.18286050856113434,-0.12150998413562775,-0.3213192820549011,0.482677698135376,0.15085440874099731,0
0.0889609307050705,-0.025434231385588646,0.2205396017246217,0.008906356990337372,-0.046995267271995544,0.6321486830711365,0.773369312286377,-0.33852437138557434,0.032300468534231186,-0.34132468700408936,0.7912589907646179,-0.39907753467559814,-0.07298962026834488,0.09788530319929123,0.5,0.3088324964046478,-0.008915253914892673,0.12760882079601288,-0.5201639533042908,0.3540518879890442,0.0015773960622027516,-0.03896239027380943,-0.18461103737354279,-0.122451052069664,-0.3151985704898834,0.4814862608909607,0.14929787814617157,0
0.08894327282905579,-0.025132816284894943,0.2206384262256593,0.008868411183357239,-0.046570610255002975,0.6340634822845459,0.771826446056366,-0.3354616165161133,0.029446687549352646,-0.3465481698513031,0.7896338105201721,-0.4005267918109894,-0.07399110496044159,0.09723082929849625,0.5,0.3080182671546936,-0.011689663864672184,0.12795041501522064,-0.5244262218475342,0.3537309169769287,0.00016600461094640195,-0.040187668055295944,-0.18597976863384247,-0.12458459287881851,-0.30928871035575867,0.47978731989860535,0.14850208163261414,0
0.08887523412704468,-0.025146950036287308,0.22073854712772076,0.009276012890040874,-0.04664861410856247,0.6353238821029663,0.7707797884941101,-0.33263471722602844,0.028418274596333504,-0.3488982617855072,0.787138044834137,-0.4030645191669464,-0.0749925822019577,0.09644845873117447,0.5,0.30840861797332764,-0.012702499516308308,0.1282920241355896,-0.5286885499954224,0.3532249629497528,-0.0013517934130504727,-0.04408321529626846,-0.18753854930400848,-0.12620848417282104,-0.30091750621795654,0.47972768545150757,0.14549203217029572,0
0.08899740874767303,-0.024922439828515053,0.22079977599906628,0.010093709453940392,-0.046303220093250275,0.6371739506721497,0.7692616581916809,-0.3289016783237457,0.02613087370991707,-0.3525412976741791,0.7856813073158264,-0.4063621163368225,-0.07599406689405441,0.09482481330633163,0.5,0.3065083622932434,-0.012273912318050861,0.12863361835479736,-0.5329508185386658,0.35384368896484375,-0.0030668051913380623,-0.04495403170585632,-0.189317986369133,-0.12749981880187988,-0.29436156153678894,0.47865772247314453,0.14340117573738098,0
0.08901428431272507,-0.024806233122944832,0.220899762790677,0.01054849848151207,-0.046006958931684494,0.6387675404548645,0.7679505944252014,-0.32485973834991455,0.023921193554997444,-0.35769587755203247,0.7832744717597961,-0.4107966423034668,-0.07699555158615112,0.09300500899553299,0.5,0.30469414591789246,-0.01228909008204937,0.12897521257400513,-0.537213146686554,0.3537195920944214,-0.005073951557278633,-0.0469232015311718,-0.19173552095890045,-0.12844230234622955,-0.2870800197124481,0.4778779149055481,0.14082449674606323,0
0.08901115506887436,-0.02482779696583748,0.22101521698760693,0.011759324930608273,-0.045479923486709595,0.6404923796653748,0.766526460647583,-0.32207027077674866,0.021431762725114822,-0.3603849411010742,0.7814118266105652,-0.4141477942466736,-0.07799703627824783,0.0907081738114357,0.4982607960700989,0.30289793014526367,-0.01229927595704794,0.1293168067932129,-0.5414754152297974,0.35316333174705505,-0.0060187834315001965,-0.049102868884801865,-0.19500283896923065,-0.1281055212020874,-0.2798522412776947,0.4761030077934265,0.13825887441635132,0
0.0887979120016098,-0.024900350719690323,0.2211957445554704,0.013275174424052238,-0.0448269359767437,0.6424566507339478,0.7648946046829224,-0.31874004006385803,0.016841700300574303,-0.3645460605621338,0.7794311046600342,-0.4177292585372925,-0.07899851351976395,0.08780526369810104,0.49485278129577637,0.30210065841674805,-0.011918500997126102,0.12965840101242065,-0.5457377433776855,0.35267624258995056,-0.007918519899249077,-0.05157341808080673,-0.19885750114917755,-0.12742747366428375,-0.2729000449180603,0.4728891849517822,0.1354343742132187,0
0.0884920209646225,-0.02495666779577732,0.22147342769431774,0.01512554194778204,-0.04367344081401825,0.6439841389656067,0.7636414766311646,-0.3154307007789612,0.013054398819804192,-0.3654763698577881,0.7760064601898193,-0.4239855408668518,-0.07999999821186066,0.08418102562427521,0.48953545093536377,0.29925501346588135,-0.010007479228079319,0.12999999523162842,-0.550000011920929,0.3525899052619934,-0.008551148697733879,-0.05409160628914833,-0.2030230611562729,-0.12691910564899445,-0.26605600118637085,0.46885430812835693,0.13212113082408905,0
0.08850166201591492,-0.024556461721658707,0.2218203565292329,0.01365465484559536,-0.04572536423802376,0.6460743546485901,0.7617812156677246,-0.3095898926258087,0.021743232384324074,-0.3650733232498169,0.7689518928527832,-0.4162490665912628,-0.07736841589212418,0.08126824349164963,0.49390533566474915,0.28757503628730774,-0.003640455659478903,0.12763157486915588,-0.5400000214576721,0.35278549790382385,-0.01002986915409565,-0.05863079056143761,-0.19673247635364532,-0.12718285620212555,-0.2563466727733612,0.47563713788986206,0.1284889280796051,0
0.0878126323223114,-0.024752695113420486,0.22224122492599194,0.015944482758641243,-0.044287748634815216,0.6481441855430603,0.760061502456665,-0.3046346604824066,0.014838006347417831,-0.36810940504074097,0.7627931237220764,-0.4085126221179962,-0.07473684102296829,0.07588481903076172,0.4859083294868469,0.2828821539878845,-0.0007382728508673608,0.12526315450668335,-0.5300000309944153,0.35306766629219055,-0.011682005599141121,-0.06040947884321213,-0.20276407897472382,-0.12760891020298004,-0.25164589285850525,0.47013071179389954,0.1257733702659607,0
0.08698509633541107,-0.024993885308504105,0.22275056151675884,0.019235629588365555,-0.042469777166843414,0.6504532694816589,0.7581139802932739,-0.29997649788856506,0.0067686354741454124,-0.36846402287483215,0.7566944360733032,-0.4007761478424072,-0.07210525870323181,0.06941165775060654,0.4745364785194397,0.2777145802974701,0.003704337403178215,0.12289473414421082,-0.5200000405311584,0.3538112938404083,-0.012936447747051716,-0.062248345464468,-0.2107437551021576,-0.12624117732048035,-0.2466370016336441,0.4627864360809326,0.12343921512365341,0
0.0862240269780159,-0.02504800446331501,0.22318257598209087,0.021960319951176643,-0.04045535624027252,0.6527101993560791,0.7562080025672913,-0.2972986698150635,-0.002463871380314231,-0.370252788066864,0.7540475130081177,-0.3930397033691406,-0.06947368383407593,0.06501325219869614,0.46364253759384155,0.27344462275505066,0.004385512322187424,0.12052631378173828,-0.5099999904632568,0.3537217974662781,-0.013335058465600014,-0.06213254854083061,-0.21796293556690216,-0.12437232583761215,-0.2397550344467163,0.4566625952720642,0.12037042528390884,0
0.08521907031536102,-0.025455210357904434,0.22373600510883038,0.02475244738161564,-0.038425855338573456,0.6546211838722229,0.7545739412307739,-0.29340308904647827,-0.010095630772411823,-0.36956486105918884,0.7464390993118286,-0.38530322909355164,-0.06684210151433945,0.05784113332629204,0.4519045352935791,0.2700626850128174,0.008946755900979042,0.11815789341926575,-0.5,0.3542387783527374,-0.01394132524728775,-0.0646955594420433,-0.22700989246368408,-0.12357334047555923,-0.23427163064479828,0.44993072748184204,0.11786121129989624,0
0.0843803882598877,-0.025669878348708153,0.2242428979091615,0.027574241161346436,-0.036340538412332535,0.6568895578384399,0.7526056170463562,-0.2898883819580078,-0.018081774935126305,-0.369284063577652,0.7408385276794434,-0.37756678462028503,-0.06421052664518356,0.049702417105436325,0.4409352242946625,0.2662874460220337,0.015377714298665524,0.11578947305679321,-0.49000000953674316,0.35504308342933655,-0.01584400050342083,-0.06616012006998062,-0.23560383915901184,-0.1210474744439125,-0.22734150290489197,0.4447757601737976,0.11377573013305664,0
0.08358471095561981,-0.025959281250834465,0.22472746877002422,0.03050893545150757,-0.03429767116904259,0.6589031219482422,0.7508259415626526,-0.28687936067581177,-0.02652776427567005,-0.3694792091846466,0.7362020015716553,-0.36983031034469604,-0.06157894432544708,0.042806483805179596,0.42962077260017395,0.2605397403240204,0.019875675439834595,0.11342104524374008,-0.48000001907348633,0.35552775859832764,-0.016894785687327385,-0.06772059947252274,-0.24459125101566315,-0.11853960156440735,-0.22101706266403198,0.43997475504875183,0.10989094525575638,0
0.08249789476394653,-0.02647651545703411,0.22528054026889507,0.03310629352927208,-0.03285681828856468,0.6602931618690491,0.7495580911636353,-0.28564295172691345,-0.03439437597990036,-0.367109090089798,0.7322806715965271,-0.36209383606910706,-0.0589473657310009,0.036566268652677536,0.4184771776199341,0.2582132816314697,0.024574320763349533,0.11105262488126755,-0.4699999988079071,0.35687148571014404,-0.016829954460263252,-0.0710340216755867,-0.2545016407966614,-0.11661812663078308,-0.21675603091716766,0.4347742199897766,0.1072627380490303,0
0.08145927637815475,-0.026961011812090874,0.22586377171802227,0.036280564963817596,-0.031031567603349686,0.6628014445304871,0.747271716594696,-0.28211474418640137,-0.04323626309633255,-0.3662955164909363,0.7264081835746765,-0.35435739159584045,-0.05631578713655472,0.030101627111434937,0.40603312849998474,0.2550845742225647,0.027654744684696198,0.10868420451879501,-0.46000000834465027,0.3583070933818817,-0.01857893355190754,-0.07243967056274414,-0.26385775208473206,-0.11449044197797775,-0.21269287168979645,0.4298022389411926,0.10448180139064789,0
0.08037414401769638,-0.027562184259295464,0.22645572034644787,0.038532376289367676,-0.02932596020400524,0.6642670035362244,0.7459253072738647,-0.2808217406272888,-0.04954412207007408,-0.36252138018608093,0.7199659943580627,-0.34662091732025146,-0.053684208542108536,0.02341654524207115,0.3949240744113922,0.25261685252189636,0.031134815886616707,0.10631578415632248,-0.45000001788139343,0.3598001003265381,-0.018378976732492447,-0.07627370953559875,-0.27368801832199097,-0.11287149041891098,-0.208151176571846,0.4257337152957916,0.1026216447353363,0
0.07928185164928436,-0.028416404500603676,0.22699220685290997,0.04157837852835655,-0.02821878343820572,0.6659876704216003,0.7442683577537537,-0.27897223830223083,-0.0575801357626915,-0.36022332310676575,0.7143517732620239,-0.33888447284698486,-0.051052629947662354,0.018337121233344078,0.38344326615333557,0.25195834040641785,0.0324648842215538,0.10394736379384995,-0.4399999976158142,0.3597913086414337,-0.018882472068071365,-0.081517294049263,-0.28380903601646423,-0.11169298738241196,-0.20648342370986938,0.4219364821910858,0.10044391453266144,0
0.07832442969083786,-0.029205769300460815,0.22751112489032452,0.0439288429915905,-0.02622632123529911,0.6674323081970215,0.7429108619689941,-0.2762244939804077,-0.06464789062738419,-0.3596636652946472,0.7055347561836243,-0.3311479985713959,-0.04842105135321617,0.013834439218044281,0.3723718822002411,0.25376096367836,0.03165402635931969,0.10157894343137741,-0.4300000071525574,0.35876792669296265,-0.019704043865203857,-0.08557258546352386,-0.29301002621650696,-0.11097683012485504,-0.20073167979717255,0.4201057255268097,0.09668973833322525,0
0.0772324800491333,-0.030020881444215775,0.2280159464292497,0.04611090570688248,-0.025338545441627502,0.668269693851471,0.7420561909675598,-0.2732989192008972,-0.06925933063030243,-0.35499921441078186,0.6967446804046631,-0.3234115242958069,-0.04578947275876999,0.011514095589518547,0.36227670311927795,0.2569062411785126,0.031184827908873558,0.09921052306890488,-0.42000001668930054,0.35858964920043945,-0.01825006864964962,-0.0920170471072197,-0.302642285823822,-0.10989250242710114,-0.19962583482265472,0.41693511605262756,0.0960894227027893,0
0.07601819932460785,-0.030758431181311607,0.22852924672889416,0.048394691199064255,-0.023482225835323334,0.6697220802307129,0.7406611442565918,-0.2691253125667572,-0.0757996141910553,-0.3519039452075958,0.685450553894043,-0.3156750798225403,-0.04315789416432381,0.007563743274658918,0.35011231899261475,0.2623034715652466,0.03264845535159111,0.09684210270643234,-0.4099999964237213,0.35779333114624023,-0.02033257484436035,-0.09652969241142273,-0.3137289583683014,-0.10830343514680862,-0.19500750303268433,0.41409072279930115,0.09394223988056183,0
0.07509386539459229,-0.031648583710193634,0.22894458679485027,0.05100629851222038,-0.02251509763300419,0.6704373359680176,0.7398683428764343,-0.2634885311126709,-0.0785098597407341,-0.3465714156627655,0.6722865700721741,-0.3079386055469513,-0.040526315569877625,0.006117845885455608,0.3404044210910797,0.264981746673584,0.033231839537620544,0.09447368234395981,-0.4000000059604645,0.35654544830322266,-0.01996864192187786,-0.10393781960010529,-0.3239056468009949,-0.10691332072019577,-0.1921432465314865,0.4126322567462921,0.09357284754514694,0
0.074277862906456,-0.03227512165904045,0.22926986424255077,0.05292879045009613,-0.021458296105265617,0.6711206436157227,0.7391448616981506,-0.25743624567985535,-0.08098693192005157,-0.3422262370586395,0.6589606404304504,-0.3002021610736847,-0.03789473697543144,0.004348814021795988,0.3323032259941101,0.2685103714466095,0.035404983907938004,0.09210526198148727,-0.39000001549720764,0.3561815917491913,-0.019672108814120293,-0.110852912068367,-0.33337080478668213,-0.10539539903402328,-0.19049009680747986,0.4114878475666046,0.09426627308130264,0
0.07319357991218567,-0.03319292142987251,0.2295771261863679,0.0550420805811882,-0.020868906751275063,0.672207772731781,0.7380186915397644,-0.25050848722457886,-0.0841209888458252,-0.33891671895980835,0.6438527703285217,-0.2924656867980957,-0.03526315838098526,0.00250544142909348,0.3234490752220154,0.2711101770401001,0.03794840723276138,0.08973684161901474,-0.3799999952316284,0.35577574372291565,-0.020649323239922523,-0.11948651820421219,-0.34365230798721313,-0.10326139628887177,-0.19065919518470764,0.41148141026496887,0.09359108656644821,0
0.07217764854431152,-0.03390928730368614,0.22982254831123058,0.05603734031319618,-0.020510785281658173,0.6723887324333191,0.7377889156341553,-0.2436826527118683,-0.08453133702278137,-0.3335927128791809,0.6270601153373718,-0.2847292423248291,-0.03263157978653908,0.001888092141598463,0.31685882806777954,0.27625688910484314,0.04114849492907524,0.0873684212565422,-0.3700000047683716,0.35439541935920715,-0.019825559109449387,-0.1268593817949295,-0.3540551960468292,-0.10024736076593399,-0.1873917281627655,0.4111739993095398,0.09255750477313995,0
0.07091320306062698,-0.03416651114821434,0.23009917346763317,0.05684840306639671,-0.020451614633202553,0.6721485257148743,0.737947404384613,-0.23546160757541656,-0.08602038770914078,-0.32876643538475037,0.6110630631446838,-0.2769927680492401,-0.029999999329447746,0.0017605348257347941,0.3102761507034302,0.2801811993122101,0.047284748405218124,0.08499999344348907,-0.36000001430511475,0.3535403907299042,-0.018140560016036034,-0.1339704692363739,-0.3645515441894531,-0.09776823222637177,-0.1873040795326233,0.40884771943092346,0.09323984384536743,0
0.06970706582069397,-0.0342586450278759,0.2303594669513673,0.05740944296121597,-0.0203819889575243,0.6725679636001587,0.73752361536026,-0.2266269475221634,-0.08770231157541275,-0.3264147639274597,0.5956155061721802,-0.2692562937736511,-0.027368420735001564,0.0010916731553152204,0.3041072189807892,0.28050312399864197,0.05289844051003456,0.08263157308101654,-0.3499999940395355,0.3514770269393921,-0.01763710007071495,-0.13968193531036377,-0.37225592136383057,-0.09774265438318253,-0.1882140338420868,0.40763726830482483,0.09430127590894699,0
0.06865986436605453,-0.03432778641581535,0.23059603778648083,0.05799408629536629,-0.020962486043572426,0.6732531785964966,0.7368360757827759,-0.21465545892715454,-0.08671106398105621,-0.32307595014572144,0.5766712427139282,-0.2615198493003845,-0.024736842140555382,-0.00022981895017437637,0.29974403977394104,0.2798392176628113,0.06121275573968887,0.080263152718544,-0.3400000035762787,0.35002565383911133,-0.015747658908367157,-0.14774546027183533,-0.37841442227363586,-0.09676313400268555,-0.18989382684230804,0.408468097448349,0.09309351444244385,0
0.06741317361593246,-0.034093476831912994,0.23085782138633434,0.05819295719265938,-0.02185381017625332,0.6733319163322449,0.7367225885391235,-0.20408576726913452,-0.08690601587295532,-0.3198132812976837,0.5613269805908203,-0.25378337502479553,-0.0221052635461092,-0.0005489942850545049,0.29524293541908264,0.2784159481525421,0.0699147954583168,0.07789473235607147,-0.33000001311302185,0.34786418080329895,-0.011895939707756042,-0.15663734078407288,-0.3819087743759155,-0.098114512860775,-0.19182594120502472,0.40721991658210754,0.09319430589675903,0
0.06637175381183624,-0.03364555537700653,0.23108819333839123,0.05842498317360878,-0.022569438442587852,0.6742783188819885,0.735816478729248,-0.19161628186702728,-0.08715222775936127,-0.3184478282928467,0.5454767942428589,-0.24604691565036774,-0.019473683089017868,-0.0010756789706647396,0.2911732494831085,0.27414700388908386,0.07818697392940521,0.07552631199359894,-0.3199999928474426,0.34590497612953186,-0.006782106589525938,-0.1659657210111618,-0.38393786549568176,-0.09618568420410156,-0.19382216036319733,0.4073914885520935,0.09203273057937622,0
0.06555801630020142,-0.03322364389896393,0.23129305450248425,0.05841444805264473,-0.02364051155745983,0.6749781966209412,0.7351416945457458,-0.17956049740314484,-0.08581922948360443,-0.31697985529899597,0.530024528503418,-0.23831045627593994,-0.016842104494571686,-0.0013094268506392837,0.2883983254432678,0.26989105343818665,0.0855119377374649,0.0731578916311264,-0.3100000023841858,0.3426562249660492,-0.0021528382785618305,-0.17695048451423645,-0.383167028427124,-0.09561312198638916,-0.19403894245624542,0.40872377157211304,0.09031704813241959,0
0.06474486738443375,-0.032767217606306076,0.2314929982833833,0.058650240302085876,-0.024480029940605164,0.6757444739341736,0.7343910932540894,-0.16852357983589172,-0.08616575598716736,-0.3165159821510315,0.5165305733680725,-0.23057399690151215,-0.014210525900125504,-0.00041973034967668355,0.285123735666275,0.26700830459594727,0.09006645530462265,0.07078947126865387,-0.30000001192092896,0.33876755833625793,0.0020196628756821156,-0.18603186309337616,-0.37963008880615234,-0.09389665722846985,-0.19444268941879272,0.4090501666069031,0.08805693686008453,0
0.06378353387117386,-0.03238378092646599,0.23168039528655712,0.058771807700395584,-0.026082631200551987,0.6759241223335266,0.734160840511322,-0.15855607390403748,-0.08668862283229828,-0.3156217634677887,0.5052943229675293,-0.22283753752708435,-0.011578947305679321,0.001982357120141387,0.2828071117401123,0.26503250002861023,0.09427674859762192,0.06842105090618134,-0.28999999165534973,0.3349856734275818,0.005876437295228243,-0.19417943060398102,-0.3752071261405945,-0.09268094599246979,-0.19349093735218048,0.409233957529068,0.08574084937572479,0
0.06271370500326157,-0.03200066089630127,0.23192829100417797,0.05847277492284775,-0.027101323008537292,0.6761524081230164,0.7339376211166382,-0.14755402505397797,-0.08652171492576599,-0.3138216733932495,0.489834189414978,-0.21510107815265656,-0.008947367779910564,0.004660450853407383,0.2788947820663452,0.2620418071746826,0.09559724479913712,0.0660526305437088,-0.2800000011920929,0.3301379084587097,0.006677795201539993,-0.19925500452518463,-0.371233195066452,-0.09112191945314407,-0.18933990597724915,0.4089685380458832,0.08312257379293442,0
0.06124575063586235,-0.03152232989668846,0.232245000284192,0.05767521634697914,-0.02857022173702717,0.67596435546875,0.7341181635856628,-0.13970234990119934,-0.0886230617761612,-0.3118400573730469,0.479658842086792,-0.20736461877822876,-0.006315789185464382,0.01067885011434555,0.27394354343414307,0.26477882266044617,0.09290721267461777,0.06368421018123627,-0.27000001072883606,0.3255369961261749,0.007932827807962894,-0.20349012315273285,-0.3657216429710388,-0.0908002257347107,-0.18528388440608978,0.4077428877353668,0.08016476780176163,0
0.05990662798285484,-0.030968202278017998,0.23255151716994946,0.05730341747403145,-0.029628189280629158,0.6756322979927063,0.7344110012054443,-0.1304599791765213,-0.09094361215829849,-0.3099522590637207,0.46782365441322327,-0.19962814450263977,-0.0036842103581875563,0.015728922560811043,0.2687962055206299,0.266530305147171,0.09277027100324631,0.061315786093473434,-0.25999999046325684,0.32201144099235535,0.01033505704253912,-0.20635220408439636,-0.3612494468688965,-0.08891048282384872,-0.18240420520305634,0.40483105182647705,0.07747174054384232,0
0.058395590633153915,-0.03029811568558216,0.2329217216186494,0.05695084109902382,-0.030663849785923958,0.6761413216590881,0.733927309513092,-0.1212504431605339,-0.09420892596244812,-0.3074518144130707,0.4567984342575073,-0.19189168512821198,-0.0010526315309107304,0.020735090598464012,0.2624085545539856,0.2671958804130554,0.09161549061536789,0.0589473657310009,-0.25,0.32017895579338074,0.012066003866493702,-0.20883332192897797,-0.3575807809829712,-0.0872761607170105,-0.17987371981143951,0.40241605043411255,0.07516689598560333,0
0.05667435750365257,-0.02995362877845764,0.23334065286445324,0.056369438767433167,-0.03185044229030609,0.676189124584198,0.7338775992393494,-0.1127532348036766,-0.0972599983215332,-0.30413252115249634,0.44333693385124207,-0.18415522575378418,0.0015789472963660955,0.026186678558588028,0.25496789813041687,0.26968914270401,0.08834252506494522,0.056578945368528366,-0.24000000953674316,0.3150637149810791,0.012083892710506916,-0.20859476923942566,-0.3535211384296417,-0.08524039387702942,-0.17824912071228027,0.39795637130737305,0.07373765856027603,0
0.05473427101969719,-0.029331129044294357,0.23380851952361767,0.05516083166003227,-0.03280625492334366,0.6761664748191833,0.7339481711387634,-0.10358461737632751,-0.10109437257051468,-0.30163365602493286,0.42842233180999756,-0.17641876637935638,0.0042105261236429214,0.03153112158179283,0.2472710758447647,0.271455854177475,0.0858113095164299,0.05421052500605583,-0.23000000417232513,0.30854523181915283,0.013441633433103561,-0.2067810744047165,-0.3518153727054596,-0.08047839254140854,-0.17550620436668396,0.3937412202358246,0.07193061709403992,0
0.05231783166527748,-0.028872447088360786,0.23435905782508556,0.05306130275130272,-0.03354687616229057,0.6750829815864563,0.7350659966468811,-0.09545883536338806,-0.1044047623872757,-0.29323911666870117,0.40830573439598083,-0.1686823070049286,0.006842105183750391,0.035994503647089005,0.23794443905353546,0.27208635210990906,0.0830271989107132,0.0518421046435833,-0.2199999988079071,0.3019806444644928,0.015424069948494434,-0.204094797372818,-0.35183390974998474,-0.0768519788980484,-0.17293743789196014,0.3886393904685974,0.07184651494026184,0
0.05027628317475319,-0.028709296137094498,0.23475128619003002,0.052910495549440384,-0.03437671437859535,0.6748973727226257,0.7352089881896973,-0.0902378037571907,-0.1126209944486618,-0.29368576407432556,0.3975638151168823,-0.1609458476305008,0.00947368424385786,0.04039115086197853,0.2284943014383316,0.2740113139152527,0.08034594357013702,0.049473684281110764,-0.21000000834465027,0.296029269695282,0.016075652092695236,-0.20132490992546082,-0.3503148853778839,-0.07501595467329025,-0.16997705399990082,0.38539111614227295,0.07138221710920334,0
0.04752414673566818,-0.028015676885843277,0.2353696843795747,0.04985634610056877,-0.03429597243666649,0.6746734380722046,0.7356316447257996,-0.07851443439722061,-0.11460457742214203,-0.2810845375061035,0.3673752546310425,-0.1532093733549118,0.012105262838304043,0.042527422308921814,0.21726711094379425,0.2712964117527008,0.07747428119182587,0.04710526019334793,-0.20000000298023224,0.2861493229866028,0.016048206016421318,-0.1956152468919754,-0.34931614995002747,-0.07236111164093018,-0.16506753861904144,0.3812790811061859,0.07002589851617813,0
0.045211076736450195,-0.02736509218811989,0.23590344397353832,0.047598548233509064,-0.03318104147911072,0.6748351454734802,0.7356839776039124,-0.06271645426750183,-0.11645279824733734,-0.27300530672073364,0.33082282543182373,-0.145472913980484,0.014736841432750225,0.04269252344965935,0.20565882325172424,0.2696472108364105,0.07625101506710052,0.0447368398308754,-0.1899999976158142,0.27802059054374695,0.014635801315307617,-0.18829412758350372,-0.3496635854244232,-0.07065947353839874,-0.16574040055274963,0.37888744473457336,0.07035049796104431,0
0.04289354756474495,-0.026477724313735962,0.23636990992355053,0.045614708214998245,-0.032688889652490616,0.6745145320892334,0.7361255884170532,-0.04929244518280029,-0.12016480416059494,-0.2681523859500885,0.3025432825088501,-0.1377364546060562,0.017368420958518982,0.04366621747612953,0.19508126378059387,0.2689828872680664,0.07838238030672073,0.04236841946840286,-0.18000000715255737,0.27170220017433167,0.015318367630243301,-0.18255697190761566,-0.3502212166786194,-0.07032069563865662,-0.1653183400630951,0.37883055210113525,0.06959912180900574,0
0.04035860672593117,-0.025645678862929344,0.2367681881599397,0.04454699903726578,-0.032496023923158646,0.6738728284835815,0.736786961555481,-0.03680725768208504,-0.12694936990737915,-0.2630786597728729,0.2781667709350586,-0.12999999523162842,0.019999999552965164,0.046429943293333054,0.18253152072429657,0.26962050795555115,0.08072881400585175,0.03999999910593033,-0.17000000178813934,0.2645386755466461,0.012751758098602295,-0.1772356629371643,-0.34926480054855347,-0.0709846168756485,-0.16356325149536133,0.37989217042922974,0.06817155331373215,0
0.03786616772413254,-0.025139683857560158,0.23709279505538647,0.04449451342225075,-0.033335186541080475,0.6729183793067932,0.73762446641922,-0.02840849570930004,-0.13523803651332855,-0.2566513419151306,0.26221930980682373,-0.12948717176914215,0.024358974769711494,0.04921020194888115,0.17077717185020447,0.27127769589424133,0.08551894128322601,0.03512820228934288,-0.16696377098560333,0.261191189289093,0.00908812414854765,-0.1741149127483368,-0.34850165247917175,-0.06965325772762299,-0.16460764408111572,0.37986791133880615,0.06657161563634872,0
0.035034772008657455,-0.024811100214719772,0.23736632077026074,0.044225528836250305,-0.034729886800050735,0.6707849502563477,0.739517092704773,-0.023714138194918633,-0.14461271464824677,-0.24732840061187744,0.24976857006549835,-0.12897434830665588,0.028717948123812675,0.0532214492559433,0.15823598206043243,0.2728521227836609,0.08929098397493362,0.03025640919804573,-0.16392754018306732,0.2579707205295563,0.006435838062316179,-0.17409658432006836,-0.3466731011867523,-0.06925688683986664,-0.16374777257442474,0.37911292910575867,0.06497121602296829,0
0.032187364995479584,-0.02443491667509079,0.23762235252189343,0.0445927269756794,-0.035783104598522186,0.6700462102890015,0.7401142716407776,-0.022414615377783775,-0.1565682291984558,-0.2380155473947525,0.24485670030117035,-0.1284615397453308,0.033076923340559006,0.0563226118683815,0.1444450169801712,0.2721524238586426,0.09259740263223648,0.02538461424410343,-0.1608913093805313,0.25539475679397583,0.003323381533846259,-0.1690567135810852,-0.346653550863266,-0.06890463083982468,-0.1636863797903061,0.377951979637146,0.06344642490148544,0
0.029126126319169998,-0.02427433244884014,0.23783135620879833,0.044523756951093674,-0.036945100873708725,0.6692262887954712,0.7408028841018677,-0.021652838215231895,-0.16834357380867004,-0.22896496951580048,0.23809616267681122,-0.12794871628284454,0.03743589669466019,0.06060483306646347,0.1299845576286316,0.2728269696235657,0.09144461154937744,0.020512819290161133,-0.1578550785779953,0.2507750391960144,0.00000813185852166498,-0.16517427563667297,-0.34316694736480713,-0.07164888828992844,-0.16356684267520905,0.37592774629592896,0.06285692006349564,0
0.026466621086001396,-0.023937806487083435,0.23799777237701122,0.04465296119451523,-0.03729955106973648,0.6682555675506592,0.7416530847549438,-0.02364277094602585,-0.1798306405544281,-0.2177160680294037,0.23561792075634003,-0.12743589282035828,0.04179487004876137,0.06544020771980286,0.1154031753540039,0.27163854241371155,0.0884174108505249,0.015641024336218834,-0.1548188477754593,0.24752724170684814,-0.0032545600552111864,-0.16142192482948303,-0.3412219285964966,-0.07404695451259613,-0.15963181853294373,0.37429705262184143,0.0627291277050972,0
0.023821361362934113,-0.02367579936981201,0.23809966651725475,0.04545259475708008,-0.03803252428770065,0.6673372983932495,0.7423937320709229,-0.02601218968629837,-0.1921558827161789,-0.20575949549674988,0.23549576103687286,-0.126923069357872,0.04615384712815285,0.0700611025094986,0.10077826678752899,0.2696407437324524,0.08756708353757858,0.010769229382276535,-0.15178261697292328,0.2438027709722519,-0.006245717406272888,-0.15533919632434845,-0.34221503138542175,-0.07001758366823196,-0.16029833257198334,0.3712256848812103,0.060568828135728836,0
0.021004730835556984,-0.023184042423963547,0.2381438931636781,0.045346856117248535,-0.03895605355501175,0.6670979857444763,0.7425673604011536,-0.029425108805298805,-0.20474238693714142,-0.19707897305488586,0.2383655458688736,-0.12641024589538574,0.05051282048225403,0.07519783079624176,0.08673451095819473,0.26662158966064453,0.08503822982311249,0.005897433962672949,-0.14874638617038727,0.24157187342643738,-0.009389512240886688,-0.15116627514362335,-0.34166401624679565,-0.06926684826612473,-0.15902701020240784,0.36849555373191833,0.05959595739841461,0
0.018605589866638184,-0.022651342675089836,0.23816043345260327,0.04536329582333565,-0.03949456289410591,0.665780246257782,0.743719756603241,-0.034610114991664886,-0.21573324501514435,-0.18620774149894714,0.24251045286655426,-0.12589743733406067,0.05487179383635521,0.07855695486068726,0.07457953691482544,0.2621079981327057,0.08630204945802689,0.0010256391251459718,-0.14571015536785126,0.2394612431526184,-0.011592053808271885,-0.1467171311378479,-0.3409064710140228,-0.06821988523006439,-0.1572948694229126,0.36628758907318115,0.05919099599123001,0
0.01639387011528015,-0.022394653409719467,0.23815492002296154,0.046497274190187454,-0.04076651856303215,0.6654714941978455,0.7438573837280273,-0.03924952819943428,-0.2267853319644928,-0.17915818095207214,0.25055283308029175,-0.1253846138715744,0.05923076719045639,0.08247505128383636,0.06359511613845825,0.261087566614151,0.08740457147359848,-0.003846155945211649,-0.14267392456531525,0.23796191811561584,-0.012587659992277622,-0.14216826856136322,-0.3404736816883087,-0.06635893136262894,-0.15742510557174683,0.3626694679260254,0.05794106796383858,0
0.013576335273683071,-0.021929871290922165,0.23813814131545727,0.04589999467134476,-0.04290834069252014,0.6649098992347717,0.7442760467529297,-0.04680829867720604,-0.236347496509552,-0.1665584146976471,0.2598457634449005,-0.12487179040908813,0.06358974426984787,0.08734836429357529,0.05218680575489998,0.2550378739833832,0.0862303078174591,-0.008717951364815235,-0.13963769376277924,0.23668044805526733,-0.016697334125638008,-0.1370924711227417,-0.3397573232650757,-0.06851157546043396,-0.1537168025970459,0.35920920968055725,0.058843765407800674,0
0.012279522605240345,-0.021736113354563713,0.2380668541603059,0.047095950692892075,-0.043697539716959,0.6644026637077332,0.7446083426475525,-0.05104272812604904,-0.24332192540168762,-0.1599365472793579,0.2681291103363037,-0.12435897439718246,0.06794871389865875,0.09026123583316803,0.045080773532390594,0.2530589699745178,0.08787116408348083,-0.013589746318757534,-0.13660146296024323,0.23410071432590485,-0.01837453432381153,-0.13348890841007233,-0.339152455329895,-0.06861496716737747,-0.15172573924064636,0.35821467638015747,0.05945945158600807,0
0.010438557714223862,-0.021272512152791023,0.23801028935241406,0.04734303057193756,-0.04504285752773285,0.6639631390571594,0.7449045181274414,-0.05311273783445358,-0.24997584521770477,-0.1526913046836853,0.2730866074562073,-0.1238461509346962,0.07230769097805023,0.09460096806287766,0.03711530566215515,0.24896804988384247,0.08760077506303787,-0.01846154034137726,-0.13356523215770721,0.23002883791923523,-0.020760860294103622,-0.1286775767803192,-0.34066253900527954,-0.06663394719362259,-0.1493048071861267,0.356930136680603,0.05790955573320389,0
0.009115610271692276,-0.020517418161034584,0.2379055341892213,0.04757365956902504,-0.04584073647856712,0.6637659072875977,0.7450169324874878,-0.054141294211149216,-0.2555851936340332,-0.1467672437429428,0.27891936898231506,-0.12333332747220993,0.07666666805744171,0.0976368859410286,0.031171733513474464,0.24572885036468506,0.09103380143642426,-0.023333335295319557,-0.1305290013551712,0.2272379845380783,-0.0220537967979908,-0.1253807544708252,-0.34156712889671326,-0.06589829921722412,-0.14776299893856049,0.35691580176353455,0.058083247393369675,0
0.008112096227705479,-0.01969998888671398,0.23781851140784924,0.0471419058740139,-0.04655861109495163,0.6634418964385986,0.7452884316444397,-0.05361947417259216,-0.2582935690879822,-0.14221486449241638,0.28205421566963196,-0.12282051146030426,0.0810256376862526,0.09975093603134155,0.02747810259461403,0.24244840443134308,0.09522975981235504,-0.028205130249261856,-0.1274927705526352,0.22292539477348328,-0.024055276066064835,-0.12314469367265701,-0.3418850898742676,-0.0646745041012764,-0.1461029201745987,0.35737404227256775,0.05816503241658211,0
0.00725214509293437,-0.01887955144047737,0.23773634640502636,0.0465119332075119,-0.04766078293323517,0.6632375121116638,0.7454401850700378,-0.05161863937973976,-0.25941014289855957,-0.13829036056995392,0.28380656242370605,-0.122307687997818,0.08538461476564407,0.10137738287448883,0.025437595322728157,0.23986752331256866,0.10098753124475479,-0.033076927065849304,-0.12445653975009918,0.2193041443824768,-0.025197308510541916,-0.12179411947727203,-0.3416757881641388,-0.06406141072511673,-0.1437898427248001,0.35549673438072205,0.05868558958172798,0
0.0067328293807804585,-0.018084101378917694,0.23768913952636425,0.04655253514647484,-0.04850304126739502,0.6631940603256226,0.7454220056533813,-0.04918330907821655,-0.2599995732307434,-0.1336773782968521,0.2859099209308624,-0.12179487198591232,0.08974359184503555,0.10279778391122818,0.024071471765637398,0.237306147813797,0.10742653906345367,-0.037948720157146454,-0.12142030894756317,0.21527616679668427,-0.02455645427107811,-0.11975487321615219,-0.34246546030044556,-0.061991073191165924,-0.14313878118991852,0.35528063774108887,0.05924169719219208,0
0.006386199500411749,-0.017299309372901917,0.2376502772979707,0.046589646488428116,-0.049316417425870895,0.6631491780281067,0.7454062104225159,-0.04479202628135681,-0.2597604990005493,-0.1303972452878952,0.2856998145580292,-0.12128204852342606,0.09410256147384644,0.10420925915241241,0.023389330133795738,0.23589377105236053,0.11414216458797455,-0.0428205169737339,-0.11838407814502716,0.21173660457134247,-0.023757288232445717,-0.1169159859418869,-0.3424544632434845,-0.06249776482582092,-0.14263178408145905,0.35282009840011597,0.06199286878108978,0
0.006425208877772093,-0.016374927014112473,0.2376430353336305,0.046725232154130936,-0.04955698922276497,0.6633684039115906,0.7451866865158081,-0.03934115171432495,-0.25858837366104126,-0.12795937061309814,0.2852253317832947,-0.12076922506093979,0.09846153855323792,0.10458727926015854,0.023882100358605385,0.23377172648906708,0.12261790782213211,-0.04769231006503105,-0.11534784734249115,0.2081141471862793,-0.022161798551678658,-0.11348284780979156,-0.3414008319377899,-0.06221267953515053,-0.1416933387517929,0.35159963369369507,0.0645754411816597,0
0.006590374745428562,-0.015318830497562885,0.23764693943786327,0.0465703047811985,-0.0505828931927681,0.6635410785675049,0.7449736595153809,-0.03005879744887352,-0.25527721643447876,-0.12846951186656952,0.28292739391326904,-0.12025640904903412,0.1028205081820488,0.10607880353927612,0.026239175349473953,0.23056456446647644,0.13227641582489014,-0.0525641068816185,-0.11231161653995514,0.20467714965343475,-0.022510044276714325,-0.1118927076458931,-0.33951520919799805,-0.061524126678705215,-0.13974358141422272,0.3530609607696533,0.06632797420024872,0
0.0068877036683261395,-0.014414223842322826,0.23762545196342175,0.04678955674171448,-0.05127261206507683,0.6641597747802734,0.7443612217903137,-0.024866875261068344,-0.2530556321144104,-0.12796251475811005,0.28609219193458557,-0.11974358558654785,0.10717948526144028,0.10597772151231766,0.028725640848279,0.22730688750743866,0.14290404319763184,-0.05743589997291565,-0.10927538573741913,0.2027399241924286,-0.020664032548666,-0.10938480496406555,-0.339691698551178,-0.05965423211455345,-0.14140577614307404,0.35203731060028076,0.06973264366388321,0
0.00722793024033308,-0.013510886579751968,0.23761725632476513,0.04618581756949425,-0.05172247067093849,0.6647723913192749,0.7438207268714905,-0.019325708970427513,-0.24943263828754425,-0.12835630774497986,0.2868044972419739,-0.11923076957464218,0.11153846234083176,0.10508717596530914,0.03202270716428757,0.22378672659397125,0.15238213539123535,-0.0623076967895031,-0.10623915493488312,0.19972246885299683,-0.020098820328712463,-0.10775404423475266,-0.33731260895729065,-0.06021098420023918,-0.14097188413143158,0.35198283195495605,0.0736498013138771,0
0.007569271605461836,-0.012580969370901585,0.23758423535155956,0.045816514641046524,-0.052132945507764816,0.6655505895614624,0.7431187033653259,-0.013398165814578533,-0.24673517048358917,-0.12976568937301636,0.28783905506134033,-0.11871794611215591,0.11589743196964264,0.1042797639966011,0.03517840430140495,0.22085726261138916,0.16239634156227112,-0.06717949360609055,-0.1032029241323471,0.19734352827072144,-0.020319728180766106,-0.10728142410516739,-0.3355272710323334,-0.060893356800079346,-0.1404276043176651,0.35098788142204285,0.07665584236383438,0
0.008030302822589874,-0.011951146647334099,0.23759496418761913,0.045463260263204575,-0.05235246568918228,0.6662861704826355,0.7424655556678772,-0.008143945597112179,-0.24294103682041168,-0.13044382631778717,0.2874561548233032,-0.11820512264966965,0.12025640904903412,0.10345255583524704,0.03852139413356781,0.21825702488422394,0.16924463212490082,-0.0720512866973877,-0.1001666933298111,0.19424420595169067,-0.01886558346450329,-0.10700388997793198,-0.3334724009037018,-0.05975654348731041,-0.14109516143798828,0.3507469594478607,0.07890269160270691,0
0.008509894832968712,-0.011217299848794937,0.23761627284812634,0.04471650719642639,-0.05246870964765549,0.6667954325675964,0.7420453429222107,-0.0032012893352657557,-0.2385229915380478,-0.13021105527877808,0.2865541875362396,-0.11769230663776398,0.1246153861284256,0.10217419266700745,0.042393170297145844,0.2160441130399704,0.17648367583751678,-0.07692307978868484,-0.09713046252727509,0.19075924158096313,-0.01766393519937992,-0.10690221935510635,-0.3311201333999634,-0.05905536562204361,-0.14054222404956818,0.3500997722148895,0.08153469115495682,0
0.008898131549358368,-0.01063784584403038,0.23763320056724255,0.04390936344861984,-0.05237320810556412,0.6677412986755371,0.7412493228912354,0.0008430987363681197,-0.235078826546669,-0.13183245062828064,0.2856781482696533,-0.11717948317527771,0.12897436320781708,0.10023751109838486,0.045782290399074554,0.2138093113899231,0.18222631514072418,-0.081794872879982,-0.09409423172473907,0.187263622879982,-0.01678166724741459,-0.10633959621191025,-0.32990872859954834,-0.0581727959215641,-0.14163219928741455,0.3488949239253998,0.0828767642378807,0
0.009376877918839455,-0.01020273007452488,0.2376524826698274,0.04325908422470093,-0.05222070589661598,0.668557345867157,0.7405624389648438,0.003859763266518712,-0.23151114583015442,-0.1326981633901596,0.2852170765399933,-0.11666666716337204,0.13333332538604736,0.09763531386852264,0.04948069900274277,0.2116491198539734,0.1882377713918686,-0.08666667342185974,-0.09105800092220306,0.1836085319519043,-0.015979256480932236,-0.10679277032613754,-0.328312486410141,-0.056709229946136475,-0.14223238825798035,0.3483787775039673,0.08374205976724625,0
0.009897264651954174,-0.009729829616844654,0.23766982762145702,0.04230038449168205,-0.051668938249349594,0.6693947315216064,0.7398998141288757,0.0067933592945337296,-0.228099524974823,-0.13521087169647217,0.28394871950149536,-0.11615384370088577,0.13769230246543884,0.09453535825014114,0.053401391953229904,0.21065951883792877,0.19360531866550446,-0.09153846651315689,-0.08802177011966705,0.1790301352739334,-0.015559911727905273,-0.1064838096499443,-0.326964408159256,-0.05458442121744156,-0.1409698873758316,0.3482857942581177,0.08383030444383621,0
0.010432514362037182,-0.009457198902964592,0.2376909574680299,0.04169769212603569,-0.05127416551113129,0.670356035232544,0.7390906810760498,0.009695669636130333,-0.22473198175430298,-0.13743090629577637,0.28256261348724365,-0.1156410202383995,0.14205127954483032,0.091731958091259,0.057139717042446136,0.20927652716636658,0.19792360067367554,-0.09641025960445404,-0.08498553931713104,0.1747957020998001,-0.015027602203190327,-0.10683602094650269,-0.32560646533966064,-0.05259023234248161,-0.14110934734344482,0.3484938442707062,0.08337467163801193,0
0.010864334180951118,-0.009149085730314255,0.23770392147826855,0.04095545411109924,-0.05088159069418907,0.6712100505828857,0.7383838891983032,0.011704525910317898,-0.22192446887493134,-0.1396283507347107,0.281962513923645,-0.11512820422649384,0.1464102566242218,0.08936427533626556,0.06042268127202988,0.2081354409456253,0.20132432878017426,-0.10128205269575119,-0.08194930851459503,0.17128604650497437,-0.014196248725056648,-0.10693579167127609,-0.3246375024318695,-0.050768692046403885,-0.14144878089427948,0.34808510541915894,0.08349743485450745,0
0.01143058855086565,-0.008938546292483807,0.237721713464734,0.04066914692521095,-0.05004395917057991,0.6722333431243896,0.7375255823135376,0.013531629927456379,-0.21971239149570465,-0.1421118676662445,0.2814635932445526,-0.11461538076400757,0.15076923370361328,0.08668424189090729,0.06313182413578033,0.2068391889333725,0.2041698843240738,-0.10615385323762894,-0.07891307771205902,0.16834522783756256,-0.01335942279547453,-0.1070278063416481,-0.32361024618148804,-0.048946697264909744,-0.141775444149971,0.3478216826915741,0.08316083252429962,0
0.011816614307463169,-0.008722592145204544,0.23774647919463818,0.04017871245741844,-0.04927235469222069,0.6729410290718079,0.7369588017463684,0.014786094427108765,-0.21788746118545532,-0.14408273994922638,0.2807115316390991,-0.1141025647521019,0.15512819588184357,0.08452381193637848,0.06523820012807846,0.20583485066890717,0.20588319003582,-0.11102564632892609,-0.07587684690952301,0.16567188501358032,-0.012510503642261028,-0.10763643682003021,-0.32215526700019836,-0.04864710941910744,-0.14151205122470856,0.34742578864097595,0.08339080214500427,0
0.012115448713302612,-0.008540606126189232,0.2377634069137544,0.03966917842626572,-0.04854800924658775,0.6736224889755249,0.7364116907119751,0.0154319629073143,-0.21664893627166748,-0.1462118774652481,0.28026479482650757,-0.11358974128961563,0.15948717296123505,0.08230020850896835,0.06707395613193512,0.2053205817937851,0.2074955254793167,-0.11589743942022324,-0.072840616106987,0.16274066269397736,-0.011617874726653099,-0.10750283300876617,-0.32130753993988037,-0.047966454178094864,-0.14129573106765747,0.34656310081481934,0.08325362950563431,0
0.012373331934213638,-0.008477721363306046,0.23778367249297802,0.03909783437848091,-0.04772058501839638,0.674228310585022,0.7359417676925659,0.015404476784169674,-0.21559113264083862,-0.14796367287635803,0.27934935688972473,-0.11307692527770996,0.16384615004062653,0.07959790527820587,0.0687340721487999,0.20490795373916626,0.20870870351791382,-0.12076923251152039,-0.06980438530445099,0.16050322353839874,-0.010709109716117382,-0.10808425396680832,-0.3204098045825958,-0.04747932404279709,-0.14148744940757751,0.3456192910671234,0.08337144553661346,0
0.012536550872027874,-0.00840519554913044,0.23780542818832104,0.03850134089589119,-0.04670685529708862,0.674927830696106,0.7353968620300293,0.015609466470777988,-0.21524754166603088,-0.14982813596725464,0.2773257791996002,-0.1125641018152237,0.168205127120018,0.0772494375705719,0.06957288086414337,0.20422019064426422,0.20874816179275513,-0.12564103305339813,-0.06676815450191498,0.15866568684577942,-0.010551807470619678,-0.10889652371406555,-0.3196222484111786,-0.04795754700899124,-0.14163914322853088,0.34421324729919434,0.08355757594108582,0
0.012703675776720047,-0.008309606462717056,0.2378328761272401,0.037780601531267166,-0.04562533646821976,0.6755445599555969,0.7349357008934021,0.015392438508570194,-0.21482150256633759,-0.15130117535591125,0.2753474712371826,-0.11205127835273743,0.17256410419940948,0.0743441954255104,0.07072930783033371,0.2041199505329132,0.2093707025051117,-0.13051281869411469,-0.06373192369937897,0.1569042205810547,-0.009657362475991249,-0.10923779010772705,-0.3188595473766327,-0.047640103846788406,-0.14182709157466888,0.3428152799606323,0.08390054106712341,0
0.01286257617175579,-0.008256043307483196,0.23786732761192028,0.03700580075383186,-0.044297441840171814,0.6761894822120667,0.734463095664978,0.01457927841693163,-0.21458958089351654,-0.1523594856262207,0.2731502056121826,-0.11153846234083176,0.17692308127880096,0.07119239866733551,0.07162420451641083,0.20443417131900787,0.20923633873462677,-0.13538461923599243,-0.06069568917155266,0.15462563931941986,-0.008632635697722435,-0.10916029661893845,-0.31871968507766724,-0.0463094599545002,-0.14224368333816528,0.34125328063964844,0.0836130827665329,0
0.01294727623462677,-0.008241101168096066,0.2378919741325349,0.036139823496341705,-0.04300498589873314,0.67661052942276,0.7341952919960022,0.012441001832485199,-0.21460707485675812,-0.15235170722007751,0.2719433009624481,-0.11102563887834549,0.18128204345703125,0.06805859506130219,0.07210347056388855,0.20440034568309784,0.20886658132076263,-0.14025641977787018,-0.05765945836901665,0.15343225002288818,-0.007634399924427271,-0.10996689647436142,-0.3182067275047302,-0.04625397548079491,-0.14269691705703735,0.3395337164402008,0.08381065726280212,0
0.013024091720581055,-0.008228359743952751,0.23791024295615856,0.0354340486228466,-0.04164128378033638,0.6772112846374512,0.7337542176246643,0.010785600170493126,-0.21508802473545074,-0.1526518613100052,0.27053314447402954,-0.11051282286643982,0.18564102053642273,0.06473488360643387,0.0725913941860199,0.20474551618099213,0.20890012383460999,-0.14512820541858673,-0.05462322756648064,0.1519954651594162,-0.007310956250876188,-0.11037132143974304,-0.3175935745239258,-0.04584578797221184,-0.14252038300037384,0.33802348375320435,0.08397525548934937,0
0.013180876150727272,-0.008321852423250675,0.23793259469794933,0.03497864305973053,-0.0401092991232872,0.6778210997581482,0.7332982420921326,0.008639284409582615,-0.21579402685165405,-0.1534886658191681,0.26964515447616577,-0.10999999940395355,0.1899999976158142,0.06152501702308655,0.07288294285535812,0.20549802482128143,0.2080231010913849,-0.15000000596046448,-0.051586996763944626,0.15141074359416962,-0.006076512858271599,-0.1109459400177002,-0.31683236360549927,-0.04607332870364189,-0.14377784729003906,0.33635053038597107,0.0837710052728653,0
0.013391120359301567,-0.008342293091118336,0.2379476746730775,0.034221090376377106,-0.03839907795190811,0.6782631874084473,0.7330167293548584,0.00611230218783021,-0.21608050167560577,-0.1536165177822113,0.2685932517051697,-0.10907407104969025,0.19277778267860413,0.05788009613752365,0.07349751144647598,0.20602132380008698,0.20744934678077698,-0.15425926446914673,-0.048550765961408615,0.15037545561790466,-0.005272865295410156,-0.11189855635166168,-0.31567299365997314,-0.04626510292291641,-0.14400231838226318,0.33521318435668945,0.0836462453007698,0
0.013555719517171383,-0.00839316938072443,0.23795855252074902,0.03339998796582222,-0.036949850618839264,0.6786932349205017,0.7327309846878052,0.003647790290415287,-0.21607132256031036,-0.1535007655620575,0.26750367879867554,-0.10814815014600754,0.19555555284023285,0.053813591599464417,0.07428521662950516,0.2060798555612564,0.20800557732582092,-0.15851852297782898,-0.045514535158872604,0.1494341790676117,-0.004667217843234539,-0.11285858601331711,-0.3147609531879425,-0.04647872969508171,-0.1441194862127304,0.3339169919490814,0.08378776162862778,0
0.013652252964675426,-0.008512151427567005,0.2379658838920564,0.032823506742715836,-0.035585567355155945,0.6792957782745361,0.7322660088539124,0.0010246274759992957,-0.21679075062274933,-0.15458650887012482,0.26723232865333557,-0.10722222179174423,0.19833333790302277,0.04949707165360451,0.07485639303922653,0.20682886242866516,0.20915836095809937,-0.16277778148651123,-0.042478304356336594,0.14847169816493988,-0.004072077106684446,-0.11387325823307037,-0.3143417537212372,-0.04636246711015701,-0.14552856981754303,0.3323640525341034,0.08338332921266556,0
0.013708547689020634,-0.00868434552103281,0.2379738709144563,0.03192843124270439,-0.03446396440267563,0.6800752878189087,0.7316354513168335,-0.0027182172052562237,-0.21690236032009125,-0.1560148447751999,0.2685272693634033,-0.10629629343748093,0.2011111080646515,0.04474034905433655,0.07587930560112,0.20693886280059814,0.21037156879901886,-0.16703703999519348,-0.03944207355380058,0.14838126301765442,-0.004421887453645468,-0.11504320055246353,-0.3128662109375,-0.04820059984922409,-0.14705532789230347,0.33108624815940857,0.08324594050645828,0
0.013785076327621937,-0.008844275027513504,0.2379692813568086,0.03105001710355282,-0.03310193866491318,0.6805848479270935,0.73126220703125,-0.005547511391341686,-0.2170523852109909,-0.15637332201004028,0.2673584818840027,-0.10537037253379822,0.2038888931274414,0.039582714438438416,0.07643456012010574,0.20619656145572662,0.21216101944446564,-0.17129629850387573,-0.03640584275126457,0.14747560024261475,-0.0035644934978336096,-0.11598794162273407,-0.3120190501213074,-0.04809795320034027,-0.14854316413402557,0.3299660384654999,0.0832161009311676,0
0.013712652958929539,-0.008844715543091297,0.2379457375221223,0.02990521863102913,-0.03228151425719261,0.6809685826301575,0.7309893369674683,-0.008755489252507687,-0.21715137362480164,-0.1559167057275772,0.2678110897541046,-0.10444444417953491,0.20666666328907013,0.03409243002533913,0.07763555645942688,0.2060829997062683,0.21675294637680054,-0.17555555701255798,-0.03336961194872856,0.1481093317270279,-0.003244243562221527,-0.1172502338886261,-0.31087324023246765,-0.050422776490449905,-0.14974266290664673,0.32784703373908997,0.08440741151571274,0
0.013515175320208073,-0.008851765654981136,0.23792159764098827,0.028899554163217545,-0.031340599060058594,0.6812387704849243,0.7308189272880554,-0.01267120148986578,-0.21802891790866852,-0.15398794412612915,0.26865971088409424,-0.1035185158252716,0.20944444835186005,0.028262589126825333,0.0778069868683815,0.20504255592823029,0.2221193015575409,-0.17981481552124023,-0.03033338114619255,0.1488090455532074,-0.002212441759184003,-0.11818652600049973,-0.31186115741729736,-0.05016452819108963,-0.15102975070476532,0.3252721428871155,0.08443893492221832,0
0.01327529177069664,-0.008901241235435009,0.2378767451457948,0.027792761102318764,-0.03083336167037487,0.6816816329956055,0.7304704189300537,-0.015464155934751034,-0.21858955919742584,-0.15340429544448853,0.2686253786087036,-0.1025925949215889,0.21222221851348877,0.022669056430459023,0.07863158732652664,0.20476031303405762,0.2277383655309677,-0.18407407402992249,-0.02729715034365654,0.15015511214733124,-0.001888531493023038,-0.11979042738676071,-0.3123294413089752,-0.05062967911362648,-0.1528715342283249,0.3232260048389435,0.08406998962163925,0
0.012827088125050068,-0.0088895158842206,0.23782065717506115,0.026395302265882492,-0.030719399452209473,0.6816784739494324,0.7305300235748291,-0.020790157839655876,-0.21944116055965424,-0.15005049109458923,0.2716265618801117,-0.10166666656732559,0.2150000035762787,0.018411623314023018,0.07885219156742096,0.20419424772262573,0.23231790959835052,-0.18833333253860474,-0.02426091954112053,0.15236584842205048,-0.0007599839591421187,-0.122455894947052,-0.3132632076740265,-0.051649436354637146,-0.15530653297901154,0.31934961676597595,0.08568044006824493,0
0.012607517652213573,-0.008899801410734653,0.23775300590324108,0.025922628119587898,-0.030421972274780273,0.6818336248397827,0.7304145693778992,-0.024093905463814735,-0.22045962512493134,-0.1470233052968979,0.2742113769054413,-0.10074073821306229,0.2177777737379074,0.013609625399112701,0.07889726758003235,0.20277048647403717,0.23926988244056702,-0.192592591047287,-0.02122468873858452,0.15436239540576935,0.0004736501141451299,-0.1254841834306717,-0.3128262758255005,-0.05237444490194321,-0.15697446465492249,0.3170447051525116,0.08616352081298828,0
0.012222410179674625,-0.008908177725970745,0.23767775503921215,0.024996045976877213,-0.030157670378684998,0.6827089786529541,0.7296397089958191,-0.028548678383231163,-0.22208528220653534,-0.14579197764396667,0.2784055769443512,-0.09981481730937958,0.22055555880069733,0.008113662712275982,0.07936227321624756,0.2028251737356186,0.24575194716453552,-0.19685184955596924,-0.018188457936048508,0.1571907103061676,0.0018926780903711915,-0.12702439725399017,-0.313308447599411,-0.053852565586566925,-0.16196270287036896,0.3126160800457001,0.08736979216337204,0
0.01172546949237585,-0.009075092151761055,0.23755711523818676,0.023958800360560417,-0.030680494382977486,0.6831894516944885,0.7292028665542603,-0.03252844139933586,-0.22337821125984192,-0.14459314942359924,0.28176841139793396,-0.09888888895511627,0.22333332896232605,0.00386258983053267,0.08006230741739273,0.20099802315235138,0.2514362931251526,-0.2011111080646515,-0.015152226202189922,0.15849235653877258,0.0027561658062040806,-0.1300877034664154,-0.31356674432754517,-0.053204212337732315,-0.16474294662475586,0.310312956571579,0.08781015872955322,0
0.011249429546296597,-0.009144747629761696,0.23744058815765087,0.022792397066950798,-0.03103470616042614,0.6838316321372986,0.72862309217453,-0.035625237971544266,-0.22420920431613922,-0.14154882729053497,0.2835555374622345,-0.09796296060085297,0.22611111402511597,0.0004724252503365278,0.08016283810138702,0.19862017035484314,0.25562259554862976,-0.20537036657333374,-0.012115995399653912,0.15932607650756836,0.0028367608319967985,-0.13199909031391144,-0.3130533993244171,-0.054165590554475784,-0.16477413475513458,0.3075055778026581,0.08902007341384888,0
0.010815993882715702,-0.008902695029973984,0.23732197491454785,0.021150480955839157,-0.031305670738220215,0.6847074031829834,0.7278381586074829,-0.038165461272001266,-0.224373459815979,-0.1399783045053482,0.2863551676273346,-0.09703703969717026,0.2288888841867447,-0.003821044461801648,0.08150171488523483,0.19577227532863617,0.2622825801372528,-0.20962963998317719,-0.0090797645971179,0.16069558262825012,0.002872613025829196,-0.13520357012748718,-0.31131571531295776,-0.054022595286369324,-0.16482962667942047,0.30757465958595276,0.088326595723629,0
0.010108907707035542,-0.008915160782635212,0.23715993968772595,0.019714342430233955,-0.03278660029172897,0.685496985912323,0.727069616317749,-0.04026540741324425,-0.22479702532291412,-0.13927000761032104,0.2894958257675171,-0.09611111134290695,0.2316666692495346,-0.006877766456454992,0.0827367752790451,0.1934734731912613,0.26893994212150574,-0.21388889849185944,-0.00604353379458189,0.16310134530067444,0.004044691100716591,-0.1385400891304016,-0.31123048067092896,-0.05398397147655487,-0.16679933667182922,0.30600228905677795,0.08864516019821167,0
0.009428110904991627,-0.008830903097987175,0.23698243705558483,0.018198659643530846,-0.0342445969581604,0.6860356330871582,0.7265337109565735,-0.04193543270230293,-0.22488640248775482,-0.1366007924079895,0.29152414202690125,-0.09518518298864365,0.23444443941116333,-0.009641489945352077,0.08368784189224243,0.18949556350708008,0.2758227288722992,-0.2181481570005417,-0.0030073029920458794,0.16527362167835236,0.005184486508369446,-0.14306391775608063,-0.31071218848228455,-0.05333277955651283,-0.16710220277309418,0.30605027079582214,0.08885267376899719,0
0.008375925943255424,-0.008738208562135696,0.23679980842399304,0.016665974631905556,-0.03572642803192139,0.6864878535270691,0.726071834564209,-0.04548255726695061,-0.2266385704278946,-0.1345624178647995,0.2960693836212158,-0.09425926208496094,0.23722222447395325,-0.013827680610120296,0.08378202468156815,0.18671062588691711,0.2853936553001404,-0.22240741550922394,0.000028928005121997558,0.16859857738018036,0.008178872056305408,-0.1469832807779312,-0.31196168065071106,-0.05414266139268875,-0.17022506892681122,0.304623544216156,0.08988048136234283,0
0.007373015396296978,-0.008838560432195663,0.23665762154388134,0.01565384864807129,-0.03728725016117096,0.6870771050453186,0.7254582643508911,-0.0469677560031414,-0.22787663340568542,-0.13171876966953278,0.29734688997268677,-0.09333333373069763,0.23999999463558197,-0.016831086948513985,0.08305315673351288,0.18300089240074158,0.2925103008747101,-0.2266666740179062,0.0030651588458567858,0.1699094921350479,0.009649192914366722,-0.15139397978782654,-0.3122941255569458,-0.055332254618406296,-0.17293576896190643,0.3050592243671417,0.09113960713148117,0
0.006281538866460323,-0.008843769319355488,0.23650309650230114,0.014124274253845215,-0.038896672427654266,0.6870614290237427,0.7254199981689453,-0.049163274466991425,-0.22882325947284698,-0.12858028709888458,0.29795214533805847,-0.09240740537643433,0.2427777796983719,-0.020720187574625015,0.08294425904750824,0.17970010638237,0.30143120884895325,-0.23092593252658844,0.00610138988122344,0.17282883822917938,0.012602916918694973,-0.15404421091079712,-0.31397801637649536,-0.05700802430510521,-0.17444612085819244,0.3070528209209442,0.0911581888794899,0
0.005395567510277033,-0.009015130810439587,0.23637101260947888,0.013568205758929253,-0.0402311347424984,0.6877120137214661,0.7247410416603088,-0.05001084506511688,-0.2304396629333496,-0.12766078114509583,0.29900968074798584,-0.09148147702217102,0.2455555498600006,-0.025493642315268517,0.08266226202249527,0.17764730751514435,0.3113192319869995,-0.2351851910352707,0.009137620218098164,0.1763359010219574,0.013647838495671749,-0.15723657608032227,-0.31430792808532715,-0.060175906866788864,-0.17706997692584991,0.31034260988235474,0.09092604368925095,0
0.004012980032712221,-0.008939919993281364,0.23621070591735546,0.011944286525249481,-0.042000193148851395,0.688548743724823,0.7238742709159851,-0.05117768421769142,-0.23236320912837982,-0.1272665560245514,0.299936980009079,-0.09055555611848831,0.24833333492279053,-0.031541306525468826,0.08277568966150284,0.17642749845981598,0.3238399028778076,-0.23944444954395294,0.012173851951956749,0.17963473498821259,0.01352076604962349,-0.15737445652484894,-0.3172316551208496,-0.06237347424030304,-0.17631572484970093,0.3125436007976532,0.09007322788238525,0
0.003077082335948944,-0.008822370320558548,0.23604244200515453,0.011329356580972672,-0.04334487020969391,0.6890019774436951,0.7233734130859375,-0.051646746695041656,-0.23438675701618195,-0.12643083930015564,0.30207058787345886,-0.089629627764225,0.25111111998558044,-0.03821272403001785,0.0839485377073288,0.1772473156452179,0.3396012485027313,-0.2437037080526352,0.01521008275449276,0.18514859676361084,0.013515024445950985,-0.16159184277057648,-0.31740373373031616,-0.06532253324985504,-0.17497552931308746,0.3174040913581848,0.08924611657857895,0
0.002215113490819931,-0.008818876929581165,0.2358313223533601,0.010896204970777035,-0.04427971690893173,0.6894130110740662,0.7229317426681519,-0.054437946528196335,-0.23749256134033203,-0.125559464097023,0.3065177798271179,-0.0887036994099617,0.253888875246048,-0.045012399554252625,0.0840681865811348,0.1769571602344513,0.3541337549686432,-0.24796296656131744,0.01824631355702877,0.18793849647045135,0.013941296376287937,-0.1634950339794159,-0.3203226625919342,-0.06588815152645111,-0.17323248088359833,0.3219183683395386,0.08625202625989914,0
0.0015273629687726498,-0.009057244285941124,0.23566091267394726,0.011149760335683823,-0.044751208275556564,0.6899016499519348,0.7224324941635132,-0.0584246888756752,-0.2407550811767578,-0.12294425815343857,0.31167346239089966,-0.08777777850627899,0.2566666603088379,-0.05241675674915314,0.0834902971982956,0.17691853642463684,0.3678837716579437,-0.2522222101688385,0.02128254435956478,0.1914564073085785,0.014352027326822281,-0.1675729900598526,-0.3229517638683319,-0.06611135601997375,-0.17399708926677704,0.32614272832870483,0.08337526768445969,0
0.0006931424140930176,-0.00917800422757864,0.23548659889030163,0.010599722154438496,-0.04518702253699303,0.6903138756752014,0.7220197319984436,-0.06256527453660965,-0.24347250163555145,-0.11948361992835999,0.3152046501636505,-0.08685185015201569,0.2594444453716278,-0.05907273292541504,0.08307011425495148,0.1781304031610489,0.37928512692451477,-0.25648146867752075,0.024318775162100792,0.19486787915229797,0.013627472333610058,-0.1713658720254898,-0.3251406252384186,-0.06820235401391983,-0.17339718341827393,0.3288736045360565,0.08187593519687653,0
0.000052020859584445134,-0.009517183527350426,0.23534682599830334,0.010837234556674957,-0.04554113745689392,0.6905332803726196,0.7217841744422913,-0.0668882429599762,-0.24605827033519745,-0.11593139171600342,0.3192288279533386,-0.08592592179775238,0.2622222304344177,-0.06572241336107254,0.08215031027793884,0.17851006984710693,0.3904845714569092,-0.260740727186203,0.027355005964636803,0.19885437190532684,0.014253879897296429,-0.17482350766658783,-0.3271734416484833,-0.06947719305753708,-0.1737316995859146,0.3324213922023773,0.08011195063591003,0
-0.000787184399086982,-0.009529282338917255,0.23516425697135632,0.009825736284255981,-0.04543058201670647,0.6909830570220947,0.721375048160553,-0.07313434034585953,-0.2488946169614792,-0.1116466373205185,0.32403498888015747,-0.08500000089406967,0.26499998569488525,-0.07178972661495209,0.08061140030622482,0.17824462056159973,0.3988911211490631,-0.26499998569488525,0.030391236767172813,0.2014920562505722,0.014826036058366299,-0.17547129094600677,-0.33143162727355957,-0.07130857557058334,-0.1734624058008194,0.33432063460350037,0.07909563183784485,0
-0.0014890017919242382,-0.009463646449148655,0.2349455973319978,0.009109802544116974,-0.04545245319604874,0.690952718257904,0.7214121222496033,-0.07870370894670486,-0.2521655559539795,-0.10922393947839737,0.3294752538204193,-0.08407407253980637,0.26777777075767517,-0.07728659361600876,0.08056323975324631,0.18123526871204376,0.4090956449508667,-0.2692592740058899,0.03342746943235397,0.20381566882133484,0.016834456473588943,-0.17719171941280365,-0.33528125286102295,-0.07296520471572876,-0.17279152572155,0.3371092975139618,0.07925867289304733,0
-0.002440874231979251,-0.009600138291716576,0.2347387692146272,0.008603808470070362,-0.04599292576313019,0.6913607716560364,0.7209930419921875,-0.08317721635103226,-0.25537946820259094,-0.10701602697372437,0.3335970342159271,-0.08314814418554306,0.2705555558204651,-0.08224762976169586,0.07876519858837128,0.18134145438671112,0.41808709502220154,-0.27351853251457214,0.036463700234889984,0.20811240375041962,0.01794056035578251,-0.17864906787872314,-0.33815479278564453,-0.07788840681314468,-0.17466408014297485,0.3398195803165436,0.07944928109645844,0
-0.0031049649696797132,-0.009929717518389225,0.23449865190314953,0.008980228565633297,-0.04596948251128197,0.6913517713546753,0.7209985256195068,-0.08767424523830414,-0.25984352827072144,-0.10521719604730606,0.33718955516815186,-0.08222222328186035,0.273333340883255,-0.08715061843395233,0.07696464657783508,0.18417249619960785,0.42716526985168457,-0.2777777910232544,0.039499931037425995,0.2114652693271637,0.019291257485747337,-0.18212436139583588,-0.34167951345443726,-0.08067498356103897,-0.17489002645015717,0.344605952501297,0.07782834768295288,0
-0.003968601580709219,-0.009939771145582199,0.23421114889907543,0.00802244246006012,-0.046165257692337036,0.6908273100852966,0.7214998602867126,-0.09260470420122147,-0.26304081082344055,-0.10345660150051117,0.3406789302825928,-0.08129629492759705,0.2761111259460449,-0.0926782637834549,0.07669158279895782,0.1877530962228775,0.4380775988101959,-0.28203704953193665,0.042536161839962006,0.21394968032836914,0.022019056603312492,-0.1839992254972458,-0.3446321189403534,-0.08341781795024872,-0.17482447624206543,0.35240665078163147,0.07737467437982559,0
-0.004568235017359257,-0.009997095912694931,0.2339610180072755,0.008134374395012856,-0.04562729597091675,0.6915158629417419,0.7208729386329651,-0.09532033652067184,-0.2674431800842285,-0.10235675424337387,0.3428909480571747,-0.08037036657333374,0.27888888120651245,-0.09816183894872665,0.07377687841653824,0.1861908882856369,0.447547972202301,-0.2862963080406189,0.045572392642498016,0.21769440174102783,0.021464966237545013,-0.18582245707511902,-0.34901168942451477,-0.08448431640863419,-0.1770392805337906,0.35841578245162964,0.07667538523674011,0
-0.005453359801322222,-0.010099736042320728,0.23366776315498058,0.008182771503925323,-0.04576177895069122,0.6919755339622498,0.720422625541687,-0.09940505772829056,-0.27177393436431885,-0.10004327446222305,0.3474773168563843,-0.07944444566965103,0.28166666626930237,-0.10434374958276749,0.07159275561571121,0.1874922662973404,0.45967206358909607,-0.29055556654930115,0.04860862344503403,0.22176988422870636,0.02198943868279457,-0.18689890205860138,-0.3524411916732788,-0.08736620843410492,-0.17927880585193634,0.36467626690864563,0.07626055181026459,0
-0.006064498331397772,-0.010331343859434128,0.2333857735805482,0.008239943534135818,-0.044973891228437424,0.6923092007637024,0.7201510071754456,-0.10400141775608063,-0.27615246176719666,-0.09748416393995285,0.3497936427593231,-0.07851851731538773,0.2844444513320923,-0.11122499406337738,0.06911645829677582,0.18815916776657104,0.4699785113334656,-0.2948148250579834,0.05164485424757004,0.22430887818336487,0.02308240346610546,-0.18843510746955872,-0.3549143075942993,-0.08907634764909744,-0.18201522529125214,0.36991560459136963,0.07688063383102417,0
-0.0069350795820355415,-0.010618016123771667,0.2330852171592683,0.007510962430387735,-0.04459754005074501,0.6930084824562073,0.719509482383728,-0.10922419279813766,-0.2799839973449707,-0.09645332396030426,0.35178133845329285,-0.07759258896112442,0.2872222363948822,-0.12122287601232529,0.06786922365427017,0.18903414905071259,0.48373740911483765,-0.29907408356666565,0.05468108505010605,0.2287488728761673,0.023103412240743637,-0.1904924511909485,-0.35646653175354004,-0.09232904016971588,-0.18574808537960052,0.37516701221466064,0.0764433741569519,0
-0.007398939225822687,-0.01116357184946537,0.23280275074767773,0.007982638664543629,-0.04329848289489746,0.6942265033721924,0.7184087038040161,-0.11504428088665009,-0.28522998094558716,-0.09567882865667343,0.3542640805244446,-0.07666666805744171,0.28999999165534973,-0.13092951476573944,0.0646299198269844,0.18741892278194427,0.4947984218597412,-0.3033333420753479,0.05771731585264206,0.23095795512199402,0.022865166887640953,-0.19257070124149323,-0.35894161462783813,-0.09260159730911255,-0.19029666483402252,0.37915900349617004,0.07593576610088348,0
-0.00804718118160963,-0.011540468782186508,0.23251065818595593,0.00809103436768055,-0.04211917519569397,0.6950806975364685,0.7176512479782104,-0.12054308503866196,-0.29039594531059265,-0.09431880712509155,0.3555857539176941,-0.0757407397031784,0.29277777671813965,-0.1408168077468872,0.061624664813280106,0.18724198639392853,0.5069332718849182,-0.30759260058403015,0.06075354665517807,0.2341436743736267,0.023102328181266785,-0.19443678855895996,-0.36094117164611816,-0.09435868263244629,-0.19384890794754028,0.3830973505973816,0.07524661719799042,0
-0.008839442394673824,-0.01197198685258627,0.2321425995044679,0.008382288739085197,-0.04163992777466774,0.6956890821456909,0.717086136341095,-0.12605020403862,-0.29575270414352417,-0.09179320931434631,0.35778096318244934,-0.0748148113489151,0.29555556178092957,-0.14856669306755066,0.05891944840550423,0.18933764100074768,0.5179780721664429,-0.3118518590927124,0.06378977745771408,0.23617883026599884,0.022942664101719856,-0.19601953029632568,-0.3611009120941162,-0.0984000414609909,-0.19505374133586884,0.3882315456867218,0.07497378438711166,0
-0.009640027768909931,-0.012258527800440788,0.23179248182105724,0.008516751229763031,-0.04120761901140213,0.6966357231140137,0.7161899209022522,-0.13041210174560547,-0.3007839620113373,-0.09039130806922913,0.35954663157463074,-0.07388889044523239,0.2983333468437195,-0.1584164798259735,0.05695163086056709,0.19011390209197998,0.5329010486602783,-0.31611111760139465,0.06682600826025009,0.23878023028373718,0.023444149643182755,-0.19723524153232574,-0.3623173236846924,-0.1009477823972702,-0.1990245282649994,0.3917527198791504,0.07545779645442963,0
-0.010653163306415081,-0.012314628809690475,0.2314220389537782,0.00803965050727129,-0.03995787352323532,0.6980617642402649,0.7148765325546265,-0.13300015032291412,-0.3071769177913666,-0.09023600816726685,0.35722994804382324,-0.07296296209096909,0.301111102104187,-0.17063938081264496,0.05440937727689743,0.19070985913276672,0.5495938658714294,-0.3203703761100769,0.0698622390627861,0.23977679014205933,0.021984264254570007,-0.19726206362247467,-0.3641349971294403,-0.10369062423706055,-0.2010658234357834,0.39451703429222107,0.07587853819131851,0
-0.011471232399344444,-0.012379718013107777,0.2310626229457826,0.008373995311558247,-0.03836477920413017,0.6997346878051758,0.7133227586746216,-0.13420821726322174,-0.31430381536483765,-0.09233405441045761,0.3552647531032562,-0.07203703373670578,0.30388888716697693,-0.18465496599674225,0.05158716067671776,0.19087833166122437,0.5699267983436584,-0.32462963461875916,0.07289846986532211,0.24362173676490784,0.022179195657372475,-0.19780005514621735,-0.3646247684955597,-0.10800342261791229,-0.2056969553232193,0.3961488604545593,0.07834335416555405,0
-0.01250019483268261,-0.012731906957924366,0.23064047304916088,0.008881472051143646,-0.03704473003745079,0.7011963725090027,0.7119497060775757,-0.13498835265636444,-0.32252684235572815,-0.09458135068416595,0.3509492874145508,-0.07111111283302307,0.30666667222976685,-0.1987408697605133,0.04833202809095383,0.1924472153186798,0.5896389484405518,-0.3288888931274414,0.07593470066785812,0.24480651319026947,0.02213151566684246,-0.19913437962532043,-0.3659687638282776,-0.11232998967170715,-0.2102573662996292,0.3983819782733917,0.07983538508415222,0
-0.013409918174147606,-0.012876778841018677,0.23026851026344006,0.00873798131942749,-0.0356222502887249,0.7024996280670166,0.7107383012771606,-0.1342511773109436,-0.3287387788295746,-0.09673572331666946,0.34476688504219055,-0.07018518447875977,0.30944445729255676,-0.21267621219158173,0.046520818024873734,0.19440902769565582,0.6091058850288391,-0.33314815163612366,0.07897093147039413,0.24683433771133423,0.024111103266477585,-0.19902658462524414,-0.3658906817436218,-0.11790747195482254,-0.21448104083538055,0.4012690484523773,0.08264660835266113,0
-0.014118100516498089,-0.013370624743402004,0.22987973896789257,0.00943305529654026,-0.034373193979263306,0.7032312750816345,0.710067093372345,-0.13242508471012115,-0.33490848541259766,-0.0985226258635521,0.3364345133304596,-0.06925925612449646,0.3122222125530243,-0.22572138905525208,0.044983744621276855,0.19769175350666046,0.62770015001297,-0.3374074101448059,0.08200716227293015,0.24717681109905243,0.025717804208397865,-0.2018601894378662,-0.3655066192150116,-0.1213056892156601,-0.2175302952528,0.4059937596321106,0.08366802334785461,0
-0.015196200460195541,-0.01351974718272686,0.22944583205508892,0.008289945311844349,-0.03220178186893463,0.7051075100898743,0.7083203792572021,-0.12894564867019653,-0.3425515592098236,-0.10788948833942413,0.32508203387260437,-0.06833333522081375,0.3149999976158142,-0.24377693235874176,0.044811271131038666,0.2010868340730667,0.6497387290000916,-0.34166666865348816,0.08504339307546616,0.24589717388153076,0.024639999493956566,-0.20198066532611847,-0.3638550043106079,-0.1261681169271469,-0.22303634881973267,0.4124397933483124,0.08577793091535568,0
-0.015544957481324673,-0.01395086757838726,0.22906220166015331,0.008465995080769062,-0.030918065458536148,0.7064126133918762,0.707073986530304,-0.12597839534282684,-0.34675362706184387,-0.11192233115434647,0.3167738914489746,-0.06740740686655045,0.3177777826786041,-0.2581437826156616,0.0445844866335392,0.20153066515922546,0.668759822845459,-0.3459259271621704,0.08807962387800217,0.24709123373031616,0.02627386339008808,-0.2038482278585434,-0.36271795630455017,-0.12912558019161224,-0.22746366262435913,0.41876986622810364,0.08892856538295746,0
-0.016231564804911613,-0.014011664316058159,0.22864379195499127,0.007787112146615982,-0.02929450385272503,0.7081965804100037,0.7053643465042114,-0.12111111730337143,-0.35222327709198,-0.1187371239066124,0.30633071064949036,-0.06648147851228714,0.32055556774139404,-0.27218806743621826,0.04345012083649635,0.20210012793540955,0.68708735704422,-0.35018518567085266,0.09111585468053818,0.24775482714176178,0.02546270750463009,-0.20351549983024597,-0.3619752526283264,-0.13308505713939667,-0.2309482991695404,0.4234217703342438,0.09280115365982056,0
-0.016761451959609985,-0.014116703532636166,0.22824099866676037,0.007850212045013905,-0.02793451026082039,0.7103002667427063,0.7033004760742188,-0.11582393199205399,-0.35769081115722656,-0.12624286115169525,0.2981489896774292,-0.06555555760860443,0.3233333230018616,-0.28507742285728455,0.0415937602519989,0.20094922184944153,0.7048553228378296,-0.3544444441795349,0.08860141038894653,0.24818114936351776,0.02433164231479168,-0.2043410837650299,-0.3609234690666199,-0.13576281070709229,-0.2372700572013855,0.42522212862968445,0.09956555813550949,0
-0.01702522300183773,-0.014132342301309109,0.22788551656531994,0.00770311476662755,-0.027047300711274147,0.7122638821601868,0.7013481855392456,-0.11048770695924759,-0.3602663576602936,-0.13149681687355042,0.29162880778312683,-0.06462962925434113,0.3261111080646515,-0.29656073451042175,0.041590671986341476,0.1994393914937973,0.7214543223381042,-0.35870370268821716,0.0868350937962532,0.24915805459022522,0.023463211953639984,-0.20432814955711365,-0.3584039509296417,-0.13871750235557556,-0.24124446511268616,0.4272051751613617,0.10661979019641876,0
-0.01718408614397049,-0.013950023800134659,0.22749410776424114,0.007823475636541843,-0.026424599811434746,0.7141620516777039,0.69943767786026,-0.10522540658712387,-0.36263564229011536,-0.13637803494930267,0.28835147619247437,-0.06370370090007782,0.3288888931274414,-0.3086477518081665,0.04333077371120453,0.19810673594474792,0.7413273453712463,-0.3629629611968994,0.08197056502103806,0.2506027817726135,0.02344798855483532,-0.2044103592634201,-0.35530200600624084,-0.14199824631214142,-0.24766209721565247,0.4256288707256317,0.11618672311306,0
-0.01769915223121643,-0.0137798385694623,0.22708666531371777,0.007463112473487854,-0.0264400877058506,0.7158539295196533,0.6977093815803528,-0.10135367512702942,-0.3649952709674835,-0.14039871096611023,0.28625544905662537,-0.06277777999639511,0.3316666781902313,-0.3187084197998047,0.044585395604372025,0.19763945043087006,0.7584596276283264,-0.36722221970558167,0.07776886969804764,0.251764178276062,0.023087598383426666,-0.2052285224199295,-0.352207750082016,-0.1462283730506897,-0.25601980090141296,0.4199123680591583,0.1272798329591751,0
-0.018212871626019478,-0.013717721216380596,0.22669460086154644,0.007378799375146627,-0.026351848617196083,0.7180798053741455,0.6954225301742554,-0.09507416933774948,-0.36782345175743103,-0.14658011496067047,0.28142502903938293,-0.061851851642131805,0.33444443345069885,-0.3280130922794342,0.04302461817860603,0.19405914843082428,0.7735300660133362,-0.3714814782142639,0.07709791511297226,0.2524108588695526,0.021391188725829124,-0.20548464357852936,-0.34966152906417847,-0.14945146441459656,-0.26418420672416687,0.41221731901168823,0.138137549161911,0
-0.01851589046418667,-0.013917399570345879,0.22630240229892437,0.0076727611012756824,-0.025745749473571777,0.7201012372970581,0.6933487057685852,-0.08852958679199219,-0.3706483244895935,-0.15334533154964447,0.27447083592414856,-0.0609259232878685,0.33722221851348877,-0.34013333916664124,0.041910793632268906,0.19098661839962006,0.7907772660255432,-0.37574073672294617,0.07603564113378525,0.254917174577713,0.02041461504995823,-0.20909661054611206,-0.34668391942977905,-0.15302163362503052,-0.2723032832145691,0.4035705626010895,0.1479564905166626,0
-0.01874055154621601,-0.014026740565896034,0.2259387990646333,0.008136712945997715,-0.025246914476156235,0.7225252389907837,0.6908354759216309,-0.08112941682338715,-0.37304964661598206,-0.16057294607162476,0.2690465748310089,-0.05999999865889549,0.3400000035762787,-0.3513016402721405,0.03995347395539284,0.18619051575660706,0.8068382740020752,-0.3799999952316284,0.07683317363262177,0.2584100663661957,0.018108271062374115,-0.2136663943529129,-0.34332039952278137,-0.15736019611358643,-0.2801973521709442,0.3944522440433502,0.15903763473033905,0
-0.019075270742177963,-0.014200728386640549,0.22554113177585308,0.00822460651397705,-0.02529553696513176,0.7245722413063049,0.688685417175293,-0.0739910900592804,-0.37383362650871277,-0.1648768186569214,0.26233112812042236,-0.057999998331069946,0.34380000829696655,-0.3643849194049835,0.039190202951431274,0.18148724734783173,0.8255844116210938,-0.3818766176700592,0.07606735080480576,0.2617975175380707,0.01585434377193451,-0.21931929886341095,-0.33955392241477966,-0.16252592206001282,-0.2877388894557953,0.3858354389667511,0.17012658715248108,0
-0.019438453018665314,-0.014451687224209309,0.22513704208659832,0.008867844939231873,-0.02471201680600643,0.7266833782196045,0.6864706873893738,-0.06649879366159439,-0.37658166885375977,-0.1708730310201645,0.25527423620224,-0.0559999980032444,0.3476000130176544,-0.3772720396518707,0.03678714856505394,0.1774945706129074,0.8434758186340332,-0.3837532699108124,0.07435904443264008,0.26609641313552856,0.01382560096681118,-0.22408832609653473,-0.33845046162605286,-0.16674157977104187,-0.2942841053009033,0.37772852182388306,0.17901287972927094,0
-0.019888924434781075,-0.014755699783563614,0.22470884231853192,0.00944866705685854,-0.0241857897490263,0.7287655472755432,0.6842708587646484,-0.0613442100584507,-0.3797890543937683,-0.1744488626718521,0.25046560168266296,-0.053999997675418854,0.3513999879360199,-0.3905703127384186,0.03395436704158783,0.17366841435432434,0.8614007830619812,-0.38562989234924316,0.07277891039848328,0.2704411745071411,0.012169776484370232,-0.22652441263198853,-0.33856001496315,-0.1715943068265915,-0.29905205965042114,0.36963748931884766,0.18816591799259186,0
-0.020252559334039688,-0.015087194740772247,0.22426818517970745,0.010316479951143265,-0.023588551208376884,0.73050457239151,0.6824223399162292,-0.056560978293418884,-0.38331902027130127,-0.17923994362354279,0.24666906893253326,-0.05199999734759331,0.35519999265670776,-0.40357157588005066,0.03233667463064194,0.1717877984046936,0.8796358108520508,-0.38750651478767395,0.0703495517373085,0.27528655529022217,0.01113151852041483,-0.23019373416900635,-0.33919376134872437,-0.1755865067243576,-0.303251177072525,0.3631494343280792,0.19664455950260162,0
-0.020869877189397812,-0.015354997478425503,0.22377255765723889,0.010709003545343876,-0.023304589092731476,0.7326092720031738,0.6801660060882568,-0.05254284664988518,-0.387685090303421,-0.18546488881111145,0.24464967846870422,-0.04999999701976776,0.35899999737739563,-0.41688963770866394,0.03050779178738594,0.16959746181964874,0.8979141116142273,-0.38938313722610474,0.06684377044439316,0.2802638113498688,0.010269704274833202,-0.23341263830661774,-0.3409166634082794,-0.1803514063358307,-0.3105821907520294,0.3554454743862152,0.207740917801857,0
-0.021445292979478836,-0.015809595584869385,0.22331683544444744,0.012198067270219326,-0.0227495227009058,0.7343560457229614,0.6782734990119934,-0.04837961122393608,-0.3931773900985718,-0.18956521153450012,0.2417037934064865,-0.04800000041723251,0.3628000020980835,-0.42956167459487915,0.027507629245519638,0.16852563619613647,0.915583074092865,-0.3912597894668579,0.06361676007509232,0.2849808633327484,0.010053266771137714,-0.23873315751552582,-0.3439571261405945,-0.18384014070034027,-0.3166798949241638,0.34848085045814514,0.2168087512254715,0
-0.021858714520931244,-0.016326498240232468,0.22287035195159619,0.01351780816912651,-0.022389164194464684,0.7361629605293274,0.6762988567352295,-0.04443180933594704,-0.3977547585964203,-0.19407859444618225,0.23889175057411194,-0.04600000008940697,0.36660000681877136,-0.4420050084590912,0.024808861315250397,0.1666828691959381,0.9322607517242432,-0.3931364119052887,0.06108670309185982,0.28868338465690613,0.010664121247828007,-0.2427767962217331,-0.3470551371574402,-0.18808449804782867,-0.323737770318985,0.3426128625869751,0.224259614944458,0
-0.02239149622619152,-0.016651442274451256,0.22239665893840496,0.014401474967598915,-0.0218285471200943,0.7377365827560425,0.6745819449424744,-0.04027770459651947,-0.40347251296043396,-0.20094560086727142,0.23501046001911163,-0.04399999976158142,0.37040001153945923,-0.45315060019493103,0.02259860374033451,0.16624663770198822,0.9474760293960571,-0.3950130343437195,0.05729856714606285,0.29010796546936035,0.01101404707878828,-0.24541983008384705,-0.35091131925582886,-0.19214065372943878,-0.32859283685684204,0.3372569680213928,0.23205912113189697,0
-0.022925907745957375,-0.01688845455646515,0.22196780351924603,0.015028733760118484,-0.02160562574863434,0.7390973567962646,0.6730842590332031,-0.03580288961529732,-0.408270925283432,-0.2077558934688568,0.2311469465494156,-0.041999999433755875,0.3741999864578247,-0.4620758593082428,0.02165175788104534,0.16717533767223358,0.9606398344039917,-0.39688968658447266,0.05446505919098854,0.2932146191596985,0.010877098888158798,-0.24815163016319275,-0.35507309436798096,-0.19512517750263214,-0.3314182162284851,0.33332908153533936,0.23897835612297058,0
-0.02336307242512703,-0.016764258965849876,0.22159719673919384,0.016102220863103867,-0.02039637416601181,0.7396929860115051,0.6724425554275513,-0.03306417912244797,-0.41405338048934937,-0.20924827456474304,0.22898522019386292,-0.03999999910593033,0.3779999911785126,-0.4700523614883423,0.019687561318278313,0.16859057545661926,0.9736185669898987,-0.39876630902290344,0.051306478679180145,0.295836865901947,0.013524189591407776,-0.24879524111747742,-0.36034682393074036,-0.1970295011997223,-0.331374853849411,0.330262154340744,0.24275125563144684,0
-0.02381221018731594,-0.017056027427315712,0.22126022187995617,0.01739492639899254,-0.019541416317224503,0.7406635880470276,0.6713665127754211,-0.030047107487916946,-0.41978955268859863,-0.21310511231422424,0.2254789024591446,-0.03799999877810478,0.38179999589920044,-0.47750499844551086,0.01827654242515564,0.17146176099777222,0.9840906262397766,-0.40064293146133423,0.04685068875551224,0.29739171266555786,0.013983549550175667,-0.2523948848247528,-0.3650955855846405,-0.19895263016223907,-0.33532989025115967,0.32670125365257263,0.24607817828655243,0
-0.024183033034205437,-0.01738724485039711,0.2209958752803773,0.01868862845003605,-0.018848607316613197,0.741849958896637,0.6700403690338135,-0.028045477345585823,-0.42487505078315735,-0.21588584780693054,0.22407259047031403,-0.035999998450279236,0.3856000006198883,-0.4838634431362152,0.015841586515307426,0.17274557054042816,0.9923572540283203,-0.402519553899765,0.044357530772686005,0.299890398979187,0.014114887453615665,-0.25520122051239014,-0.36826661229133606,-0.20237156748771667,-0.34032005071640015,0.32311615347862244,0.2501457631587982,0
-0.024415485560894012,-0.01763620413839817,0.22078091112899487,0.019632849842309952,-0.017755717039108276,0.7428800463676453,0.6689009666442871,-0.0268663689494133,-0.42966485023498535,-0.2187555581331253,0.22232180833816528,-0.03399999812245369,0.38940000534057617,-0.4894963204860687,0.013370063155889511,0.17364083230495453,0.9987297058105469,-0.4043962061405182,0.04309044033288956,0.3013284206390381,0.015262296423316002,-0.25722479820251465,-0.3715459704399109,-0.20510172843933105,-0.3453231453895569,0.3183489143848419,0.2548980414867401,0
-0.024628769606351852,-0.017559727653861046,0.22057698873805706,0.020059222355484962,-0.016903340816497803,0.7431342005729675,0.6686280369758606,-0.027021178975701332,-0.4328625798225403,-0.21833622455596924,0.2224254459142685,-0.03199999779462814,0.39319998025894165,-0.4944060146808624,0.013014072552323341,0.1755564659833908,1.0058082342147827,-0.406272828578949,0.041090648621320724,0.30386143922805786,0.01745513081550598,-0.25899285078048706,-0.37322482466697693,-0.20864365994930267,-0.3480292856693268,0.31553855538368225,0.2590784430503845,0
-0.024765323847532272,-0.017520301043987274,0.22037810293960278,0.02072843722999096,-0.015826288610696793,0.7434959411621094,0.6682317852973938,-0.02801453322172165,-0.43692681193351746,-0.21920204162597656,0.22409546375274658,-0.029999999329447746,0.3969999849796295,-0.49894580245018005,0.013516745530068874,0.1788664609193802,1.012406349182129,-0.40814945101737976,0.03768565133213997,0.3061562180519104,0.018726332113146782,-0.2602986693382263,-0.3757007420063019,-0.21049505472183228,-0.3497655689716339,0.31292733550071716,0.2608407735824585,0
-0.024630900472402573,-0.017598289996385574,0.22029854563998882,0.022445162758231163,-0.013272897340357304,0.7426995038986206,0.6691169738769531,-0.029403943568468094,-0.4415935277938843,-0.21762587130069733,0.22348597645759583,-0.0279999990016222,0.4007999897003174,-0.5030367970466614,0.01360410638153553,0.18490365147590637,1.0172728300094604,-0.41002607345581055,0.03235272690653801,0.3078776001930237,0.023606477305293083,-0.2633855640888214,-0.377473920583725,-0.21426741778850555,-0.34876400232315063,0.31151264905929565,0.2582726776599884,0
-0.024536050856113434,-0.01755482144653797,0.22019498256969158,0.02303902432322502,-0.01195552572607994,0.7427660822868347,0.6690476536750793,-0.029180191457271576,-0.4436571002006531,-0.21685397624969482,0.22237247228622437,-0.025999998673796654,0.40459999442100525,-0.5073652863502502,0.014417700469493866,0.18714652955532074,1.0223995447158813,-0.4119027256965637,0.02866223081946373,0.30934038758277893,0.026093579828739166,-0.2634604871273041,-0.3792080581188202,-0.21598570048809052,-0.3496592342853546,0.3100278377532959,0.25867903232574463,0
-0.02445007488131523,-0.017604108899831772,0.22008532492446606,0.02376702055335045,-0.01071622408926487,0.7434436678886414,0.6682901978492737,-0.027980728074908257,-0.44597193598747253,-0.2189096212387085,0.22153900563716888,-0.024000000208616257,0.4083999991416931,-0.5119578242301941,0.01343925204128027,0.18711991608142853,1.0273288488388062,-0.4137793481349945,0.025295745581388474,0.3105868399143219,0.027419328689575195,-0.26258721947669983,-0.38058388233184814,-0.2176194041967392,-0.3528589904308319,0.3084867000579834,0.26003578305244446,0
-0.02446456253528595,-0.017684636637568474,0.21992217211055462,0.024585483595728874,-0.010155653581023216,0.7442222237586975,0.6674022078514099,-0.02623850665986538,-0.4483847916126251,-0.2208092212677002,0.22068150341510773,-0.02199999988079071,0.412200003862381,-0.5163107514381409,0.01314002089202404,0.18731996417045593,1.0331782102584839,-0.4156559705734253,0.021920882165431976,0.31140798330307007,0.027441486716270447,-0.26267698407173157,-0.3822023570537567,-0.21883617341518402,-0.35663527250289917,0.30690905451774597,0.26116326451301575,0
-0.024403151124715805,-0.017737794667482376,0.21978885142135327,0.025477368384599686,-0.009388615377247334,0.7444246411323547,0.6671541929244995,-0.02505239099264145,-0.4505518972873688,-0.22227509319782257,0.21990887820720673,-0.019999999552965164,0.41599997878074646,-0.5198705792427063,0.014109022915363312,0.1892426759004593,1.0386323928833008,-0.41753262281417847,0.017914483323693275,0.31295663118362427,0.02910545840859413,-0.2626422345638275,-0.38354963064193726,-0.2203087955713272,-0.35795870423316956,0.3061946928501129,0.26116663217544556,0
-0.02427184395492077,-0.017775068059563637,0.21973519233989422,0.026004625484347343,-0.008884290233254433,0.7450478076934814,0.6664447784423828,-0.02285885065793991,-0.45097920298576355,-0.22356507182121277,0.2187892496585846,-0.017999999225139618,0.4197999835014343,-0.5221037864685059,0.015171239152550697,0.18989337980747223,1.0416828393936157,-0.41940924525260925,0.014424508437514305,0.3136134445667267,0.02958652935922146,-0.26152756810188293,-0.383151650428772,-0.22150929272174835,-0.35941165685653687,0.3075478971004486,0.2606087923049927,0
-0.024178404361009598,-0.0178756732493639,0.21962861923503582,0.02670298144221306,-0.008900832384824753,0.7456941604614258,0.6656935811042786,-0.020488495007157326,-0.45137763023376465,-0.2247784435749054,0.21777327358722687,-0.01599999889731407,0.4235999882221222,-0.5249317288398743,0.016120728105306625,0.1896507889032364,1.0462201833724976,-0.42128586769104004,0.010796603746712208,0.3145610988140106,0.0298019926995039,-0.2615308165550232,-0.38314422965049744,-0.22257372736930847,-0.3626595735549927,0.30753469467163086,0.2613375782966614,0
-0.02408643253147602,-0.017919113859534264,0.2195352038555116,0.02717871405184269,-0.008908620104193687,0.7463408708572388,0.6649490594863892,-0.01743444986641407,-0.4517044425010681,-0.22738270461559296,0.21611008048057556,-0.0139999995008111,0.42739999294281006,-0.5265535116195679,0.017041461542248726,0.1892971247434616,1.0491465330123901,-0.4231624901294708,0.007240126840770245,0.3154178857803345,0.029696809127926826,-0.2608039975166321,-0.3825685977935791,-0.22396120429039001,-0.36437830328941345,0.30846521258354187,0.2618587911128998,0
-0.02405073121190071,-0.018039384856820107,0.21944116262721722,0.027717212215065956,-0.00904376246035099,0.7468193769454956,0.6643875241279602,-0.013609585352241993,-0.45170706510543823,-0.23019041121006012,0.21213258802890778,-0.012000000104308128,0.4311999976634979,-0.528826892375946,0.018535654991865158,0.18945138156414032,1.0530067682266235,-0.425039142370224,0.0034288796596229076,0.3157427906990051,0.030593354254961014,-0.2607749402523041,-0.38226181268692017,-0.22475136816501617,-0.36786723136901855,0.3083568811416626,0.2631478011608124,0
-0.024019241333007812,-0.01811579242348671,0.21936822144317333,0.027802040800452232,-0.00946066901087761,0.7477607131004333,0.6633185744285583,-0.009060709737241268,-0.4506739377975464,-0.23367132246494293,0.20806637406349182,-0.009999999776482582,0.4350000023841858,-0.5308849811553955,0.01966506615281105,0.18817485868930817,1.0558936595916748,-0.4269157648086548,0.0005035229842178524,0.31593427062034607,0.029431317001581192,-0.2601047456264496,-0.382099986076355,-0.22404642403125763,-0.371065229177475,0.3091912865638733,0.264360249042511,0
-0.02405915968120098,-0.01839376799762249,0.2192207893543214,0.02842322364449501,-0.010188711807131767,0.748383104801178,0.6625790596008301,-0.004823776427656412,-0.4510830342769623,-0.23875874280929565,0.203872948884964,-0.007999999448657036,0.43879997730255127,-0.532719075679779,0.021202296018600464,0.1884118765592575,1.0596294403076172,-0.42879238724708557,-0.002932183677330613,0.31655949354171753,0.02850017324090004,-0.2611764967441559,-0.3823162019252777,-0.224838986992836,-0.3739396631717682,0.30917200446128845,0.26564091444015503,0
-0.023946532979607582,-0.018562952056527138,0.21913884786891644,0.02849362976849079,-0.011082136072218418,0.7488329410552979,0.6620532274246216,-0.0011055658105760813,-0.449604868888855,-0.24121911823749542,0.1997150480747223,-0.006000000052154064,0.44259998202323914,-0.5336353778839111,0.023450808599591255,0.18739290535449982,1.0618972778320312,-0.43066903948783875,-0.004388272762298584,0.31650376319885254,0.028399066999554634,-0.2624596357345581,-0.380849689245224,-0.22592982649803162,-0.3768308460712433,0.31076255440711975,0.26722535490989685,0
-0.023872504010796547,-0.01865556463599205,0.2190362235717744,0.02847938984632492,-0.011778120882809162,0.7492982745170593,0.6615151762962341,0.0016434286953881383,-0.4486672878265381,-0.24300871789455414,0.19667606055736542,-0.003999999724328518,0.446399986743927,-0.5351472496986389,0.02567080222070217,0.18677844107151031,1.064792513847351,-0.43254566192626953,-0.005824715830385685,0.3177288770675659,0.028233295306563377,-0.2639160454273224,-0.3804496228694916,-0.22585022449493408,-0.3796739876270294,0.31175315380096436,0.268661230802536,0
-0.023950589820742607,-0.01892254129052162,0.21890412477779095,0.027863912284374237,-0.013116243295371532,0.7500601410865784,0.6606521606445312,0.0047126999124884605,-0.4468059837818146,-0.24735277891159058,0.19254299998283386,-0.001999999862164259,0.45019999146461487,-0.5375007390975952,0.027992164716124535,0.18497799336910248,1.067502498626709,-0.4344222843647003,-0.00784527137875557,0.318491667509079,0.027331102639436722,-0.2642214894294739,-0.3793690502643585,-0.2253657728433609,-0.3836762309074402,0.31315773725509644,0.2704422175884247,0
-0.02382333017885685,-0.019199607893824577,0.21878710595893566,0.027524730190634727,-0.014146107248961926,0.7503951191902161,0.6602647304534912,0.00753400195389986,-0.4450296461582184,-0.2509654760360718,0.187665656208992,0,0.45399999618530273,-0.5391737222671509,0.031006434932351112,0.18410640954971313,1.069662094116211,-0.4362989068031311,-0.008627197705209255,0.3182310163974762,0.02744230069220066,-0.26492878794670105,-0.3789200484752655,-0.22439426183700562,-0.3852919042110443,0.3147391378879547,0.27166083455085754,0
-0.023616129532456398,-0.01959121972322464,0.21870063452052776,0.0267901923507452,-0.015506441704928875,0.7508598566055298,0.6597357988357544,0.0095443706959486,-0.4422641396522522,-0.25580739974975586,0.18378809094429016,0.001999999862164259,0.4577999711036682,-0.5401279926300049,0.0347801074385643,0.1833091676235199,1.0700693130493164,-0.4381755590438843,-0.007824021391570568,0.3186214864253998,0.027380874380469322,-0.2663003206253052,-0.37780725955963135,-0.22382666170597076,-0.38825538754463196,0.3163333833217621,0.2743503749370575,0
-0.023517964407801628,-0.019946405664086342,0.21853639392184918,0.026415903121232986,-0.01648555137217045,0.7510892748832703,0.6594659686088562,0.011645558290183544,-0.44077375531196594,-0.25995850563049316,0.17911334335803986,0.003999999724328518,0.4615999758243561,-0.5430351495742798,0.03756372630596161,0.18227536976337433,1.0732344388961792,-0.44005218148231506,-0.009622031822800636,0.3195860981941223,0.027881139889359474,-0.26846426725387573,-0.37699371576309204,-0.22387343645095825,-0.3900667726993561,0.3176284432411194,0.2761741280555725,0
-0.023268546909093857,-0.020162682980298996,0.21846963671970074,0.024874553084373474,-0.017919126898050308,0.7515518665313721,0.658961296081543,0.013933095149695873,-0.4363270103931427,-0.26414474844932556,0.17438942193984985,0.006000000052154064,0.46539998054504395,-0.5443017482757568,0.041359733790159225,0.17968440055847168,1.0734285116195679,-0.44192880392074585,-0.0075534433126449585,0.3201518952846527,0.027610940858721733,-0.2672346830368042,-0.37531790137290955,-0.22275637090206146,-0.38874831795692444,0.32146531343460083,0.27789485454559326,0
-0.02309703454375267,-0.020398281514644623,0.21838794855403607,0.023185133934020996,-0.018667763099074364,0.7522355914115906,0.6582215428352356,0.01607583835721016,-0.4330995976924896,-0.26960766315460205,0.1682613641023636,0.007999999448657036,0.4691999852657318,-0.5463585257530212,0.042983077466487885,0.17639313638210297,1.0728015899658203,-0.443805456161499,-0.005309340078383684,0.3196912109851837,0.02671183831989765,-0.26661399006843567,-0.3735915720462799,-0.22277754545211792,-0.38863110542297363,0.3245309591293335,0.2799100875854492,0
-0.022780604660511017,-0.020703498274087906,0.21835291592406933,0.021212050691246986,-0.020006388425827026,0.7526199817657471,0.6578091979026794,0.017833760008215904,-0.4274824857711792,-0.2730602025985718,0.16187147796154022,0.009999999776482582,0.4729999899864197,-0.5481771230697632,0.04633818939328194,0.1730526238679886,1.0719342231750488,-0.4456820785999298,-0.001905831042677164,0.31892088055610657,0.02610231749713421,-0.2671004831790924,-0.37115705013275146,-0.22296322882175446,-0.3882318437099457,0.3285749852657318,0.28220194578170776,0
-0.02253285050392151,-0.02111210487782955,0.21827432719993298,0.019417976960539818,-0.021302368491888046,0.7525122761726379,0.6579471826553345,0.019235463812947273,-0.42253488302230835,-0.2775793969631195,0.1547703742980957,0.012000000104308128,0.47679999470710754,-0.549812912940979,0.05058390274643898,0.1712638884782791,1.0711793899536133,-0.4475587010383606,-0.001338543021120131,0.318701833486557,0.026626676321029663,-0.26961642503738403,-0.3684864938259125,-0.22343818843364716,-0.3878708481788635,0.33305826783180237,0.2834464907646179,0
-0.022217581048607826,-0.021247852593660355,0.21823388544845287,0.017004769295454025,-0.022603552788496017,0.7533108592033386,0.6570560336112976,0.02169935218989849,-0.4161413311958313,-0.28246793150901794,0.1489315927028656,0.0139999995008111,0.480599969625473,-0.5523322820663452,0.053778115659952164,0.1664458066225052,1.0707989931106567,-0.4494353234767914,0.0009933450492098927,0.31881630420684814,0.02552417665719986,-0.26783791184425354,-0.36616045236587524,-0.22344937920570374,-0.3882124125957489,0.33774515986442566,0.2860829830169678,0
-0.021926239132881165,-0.021478746086359024,0.2182081511430711,0.014716003090143204,-0.024218862876296043,0.7535309791564941,0.6568013429641724,0.023565270006656647,-0.4090483486652374,-0.2858423888683319,0.14279747009277344,0.01599999889731407,0.4843999743461609,-0.5542624592781067,0.05844670161604881,0.1627058982849121,1.0703125,-0.45131197571754456,0.0016941793728619814,0.3187822699546814,0.025119386613368988,-0.26831555366516113,-0.3632773756980896,-0.222246453166008,-0.38775965571403503,0.3438977301120758,0.2874109745025635,0
-0.021695680916309357,-0.021848687902092934,0.21815183965491955,0.012641232460737228,-0.02610054798424244,0.7539629340171814,0.6562764644622803,0.025518132373690605,-0.4022352695465088,-0.2892930507659912,0.13661262392997742,0.017999999225139618,0.48819997906684875,-0.5568587183952332,0.0630403384566307,0.15894341468811035,1.0706441402435303,-0.45318859815597534,0.001738755265250802,0.31914395093917847,0.023647690191864967,-0.27002251148223877,-0.3606676161289215,-0.22163182497024536,-0.38947567343711853,0.35010582208633423,0.2877669930458069,0
-0.021382562816143036,-0.02202523499727249,0.21807573942470257,0.010849750600755215,-0.02794773504137993,0.7540857195854187,0.6560913920402527,0.02740083448588848,-0.39565539360046387,-0.29152482748031616,0.13203074038028717,0.019999999552965164,0.4919999837875366,-0.5591928362846375,0.06808619946241379,0.15520964562892914,1.0723460912704468,-0.45506522059440613,0.0018916515400633216,0.3198728859424591,0.023520013317465782,-0.27163055539131165,-0.35829776525497437,-0.22168995440006256,-0.3905319571495056,0.3558984100818634,0.2892586886882782,0
-0.021120192483067513,-0.022087203338742256,0.2179780623130769,0.008708014152944088,-0.030347345396876335,0.7540020942687988,0.656112790107727,0.02942669205367565,-0.3882973790168762,-0.29456958174705505,0.12806259095668793,0.02199999988079071,0.4957999885082245,-0.5607690811157227,0.07504130154848099,0.15205693244934082,1.0744946002960205,-0.4569418430328369,0.0022351595107465982,0.32066696882247925,0.02371523156762123,-0.27268654108047485,-0.35573652386665344,-0.22141054272651672,-0.39162734150886536,0.3611548840999603,0.29170307517051697,0
-0.02085588127374649,-0.022136030718684196,0.2178932896070451,0.006650117225944996,-0.03225528076291084,0.7541346549987793,0.6558935046195984,0.030960941687226295,-0.3818831145763397,-0.2976296842098236,0.12488136440515518,0.024000000208616257,0.49959996342658997,-0.5624727606773376,0.08014962822198868,0.14799915254116058,1.0758306980133057,-0.4588184952735901,0.002456978429108858,0.32120880484580994,0.02296629175543785,-0.27344512939453125,-0.3533709645271301,-0.22160287201404572,-0.39211925864219666,0.3671676516532898,0.2924136221408844,0
-0.020581252872943878,-0.022213252261281013,0.2178046276979417,0.005316705908626318,-0.033853184431791306,0.7540249824523926,0.655951201915741,0.032338447868824005,-0.3764640986919403,-0.29874762892723083,0.12195169180631638,0.025999998673796654,0.5033999681472778,-0.564841628074646,0.08499883860349655,0.14488962292671204,1.0787488222122192,-0.4606951177120209,0.0017174232052639127,0.3216356337070465,0.023786194622516632,-0.27400198578834534,-0.351431280374527,-0.22290243208408356,-0.3933015763759613,0.3722921311855316,0.2919764220714569,0
-0.020229041576385498,-0.02236844412982464,0.21769550649451916,0.004352778661996126,-0.035770028829574585,0.7538037896156311,0.6561108231544495,0.032916244119405746,-0.3712799847126007,-0.2996984124183655,0.12127998471260071,0.0279999990016222,0.5072000026702881,-0.5669070482254028,0.09013697504997253,0.14172537624835968,1.0818915367126465,-0.46257174015045166,0.001606866018846631,0.3225424289703369,0.0236189067363739,-0.27662715315818787,-0.3500306010246277,-0.22331632673740387,-0.3948642313480377,0.3777044415473938,0.29150456190109253,0
-0.019913488999009132,-0.02234211191534996,0.21756334809589092,0.003210567869246006,-0.03728959336876869,0.7533949613571167,0.6565023064613342,0.03321364149451256,-0.3667692542076111,-0.3010110855102539,0.1210954412817955,0.029999999329447746,0.5109999775886536,-0.5690863132476807,0.09559080749750137,0.13919396698474884,1.0856026411056519,-0.46444839239120483,-0.00004303445166442543,0.3236991763114929,0.02400379627943039,-0.2778822183609009,-0.3482081890106201,-0.22542345523834229,-0.39481598138809204,0.38251441717147827,0.29125815629959106,0
-0.019617393612861633,-0.022352561354637146,0.21743539182471935,0.0022098554763942957,-0.03847789764404297,0.7531604766845703,0.6567068099975586,0.03336887061595917,-0.36316946148872375,-0.30251848697662354,0.12078379094600677,0.03199999779462814,0.514799952507019,-0.5715360045433044,0.09964928776025772,0.13638335466384888,1.0889145135879517,-0.4663250148296356,-0.0009784934809431434,0.3245857357978821,0.02395734004676342,-0.2791402041912079,-0.34711146354675293,-0.22760750353336334,-0.3958647847175598,0.3860270380973816,0.29154282808303833,0
-0.019482897594571114,-0.022327637299895287,0.21732525734233563,0.0011329929111525416,-0.039918288588523865,0.7529674768447876,0.6568448543548584,0.033418700098991394,-0.3597806692123413,-0.30255448818206787,0.12044622749090195,0.03399999812245369,0.5185999870300293,-0.5734370350837708,0.10301313549280167,0.13326728343963623,1.091821312904358,-0.4682016372680664,-0.0011650522937998176,0.32511940598487854,0.02331426925957203,-0.2795535922050476,-0.34610724449157715,-0.2296367734670639,-0.39657145738601685,0.3891611099243164,0.2914947271347046,0
-0.019442232325673103,-0.022214625030755997,0.2172373702936143,0.000022995858671492897,-0.041271381080150604,0.7527704834938049,0.6569880247116089,0.03333546221256256,-0.35663795471191406,-0.3015773892402649,0.1200532540678978,0.035999998450279236,0.5223999619483948,-0.5753675699234009,0.1063670665025711,0.1309671700000763,1.0950632095336914,-0.4700782597064972,-0.0007310276851058006,0.3254409432411194,0.02223525568842888,-0.28013721108436584,-0.3456498980522156,-0.2306824028491974,-0.3976042568683624,0.39176079630851746,0.29171663522720337,0
-0.019485043361783028,-0.02209128439426422,0.21717895774173443,-0.0013008497189730406,-0.04233087971806526,0.7524097561836243,0.6573324203491211,0.03336072713136673,-0.3537328243255615,-0.3019295632839203,0.11859746277332306,0.03799999877810478,0.526199996471405,-0.5763338804244995,0.1087726578116417,0.12890039384365082,1.0965970754623413,-0.47195491194725037,0.00016632259939797223,0.32622644305229187,0.02137976884841919,-0.28012019395828247,-0.34478625655174255,-0.23261991143226624,-0.39718157052993774,0.39418378472328186,0.29129403829574585,0
-0.019543403759598732,-0.02202020213007927,0.21712009815501873,-0.0024040001444518566,-0.04358850419521332,0.7518755793571472,0.65785813331604,0.03274369612336159,-0.3511675000190735,-0.300662636756897,0.11776034533977509,0.03999999910593033,0.5299999713897705,-0.5768818259239197,0.11173271387815475,0.12791265547275543,1.098151445388794,-0.47383153438568115,0.0012464007595553994,0.32705560326576233,0.020871946588158607,-0.281086266040802,-0.3440096080303192,-0.23444892466068268,-0.39879828691482544,0.3956905007362366,0.29116708040237427,0
-0.01961149089038372,-0.021932628005743027,0.21705004779624645,-0.0038024692330509424,-0.04476235806941986,0.7512547969818115,0.6584816575050354,0.03193999454379082,-0.34853288531303406,-0.3000780940055847,0.1159866452217102,0.03711538389325142,0.5216339230537415,-0.5776036977767944,0.11431502550840378,0.12632393836975098,1.0993589162826538,-0.46587324142456055,-0.0028160298243165016,0.32727089524269104,0.019674153998494148,-0.2813710868358612,-0.3432946801185608,-0.2356276661157608,-0.39872220158576965,0.39763787388801575,0.29049772024154663,0
-0.019520070403814316,-0.021758902817964554,0.21702638475227062,-0.004982474725693464,-0.04553379490971565,0.750455379486084,0.6593319177627563,0.030721182003617287,-0.346052348613739,-0.29860061407089233,0.11504925787448883,0.03423076868057251,0.5132678747177124,-0.577532172203064,0.11707185953855515,0.12514574825763702,1.0998080968856812,-0.45791494846343994,-0.006878460757434368,0.32764407992362976,0.019047226756811142,-0.28195759654045105,-0.3420282304286957,-0.23683205246925354,-0.3986382484436035,0.4004476070404053,0.2887546122074127,0
-0.019435137510299683,-0.02175385132431984,0.2170175036601991,-0.006360460072755814,-0.04660104587674141,0.750066339969635,0.6596881151199341,0.030300309881567955,-0.3424519896507263,-0.2982041537761688,0.1128585934638977,0.0313461534678936,0.5049018263816833,-0.5781510472297668,0.11951158195734024,0.12300236523151398,1.0997028350830078,-0.44995662569999695,-0.01094089075922966,0.3278549015522003,0.01680464670062065,-0.28166571259498596,-0.34031739830970764,-0.23715153336524963,-0.39955753087997437,0.4047342538833618,0.28610774874687195,0
-0.019285432994365692,-0.021722156554460526,0.21703164486217205,-0.007380153983831406,-0.04771078750491142,0.7494614124298096,0.6602853536605835,0.029307149350643158,-0.33930137753486633,-0.2980137765407562,0.11262670904397964,0.02846153825521469,0.4965357482433319,-0.5773910880088806,0.12215162813663483,0.12158478796482086,1.0989559888839722,-0.44199833273887634,-0.015003321692347527,0.3278810977935791,0.014252192340791225,-0.2824401259422302,-0.3381366729736328,-0.23755209147930145,-0.40053582191467285,0.40991294384002686,0.282604843378067,0
-0.019046302884817123,-0.021826954558491707,0.21713459698486035,-0.008745899423956871,-0.04899809509515762,0.7490907311439514,0.6605949997901917,0.02798396721482277,-0.33440375328063965,-0.2969219982624054,0.11229123175144196,0.025576923042535782,0.48816969990730286,-0.5765097141265869,0.12440451234579086,0.11888284236192703,1.0962928533554077,-0.43404003977775574,-0.019065752625465393,0.32804498076438904,0.01136013213545084,-0.2826795279979706,-0.33507487177848816,-0.23774583637714386,-0.4016481637954712,0.4147758185863495,0.27855443954467773,0
-0.018815504387021065,-0.02176126092672348,0.2172488143854112,-0.010281383991241455,-0.050111040472984314,0.748474657535553,0.661187469959259,0.026161786168813705,-0.32984504103660583,-0.29499632120132446,0.11214239150285721,0.022692307829856873,0.4798036515712738,-0.5745387673377991,0.12681132555007935,0.11681957542896271,1.0928503274917603,-0.42608174681663513,-0.02312818355858326,0.32799258828163147,0.008150259032845497,-0.28172606229782104,-0.3324814438819885,-0.23629622161388397,-0.40062859654426575,0.42075079679489136,0.272853285074234,0
-0.018517395481467247,-0.021722400560975075,0.21737830547618572,-0.012502557598054409,-0.05195292457938194,0.7477816343307495,0.6617909073829651,0.024486539885401726,-0.3230378329753876,-0.2948199510574341,0.11161794513463974,0.019807690754532814,0.47143760323524475,-0.5721315145492554,0.13201934099197388,0.11487258225679398,1.088707685470581,-0.4181234538555145,-0.027190614491701126,0.32740655541419983,0.005412383005023003,-0.27997899055480957,-0.3287968337535858,-0.2341950684785843,-0.40007922053337097,0.42735278606414795,0.2671917974948883,0
-0.0181399118155241,-0.021727342158555984,0.21758148280906384,-0.014338253065943718,-0.0536363460123539,0.7464821338653564,0.6630851626396179,0.021170077845454216,-0.31643998622894287,-0.291300892829895,0.11228706687688828,0.016923075541853905,0.4630715250968933,-0.5689340233802795,0.13681529462337494,0.11314588785171509,1.0837655067443848,-0.41016513109207153,-0.03125304356217384,0.3263953924179077,0.003674495266750455,-0.2800777852535248,-0.3240794241428375,-0.23284435272216797,-0.401070237159729,0.4340006709098816,0.2620733082294464,0
-0.017440151423215866,-0.021646855399012566,0.21792583374309246,-0.01663089171051979,-0.054442644119262695,0.7460436820983887,0.663459300994873,0.018351683393120766,-0.30845069885253906,-0.28930363059043884,0.11212536692619324,0.01403846126049757,0.45470547676086426,-0.5652949213981628,0.13896092772483826,0.10863026231527328,1.074932336807251,-0.4022068381309509,-0.03531547635793686,0.32528752088546753,0.0008129774942062795,-0.27722489833831787,-0.31872740387916565,-0.23197542130947113,-0.4017391502857208,0.44097810983657837,0.25665876269340515,0
-0.0165640227496624,-0.021341532468795776,0.21834165064620678,-0.019366364926099777,-0.05504497140645981,0.7449451684951782,0.6645687818527222,0.015113208442926407,-0.29917111992836,-0.2875359058380127,0.11191406846046448,0.011153845116496086,0.4463394284248352,-0.5595000982284546,0.14346322417259216,0.10583373159170151,1.0637986660003662,-0.3942485451698303,-0.039377905428409576,0.3244287073612213,-0.0019259338732808828,-0.275257408618927,-0.31260886788368225,-0.2304239571094513,-0.40123751759529114,0.44889095425605774,0.24994583427906036,0
-0.01599070616066456,-0.020859334617853165,0.21874472705650036,-0.022813724353909492,-0.05603569746017456,0.7442154288291931,0.6651939153671265,0.012491617351770401,-0.29023051261901855,-0.28656741976737976,0.11081980913877487,0.008269229903817177,0.43797338008880615,-0.5522000193595886,0.14686158299446106,0.1022384986281395,1.050689935684204,-0.3862902522087097,-0.04344033822417259,0.32167452573776245,-0.004588461481034756,-0.27183082699775696,-0.3069063127040863,-0.23071010410785675,-0.4004654884338379,0.4576018750667572,0.24405686557292938,0
-0.015230171382427216,-0.020919784903526306,0.21916383711623852,-0.02520507574081421,-0.057511284947395325,0.7433770895004272,0.6659186482429504,0.008499239571392536,-0.2812630534172058,-0.28363752365112305,0.11029411852359772,0.0053846146911382675,0.4296073317527771,-0.5454546809196472,0.15109199285507202,0.09976328164339066,1.0372689962387085,-0.3783319592475891,-0.04750276729464531,0.31966304779052734,-0.006634165998548269,-0.27286165952682495,-0.30262991786003113,-0.22853273153305054,-0.39818456768989563,0.46729058027267456,0.23552970588207245,0
-0.013956387527287006,-0.0209515281021595,0.2195976397209138,-0.027140818536281586,-0.05796027556061745,0.7428497672080994,0.6663919687271118,0.004973173141479492,-0.2726748585700989,-0.28190892934799194,0.10919047147035599,0.002499999478459358,0.42124125361442566,-0.5371169447898865,0.15561825037002563,0.09824589639902115,1.020337462425232,-0.3703736364841461,-0.05156519636511803,0.31468114256858826,-0.00781558733433485,-0.27114322781562805,-0.2990783751010895,-0.22650834918022156,-0.39351600408554077,0.48055875301361084,0.22522646188735962,0
-0.012526472099125385,-0.021334750577807426,0.22004312483596508,-0.028864862397313118,-0.05922739580273628,0.7420008778572083,0.6671534180641174,0.0006476104608736932,-0.26232361793518066,-0.2806060314178467,0.10872647911310196,-0.00038461587973870337,0.4128752052783966,-0.5293031930923462,0.16132326424121857,0.09499296545982361,1.0029544830322266,-0.3624153435230255,-0.05562762916088104,0.31330981850624084,-0.009121679700911045,-0.27600666880607605,-0.295346736907959,-0.22383303940296173,-0.390803724527359,0.49512022733688354,0.21560852229595184,0
-0.01122046634554863,-0.021086258813738823,0.22053513137626354,-0.03208141773939133,-0.06056302413344383,0.7414507865905762,0.6674980521202087,-0.003609826322644949,-0.25058770179748535,-0.2778230309486389,0.10888690501451492,-0.003269231179729104,0.40450915694236755,-0.5196772813796997,0.1661704182624817,0.08893880993127823,0.9828482866287231,-0.3544570505619049,-0.05969005823135376,0.3136654794216156,-0.011407642625272274,-0.2791390120983124,-0.2928527891635895,-0.22328807413578033,-0.3873632848262787,0.5110588669776917,0.20256513357162476,0
-0.009653350338339806,-0.02150236815214157,0.220912369173047,-0.03385624289512634,-0.06222277879714966,0.7407034635543823,0.6680871844291687,-0.008830565959215164,-0.24059566855430603,-0.27912652492523193,0.11043034493923187,-0.006153846625238657,0.3961431086063385,-0.5096466541290283,0.17232923209667206,0.0848856121301651,0.9619073867797852,-0.3464987576007843,-0.06375248730182648,0.31059131026268005,-0.011578351259231567,-0.28387436270713806,-0.29336851835250854,-0.22158582508563995,-0.3831874132156372,0.5269160866737366,0.18984058499336243,0
-0.008684670552611351,-0.021914564073085785,0.2212761065177888,-0.03668757900595665,-0.06434041261672974,0.7398518323898315,0.6686804890632629,-0.014359717257320881,-0.2311311811208725,-0.27928709983825684,0.10976911336183548,-0.009038462303578854,0.38777706027030945,-0.4986814856529236,0.17824968695640564,0.08255799859762192,0.9387426376342773,-0.3385404646396637,-0.06781492382287979,0.3059094548225403,-0.01360386610031128,-0.2887321412563324,-0.2937544286251068,-0.21942462027072906,-0.3752773702144623,0.5444886684417725,0.17529825866222382,0
-0.007281420286744833,-0.02236778661608696,0.22169964222240154,-0.03779812902212143,-0.06551598012447357,0.7398932576179504,0.6684586405754089,-0.01822660304605961,-0.2229422628879547,-0.27999964356422424,0.11002924293279648,-0.011923077516257763,0.379410982131958,-0.48862138390541077,0.18302711844444275,0.07940357178449631,0.9168341159820557,-0.3305821418762207,-0.07187735289335251,0.3019225597381592,-0.013335675932466984,-0.29176515340805054,-0.296085000038147,-0.21615366637706757,-0.36986079812049866,0.5603668093681335,0.1626926213502884,0
-0.005659608636051416,-0.023063350468873978,0.22223414687442486,-0.03953702747821808,-0.06793514639139175,0.7389757037162781,0.6691311597824097,-0.023119913414120674,-0.21076805889606476,-0.2771807610988617,0.10918021202087402,-0.014807692728936672,0.37104493379592896,-0.4745241105556488,0.19192376732826233,0.07778185606002808,0.8886842131614685,-0.3226238489151001,-0.07593978196382523,0.29549846053123474,-0.011733022518455982,-0.29789066314697266,-0.2962312400341034,-0.21191003918647766,-0.3607679307460785,0.5802292823791504,0.14552806317806244,0
-0.004802283365279436,-0.023075323551893234,0.22274324504661266,-0.04093174636363983,-0.06836783140897751,0.7382954955101013,0.6697538495063782,-0.02813437581062317,-0.20486687123775482,-0.2749227285385132,0.10956691950559616,-0.017692308872938156,0.3626788854598999,-0.46236738562583923,0.19545525312423706,0.07806608080863953,0.8653506636619568,-0.3146655559539795,-0.08000221103429794,0.2929483652114868,-0.011029147543013096,-0.3010443449020386,-0.2991045117378235,-0.20878688991069794,-0.35769233107566833,0.5907178521156311,0.13450534641742706,0
-0.0038031176663935184,-0.02294733375310898,0.22330743281173412,-0.04323577135801315,-0.0689123198390007,0.7368924021720886,0.6710970997810364,-0.03468494117259979,-0.19757002592086792,-0.2716602385044098,0.11104463785886765,-0.020576924085617065,0.35431283712387085,-0.447882741689682,0.20153166353702545,0.0799587294459343,0.8385074138641357,-0.3067072629928589,-0.08406464010477066,0.28967270255088806,-0.009629644453525543,-0.30632907152175903,-0.2993919849395752,-0.20730671286582947,-0.35208508372306824,0.6010820269584656,0.12566661834716797,0
-0.0026477326173335314,-0.022627362981438637,0.2239338627271623,-0.044825129210948944,-0.06910160928964615,0.7354591488838196,0.6725440621376038,-0.03976648673415184,-0.1901680827140808,-0.2696065306663513,0.11348442733287811,-0.023461539298295975,0.3459467887878418,-0.4320746064186096,0.20640778541564941,0.08099029958248138,0.8120103478431702,-0.2987489700317383,-0.08812707662582397,0.2873542606830597,-0.008180797100067139,-0.3108236789703369,-0.2996194362640381,-0.20420782268047333,-0.34688085317611694,0.6109355688095093,0.11773446947336197,0
-0.0014499977696686983,-0.02276703342795372,0.22457388250159924,-0.04598632827401161,-0.06940906494855881,0.734054684638977,0.6739668846130371,-0.04499134048819542,-0.18275189399719238,-0.2666434943675995,0.11394230276346207,-0.026346154510974884,0.33758071064949036,-0.4160231947898865,0.21054263412952423,0.08290938287973404,0.7830961346626282,-0.2907906770706177,-0.09218950569629669,0.28315845131874084,-0.006053042132407427,-0.3155822157859802,-0.3015606999397278,-0.20085564255714417,-0.3419211506843567,0.6185178160667419,0.11295810341835022,0
-0.00033946201438084245,-0.022712962701916695,0.22522922066974346,-0.046395786106586456,-0.06863982230424881,0.7329750061035156,0.6751915812492371,-0.04952719435095787,-0.17775823175907135,-0.2659364938735962,0.1151394173502922,-0.029230769723653793,0.3292146623134613,-0.40099334716796875,0.2121746838092804,0.08442661166191101,0.7560926079750061,-0.2828323543071747,-0.09625193476676941,0.2797570526599884,-0.005821135826408863,-0.3180568218231201,-0.3038675785064697,-0.196377232670784,-0.33794131875038147,0.6237483620643616,0.1083097979426384,0
0.0009197763283737004,-0.022609414532780647,0.2259315272979707,-0.04683591425418854,-0.0682026743888855,0.7324789762496948,0.6757435202598572,-0.053949978202581406,-0.17160558700561523,-0.264774352312088,0.11780451983213425,-0.0321153849363327,0.32084861397743225,-0.3821847140789032,0.21404199302196503,0.0858263149857521,0.7233030796051025,-0.2748740613460541,-0.10031436383724213,0.27510395646095276,-0.005258323159068823,-0.31916576623916626,-0.3056184947490692,-0.1931624412536621,-0.33383551239967346,0.6281339526176453,0.10498759150505066,0
0.002017683582380414,-0.022344764322042465,0.22659678963947003,-0.04636145755648613,-0.06629650294780731,0.7314284443855286,0.6771025061607361,-0.057893406599760056,-0.1686251312494278,-0.2611823081970215,0.11856774240732193,-0.03500000014901161,0.3124825656414032,-0.365432471036911,0.2140827625989914,0.09149793535470963,0.694609522819519,-0.26691576838493347,-0.10437679290771484,0.2711605131626129,-0.005776446312665939,-0.31870630383491516,-0.30886563658714294,-0.1896604299545288,-0.33097121119499207,0.628113329410553,0.10274875909090042,0
0.003138332162052393,-0.02258131094276905,0.22724122015762035,-0.046076346188783646,-0.06556260585784912,0.7301540970802307,0.6785672307014465,-0.0640590488910675,-0.1638445407152176,-0.2554996609687805,0.11998311430215836,-0.03788461536169052,0.30411651730537415,-0.3464978337287903,0.21519435942173004,0.09688790142536163,0.6608086228370667,-0.25895747542381287,-0.10843922942876816,0.2660890519618988,-0.005413212347775698,-0.31878721714019775,-0.31098130345344543,-0.18635426461696625,-0.32790419459342957,0.6309956312179565,0.09803252667188644,0
0.004463054705411196,-0.022266792133450508,0.22787356583404247,-0.04555979743599892,-0.0627450942993164,0.7290722131729126,0.6800301671028137,-0.06881794333457947,-0.1614113301038742,-0.2526511549949646,0.1207801103591919,-0.04076923057436943,0.2957504391670227,-0.3291899263858795,0.2144147753715515,0.102890744805336,0.6292142271995544,-0.25099918246269226,-0.11250165849924088,0.26321837306022644,-0.005933874752372503,-0.3165229856967926,-0.3144072890281677,-0.18391074240207672,-0.3254343569278717,0.6314563155174255,0.09593077749013901,0
0.005521307699382305,-0.022131506353616714,0.22851334718990032,-0.045033231377601624,-0.06096629053354263,0.7283181548118591,0.6810343265533447,-0.0755549967288971,-0.15938763320446014,-0.24928323924541473,0.1261165291070938,-0.04365384578704834,0.28738439083099365,-0.30940598249435425,0.21322567760944366,0.10876546800136566,0.5937038660049438,-0.24304087460041046,-0.11656408756971359,0.25922325253486633,-0.006807944271713495,-0.31461745500564575,-0.31746289134025574,-0.1814580112695694,-0.3203356862068176,0.6329167485237122,0.09379316121339798,0
0.006661663297563791,-0.021939747035503387,0.2290828099660844,-0.04432562738656998,-0.057987336069345474,0.7271539568901062,0.682583212852478,-0.08144164830446243,-0.15867961943149567,-0.24558286368846893,0.12800243496894836,-0.04653846099972725,0.2790183424949646,-0.29085972905158997,0.2114461213350296,0.11789672821760178,0.5590122938156128,-0.23508256673812866,-0.12062651664018631,0.25286665558815,-0.007547363638877869,-0.3113994300365448,-0.31936630606651306,-0.17912684381008148,-0.3161846697330475,0.6292102336883545,0.09454859048128128,0
0.00772688677534461,-0.021568741649389267,0.22968280522155468,-0.04298551753163338,-0.05535859614610672,0.7267487049102783,0.6833183765411377,-0.08644697070121765,-0.15848976373672485,-0.24081286787986755,0.13252973556518555,-0.04942307621240616,0.27065229415893555,-0.2698780298233032,0.20808331668376923,0.1250041276216507,0.5222169160842896,-0.22712427377700806,-0.12468895316123962,0.24868442118167877,-0.007090296596288681,-0.3080574870109558,-0.3211521506309509,-0.17892444133758545,-0.31571465730667114,0.6248027086257935,0.09540687501430511,0
0.009343437850475311,-0.02130667120218277,0.23015704957771008,-0.040762048214673996,-0.052145328372716904,0.7270298600196838,0.6834083199501038,-0.0901586040854454,-0.15871387720108032,-0.24003033339977264,0.13785338401794434,-0.05230769142508507,0.2622862458229065,-0.25295495986938477,0.2053283005952835,0.12970857322216034,0.4902953505516052,-0.21916598081588745,-0.12875138223171234,0.2453141212463379,-0.008380374871194363,-0.3031356632709503,-0.32277029752731323,-0.1763516217470169,-0.3110271394252777,0.6223212480545044,0.0943722203373909,0
0.01096926536411047,-0.02119417116045952,0.23059162704276745,-0.03864560276269913,-0.04990082606673241,0.7271392941474915,0.6835823655128479,-0.0931832566857338,-0.15682478249073029,-0.2344861477613449,0.14207877218723297,-0.05519230663776398,0.25392016768455505,-0.2342205047607422,0.20390383899211884,0.13571998476982117,0.4560340344905853,-0.21120767295360565,-0.13281381130218506,0.24184632301330566,-0.009709995239973068,-0.30088984966278076,-0.322601854801178,-0.17658556997776031,-0.30871209502220154,0.6187077760696411,0.09449388086795807,0
0.012748705223202705,-0.020750151947140694,0.2309708019905061,-0.03586128354072571,-0.04716532304883003,0.7277417778968811,0.6832871437072754,-0.09486575424671173,-0.15597814321517944,-0.2296459972858429,0.14879301190376282,-0.058076921850442886,0.245554119348526,-0.21759766340255737,0.20219971239566803,0.14024505019187927,0.42756548523902893,-0.20324937999248505,-0.13687624037265778,0.23909246921539307,-0.011596836149692535,-0.29911965131759644,-0.3228752911090851,-0.1770879477262497,-0.30768489837646484,0.6121537089347839,0.09830576926469803,0
0.014471354894340038,-0.020549628883600235,0.2313004454784364,-0.03326943516731262,-0.04460007697343826,0.7273381948471069,0.6840198040008545,-0.0967976301908493,-0.15397818386554718,-0.22433964908123016,0.1528802067041397,-0.060961537063121796,0.23718807101249695,-0.20099112391471863,0.20016714930534363,0.14495787024497986,0.39882078766822815,-0.19529107213020325,-0.1409386694431305,0.23420530557632446,-0.011887908913195133,-0.29387494921684265,-0.3243042826652527,-0.1739785522222519,-0.30508139729499817,0.6065608859062195,0.09838639944791794,0
0.01635449379682541,-0.02013813517987728,0.2315990945510835,-0.03011469729244709,-0.04152742773294449,0.7278657555580139,0.6837982535362244,-0.09717977792024612,-0.15308141708374023,-0.2209842950105667,0.15784312784671783,-0.063846156001091,0.2288220226764679,-0.18542756140232086,0.19746141135692596,0.1474112719297409,0.3719880282878876,-0.18733277916908264,-0.1450010985136032,0.22963039577007294,-0.013240676373243332,-0.2895902097225189,-0.3267216384410858,-0.1703009158372879,-0.30345475673675537,0.5981172323226929,0.09975387901067734,0
0.01809132657945156,-0.019919291138648987,0.2317877134494752,-0.027810124680399895,-0.03964965417981148,0.7277985215187073,0.6840788125991821,-0.09685584902763367,-0.15010400116443634,-0.2169678807258606,0.16069632768630981,-0.06673076748847961,0.22045595943927765,-0.1699177473783493,0.19709086418151855,0.15091343224048615,0.3457435071468353,-0.17937448620796204,-0.14906352758407593,0.22527526319026947,-0.013544232584536076,-0.2861320376396179,-0.328451544046402,-0.16788232326507568,-0.2988782823085785,0.5907938480377197,0.09948113560676575,0
0.020129738375544548,-0.019257349893450737,0.23203703967857067,-0.025358224287629128,-0.03687606379389763,0.72784024477005,0.6842848062515259,-0.09479478746652603,-0.14595851302146912,-0.2118990272283554,0.16276486217975616,-0.06961538642644882,0.2120899111032486,-0.15347617864608765,0.1963588446378708,0.15401574969291687,0.31896522641181946,-0.17141617834568024,-0.15312597155570984,0.22049935162067413,-0.012511420994997025,-0.2814224362373352,-0.33148470520973206,-0.16531527042388916,-0.2969813644886017,0.5848293900489807,0.10110896080732346,0
0.021861115470528603,-0.01884528063237667,0.2321948727779359,-0.023438334465026855,-0.03501402959227562,0.7276449203491211,0.6846587061882019,-0.09138480573892593,-0.14136095345020294,-0.21047630906105042,0.1625034213066101,-0.07249999791383743,0.20372384786605835,-0.1385013461112976,0.19658926129341125,0.15807971358299255,0.2946801781654358,-0.16345788538455963,-0.15718840062618256,0.2163732498884201,-0.011771129444241524,-0.2777758836746216,-0.3338962495326996,-0.16597287356853485,-0.2947388291358948,0.5794549584388733,0.10274151712656021,0
0.023683985695242882,-0.018406027927994728,0.23231968490409557,-0.02112746797502041,-0.03337593376636505,0.7267824411392212,0.6857309341430664,-0.08838830888271332,-0.13650639355182648,-0.20752805471420288,0.16375260055065155,-0.07538461685180664,0.1953577995300293,-0.12333232164382935,0.19748826324939728,0.16357412934303284,0.27246370911598206,-0.15549957752227783,-0.16125082969665527,0.21160133183002472,-0.0109384311363101,-0.2751607894897461,-0.3361259698867798,-0.1645219624042511,-0.29003992676734924,0.575135350227356,0.10419600456953049,0
0.0255594439804554,-0.01781553402543068,0.23242920843887035,-0.01917083188891411,-0.03137237951159477,0.7264430522918701,0.6862424612045288,-0.08406636863946915,-0.13102316856384277,-0.2063356339931488,0.16353023052215576,-0.07826922833919525,0.18699175119400024,-0.11160124838352203,0.19878052175045013,0.16674892604351044,0.25482264161109924,-0.14754128456115723,-0.165313258767128,0.20723150670528412,-0.00975386518985033,-0.27300190925598145,-0.34006306529045105,-0.16264672577381134,-0.2870330512523651,0.5669200420379639,0.10637721419334412,0
0.027378126978874207,-0.017233986407518387,0.23252931443977062,-0.016964411363005638,-0.029908673837780952,0.724949061870575,0.687943696975708,-0.0797281265258789,-0.1250518262386322,-0.20381450653076172,0.16408143937587738,-0.08115384727716446,0.17862568795681,-0.09767597168684006,0.20061828196048737,0.17316009104251862,0.23708531260490417,-0.13958299160003662,-0.1693756878376007,0.2028186321258545,-0.008367016911506653,-0.2712547779083252,-0.3424709737300873,-0.1620120406150818,-0.28506749868392944,0.55877286195755,0.11058185249567032,0
0.029065044596791267,-0.016925491392612457,0.23260069100188915,-0.014419181272387505,-0.029215527698397636,0.7242003679275513,0.6888195276260376,-0.07773393392562866,-0.12001233547925949,-0.2009335309267044,0.1692046821117401,-0.08403845876455307,0.17025963962078094,-0.08529682457447052,0.2026546597480774,0.17868220806121826,0.22092373669147491,-0.13162468373775482,-0.17343811690807343,0.19785092771053314,-0.006427190266549587,-0.2683343291282654,-0.3456389904022217,-0.16085802018642426,-0.28174060583114624,0.5522284507751465,0.11310632526874542,0
0.030375270172953606,-0.016249990090727806,0.23269805518912975,-0.012813085690140724,-0.028119802474975586,0.7232950925827026,0.6898473501205444,-0.07562378793954849,-0.11584565043449402,-0.19793133437633514,0.17312760651111603,-0.08692307770252228,0.1618935763835907,-0.07270529866218567,0.20340809226036072,0.18250514566898346,0.20458930730819702,-0.12366639077663422,-0.17750054597854614,0.19145567715168,-0.006448432803153992,-0.2639177739620209,-0.3479827344417572,-0.16051429510116577,-0.27804189920425415,0.5430521965026855,0.11752264201641083,0
0.03207068517804146,-0.015733983367681503,0.2327630838565797,-0.011031635105609894,-0.027175478637218475,0.7228493690490723,0.6903828978538513,-0.07118046283721924,-0.10971903800964355,-0.19644446671009064,0.1731673926115036,-0.08980768918991089,0.15352752804756165,-0.06154833361506462,0.2060016244649887,0.18511761724948883,0.18873333930969238,-0.11570809036493301,-0.18156297504901886,0.1859951764345169,-0.005624699871987104,-0.26161256432533264,-0.3531618118286133,-0.15892229974269867,-0.27197548747062683,0.5371793508529663,0.11620411276817322,0
0.034074779599905014,-0.01510905846953392,0.23281452266502087,-0.008195104077458382,-0.025625912472605705,0.7220448851585388,0.6913228631019592,-0.06680503487586975,-0.10391026735305786,-0.1920153647661209,0.17520570755004883,-0.0926923081278801,0.1451614797115326,-0.05037849768996239,0.20778177678585052,0.18639452755451202,0.17497798800468445,-0.10774978995323181,-0.18562540411949158,0.18237082660198212,-0.0036002094857394695,-0.2587360739707947,-0.35535597801208496,-0.15999631583690643,-0.270584374666214,0.5288122892379761,0.12167341262102127,0
0.03628874197602272,-0.014305190183222294,0.23276877610015576,-0.005826400127261877,-0.025036249309778214,0.7209007740020752,0.6925613880157471,-0.06203828379511833,-0.09558593481779099,-0.18588612973690033,0.1789674162864685,-0.09557691961526871,0.13679541647434235,-0.04027566313743591,0.21324968338012695,0.18610426783561707,0.1662694364786148,-0.09979148954153061,-0.1896878331899643,0.1803901642560959,-0.0043482668697834015,-0.25721773505210876,-0.35857293009757996,-0.16233696043491364,-0.264710396528244,0.5257880091667175,0.1254584640264511,0
0.037905797362327576,-0.013544181361794472,0.2327085754089326,-0.004037388134747744,-0.02406768873333931,0.720792829990387,0.6927208304405212,-0.059289075434207916,-0.09069936722517014,-0.18467257916927338,0.18497656285762787,-0.09846153855323792,0.1284293681383133,-0.03510625287890434,0.21688038110733032,0.18600726127624512,0.1626172810792923,-0.09183319658041,-0.1937502771615982,0.17552144825458527,-0.0033262872602790594,-0.25359317660331726,-0.36266082525253296,-0.1596147119998932,-0.2594163119792938,0.5193148255348206,0.1263287514448166,0
0.03977080062031746,-0.013142785057425499,0.2325218936614961,-0.00150621950160712,-0.023849325254559517,0.7193858623504639,0.6941994428634644,-0.055580466985702515,-0.08444461971521378,-0.18139095604419708,0.1902608573436737,-0.10134615004062653,0.12006331235170364,-0.029214292764663696,0.22160691022872925,0.18820765614509583,0.16146132349967957,-0.0838748961687088,-0.19781270623207092,0.17154164612293243,-0.0017560040578246117,-0.2533717453479767,-0.3666433095932007,-0.1586863100528717,-0.2563721537590027,0.5171678066253662,0.1277415156364441,0
0.041675418615341187,-0.012711362913250923,0.2323203703575105,0.0014143056469038129,-0.024059699848294258,0.7184733152389526,0.6951368451118469,-0.05228950455784798,-0.07803139090538025,-0.17668209969997406,0.19868801534175873,-0.10423076897859573,0.111697256565094,-0.023009421303868294,0.22670388221740723,0.18918843567371368,0.16092008352279663,-0.0759165957570076,-0.20187513530254364,0.17120979726314545,-0.0020919505041092634,-0.25166791677474976,-0.36780813336372375,-0.15677005052566528,-0.25417008996009827,0.5145214200019836,0.1291067749261856,0
0.04311726987361908,-0.0120560796931386,0.23212814537810986,0.00374994776211679,-0.024306312203407288,0.7174570560455322,0.6961684226989746,-0.0485139824450016,-0.07290051877498627,-0.1729690283536911,0.2064223736524582,-0.10711538046598434,0.10333120077848434,-0.019110461696982384,0.23068742454051971,0.18807868659496307,0.1657603234052658,-0.0679582953453064,-0.20593756437301636,0.17359784245491028,-0.0012625523377209902,-0.2508203983306885,-0.3702772259712219,-0.15567074716091156,-0.25499817728996277,0.5106432437896729,0.1304922103881836,0
0.044651471078395844,-0.011846600100398064,0.23188555447387402,0.007033171132206917,-0.025163503363728523,0.7167827486991882,0.6968069076538086,-0.043651267886161804,-0.06793376058340073,-0.1702532023191452,0.21343518793582916,-0.10999999940395355,0.0949651449918747,-0.015002216212451458,0.2348097711801529,0.18668220937252045,0.17002898454666138,-0.05999999865889549,-0.20999999344348907,0.17630155384540558,-0.0004253906663507223,-0.24966953694820404,-0.3711602985858917,-0.1549682319164276,-0.2540428340435028,0.5067921876907349,0.13132987916469574,0
0.045961130410432816,-0.011686711572110653,0.2316673716716737,0.010459226556122303,-0.02632160671055317,0.7158041000366211,0.6977265477180481,-0.03919994458556175,-0.06373853981494904,-0.16646996140480042,0.22058042883872986,-0.11352941393852234,0.08659909665584564,-0.01240139827132225,0.23854048550128937,0.18538853526115417,0.1782613843679428,-0.05725489929318428,-0.21215686202049255,0.1788989156484604,0.000982089783065021,-0.24914853274822235,-0.37361660599708557,-0.1537064015865326,-0.2520323395729065,0.5013354420661926,0.13147684931755066,0
0.04736046493053436,-0.011492048390209675,0.23141926733779614,0.01426745019853115,-0.027196004986763,0.7147508859634399,0.6987044811248779,-0.033716727048158646,-0.060246046632528305,-0.1638932228088379,0.2266473025083542,-0.11705882102251053,0.07823304086923599,-0.008752238936722279,0.2417735457420349,0.18521541357040405,0.18478374183177948,-0.05450980365276337,-0.21431371569633484,0.18181248009204865,0.002725458238273859,-0.2492845356464386,-0.3783210813999176,-0.15134547650814056,-0.25053244829177856,0.4973977208137512,0.1306856870651245,0
0.04873596131801605,-0.01138362381607294,0.23115644065665905,0.018545443192124367,-0.028226681053638458,0.7132530212402344,0.7000924348831177,-0.028303707018494606,-0.057459358125925064,-0.15992054343223572,0.23290568590164185,-0.12058823555707932,0.06986698508262634,-0.004335441160947084,0.24428659677505493,0.1845090687274933,0.19138824939727783,-0.051764704287052155,-0.21647058427333832,0.18625378608703613,0.0034847245551645756,-0.2513536810874939,-0.3811781704425812,-0.15000273287296295,-0.2485157549381256,0.49319180846214294,0.13017618656158447,0
0.04929846152663231,-0.011240172199904919,0.23106777874755566,0.02117958664894104,-0.028590980917215347,0.7127466201782227,0.7005185484886169,-0.02102665789425373,-0.0565861240029335,-0.16047318279743195,0.23095472157001495,-0.1241176426410675,0.06150092929601669,-0.00006647532427450642,0.2437894493341446,0.18196037411689758,0.19172930717468262,-0.04901960492134094,-0.2186274379491806,0.18705514073371887,0.003598222741857171,-0.24851739406585693,-0.3859310746192932,-0.1488848775625229,-0.24667544662952423,0.486288458108902,0.1301521360874176,0
0.05014202743768692,-0.01114661619067192,0.23090216724204723,0.02389891818165779,-0.02893500216305256,0.7119700312614441,0.7012063264846802,-0.015334674157202244,-0.05509820207953453,-0.15903517603874207,0.23079991340637207,-0.1276470571756363,0.05313487723469734,0.003963625989854336,0.24447166919708252,0.1815856397151947,0.19236233830451965,-0.04627450928092003,-0.22078430652618408,0.1885814368724823,0.0046614487655460835,-0.2480625957250595,-0.38889697194099426,-0.1487208753824234,-0.24422447383403778,0.48161593079566956,0.1305338442325592,0
0.05029882490634918,-0.011298270896077156,0.23085928170013134,0.025753052905201912,-0.029211781919002533,0.7113649845123291,0.7017430067062378,-0.010011374950408936,-0.05564170703291893,-0.1604538857936859,0.22708404064178467,-0.13117647171020508,0.04476882144808769,0.009185218252241611,0.24275057017803192,0.18328142166137695,0.18727584183216095,-0.043529409915208817,-0.22294117510318756,0.1886100172996521,0.005335168447345495,-0.24754808843135834,-0.394137978553772,-0.14762279391288757,-0.24277444183826447,0.47686514258384705,0.13105705380439758,0
0.05069892108440399,-0.011341135017573833,0.23081669418143932,0.02738909423351288,-0.029025821015238762,0.7107492685317993,0.7023124694824219,-0.005381005350500345,-0.0551726296544075,-0.15979936718940735,0.2231643944978714,-0.13470588624477386,0.03640276938676834,0.015412288717925549,0.2413981705904007,0.18408842384815216,0.17921993136405945,-0.0407843142747879,-0.22509802877902985,0.18774385750293732,0.006198013201355934,-0.24740269780158997,-0.39788660407066345,-0.1471104919910431,-0.23918408155441284,0.4741026759147644,0.1300734132528305,0
0.050745122134685516,-0.01162484847009182,0.2307881435565919,0.029136711731553078,-0.029041172936558723,0.7100054621696472,0.7029935121536255,-0.001953140599653125,-0.05659322813153267,-0.16037583351135254,0.22021274268627167,-0.13823528587818146,0.02803671360015869,0.01980992779135704,0.23858052492141724,0.18352872133255005,0.17413337528705597,-0.03803921490907669,-0.22725489735603333,0.1870630830526352,0.00684932479634881,-0.24767205119132996,-0.40198561549186707,-0.14691756665706635,-0.23598457872867584,0.4716971516609192,0.12961779534816742,0
0.05091409385204315,-0.011491602286696434,0.23075592724609081,0.030698012560606003,-0.029394367709755898,0.7087899446487427,0.7041381001472473,0.0025000704918056726,-0.05677957460284233,-0.16004645824432373,0.21868903934955597,-0.14176470041275024,0.025963805615901947,0.025648057460784912,0.23750975728034973,0.18453249335289001,0.17098192870616913,-0.03529411554336548,-0.2294117510318756,0.1876469850540161,0.008289304561913013,-0.2487618774175644,-0.40391021966934204,-0.14749287068843842,-0.23117682337760925,0.47063562273979187,0.12830306589603424,0
0.05117962509393692,-0.011544086039066315,0.23072371093558972,0.03326660767197609,-0.029752647504210472,0.708037793636322,0.7047627568244934,0.006906451657414436,-0.05783022940158844,-0.15976481139659882,0.21829181909561157,-0.14529411494731903,0.022288287058472633,0.030321085825562477,0.23552994430065155,0.18336047232151031,0.16941159963607788,-0.032549019902944565,-0.2315686196088791,0.18869520723819733,0.009250779636204243,-0.25000518560409546,-0.4066108465194702,-0.14660435914993286,-0.22861026227474213,0.46842336654663086,0.12680043280124664,0
0.05131244286894798,-0.011501743458211422,0.23072478381919567,0.03513206169009209,-0.029828306287527084,0.7069615721702576,0.7057487964630127,0.01089614536613226,-0.05895430967211723,-0.15951105952262878,0.21635083854198456,-0.14882352948188782,0.019842810928821564,0.03556208685040474,0.23324261605739594,0.18345330655574799,0.16602618992328644,-0.029803920537233353,-0.23372548818588257,0.18878279626369476,0.011079798452556133,-0.24986572563648224,-0.4095582962036133,-0.145461767911911,-0.2247864007949829,0.466534286737442,0.12486810237169266,0
0.051283031702041626,-0.011402777396142483,0.2307528278045625,0.037085387855768204,-0.029849203303456306,0.706480860710144,0.7061291933059692,0.014399534091353416,-0.06136548891663551,-0.16014178097248077,0.21598656475543976,-0.1523529440164566,0.017868805676698685,0.03958466276526451,0.23039628565311432,0.1822367012500763,0.16432857513427734,-0.02705882303416729,-0.23588234186172485,0.18962448835372925,0.011743591167032719,-0.24871765077114105,-0.41238102316856384,-0.14516952633857727,-0.22223016619682312,0.4634898006916046,0.12391888350248337,0
0.05131790414452553,-0.011354533024132252,0.23076990453529064,0.038943249732255936,-0.02968214824795723,0.7055696249008179,0.7069469094276428,0.017380665987730026,-0.06372266262769699,-0.1599634438753128,0.21496593952178955,-0.1558823436498642,0.016867563128471375,0.044437725096940994,0.2276008278131485,0.18352192640304565,0.16093818843364716,-0.024313725531101227,-0.23803921043872833,0.1897408664226532,0.013021844439208508,-0.24901241064071655,-0.4148796498775482,-0.14470124244689941,-0.21880726516246796,0.4612559378147125,0.1217762678861618,0
0.05124557763338089,-0.011286739259958267,0.230816515367505,0.040431197732686996,-0.029427649453282356,0.7047644257545471,0.7076767683029175,0.019305650144815445,-0.06608990579843521,-0.15900465846061707,0.21448363363742828,-0.15941175818443298,0.015222848393023014,0.04869300127029419,0.22453585267066956,0.18391090631484985,0.1574047952890396,-0.021568626165390015,-0.2401960790157318,0.19018340110778809,0.014325459487736225,-0.24881641566753387,-0.41717320680618286,-0.1446467787027359,-0.21709418296813965,0.4585982859134674,0.12042133510112762,0
0.051065631210803986,-0.01121100876480341,0.2308642288856477,0.041643086820840836,-0.029619280248880386,0.7038435339927673,0.7085145115852356,0.021561091765761375,-0.06824811547994614,-0.15795014798641205,0.21358127892017365,-0.16294117271900177,0.015403293073177338,0.053659599274396896,0.22183075547218323,0.18516789376735687,0.1538473516702652,-0.01882352866232395,-0.2423529326915741,0.19045092165470123,0.014695287682116032,-0.24957773089408875,-0.4190421402454376,-0.1447630673646927,-0.21481364965438843,0.4558170735836029,0.1201801672577858,0
0.050858933478593826,-0.01119767501950264,0.23092416135596935,0.04270359128713608,-0.029601752758026123,0.7028523087501526,0.7094355821609497,0.022715840488672256,-0.07053730636835098,-0.1564815640449524,0.2130877673625946,-0.16647058725357056,0.014843195676803589,0.058359358459711075,0.21892330050468445,0.18682646751403809,0.14955364167690277,-0.01607843115925789,-0.24450980126857758,0.18993772566318512,0.01547165121883154,-0.24960027635097504,-0.4208216667175293,-0.1445087045431137,-0.2129368633031845,0.45286449790000916,0.12004206329584122,0
0.05065375566482544,-0.011254530400037766,0.23096966950225536,0.04372348636388779,-0.029731767252087593,0.7022973895072937,0.7099173665046692,0.022829540073871613,-0.0727919340133667,-0.15593451261520386,0.2146560251712799,-0.17000000178813934,0.014402960427105427,0.06256064772605896,0.21634593605995178,0.18864388763904572,0.1452648788690567,-0.013333332724869251,-0.24666665494441986,0.1906483769416809,0.015539407730102539,-0.24918676912784576,-0.4231029152870178,-0.14383414387702942,-0.21309316158294678,0.4497479796409607,0.12010015547275543,0
0.0505245067179203,-0.0113002834841609,0.23098087517547314,0.0451342947781086,-0.030334366485476494,0.7014434933662415,0.7106474041938782,0.023193972185254097,-0.07491178810596466,-0.15530426800251007,0.21811775863170624,-0.17352940142154694,0.014485499821603298,0.06788801401853561,0.2142896056175232,0.19095635414123535,0.141850546002388,-0.010588235221803188,-0.24882352352142334,0.19204486906528473,0.015691528096795082,-0.24934935569763184,-0.4249288737773895,-0.1428314596414566,-0.2124231457710266,0.4471312463283539,0.12054425477981567,0
0.050333429127931595,-0.011339961551129818,0.23099774328994457,0.046367302536964417,-0.031025853008031845,0.7008429169654846,0.7111305594444275,0.02302461676299572,-0.07701361179351807,-0.15489301085472107,0.22233620285987854,-0.17705881595611572,0.014691883698105812,0.07243756949901581,0.21220579743385315,0.1916324943304062,0.13938143849372864,-0.00784313678741455,-0.2509803771972656,0.194451704621315,0.014949312433600426,-0.2489800900220871,-0.42700621485710144,-0.1413622349500656,-0.21264663338661194,0.4451029896736145,0.11993048340082169,0
0.05010516569018364,-0.011455502361059189,0.23101425377654736,0.04780866578221321,-0.03184535726904869,0.7004638314247131,0.7113723158836365,0.022929443046450615,-0.07946396619081497,-0.15531355142593384,0.22691483795642853,-0.1805882304906845,0.014719181694090366,0.07589621841907501,0.21005992591381073,0.19155849516391754,0.13867639005184174,-0.005098039284348488,-0.2531372606754303,0.19702090322971344,0.013749629259109497,-0.24873429536819458,-0.4288335144519806,-0.1398201435804367,-0.21442444622516632,0.4426169991493225,0.1201920360326767,0
0.04990934208035469,-0.011488130316138268,0.23103082386779492,0.04870445653796196,-0.03232375532388687,0.6998752951622009,0.7118691205978394,0.02356223203241825,-0.08130425959825516,-0.15559716522693634,0.2285778820514679,-0.1841176450252533,0.015355625189840794,0.07920944690704346,0.20840349793434143,0.19222421944141388,0.13704966008663177,-0.002352941082790494,-0.2552941143512726,0.19981186091899872,0.013019440695643425,-0.24825625121593475,-0.42995885014533997,-0.13927283883094788,-0.21521273255348206,0.44051292538642883,0.12029731273651123,0
0.04973488301038742,-0.011499530635774136,0.23104799000549023,0.04933839663863182,-0.03285207599401474,0.6989479660987854,0.7127118706703186,0.023214615881443024,-0.08270126581192017,-0.1553298681974411,0.23108431696891785,-0.18764705955982208,0.01597205363214016,0.08220762014389038,0.20730429887771606,0.19323669373989105,0.1362362951040268,0.0003921568568330258,-0.25745096802711487,0.20221327245235443,0.012422963045537472,-0.24922339618206024,-0.43020060658454895,-0.1387055516242981,-0.2156853973865509,0.4389358162879944,0.12061525136232376,0
0.049599163234233856,-0.011579637415707111,0.2310681363754243,0.0500214546918869,-0.033459410071372986,0.698194682598114,0.7133740782737732,0.023347973823547363,-0.08369004726409912,-0.1553642600774765,0.23276284337043762,-0.19117645919322968,0.016168560832738876,0.08579511195421219,0.20635589957237244,0.19463737308979034,0.1337241381406784,0.0031372548546642065,-0.25960782170295715,0.2046680599451065,0.011735153384506702,-0.2498025745153427,-0.43033838272094727,-0.13804391026496887,-0.21713899075984955,0.4372205138206482,0.12075929343700409,0
0.049424268305301666,-0.01160404458642006,0.23110288588332836,0.050245098769664764,-0.033802445977926254,0.6975550651550293,0.7139676213264465,0.02271391451358795,-0.08460016548633575,-0.15596085786819458,0.23440641164779663,-0.19470587372779846,0.01628105342388153,0.08853109925985336,0.20545703172683716,0.19555890560150146,0.13107064366340637,0.005882352590560913,-0.2617647051811218,0.20623157918453217,0.010464126244187355,-0.24934031069278717,-0.43024396896362305,-0.1373395472764969,-0.217483788728714,0.4357338547706604,0.1209542378783226,0
0.04929862171411514,-0.011569315567612648,0.23112929074096386,0.0497654564678669,-0.03393958508968353,0.696613073348999,0.7149137854576111,0.021516842767596245,-0.08446069061756134,-0.15569835901260376,0.235032320022583,-0.19823528826236725,0.016662074252963066,0.09060194343328476,0.20547567307949066,0.1974300593137741,0.1284063458442688,0.00862745102494955,-0.2639215588569641,0.20692390203475952,0.009904454462230206,-0.24855290353298187,-0.4288853108882904,-0.13806447386741638,-0.21605706214904785,0.43503472208976746,0.12093527615070343,0
0.0493004135787487,-0.011616385541856289,0.23114028779792492,0.049697231501340866,-0.03392001613974571,0.6961247324943542,0.7153949737548828,0.018596339970827103,-0.08458024263381958,-0.15608161687850952,0.23926861584186554,-0.20176470279693604,0.015220925211906433,0.09179025143384933,0.2055329531431198,0.19826926290988922,0.1259733885526657,0.011372548528015614,-0.2660784125328064,0.2088680863380432,0.009236632846295834,-0.24746520817279816,-0.4280700385570526,-0.13755033910274506,-0.21691398322582245,0.43462076783180237,0.1196967139840126,0
0.04923342540860176,-0.01164584793150425,0.23113802282142346,0.04943031072616577,-0.03400154411792755,0.6952803730964661,0.7162302136421204,0.01561794150620699,-0.08477864414453506,-0.15621523559093475,0.2433585226535797,-0.20529411733150482,0.015020928345620632,0.09368124604225159,0.20544329285621643,0.19945365190505981,0.12324073910713196,0.014117646962404251,-0.26823529601097107,0.2108999639749527,0.009579782374203205,-0.24659253656864166,-0.4282204508781433,-0.13607004284858704,-0.2180606871843338,0.4340950548648834,0.11864560842514038,0
0.04935610666871071,-0.01167649682611227,0.23109272329139416,0.04944664239883423,-0.03426650911569595,0.6945974826812744,0.7168787717819214,0.012449594214558601,-0.08441948890686035,-0.15668605268001556,0.24948103725910187,-0.2088235318660736,0.014303546398878098,0.09489423781633377,0.20643413066864014,0.19981235265731812,0.12228448688983917,0.016862744465470314,-0.27039214968681335,0.21322797238826752,0.008897160179913044,-0.24658216536045074,-0.42713847756385803,-0.13449276983737946,-0.21895022690296173,0.43542391061782837,0.1169261708855629,0
0.049558937549591064,-0.011767582036554813,0.23104462234306042,0.0495341494679451,-0.0342692956328392,0.6942632794380188,0.7171962261199951,0.009063219651579857,-0.08380141109228134,-0.15702824294567108,0.255468487739563,-0.2123529314994812,0.011819930747151375,0.09520942717790604,0.20732122659683228,0.1994251012802124,0.12121659517288208,0.019607841968536377,-0.27254900336265564,0.21594497561454773,0.007949698716402054,-0.24505460262298584,-0.42672786116600037,-0.13345474004745483,-0.2202429175376892,0.43690645694732666,0.11445315182209015,0
0.0497734360396862,-0.011855618096888065,0.23099193183707897,0.04961174726486206,-0.03460932895541191,0.6940562725067139,0.7173749208450317,0.007381082512438297,-0.08256257325410843,-0.15926948189735413,0.2601441442966461,-0.21588234603405,0.009246070869266987,0.09587199985980988,0.20877231657505035,0.198497474193573,0.12013689428567886,0.02235294133424759,-0.2747058868408203,0.21918553113937378,0.006173763424158096,-0.24314744770526886,-0.4252959191799164,-0.13316456973552704,-0.22221876680850983,0.43893465399742126,0.11295697838068008,0
0.05025852471590042,-0.011900833807885647,0.23090043870734875,0.05007367581129074,-0.035232849419116974,0.6936418414115906,0.7177132368087769,0.0023144527804106474,-0.08068950474262238,-0.15924198925495148,0.27171894907951355,-0.21941176056861877,0.005035144742578268,0.09671362489461899,0.21148352324962616,0.1976601481437683,0.12067917734384537,0.025098038837313652,-0.2768627405166626,0.22376930713653564,0.006029236596077681,-0.23976780474185944,-0.4251900911331177,-0.13125258684158325,-0.22480358183383942,0.4401721656322479,0.11153843253850937,0
0.05093490332365036,-0.012173986062407494,0.23074448315429394,0.05022303760051727,-0.03546733036637306,0.6934614777565002,0.717865526676178,-0.002626940840855241,-0.07827576249837875,-0.1620042473077774,0.28110378980636597,-0.22294117510318756,0.0021807316225022078,0.09596899896860123,0.21516595780849457,0.19750623404979706,0.12008049339056015,0.027843136340379715,-0.2790195941925049,0.22708654403686523,0.004017477389425039,-0.2380514293909073,-0.4227800965309143,-0.1310766339302063,-0.22715793550014496,0.4424987733364105,0.1107541173696518,0
0.05187248811125755,-0.01224798709154129,0.23053321449088757,0.0507044717669487,-0.036091551184654236,0.6933525800704956,0.7179057002067566,-0.0083148879930377,-0.07488209009170532,-0.16315340995788574,0.29481932520866394,-0.22647058963775635,-0.0017313064308837056,0.09468620270490646,0.22041697800159454,0.1967046558856964,0.12303357571363449,0.030588233843445778,-0.28117647767066956,0.2328231930732727,0.0021650835406035185,-0.23601241409778595,-0.41980254650115967,-0.13200102746486664,-0.23001353442668915,0.4445337951183319,0.11089631170034409,0
0.05282837152481079,-0.012437349185347557,0.2303037664108247,0.05055231973528862,-0.03644324094057083,0.6929465532302856,0.7182906270027161,-0.014611597172915936,-0.0709245428442955,-0.16589713096618652,0.3068664073944092,-0.22999998927116394,-0.005186670459806919,0.09280400723218918,0.2264484018087387,0.19782134890556335,0.12460634857416153,0.03333333134651184,-0.28333333134651184,0.23743882775306702,0.0000904843327589333,-0.23435765504837036,-0.4163602888584137,-0.13364028930664062,-0.23161427676677704,0.4471499025821686,0.11010577529668808,0
0.0538751445710659,-0.012662706896662712,0.23005256263541882,0.050773199647665024,-0.03641102463006973,0.6927167177200317,0.7184983491897583,-0.020242150872945786,-0.06717822700738907,-0.16823671758174896,0.31792813539505005,-0.23352940380573273,-0.009808726608753204,0.09021753072738647,0.2316134124994278,0.1970442533493042,0.12695299088954926,0.03607843071222305,-0.2854901850223541,0.24216827750205994,-0.0008841838571242988,-0.23126192390918732,-0.41438189148902893,-0.1350599080324173,-0.23369616270065308,0.44777193665504456,0.11014371365308762,0
0.054877374321222305,-0.012954936362802982,0.2297910174541444,0.05078870803117752,-0.036822572350502014,0.6921238303184509,0.7190474271774292,-0.026188788935542107,-0.062476661056280136,-0.168436661362648,0.3289116621017456,-0.2370588183403015,-0.014804965816438198,0.0875762552022934,0.23742204904556274,0.19658546149730682,0.13004423677921295,0.038823530077934265,-0.2876470386981964,0.247081458568573,-0.002447387669235468,-0.23013992607593536,-0.4109089970588684,-0.13706961274147034,-0.2346610426902771,0.4476330280303955,0.11020249128341675,0
0.05572926253080368,-0.013127527199685574,0.2295110544376344,0.05043443292379379,-0.03742266818881035,0.6911780834197998,0.7199505567550659,-0.03594445437192917,-0.05850963667035103,-0.1671762764453888,0.34593236446380615,-0.2405882328748703,-0.018714560195803642,0.08491604775190353,0.24318961799144745,0.1969260722398758,0.13468576967716217,0.04156862571835518,-0.2898039221763611,0.25228792428970337,-0.0025169281288981438,-0.2289516031742096,-0.40845346450805664,-0.1383589208126068,-0.23563054203987122,0.4465586245059967,0.11085846275091171,0
0.05677695944905281,-0.013451595790684223,0.22918760983276074,0.050819024443626404,-0.03755013644695282,0.690733015537262,0.7203438878059387,-0.04511924460530281,-0.055132847279310226,-0.16819921135902405,0.3626517951488495,-0.2441176474094391,-0.024135353043675423,0.08119799941778183,0.2483946532011032,0.1968582719564438,0.13949163258075714,0.04431372508406639,-0.29196077585220337,0.2578534781932831,-0.0027451561763882637,-0.22728219628334045,-0.40638285875320435,-0.1388060748577118,-0.23703491687774658,0.4440714418888092,0.1101369634270668,0
0.05758656561374664,-0.013760224916040897,0.2288667878322572,0.05070420727133751,-0.03864693641662598,0.6902144551277161,0.7207908630371094,-0.0546596422791481,-0.05117320269346237,-0.16864874958992004,0.3809153735637665,-0.24764704704284668,-0.027991723269224167,0.07771763205528259,0.2548445761203766,0.1989765465259552,0.14584900438785553,0.047058820724487305,-0.29411762952804565,0.2637830078601837,-0.004748519044369459,-0.22781117260456085,-0.40170297026634216,-0.14058376848697662,-0.23590530455112457,0.44266659021377563,0.10964461416006088,0
0.05861063674092293,-0.014242232777178288,0.22848430482673351,0.05105113610625267,-0.03873999044299126,0.6901458501815796,0.720827043056488,-0.06495560705661774,-0.048461709171533585,-0.17101995646953583,0.3986497223377228,-0.25117647647857666,-0.03208330273628235,0.07300778478384018,0.26032185554504395,0.20003220438957214,0.14996011555194855,0.04980392009019852,-0.2962745130062103,0.2685283422470093,-0.006221782881766558,-0.22715644538402557,-0.39803794026374817,-0.1413460522890091,-0.23650811612606049,0.4407538175582886,0.10865770280361176,0
0.05948890373110771,-0.014581046998500824,0.22811457721519177,0.05071474611759186,-0.039720721542835236,0.6894957423210144,0.7214193344116211,-0.07653526961803436,-0.04407842829823494,-0.1716206967830658,0.4191947877407074,-0.25470587611198425,-0.037056244909763336,0.0691988617181778,0.26716750860214233,0.20134003460407257,0.15523523092269897,0.05254901945590973,-0.2984313666820526,0.27599063515663147,-0.007243698928505182,-0.22819603979587555,-0.3934687376022339,-0.14436347782611847,-0.238284170627594,0.44121596217155457,0.10899815708398819,0
0.06053923815488815,-0.015219492837786674,0.22765313295650189,0.05064781382679939,-0.039788875728845596,0.6885529160499573,0.7223202586174011,-0.09089494496583939,-0.04123668000102043,-0.17173781991004944,0.43991923332214355,-0.25823527574539185,-0.039542071521282196,0.06351526081562042,0.27358657121658325,0.20357096195220947,0.15954428911209106,0.05529411509633064,-0.3005882203578949,0.28081363439559937,-0.008904611691832542,-0.22846467792987823,-0.38978710770606995,-0.14553137123584747,-0.2399890422821045,0.44225189089775085,0.10975539684295654,0
0.06179651990532875,-0.015636565163731575,0.22718595175075237,0.05010511353611946,-0.03933250904083252,0.6884817481040955,0.7224509119987488,-0.10317664593458176,-0.037457436323165894,-0.1754457652568817,0.45786964893341064,-0.2617647051811218,-0.043461740016937256,0.058427345007658005,0.28129661083221436,0.2063213586807251,0.1596570760011673,0.058039214462041855,-0.30274510383605957,0.28505316376686096,-0.011071039363741875,-0.22485308349132538,-0.38700753450393677,-0.14488470554351807,-0.2418808937072754,0.4449681341648102,0.10984138399362564,0
0.06289730966091156,-0.01627599447965622,0.22671996263789837,0.05045704543590546,-0.03961402177810669,0.6883094310760498,0.7225752472877502,-0.11341739445924759,-0.033545736223459244,-0.17627432942390442,0.47409480810165405,-0.2652941048145294,-0.048422276973724365,0.052008356899023056,0.2882705330848694,0.2068450003862381,0.1644424945116043,0.06078431382775307,-0.30490195751190186,0.29213422536849976,-0.013206432573497295,-0.22253364324569702,-0.3865833580493927,-0.14379963278770447,-0.2452903389930725,0.44797733426094055,0.1091480627655983,0
0.06372924894094467,-0.016862427815794945,0.22631181983279888,0.04887009412050247,-0.03961644694209099,0.688299834728241,0.7226933240890503,-0.12893246114253998,-0.029526375234127045,-0.17879723012447357,0.4929504990577698,-0.2688235342502594,-0.05261234939098358,0.04502172768115997,0.29618003964424133,0.20903022587299347,0.16422584652900696,0.06352940946817398,-0.30705881118774414,0.2970666289329529,-0.01465417817234993,-0.21908943355083466,-0.3863869905471802,-0.14431825280189514,-0.24967965483665466,0.4520111680030823,0.10986964404582977,0
0.0647810623049736,-0.01749379187822342,0.22580538896846478,0.04813186079263687,-0.039251819252967834,0.6877474784851074,0.723288357257843,-0.14207807183265686,-0.025761090219020844,-0.18106845021247864,0.5091881155967712,-0.272352933883667,-0.056547123938798904,0.037261784076690674,0.30355286598205566,0.21015024185180664,0.16616050899028778,0.06627450883388519,-0.3092156648635864,0.3027676045894623,-0.016596732661128044,-0.2163333296775818,-0.38689881563186646,-0.14510197937488556,-0.2511262595653534,0.45678117871284485,0.10948068648576736,0
0.06590554863214493,-0.018144870176911354,0.2252257188968629,0.04709610715508461,-0.038977328687906265,0.6875048279762268,0.7236019968986511,-0.15743054449558258,-0.022113094106316566,-0.18395790457725525,0.5278941988945007,-0.2758823335170746,-0.05884796380996704,0.029098190367221832,0.31253746151924133,0.2127990871667862,0.16590365767478943,0.0690196081995964,-0.3113725483417511,0.30708765983581543,-0.01827317290008068,-0.21080587804317474,-0.3876550495624542,-0.14382438361644745,-0.2526305317878723,0.46246492862701416,0.10927596688270569,0
0.06677834689617157,-0.01883244886994362,0.22469936518001263,0.04599888250231743,-0.03850371018052101,0.687230110168457,0.7239587903022766,-0.17185887694358826,-0.018991876393556595,-0.18616215884685516,0.5442121624946594,-0.27941176295280457,-0.06247201934456825,0.0215036291629076,0.3198311924934387,0.21521684527397156,0.16340307891368866,0.07176470756530762,-0.3135294020175934,0.31394562125205994,-0.019425328820943832,-0.20531275868415833,-0.38937053084373474,-0.14432471990585327,-0.2549562454223633,0.4667937755584717,0.10896721482276917,0
0.068033866584301,-0.01940019428730011,0.22402385083961193,0.04483659192919731,-0.0377180315554142,0.6865476965904236,0.7247201800346375,-0.1878764033317566,-0.01573122665286064,-0.1892731785774231,0.5631174445152283,-0.28294116258621216,-0.06315469741821289,0.015893323346972466,0.32834184169769287,0.21772292256355286,0.1574890911579132,0.07450979948043823,-0.31568625569343567,0.31881949305534363,-0.018767010420560837,-0.20032446086406708,-0.3922649621963501,-0.14119736850261688,-0.25483596324920654,0.47227540612220764,0.10832586139440536,0
0.06928103417158127,-0.02009422890841961,0.22334976701068585,0.04323744401335716,-0.03734302520751953,0.6864182353019714,0.7249593734741211,-0.2019626796245575,-0.011359645053744316,-0.19447968900203705,0.578511118888855,-0.28647059202194214,-0.06377092003822327,0.009945332072675228,0.33829933404922485,0.22053532302379608,0.1493198573589325,0.07725489884614944,-0.31784313917160034,0.3250114619731903,-0.019601672887802124,-0.19655126333236694,-0.3938920199871063,-0.14045418798923492,-0.2564445734024048,0.47786539793014526,0.10813568532466888,0
0.07048507779836655,-0.020464936271309853,0.2226917913370103,0.041365597397089005,-0.03692398965358734,0.6863203644752502,0.7251826524734497,-0.21599377691745758,-0.007608066312968731,-0.20048967003822327,0.595471978187561,-0.28999999165534973,-0.0634126216173172,0.00645650178194046,0.34792426228523254,0.22389020025730133,0.13878871500492096,0.07999999821186066,-0.3199999928474426,0.3317933976650238,-0.020932117477059364,-0.19194720685482025,-0.39384984970092773,-0.14000995457172394,-0.25696778297424316,0.48297008872032166,0.10918286442756653,0
0.07183901220560074,-0.021073702722787857,0.22201585976409619,0.040261100977659225,-0.0362456738948822,0.686812162399292,0.7248132824897766,-0.2304207980632782,-0.004527066368609667,-0.2067834883928299,0.6116483807563782,-0.29138460755348206,-0.06463044881820679,0.0025257125962525606,0.35638776421546936,0.22493009269237518,0.12621355056762695,0.0865972489118576,-0.3224615454673767,0.33855077624320984,-0.02320885844528675,-0.18593327701091766,-0.3929539918899536,-0.14058350026607513,-0.26208794116973877,0.4880198836326599,0.11007648706436157,0
0.07314400374889374,-0.02132672257721424,0.22135287730025952,0.03856034576892853,-0.03598233312368393,0.6871457099914551,0.7246027588844299,-0.24616584181785583,-0.0009534129058010876,-0.21222560107707977,0.631520688533783,-0.2927692234516144,-0.0647984966635704,0.0011502524139359593,0.3656608462333679,0.2285171002149582,0.11267121881246567,0.09319449216127396,-0.3249230682849884,0.3459286093711853,-0.025719255208969116,-0.17769378423690796,-0.3920549750328064,-0.13834011554718018,-0.2653798758983612,0.49425557255744934,0.11026795208454132,0
0.07413540780544281,-0.021615350618958473,0.22077632157134716,0.036314789205789566,-0.03513101115822792,0.6874409914016724,0.7244804501533508,-0.261717289686203,0.0013349176151677966,-0.21740272641181946,0.648017168045044,-0.2941538393497467,-0.0637604370713234,0.0001114234619308263,0.37300410866737366,0.2314814031124115,0.09601717442274094,0.0997917428612709,-0.3273846209049225,0.3501858413219452,-0.02738529071211815,-0.16824670135974884,-0.3900085389614105,-0.13712599873542786,-0.2680101692676544,0.49874019622802734,0.110308438539505,0
0.07501136511564255,-0.02219236083328724,0.220133440773961,0.03414062410593033,-0.03457557410001755,0.6867390275001526,0.7252781987190247,-0.2880934774875641,0.002025918336585164,-0.21641910076141357,0.6752229332923889,-0.29553845524787903,-0.059329841285943985,0.006269145756959915,0.3782818019390106,0.2360127866268158,0.0664948970079422,0.10638899356126785,-0.3298461437225342,0.34891992807388306,-0.0280922744423151,-0.15980246663093567,-0.3846953809261322,-0.14094533026218414,-0.27660590410232544,0.5053482055664062,0.11012756079435349,0
0.0755695253610611,-0.022095074877142906,0.21971687881278698,0.03142235428094864,-0.03324338048696518,0.6861699819564819,0.7260015606880188,-0.3032427430152893,0.0018014394445344806,-0.22079375386238098,0.6907415390014648,-0.29692307114601135,-0.055105701088905334,0.007564629893749952,0.38241279125213623,0.2406562864780426,0.050689537078142166,0.1129862368106842,-0.33230769634246826,0.3514701724052429,-0.029231850057840347,-0.14693428575992584,-0.38150474429130554,-0.1378336399793625,-0.27720120549201965,0.5109193325042725,0.10984571278095245,0
0.07644953578710556,-0.022442955523729324,0.21923518387603466,0.02982008457183838,-0.03165097534656525,0.6854893565177917,0.7267828583717346,-0.317499577999115,0.0024588971864432096,-0.22393858432769775,0.7035563588142395,-0.2983076870441437,-0.05282013863325119,0.008864454925060272,0.38665154576301575,0.2480558604001999,0.035413943231105804,0.11958348751068115,-0.33476921916007996,0.3544120192527771,-0.029466090723872185,-0.13585983216762543,-0.37765389680862427,-0.1347636878490448,-0.2811483144760132,0.5154081583023071,0.10965166240930557,0
0.07713556289672852,-0.02286570519208908,0.21883267370986645,0.028282530605793,-0.03046323172748089,0.6844818592071533,0.7278438806533813,-0.3297228217124939,0.003918415401130915,-0.2259926199913025,0.7138233184814453,-0.299692302942276,-0.05247678980231285,0.010631753131747246,0.3907167613506317,0.2563551366329193,0.021410146728157997,0.1261807382106781,-0.33723077178001404,0.3562634587287903,-0.02914520353078842,-0.1262303590774536,-0.37282031774520874,-0.13118767738342285,-0.2832728922367096,0.5187464952468872,0.10963311791419983,0
0.07777763158082962,-0.02370970882475376,0.218300925772664,0.028909171000123024,-0.027635816484689713,0.6835293769836426,0.7288265824317932,-0.34565407037734985,-0.0028308697510510683,-0.23254132270812988,0.7297673225402832,-0.3010769188404083,-0.053813397884368896,0.012972756288945675,0.38787057995796204,0.2683570086956024,0.00204373337328434,0.13277798891067505,-0.33969229459762573,0.3558647334575653,-0.029997291043400764,-0.11665686964988708,-0.3728969693183899,-0.12833884358406067,-0.28541162610054016,0.5177017450332642,0.10800214856863022,0
0.07847745716571808,-0.024244382977485657,0.21785505322742169,0.02816750481724739,-0.02609780989587307,0.6822986602783203,0.7300643920898438,-0.3576236963272095,-0.0033118026331067085,-0.2352917194366455,0.7405828833580017,-0.30246153473854065,-0.055150002241134644,0.015165128745138645,0.38989007472991943,0.27438977360725403,-0.010706300847232342,0.139375239610672,-0.3421538472175598,0.35695841908454895,-0.02980782836675644,-0.1087268739938736,-0.3698132634162903,-0.12323008477687836,-0.2898692488670349,0.5193547606468201,0.10781366378068924,0
0.0791572630405426,-0.024329179897904396,0.21747315136718456,0.026953961700201035,-0.02474854700267315,0.6803625822067261,0.7319615483283997,-0.36710405349731445,-0.00242756144143641,-0.23772843182086945,0.7502033114433289,-0.303846150636673,-0.05648661032319069,0.018752140924334526,0.39277875423431396,0.28172266483306885,-0.020684340968728065,0.14597247540950775,-0.3446153700351715,0.35724931955337524,-0.03066232055425644,-0.10204364359378815,-0.3638385832309723,-0.12085823714733124,-0.29167264699935913,0.521030068397522,0.10811673104763031,0
0.08011121302843094,-0.024382974952459335,0.21698856560516064,0.026229165494441986,-0.02403697930276394,0.6789534687995911,0.7333188056945801,-0.37566131353378296,-0.0008697656448930502,-0.240871861577034,0.7607471346855164,-0.3052307665348053,-0.057823218405246735,0.021754715591669083,0.39726656675338745,0.2868175208568573,-0.028112635016441345,0.1525697261095047,-0.3470769226551056,0.35851144790649414,-0.03078106977045536,-0.09630999714136124,-0.35711514949798584,-0.12051356583833694,-0.29622188210487366,0.5244441032409668,0.1089012622833252,0
0.08116031438112259,-0.024388737976551056,0.2164654752426118,0.025274895131587982,-0.024141283705830574,0.6769107580184937,0.735234797000885,-0.38208502531051636,0.002591540338471532,-0.24438995122909546,0.7699263095855713,-0.3066153824329376,-0.05915982648730278,0.026665836572647095,0.40388232469558716,0.2939806580543518,-0.03527182713150978,0.15916697680950165,-0.3495384454727173,0.3583122193813324,-0.028368966653943062,-0.09354279190301895,-0.3485688865184784,-0.12137540429830551,-0.3001929819583893,0.5299307703971863,0.10958229005336761,0
0.08230465650558472,-0.024659376591444016,0.21591530947017376,0.024655641987919807,-0.024042896926403046,0.6745135188102722,0.7374588251113892,-0.38914889097213745,0.006697740871459246,-0.246620312333107,0.7778691053390503,-0.30799999833106995,-0.06049643084406853,0.030317984521389008,0.4105908274650574,0.3000500500202179,-0.040697962045669556,0.1657642275094986,-0.35199999809265137,0.3601384460926056,-0.024554938077926636,-0.09134183824062347,-0.3404754400253296,-0.12193387001752853,-0.30587583780288696,0.5344191789627075,0.11135929822921753,0
0.08378936350345612,-0.025033334270119667,0.21521388201045696,0.024645447731018066,-0.023754138499498367,0.6719056367874146,0.739845335483551,-0.3957763612270355,0.010613086633384228,-0.24977895617485046,0.7856462001800537,-0.30938461422920227,-0.06183303892612457,0.03404621779918671,0.41794541478157043,0.30808207392692566,-0.045692328363657,0.17236147820949554,-0.35446152091026306,0.3604480028152466,-0.02168850414454937,-0.09011757373809814,-0.33051156997680664,-0.12447580695152283,-0.3139682114124298,0.5416111946105957,0.11269422620534897,0
0.08503995835781097,-0.02507961168885231,0.21469368247317974,0.02501329965889454,-0.02299131453037262,0.6708458065986633,0.7408182621002197,-0.40001505613327026,0.013115654699504375,-0.2525440454483032,0.7920815348625183,-0.3107692301273346,-0.06316964328289032,0.03659086674451828,0.42303556203842163,0.3131111264228821,-0.05060838162899017,0.1789587289094925,-0.35692307353019714,0.36237648129463196,-0.022133590653538704,-0.08801797777414322,-0.32238665223121643,-0.12580162286758423,-0.3201915919780731,0.5482962131500244,0.11404532939195633,0
0.08599643409252167,-0.025473371148109436,0.21423959938811962,0.024678166955709457,-0.02285906672477722,0.6694115996360779,0.7421297430992126,-0.4041719436645508,0.016792185604572296,-0.25488388538360596,0.7958574295043945,-0.3121538460254669,-0.06450625509023666,0.03845643624663353,0.42844358086586,0.3176288306713104,-0.05577636510133743,0.18555596470832825,-0.35938459634780884,0.36590200662612915,-0.020949071273207664,-0.08735021203756332,-0.31557226181030273,-0.12695081532001495,-0.332304447889328,0.5543199181556702,0.11470866948366165,0
0.08689676970243454,-0.025446588173508644,0.21386189965533917,0.024438876658678055,-0.022086219862103462,0.6684725880622864,0.7430069446563721,-0.40826869010925293,0.019612107425928116,-0.255227655172348,0.8001706600189209,-0.31353846192359924,-0.06584285944700241,0.04003479704260826,0.43224355578422546,0.32115429639816284,-0.05987562611699104,0.1921532154083252,-0.3618461489677429,0.369560182094574,-0.019099917262792587,-0.08407309651374817,-0.3110467195510864,-0.12578099966049194,-0.34171926975250244,0.5601311922073364,0.11715607345104218,0
0.08746932446956635,-0.02557438611984253,0.21355283467101757,0.02553512528538704,-0.0196611937135458,0.6676521897315979,0.743775486946106,-0.41447320580482483,0.016539527103304863,-0.25519663095474243,0.805899977684021,-0.31492307782173157,-0.06717946380376816,0.040582217276096344,0.42950499057769775,0.3246293365955353,-0.06558980792760849,0.19875046610832214,-0.3643076717853546,0.37343573570251465,-0.019623471423983574,-0.08044704794883728,-0.3133945167064667,-0.12512099742889404,-0.3509828448295593,0.560663104057312,0.11762487143278122,0
0.088188536465168,-0.025866497308015823,0.2131919136457414,0.025493431836366653,-0.01908959075808525,0.6668665409088135,0.74449622631073,-0.418500691652298,0.018031161278486252,-0.256998747587204,0.809402346611023,-0.3163076937198639,-0.0685160756111145,0.042363088577985764,0.43206557631492615,0.32930001616477966,-0.07166871428489685,0.2053477168083191,-0.3667692244052887,0.3747786283493042,-0.019793689250946045,-0.07757594436407089,-0.31065666675567627,-0.12472718954086304,-0.3599037230014801,0.5655154585838318,0.11825577914714813,0
0.08860116451978683,-0.026162605732679367,0.21293446628379528,0.024662857875227928,-0.01923518441617489,0.6661964654922485,0.7451201677322388,-0.4240359961986542,0.02141106128692627,-0.2557835280895233,0.812940239906311,-0.3176923096179962,-0.06985267996788025,0.04302719980478287,0.4353419244289398,0.33272427320480347,-0.07636747509241104,0.21194496750831604,-0.3692307472229004,0.3785124719142914,-0.019921643659472466,-0.07450251281261444,-0.309627503156662,-0.12337712198495865,-0.3694113790988922,0.5711288452148438,0.1189192533493042,0
0.08924386650323868,-0.026520583778619766,0.21261970905589764,0.024079179391264915,-0.018736738711595535,0.6649363040924072,0.7462766766548157,-0.4295990467071533,0.024631917476654053,-0.2559405565261841,0.8157529234886169,-0.31907692551612854,-0.071189284324646,0.04266206920146942,0.4391147196292877,0.33640873432159424,-0.07870455086231232,0.218542218208313,-0.3716922998428345,0.384158194065094,-0.01753166876733303,-0.07156870514154434,-0.30876368284225464,-0.12091553211212158,-0.37890365719795227,0.5764711499214172,0.12025365978479385,0
0.09000902622938156,-0.026875421404838562,0.21224381236362164,0.023403039202094078,-0.01854989491403103,0.6640394330024719,0.7471009492874146,-0.4339134395122528,0.02792396768927574,-0.2578883767127991,0.8177789449691772,-0.32046154141426086,-0.07252589613199234,0.04252003878355026,0.44385963678359985,0.338945209980011,-0.08197829872369766,0.22513945400714874,-0.37415385246276855,0.38865697383880615,-0.01669272780418396,-0.06771521270275116,-0.30897316336631775,-0.11710444837808609,-0.3848969638347626,0.5828706622123718,0.11848938465118408,0
0.09064057469367981,-0.02727315202355385,0.21193416623401348,0.022450249642133713,-0.018260912969708443,0.6629882454872131,0.7480702996253967,-0.4378342628479004,0.03128879517316818,-0.2598136067390442,0.8184053301811218,-0.3218461573123932,-0.07386250048875809,0.041882164776325226,0.4484332203865051,0.3421284258365631,-0.08487030863761902,0.2317367047071457,-0.37661537528038025,0.3923601806163788,-0.01589047722518444,-0.06511705368757248,-0.30857184529304504,-0.11462949216365814,-0.3923603594303131,0.5888159871101379,0.11848427355289459,0
0.09096059948205948,-0.027846744284033775,0.21166664568710034,0.02344810590147972,-0.01637561060488224,0.6619662642478943,0.7489877939224243,-0.44345882534980774,0.02824833244085312,-0.25993290543556213,0.8210651278495789,-0.3232307732105255,-0.07519911229610443,0.04042588174343109,0.44610315561294556,0.34490352869033813,-0.08817902207374573,0.23833395540714264,-0.37907692790031433,0.39739277958869934,-0.014701328240334988,-0.061642490327358246,-0.31395623087882996,-0.11289720982313156,-0.4001975655555725,0.5886494517326355,0.11778970062732697,0
0.09120890498161316,-0.028564216569066048,0.21143524555492108,0.02276335097849369,-0.016610611230134964,0.660423994064331,0.7503639459609985,-0.4488685429096222,0.03142286837100983,-0.2597154378890991,0.822597086429596,-0.32461538910865784,-0.07653571665287018,0.03982985019683838,0.4493134021759033,0.3475664556026459,-0.09052590280771255,0.2449312061071396,-0.381538450717926,0.4021206498146057,-0.011958840303122997,-0.06139319762587547,-0.3160819113254547,-0.11081375181674957,-0.4075637757778168,0.5924326181411743,0.11806383728981018,0
0.09162988513708115,-0.029364624992012978,0.21115067807960217,0.021975504234433174,-0.016690025106072426,0.6586847305297852,0.7519128322601318,-0.4540674090385437,0.03559760004281998,-0.2595894932746887,0.8226135969161987,-0.32600000500679016,-0.07787232100963593,0.03851305693387985,0.4533557593822479,0.3490413725376129,-0.09178698062896729,0.25152844190597534,-0.3840000033378601,0.4075849950313568,-0.008391733281314373,-0.062493592500686646,-0.3170751631259918,-0.10939975082874298,-0.41365957260131836,0.5958749651908875,0.11680751293897629,0
0.09193377941846848,-0.029744362458586693,0.2109401097707719,0.021220142021775246,-0.016244539991021156,0.6580381393432617,0.7525101900100708,-0.45839613676071167,0.036265842616558075,-0.2624991238117218,0.8238937258720398,-0.3273846209049225,-0.07920893281698227,0.036738209426403046,0.45563632249832153,0.348141074180603,-0.09394950419664383,0.2581256926059723,-0.3864615261554718,0.4122963547706604,-0.0068564703688025475,-0.060598067939281464,-0.31762728095054626,-0.10803454369306564,-0.4189552962779999,0.5991244912147522,0.11560934036970139,0
0.0921226292848587,-0.030335083603858948,0.21074120907115643,0.020310206338763237,-0.016113942489027977,0.65716952085495,0.7532967925071716,-0.4627303183078766,0.037731003016233444,-0.2642928659915924,0.824181079864502,-0.3287692368030548,-0.08054553717374802,0.03521813824772835,0.45805636048316956,0.3491673171520233,-0.09669303148984909,0.26472294330596924,-0.3889230787754059,0.4158024191856384,-0.005096751265227795,-0.059763140976428986,-0.3182624876499176,-0.10779991745948792,-0.42320361733436584,0.6009009480476379,0.11449430137872696,0
0.0925530344247818,-0.030714530497789383,0.2104438563995332,0.019794827327132225,-0.015719052404165268,0.6563218832015991,0.7540574669837952,-0.4673859775066376,0.038232672959566116,-0.2670145332813263,0.8266600966453552,-0.33015385270118713,-0.08188214153051376,0.03414659947156906,0.4608682692050934,0.35164767503738403,-0.09839704632759094,0.2713201940059662,-0.3913846015930176,0.4198889136314392,-0.002565707778558135,-0.06020631268620491,-0.31725871562957764,-0.10698022693395615,-0.4264181852340698,0.6021116971969604,0.11362505704164505,0
0.09289741516113281,-0.03099413961172104,0.21020390300082867,0.019313275814056396,-0.015185721218585968,0.6558753252029419,0.7544692754745483,-0.4719376862049103,0.03828626498579979,-0.2690908908843994,0.8289856314659119,-0.33153846859931946,-0.08321875333786011,0.032823435962200165,0.46283453702926636,0.3531857132911682,-0.1004321277141571,0.27791744470596313,-0.39384615421295166,0.42412444949150085,-0.000030699702620040625,-0.05895441770553589,-0.3178486227989197,-0.1054917648434639,-0.4287838041782379,0.6013793349266052,0.11235027015209198,0
0.09316076338291168,-0.03131568059325218,0.21000319926070873,0.018117832019925117,-0.0148780457675457,0.6547667980194092,0.7554672956466675,-0.47630441188812256,0.040432628244161606,-0.26987606287002563,0.8295302391052246,-0.3329230844974518,-0.08455535769462585,0.031727276742458344,0.4658380150794983,0.3553021550178528,-0.10192029923200607,0.2845146954059601,-0.39630767703056335,0.4284481704235077,0.0035124432761222124,-0.05944174528121948,-0.3182353973388672,-0.10458073765039444,-0.4310746490955353,0.6018595099449158,0.11023294925689697,0
0.09347361326217651,-0.031607069075107574,0.20981973616409008,0.01757442019879818,-0.01431218720972538,0.6541453003883362,0.7560292482376099,-0.4794531762599945,0.041868194937705994,-0.27049052715301514,0.8294520378112793,-0.3343077003955841,-0.0858919620513916,0.030103551223874092,0.4677581191062927,0.35507556796073914,-0.10290446132421494,0.29111194610595703,-0.39876922965049744,0.4321996569633484,0.006401401478797197,-0.0590902641415596,-0.3181644678115845,-0.103804811835289,-0.43442869186401367,0.6003705859184265,0.10984226316213608,0
0.0937616303563118,-0.03190485015511513,0.2096479704790086,0.01683122292160988,-0.014352194964885712,0.6536726951599121,0.7564540505409241,-0.4820280373096466,0.04416447877883911,-0.27128198742866516,0.8292533159255981,-0.33569228649139404,-0.08722857385873795,0.028629574924707413,0.47060921788215637,0.35428154468536377,-0.10357151925563812,0.297709196805954,-0.40123075246810913,0.4360550343990326,0.008082776330411434,-0.05999280884861946,-0.31710514426231384,-0.10458161681890488,-0.4367031753063202,0.6002506613731384,0.10960778594017029,0
0.0940011665225029,-0.03208484500646591,0.209493415635106,0.015934709459543228,-0.014559254050254822,0.6534469723701477,0.756664514541626,-0.4843692183494568,0.04570334404706955,-0.2732658088207245,0.8298107981681824,-0.33707690238952637,-0.08856517821550369,0.027967458590865135,0.47365352511405945,0.3551945984363556,-0.10537197440862656,0.3043064475059509,-0.4036923050880432,0.4395696222782135,0.009419187903404236,-0.060655608773231506,-0.31611067056655884,-0.10406390577554703,-0.43731293082237244,0.6004326343536377,0.10893910378217697,0
0.0942605584859848,-0.03231635317206383,0.2093277445249528,0.015319057740271091,-0.014511341229081154,0.6531369686126709,0.7569457292556763,-0.4870774745941162,0.04690562188625336,-0.274486780166626,0.8304070830345154,-0.3384615182876587,-0.08990178257226944,0.027360213920474052,0.47602346539497375,0.35543641448020935,-0.10732100903987885,0.3109036982059479,-0.4061538279056549,0.44353213906288147,0.012086701579391956,-0.06079407036304474,-0.3158421516418457,-0.10344070941209793,-0.4404773712158203,0.599786102771759,0.10912522673606873,0
0.0945323184132576,-0.03249181807041168,0.20917752591895764,0.015030101872980595,-0.014299646019935608,0.6533035039901733,0.7568118572235107,-0.4893052577972412,0.04698203131556511,-0.2764279842376709,0.831314742565155,-0.339846134185791,-0.09123839437961578,0.02647697739303112,0.477517694234848,0.35487350821495056,-0.1094159334897995,0.3175009489059448,-0.408615380525589,0.44743403792381287,0.013478931039571762,-0.060559649020433426,-0.31489163637161255,-0.10333359241485596,-0.44283831119537354,0.5989267230033875,0.10918330401182175,0
0.09484363347291946,-0.032709892839193344,0.20898352770137493,0.015216480009257793,-0.014235476031899452,0.6533087491989136,0.7568047642707825,-0.4913277328014374,0.046620067209005356,-0.2783101797103882,0.8330371379852295,-0.34123075008392334,-0.09257499873638153,0.025899555534124374,0.47899603843688965,0.35390904545783997,-0.11058223992586136,0.3240981698036194,-0.4110769033432007,0.45109066367149353,0.015637261793017387,-0.0603620745241642,-0.3139374554157257,-0.10300980508327484,-0.4451843798160553,0.5975949764251709,0.10883739590644836,0
0.09502352774143219,-0.032830774784088135,0.20886074213313763,0.015501926653087139,-0.014034060761332512,0.653872549533844,0.7563156485557556,-0.49360400438308716,0.04502899572253227,-0.28019478917121887,0.8357678055763245,-0.34261536598205566,-0.09391160309314728,0.025436261668801308,0.47923171520233154,0.3534908592700958,-0.11274512857198715,0.33069542050361633,-0.41353845596313477,0.4548592269420624,0.0165786724537611,-0.05904392898082733,-0.31350842118263245,-0.10176929086446762,-0.4466622471809387,0.5964699983596802,0.1078105941414833,0
0.0952494665980339,-0.03292405605316162,0.20870663432407086,0.01599700003862381,-0.013848104514181614,0.6539844274520874,0.756212055683136,-0.49593374133110046,0.0440438911318779,-0.28062906861305237,0.8388080596923828,-0.343999981880188,-0.09524821490049362,0.025660354644060135,0.47940298914909363,0.35324379801750183,-0.11403913795948029,0.3372926712036133,-0.41599997878074646,0.45752400159835815,0.017987310886383057,-0.05870771408081055,-0.31330785155296326,-0.10077307373285294,-0.4478299617767334,0.5945107936859131,0.10765748471021652,0
0.095536969602108,-0.03296208009123802,0.20852109996604626,0.01642465591430664,-0.013709302060306072,0.6542900800704956,0.7559409737586975,-0.49821338057518005,0.042688507586717606,-0.28188154101371765,0.8423992991447449,-0.3453845977783203,-0.09658481925725937,0.02599293179810047,0.4798954427242279,0.3529086112976074,-0.1155194491147995,0.34388992190361023,-0.41846153140068054,0.46074962615966797,0.018754642456769943,-0.05871780216693878,-0.31249886751174927,-0.09986704587936401,-0.4492959976196289,0.5925976634025574,0.10810994356870651,0
0.09568438678979874,-0.033057622611522675,0.2083919068984956,0.016802305355668068,-0.013850770890712738,0.6542270183563232,0.7559846639633179,-0.5001830458641052,0.041700318455696106,-0.2827146053314209,0.8455151915550232,-0.34676921367645264,-0.09792143106460571,0.027289031073451042,0.48020005226135254,0.3536052107810974,-0.11741694808006287,0.3504871726036072,-0.42092305421829224,0.46278995275497437,0.01977815479040146,-0.05893780291080475,-0.31268763542175293,-0.09868836402893066,-0.44932517409324646,0.5915358066558838,0.1075129583477974,0
0.09595860540866852,-0.03310510516166687,0.20822879878806774,0.017759423702955246,-0.0136331245303154,0.6548184156417847,0.7554545402526855,-0.5018252730369568,0.03935420513153076,-0.2840704321861267,0.848993718624115,-0.34815382957458496,-0.09925803542137146,0.027887871488928795,0.47961875796318054,0.35333678126335144,-0.1191951185464859,0.3570844233036041,-0.4233846068382263,0.4650440216064453,0.020307036116719246,-0.05788760259747505,-0.3128320276737213,-0.09666851907968521,-0.4503915309906006,0.5894479155540466,0.10659001767635345,0
0.09618888050317764,-0.03321007639169693,0.20809936730193798,0.018645623698830605,-0.01286607887595892,0.655015230178833,0.7552760243415833,-0.5027614235877991,0.036412037909030914,-0.2861376106739044,0.8507746458053589,-0.3495384454727173,-0.10059463977813721,0.02899523824453354,0.47811147570610046,0.3534718155860901,-0.12210610508918762,0.3636816740036011,-0.425846129655838,0.4659631848335266,0.022602088749408722,-0.056007664650678635,-0.3141266405582428,-0.09424605965614319,-0.45407935976982117,0.5859329700469971,0.10542259365320206,0
0.09642045199871063,-0.03329630568623543,0.20796308128165905,0.019524170085787773,-0.012684803456068039,0.6555310487747192,0.7548092603683472,-0.5037842988967896,0.03418305516242981,-0.28759950399398804,0.8535165786743164,-0.3509230613708496,-0.10193125158548355,0.029941687360405922,0.4774589240550995,0.3534330725669861,-0.1243184357881546,0.370278924703598,-0.4283076822757721,0.4676835536956787,0.02272726595401764,-0.055499009788036346,-0.3145400285720825,-0.0928402692079544,-0.4554622769355774,0.5842394828796387,0.10461907088756561,0
0.09661725163459778,-0.033402156084775925,0.20785743204879467,0.020592527464032173,-0.01255716010928154,0.6558893918991089,0.7544716000556946,-0.5043440461158752,0.032297033816576004,-0.28835007548332214,0.855771005153656,-0.35230767726898193,-0.1032678559422493,0.031035056337714195,0.4765491783618927,0.3538362383842468,-0.1258316934108734,0.37687617540359497,-0.4307692348957062,0.4697812497615814,0.02381250075995922,-0.05529271066188812,-0.31478920578956604,-0.09155705571174622,-0.45735204219818115,0.5822663903236389,0.10353174805641174,0
0.09683935344219208,-0.033440761268138885,0.207740383427617,0.021610237658023834,-0.012571632862091064,0.6565638184547424,0.7538560032844543,-0.5045907497406006,0.03006860613822937,-0.28988131880760193,0.8583880662918091,-0.35369229316711426,-0.10460446029901505,0.03238749876618385,0.47580376267433167,0.35396862030029297,-0.12786711752414703,0.3834734261035919,-0.43323075771331787,0.47116050124168396,0.024146668612957,-0.054337818175554276,-0.3147917687892914,-0.08990700542926788,-0.45801281929016113,0.5809515714645386,0.10232378542423248,0
0.09690085053443909,-0.03353418409824371,0.2076836845092744,0.022240469232201576,-0.01294768787920475,0.6570529341697693,0.7534050345420837,-0.5047523975372314,0.028702370822429657,-0.2908361554145813,0.860200822353363,-0.3550769090652466,-0.10594107210636139,0.033574800938367844,0.4755057096481323,0.3550361096858978,-0.12959951162338257,0.39007067680358887,-0.43569231033325195,0.4714732766151428,0.02479119785130024,-0.054153863340616226,-0.3150920569896698,-0.08898957818746567,-0.45915088057518005,0.5797152519226074,0.10188165307044983,0
0.09692160040140152,-0.03360607847571373,0.20765710083770458,0.02288290299475193,-0.013448351062834263,0.6577852368354797,0.7527377009391785,-0.5040968060493469,0.027079684659838676,-0.2924940288066864,0.8615740537643433,-0.3564615249633789,-0.10727767646312714,0.034554313868284225,0.4750291705131531,0.3534719944000244,-0.13129912316799164,0.3966679275035858,-0.43815383315086365,0.47180336713790894,0.02484135888516903,-0.053204115480184555,-0.31527724862098694,-0.08899515867233276,-0.4603388011455536,0.5781733393669128,0.10253290086984634,0
0.09690822660923004,-0.03356389328837395,0.207651751320836,0.023210877552628517,-0.013862734660506248,0.6584991812705994,0.7520956993103027,-0.503385066986084,0.025406131520867348,-0.294303834438324,0.8629764914512634,-0.35784614086151123,-0.10861428081989288,0.03533307462930679,0.4747030735015869,0.35198038816452026,-0.1326838582754135,0.4032651484012604,-0.44061538577079773,0.4723247289657593,0.02490975521504879,-0.052282657474279404,-0.31506359577178955,-0.0888863205909729,-0.4613845944404602,0.5772691369056702,0.10266998410224915,0
0.09698464721441269,-0.033530719578266144,0.20758980719375317,0.02394193783402443,-0.01440218836069107,0.6593158841133118,0.7513467073440552,-0.5028048157691956,0.023283982649445534,-0.2962091565132141,0.8654495477676392,-0.35923075675964355,-0.10995089262723923,0.03649517148733139,0.4743663966655731,0.350918710231781,-0.1339792162179947,0.4098623991012573,-0.4430769085884094,0.4717596471309662,0.02452748641371727,-0.05207597464323044,-0.3144867718219757,-0.08825159817934036,-0.4596844017505646,0.577351450920105,0.10162940621376038,0
0.09698063880205154,-0.033562831580638885,0.20756268708038036,0.024608099833130836,-0.01502047199755907,0.659893274307251,0.7508060336112976,-0.5021474957466125,0.021613789722323418,-0.29777395725250244,0.8672775626182556,-0.3606153726577759,-0.11128749698400497,0.03732946515083313,0.4741489887237549,0.3494732677936554,-0.13453392684459686,0.4164596498012543,-0.4455384612083435,0.4719890356063843,0.02488068677484989,-0.0525720976293087,-0.3142491579055786,-0.08754421025514603,-0.458137571811676,0.577397882938385,0.10106223821640015,0
0.09691938012838364,-0.03361212834715843,0.2075766345672578,0.025460490956902504,-0.015503079630434513,0.6606833338737488,0.7500726580619812,-0.5008999705314636,0.01961223967373371,-0.29913920164108276,0.8682669401168823,-0.3619999885559082,-0.11262410134077072,0.037803176790475845,0.4731962978839874,0.34769341349601746,-0.1351863145828247,0.4230569005012512,-0.4479999840259552,0.4717980623245239,0.02535819821059704,-0.052194688469171524,-0.31463345885276794,-0.08659539371728897,-0.45725390315055847,0.5762482285499573,0.10051564872264862,0
0.09678244590759277,-0.03369855880737305,0.20762561468410198,0.026083167642354965,-0.01606179215013981,0.661314070224762,0.7494834065437317,-0.49932846426963806,0.017940033227205276,-0.30069878697395325,0.86842280626297,-0.3633846044540405,-0.11396071314811707,0.03820914402604103,0.4724111258983612,0.3464202880859375,-0.13568073511123657,0.42965415120124817,-0.4504615366458893,0.4711274802684784,0.025978542864322662,-0.05214632302522659,-0.31547272205352783,-0.08541913330554962,-0.4557257890701294,0.5748667120933533,0.10033968836069107,0
0.09655251353979111,-0.03369320556521416,0.2077558806352586,0.026848578825592995,-0.01641317643225193,0.6623746752738953,0.748511552810669,-0.49692851305007935,0.015535696409642696,-0.3022792339324951,0.867939293384552,-0.36476922035217285,-0.11529731750488281,0.037923458963632584,0.4705379605293274,0.34422463178634644,-0.13585513830184937,0.4362514019012451,-0.452923059463501,0.4709370732307434,0.02689444087445736,-0.050102997571229935,-0.31738701462745667,-0.08374340087175369,-0.45532870292663574,0.5718899965286255,0.1004461869597435,0
0.09627236425876617,-0.033745843917131424,0.20788540152835552,0.027963580563664436,-0.01717621460556984,0.6632063388824463,0.7477167844772339,-0.49377110600471497,0.013361386023461819,-0.3030877411365509,0.8674395084381104,-0.3661538362503052,-0.11663392186164856,0.038517631590366364,0.4685530364513397,0.3431006371974945,-0.13541893661022186,0.44284865260124207,-0.45538461208343506,0.46999040246009827,0.02784433402121067,-0.04889239743351936,-0.31948429346084595,-0.0827760398387909,-0.45379647612571716,0.5690438151359558,0.09983707219362259,0
0.09598328173160553,-0.03373337537050247,0.20804588703441326,0.029143866151571274,-0.01782149262726307,0.6643215417861938,0.7466658353805542,-0.4894426167011261,0.010304460301995277,-0.3052530884742737,0.8664329051971436,-0.3675384521484375,-0.1179705336689949,0.03921549394726753,0.46608829498291016,0.34098580479621887,-0.1352100670337677,0.438981831073761,-0.45784613490104675,0.4684144854545593,0.027634814381599426,-0.04761951044201851,-0.3205089867115021,-0.08182451128959656,-0.4514928162097931,0.5669645667076111,0.09907852113246918,0
0.09573828428983688,-0.03378739207983017,0.20820789245891277,0.030438315123319626,-0.01850539818406105,0.6652184724807739,0.7457985281944275,-0.4842173159122467,0.00829776469618082,-0.3068743348121643,0.8641392588615417,-0.3689230680465698,-0.11930713802576065,0.03988393023610115,0.46395814418792725,0.3398430645465851,-0.1342495232820511,0.4364904761314392,-0.46030768752098083,0.4667677581310272,0.028730152174830437,-0.048149220645427704,-0.32075273990631104,-0.08103512972593307,-0.44984355568885803,0.5650973916053772,0.09804493933916092,0
0.0954781249165535,-0.033526189625263214,0.20842214135455792,0.03176235407590866,-0.0185409989207983,0.6668421030044556,0.7442908883094788,-0.4788419306278229,0.004432714078575373,-0.30897271633148193,0.8626804351806641,-0.37030768394470215,-0.120643749833107,0.040313053876161575,0.4605168402194977,0.33725547790527344,-0.13417212665081024,0.43317660689353943,-0.46276921033859253,0.4640297293663025,0.0276501327753067,-0.04585991054773331,-0.32000482082366943,-0.08138693869113922,-0.44738078117370605,0.5630409121513367,0.09872689843177795,0
0.09505243599414825,-0.03361900895833969,0.20869299976157848,0.03298547491431236,-0.01927604340016842,0.667572021484375,0.7435643672943115,-0.4726778566837311,0.0033331557642668486,-0.3088211119174957,0.8587782382965088,-0.3716922998428345,-0.12198035418987274,0.041251592338085175,0.45770204067230225,0.33700910210609436,-0.13304561376571655,0.42746543884277344,-0.4652307629585266,0.46083733439445496,0.027143536135554314,-0.04642285406589508,-0.32135728001594543,-0.08128149807453156,-0.4434022903442383,0.5619140863418579,0.09846340119838715,0
0.0946476012468338,-0.033565208315849304,0.20899242369460766,0.034077391028404236,-0.019806159660220146,0.6684941053390503,0.7426722645759583,-0.4664750099182129,0.0021980709861963987,-0.3090766966342926,0.8549178838729858,-0.3730769157409668,-0.12331695854663849,0.04133211076259613,0.45484617352485657,0.3361603915691376,-0.13075721263885498,0.4207680821418762,-0.4676922857761383,0.4597283899784088,0.025981059297919273,-0.04813186451792717,-0.32239729166030884,-0.08193827420473099,-0.4410874843597412,0.5608494877815247,0.09994737058877945,0
0.09431011229753494,-0.033535152673721313,0.20929487256335919,0.03536259010434151,-0.02052861824631691,0.669620156288147,0.7415773272514343,-0.45840883255004883,0.0013952672015875578,-0.31012317538261414,0.849821150302887,-0.3744615316390991,-0.12465357035398483,0.04134947061538696,0.45222026109695435,0.3338775038719177,-0.12791302800178528,0.41464996337890625,-0.4701538383960724,0.45725876092910767,0.024245601147413254,-0.049974676221609116,-0.3216618299484253,-0.08400890976190567,-0.43649426102638245,0.5612427592277527,0.10061901807785034,0
0.09408140182495117,-0.03339976444840431,0.20949836282062237,0.03776796907186508,-0.0206551942974329,0.6711199879646301,0.7400979399681091,-0.4514714181423187,-0.003091378603130579,-0.311739444732666,0.8479440212249756,-0.37584614753723145,-0.12599016726016998,0.04125762730836868,0.44780582189559937,0.3301648497581482,-0.12473102658987045,0.409430593252182,-0.4726153612136841,0.455173522233963,0.023608611896634102,-0.05085719749331474,-0.3217322528362274,-0.08513566106557846,-0.43347877264022827,0.5604249835014343,0.10052113234996796,0
0.09354498982429504,-0.033524636179208755,0.20982086865234081,0.040019139647483826,-0.020396560430526733,0.6726128458976746,0.7386301159858704,-0.44445738196372986,-0.008458352647721767,-0.3130647838115692,0.8436480164527893,-0.37723076343536377,-0.12732678651809692,0.039492666721343994,0.4418296217918396,0.32879510521888733,-0.12103995680809021,0.4014199674129486,-0.47507691383361816,0.4533824622631073,0.022647762671113014,-0.054404884576797485,-0.32366475462913513,-0.08569537103176117,-0.4295501708984375,0.560371994972229,0.1010483056306839,0
0.09319967776536942,-0.03333430364727974,0.21012819020080273,0.04262606054544449,-0.01980878785252571,0.6740586161613464,0.7371808290481567,-0.4380347728729248,-0.013194223865866661,-0.31273505091667175,0.8413233160972595,-0.3786153793334961,-0.12866339087486267,0.03929547592997551,0.43540874123573303,0.32687970995903015,-0.11811132729053497,0.39738887548446655,-0.47753843665122986,0.4507323205471039,0.0241124015301466,-0.057232584804296494,-0.3229229152202606,-0.08785507827997208,-0.4262641966342926,0.5585670471191406,0.1012505367398262,0
0.09268461912870407,-0.033389195799827576,0.21043865589427654,0.04540562257170677,-0.01890522986650467,0.6754024624824524,0.7358073592185974,-0.43184202909469604,-0.01902955211699009,-0.31189703941345215,0.837799608707428,-0.3799999952316284,-0.12999999523162842,0.038644883781671524,0.42731937766075134,0.3232884109020233,-0.11627325415611267,0.392058402299881,-0.47999998927116394,0.4493035674095154,0.024152763187885284,-0.06339339911937714,-0.32395505905151367,-0.09000951051712036,-0.42194533348083496,0.5572322607040405,0.10077543556690216,0
0.09173639118671417,-0.03354328125715256,0.21090607551860516,0.04914187267422676,-0.01781562902033329,0.6776905655860901,0.7334870100021362,-0.4243132174015045,-0.02901718020439148,-0.31198492646217346,0.8342753648757935,-0.3700000047683716,-0.12225618958473206,0.03614943102002144,0.4161151945590973,0.321490079164505,-0.11200443655252457,0.3860069513320923,-0.4712499976158142,0.44745150208473206,0.02191358618438244,-0.06864268332719803,-0.327263206243515,-0.09120028465986252,-0.4158526659011841,0.5543038249015808,0.10333123058080673,0
0.09083514660596848,-0.0337705984711647,0.21128484813499157,0.05098514258861542,-0.01806945912539959,0.6780493259429932,0.7330232858657837,-0.41902801394462585,-0.0333646684885025,-0.30986806750297546,0.8304941058158875,-0.35999998450279236,-0.11451239138841629,0.03632074221968651,0.40952539443969727,0.32156652212142944,-0.10882789641618729,0.3799554705619812,-0.4624999761581421,0.4451453387737274,0.02493005245923996,-0.0786796435713768,-0.33177605271339417,-0.09150032699108124,-0.4091034233570099,0.5549371242523193,0.1022307500243187,0
0.09016355872154236,-0.033823162317276,0.21162498204040234,0.05197303742170334,-0.01864778995513916,0.6803223490715027,0.7308300733566284,-0.41092485189437866,-0.03787261247634888,-0.3144913911819458,0.8247643113136292,-0.3499999940395355,-0.10676858574151993,0.03369579091668129,0.4063931703567505,0.3175792992115021,-0.10536236315965652,0.3739040195941925,-0.45374998450279236,0.44377610087394714,0.023427560925483704,-0.08715525269508362,-0.3298152983188629,-0.0919467955827713,-0.40248310565948486,0.558716893196106,0.10435736179351807,0
0.08924614638090134,-0.03413725271821022,0.21203232018279736,0.05499202013015747,-0.018181730061769485,0.6816713213920593,0.7293623685836792,-0.40329691767692566,-0.04557713121175766,-0.3139624297618866,0.8185893297195435,-0.3400000035762787,-0.09902478754520416,0.031535159796476364,0.3973325490951538,0.3143414556980133,-0.10059956461191177,0.3678525686264038,-0.4449999928474426,0.44216829538345337,0.0241771899163723,-0.09445007890462875,-0.3351418375968933,-0.09249036014080048,-0.3960786461830139,0.5577260255813599,0.10410697758197784,0
0.08789406716823578,-0.03449239581823349,0.21261650530624096,0.057565368711948395,-0.017834054306149483,0.6824783682823181,0.7284170985221863,-0.39539599418640137,-0.05262970179319382,-0.3103417754173279,0.8101177215576172,-0.32999998331069946,-0.0912809818983078,0.030138496309518814,0.38667646050453186,0.31271347403526306,-0.09619279205799103,0.3618010878562927,-0.4362500011920929,0.44040194153785706,0.02330477349460125,-0.10164280235767365,-0.3424670994281769,-0.09446673840284348,-0.3886740505695343,0.5567328333854675,0.10466087609529495,0
0.08675812184810638,-0.03491963446140289,0.21314725486564343,0.05829475447535515,-0.019398242235183716,0.684134304523468,0.7267638444900513,-0.3860955536365509,-0.05425690859556198,-0.3104998469352722,0.7992556095123291,-0.3199999928474426,-0.08353717625141144,0.028469959273934364,0.38295191526412964,0.3066597580909729,-0.09344141185283661,0.35574963688850403,-0.4274999797344208,0.43785953521728516,0.020986974239349365,-0.10896746814250946,-0.34375452995300293,-0.09401668608188629,-0.3794207274913788,0.5619964003562927,0.1055140420794487,0
0.08569969981908798,-0.03511404991149902,0.21375093070792858,0.06060963496565819,-0.01870400458574295,0.6852342486381531,0.725555419921875,-0.37579256296157837,-0.05926031991839409,-0.306558758020401,0.786639928817749,-0.3100000023841858,-0.07579337805509567,0.026180826127529144,0.37306487560272217,0.30497387051582336,-0.08813579380512238,0.34969818592071533,-0.41874998807907104,0.4370126724243164,0.01883781887590885,-0.11351929605007172,-0.3514178991317749,-0.09436176717281342,-0.37052929401397705,0.5614899396896362,0.10568635910749435,0
0.08436935395002365,-0.03559575229883194,0.21449308304118817,0.06408184766769409,-0.017439911141991615,0.6858005523681641,0.7247530221939087,-0.3648199141025543,-0.06516499817371368,-0.2978309690952301,0.7707492709159851,-0.29999998211860657,-0.06804957240819931,0.023351654410362244,0.35942578315734863,0.30317774415016174,-0.08160978555679321,0.34364673495292664,-0.4099999964237213,0.4353601932525635,0.01683928444981575,-0.1178928017616272,-0.36157581210136414,-0.09489184617996216,-0.36119788885116577,0.5583128333091736,0.10654117912054062,0
0.08282848447561264,-0.03552326187491417,0.21539902893829052,0.06637979298830032,-0.016553865745663643,0.6866346001625061,0.723776638507843,-0.3531208336353302,-0.07194402068853378,-0.2918756604194641,0.7567636370658875,-0.28999999165534973,-0.060305770486593246,0.021960649639368057,0.34618300199508667,0.30298033356666565,-0.07655873149633408,0.33759525418281555,-0.4012500047683716,0.4330150783061981,0.012176690623164177,-0.12123081088066101,-0.370882511138916,-0.0950855016708374,-0.34885916113853455,0.5551338791847229,0.10848923027515411,0
0.08162853866815567,-0.03571196272969246,0.21625617353248303,0.06926591694355011,-0.01533460058271885,0.6873095035552979,0.7228919267654419,-0.34073522686958313,-0.07894250750541687,-0.28828686475753784,0.7405115962028503,-0.2800000011920929,-0.05256196856498718,0.01904689148068428,0.33296146988868713,0.30063700675964355,-0.07071257382631302,0.33154380321502686,-0.39249998331069946,0.43154799938201904,0.009416565299034119,-0.1273396611213684,-0.3814981281757355,-0.09631115198135376,-0.34151360392570496,0.5525047779083252,0.1096438467502594,0
0.08022354543209076,-0.03552776202559471,0.2173560878448457,0.0698978379368782,-0.017994914203882217,0.6888497471809387,0.7213019728660583,-0.3217988908290863,-0.07882015407085419,-0.2844918668270111,0.7164649367332458,-0.27000001072883606,-0.04481816664338112,0.018788369372487068,0.32853129506111145,0.2901436984539032,-0.06134738400578499,0.32549235224723816,-0.38374999165534973,0.42877086997032166,0.0034047707449644804,-0.13471589982509613,-0.38378435373306274,-0.0981672927737236,-0.3322172164916992,0.5575821995735168,0.1112729161977768,0
0.07879867404699326,-0.03549012541770935,0.21839329807090466,0.07338390499353409,-0.01737820915877819,0.6895642280578613,0.7202874422073364,-0.3048025071620941,-0.08685192465782166,-0.2803778648376465,0.6953060030937195,-0.25999999046325684,-0.037074364721775055,0.015951305627822876,0.3138699233531952,0.28435128927230835,-0.053128525614738464,0.3194408714771271,-0.375,0.4279991686344147,-0.0011210624361410737,-0.1413712501525879,-0.3946002423763275,-0.10108146071434021,-0.3272433876991272,0.5539393424987793,0.11123199760913849,0
0.07701826095581055,-0.035422589629888535,0.21943278817462628,0.07594865560531616,-0.016258034855127335,0.6898098587989807,0.7198123335838318,-0.28802570700645447,-0.0939493328332901,-0.27452653646469116,0.6712883710861206,-0.25,-0.029330560937523842,0.012822912074625492,0.29787731170654297,0.2797970473766327,-0.04692777246236801,0.3133894205093384,-0.3662499785423279,0.4261426329612732,-0.006226157303899527,-0.14798401296138763,-0.40694767236709595,-0.10499979555606842,-0.3214627802371979,0.5506941676139832,0.11252225935459137,0
0.07508169114589691,-0.035495709627866745,0.22031739560889904,0.07799164205789566,-0.015675785019993782,0.6888144016265869,0.7205596566200256,-0.27290835976600647,-0.10004419088363647,-0.2673649191856384,0.6468589901924133,-0.23999999463558197,-0.02158675715327263,0.009490317665040493,0.2838785946369171,0.2798713743686676,-0.038703929632902145,0.3073379695415497,-0.35749998688697815,0.424603670835495,-0.006896392907947302,-0.15543676912784576,-0.4188617169857025,-0.10851495712995529,-0.31661197543144226,0.5461865067481995,0.11240200698375702,0
0.07330889999866486,-0.035276807844638824,0.2210554650239915,0.07992228120565414,-0.014810658991336823,0.6883850693702698,0.7207766771316528,-0.25695136189460754,-0.1082986444234848,-0.2655327618122101,0.6234254837036133,-0.23000000417232513,-0.013842955231666565,0.007153706159442663,0.27022597193717957,0.2789558470249176,-0.031742122024297714,0.301286518573761,-0.3487499952316284,0.4200317859649658,-0.011525542475283146,-0.1611926555633545,-0.42980268597602844,-0.11225518584251404,-0.31051746010780334,0.5452805161476135,0.11227955669164658,0
0.0713116005063057,-0.035213176161050797,0.22180398015308087,0.08170892298221588,-0.014297849498689175,0.6878674030303955,0.7210808396339417,-0.2394236922264099,-0.11488518863916397,-0.26122817397117615,0.595382571220398,-0.2199999988079071,-0.0060991523787379265,0.0051275393925607204,0.25716328620910645,0.28438568115234375,-0.023561110720038414,0.2952350378036499,-0.3400000035762787,0.4160822033882141,-0.014038540422916412,-0.17000296711921692,-0.44090989232063293,-0.11515369266271591,-0.30583012104034424,0.546848714351654,0.10958985239267349,0
0.06894279271364212,-0.034873105585575104,0.2226682922058076,0.08330059051513672,-0.01369936391711235,0.6877968311309814,0.7209777235984802,-0.21840395033359528,-0.1205080971121788,-0.25353163480758667,0.5617759227752686,-0.20999999344348907,0.0016446501249447465,0.0028078467585146427,0.24305516481399536,0.2846697270870209,-0.011984855867922306,0.2891835868358612,-0.33124998211860657,0.41258636116981506,-0.017201252281665802,-0.1752828061580658,-0.4515928328037262,-0.11803238838911057,-0.3048093616962433,0.5451345443725586,0.10876378417015076,0
0.06711608171463013,-0.034551363438367844,0.2233109047822923,0.08621983975172043,-0.01336822658777237,0.6883934736251831,0.7200707197189331,-0.19732560217380524,-0.1306130439043045,-0.2566644847393036,0.5334789752960205,-0.20000000298023224,0.009388452395796776,0.0031143170781433582,0.22980552911758423,0.2869124114513397,-0.002347863744944334,0.2831321358680725,-0.32249999046325684,0.40669700503349304,-0.022049106657505035,-0.18074385821819305,-0.45979878306388855,-0.1205248013138771,-0.3021020293235779,0.5447375774383545,0.10716763138771057,0
0.0647873803973198,-0.034034669399261475,0.22405295280742352,0.08800023794174194,-0.014942620880901814,0.688892662525177,0.7193466424942017,-0.1752900332212448,-0.13784325122833252,-0.25545206665992737,0.5051652789115906,-0.1899999976158142,0.01713225618004799,0.006397543009370565,0.2188561111688614,0.2914775013923645,0.00662220548838377,0.2770806550979614,-0.3137499988079071,0.40258440375328064,-0.024674033746123314,-0.18656183779239655,-0.4667598009109497,-0.12076468020677567,-0.29902634024620056,0.545036256313324,0.1047656387090683,0
0.06257862597703934,-0.033266108483076096,0.22479215471076672,0.08978787064552307,-0.0159721989184618,0.689638078212738,0.7183887362480164,-0.15366072952747345,-0.14583911001682281,-0.2554226815700531,0.47804346680641174,-0.17999999225139618,0.024876058101654053,0.011415100656449795,0.20683276653289795,0.2906453609466553,0.01265974435955286,0.27102920413017273,-0.3050000071525574,0.3979872465133667,-0.02970191091299057,-0.19014205038547516,-0.47346746921539307,-0.12184849381446838,-0.29803797602653503,0.5448137521743774,0.1037168875336647,0
0.06058552488684654,-0.03247705101966858,0.22545570341872875,0.09161604195833206,-0.01756041683256626,0.6891495585441589,0.7185896039009094,-0.1324034035205841,-0.15235097706317902,-0.25299686193466187,0.451371967792511,-0.17000000178813934,0.03261986002326012,0.018909988924860954,0.1966637521982193,0.29093220829963684,0.01794627122581005,0.26497775316238403,-0.29624998569488525,0.3907826840877533,-0.028186848387122154,-0.18993541598320007,-0.4814724922180176,-0.11876759678125381,-0.29589977860450745,0.542028546333313,0.10098434239625931,0
0.05855467915534973,-0.03161210939288139,0.22609096972274487,0.09222084283828735,-0.018738621845841408,0.6880015134811401,0.7195819020271301,-0.11336828768253326,-0.1585443764925003,-0.25163012742996216,0.4243256449699402,-0.1599999964237213,0.04036366194486618,0.02499811165034771,0.18758805096149445,0.293847918510437,0.023774346336722374,0.25892627239227295,-0.2874999940395355,0.38323456048965454,-0.02717667631804943,-0.19301295280456543,-0.48818305134773254,-0.11737813800573349,-0.2920689284801483,0.5388888120651245,0.09884411096572876,0
0.05656324326992035,-0.03037327714264393,0.22677670625972454,0.09179189801216125,-0.019656356424093246,0.6876398324966431,0.7199578881263733,-0.09285985678434372,-0.16319356858730316,-0.2521471083164215,0.395363986492157,-0.14999999105930328,0.04810746759176254,0.03169877454638481,0.17893971502780914,0.29343387484550476,0.026388060301542282,0.25287482142448425,-0.2787500023841858,0.3744446933269501,-0.02770107053220272,-0.19367188215255737,-0.4918709993362427,-0.11726675927639008,-0.2883218228816986,0.5381977558135986,0.09433050453662872,0
0.054014239460229874,-0.029063764959573746,0.22751058844852154,0.09068784862756729,-0.021154308691620827,0.6867934465408325,0.7208626866340637,-0.07378799468278885,-0.1690794825553894,-0.250728040933609,0.36753755807876587,-0.14000000059604645,0.05585126951336861,0.04034707322716713,0.16890214383602142,0.29302069544792175,0.02707436867058277,0.24682337045669556,-0.26999998092651367,0.36630091071128845,-0.027754314243793488,-0.19476556777954102,-0.49452707171440125,-0.11602664738893509,-0.2890040874481201,0.5366069078445435,0.09072739630937576,0
0.05179470404982567,-0.027898019179701805,0.22812068669128124,0.09040385484695435,-0.0225901510566473,0.6860664486885071,0.7215467095375061,-0.0525384247303009,-0.17411187291145325,-0.24904119968414307,0.3366679847240448,-0.12999999523162842,0.06359507143497467,0.04652998223900795,0.160197451710701,0.29382699728012085,0.03258050978183746,0.24077190458774567,-0.26124998927116394,0.3577323257923126,-0.02982926182448864,-0.19691859185695648,-0.4939078986644745,-0.11652518063783646,-0.2844642102718353,0.536750078201294,0.08492663502693176,0
0.04965014010667801,-0.02671334333717823,0.22868351845073406,0.08878776431083679,-0.02439524605870247,0.6845731735229492,0.723105251789093,-0.033814288675785065,-0.17651332914829254,-0.24632136523723602,0.30677786469459534,-0.11999999731779099,0.07133887708187103,0.05368707701563835,0.15350235998630524,0.2958254814147949,0.03549952805042267,0.23472043871879578,-0.2524999976158142,0.35092106461524963,-0.031054561957716942,-0.2013709545135498,-0.4907345473766327,-0.11842760443687439,-0.28435298800468445,0.5378368496894836,0.08102821558713913,0
0.04747118800878525,-0.025560729205608368,0.2292189320735902,0.0871197059750557,-0.026445606723427773,0.6840863823890686,0.7236964702606201,-0.01871163211762905,-0.17964105308055878,-0.24513007700443268,0.28394487500190735,-0.10999999940395355,0.0790826752781868,0.0606858991086483,0.14664362370967865,0.2958400249481201,0.036477360874414444,0.22866898775100708,-0.24374999105930328,0.345136433839798,-0.03154705837368965,-0.201078400015831,-0.4860612750053406,-0.12098093330860138,-0.28424182534217834,0.5372710824012756,0.07893314212560654,0
0.045143429189920425,-0.02487589791417122,0.2296401282958955,0.08488176763057709,-0.030019069090485573,0.6822148561477661,0.7255872488021851,-0.00513440789654851,-0.18092438578605652,-0.2421586960554123,0.2601935863494873,-0.10000000149011612,0.08682648092508316,0.06715641170740128,0.14248114824295044,0.2997925281524658,0.039463385939598083,0.2226175218820572,-0.23499999940395355,0.3396480679512024,-0.03350934386253357,-0.2000819742679596,-0.4785408079624176,-0.12402137368917465,-0.28455236554145813,0.5382294058799744,0.07460670173168182,0
0.04277723282575607,-0.02418731525540352,0.23002189604568188,0.08256955444812775,-0.03284792602062225,0.6805239915847778,0.727317214012146,0.004860437475144863,-0.1840016394853592,-0.23750334978103638,0.2398998737335205,-0.08999999612569809,0.09457027912139893,0.07410197705030441,0.13718406856060028,0.3024643063545227,0.03864563629031181,0.2165660709142685,-0.22624999284744263,0.3356107175350189,-0.034853335469961166,-0.1995619386434555,-0.4700681269168854,-0.12430444359779358,-0.2860713601112366,0.5399139523506165,0.07097145915031433,0
0.039976343512535095,-0.023546891286969185,0.23045230118560497,0.08020516484975815,-0.035875964909791946,0.6801639199256897,0.7277754545211792,0.012528404593467712,-0.1889904886484146,-0.2342078536748886,0.22469446063041687,-0.07999999821186066,0.10231408476829529,0.08115174621343613,0.1298617571592331,0.30280420184135437,0.034953851252794266,0.2105146050453186,-0.2175000011920929,0.33102095127105713,-0.03656502440571785,-0.19374699890613556,-0.462975412607193,-0.12493100017309189,-0.2872561514377594,0.5367357134819031,0.06796348094940186,0
0.037636324763298035,-0.0233279038220644,0.23071870414542858,0.07856187969446182,-0.0383966863155365,0.679337203502655,0.7285977602005005,0.01800733059644699,-0.19394241273403168,-0.23235413432121277,0.21146036684513092,-0.07000000029802322,0.11005789041519165,0.08586984127759933,0.12376425415277481,0.30411264300346375,0.03308751806616783,0.2044631391763687,-0.20874999463558197,0.32700151205062866,-0.03719228878617287,-0.18656760454177856,-0.45911848545074463,-0.12355801463127136,-0.2846052050590515,0.5376361012458801,0.06317700445652008,0
0.03533304110169411,-0.023676620796322823,0.23090672699737255,0.07723136991262436,-0.040683142840862274,0.6789045333862305,0.7290191054344177,0.021153103560209274,-0.19972455501556396,-0.23268507421016693,0.1989353746175766,-0.05999999865889549,0.11780168861150742,0.0886785164475441,0.11748046427965164,0.3048313856124878,0.028782805427908897,0.19841168820858002,-0.19999998807907104,0.3225472867488861,-0.04189544916152954,-0.1795225292444229,-0.45441874861717224,-0.123899906873703,-0.28018346428871155,0.5393911600112915,0.05995084345340729,0
0.03329978510737419,-0.02424549125134945,0.231065036933896,0.07589410990476608,-0.04214795306324959,0.6786849498748779,0.7292807102203369,0.021387843415141106,-0.20497122406959534,-0.2330525517463684,0.18897520005702972,-0.05000000074505806,0.12554548680782318,0.09109490364789963,0.1110825315117836,0.3041258156299591,0.02029896154999733,0.19236022233963013,-0.1912499964237213,0.31728318333625793,-0.04459667205810547,-0.1694430112838745,-0.45156383514404297,-0.125575989484787,-0.28093358874320984,0.5397407412528992,0.05790770798921585,0
0.03159412741661072,-0.02466394752264023,0.2311916968040437,0.074558787047863,-0.04330563545227051,0.6783905029296875,0.7296245098114014,0.02202414721250534,-0.20897656679153442,-0.23207296431064606,0.18014104664325714,-0.03999999910593033,0.13328929245471954,0.09352561086416245,0.10582133382558823,0.3026375472545624,0.01188337616622448,0.18630877137184143,-0.1824999898672104,0.31350356340408325,-0.047827426344156265,-0.15833346545696259,-0.4520493447780609,-0.1257665604352951,-0.2782835066318512,0.5425810813903809,0.05517185479402542,0
0.029873015359044075,-0.025260427966713905,0.2312984785251588,0.07359103858470917,-0.04446990415453911,0.6785985827445984,0.7294592261314392,0.02135831117630005,-0.21397124230861664,-0.23391616344451904,0.17517472803592682,-0.029999999329447746,0.1410330981016159,0.09604819864034653,0.10009431838989258,0.3009645640850067,0.0021235423628240824,0.18025730550289154,-0.17374999821186066,0.31032317876815796,-0.05192724987864494,-0.1489391326904297,-0.45216870307922363,-0.12694376707077026,-0.2754870355129242,0.5439206957817078,0.05371782183647156,0
0.02837703563272953,-0.02607809193432331,0.23134660927581494,0.07391219586133957,-0.04564416781067848,0.6779714226722717,0.7299372553825378,0.021321875974535942,-0.21936869621276855,-0.2331002801656723,0.1713544875383377,-0.019999999552965164,0.14877690374851227,0.09872467070817947,0.09415549039840698,0.2994542717933655,-0.005124869290739298,0.17420583963394165,-0.16499999165534973,0.308491587638855,-0.0543673001229763,-0.1381760984659195,-0.45285117626190186,-0.12737074494361877,-0.2727528512477875,0.5469666123390198,0.051444489508867264,0
0.027066636830568314,-0.02646849863231182,0.23142573444175427,0.07347775250673294,-0.046015508472919464,0.6782423853874207,0.7297060489654541,0.021271033212542534,-0.22436866164207458,-0.2349795252084732,0.1696004718542099,-0.009999999776482582,0.15652070939540863,0.10044271498918533,0.08865584433078766,0.2960669696331024,-0.012375636026263237,0.16815438866615295,-0.15625,0.30697259306907654,-0.05650939419865608,-0.13004693388938904,-0.4563026428222656,-0.12634964287281036,-0.2690267562866211,0.5461598634719849,0.05075689032673836,0
0.025715988129377365,-0.027036409825086594,0.23143646327781384,0.07274302840232849,-0.04805637523531914,0.6779245734214783,0.7299433350563049,0.02471517212688923,-0.2265816181898117,-0.23857806622982025,0.16435211896896362,-1.862645593320167e-10,0.1642645001411438,0.10389847308397293,0.08549053221940994,0.2921347916126251,-0.019348755478858948,0.16210292279720306,-0.14749999344348907,0.30595719814300537,-0.060786452144384384,-0.12492714822292328,-0.4535968005657196,-0.12883852422237396,-0.26354363560676575,0.5489572286605835,0.047338277101516724,0
0.0248099472373724,-0.027582332491874695,0.23141753880309765,0.07234106957912445,-0.048834625631570816,0.677834689617157,0.7300150990486145,0.02419121004641056,-0.22982469201087952,-0.242045596241951,0.16418172419071198,0.009999999776482582,0.17200830578804016,0.10451818257570267,0.08236028254032135,0.2891778349876404,-0.023820189759135246,0.15605147182941437,-0.13875000178813934,0.30870458483695984,-0.06148713454604149,-0.11677118390798569,-0.454847127199173,-0.12921024858951569,-0.2629949748516083,0.5490166544914246,0.046139512211084366,0
0.02579503133893013,-0.02788737043738365,0.23137411681937878,0.07271044701337814,-0.04974577575922012,0.6785339117050171,0.7292669415473938,0.023892518132925034,-0.2259393185377121,-0.24970531463623047,0.1741887778043747,0.019999999552965164,0.17975211143493652,0.10760524868965149,0.08716772496700287,0.28676697611808777,-0.02975933626294136,0.15000000596046448,-0.12999999523162842,0.31351789832115173,-0.06378663331270218,-0.11693751066923141,-0.44993388652801514,-0.13169164955615997,-0.25923818349838257,0.5533656477928162,0.04380527138710022,0