-2.109722793102264404e-02,-4.008758440613746643e-02,3.315664529800415039e-01,-1.409323215484619141e-01,-6.513420492410659790e-02,-7.704221010208129883e-01,6.183408498764038086e-01,0.000000000000000000e+00,0.000000000000000000e+00,0.000000000000000000e+00,0.000000000000000000e+00,0.000000000000000000e+00,0.000000000000000000e+00,0.000000000000000000e+00,0.000000000000000000e+00,0.000000000000000000e+00,0.000000000000000000e+00,0.000000000000000000e+00,0.000000000000000000e+00,0.000000000000000000e+00,0.000000000000000000e+00,0.000000000000000000e+00,0.000000000000000000e+00,0.000000000000000000e+00,0.000000000000000000e+00,0.000000000000000000e+00,0.000000000000000000e+00,0.000000000000000000e+00,0.000000000000000000e+00,0.000000000000000000e+00,0.000000000000000000e+00,2.136896997690200806e-01,-3.035415709018707275e-01,-8.195499777793884277e-01,0.000000000000000000e+00,-7.334461808204650879e-02,1.946095675230026245e-01,1.002086520195007324e+00,0.000000000000000000e+00,9.737036377191543579e-02,-2.554143149150617242e-17,-8.434954285621643066e-02,-5.307303667068481445e-01,-3.355033323168754578e-02,-3.494276851415634155e-02,5.000000000000000000e-01,4.694177806377410889e-01,-1.800000071525573730e-01,-6.410033106803894043e-01,3.694313764572143555e-01,-5.075703263282775879e-01,1.409343779087066650e-01,3.003740310668945312e-01,-2.983364462852478027e-01
-2.072504535317420959e-02,-4.209697991609573364e-02,3.296295106410980225e-01,-1.586765050888061523e-01,-5.180484801530838013e-02,-7.736644148826599121e-01,6.112130880355834961e-01,0.000000000000000000e+00,0.000000000000000000e+00,0.000000000000000000e+00,0.000000000000000000e+00,0.000000000000000000e+00,0.000000000000000000e+00,0.000000000000000000e+00,0.000000000000000000e+00,0.000000000000000000e+00,0.000000000000000000e+00,0.000000000000000000e+00,0.000000000000000000e+00,0.000000000000000000e+00,0.000000000000000000e+00,0.000000000000000000e+00,0.000000000000000000e+00,0.000000000000000000e+00,0.000000000000000000e+00,0.000000000000000000e+00,0.000000000000000000e+00,0.000000000000000000e+00,0.000000000000000000e+00,0.000000000000000000e+00,0.000000000000000000e+00,2.658047974109649658e-01,-3.137592077255249023e-01,-8.704374432563781738e-01,0.000000000000000000e+00,-1.900386810302734375e-02,2.036640048027038574e-01,1.056890130043029785e+00,0.000000000000000000e+00,1.416037827730178833e-01,-2.959490766059162670e-17,-8.821988105773925781e-02,-5.212473273277282715e-01,-3.568257391452789307e-02,-2.042031660676002502e-02,5.000000000000000000e-01,5.034618973731994629e-01,-1.800000071525573730e-01,-6.686363816261291504e-01,3.993355035781860352e-01,-5.371555685997009277e-01,1.377820670604705811e-01,3.174248933792114258e-01,-3.089949786663055420e-01
-2.061296254396438599e-02,-4.366206750273704529e-02,3.289571702480316162e-01,-1.642796993255615234e-01,-4.942079633474349976e-02,-7.743749022483825684e-01,6.090264916419982910e-01,0.000000000000000000e+00,0.000000000000000000e+00,0.000000000000000000e+00,0.000000000000000000e+00,0.000000000000000000e+00,0.000000000000000000e+00,0.000000000000000000e+00,0.000000000000000000e+00,0.000000000000000000e+00,0.000000000000000000e+00,0.000000000000000000e+00,0.000000000000000000e+00,0.000000000000000000e+00,0.000000000000000000e+00,0.000000000000000000e+00,0.000000000000000000e+00,0.000000000000000000e+00,0.000000000000000000e+00,0.000000000000000000e+00,0.000000000000000000e+00,0.000000000000000000e+00,0.000000000000000000e+00,0.000000000000000000e+00,0.000000000000000000e+00,2.805619239807128906e-01,-3.079524636268615723e-01,-8.763368725776672363e-01,0.000000000000000000e+00,-3.449398092925548553e-03,1.961176544427871704e-01,1.060374975204467773e+00,0.000000000000000000e+00,1.531996428966522217e-01,-3.282316198081457886e-17,-9.922811388969421387e-02,-5.118852257728576660e-01,-5.717853084206581116e-02,-3.024024190381169319e-03,5.000000000000000000e-01,5.027770400047302246e-01,-1.800000071525573730e-01,-6.606858968734741211e-01,4.208397865295410156e-01,-5.409201979637145996e-01,1.354097872972488403e-01,3.126446902751922607e-01,-3.145364522933959961e-01
-2.040366455912590027e-02,-4.495958983898162842e-02,3.287613391876220703e-01,-1.659646183252334595e-01,-4.974342882633209229e-02,-7.744126319885253906e-01,6.084951758384704590e-01,0.000000000000000000e+00,0.000000000000000000e+00,0.000000000000000000e+00,0.000000000000000000e+00,0.000000000000000000e+00,0.000000000000000000e+00,0.000000000000000000e+00,0.000000000000000000e+00,0.000000000000000000e+00,0.000000000000000000e+00,0.000000000000000000e+00,0.000000000000000000e+00,0.000000000000000000e+00,0.000000000000000000e+00,0.000000000000000000e+00,0.000000000000000000e+00,0.000000000000000000e+00,0.000000000000000000e+00,0.000000000000000000e+00,0.000000000000000000e+00,0.000000000000000000e+00,0.000000000000000000e+00,0.000000000000000000e+00,0.000000000000000000e+00,2.831006348133087158e-01,-3.036956489086151123e-01,-8.791252374649047852e-01,0.000000000000000000e+00,5.227625952102243900e-04,1.884173154830932617e-01,1.059995770454406738e+00,0.000000000000000000e+00,1.556287854909896851e-01,1.603708654860248189e-17,-1.064341217279434204e-01,-5.037553310394287109e-01,-7.922478765249252319e-02,1.575631089508533478e-02,5.000000000000000000e-01,4.984339773654937744e-01,-1.800000071525573730e-01,-6.477563977241516113e-01,4.276660680770874023e-01,-5.417463779449462891e-01,1.329802721738815308e-01,3.076369762420654297e-01,-3.176881372928619385e-01
-2.027388103306293488e-02,-4.615493863821029663e-02,3.287513256072998047e-01,-1.660154163837432861e-01,-5.016056448221206665e-02,-7.741321921348571777e-01,6.088039278984069824e-01,0.000000000000000000e+00,0.000000000000000000e+00,0.000000000000000000e+00,0.000000000000000000e+00,0.000000000000000000e+00,0.000000000000000000e+00,0.000000000000000000e+00,0.000000000000000000e+00,0.000000000000000000e+00,0.000000000000000000e+00,0.000000000000000000e+00,0.000000000000000000e+00,0.000000000000000000e+00,0.000000000000000000e+00,0.000000000000000000e+00,0.000000000000000000e+00,0.000000000000000000e+00,0.000000000000000000e+00,0.000000000000000000e+00,0.000000000000000000e+00,0.000000000000000000e+00,0.000000000000000000e+00,0.000000000000000000e+00,0.000000000000000000e+00,2.822174429893493652e-01,-3.027741909027099609e-01,-8.830989599227905273e-01,0.000000000000000000e+00,4.218783578835427761e-04,1.836432516574859619e-01,1.060012459754943848e+00,0.000000000000000000e+00,1.543183028697967529e-01,4.131593782645982121e-17,-1.113578230142593384e-01,-5.142878293991088867e-01,-8.620446175336837769e-02,3.522934392094612122e-02,5.000000000000000000e-01,4.936659932136535645e-01,-1.800000071525573730e-01,-6.371871232986450195e-01,4.361050128936767578e-01,-5.426957607269287109e-01,1.320692896842956543e-01,3.041499853134155273e-01,-3.163973689079284668e-01
-2.042883634567260742e-02,-4.815936833620071411e-02,3.276212215423583984e-01,-1.693268269300460815e-01,-5.174376815557479858e-02,-7.720881104469299316e-01,6.103531122207641602e-01,0.000000000000000000e+00,0.000000000000000000e+00,0.000000000000000000e+00,0.000000000000000000e+00,0.000000000000000000e+00,0.000000000000000000e+00,0.000000000000000000e+00,0.000000000000000000e+00,0.000000000000000000e+00,0.000000000000000000e+00,0.000000000000000000e+00,0.000000000000000000e+00,0.000000000000000000e+00,0.000000000000000000e+00,0.000000000000000000e+00,0.000000000000000000e+00,0.000000000000000000e+00,0.000000000000000000e+00,0.000000000000000000e+00,0.000000000000000000e+00,0.000000000000000000e+00,0.000000000000000000e+00,0.000000000000000000e+00,0.000000000000000000e+00,2.812484800815582275e-01,-2.943215370178222656e-01,-8.930961489677429199e-01,0.000000000000000000e+00,4.262988804839551449e-04,1.678870767354965210e-01,1.062946438789367676e+00,0.000000000000000000e+00,1.494842320680618286e-01,2.593974873495250716e-17,-1.200581714510917664e-01,-5.362319946289062500e-01,-7.837174087762832642e-02,3.195935115218162537e-02,5.000000000000000000e-01,5.116829872131347656e-01,-1.799992322921752930e-01,-6.357346773147583008e-01,4.455669522285461426e-01,-5.587373971939086914e-01,1.328202486038208008e-01,3.008467853069305420e-01,-3.109162449836730957e-01
-2.029175311326980591e-02,-5.001732334494590759e-02,3.274341821670532227e-01,-1.696815341711044312e-01,-5.204432085156440735e-02,-7.709221243858337402e-01,6.117014288902282715e-01,0.000000000000000000e+00,0.000000000000000000e+00,0.000000000000000000e+00,0.000000000000000000e+00,0.000000000000000000e+00,0.000000000000000000e+00,0.000000000000000000e+00,0.000000000000000000e+00,0.000000000000000000e+00,0.000000000000000000e+00,0.000000000000000000e+00,0.000000000000000000e+00,0.000000000000000000e+00,0.000000000000000000e+00,0.000000000000000000e+00,0.000000000000000000e+00,0.000000000000000000e+00,0.000000000000000000e+00,0.000000000000000000e+00,0.000000000000000000e+00,0.000000000000000000e+00,0.000000000000000000e+00,0.000000000000000000e+00,0.000000000000000000e+00,2.799021005630493164e-01,-2.903458178043365479e-01,-8.976674675941467285e-01,0.000000000000000000e+00,-1.285552396439015865e-03,1.567634344100952148e-01,1.057691693305969238e+00,0.000000000000000000e+00,1.408725380897521973e-01,2.759675693801873220e-17,-1.231197938323020935e-01,-5.629218220710754395e-01,-6.409641355276107788e-02,8.998630568385124207e-03,5.000000000000000000e-01,5.218410491943359375e-01,-1.799914985895156860e-01,-6.405285000801086426e-01,4.537623524665832520e-01,-5.645787715911865234e-01,1.372971534729003906e-01,3.012273311614990234e-01,-3.088639676570892334e-01
-2.003543637692928314e-02,-5.189606174826622009e-02,3.271643817424774170e-01,-1.707895994186401367e-01,-5.247356742620468140e-02,-7.696968913078308105e-01,6.128981113433837891e-01,0.000000000000000000e+00,0.000000000000000000e+00,0.000000000000000000e+00,0.000000000000000000e+00,0.000000000000000000e+00,0.000000000000000000e+00,0.000000000000000000e+00,0.000000000000000000e+00,0.000000000000000000e+00,0.000000000000000000e+00,0.000000000000000000e+00,0.000000000000000000e+00,0.000000000000000000e+00,0.000000000000000000e+00,0.000000000000000000e+00,0.000000000000000000e+00,0.000000000000000000e+00,0.000000000000000000e+00,0.000000000000000000e+00,0.000000000000000000e+00,0.000000000000000000e+00,0.000000000000000000e+00,0.000000000000000000e+00,0.000000000000000000e+00,2.790636420249938965e-01,-2.857283651828765869e-01,-9.027577638626098633e-01,0.000000000000000000e+00,-1.197099569253623486e-03,1.459225863218307495e-01,1.051012039184570312e+00,0.000000000000000000e+00,1.335442811250686646e-01,-3.774336461317799596e-17,-1.241515427827835083e-01,-5.793258547782897949e-01,-4.817692190408706665e-02,-9.296084754168987274e-03,5.000000000000000000e-01,5.294154286384582520e-01,-1.799842566251754761e-01,-6.400796175003051758e-01,4.600849151611328125e-01,-5.668891668319702148e-01,1.412113606929779053e-01,2.971538603305816650e-01,-3.107792139053344727e-01
-1.984149217605590820e-02,-5.367669835686683655e-02,3.266469538211822510e-01,-1.728002279996871948e-01,-5.418508872389793396e-02,-7.677329182624816895e-01,6.146463751792907715e-01,0.000000000000000000e+00,0.000000000000000000e+00,0.000000000000000000e+00,0.000000000000000000e+00,0.000000000000000000e+00,0.000000000000000000e+00,0.000000000000000000e+00,0.000000000000000000e+00,0.000000000000000000e+00,0.000000000000000000e+00,0.000000000000000000e+00,0.000000000000000000e+00,0.000000000000000000e+00,0.000000000000000000e+00,0.000000000000000000e+00,0.000000000000000000e+00,0.000000000000000000e+00,0.000000000000000000e+00,0.000000000000000000e+00,0.000000000000000000e+00,0.000000000000000000e+00,0.000000000000000000e+00,0.000000000000000000e+00,0.000000000000000000e+00,2.776429653167724609e-01,-2.781661450862884521e-01,-9.053860902786254883e-01,0.000000000000000000e+00,-8.295353036373853683e-04,1.344937831163406372e-01,1.045475363731384277e+00,0.000000000000000000e+00,1.256124526262283325e-01,6.667335141017499689e-17,-1.274801045656204224e-01,-5.798861384391784668e-01,-3.134045749902725220e-02,-1.516843959689140320e-02,5.000000000000000000e-01,5.385512709617614746e-01,-1.799793541431427002e-01,-6.373911499977111816e-01,4.608277082443237305e-01,-5.698589682579040527e-01,1.443174779415130615e-01,2.907935976982116699e-01,-3.125924766063690186e-01
-1.984711363911628723e-02,-5.530867353081703186e-02,3.259668946266174316e-01,-1.747794300317764282e-01,-5.678424611687660217e-02,-7.651787400245666504e-01,6.170325875282287598e-01,0.000000000000000000e+00,0.000000000000000000e+00,0.000000000000000000e+00,0.000000000000000000e+00,0.000000000000000000e+00,0.000000000000000000e+00,0.000000000000000000e+00,0.000000000000000000e+00,0.000000000000000000e+00,0.000000000000000000e+00,0.000000000000000000e+00,0.000000000000000000e+00,0.000000000000000000e+00,0.000000000000000000e+00,0.000000000000000000e+00,0.000000000000000000e+00,0.000000000000000000e+00,0.000000000000000000e+00,0.000000000000000000e+00,0.000000000000000000e+00,0.000000000000000000e+00,0.000000000000000000e+00,0.000000000000000000e+00,0.000000000000000000e+00,2.757623791694641113e-01,-2.678704559803009033e-01,-9.050179123878479004e-01,0.000000000000000000e+00,1.194286815007217228e-04,1.256386190652847290e-01,1.044613718986511230e+00,0.000000000000000000e+00,1.148760989308357239e-01,1.529550920328134195e-17,-1.365264207124710083e-01,-5.799723267555236816e-01,-1.150996331125497818e-02,-1.274200901389122009e-02,5.000000000000000000e-01,5.460855364799499512e-01,-1.799743920564651489e-01,-6.327412724494934082e-01,4.647239148616790771e-01,-5.723901391029357910e-01,1.480414122343063354e-01,2.821941673755645752e-01,-3.119966685771942139e-01
-1.950876787304878235e-02,-5.685928836464881897e-02,3.253157138824462891e-01,-1.758357137441635132e-01,-5.946039780974388123e-02,-7.620062232017517090e-01,6.203972697257995605e-01,0.000000000000000000e+00,0.000000000000000000e+00,0.000000000000000000e+00,0.000000000000000000e+00,0.000000000000000000e+00,0.000000000000000000e+00,0.000000000000000000e+00,0.000000000000000000e+00,0.000000000000000000e+00,0.000000000000000000e+00,0.000000000000000000e+00,0.000000000000000000e+00,0.000000000000000000e+00,0.000000000000000000e+00,0.000000000000000000e+00,0.000000000000000000e+00,0.000000000000000000e+00,0.000000000000000000e+00,0.000000000000000000e+00,0.000000000000000000e+00,0.000000000000000000e+00,0.000000000000000000e+00,0.000000000000000000e+00,0.000000000000000000e+00,2.714617848396301270e-01,-2.594038248062133789e-01,-9.042587280273437500e-01,0.000000000000000000e+00,-4.149620945099741220e-04,1.176253035664558411e-01,1.044896721839904785e+00,0.000000000000000000e+00,1.001920774579048157e-01,3.460288408211427066e-17,-1.518833041191101074e-01,-5.799893736839294434e-01,1.470451988279819489e-02,-3.713514190167188644e-03,5.000000000000000000e-01,5.516174435615539551e-01,-1.799640655517578125e-01,-6.303187012672424316e-01,4.791025221347808838e-01,-5.754361152648925781e-01,1.529835164546966553e-01,2.756054103374481201e-01,-3.074540495872497559e-01
-1.932532526552677155e-02,-5.817168578505516052e-02,3.249155879020690918e-01,-1.767694354057312012e-01,-6.109622865915298462e-02,-7.590548396110534668e-01,6.235828399658203125e-01,0.000000000000000000e+00,0.000000000000000000e+00,0.000000000000000000e+00,0.000000000000000000e+00,0.000000000000000000e+00,0.000000000000000000e+00,0.000000000000000000e+00,0.000000000000000000e+00,0.000000000000000000e+00,0.000000000000000000e+00,0.000000000000000000e+00,0.000000000000000000e+00,0.000000000000000000e+00,0.000000000000000000e+00,0.000000000000000000e+00,0.000000000000000000e+00,0.000000000000000000e+00,0.000000000000000000e+00,0.000000000000000000e+00,0.000000000000000000e+00,0.000000000000000000e+00,0.000000000000000000e+00,0.000000000000000000e+00,0.000000000000000000e+00,2.687766253948211670e-01,-2.535682022571563721e-01,-9.044250249862670898e-01,0.000000000000000000e+00,7.429664838127791882e-04,1.101715192198753357e-01,1.043247938156127930e+00,0.000000000000000000e+00,8.725162595510482788e-02,-6.725007496813676863e-17,-1.668337136507034302e-01,-5.799999833106994629e-01,4.141372069716453552e-02,2.720208140090107918e-03,5.000000000000000000e-01,5.584828853607177734e-01,-1.799559593200683594e-01,-6.318559050559997559e-01,4.909062683582305908e-01,-5.799582600593566895e-01,1.580572128295898438e-01,2.735505998134613037e-01,-3.025473058223724365e-01
-1.924286596477031708e-02,-5.921880900859832764e-02,3.247757256031036377e-01,-1.774595826864242554e-01,-6.193081662058830261e-02,-7.570956945419311523e-01,6.256827116012573242e-01,0.000000000000000000e+00,0.000000000000000000e+00,0.000000000000000000e+00,0.000000000000000000e+00,0.000000000000000000e+00,0.000000000000000000e+00,0.000000000000000000e+00,0.000000000000000000e+00,0.000000000000000000e+00,0.000000000000000000e+00,0.000000000000000000e+00,0.000000000000000000e+00,0.000000000000000000e+00,0.000000000000000000e+00,0.000000000000000000e+00,0.000000000000000000e+00,0.000000000000000000e+00,0.000000000000000000e+00,0.000000000000000000e+00,0.000000000000000000e+00,0.000000000000000000e+00,0.000000000000000000e+00,0.000000000000000000e+00,0.000000000000000000e+00,2.682563960552215576e-01,-2.484747916460037231e-01,-9.045313000679016113e-01,0.000000000000000000e+00,3.203687258064746857e-03,1.038993746042251587e-01,1.041077494621276855e+00,0.000000000000000000e+00,7.939270138740539551e-02,2.886966216928473373e-17,-1.768931746482849121e-01,-5.799999833106994629e-01,5.607530474662780762e-02,7.974438369274139404e-03,5.000000000000000000e-01,5.643112659454345703e-01,-1.799518465995788574e-01,-6.331682801246643066e-01,4.977521896362304688e-01,-5.833569765090942383e-01,1.610543429851531982e-01,2.718196809291839600e-01,-2.999957203865051270e-01
-1.924443058669567108e-02,-5.996298044919967651e-02,3.246870040893554688e-01,-1.775647997856140137e-01,-6.198962777853012085e-02,-7.560155987739562988e-01,6.269516944885253906e-01,0.000000000000000000e+00,0.000000000000000000e+00,0.000000000000000000e+00,0.000000000000000000e+00,0.000000000000000000e+00,0.000000000000000000e+00,0.000000000000000000e+00,0.000000000000000000e+00,0.000000000000000000e+00,0.000000000000000000e+00,0.000000000000000000e+00,0.000000000000000000e+00,0.000000000000000000e+00,0.000000000000000000e+00,0.000000000000000000e+00,0.000000000000000000e+00,0.000000000000000000e+00,0.000000000000000000e+00,0.000000000000000000e+00,0.000000000000000000e+00,0.000000000000000000e+00,0.000000000000000000e+00,0.000000000000000000e+00,0.000000000000000000e+00,2.679295539855957031e-01,-2.453974634408950806e-01,-9.039133191108703613e-01,0.000000000000000000e+00,5.850930698215961456e-03,9.969419240951538086e-02,1.039030671119689941e+00,0.000000000000000000e+00,7.623489201068878174e-02,-2.453947092424314021e-17,-1.822410821914672852e-01,-5.799942016601562500e-01,5.699218437075614929e-02,1.842975616455078125e-02,5.000000000000000000e-01,5.685364007949829102e-01,-1.799516230821609497e-01,-6.350854635238647461e-01,5.017544031143188477e-01,-5.846166610717773438e-01,1.622137427330017090e-01,2.694010436534881592e-01,-2.993332743644714355e-01
-1.931823417544364929e-02,-6.051695346832275391e-02,3.248445689678192139e-01,-1.766063868999481201e-01,-6.132340431213378906e-02,-7.559562325477600098e-01,6.273593902587890625e-01,0.000000000000000000e+00,0.000000000000000000e+00,0.000000000000000000e+00,0.000000000000000000e+00,0.000000000000000000e+00,0.000000000000000000e+00,0.000000000000000000e+00,0.000000000000000000e+00,0.000000000000000000e+00,0.000000000000000000e+00,0.000000000000000000e+00,0.000000000000000000e+00,0.000000000000000000e+00,0.000000000000000000e+00,0.000000000000000000e+00,0.000000000000000000e+00,0.000000000000000000e+00,0.000000000000000000e+00,0.000000000000000000e+00,0.000000000000000000e+00,0.000000000000000000e+00,0.000000000000000000e+00,0.000000000000000000e+00,0.000000000000000000e+00,2.675468325614929199e-01,-2.447896897792816162e-01,-9.036795496940612793e-01,0.000000000000000000e+00,7.015732116997241974e-03,9.847556799650192261e-02,1.037754654884338379e+00,0.000000000000000000e+00,7.624046504497528076e-02,1.796739522605622728e-17,-1.818126440048217773e-01,-5.799852609634399414e-01,5.077793821692466736e-02,2.625008672475814819e-02,5.000000000000000000e-01,5.696082115173339844e-01,-1.799536347389221191e-01,-6.373440027236938477e-01,5.048087835311889648e-01,-5.850397348403930664e-01,1.624177545309066772e-01,2.696264386177062988e-01,-2.991008460521697998e-01
-1.951217837631702423e-02,-6.096256151795387268e-02,3.253559470176696777e-01,-1.749822646379470825e-01,-5.970873311161994934e-02,-7.567518949508666992e-01,6.270108819007873535e-01,0.000000000000000000e+00,0.000000000000000000e+00,0.000000000000000000e+00,0.000000000000000000e+00,0.000000000000000000e+00,0.000000000000000000e+00,0.000000000000000000e+00,0.000000000000000000e+00,0.000000000000000000e+00,0.000000000000000000e+00,0.000000000000000000e+00,0.000000000000000000e+00,0.000000000000000000e+00,0.000000000000000000e+00,0.000000000000000000e+00,0.000000000000000000e+00,0.000000000000000000e+00,0.000000000000000000e+00,0.000000000000000000e+00,0.000000000000000000e+00,0.000000000000000000e+00,0.000000000000000000e+00,0.000000000000000000e+00,0.000000000000000000e+00,2.684948742389678955e-01,-2.464187741279602051e-01,-9.046152830123901367e-01,0.000000000000000000e+00,5.913188681006431580e-03,9.969126433134078979e-02,1.036528944969177246e+00,0.000000000000000000e+00,7.818946242332458496e-02,3.452625407016735818e-17,-1.765656918287277222e-01,-5.799731612205505371e-01,4.354318976402282715e-02,2.726809680461883545e-02,5.000000000000000000e-01,5.672678947448730469e-01,-1.799544990062713623e-01,-6.392469406127929688e-01,5.079939961433410645e-01,-5.833883881568908691e-01,1.631345152854919434e-01,2.701287865638732910e-01,-2.967148125171661377e-01
-1.989793777465820312e-02,-6.147200614213943481e-02,3.261552155017852783e-01,-1.729802489280700684e-01,-5.745986104011535645e-02,-7.578412294387817383e-01,6.264605522155761719e-01,0.000000000000000000e+00,0.000000000000000000e+00,0.000000000000000000e+00,0.000000000000000000e+00,0.000000000000000000e+00,0.000000000000000000e+00,0.000000000000000000e+00,0.000000000000000000e+00,0.000000000000000000e+00,0.000000000000000000e+00,0.000000000000000000e+00,0.000000000000000000e+00,0.000000000000000000e+00,0.000000000000000000e+00,0.000000000000000000e+00,0.000000000000000000e+00,0.000000000000000000e+00,0.000000000000000000e+00,0.000000000000000000e+00,0.000000000000000000e+00,0.000000000000000000e+00,0.000000000000000000e+00,0.000000000000000000e+00,0.000000000000000000e+00,2.703547179698944092e-01,-2.514940500259399414e-01,-9.081238508224487305e-01,0.000000000000000000e+00,4.263017326593399048e-03,1.023682132363319397e-01,1.035640835762023926e+00,0.000000000000000000e+00,8.058910071849822998e-02,-1.762637182055776545e-17,-1.689355522394180298e-01,-5.799304246902465820e-01,4.254510253667831421e-02,1.973479799926280975e-02,5.000000000000000000e-01,5.632363557815551758e-01,-1.799539178609848022e-01,-6.408951282501220703e-01,5.112359523773193359e-01,-5.802904963493347168e-01,1.645398885011672974e-01,2.702746987342834473e-01,-2.912490963935852051e-01
-1.995808817446231842e-02,-6.129470467567443848e-02,3.290187120437622070e-01,-1.667979061603546143e-01,-5.124846845865249634e-02,-7.606709003448486328e-01,6.252454519271850586e-01,0.000000000000000000e+00,0.000000000000000000e+00,0.000000000000000000e+00,0.000000000000000000e+00,0.000000000000000000e+00,0.000000000000000000e+00,0.000000000000000000e+00,0.000000000000000000e+00,0.000000000000000000e+00,0.000000000000000000e+00,0.000000000000000000e+00,0.000000000000000000e+00,0.000000000000000000e+00,0.000000000000000000e+00,0.000000000000000000e+00,0.000000000000000000e+00,0.000000000000000000e+00,0.000000000000000000e+00,0.000000000000000000e+00,0.000000000000000000e+00,0.000000000000000000e+00,0.000000000000000000e+00,0.000000000000000000e+00,0.000000000000000000e+00,2.729758024215698242e-01,-2.731932699680328369e-01,-9.073649644851684570e-01,0.000000000000000000e+00,3.720277920365333557e-03,1.231581121683120728e-01,1.028822660446166992e+00,0.000000000000000000e+00,8.590028434991836548e-02,-1.092450288158291192e-16,-1.548752635717391968e-01,-5.799609422683715820e-01,4.333458095788955688e-02,8.047671057283878326e-03,5.000000000000000000e-01,5.253727436065673828e-01,-1.799976527690887451e-01,-6.303532719612121582e-01,5.232981443405151367e-01,-5.531939268112182617e-01,1.681056618690490723e-01,2.664095461368560791e-01,-2.884190380573272705e-01
-2.119604125618934631e-02,-6.292829662561416626e-02,3.286267817020416260e-01,-1.673564016819000244e-01,-5.263067781925201416e-02,-7.602457404136657715e-01,6.254984140396118164e-01,0.000000000000000000e+00,0.000000000000000000e+00,0.000000000000000000e+00,0.000000000000000000e+00,0.000000000000000000e+00,0.000000000000000000e+00,0.000000000000000000e+00,0.000000000000000000e+00,0.000000000000000000e+00,0.000000000000000000e+00,0.000000000000000000e+00,0.000000000000000000e+00,0.000000000000000000e+00,0.000000000000000000e+00,0.000000000000000000e+00,0.000000000000000000e+00,0.000000000000000000e+00,0.000000000000000000e+00,0.000000000000000000e+00,0.000000000000000000e+00,0.000000000000000000e+00,0.000000000000000000e+00,0.000000000000000000e+00,0.000000000000000000e+00,2.725483179092407227e-01,-2.628139257431030273e-01,-9.144899845123291016e-01,0.000000000000000000e+00,1.034620101563632488e-03,1.097534596920013428e-01,1.032267808914184570e+00,0.000000000000000000e+00,8.561658859252929688e-02,9.474940988233145544e-17,-1.475766897201538086e-01,-5.602132081985473633e-01,4.422595724463462830e-02,-2.042452804744243622e-03,5.000000000000000000e-01,5.485451817512512207e-01,-1.799521893262863159e-01,-6.390955448150634766e-01,5.182400345802307129e-01,-5.701772570610046387e-01,1.668293774127960205e-01,2.662319839000701904e-01,-2.732302546501159668e-01
-2.243774943053722382e-02,-6.399627774953842163e-02,3.299395740032196045e-01,-1.634484827518463135e-01,-5.071476474404335022e-02,-7.612255215644836426e-01,6.254984140396118164e-01,0.000000000000000000e+00,0.000000000000000000e+00,0.000000000000000000e+00,0.000000000000000000e+00,0.000000000000000000e+00,0.000000000000000000e+00,0.000000000000000000e+00,0.000000000000000000e+00,0.000000000000000000e+00,0.000000000000000000e+00,0.000000000000000000e+00,0.000000000000000000e+00,0.000000000000000000e+00,0.000000000000000000e+00,0.000000000000000000e+00,0.000000000000000000e+00,0.000000000000000000e+00,0.000000000000000000e+00,0.000000000000000000e+00,0.000000000000000000e+00,0.000000000000000000e+00,0.000000000000000000e+00,0.000000000000000000e+00,0.000000000000000000e+00,2.723762094974517822e-01,-2.664982974529266357e-01,-9.146630764007568359e-01,0.000000000000000000e+00,-7.579794619232416153e-04,1.099276170134544373e-01,1.027547121047973633e+00,0.000000000000000000e+00,8.718229830265045166e-02,-3.975433994396791260e-17,-1.338305324316024780e-01,-5.329312682151794434e-01,4.645129665732383728e-02,-1.538504660129547119e-02,5.000000000000000000e-01,5.452314615249633789e-01,-1.799511313438415527e-01,-6.434350609779357910e-01,5.217167735099792480e-01,-5.665772557258605957e-01,1.677933931350708008e-01,2.645627558231353760e-01,-2.630705833435058594e-01
-2.415427565574645996e-02,-6.530392169952392578e-02,3.315474689006805420e-01,-1.585950255393981934e-01,-4.857463389635086060e-02,-7.620375156402587891e-01,6.259288787841796875e-01,0.000000000000000000e+00,0.000000000000000000e+00,0.000000000000000000e+00,0.000000000000000000e+00,0.000000000000000000e+00,0.000000000000000000e+00,0.000000000000000000e+00,0.000000000000000000e+00,0.000000000000000000e+00,0.000000000000000000e+00,0.000000000000000000e+00,0.000000000000000000e+00,0.000000000000000000e+00,0.000000000000000000e+00,0.000000000000000000e+00,0.000000000000000000e+00,0.000000000000000000e+00,0.000000000000000000e+00,0.000000000000000000e+00,0.000000000000000000e+00,0.000000000000000000e+00,0.000000000000000000e+00,0.000000000000000000e+00,0.000000000000000000e+00,2.717514932155609131e-01,-2.709318995475769043e-01,-9.142589569091796875e-01,0.000000000000000000e+00,-3.042473457753658295e-03,1.121990829706192017e-01,1.023837089538574219e+00,0.000000000000000000e+00,8.733449131250381470e-02,2.572469501057852081e-17,-1.164480149745941162e-01,-4.850392043590545654e-01,5.122729390859603882e-02,-3.833521902561187744e-02,5.000000000000000000e-01,5.401297807693481445e-01,-1.799500137567520142e-01,-6.471271514892578125e-01,5.241101980209350586e-01,-5.603687167167663574e-01,1.692406237125396729e-01,2.623226940631866455e-01,-2.530555725097656250e-01
-2.590541355311870575e-02,-6.717600673437118530e-02,3.332034945487976074e-01,-1.538345515727996826e-01,-4.667317494750022888e-02,-7.619978785514831543e-01,6.273083090782165527e-01,0.000000000000000000e+00,0.000000000000000000e+00,0.000000000000000000e+00,0.000000000000000000e+00,0.000000000000000000e+00,0.000000000000000000e+00,0.000000000000000000e+00,0.000000000000000000e+00,0.000000000000000000e+00,0.000000000000000000e+00,0.000000000000000000e+00,0.000000000000000000e+00,0.000000000000000000e+00,0.000000000000000000e+00,0.000000000000000000e+00,0.000000000000000000e+00,0.000000000000000000e+00,0.000000000000000000e+00,0.000000000000000000e+00,0.000000000000000000e+00,0.000000000000000000e+00,0.000000000000000000e+00,0.000000000000000000e+00,0.000000000000000000e+00,2.715497612953186035e-01,-2.746363878250122070e-01,-9.154077172279357910e-01,0.000000000000000000e+00,-6.964137312024831772e-03,1.141249760985374451e-01,1.021574854850769043e+00,0.000000000000000000e+00,8.536593616008758545e-02,5.237912779477684388e-17,-1.023178026080131531e-01,-4.109940230846405029e-01,4.793588444590568542e-02,-5.958862975239753723e-02,5.000000000000000000e-01,5.333913564682006836e-01,-1.799505650997161865e-01,-6.486863493919372559e-01,5.308686494827270508e-01,-5.526489615440368652e-01,1.702362746000289917e-01,2.577962279319763184e-01,-2.472754418849945068e-01
-2.705473825335502625e-02,-6.957001239061355591e-02,3.345943093299865723e-01,-1.488727480173110962e-01,-4.416016489267349243e-02,-7.618291974067687988e-01,6.288903355598449707e-01,0.000000000000000000e+00,0.000000000000000000e+00,0.000000000000000000e+00,0.000000000000000000e+00,0.000000000000000000e+00,0.000000000000000000e+00,0.000000000000000000e+00,0.000000000000000000e+00,0.000000000000000000e+00,0.000000000000000000e+00,0.000000000000000000e+00,0.000000000000000000e+00,0.000000000000000000e+00,0.000000000000000000e+00,0.000000000000000000e+00,0.000000000000000000e+00,0.000000000000000000e+00,0.000000000000000000e+00,0.000000000000000000e+00,0.000000000000000000e+00,0.000000000000000000e+00,0.000000000000000000e+00,0.000000000000000000e+00,0.000000000000000000e+00,2.713851928710937500e-01,-2.828067541122436523e-01,-9.244436621665954590e-01,0.000000000000000000e+00,-1.122862193733453751e-02,1.132543757557868958e-01,1.017780661582946777e+00,0.000000000000000000e+00,8.374135941267013550e-02,6.258756887508567157e-17,-9.270799905061721802e-02,-3.277302980422973633e-01,4.774700850248336792e-02,-7.172936946153640747e-02,5.000000000000000000e-01,5.276593565940856934e-01,-1.799502223730087280e-01,-6.514143347740173340e-01,5.439978837966918945e-01,-5.471354126930236816e-01,1.705133169889450073e-01,2.529739737510681152e-01,-2.416616678237915039e-01
-2.794971503317356110e-02,-7.243965566158294678e-02,3.359030783176422119e-01,-1.422525644302368164e-01,-4.137291014194488525e-02,-7.619042992591857910e-01,6.305190920829772949e-01,0.000000000000000000e+00,0.000000000000000000e+00,0.000000000000000000e+00,0.000000000000000000e+00,0.000000000000000000e+00,0.000000000000000000e+00,0.000000000000000000e+00,0.000000000000000000e+00,0.000000000000000000e+00,0.000000000000000000e+00,0.000000000000000000e+00,0.000000000000000000e+00,0.000000000000000000e+00,0.000000000000000000e+00,0.000000000000000000e+00,0.000000000000000000e+00,0.000000000000000000e+00,0.000000000000000000e+00,0.000000000000000000e+00,0.000000000000000000e+00,0.000000000000000000e+00,0.000000000000000000e+00,0.000000000000000000e+00,0.000000000000000000e+00,2.674775719642639160e-01,-2.933024466037750244e-01,-9.375500082969665527e-01,0.000000000000000000e+00,-1.824140734970569611e-02,1.123158410191535950e-01,1.014607548713684082e+00,0.000000000000000000e+00,8.010506629943847656e-02,4.289030737760954858e-19,-8.797091245651245117e-02,-2.459886819124221802e-01,6.162766367197036743e-02,-7.685896009206771851e-02,5.000000000000000000e-01,5.300509333610534668e-01,-1.799524128437042236e-01,-6.649149060249328613e-01,5.545123815536499023e-01,-5.484086871147155762e-01,1.712310016155242920e-01,2.556683719158172607e-01,-2.339992374181747437e-01
-2.858602441847324371e-02,-7.605616003274917603e-02,3.372853398323059082e-01,-1.335700452327728271e-01,-3.872275725007057190e-02,-7.618173360824584961e-01,6.326878666877746582e-01,0.000000000000000000e+00,0.000000000000000000e+00,0.000000000000000000e+00,0.000000000000000000e+00,0.000000000000000000e+00,0.000000000000000000e+00,0.000000000000000000e+00,0.000000000000000000e+00,0.000000000000000000e+00,0.000000000000000000e+00,0.000000000000000000e+00,0.000000000000000000e+00,0.000000000000000000e+00,0.000000000000000000e+00,0.000000000000000000e+00,0.000000000000000000e+00,0.000000000000000000e+00,0.000000000000000000e+00,0.000000000000000000e+00,0.000000000000000000e+00,0.000000000000000000e+00,0.000000000000000000e+00,0.000000000000000000e+00,0.000000000000000000e+00,2.598063349723815918e-01,-3.025162518024444580e-01,-9.515776634216308594e-01,0.000000000000000000e+00,-3.075280971825122833e-02,1.129378303885459900e-01,1.013452053070068359e+00,0.000000000000000000e+00,7.189013063907623291e-02,-3.200907067427459030e-17,-8.786629140377044678e-02,-1.674498319625854492e-01,9.022561460733413696e-02,-7.641208916902542114e-02,5.000000000000000000e-01,5.355711579322814941e-01,-1.799539327621459961e-01,-6.870613694190979004e-01,5.765388607978820801e-01,-5.537320971488952637e-01,1.725130379199981689e-01,2.663544714450836182e-01,-2.317668497562408447e-01
-2.873085997998714447e-02,-8.063977956771850586e-02,3.385568857192993164e-01,-1.242822259664535522e-01,-3.589654341340065002e-02,-7.612902522087097168e-01,6.353758573532104492e-01,0.000000000000000000e+00,0.000000000000000000e+00,0.000000000000000000e+00,0.000000000000000000e+00,0.000000000000000000e+00,0.000000000000000000e+00,0.000000000000000000e+00,0.000000000000000000e+00,0.000000000000000000e+00,0.000000000000000000e+00,0.000000000000000000e+00,0.000000000000000000e+00,0.000000000000000000e+00,0.000000000000000000e+00,0.000000000000000000e+00,0.000000000000000000e+00,0.000000000000000000e+00,0.000000000000000000e+00,0.000000000000000000e+00,0.000000000000000000e+00,0.000000000000000000e+00,0.000000000000000000e+00,0.000000000000000000e+00,0.000000000000000000e+00,2.500240504741668701e-01,-3.108446598052978516e-01,-9.672241806983947754e-01,0.000000000000000000e+00,-4.587167501449584961e-02,1.116676777601242065e-01,1.011037945747375488e+00,0.000000000000000000e+00,5.979489535093307495e-02,2.834476643978308449e-18,-9.130832552909851074e-02,-8.774565905332565308e-02,1.134542375802993774e-01,-7.951008528470993042e-02,5.000000000000000000e-01,5.431993603706359863e-01,-1.799520105123519897e-01,-7.141835093498229980e-01,6.099984049797058105e-01,-5.606291890144348145e-01,1.751094460487365723e-01,2.802524864673614502e-01,-2.347317934036254883e-01
-2.844703570008277893e-02,-8.689957857131958008e-02,3.385947942733764648e-01,-1.172188743948936462e-01,-3.524831682443618774e-02,-7.593940496444702148e-01,6.390132904052734375e-01,0.000000000000000000e+00,0.000000000000000000e+00,0.000000000000000000e+00,0.000000000000000000e+00,0.000000000000000000e+00,0.000000000000000000e+00,0.000000000000000000e+00,0.000000000000000000e+00,0.000000000000000000e+00,0.000000000000000000e+00,0.000000000000000000e+00,0.000000000000000000e+00,0.000000000000000000e+00,0.000000000000000000e+00,0.000000000000000000e+00,0.000000000000000000e+00,0.000000000000000000e+00,0.000000000000000000e+00,0.000000000000000000e+00,0.000000000000000000e+00,0.000000000000000000e+00,0.000000000000000000e+00,0.000000000000000000e+00,0.000000000000000000e+00,2.404744476079940796e-01,-2.953155636787414551e-01,-9.780005216598510742e-01,0.000000000000000000e+00,-6.256432086229324341e-02,8.681508898735046387e-02,9.989011287689208984e-01,0.000000000000000000e+00,4.384365677833557129e-02,2.004618613218569134e-17,-1.002099663019180298e-01,1.098834257572889328e-02,1.253722161054611206e-01,-9.000831097364425659e-02,5.000000000000000000e-01,5.879112482070922852e-01,-1.799409687519073486e-01,-7.687219977378845215e-01,6.314303874969482422e-01,-5.889711976051330566e-01,1.764089763164520264e-01,3.057948052883148193e-01,-2.367597371339797974e-01
-2.744538150727748871e-02,-9.383444488048553467e-02,3.403933048248291016e-01,-1.101055741310119629e-01,-2.804342098534107208e-02,-7.591952085494995117e-01,6.408689022064208984e-01,0.000000000000000000e+00,0.000000000000000000e+00,0.000000000000000000e+00,0.000000000000000000e+00,0.000000000000000000e+00,0.000000000000000000e+00,0.000000000000000000e+00,0.000000000000000000e+00,0.000000000000000000e+00,0.000000000000000000e+00,0.000000000000000000e+00,0.000000000000000000e+00,0.000000000000000000e+00,0.000000000000000000e+00,0.000000000000000000e+00,0.000000000000000000e+00,0.000000000000000000e+00,0.000000000000000000e+00,0.000000000000000000e+00,0.000000000000000000e+00,0.000000000000000000e+00,0.000000000000000000e+00,0.000000000000000000e+00,0.000000000000000000e+00,2.390585392713546753e-01,-2.813482284545898438e-01,-9.777038097381591797e-01,0.000000000000000000e+00,-7.092250883579254150e-02,6.888576596975326538e-02,9.713932871818542480e-01,0.000000000000000000e+00,3.845648095011711121e-02,5.616367100310905780e-17,-1.064864173531532288e-01,8.736858516931533813e-02,1.222304627299308777e-01,-1.019487008452415466e-01,5.000000000000000000e-01,6.119512319564819336e-01,-1.799452304840087891e-01,-8.098437786102294922e-01,6.584049463272094727e-01,-6.043047308921813965e-01,1.777086704969406128e-01,3.283189535140991211e-01,-2.456932216882705688e-01
-2.580818161368370056e-02,-1.018932089209556580e-01,3.433461785316467285e-01,-1.040913760662078857e-01,-1.635472662746906281e-02,-7.596868276596069336e-01,6.416957378387451172e-01,0.000000000000000000e+00,0.000000000000000000e+00,0.000000000000000000e+00,0.000000000000000000e+00,0.000000000000000000e+00,0.000000000000000000e+00,0.000000000000000000e+00,0.000000000000000000e+00,0.000000000000000000e+00,0.000000000000000000e+00,0.000000000000000000e+00,0.000000000000000000e+00,0.000000000000000000e+00,0.000000000000000000e+00,0.000000000000000000e+00,0.000000000000000000e+00,0.000000000000000000e+00,0.000000000000000000e+00,0.000000000000000000e+00,0.000000000000000000e+00,0.000000000000000000e+00,0.000000000000000000e+00,0.000000000000000000e+00,0.000000000000000000e+00,2.435316890478134155e-01,-2.657597362995147705e-01,-9.686132669448852539e-01,0.000000000000000000e+00,-6.898701190948486328e-02,4.858008027076721191e-02,9.297482967376708984e-01,0.000000000000000000e+00,4.085628315806388855e-02,4.271044522521601824e-18,-1.131926178932189941e-01,1.481383889913558960e-01,1.121337637305259705e-01,-1.051858291029930115e-01,5.000000000000000000e-01,6.311173439025878906e-01,-1.799451112747192383e-01,-8.446385860443115234e-01,6.851810216903686523e-01,-6.178438067436218262e-01,1.781366020441055298e-01,3.490672409534454346e-01,-2.492616027593612671e-01
-2.416326664388179779e-02,-1.115173026919364929e-01,3.433946967124938965e-01,-1.072846204042434692e-01,-7.886740379035472870e-03,-7.566105723381042480e-01,6.449559926986694336e-01,0.000000000000000000e+00,0.000000000000000000e+00,0.000000000000000000e+00,0.000000000000000000e+00,0.000000000000000000e+00,0.000000000000000000e+00,0.000000000000000000e+00,0.000000000000000000e+00,0.000000000000000000e+00,0.000000000000000000e+00,0.000000000000000000e+00,0.000000000000000000e+00,0.000000000000000000e+00,0.000000000000000000e+00,0.000000000000000000e+00,0.000000000000000000e+00,0.000000000000000000e+00,0.000000000000000000e+00,0.000000000000000000e+00,0.000000000000000000e+00,0.000000000000000000e+00,0.000000000000000000e+00,0.000000000000000000e+00,0.000000000000000000e+00,2.487492263317108154e-01,-2.192970812320709229e-01,-9.531803727149963379e-01,0.000000000000000000e+00,-6.390930712223052979e-02,7.118753157556056976e-03,8.928163647651672363e-01,0.000000000000000000e+00,4.646992310881614685e-02,-6.686173683160027362e-18,-1.296371370553970337e-01,2.177597433328628540e-01,1.124690920114517212e-01,-9.619592875242233276e-02,5.000000000000000000e-01,7.144301533699035645e-01,-1.788477897644042969e-01,-8.922773003578186035e-01,6.887546181678771973e-01,-6.745539307594299316e-01,1.695660054683685303e-01,3.761726021766662598e-01,-2.405363470315933228e-01
-2.143771760165691376e-02,-1.218306943774223328e-01,3.479769229888916016e-01,-1.036848723888397217e-01,8.420692756772041321e-03,-7.581436038017272949e-01,6.437366008758544922e-01,0.000000000000000000e+00,0.000000000000000000e+00,0.000000000000000000e+00,0.000000000000000000e+00,0.000000000000000000e+00,0.000000000000000000e+00,0.000000000000000000e+00,0.000000000000000000e+00,0.000000000000000000e+00,0.000000000000000000e+00,0.000000000000000000e+00,0.000000000000000000e+00,0.000000000000000000e+00,0.000000000000000000e+00,0.000000000000000000e+00,0.000000000000000000e+00,0.000000000000000000e+00,0.000000000000000000e+00,0.000000000000000000e+00,0.000000000000000000e+00,0.000000000000000000e+00,0.000000000000000000e+00,0.000000000000000000e+00,0.000000000000000000e+00,2.584027349948883057e-01,-1.900126039981842041e-01,-9.210705161094665527e-01,0.000000000000000000e+00,-4.781577363610267639e-02,2.768328599631786346e-02,8.792780041694641113e-01,0.000000000000000000e+00,5.464711040258407593e-02,2.349742187577333807e-17,-1.336604505777359009e-01,2.565692663192749023e-01,1.148892864584922791e-01,-6.942131370306015015e-02,5.000000000000000000e-01,7.520231604576110840e-01,-1.786703318357467651e-01,-9.336390495300292969e-01,6.958512663841247559e-01,-6.993455290794372559e-01,1.689397245645523071e-01,4.116716086864471436e-01,-2.381421923637390137e-01
-1.907948963344097137e-02,-1.329790651798248291e-01,3.528380692005157471e-01,-1.013390496373176575e-01,2.686635218560695648e-02,-7.607074379920959473e-01,6.405722498893737793e-01,0.000000000000000000e+00,0.000000000000000000e+00,0.000000000000000000e+00,0.000000000000000000e+00,0.000000000000000000e+00,0.000000000000000000e+00,0.000000000000000000e+00,0.000000000000000000e+00,0.000000000000000000e+00,0.000000000000000000e+00,0.000000000000000000e+00,0.000000000000000000e+00,0.000000000000000000e+00,0.000000000000000000e+00,0.000000000000000000e+00,0.000000000000000000e+00,0.000000000000000000e+00,0.000000000000000000e+00,0.000000000000000000e+00,0.000000000000000000e+00,0.000000000000000000e+00,0.000000000000000000e+00,0.000000000000000000e+00,0.000000000000000000e+00,2.743991017341613770e-01,-1.772457510232925415e-01,-9.033117294311523438e-01,0.000000000000000000e+00,-1.671286486089229584e-02,1.556874960660934448e-01,9.795097112655639648e-01,0.000000000000000000e+00,6.718572974205017090e-02,2.792548513089220582e-18,-1.260051727294921875e-01,2.770769298076629639e-01,1.163320094347000122e-01,-3.871712461113929749e-02,5.000000000000000000e-01,7.779980301856994629e-01,-1.782903820276260376e-01,-9.612794518470764160e-01,7.020094394683837891e-01,-7.259380817413330078e-01,1.682347208261489868e-01,4.724774360656738281e-01,-2.703111469745635986e-01
-1.854741759598255157e-02,-1.449075341224670410e-01,3.562932908535003662e-01,-1.005963012576103210e-01,4.331677779555320740e-02,-7.638889551162719727e-01,6.359856128692626953e-01,0.000000000000000000e+00,0.000000000000000000e+00,0.000000000000000000e+00,0.000000000000000000e+00,0.000000000000000000e+00,0.000000000000000000e+00,0.000000000000000000e+00,0.000000000000000000e+00,0.000000000000000000e+00,0.000000000000000000e+00,0.000000000000000000e+00,0.000000000000000000e+00,0.000000000000000000e+00,0.000000000000000000e+00,0.000000000000000000e+00,0.000000000000000000e+00,0.000000000000000000e+00,0.000000000000000000e+00,0.000000000000000000e+00,0.000000000000000000e+00,0.000000000000000000e+00,0.000000000000000000e+00,0.000000000000000000e+00,0.000000000000000000e+00,3.002381920814514160e-01,-1.707772612571716309e-01,-8.996585607528686523e-01,0.000000000000000000e+00,3.145012259483337402e-02,3.655497133731842041e-01,1.169113039970397949e+00,0.000000000000000000e+00,8.500309288501739502e-02,-1.478846734012103726e-17,-1.096202656626701355e-01,2.916563451290130615e-01,1.254761219024658203e-01,-6.015055812895298004e-03,5.000000000000000000e-01,8.015092611312866211e-01,-1.779239028692245483e-01,-9.808366894721984863e-01,7.085773944854736328e-01,-7.818076014518737793e-01,1.600236594676971436e-01,6.288702487945556641e-01,-4.202757179737091064e-01
-2.042767591774463654e-02,-1.579350084066390991e-01,3.585790991783142090e-01,-9.681505709886550903e-02,5.259778350591659546e-02,-7.659381031990051270e-01,6.334028244018554688e-01,0.000000000000000000e+00,0.000000000000000000e+00,0.000000000000000000e+00,0.000000000000000000e+00,0.000000000000000000e+00,0.000000000000000000e+00,0.000000000000000000e+00,0.000000000000000000e+00,0.000000000000000000e+00,0.000000000000000000e+00,0.000000000000000000e+00,0.000000000000000000e+00,0.000000000000000000e+00,0.000000000000000000e+00,0.000000000000000000e+00,0.000000000000000000e+00,0.000000000000000000e+00,0.000000000000000000e+00,0.000000000000000000e+00,0.000000000000000000e+00,0.000000000000000000e+00,0.000000000000000000e+00,0.000000000000000000e+00,0.000000000000000000e+00,3.220532238483428955e-01,-1.619925945997238159e-01,-8.951627612113952637e-01,0.000000000000000000e+00,6.322448700666427612e-02,5.606763362884521484e-01,1.329220294952392578e+00,0.000000000000000000e+00,9.530290216207504272e-02,-2.484444248992409088e-17,-9.654690325260162354e-02,3.083516955375671387e-01,1.277599483728408813e-01,2.281775139272212982e-02,5.000000000000000000e-01,8.270181417465209961e-01,-1.778285056352615356e-01,-9.933851361274719238e-01,7.146952748298645020e-01,-8.455167412757873535e-01,1.378427147865295410e-01,8.954416513442993164e-01,-7.762423157691955566e-01
-2.436056174337863922e-02,-1.717960238456726074e-01,3.600915074348449707e-01,-9.196922928094863892e-02,5.784676223993301392e-02,-7.672008275985717773e-01,6.321378946304321289e-01,0.000000000000000000e+00,0.000000000000000000e+00,0.000000000000000000e+00,0.000000000000000000e+00,0.000000000000000000e+00,0.000000000000000000e+00,0.000000000000000000e+00,0.000000000000000000e+00,0.000000000000000000e+00,0.000000000000000000e+00,0.000000000000000000e+00,0.000000000000000000e+00,0.000000000000000000e+00,0.000000000000000000e+00,0.000000000000000000e+00,0.000000000000000000e+00,0.000000000000000000e+00,0.000000000000000000e+00,0.000000000000000000e+00,0.000000000000000000e+00,0.000000000000000000e+00,0.000000000000000000e+00,0.000000000000000000e+00,0.000000000000000000e+00,3.353762924671173096e-01,-1.422481685876846313e-01,-8.766831755638122559e-01,0.000000000000000000e+00,1.118137389421463013e-01,6.845821738243103027e-01,1.423596739768981934e+00,0.000000000000000000e+00,9.616420418024063110e-02,-9.326798896225308669e-18,-7.810415327548980713e-02,3.286097049713134766e-01,1.137294545769691467e-01,2.497991919517517090e-02,5.000000000000000000e-01,8.576622605323791504e-01,-1.777248233556747437e-01,-1.003314852714538574e+00,7.245377898216247559e-01,-8.491280078887939453e-01,1.053661406040191650e-01,1.109169602394104004e+00,-1.169365525245666504e+00
-2.848984859883785248e-02,-1.866663545370101929e-01,3.618049621582031250e-01,-8.626949042081832886e-02,5.982958525419235229e-02,-7.672913074493408203e-01,6.326468586921691895e-01,0.000000000000000000e+00,0.000000000000000000e+00,0.000000000000000000e+00,0.000000000000000000e+00,0.000000000000000000e+00,0.000000000000000000e+00,0.000000000000000000e+00,0.000000000000000000e+00,0.000000000000000000e+00,0.000000000000000000e+00,0.000000000000000000e+00,0.000000000000000000e+00,0.000000000000000000e+00,0.000000000000000000e+00,0.000000000000000000e+00,0.000000000000000000e+00,0.000000000000000000e+00,0.000000000000000000e+00,0.000000000000000000e+00,0.000000000000000000e+00,0.000000000000000000e+00,0.000000000000000000e+00,0.000000000000000000e+00,0.000000000000000000e+00,3.373896181583404541e-01,-1.120212301611900330e-01,-8.453889489173889160e-01,0.000000000000000000e+00,1.689746230840682983e-01,7.022355794906616211e-01,1.393358826637268066e+00,0.000000000000000000e+00,8.333899825811386108e-02,5.055608789915897513e-18,-5.310413241386413574e-02,3.428058624267578125e-01,1.022114977240562439e-01,1.108515821397304535e-02,5.000000000000000000e-01,8.810076117515563965e-01,-1.750065833330154419e-01,-9.871342182159423828e-01,7.102597951889038086e-01,-8.216270804405212402e-01,7.729233801364898682e-02,1.276970267295837402e+00,-1.489999294281005859e+00
-3.047573752701282501e-02,-2.035391926765441895e-01,3.657943308353424072e-01,-8.242452889680862427e-02,5.983152240514755249e-02,-7.681915163993835449e-01,6.320666074752807617e-01,0.000000000000000000e+00,0.000000000000000000e+00,0.000000000000000000e+00,0.000000000000000000e+00,0.000000000000000000e+00,0.000000000000000000e+00,0.000000000000000000e+00,0.000000000000000000e+00,0.000000000000000000e+00,0.000000000000000000e+00,0.000000000000000000e+00,0.000000000000000000e+00,0.000000000000000000e+00,0.000000000000000000e+00,0.000000000000000000e+00,0.000000000000000000e+00,0.000000000000000000e+00,0.000000000000000000e+00,0.000000000000000000e+00,0.000000000000000000e+00,0.000000000000000000e+00,0.000000000000000000e+00,0.000000000000000000e+00,0.000000000000000000e+00,3.342530727386474609e-01,-6.832128018140792847e-02,-8.064442276954650879e-01,0.000000000000000000e+00,2.110952436923980713e-01,6.219255328178405762e-01,1.156338572502136230e+00,0.000000000000000000e+00,6.806071847677230835e-02,2.160690885758951885e-17,-1.354726217687129974e-02,3.494613766670227051e-01,9.917076677083969116e-02,-1.825904846191406250e-02,5.000000000000000000e-01,9.012316465377807617e-01,-1.565576940774917603e-01,-9.568374156951904297e-01,6.768751740455627441e-01,-7.974635362625122070e-01,9.033932536840438843e-02,1.442550659179687500e+00,-1.490000009536743164e+00
-3.153621032834053040e-02,-2.186421900987625122e-01,3.679127693176269531e-01,-7.836950570344924927e-02,5.844839662313461304e-02,-7.674541473388671875e-01,6.336056590080261230e-01,0.000000000000000000e+00,0.000000000000000000e+00,0.000000000000000000e+00,0.000000000000000000e+00,0.000000000000000000e+00,0.000000000000000000e+00,0.000000000000000000e+00,0.000000000000000000e+00,0.000000000000000000e+00,0.000000000000000000e+00,0.000000000000000000e+00,0.000000000000000000e+00,0.000000000000000000e+00,0.000000000000000000e+00,0.000000000000000000e+00,0.000000000000000000e+00,0.000000000000000000e+00,0.000000000000000000e+00,0.000000000000000000e+00,0.000000000000000000e+00,0.000000000000000000e+00,0.000000000000000000e+00,0.000000000000000000e+00,0.000000000000000000e+00,3.357004523277282715e-01,-2.296468429267406464e-02,-7.708489298820495605e-01,0.000000000000000000e+00,2.414648830890655518e-01,4.814461767673492432e-01,8.727856874465942383e-01,0.000000000000000000e+00,5.407463014125823975e-02,1.513168277424276460e-17,2.679886110126972198e-02,3.485750555992126465e-01,1.003593653440475464e-01,-6.270629912614822388e-02,5.000000000000000000e-01,9.133683443069458008e-01,-1.411766558885574341e-01,-9.206140637397766113e-01,6.576270461082458496e-01,-7.798389792442321777e-01,1.106896921992301941e-01,1.643869519233703613e+00,-1.377521038055419922e+00
-3.275223821401596069e-02,-2.331996560096740723e-01,3.672784864902496338e-01,-7.238329946994781494e-02,4.961560666561126709e-02,-7.665640115737915039e-01,6.361435055732727051e-01,0.000000000000000000e+00,0.000000000000000000e+00,0.000000000000000000e+00,0.000000000000000000e+00,0.000000000000000000e+00,0.000000000000000000e+00,0.000000000000000000e+00,0.000000000000000000e+00,0.000000000000000000e+00,0.000000000000000000e+00,0.000000000000000000e+00,0.000000000000000000e+00,0.000000000000000000e+00,0.000000000000000000e+00,0.000000000000000000e+00,0.000000000000000000e+00,0.000000000000000000e+00,0.000000000000000000e+00,0.000000000000000000e+00,0.000000000000000000e+00,0.000000000000000000e+00,0.000000000000000000e+00,0.000000000000000000e+00,0.000000000000000000e+00,3.312630951404571533e-01,2.436200447846204042e-04,-7.742010951042175293e-01,0.000000000000000000e+00,2.306990772485733032e-01,3.751826584339141846e-01,8.067994713783264160e-01,0.000000000000000000e+00,3.477754071354866028e-02,3.794058763226778924e-17,7.696641981601715088e-02,3.461795449256896973e-01,1.033047065138816833e-01,-1.319474428892135620e-01,5.000000000000000000e-01,9.194940924644470215e-01,-1.322419196367263794e-01,-8.626032471656799316e-01,6.243184804916381836e-01,-7.345650792121887207e-01,9.987815469503402710e-02,1.638420939445495605e+00,-8.612626194953918457e-01
-3.640427812933921814e-02,-2.482671439647674561e-01,3.679104447364807129e-01,-6.440579146146774292e-02,4.308903962373733521e-02,-7.640926837921142578e-01,6.404354572296142578e-01,0.000000000000000000e+00,0.000000000000000000e+00,0.000000000000000000e+00,0.000000000000000000e+00,0.000000000000000000e+00,0.000000000000000000e+00,0.000000000000000000e+00,0.000000000000000000e+00,0.000000000000000000e+00,0.000000000000000000e+00,0.000000000000000000e+00,0.000000000000000000e+00,0.000000000000000000e+00,0.000000000000000000e+00,0.000000000000000000e+00,0.000000000000000000e+00,0.000000000000000000e+00,0.000000000000000000e+00,0.000000000000000000e+00,0.000000000000000000e+00,0.000000000000000000e+00,0.000000000000000000e+00,0.000000000000000000e+00,0.000000000000000000e+00,3.266915977001190186e-01,-4.659641906619071960e-02,-8.447134494781494141e-01,0.000000000000000000e+00,2.198021858930587769e-01,2.943463623523712158e-01,7.542770504951477051e-01,0.000000000000000000e+00,2.556727454066276550e-02,3.920097265778218815e-17,1.234368160367012024e-01,3.303586542606353760e-01,1.034175008535385132e-01,-2.195858657360076904e-01,5.000000000000000000e-01,8.864252567291259766e-01,-1.617674529552459717e-01,-7.630274891853332520e-01,5.645185708999633789e-01,-6.019610166549682617e-01,9.685971587896347046e-02,1.441690683364868164e+00,-3.517611026763916016e-01
-4.230104759335517883e-02,-2.651760876178741455e-01,3.655309081077575684e-01,-6.132131442427635193e-02,3.388926759362220764e-02,-7.655984163284301758e-01,6.394922137260437012e-01,0.000000000000000000e+00,0.000000000000000000e+00,0.000000000000000000e+00,0.000000000000000000e+00,0.000000000000000000e+00,0.000000000000000000e+00,0.000000000000000000e+00,0.000000000000000000e+00,0.000000000000000000e+00,0.000000000000000000e+00,0.000000000000000000e+00,0.000000000000000000e+00,0.000000000000000000e+00,0.000000000000000000e+00,0.000000000000000000e+00,0.000000000000000000e+00,0.000000000000000000e+00,0.000000000000000000e+00,0.000000000000000000e+00,0.000000000000000000e+00,0.000000000000000000e+00,0.000000000000000000e+00,0.000000000000000000e+00,0.000000000000000000e+00,3.150041401386260986e-01,-1.658500581979751587e-01,-1.033593773841857910e+00,0.000000000000000000e+00,2.063492089509963989e-01,2.478678524494171143e-01,7.584698796272277832e-01,0.000000000000000000e+00,3.276038914918899536e-02,1.406738587601773623e-17,1.804755181074142456e-01,3.237455487251281738e-01,1.115013733506202698e-01,-2.931010723114013672e-01,5.000000000000000000e-01,8.861848711967468262e-01,-1.662663519382476807e-01,-6.724066734313964844e-01,4.934233427047729492e-01,-4.576030671596527100e-01,1.198400035500526428e-01,1.217475056648254395e+00,-3.281776309013366699e-01
-4.727987200021743774e-02,-2.819551527500152588e-01,3.621776103973388672e-01,-5.046921223402023315e-02,1.958359405398368835e-02,-7.657783627510070801e-01,6.408219933509826660e-01,0.000000000000000000e+00,0.000000000000000000e+00,0.000000000000000000e+00,0.000000000000000000e+00,0.000000000000000000e+00,0.000000000000000000e+00,0.000000000000000000e+00,0.000000000000000000e+00,0.000000000000000000e+00,0.000000000000000000e+00,0.000000000000000000e+00,0.000000000000000000e+00,0.000000000000000000e+00,0.000000000000000000e+00,0.000000000000000000e+00,0.000000000000000000e+00,0.000000000000000000e+00,0.000000000000000000e+00,0.000000000000000000e+00,0.000000000000000000e+00,0.000000000000000000e+00,0.000000000000000000e+00,0.000000000000000000e+00,0.000000000000000000e+00,2.601042687892913818e-01,-3.163548409938812256e-01,-1.259265303611755371e+00,0.000000000000000000e+00,1.722680032253265381e-01,2.178790420293807983e-01,7.904492616653442383e-01,0.000000000000000000e+00,2.803506888449192047e-02,-8.381726021229385831e-18,2.212264984846115112e-01,3.129006326198577881e-01,1.116737499833106995e-01,-3.609402775764465332e-01,5.000000000000000000e-01,8.814279437065124512e-01,-1.783119738101959229e-01,-5.905523300170898438e-01,4.505190253257751465e-01,-3.977488875389099121e-01,1.118631809949874878e-01,1.023088932037353516e+00,-3.256367444992065430e-01
-5.132852867245674133e-02,-2.982353270053863525e-01,3.619410693645477295e-01,-2.835418097674846649e-02,3.152913879603147507e-03,-7.602153420448303223e-01,6.490444540977478027e-01,0.000000000000000000e+00,0.000000000000000000e+00,0.000000000000000000e+00,0.000000000000000000e+00,0.000000000000000000e+00,0.000000000000000000e+00,0.000000000000000000e+00,0.000000000000000000e+00,0.000000000000000000e+00,0.000000000000000000e+00,0.000000000000000000e+00,0.000000000000000000e+00,0.000000000000000000e+00,0.000000000000000000e+00,0.000000000000000000e+00,0.000000000000000000e+00,0.000000000000000000e+00,0.000000000000000000e+00,0.000000000000000000e+00,0.000000000000000000e+00,0.000000000000000000e+00,0.000000000000000000e+00,0.000000000000000000e+00,0.000000000000000000e+00,1.627320051193237305e-01,-4.327331781387329102e-01,-1.383818864822387695e+00,0.000000000000000000e+00,1.118130460381507874e-01,2.097951620817184448e-01,8.281137943267822266e-01,0.000000000000000000e+00,-2.042297739535570145e-03,1.655958179996650225e-17,2.245750874280929565e-01,2.803751528263092041e-01,1.017842218279838562e-01,-4.089166224002838135e-01,5.000000000000000000e-01,8.605771660804748535e-01,-1.795969605445861816e-01,-5.325000286102294922e-01,4.553275704383850098e-01,-4.347682595252990723e-01,9.715262800455093384e-02,9.535288214683532715e-01,-3.953031003475189209e-01
-5.419646576046943665e-02,-3.157705962657928467e-01,3.654765486717224121e-01,-7.400096394121646881e-03,-4.599229432642459869e-03,-7.515486478805541992e-01,6.596201658248901367e-01,0.000000000000000000e+00,0.000000000000000000e+00,0.000000000000000000e+00,0.000000000000000000e+00,0.000000000000000000e+00,0.000000000000000000e+00,0.000000000000000000e+00,0.000000000000000000e+00,0.000000000000000000e+00,0.000000000000000000e+00,0.000000000000000000e+00,0.000000000000000000e+00,0.000000000000000000e+00,0.000000000000000000e+00,0.000000000000000000e+00,0.000000000000000000e+00,0.000000000000000000e+00,0.000000000000000000e+00,0.000000000000000000e+00,0.000000000000000000e+00,0.000000000000000000e+00,0.000000000000000000e+00,0.000000000000000000e+00,0.000000000000000000e+00,7.975437492132186890e-02,-4.939321279525756836e-01,-1.344466447830200195e+00,0.000000000000000000e+00,6.807402521371841431e-02,1.972862929105758667e-01,8.327427506446838379e-01,0.000000000000000000e+00,-3.169251978397369385e-02,4.697733233797892854e-18,1.911639571189880371e-01,2.429766803979873657e-01,8.869609236717224121e-02,-4.164577722549438477e-01,5.000000000000000000e-01,8.463515043258666992e-01,-1.798482090234756470e-01,-5.446380972862243652e-01,5.133257508277893066e-01,-5.245019197463989258e-01,9.369223564863204956e-02,9.569125175476074219e-01,-2.263031452894210815e-01
-5.518337339162826538e-02,-3.366519510746002197e-01,3.674845993518829346e-01,3.004867583513259888e-03,-6.069042254239320755e-03,-7.449054718017578125e-01,6.671356558799743652e-01,0.000000000000000000e+00,0.000000000000000000e+00,0.000000000000000000e+00,0.000000000000000000e+00,0.000000000000000000e+00,0.000000000000000000e+00,0.000000000000000000e+00,0.000000000000000000e+00,0.000000000000000000e+00,0.000000000000000000e+00,0.000000000000000000e+00,0.000000000000000000e+00,0.000000000000000000e+00,0.000000000000000000e+00,0.000000000000000000e+00,0.000000000000000000e+00,0.000000000000000000e+00,0.000000000000000000e+00,0.000000000000000000e+00,0.000000000000000000e+00,0.000000000000000000e+00,0.000000000000000000e+00,0.000000000000000000e+00,0.000000000000000000e+00,2.595530077815055847e-02,-5.085454583168029785e-01,-1.199794173240661621e+00,0.000000000000000000e+00,4.875906184315681458e-02,1.626927256584167480e-01,8.116915225982666016e-01,0.000000000000000000e+00,-4.717071354389190674e-02,4.030022289997125726e-17,1.671880781650543213e-01,2.392937988042831421e-01,7.145652174949645996e-02,-4.223216474056243896e-01,5.000000000000000000e-01,8.618921637535095215e-01,-1.798699200153350830e-01,-6.796494126319885254e-01,6.866653561592102051e-01,-5.775639414787292480e-01,8.291573822498321533e-02,9.691521525382995605e-01,-2.524805665016174316e-01
-5.197952687740325928e-02,-3.596579134464263916e-01,3.670825064182281494e-01,4.816622938960790634e-03,-3.303633304312825203e-03,-7.428310513496398926e-01,6.694534420967102051e-01,0.000000000000000000e+00,0.000000000000000000e+00,0.000000000000000000e+00,0.000000000000000000e+00,0.000000000000000000e+00,0.000000000000000000e+00,0.000000000000000000e+00,0.000000000000000000e+00,0.000000000000000000e+00,0.000000000000000000e+00,0.000000000000000000e+00,0.000000000000000000e+00,0.000000000000000000e+00,0.000000000000000000e+00,0.000000000000000000e+00,0.000000000000000000e+00,0.000000000000000000e+00,0.000000000000000000e+00,0.000000000000000000e+00,0.000000000000000000e+00,0.000000000000000000e+00,0.000000000000000000e+00,0.000000000000000000e+00,0.000000000000000000e+00,-7.212560623884201050e-03,-5.032091736793518066e-01,-1.005345463752746582e+00,0.000000000000000000e+00,4.852830991148948669e-02,1.109398528933525085e-01,7.775287628173828125e-01,0.000000000000000000e+00,-4.390889406204223633e-02,-2.389132362910986474e-17,1.680625975131988525e-01,2.598449289798736572e-01,7.415367662906646729e-02,-4.347651600837707520e-01,5.000000000000000000e-01,8.642462491989135742e-01,-1.798833757638931274e-01,-9.073230624198913574e-01,9.711320400238037109e-01,-6.287577748298645020e-01,6.127074733376502991e-02,9.692699909210205078e-01,-2.960647344589233398e-01
-4.675125703215599060e-02,-3.835265934467315674e-01,3.638791143894195557e-01,-5.154115147888660431e-03,-3.703108290210366249e-03,-7.423947453498840332e-01,6.699326634407043457e-01,0.000000000000000000e+00,0.000000000000000000e+00,0.000000000000000000e+00,0.000000000000000000e+00,0.000000000000000000e+00,0.000000000000000000e+00,0.000000000000000000e+00,0.000000000000000000e+00,0.000000000000000000e+00,0.000000000000000000e+00,0.000000000000000000e+00,0.000000000000000000e+00,0.000000000000000000e+00,0.000000000000000000e+00,0.000000000000000000e+00,0.000000000000000000e+00,0.000000000000000000e+00,0.000000000000000000e+00,0.000000000000000000e+00,0.000000000000000000e+00,0.000000000000000000e+00,0.000000000000000000e+00,0.000000000000000000e+00,0.000000000000000000e+00,-2.009633556008338928e-02,-4.459666907787322998e-01,-8.215086460113525391e-01,0.000000000000000000e+00,5.291833728551864624e-02,3.175989910960197449e-02,7.485401034355163574e-01,0.000000000000000000e+00,-2.977101504802703857e-02,-4.125888552525081379e-17,1.647527068853378296e-01,3.087623417377471924e-01,9.012348204851150513e-02,-4.324761033058166504e-01,5.000000000000000000e-01,9.053437113761901855e-01,-1.778182983398437500e-01,-1.252226114273071289e+00,1.334417343139648438e+00,-7.445595264434814453e-01,4.578204080462455750e-02,9.827306866645812988e-01,-2.540332674980163574e-01
-4.180169478058815002e-02,-4.078616201877593994e-01,3.628734648227691650e-01,-1.903024874627590179e-02,7.109527010470628738e-03,-7.398886680603027344e-01,6.724225282669067383e-01,0.000000000000000000e+00,0.000000000000000000e+00,0.000000000000000000e+00,0.000000000000000000e+00,0.000000000000000000e+00,0.000000000000000000e+00,0.000000000000000000e+00,0.000000000000000000e+00,0.000000000000000000e+00,0.000000000000000000e+00,0.000000000000000000e+00,0.000000000000000000e+00,0.000000000000000000e+00,0.000000000000000000e+00,0.000000000000000000e+00,0.000000000000000000e+00,0.000000000000000000e+00,0.000000000000000000e+00,0.000000000000000000e+00,0.000000000000000000e+00,0.000000000000000000e+00,0.000000000000000000e+00,0.000000000000000000e+00,0.000000000000000000e+00,3.428688505664467812e-03,-3.726531565189361572e-01,-7.440057396888732910e-01,0.000000000000000000e+00,7.148774713277816772e-02,-2.520233578979969025e-02,7.277455329895019531e-01,0.000000000000000000e+00,5.515802768059074879e-04,-2.558030732593493962e-17,1.423607170581817627e-01,3.340755403041839600e-01,9.597180038690567017e-02,-4.097537696361541748e-01,5.000000000000000000e-01,8.932139277458190918e-01,-1.783116161823272705e-01,-1.571854472160339355e+00,1.464222431182861328e+00,-8.038883209228515625e-01,3.498034924268722534e-02,9.570237398147583008e-01,-2.280541509389877319e-01
-3.618634119629859924e-02,-4.310730993747711182e-01,3.599298298358917236e-01,-3.840228170156478882e-02,1.976288668811321259e-02,-7.396996617317199707e-01,6.715497374534606934e-01,0.000000000000000000e+00,0.000000000000000000e+00,0.000000000000000000e+00,0.000000000000000000e+00,0.000000000000000000e+00,0.000000000000000000e+00,0.000000000000000000e+00,0.000000000000000000e+00,0.000000000000000000e+00,0.000000000000000000e+00,0.000000000000000000e+00,0.000000000000000000e+00,0.000000000000000000e+00,0.000000000000000000e+00,0.000000000000000000e+00,0.000000000000000000e+00,0.000000000000000000e+00,0.000000000000000000e+00,0.000000000000000000e+00,0.000000000000000000e+00,0.000000000000000000e+00,0.000000000000000000e+00,0.000000000000000000e+00,0.000000000000000000e+00,4.384578019380569458e-02,-2.617500722408294678e-01,-7.433034181594848633e-01,0.000000000000000000e+00,1.026190817356109619e-01,-6.470037996768951416e-02,7.336412668228149414e-01,0.000000000000000000e+00,4.738549143075942993e-02,-1.365005919491432037e-17,1.254928708076477051e-01,3.543398678302764893e-01,8.904769271612167358e-02,-3.874208033084869385e-01,5.000000000000000000e-01,8.651068806648254395e-01,-1.780682653188705444e-01,-1.776826262474060059e+00,1.377472162246704102e+00,-8.611360192298889160e-01,1.957569457590579987e-02,9.221250414848327637e-01,-2.043569535017013550e-01
-3.050482459366321564e-02,-4.522901177406311035e-01,3.586959838867187500e-01,-4.526138678193092346e-02,2.121754176914691925e-02,-7.380064129829406738e-01,6.729395985603332520e-01,0.000000000000000000e+00,0.000000000000000000e+00,0.000000000000000000e+00,0.000000000000000000e+00,0.000000000000000000e+00,0.000000000000000000e+00,0.000000000000000000e+00,0.000000000000000000e+00,0.000000000000000000e+00,0.000000000000000000e+00,0.000000000000000000e+00,0.000000000000000000e+00,0.000000000000000000e+00,0.000000000000000000e+00,0.000000000000000000e+00,0.000000000000000000e+00,0.000000000000000000e+00,0.000000000000000000e+00,0.000000000000000000e+00,0.000000000000000000e+00,0.000000000000000000e+00,0.000000000000000000e+00,0.000000000000000000e+00,0.000000000000000000e+00,5.179030820727348328e-02,-2.098701298236846924e-01,-7.521409988403320312e-01,0.000000000000000000e+00,1.035139262676239014e-01,-5.043851956725120544e-02,7.796006798744201660e-01,0.000000000000000000e+00,6.697076559066772461e-02,-4.551125396390219335e-18,1.134780049324035645e-01,3.603906929492950439e-01,7.985358685255050659e-02,-3.772161602973937988e-01,5.000000000000000000e-01,7.928146719932556152e-01,-1.796120554208755493e-01,-1.792518138885498047e+00,1.092857003211975098e+00,-9.029735922813415527e-01,-2.132909838110208511e-03,8.707828521728515625e-01,-1.634173542261123657e-01
-2.595743909478187561e-02,-4.720528125762939453e-01,3.576181530952453613e-01,-4.601558297872543335e-02,1.989213563501834869e-02,-7.359492182731628418e-01,6.751782298088073730e-01,0.000000000000000000e+00,0.000000000000000000e+00,0.000000000000000000e+00,0.000000000000000000e+00,0.000000000000000000e+00,0.000000000000000000e+00,0.000000000000000000e+00,0.000000000000000000e+00,0.000000000000000000e+00,0.000000000000000000e+00,0.000000000000000000e+00,0.000000000000000000e+00,0.000000000000000000e+00,0.000000000000000000e+00,0.000000000000000000e+00,0.000000000000000000e+00,0.000000000000000000e+00,0.000000000000000000e+00,0.000000000000000000e+00,0.000000000000000000e+00,0.000000000000000000e+00,0.000000000000000000e+00,0.000000000000000000e+00,0.000000000000000000e+00,5.101301521062850952e-02,-1.484555900096893311e-01,-7.324694991111755371e-01,0.000000000000000000e+00,7.161734998226165771e-02,4.625522717833518982e-02,8.868505358695983887e-01,0.000000000000000000e+00,7.352134585380554199e-02,1.565315066728599410e-17,9.655671566724777222e-02,3.527580797672271729e-01,7.792127877473831177e-02,-3.558378517627716064e-01,5.000000000000000000e-01,7.143877148628234863e-01,-1.800000071525573730e-01,-1.675012469291687012e+00,7.121658921241760254e-01,-9.211926460266113281e-01,-1.878578774631023407e-02,8.011582493782043457e-01,-1.238783001899719238e-01
-1.983805000782012939e-02,-4.918992221355438232e-01,3.565543293952941895e-01,-5.094612762331962585e-02,2.454341202974319458e-02,-7.377366423606872559e-01,6.727159619331359863e-01,0.000000000000000000e+00,0.000000000000000000e+00,0.000000000000000000e+00,0.000000000000000000e+00,0.000000000000000000e+00,0.000000000000000000e+00,0.000000000000000000e+00,0.000000000000000000e+00,0.000000000000000000e+00,0.000000000000000000e+00,0.000000000000000000e+00,0.000000000000000000e+00,0.000000000000000000e+00,0.000000000000000000e+00,0.000000000000000000e+00,0.000000000000000000e+00,0.000000000000000000e+00,0.000000000000000000e+00,0.000000000000000000e+00,0.000000000000000000e+00,0.000000000000000000e+00,0.000000000000000000e+00,0.000000000000000000e+00,0.000000000000000000e+00,6.905934214591979980e-02,-9.667854011058807373e-02,-7.232758402824401855e-01,0.000000000000000000e+00,5.004509165883064270e-02,1.865398138761520386e-01,1.019172549247741699e+00,0.000000000000000000e+00,9.500480443239212036e-02,-1.729071350851232256e-17,9.453962743282318115e-02,3.430173695087432861e-01,8.520014584064483643e-02,-3.326518833637237549e-01,5.000000000000000000e-01,6.066963076591491699e-01,-1.800000071525573730e-01,-1.479767322540283203e+00,5.702520012855529785e-01,-9.254959821701049805e-01,-2.467466518282890320e-02,7.185585498809814453e-01,-9.273043274879455566e-02
-1.595395058393478394e-02,-5.097503066062927246e-01,3.579191267490386963e-01,-6.414459645748138428e-02,4.344096407294273376e-02,-7.371202111244201660e-01,6.713063120841979980e-01,0.000000000000000000e+00,0.000000000000000000e+00,0.000000000000000000e+00,0.000000000000000000e+00,0.000000000000000000e+00,0.000000000000000000e+00,0.000000000000000000e+00,0.000000000000000000e+00,0.000000000000000000e+00,0.000000000000000000e+00,0.000000000000000000e+00,0.000000000000000000e+00,0.000000000000000000e+00,0.000000000000000000e+00,0.000000000000000000e+00,0.000000000000000000e+00,0.000000000000000000e+00,0.000000000000000000e+00,0.000000000000000000e+00,0.000000000000000000e+00,0.000000000000000000e+00,0.000000000000000000e+00,0.000000000000000000e+00,0.000000000000000000e+00,1.212226003408432007e-01,-6.871244311332702637e-02,-7.339513301849365234e-01,0.000000000000000000e+00,1.161835417151451111e-01,3.482059538364410400e-01,1.172990918159484863e+00,0.000000000000000000e+00,1.457199305295944214e-01,7.173504659503805958e-18,7.595497369766235352e-02,3.300204575061798096e-01,1.068427339196205139e-01,-2.926982641220092773e-01,5.000000000000000000e-01,5.600478053092956543e-01,-1.796427667140960693e-01,-1.330722212791442871e+00,6.357788443565368652e-01,-9.161092638969421387e-01,-4.106426611542701721e-02,6.448647379875183105e-01,-8.494431525468826294e-02
-1.383064314723014832e-02,-5.275098681449890137e-01,3.609740734100341797e-01,-7.428853958845138550e-02,6.177340447902679443e-02,-7.359395027160644531e-01,6.701180934906005859e-01,0.000000000000000000e+00,0.000000000000000000e+00,0.000000000000000000e+00,0.000000000000000000e+00,0.000000000000000000e+00,0.000000000000000000e+00,0.000000000000000000e+00,0.000000000000000000e+00,0.000000000000000000e+00,0.000000000000000000e+00,0.000000000000000000e+00,0.000000000000000000e+00,0.000000000000000000e+00,0.000000000000000000e+00,0.000000000000000000e+00,0.000000000000000000e+00,0.000000000000000000e+00,0.000000000000000000e+00,0.000000000000000000e+00,0.000000000000000000e+00,0.000000000000000000e+00,0.000000000000000000e+00,0.000000000000000000e+00,0.000000000000000000e+00,1.692595481872558594e-01,-5.258691310882568359e-02,-7.479574084281921387e-01,0.000000000000000000e+00,1.705684661865234375e-01,4.794220030307769775e-01,1.267756938934326172e+00,0.000000000000000000e+00,1.828588545322418213e-01,4.851548957627230946e-17,6.860577315092086792e-02,3.196244537830352783e-01,1.213592812418937683e-01,-2.787158489227294922e-01,5.000000000000000000e-01,6.325113177299499512e-01,-1.800000071525573730e-01,-1.310901522636413574e+00,5.933558940887451172e-01,-9.047837853431701660e-01,-5.288423597812652588e-02,5.999079346656799316e-01,-1.398539543151855469e-01
-1.232872251421213150e-02,-5.480672717094421387e-01,3.635324239730834961e-01,-8.347157388925552368e-02,7.464860379695892334e-02,-7.311499118804931641e-01,6.729635596275329590e-01,0.000000000000000000e+00,0.000000000000000000e+00,0.000000000000000000e+00,0.000000000000000000e+00,0.000000000000000000e+00,0.000000000000000000e+00,0.000000000000000000e+00,0.000000000000000000e+00,0.000000000000000000e+00,0.000000000000000000e+00,0.000000000000000000e+00,0.000000000000000000e+00,0.000000000000000000e+00,0.000000000000000000e+00,0.000000000000000000e+00,0.000000000000000000e+00,0.000000000000000000e+00,0.000000000000000000e+00,0.000000000000000000e+00,0.000000000000000000e+00,0.000000000000000000e+00,0.000000000000000000e+00,0.000000000000000000e+00,0.000000000000000000e+00,2.060228884220123291e-01,-2.106355875730514526e-02,-7.453228235244750977e-01,0.000000000000000000e+00,2.229889482259750366e-01,5.518837571144104004e-01,1.233379364013671875e+00,0.000000000000000000e+00,1.958454251289367676e-01,1.449255898561667697e-18,7.216313481330871582e-02,3.270640075206756592e-01,9.930553287267684937e-02,-3.146283924579620361e-01,5.000000000000000000e-01,6.948451399803161621e-01,-1.800000071525573730e-01,-1.322127461433410645e+00,6.044840216636657715e-01,-8.965277075767517090e-01,-3.694349527359008789e-02,6.204555034637451172e-01,-3.411863446235656738e-01
-1.132513582706451416e-02,-5.700734853744506836e-01,3.641006648540496826e-01,-9.310793876647949219e-02,8.171799033880233765e-02,-7.224176526069641113e-01,6.802689433097839355e-01,0.000000000000000000e+00,0.000000000000000000e+00,0.000000000000000000e+00,0.000000000000000000e+00,0.000000000000000000e+00,0.000000000000000000e+00,0.000000000000000000e+00,0.000000000000000000e+00,0.000000000000000000e+00,0.000000000000000000e+00,0.000000000000000000e+00,0.000000000000000000e+00,0.000000000000000000e+00,0.000000000000000000e+00,0.000000000000000000e+00,0.000000000000000000e+00,0.000000000000000000e+00,0.000000000000000000e+00,0.000000000000000000e+00,0.000000000000000000e+00,0.000000000000000000e+00,0.000000000000000000e+00,0.000000000000000000e+00,0.000000000000000000e+00,2.349899858236312866e-01,2.527734823524951935e-02,-7.332876324653625488e-01,0.000000000000000000e+00,2.701158225536346436e-01,5.679785013198852539e-01,1.090774536132812500e+00,0.000000000000000000e+00,2.032797187566757202e-01,2.578959394707820626e-17,5.345027148723602295e-02,3.468294441699981689e-01,6.780327111482620239e-02,-3.428641855716705322e-01,5.000000000000000000e-01,7.623078823089599609e-01,-1.800000071525573730e-01,-1.337670803070068359e+00,6.524635553359985352e-01,-9.132166504859924316e-01,-1.931976899504661560e-02,8.037083148956298828e-01,-7.430349588394165039e-01
-1.291029155254364014e-02,-5.927594304084777832e-01,3.629403710365295410e-01,-9.930301457643508911e-02,8.320011198520660400e-02,-7.113527655601501465e-01,6.907922625541687012e-01,0.000000000000000000e+00,0.000000000000000000e+00,0.000000000000000000e+00,0.000000000000000000e+00,0.000000000000000000e+00,0.000000000000000000e+00,0.000000000000000000e+00,0.000000000000000000e+00,0.000000000000000000e+00,0.000000000000000000e+00,0.000000000000000000e+00,0.000000000000000000e+00,0.000000000000000000e+00,0.000000000000000000e+00,0.000000000000000000e+00,0.000000000000000000e+00,0.000000000000000000e+00,0.000000000000000000e+00,0.000000000000000000e+00,0.000000000000000000e+00,0.000000000000000000e+00,0.000000000000000000e+00,0.000000000000000000e+00,0.000000000000000000e+00,2.473995685577392578e-01,7.807768881320953369e-02,-7.141364812850952148e-01,0.000000000000000000e+00,3.071846961975097656e-01,5.345456004142761230e-01,8.921688199043273926e-01,0.000000000000000000e+00,2.065640836954116821e-01,-6.675484028104004586e-18,1.493015326559543610e-02,3.688006401062011719e-01,4.978885874152183533e-02,-3.355355560779571533e-01,5.000000000000000000e-01,8.320322036743164062e-01,-1.800000071525573730e-01,-1.344254851341247559e+00,6.781006455421447754e-01,-9.015167951583862305e-01,-2.229725214419886470e-05,1.020470738410949707e+00,-1.105284214019775391e+00
-1.461696717888116837e-02,-6.156333684921264648e-01,3.612808585166931152e-01,-1.009299904108047485e-01,7.865910977125167847e-02,-7.042925357818603516e-01,6.982820630073547363e-01,0.000000000000000000e+00,0.000000000000000000e+00,0.000000000000000000e+00,0.000000000000000000e+00,0.000000000000000000e+00,0.000000000000000000e+00,0.000000000000000000e+00,0.000000000000000000e+00,0.000000000000000000e+00,0.000000000000000000e+00,0.000000000000000000e+00,0.000000000000000000e+00,0.000000000000000000e+00,0.000000000000000000e+00,0.000000000000000000e+00,0.000000000000000000e+00,0.000000000000000000e+00,0.000000000000000000e+00,0.000000000000000000e+00,0.000000000000000000e+00,0.000000000000000000e+00,0.000000000000000000e+00,0.000000000000000000e+00,0.000000000000000000e+00,2.445646226406097412e-01,1.359941363334655762e-01,-6.946458220481872559e-01,0.000000000000000000e+00,3.342189192771911621e-01,4.830036461353302002e-01,7.530237436294555664e-01,0.000000000000000000e+00,2.103390246629714966e-01,-1.463420642768602312e-17,-1.805422216420993209e-04,3.938311040401458740e-01,5.200314894318580627e-02,-3.320085406303405762e-01,5.000000000000000000e-01,8.847659826278686523e-01,-1.800000071525573730e-01,-1.309187412261962891e+00,6.530644893646240234e-01,-8.736885786056518555e-01,1.481556985527276993e-02,1.241223216056823730e+00,-1.423227906227111816e+00
-1.492520328611135483e-02,-6.383951902389526367e-01,3.599953651428222656e-01,-9.374612569808959961e-02,6.635375320911407471e-02,-7.056344747543334961e-01,6.992058157920837402e-01,0.000000000000000000e+00,0.000000000000000000e+00,0.000000000000000000e+00,0.000000000000000000e+00,0.000000000000000000e+00,0.000000000000000000e+00,0.000000000000000000e+00,0.000000000000000000e+00,0.000000000000000000e+00,0.000000000000000000e+00,0.000000000000000000e+00,0.000000000000000000e+00,0.000000000000000000e+00,0.000000000000000000e+00,0.000000000000000000e+00,0.000000000000000000e+00,0.000000000000000000e+00,0.000000000000000000e+00,0.000000000000000000e+00,0.000000000000000000e+00,0.000000000000000000e+00,0.000000000000000000e+00,0.000000000000000000e+00,0.000000000000000000e+00,2.301122993230819702e-01,2.000351846218109131e-01,-6.717461347579956055e-01,0.000000000000000000e+00,3.356478810310363770e-01,4.439207613468170166e-01,7.612301111221313477e-01,0.000000000000000000e+00,1.985362619161605835e-01,-4.414223696290243043e-18,2.091004885733127594e-02,4.180503785610198975e-01,7.147648930549621582e-02,-3.478318452835083008e-01,5.000000000000000000e-01,9.069291353225708008e-01,-1.800000071525573730e-01,-1.242291331291198730e+00,6.425010561943054199e-01,-8.626804947853088379e-01,2.398919872939586639e-02,1.461742401123046875e+00,-1.396568894386291504e+00
-1.506516709923744202e-02,-6.601474881172180176e-01,3.591418266296386719e-01,-8.178655803203582764e-02,4.975156858563423157e-02,-7.040870785713195801e-01,7.036314010620117188e-01,0.000000000000000000e+00,0.000000000000000000e+00,0.000000000000000000e+00,0.000000000000000000e+00,0.000000000000000000e+00,0.000000000000000000e+00,0.000000000000000000e+00,0.000000000000000000e+00,0.000000000000000000e+00,0.000000000000000000e+00,0.000000000000000000e+00,0.000000000000000000e+00,0.000000000000000000e+00,0.000000000000000000e+00,0.000000000000000000e+00,0.000000000000000000e+00,0.000000000000000000e+00,0.000000000000000000e+00,0.000000000000000000e+00,0.000000000000000000e+00,0.000000000000000000e+00,0.000000000000000000e+00,0.000000000000000000e+00,0.000000000000000000e+00,2.064539343118667603e-01,2.382645159959793091e-01,-6.707991957664489746e-01,0.000000000000000000e+00,3.080704212188720703e-01,3.638474941253662109e-01,7.900764942169189453e-01,0.000000000000000000e+00,1.732321530580520630e-01,1.205040273243884695e-17,3.600746393203735352e-02,4.267889857292175293e-01,9.650070965290069580e-02,-3.757142424583435059e-01,5.000000000000000000e-01,9.243712425231933594e-01,-1.800000071525573730e-01,-1.166120171546936035e+00,6.167789697647094727e-01,-8.469145298004150391e-01,4.962306004017591476e-03,1.604389667510986328e+00,-1.095279335975646973e+00
-1.623401232063770294e-02,-6.811231970787048340e-01,3.615084290504455566e-01,-7.282238453626632690e-02,4.458453133702278137e-02,-7.035186290740966797e-01,7.055286765098571777e-01,0.000000000000000000e+00,0.000000000000000000e+00,0.000000000000000000e+00,0.000000000000000000e+00,0.000000000000000000e+00,0.000000000000000000e+00,0.000000000000000000e+00,0.000000000000000000e+00,0.000000000000000000e+00,0.000000000000000000e+00,0.000000000000000000e+00,0.000000000000000000e+00,0.000000000000000000e+00,0.000000000000000000e+00,0.000000000000000000e+00,0.000000000000000000e+00,0.000000000000000000e+00,0.000000000000000000e+00,0.000000000000000000e+00,0.000000000000000000e+00,0.000000000000000000e+00,0.000000000000000000e+00,0.000000000000000000e+00,0.000000000000000000e+00,2.177901715040206909e-01,1.759942024946212769e-01,-7.635941505432128906e-01,0.000000000000000000e+00,2.891631424427032471e-01,3.295563161373138428e-01,8.060876727104187012e-01,0.000000000000000000e+00,1.656066179275512695e-01,-7.865035923404262624e-18,5.165834352374076843e-02,4.108159244060516357e-01,1.127875074744224548e-01,-4.027687609195709229e-01,5.000000000000000000e-01,9.143032431602478027e-01,-1.800000071525573730e-01,-1.071630716323852539e+00,5.671882033348083496e-01,-7.527975440025329590e-01,-1.702395267784595490e-02,1.586651563644409180e+00,-6.796358227729797363e-01
-1.758468896150588989e-02,-7.022702097892761230e-01,3.608411848545074463e-01,-7.879991829395294189e-02,4.549675062298774719e-02,-7.017947435379028320e-01,7.065442204475402832e-01,0.000000000000000000e+00,0.000000000000000000e+00,0.000000000000000000e+00,0.000000000000000000e+00,0.000000000000000000e+00,0.000000000000000000e+00,0.000000000000000000e+00,0.000000000000000000e+00,0.000000000000000000e+00,0.000000000000000000e+00,0.000000000000000000e+00,0.000000000000000000e+00,0.000000000000000000e+00,0.000000000000000000e+00,0.000000000000000000e+00,0.000000000000000000e+00,0.000000000000000000e+00,0.000000000000000000e+00,0.000000000000000000e+00,0.000000000000000000e+00,0.000000000000000000e+00,0.000000000000000000e+00,0.000000000000000000e+00,0.000000000000000000e+00,2.835125029087066650e-01,5.960121285170316696e-03,-1.022793650627136230e+00,0.000000000000000000e+00,2.990217208862304688e-01,2.798132598400115967e-01,8.029453754425048828e-01,0.000000000000000000e+00,1.871467381715774536e-01,-1.769786834962317385e-18,6.138677150011062622e-02,4.059757888317108154e-01,1.260686367750167847e-01,-4.314624071121215820e-01,5.000000000000000000e-01,9.276149272918701172e-01,-1.799802184104919434e-01,-9.767571687698364258e-01,4.977219402790069580e-01,-6.450415849685668945e-01,-2.066020295023918152e-02,1.497157096862792969e+00,-4.585027992725372314e-01
-1.909761689603328705e-02,-7.216570377349853516e-01,3.584235608577728271e-01,-8.266209810972213745e-02,4.245820641517639160e-02,-6.986322999000549316e-01,7.094203233718872070e-01,0.000000000000000000e+00,0.000000000000000000e+00,0.000000000000000000e+00,0.000000000000000000e+00,0.000000000000000000e+00,0.000000000000000000e+00,0.000000000000000000e+00,0.000000000000000000e+00,0.000000000000000000e+00,0.000000000000000000e+00,0.000000000000000000e+00,0.000000000000000000e+00,0.000000000000000000e+00,0.000000000000000000e+00,0.000000000000000000e+00,0.000000000000000000e+00,0.000000000000000000e+00,0.000000000000000000e+00,0.000000000000000000e+00,0.000000000000000000e+00,0.000000000000000000e+00,0.000000000000000000e+00,0.000000000000000000e+00,0.000000000000000000e+00,3.217260241508483887e-01,-1.935102939605712891e-01,-1.315045118331909180e+00,0.000000000000000000e+00,3.024068176746368408e-01,2.440975904464721680e-01,8.200070858001708984e-01,0.000000000000000000e+00,1.988649964332580566e-01,-1.173597649235641517e-17,7.152464240789413452e-02,4.034177362918853760e-01,1.310112327337265015e-01,-4.689307212829589844e-01,5.000000000000000000e-01,9.350498914718627930e-01,-1.799309253692626953e-01,-8.775768876075744629e-01,4.250573813915252686e-01,-5.387279391288757324e-01,-3.152032196521759033e-02,1.351971626281738281e+00,-3.619873523712158203e-01
-2.079810388386249542e-02,-7.392825484275817871e-01,3.563122749328613281e-01,-7.258070260286331177e-02,2.868123166263103485e-02,-6.948403120040893555e-01,7.149170041084289551e-01,0.000000000000000000e+00,0.000000000000000000e+00,0.000000000000000000e+00,0.000000000000000000e+00,0.000000000000000000e+00,0.000000000000000000e+00,0.000000000000000000e+00,0.000000000000000000e+00,0.000000000000000000e+00,0.000000000000000000e+00,0.000000000000000000e+00,0.000000000000000000e+00,0.000000000000000000e+00,0.000000000000000000e+00,0.000000000000000000e+00,0.000000000000000000e+00,0.000000000000000000e+00,0.000000000000000000e+00,0.000000000000000000e+00,0.000000000000000000e+00,0.000000000000000000e+00,0.000000000000000000e+00,0.000000000000000000e+00,0.000000000000000000e+00,2.559913992881774902e-01,-3.249123096466064453e-01,-1.470950484275817871e+00,0.000000000000000000e+00,2.685887217521667480e-01,2.217442989349365234e-01,8.555127382278442383e-01,0.000000000000000000e+00,1.725924015045166016e-01,2.804191080210904446e-18,7.881723344326019287e-02,3.969580531120300293e-01,1.247431412339210510e-01,-5.096827745437622070e-01,5.000000000000000000e-01,9.358097910881042480e-01,-1.749286949634552002e-01,-7.905596494674682617e-01,3.685971200466156006e-01,-4.458884000778198242e-01,-4.006081074476242065e-02,1.153953075408935547e+00,-2.898443341255187988e-01
-2.360208891332149506e-02,-7.567490935325622559e-01,3.563279211521148682e-01,-5.625515058636665344e-02,1.333004236221313477e-02,-6.881270408630371094e-01,7.232834100723266602e-01,0.000000000000000000e+00,0.000000000000000000e+00,0.000000000000000000e+00,0.000000000000000000e+00,0.000000000000000000e+00,0.000000000000000000e+00,0.000000000000000000e+00,0.000000000000000000e+00,0.000000000000000000e+00,0.000000000000000000e+00,0.000000000000000000e+00,0.000000000000000000e+00,0.000000000000000000e+00,0.000000000000000000e+00,0.000000000000000000e+00,0.000000000000000000e+00,0.000000000000000000e+00,0.000000000000000000e+00,0.000000000000000000e+00,0.000000000000000000e+00,0.000000000000000000e+00,0.000000000000000000e+00,0.000000000000000000e+00,0.000000000000000000e+00,1.688532531261444092e-01,-3.905481100082397461e-01,-1.406153917312622070e+00,0.000000000000000000e+00,2.215588539838790894e-01,2.010196745395660400e-01,8.755566477775573730e-01,0.000000000000000000e+00,1.365718692541122437e-01,-3.915782029958652180e-17,7.160609215497970581e-02,3.854910433292388916e-01,1.154326051473617554e-01,-5.381459593772888184e-01,5.000000000000000000e-01,9.287363886833190918e-01,-1.649085134267807007e-01,-7.232979536056518555e-01,3.625955581665039062e-01,-4.010701775550842285e-01,-4.614112153649330139e-02,9.884762167930603027e-01,-3.291165828704833984e-01
-2.559388801455497742e-02,-7.755919098854064941e-01,3.583897650241851807e-01,-3.946378082036972046e-02,3.347563324496150017e-03,-6.830256581306457520e-01,7.293197512626647949e-01,0.000000000000000000e+00,0.000000000000000000e+00,0.000000000000000000e+00,0.000000000000000000e+00,0.000000000000000000e+00,0.000000000000000000e+00,0.000000000000000000e+00,0.000000000000000000e+00,0.000000000000000000e+00,0.000000000000000000e+00,0.000000000000000000e+00,0.000000000000000000e+00,0.000000000000000000e+00,0.000000000000000000e+00,0.000000000000000000e+00,0.000000000000000000e+00,0.000000000000000000e+00,0.000000000000000000e+00,0.000000000000000000e+00,0.000000000000000000e+00,0.000000000000000000e+00,0.000000000000000000e+00,0.000000000000000000e+00,0.000000000000000000e+00,8.611019700765609741e-02,-4.191433489322662354e-01,-1.195276498794555664e+00,0.000000000000000000e+00,1.874112188816070557e-01,1.701998859643936157e-01,8.672822117805480957e-01,0.000000000000000000e+00,1.144880503416061401e-01,4.700237109512090869e-17,5.167492479085922241e-02,3.624413311481475830e-01,1.189590990543365479e-01,-5.292654037475585938e-01,5.000000000000000000e-01,9.191811084747314453e-01,-1.649935841560363770e-01,-7.081148624420166016e-01,4.629735350608825684e-01,-4.442441165447235107e-01,-4.490220919251441956e-02,9.408988356590270996e-01,-2.920297086238861084e-01
-2.448454312980175018e-02,-7.971056103706359863e-01,3.610136806964874268e-01,-2.631999365985393524e-02,-2.505237702280282974e-03,-6.869250535964965820e-01,7.262471914291381836e-01,0.000000000000000000e+00,0.000000000000000000e+00,0.000000000000000000e+00,0.000000000000000000e+00,0.000000000000000000e+00,0.000000000000000000e+00,0.000000000000000000e+00,0.000000000000000000e+00,0.000000000000000000e+00,0.000000000000000000e+00,0.000000000000000000e+00,0.000000000000000000e+00,0.000000000000000000e+00,0.000000000000000000e+00,0.000000000000000000e+00,0.000000000000000000e+00,0.000000000000000000e+00,0.000000000000000000e+00,0.000000000000000000e+00,0.000000000000000000e+00,0.000000000000000000e+00,0.000000000000000000e+00,0.000000000000000000e+00,0.000000000000000000e+00,1.795174553990364075e-02,-4.242546558380126953e-01,-9.340538978576660156e-01,0.000000000000000000e+00,1.703718006610870361e-01,1.220904365181922913e-01,8.369190096855163574e-01,0.000000000000000000e+00,1.061738207936286926e-01,4.694138472291859907e-17,4.154326766729354858e-02,3.372581303119659424e-01,1.370012313127517700e-01,-4.878692328929901123e-01,5.000000000000000000e-01,9.204693436622619629e-01,-1.728032678365707397e-01,-8.028237223625183105e-01,6.840122938156127930e-01,-4.980740547180175781e-01,-3.327594697475433350e-02,9.517436623573303223e-01,-3.218884468078613281e-01
-2.121608890593051910e-02,-8.195696473121643066e-01,3.627246916294097900e-01,-1.309388224035501480e-02,-1.207177992910146713e-02,-6.978386044502258301e-01,7.160335779190063477e-01,0.000000000000000000e+00,0.000000000000000000e+00,0.000000000000000000e+00,0.000000000000000000e+00,0.000000000000000000e+00,0.000000000000000000e+00,0.000000000000000000e+00,0.000000000000000000e+00,0.000000000000000000e+00,0.000000000000000000e+00,0.000000000000000000e+00,0.000000000000000000e+00,0.000000000000000000e+00,0.000000000000000000e+00,0.000000000000000000e+00,0.000000000000000000e+00,0.000000000000000000e+00,0.000000000000000000e+00,0.000000000000000000e+00,0.000000000000000000e+00,0.000000000000000000e+00,0.000000000000000000e+00,0.000000000000000000e+00,0.000000000000000000e+00,-4.007484763860702515e-02,-4.085115790367126465e-01,-7.013442516326904297e-01,0.000000000000000000e+00,1.461809575557708740e-01,5.490290746092796326e-02,7.951691150665283203e-01,0.000000000000000000e+00,7.646140456199645996e-02,4.997376267408899428e-17,6.039882451295852661e-02,3.210978806018829346e-01,1.392456442117691040e-01,-4.678365886211395264e-01,5.000000000000000000e-01,9.200155138969421387e-01,-1.611619144678115845e-01,-1.028066515922546387e+00,9.942985773086547852e-01,-5.511363148689270020e-01,-1.275284215807914734e-02,9.491611719131469727e-01,-3.480590581893920898e-01
-1.771707274019718170e-02,-8.416618108749389648e-01,3.621612787246704102e-01,-8.800555020570755005e-03,-1.952914334833621979e-02,-7.038341760635375977e-01,7.100412249565124512e-01,0.000000000000000000e+00,0.000000000000000000e+00,0.000000000000000000e+00,0.000000000000000000e+00,0.000000000000000000e+00,0.000000000000000000e+00,0.000000000000000000e+00,0.000000000000000000e+00,0.000000000000000000e+00,0.000000000000000000e+00,0.000000000000000000e+00,0.000000000000000000e+00,0.000000000000000000e+00,0.000000000000000000e+00,0.000000000000000000e+00,0.000000000000000000e+00,0.000000000000000000e+00,0.000000000000000000e+00,0.000000000000000000e+00,0.000000000000000000e+00,0.000000000000000000e+00,0.000000000000000000e+00,0.000000000000000000e+00,0.000000000000000000e+00,-6.284878402948379517e-02,-3.903167843818664551e-01,-6.330636739730834961e-01,0.000000000000000000e+00,1.252560764551162720e-01,-1.805157773196697235e-02,7.588914036750793457e-01,0.000000000000000000e+00,4.848458245396614075e-02,1.816597978443428284e-17,6.319218128919601440e-02,3.239325582981109619e-01,1.389583051204681396e-01,-4.552986621856689453e-01,5.000000000000000000e-01,8.910999894142150879e-01,-1.557931751012802124e-01,-1.268888831138610840e+00,1.271714687347412109e+00,-6.193113327026367188e-01,4.032156895846128464e-03,9.366613626480102539e-01,-2.877300679683685303e-01
-1.481476426124572754e-02,-8.634334206581115723e-01,3.607070147991180420e-01,-2.033601514995098114e-02,-1.586127281188964844e-02,-7.034260630607604980e-01,7.103003859519958496e-01,0.000000000000000000e+00,0.000000000000000000e+00,0.000000000000000000e+00,0.000000000000000000e+00,0.000000000000000000e+00,0.000000000000000000e+00,0.000000000000000000e+00,0.000000000000000000e+00,0.000000000000000000e+00,0.000000000000000000e+00,0.000000000000000000e+00,0.000000000000000000e+00,0.000000000000000000e+00,0.000000000000000000e+00,0.000000000000000000e+00,0.000000000000000000e+00,0.000000000000000000e+00,0.000000000000000000e+00,0.000000000000000000e+00,0.000000000000000000e+00,0.000000000000000000e+00,0.000000000000000000e+00,0.000000000000000000e+00,0.000000000000000000e+00,-4.699546098709106445e-02,-3.332277536392211914e-01,-6.759952306747436523e-01,0.000000000000000000e+00,1.350217461585998535e-01,-7.399827241897583008e-02,7.464545965194702148e-01,0.000000000000000000e+00,5.765235796570777893e-02,8.943067163083998961e-17,3.817639499902725220e-02,3.379634618759155273e-01,1.457997411489486694e-01,-4.364221990108489990e-01,5.000000000000000000e-01,8.550437092781066895e-01,-1.796598881483078003e-01,-1.491019129753112793e+00,1.378319740295410156e+00,-6.906186938285827637e-01,5.339042283594608307e-03,9.110509157180786133e-01,-1.785216480493545532e-01
-1.196854747831821442e-02,-8.838657140731811523e-01,3.604037761688232422e-01,-3.150379285216331482e-02,-1.392291113734245300e-02,-7.073553204536437988e-01,7.060185074806213379e-01,0.000000000000000000e+00,0.000000000000000000e+00,0.000000000000000000e+00,0.000000000000000000e+00,0.000000000000000000e+00,0.000000000000000000e+00,0.000000000000000000e+00,0.000000000000000000e+00,0.000000000000000000e+00,0.000000000000000000e+00,0.000000000000000000e+00,0.000000000000000000e+00,0.000000000000000000e+00,0.000000000000000000e+00,0.000000000000000000e+00,0.000000000000000000e+00,0.000000000000000000e+00,0.000000000000000000e+00,0.000000000000000000e+00,0.000000000000000000e+00,0.000000000000000000e+00,0.000000000000000000e+00,0.000000000000000000e+00,0.000000000000000000e+00,-2.305227145552635193e-02,-2.445351928472518921e-01,-6.647672057151794434e-01,0.000000000000000000e+00,1.364500969648361206e-01,-7.774981856346130371e-02,7.788953781127929688e-01,0.000000000000000000e+00,6.980647891759872437e-02,-2.591319127420587965e-17,2.278598025441169739e-02,3.552948534488677979e-01,1.449233889579772949e-01,-4.161346554756164551e-01,5.000000000000000000e-01,8.183608651161193848e-01,-1.799588650465011597e-01,-1.595917940139770508e+00,1.169997811317443848e+00,-7.448666095733642578e-01,1.734511111862957478e-03,8.770443201065063477e-01,-1.246397122740745544e-01
-9.851379320025444031e-03,-9.016671776771545410e-01,3.574272394180297852e-01,-4.027704149484634399e-02,-2.102704532444477081e-02,-7.116214036941528320e-01,7.010924220085144043e-01,0.000000000000000000e+00,0.000000000000000000e+00,0.000000000000000000e+00,0.000000000000000000e+00,0.000000000000000000e+00,0.000000000000000000e+00,0.000000000000000000e+00,0.000000000000000000e+00,0.000000000000000000e+00,0.000000000000000000e+00,0.000000000000000000e+00,0.000000000000000000e+00,0.000000000000000000e+00,0.000000000000000000e+00,0.000000000000000000e+00,0.000000000000000000e+00,0.000000000000000000e+00,0.000000000000000000e+00,0.000000000000000000e+00,0.000000000000000000e+00,0.000000000000000000e+00,0.000000000000000000e+00,0.000000000000000000e+00,0.000000000000000000e+00,-1.376771461218595505e-02,-1.859983205795288086e-01,-6.883859038352966309e-01,0.000000000000000000e+00,9.162832051515579224e-02,3.482735529541969299e-02,9.327485561370849609e-01,0.000000000000000000e+00,7.402698695659637451e-02,-4.953100928813631090e-17,1.329085417091846466e-02,3.849182426929473877e-01,1.370657831430435181e-01,-4.036373198032379150e-01,5.000000000000000000e-01,8.102152943611145020e-01,-1.799999922513961792e-01,-1.545094490051269531e+00,8.181696534156799316e-01,-8.219730257987976074e-01,-7.018985226750373840e-03,8.600235581398010254e-01,-9.349654614925384521e-02
-7.385278120636940002e-03,-9.168365597724914551e-01,3.566715121269226074e-01,-4.106545448303222656e-02,-2.091560699045658112e-02,-7.159316539764404297e-01,6.966477036476135254e-01,0.000000000000000000e+00,0.000000000000000000e+00,0.000000000000000000e+00,0.000000000000000000e+00,0.000000000000000000e+00,0.000000000000000000e+00,0.000000000000000000e+00,0.000000000000000000e+00,0.000000000000000000e+00,0.000000000000000000e+00,0.000000000000000000e+00,0.000000000000000000e+00,0.000000000000000000e+00,0.000000000000000000e+00,0.000000000000000000e+00,0.000000000000000000e+00,0.000000000000000000e+00,0.000000000000000000e+00,0.000000000000000000e+00,0.000000000000000000e+00,0.000000000000000000e+00,0.000000000000000000e+00,0.000000000000000000e+00,0.000000000000000000e+00,-7.530915085226297379e-03,-1.674753576517105103e-01,-7.189338207244873047e-01,0.000000000000000000e+00,4.294158518314361572e-02,2.669162452220916748e-01,1.168876528739929199e+00,0.000000000000000000e+00,7.615659385919570923e-02,-1.558452218019946019e-18,1.083505339920520782e-02,3.851266205310821533e-01,1.345571279525756836e-01,-3.870842158794403076e-01,5.000000000000000000e-01,7.172591686248779297e-01,-1.800000071525573730e-01,-1.360742926597595215e+00,6.219673156738281250e-01,-8.418725728988647461e-01,-4.723038524389266968e-03,8.166569471359252930e-01,-4.840237647294998169e-02
-5.554487463086843491e-03,-9.289745092391967773e-01,3.574630916118621826e-01,-5.120510980486869812e-02,-6.230034399777650833e-03,-7.169125676155090332e-01,6.952521800994873047e-01,0.000000000000000000e+00,0.000000000000000000e+00,0.000000000000000000e+00,0.000000000000000000e+00,0.000000000000000000e+00,0.000000000000000000e+00,0.000000000000000000e+00,0.000000000000000000e+00,0.000000000000000000e+00,0.000000000000000000e+00,0.000000000000000000e+00,0.000000000000000000e+00,0.000000000000000000e+00,0.000000000000000000e+00,0.000000000000000000e+00,0.000000000000000000e+00,0.000000000000000000e+00,0.000000000000000000e+00,0.000000000000000000e+00,0.000000000000000000e+00,0.000000000000000000e+00,0.000000000000000000e+00,0.000000000000000000e+00,0.000000000000000000e+00,2.575777657330036163e-02,-1.634259074926376343e-01,-7.558236122131347656e-01,0.000000000000000000e+00,7.850264012813568115e-02,4.900777935981750488e-01,1.385326027870178223e+00,0.000000000000000000e+00,1.025518327951431274e-01,1.890501603091365989e-17,-4.922946915030479431e-03,3.699109852313995361e-01,1.385050415992736816e-01,-3.594308793544769287e-01,5.000000000000000000e-01,6.683256030082702637e-01,-1.800000071525573730e-01,-1.207358121871948242e+00,6.268104910850524902e-01,-8.433804512023925781e-01,2.244645263999700546e-03,7.834737300872802734e-01,-4.169000312685966492e-02
-2.180707640945911407e-03,-9.398244619369506836e-01,3.605407178401947021e-01,-6.230490282177925110e-02,1.397833693772554398e-02,-7.181202173233032227e-01,6.929834485054016113e-01,0.000000000000000000e+00,0.000000000000000000e+00,0.000000000000000000e+00,0.000000000000000000e+00,0.000000000000000000e+00,0.000000000000000000e+00,0.000000000000000000e+00,0.000000000000000000e+00,0.000000000000000000e+00,0.000000000000000000e+00,0.000000000000000000e+00,0.000000000000000000e+00,0.000000000000000000e+00,0.000000000000000000e+00,0.000000000000000000e+00,0.000000000000000000e+00,0.000000000000000000e+00,0.000000000000000000e+00,0.000000000000000000e+00,0.000000000000000000e+00,0.000000000000000000e+00,0.000000000000000000e+00,0.000000000000000000e+00,0.000000000000000000e+00,6.931110471487045288e-02,-1.605015546083450317e-01,-7.804476618766784668e-01,0.000000000000000000e+00,9.569498151540756226e-02,6.102486848831176758e-01,1.437403440475463867e+00,0.000000000000000000e+00,1.280529350042343140e-01,-1.606219809763836671e-17,-1.122121140360832214e-02,3.490621447563171387e-01,1.357980817556381226e-01,-3.494945168495178223e-01,5.000000000000000000e-01,7.083222270011901855e-01,-1.800000071525573730e-01,-1.153952240943908691e+00,5.197519659996032715e-01,-8.403929471969604492e-01,1.467196084558963776e-02,7.740899324417114258e-01,-9.036403149366378784e-02
7.671465864405035973e-04,-9.516915082931518555e-01,3.660065829753875732e-01,-7.038866728544235229e-02,3.451694548130035400e-02,-7.175729274749755859e-01,6.920571923255920410e-01,0.000000000000000000e+00,0.000000000000000000e+00,0.000000000000000000e+00,0.000000000000000000e+00,0.000000000000000000e+00,0.000000000000000000e+00,0.000000000000000000e+00,0.000000000000000000e+00,0.000000000000000000e+00,0.000000000000000000e+00,0.000000000000000000e+00,0.000000000000000000e+00,0.000000000000000000e+00,0.000000000000000000e+00,0.000000000000000000e+00,0.000000000000000000e+00,0.000000000000000000e+00,0.000000000000000000e+00,0.000000000000000000e+00,0.000000000000000000e+00,0.000000000000000000e+00,0.000000000000000000e+00,0.000000000000000000e+00,0.000000000000000000e+00,1.093409582972526550e-01,-1.768215298652648926e-01,-8.053181171417236328e-01,0.000000000000000000e+00,1.214303374290466309e-01,6.348947882652282715e-01,1.267162561416625977e+00,0.000000000000000000e+00,1.430610269308090210e-01,1.752599676194690575e-18,-5.597186740487813950e-03,3.314219117164611816e-01,1.240252330899238586e-01,-3.710761666297912598e-01,5.000000000000000000e-01,7.467716932296752930e-01,-1.799278110265731812e-01,-1.161893725395202637e+00,4.562589824199676514e-01,-8.311787247657775879e-01,3.259558603167533875e-02,7.888783812522888184e-01,-1.988870650529861450e-01
1.983550610020756721e-03,-9.641622304916381836e-01,3.710740506649017334e-01,-7.625459879636764526e-02,4.869099706411361694e-02,-7.113598585128784180e-01,6.969802975654602051e-01,0.000000000000000000e+00,0.000000000000000000e+00,0.000000000000000000e+00,0.000000000000000000e+00,0.000000000000000000e+00,0.000000000000000000e+00,0.000000000000000000e+00,0.000000000000000000e+00,0.000000000000000000e+00,0.000000000000000000e+00,0.000000000000000000e+00,0.000000000000000000e+00,0.000000000000000000e+00,0.000000000000000000e+00,0.000000000000000000e+00,0.000000000000000000e+00,0.000000000000000000e+00,0.000000000000000000e+00,0.000000000000000000e+00,0.000000000000000000e+00,0.000000000000000000e+00,0.000000000000000000e+00,0.000000000000000000e+00,0.000000000000000000e+00,1.386119723320007324e-01,-2.294450998306274414e-01,-8.728106617927551270e-01,0.000000000000000000e+00,1.503513604402542114e-01,5.820099711418151855e-01,9.573124647140502930e-01,0.000000000000000000e+00,1.464852690696716309e-01,-4.701786253363280179e-17,-1.055197976529598236e-02,3.230778276920318604e-01,1.240383461117744446e-01,-4.010824859142303467e-01,5.000000000000000000e-01,7.821896672248840332e-01,-1.791551113128662109e-01,-1.165367960929870605e+00,4.132533371448516846e-01,-8.379132151603698730e-01,4.708356410264968872e-02,8.758777976036071777e-01,-3.938013911247253418e-01
-4.375072021503001451e-04,-9.772631525993347168e-01,3.723821938037872314e-01,-8.024632930755615234e-02,5.177880078554153442e-02,-6.958762407302856445e-01,7.117834687232971191e-01,0.000000000000000000e+00,0.000000000000000000e+00,0.000000000000000000e+00,0.000000000000000000e+00,0.000000000000000000e+00,0.000000000000000000e+00,0.000000000000000000e+00,0.000000000000000000e+00,0.000000000000000000e+00,0.000000000000000000e+00,0.000000000000000000e+00,0.000000000000000000e+00,0.000000000000000000e+00,0.000000000000000000e+00,0.000000000000000000e+00,0.000000000000000000e+00,0.000000000000000000e+00,0.000000000000000000e+00,0.000000000000000000e+00,0.000000000000000000e+00,0.000000000000000000e+00,0.000000000000000000e+00,0.000000000000000000e+00,0.000000000000000000e+00,1.622544825077056885e-01,-3.457776010036468506e-01,-1.051424741744995117e+00,0.000000000000000000e+00,1.734759956598281860e-01,5.112863779067993164e-01,7.145155072212219238e-01,0.000000000000000000e+00,1.354124844074249268e-01,-1.190326549943913949e-17,-5.339056253433227539e-02,3.189763426780700684e-01,1.292177885770797729e-01,-4.105118215084075928e-01,5.000000000000000000e-01,8.265988230705261230e-01,-1.789768040180206299e-01,-1.166584253311157227e+00,3.861815035343170166e-01,-8.791345953941345215e-01,6.027596816420555115e-02,1.084464192390441895e+00,-6.950086355209350586e-01
-4.646103829145431519e-03,-9.896138310432434082e-01,3.677410185337066650e-01,-8.158848434686660767e-02,4.171567410230636597e-02,-6.804482340812683105e-01,7.270442247390747070e-01,0.000000000000000000e+00,0.000000000000000000e+00,0.000000000000000000e+00,0.000000000000000000e+00,0.000000000000000000e+00,0.000000000000000000e+00,0.000000000000000000e+00,0.000000000000000000e+00,0.000000000000000000e+00,0.000000000000000000e+00,0.000000000000000000e+00,0.000000000000000000e+00,0.000000000000000000e+00,0.000000000000000000e+00,0.000000000000000000e+00,0.000000000000000000e+00,0.000000000000000000e+00,0.000000000000000000e+00,0.000000000000000000e+00,0.000000000000000000e+00,0.000000000000000000e+00,0.000000000000000000e+00,0.000000000000000000e+00,0.000000000000000000e+00,2.057304829359054565e-01,-5.273205041885375977e-01,-1.328670382499694824e+00,0.000000000000000000e+00,1.590023785829544067e-01,5.050306320190429688e-01,7.446330189704895020e-01,0.000000000000000000e+00,1.045018583536148071e-01,1.065491595183738714e-17,-1.025922521948814392e-01,3.101369440555572510e-01,1.251931041479110718e-01,-4.090741872787475586e-01,5.000000000000000000e-01,8.750551939010620117e-01,-1.762305349111557007e-01,-1.149527549743652344e+00,3.624916374683380127e-01,-8.929970264434814453e-01,7.978849858045578003e-02,1.272132396697998047e+00,-1.014057636260986328e+00
-7.763389497995376587e-03,-9.991338849067687988e-01,3.616812825202941895e-01,-7.794140279293060303e-02,1.782674714922904968e-02,-6.695641875267028809e-01,7.384383082389831543e-01,0.000000000000000000e+00,0.000000000000000000e+00,0.000000000000000000e+00,0.000000000000000000e+00,0.000000000000000000e+00,0.000000000000000000e+00,0.000000000000000000e+00,0.000000000000000000e+00,0.000000000000000000e+00,0.000000000000000000e+00,0.000000000000000000e+00,0.000000000000000000e+00,0.000000000000000000e+00,0.000000000000000000e+00,0.000000000000000000e+00,0.000000000000000000e+00,0.000000000000000000e+00,0.000000000000000000e+00,0.000000000000000000e+00,0.000000000000000000e+00,0.000000000000000000e+00,0.000000000000000000e+00,0.000000000000000000e+00,0.000000000000000000e+00,1.851730048656463623e-01,-6.572576761245727539e-01,-1.426124930381774902e+00,0.000000000000000000e+00,1.225848570466041565e-01,5.047120451927185059e-01,8.792803883552551270e-01,0.000000000000000000e+00,5.067631229758262634e-02,1.591329566121147109e-17,-1.319650560617446899e-01,2.716090381145477295e-01,1.138267070055007935e-01,-4.213798940181732178e-01,5.000000000000000000e-01,8.880043625831604004e-01,-1.583363711833953857e-01,-1.076829195022583008e+00,3.576350212097167969e-01,-9.109472632408142090e-01,5.831158906221389771e-02,1.496547937393188477e+00,-1.445169210433959961e+00
-7.957600057125091553e-03,-1.008187532424926758e+00,3.606521189212799072e-01,-7.105701416730880737e-02,-1.993200555443763733e-02,-6.699788570404052734e-01,7.387028932571411133e-01,0.000000000000000000e+00,0.000000000000000000e+00,0.000000000000000000e+00,0.000000000000000000e+00,0.000000000000000000e+00,0.000000000000000000e+00,0.000000000000000000e+00,0.000000000000000000e+00,0.000000000000000000e+00,0.000000000000000000e+00,0.000000000000000000e+00,0.000000000000000000e+00,0.000000000000000000e+00,0.000000000000000000e+00,0.000000000000000000e+00,0.000000000000000000e+00,0.000000000000000000e+00,0.000000000000000000e+00,0.000000000000000000e+00,0.000000000000000000e+00,0.000000000000000000e+00,0.000000000000000000e+00,0.000000000000000000e+00,0.000000000000000000e+00,1.002641916275024414e-01,-6.664844155311584473e-01,-1.191032528877258301e+00,0.000000000000000000e+00,6.627144664525985718e-02,5.452006459236145020e-01,1.027101874351501465e+00,0.000000000000000000e+00,-3.899773955345153809e-02,4.301642595124428360e-17,-1.238886639475822449e-01,1.956467181444168091e-01,1.012841165065765381e-01,-4.427179396152496338e-01,5.000000000000000000e-01,8.801230788230895996e-01,-1.129121631383895874e-01,-9.687934517860412598e-01,3.739117980003356934e-01,-9.234536886215209961e-01,2.571068145334720612e-02,1.629014730453491211e+00,-1.490000009536743164e+00
-5.284814629703760147e-03,-1.016755104064941406e+00,3.614512979984283447e-01,-8.610339462757110596e-02,-5.576752871274948120e-02,-6.819210052490234375e-01,7.241960167884826660e-01,0.000000000000000000e+00,0.000000000000000000e+00,0.000000000000000000e+00,0.000000000000000000e+00,0.000000000000000000e+00,0.000000000000000000e+00,0.000000000000000000e+00,0.000000000000000000e+00,0.000000000000000000e+00,0.000000000000000000e+00,0.000000000000000000e+00,0.000000000000000000e+00,0.000000000000000000e+00,0.000000000000000000e+00,0.000000000000000000e+00,0.000000000000000000e+00,0.000000000000000000e+00,0.000000000000000000e+00,0.000000000000000000e+00,0.000000000000000000e+00,0.000000000000000000e+00,0.000000000000000000e+00,0.000000000000000000e+00,0.000000000000000000e+00,5.206611752510070801e-02,-5.668452978134155273e-01,-9.124410152435302734e-01,0.000000000000000000e+00,5.759705603122711182e-02,5.302891135215759277e-01,1.125068664550781250e+00,0.000000000000000000e+00,-1.076456606388092041e-01,2.161980873924228332e-18,-7.555261999368667603e-02,1.236052513122558594e-01,7.528977841138839722e-02,-4.789078235626220703e-01,5.000000000000000000e-01,8.242089152336120605e-01,-3.279207274317741394e-02,-7.989151477813720703e-01,4.412982165813446045e-01,-9.214075803756713867e-01,3.221420943737030029e-02,1.720062136650085449e+00,-1.490000009536743164e+00
-2.066628076136112213e-03,-1.028040289878845215e+00,3.607929944992065430e-01,-1.315459907054901123e-01,-7.854622602462768555e-02,-6.930812597274780273e-01,7.043895125389099121e-01,0.000000000000000000e+00,0.000000000000000000e+00,0.000000000000000000e+00,0.000000000000000000e+00,0.000000000000000000e+00,0.000000000000000000e+00,0.000000000000000000e+00,0.000000000000000000e+00,0.000000000000000000e+00,0.000000000000000000e+00,0.000000000000000000e+00,0.000000000000000000e+00,0.000000000000000000e+00,0.000000000000000000e+00,0.000000000000000000e+00,0.000000000000000000e+00,0.000000000000000000e+00,0.000000000000000000e+00,0.000000000000000000e+00,0.000000000000000000e+00,0.000000000000000000e+00,0.000000000000000000e+00,0.000000000000000000e+00,0.000000000000000000e+00,8.871838450431823730e-02,-4.688044190406799316e-01,-9.912518262863159180e-01,0.000000000000000000e+00,9.923191368579864502e-02,4.800992012023925781e-01,1.203181266784667969e+00,0.000000000000000000e+00,-1.218261346220970154e-01,9.113934718932750187e-18,-3.224117308855056763e-02,9.549146145582199097e-02,4.055994004011154175e-02,-5.100994110107421875e-01,5.000000000000000000e-01,7.406890392303466797e-01,6.594023108482360840e-02,-6.006872057914733887e-01,5.343624353408813477e-01,-9.121363759040832520e-01,8.605579286813735962e-02,1.767759203910827637e+00,-1.490000009536743164e+00
-2.406690036877989769e-04,-1.043510437011718750e+00,3.605235815048217773e-01,-1.836966276168823242e-01,-9.857552498579025269e-02,-6.997121572494506836e-01,6.833310723304748535e-01,0.000000000000000000e+00,0.000000000000000000e+00,0.000000000000000000e+00,0.000000000000000000e+00,0.000000000000000000e+00,0.000000000000000000e+00,0.000000000000000000e+00,0.000000000000000000e+00,0.000000000000000000e+00,0.000000000000000000e+00,0.000000000000000000e+00,0.000000000000000000e+00,0.000000000000000000e+00,0.000000000000000000e+00,0.000000000000000000e+00,0.000000000000000000e+00,0.000000000000000000e+00,0.000000000000000000e+00,0.000000000000000000e+00,0.000000000000000000e+00,0.000000000000000000e+00,0.000000000000000000e+00,0.000000000000000000e+00,0.000000000000000000e+00,1.527680307626724243e-01,-3.555285334587097168e-01,-1.099659204483032227e+00,0.000000000000000000e+00,1.452985852956771851e-01,4.106398224830627441e-01,1.275067925453186035e+00,0.000000000000000000e+00,-1.110720485448837280e-01,-4.135506346943357942e-17,-1.775211282074451447e-02,1.301673948764801025e-01,2.752263657748699188e-02,-4.960532188415527344e-01,5.000000000000000000e-01,7.133674621582031250e-01,1.381985992193222046e-01,-4.905174374580383301e-01,5.766804814338684082e-01,-8.987796306610107422e-01,1.404480040073394775e-01,1.779854297637939453e+00,-1.490000009536743164e+00
1.733576529659330845e-03,-1.062862873077392578e+00,3.624093532562255859e-01,-2.255806326866149902e-01,-1.215401738882064819e-01,-7.009562253952026367e-01,6.655837297439575195e-01,0.000000000000000000e+00,0.000000000000000000e+00,0.000000000000000000e+00,0.000000000000000000e+00,0.000000000000000000e+00,0.000000000000000000e+00,0.000000000000000000e+00,0.000000000000000000e+00,0.000000000000000000e+00,0.000000000000000000e+00,0.000000000000000000e+00,0.000000000000000000e+00,0.000000000000000000e+00,0.000000000000000000e+00,0.000000000000000000e+00,0.000000000000000000e+00,0.000000000000000000e+00,0.000000000000000000e+00,0.000000000000000000e+00,0.000000000000000000e+00,0.000000000000000000e+00,0.000000000000000000e+00,0.000000000000000000e+00,0.000000000000000000e+00,2.008836567401885986e-01,-2.663617134094238281e-01,-1.200758695602416992e+00,0.000000000000000000e+00,1.614195853471755981e-01,3.064793944358825684e-01,1.323009490966796875e+00,0.000000000000000000e+00,-9.626567363739013672e-02,3.919194315421555930e-17,-3.622270748019218445e-02,1.989681273698806763e-01,4.824670776724815369e-02,-4.272265434265136719e-01,5.000000000000000000e-01,8.358280062675476074e-01,1.474695205688476562e-01,-5.974693298339843750e-01,6.671321988105773926e-01,-8.908783793449401855e-01,1.375892162322998047e-01,1.760322809219360352e+00,-1.490000009536743164e+00
4.334039986133575439e-03,-1.084224820137023926e+00,3.694874048233032227e-01,-2.575514912605285645e-01,-1.386673450469970703e-01,-7.059965133666992188e-01,6.449864506721496582e-01,0.000000000000000000e+00,0.000000000000000000e+00,0.000000000000000000e+00,0.000000000000000000e+00,0.000000000000000000e+00,0.000000000000000000e+00,0.000000000000000000e+00,0.000000000000000000e+00,0.000000000000000000e+00,0.000000000000000000e+00,0.000000000000000000e+00,0.000000000000000000e+00,0.000000000000000000e+00,0.000000000000000000e+00,0.000000000000000000e+00,0.000000000000000000e+00,0.000000000000000000e+00,0.000000000000000000e+00,0.000000000000000000e+00,0.000000000000000000e+00,0.000000000000000000e+00,0.000000000000000000e+00,0.000000000000000000e+00,0.000000000000000000e+00,2.381623387336730957e-01,-1.369509845972061157e-01,-1.251732587814331055e+00,0.000000000000000000e+00,1.718569993972778320e-01,1.922687143087387085e-01,1.349617838859558105e+00,0.000000000000000000e+00,-6.321854889392852783e-02,-9.440272359835945559e-18,-3.973812609910964966e-02,2.686498165130615234e-01,9.721760451793670654e-02,-3.497878313064575195e-01,5.000000000000000000e-01,9.692831635475158691e-01,1.226644217967987061e-01,-8.752063512802124023e-01,1.153917670249938965e+00,-8.872106075286865234e-01,9.074694663286209106e-02,1.720988631248474121e+00,-1.490000009536743164e+00
5.987553391605615616e-03,-1.101796746253967285e+00,3.818566799163818359e-01,-2.770762443542480469e-01,-1.452710032463073730e-01,-7.144725322723388672e-01,6.258227229118347168e-01,0.000000000000000000e+00,0.000000000000000000e+00,0.000000000000000000e+00,0.000000000000000000e+00,0.000000000000000000e+00,0.000000000000000000e+00,0.000000000000000000e+00,0.000000000000000000e+00,0.000000000000000000e+00,0.000000000000000000e+00,0.000000000000000000e+00,0.000000000000000000e+00,0.000000000000000000e+00,0.000000000000000000e+00,0.000000000000000000e+00,0.000000000000000000e+00,0.000000000000000000e+00,0.000000000000000000e+00,0.000000000000000000e+00,0.000000000000000000e+00,0.000000000000000000e+00,0.000000000000000000e+00,0.000000000000000000e+00,0.000000000000000000e+00,2.709377110004425049e-01,-2.343042567372322083e-02,-1.272872090339660645e+00,0.000000000000000000e+00,1.823915392160415649e-01,1.010214164853096008e-01,1.359391808509826660e+00,0.000000000000000000e+00,-1.927622221410274506e-02,5.618167707068311210e-17,-3.048018924891948700e-02,3.197384476661682129e-01,1.226612851023674011e-01,-3.115785121917724609e-01,5.000000000000000000e-01,9.700000286102294922e-01,1.044941693544387817e-01,-1.054815292358398438e+00,1.490000009536743164e+00,-8.543643355369567871e-01,4.493044316768646240e-02,1.819992780685424805e+00,-1.490000009536743164e+00
4.591952543705701828e-03,-1.122105956077575684e+00,3.956910073757171631e-01,-2.905245721340179443e-01,-1.507601737976074219e-01,-7.227905392646789551e-01,6.086383461952209473e-01,0.000000000000000000e+00,0.000000000000000000e+00,0.000000000000000000e+00,0.000000000000000000e+00,0.000000000000000000e+00,0.000000000000000000e+00,0.000000000000000000e+00,0.000000000000000000e+00,0.000000000000000000e+00,0.000000000000000000e+00,0.000000000000000000e+00,0.000000000000000000e+00,0.000000000000000000e+00,0.000000000000000000e+00,0.000000000000000000e+00,0.000000000000000000e+00,0.000000000000000000e+00,0.000000000000000000e+00,0.000000000000000000e+00,0.000000000000000000e+00,0.000000000000000000e+00,0.000000000000000000e+00,0.000000000000000000e+00,0.000000000000000000e+00,3.004135489463806152e-01,1.280785948038101196e-01,-1.228929758071899414e+00,0.000000000000000000e+00,1.913705468177795410e-01,-1.633133180439472198e-02,1.322916150093078613e+00,0.000000000000000000e+00,3.706350550055503845e-02,2.669012810917182387e-18,-2.593279816210269928e-02,4.023025929927825928e-01,1.633744984865188599e-01,-2.601058483123779297e-01,5.000000000000000000e-01,9.700000286102294922e-01,4.957963153719902039e-02,-1.169977784156799316e+00,1.490000009536743164e+00,-7.337124347686767578e-01,-5.943482741713523865e-02,1.820000052452087402e+00,-1.490000009536743164e+00
1.612472929991781712e-03,-1.148434042930603027e+00,4.068873226642608643e-01,-2.976591885089874268e-01,-1.510187983512878418e-01,-7.328745126724243164e-01,5.928636193275451660e-01,0.000000000000000000e+00,0.000000000000000000e+00,0.000000000000000000e+00,0.000000000000000000e+00,0.000000000000000000e+00,0.000000000000000000e+00,0.000000000000000000e+00,0.000000000000000000e+00,0.000000000000000000e+00,0.000000000000000000e+00,0.000000000000000000e+00,0.000000000000000000e+00,0.000000000000000000e+00,0.000000000000000000e+00,0.000000000000000000e+00,0.000000000000000000e+00,0.000000000000000000e+00,0.000000000000000000e+00,0.000000000000000000e+00,0.000000000000000000e+00,0.000000000000000000e+00,0.000000000000000000e+00,0.000000000000000000e+00,0.000000000000000000e+00,3.372497558593750000e-01,3.048184514045715332e-01,-1.121619701385498047e+00,0.000000000000000000e+00,2.101582288742065430e-01,-1.522258222103118896e-01,1.229100823402404785e+00,0.000000000000000000e+00,1.087762564420700073e-01,-2.464646011903197392e-17,-1.052287220954895020e-02,4.499999880790710449e-01,2.203024178743362427e-01,-2.075535356998443604e-01,5.000000000000000000e-01,9.700000286102294922e-01,-1.649972982704639435e-02,-1.333643198013305664e+00,1.490000009536743164e+00,-7.204582095146179199e-01,-1.632156074047088623e-01,1.820000052452087402e+00,-1.484658002853393555e+00
-2.905986737459897995e-03,-1.176834702491760254e+00,4.206528961658477783e-01,-2.916913926601409912e-01,-1.466860622167587280e-01,-7.398523092269897461e-01,5.882328748703002930e-01,0.000000000000000000e+00,0.000000000000000000e+00,0.000000000000000000e+00,0.000000000000000000e+00,0.000000000000000000e+00,0.000000000000000000e+00,0.000000000000000000e+00,0.000000000000000000e+00,0.000000000000000000e+00,0.000000000000000000e+00,0.000000000000000000e+00,0.000000000000000000e+00,0.000000000000000000e+00,0.000000000000000000e+00,0.000000000000000000e+00,0.000000000000000000e+00,0.000000000000000000e+00,0.000000000000000000e+00,0.000000000000000000e+00,0.000000000000000000e+00,0.000000000000000000e+00,0.000000000000000000e+00,0.000000000000000000e+00,0.000000000000000000e+00,3.578246831893920898e-01,4.370383322238922119e-01,-9.809228777885437012e-01,0.000000000000000000e+00,2.188480794429779053e-01,-3.064786493778228760e-01,1.048195838928222656e+00,0.000000000000000000e+00,1.583066582679748535e-01,6.425562262766647032e-19,-2.599409082904458046e-03,4.499999880790710449e-01,2.714140117168426514e-01,-1.545112431049346924e-01,5.000000000000000000e-01,9.700000286102294922e-01,-6.182184442877769470e-02,-1.560174703598022461e+00,1.490000009536743164e+00,-8.708940744400024414e-01,-2.243467122316360474e-01,1.807809948921203613e+00,-1.287381649017333984e+00
-4.044862929731607437e-03,-1.201151132583618164e+00,4.420832097530364990e-01,-2.628642022609710693e-01,-1.288192570209503174e-01,-7.448296546936035156e-01,5.996138453483581543e-01,0.000000000000000000e+00,0.000000000000000000e+00,0.000000000000000000e+00,0.000000000000000000e+00,0.000000000000000000e+00,0.000000000000000000e+00,0.000000000000000000e+00,0.000000000000000000e+00,0.000000000000000000e+00,0.000000000000000000e+00,0.000000000000000000e+00,0.000000000000000000e+00,0.000000000000000000e+00,0.000000000000000000e+00,0.000000000000000000e+00,0.000000000000000000e+00,0.000000000000000000e+00,0.000000000000000000e+00,0.000000000000000000e+00,0.000000000000000000e+00,0.000000000000000000e+00,0.000000000000000000e+00,0.000000000000000000e+00,0.000000000000000000e+00,3.516990840435028076e-01,4.732789695262908936e-01,-7.905254364013671875e-01,0.000000000000000000e+00,2.063466012477874756e-01,-3.989541530609130859e-01,8.121799826622009277e-01,0.000000000000000000e+00,1.703346818685531616e-01,2.338639859544855426e-08,-2.096431888639926910e-02,4.499999880790710449e-01,2.753198146820068359e-01,-1.448743343353271484e-01,5.000000000000000000e-01,9.700000286102294922e-01,-5.888932570815086365e-02,-1.818275690078735352e+00,1.490000009536743164e+00,-9.700000286102294922e-01,-2.114485055208206177e-01,1.722184419631958008e+00,-1.178686976432800293e+00
-8.365132845938205719e-03,-1.223612546920776367e+00,4.824053645133972168e-01,-2.202576845884323120e-01,-9.995277225971221924e-02,-7.509170770645141602e-01,6.145075559616088867e-01,0.000000000000000000e+00,0.000000000000000000e+00,0.000000000000000000e+00,0.000000000000000000e+00,0.000000000000000000e+00,0.000000000000000000e+00,0.000000000000000000e+00,0.000000000000000000e+00,0.000000000000000000e+00,0.000000000000000000e+00,0.000000000000000000e+00,0.000000000000000000e+00,0.000000000000000000e+00,0.000000000000000000e+00,0.000000000000000000e+00,0.000000000000000000e+00,0.000000000000000000e+00,0.000000000000000000e+00,0.000000000000000000e+00,0.000000000000000000e+00,0.000000000000000000e+00,0.000000000000000000e+00,0.000000000000000000e+00,0.000000000000000000e+00,3.411530554294586182e-01,4.708240032196044922e-01,-5.468996763229370117e-01,0.000000000000000000e+00,1.314713805913925171e-01,-4.094167351722717285e-01,5.917679667472839355e-01,0.000000000000000000e+00,1.665446460247039795e-01,9.314321796409785748e-04,-5.269863083958625793e-02,4.499999880790710449e-01,2.831229865550994873e-01,-1.225055158138275146e-01,5.000000000000000000e-01,8.609743118286132812e-01,-9.886725246906280518e-02,-1.820000052452087402e+00,1.489620804786682129e+00,-9.700000286102294922e-01,-1.126738414168357849e-01,1.542205691337585449e+00,-1.056838393211364746e+00
-1.289891824126243591e-02,-1.255239129066467285e+00,5.242485404014587402e-01,-1.779778450727462769e-01,-9.369064867496490479e-02,-7.523285746574401855e-01,6.273337602615356445e-01,0.000000000000000000e+00,0.000000000000000000e+00,0.000000000000000000e+00,0.000000000000000000e+00,0.000000000000000000e+00,0.000000000000000000e+00,0.000000000000000000e+00,0.000000000000000000e+00,0.000000000000000000e+00,0.000000000000000000e+00,0.000000000000000000e+00,0.000000000000000000e+00,0.000000000000000000e+00,0.000000000000000000e+00,0.000000000000000000e+00,0.000000000000000000e+00,0.000000000000000000e+00,0.000000000000000000e+00,0.000000000000000000e+00,0.000000000000000000e+00,0.000000000000000000e+00,0.000000000000000000e+00,0.000000000000000000e+00,0.000000000000000000e+00,3.086052536964416504e-01,4.330834746360778809e-01,-4.160788953304290771e-01,0.000000000000000000e+00,-1.224687090143561363e-03,-3.510288000106811523e-01,5.139633417129516602e-01,0.000000000000000000e+00,1.475762426853179932e-01,8.103249222040176392e-02,-8.296897262334823608e-02,4.499999880790710449e-01,2.996826469898223877e-01,-1.097549274563789368e-01,5.000000000000000000e-01,8.176348805427551270e-01,-1.722436249256134033e-01,-1.820000052452087402e+00,1.171154499053955078e+00,-9.700000286102294922e-01,-1.047969460487365723e-01,1.543677568435668945e+00,-9.227893948554992676e-01
-1.910355873405933380e-02,-1.288831710815429688e+00,5.609554052352905273e-01,-1.441521048545837402e-01,-6.642533838748931885e-02,-7.551713585853576660e-01,6.360220313072204590e-01,0.000000000000000000e+00,0.000000000000000000e+00,0.000000000000000000e+00,0.000000000000000000e+00,0.000000000000000000e+00,0.000000000000000000e+00,0.000000000000000000e+00,0.000000000000000000e+00,0.000000000000000000e+00,0.000000000000000000e+00,0.000000000000000000e+00,0.000000000000000000e+00,0.000000000000000000e+00,0.000000000000000000e+00,0.000000000000000000e+00,0.000000000000000000e+00,0.000000000000000000e+00,0.000000000000000000e+00,0.000000000000000000e+00,0.000000000000000000e+00,0.000000000000000000e+00,0.000000000000000000e+00,0.000000000000000000e+00,0.000000000000000000e+00,2.960236966609954834e-01,2.327571809291839600e-01,-5.592473149299621582e-01,0.000000000000000000e+00,3.993164375424385071e-02,-1.315489709377288818e-01,6.391063928604125977e-01,0.000000000000000000e+00,1.647818684577941895e-01,1.406051069498062134e-01,-9.592089056968688965e-02,4.499999880790710449e-01,2.704907953739166260e-01,-1.442140042781829834e-01,5.000000000000000000e-01,7.891477942466735840e-01,-1.800000071525573730e-01,-1.820000052452087402e+00,8.810315728187561035e-01,-9.700000286102294922e-01,-1.190797388553619385e-01,1.545457959175109863e+00,-8.793753981590270996e-01
-2.323316223919391632e-02,-1.320244550704956055e+00,5.924751758575439453e-01,-1.037572696805000305e-01,-2.917822450399398804e-02,-7.577124834060668945e-01,6.436263322830200195e-01,0.000000000000000000e+00,0.000000000000000000e+00,0.000000000000000000e+00,0.000000000000000000e+00,0.000000000000000000e+00,0.000000000000000000e+00,0.000000000000000000e+00,0.000000000000000000e+00,0.000000000000000000e+00,0.000000000000000000e+00,0.000000000000000000e+00,0.000000000000000000e+00,0.000000000000000000e+00,0.000000000000000000e+00,0.000000000000000000e+00,0.000000000000000000e+00,0.000000000000000000e+00,0.000000000000000000e+00,0.000000000000000000e+00,0.000000000000000000e+00,0.000000000000000000e+00,0.000000000000000000e+00,0.000000000000000000e+00,0.000000000000000000e+00,2.598935365676879883e-01,-8.565687388181686401e-02,-8.695321083068847656e-01,0.000000000000000000e+00,6.037631630897521973e-02,1.673509478569030762e-01,8.417961597442626953e-01,0.000000000000000000e+00,1.627292633056640625e-01,1.587569266557693481e-01,-9.566199034452438354e-02,4.499999880790710449e-01,2.293077111244201660e-01,-1.853699237108230591e-01,5.000000000000000000e-01,7.415482401847839355e-01,-1.800000071525573730e-01,-1.820000052452087402e+00,7.241840362548828125e-01,-9.700000286102294922e-01,-9.274122118949890137e-02,1.524038434028625488e+00,-8.163563013076782227e-01
-2.597713097929954529e-02,-1.350882530212402344e+00,6.174286603927612305e-01,-7.104899734258651733e-02,7.397302892059087753e-03,-7.568999528884887695e-01,6.496151089668273926e-01,0.000000000000000000e+00,0.000000000000000000e+00,0.000000000000000000e+00,0.000000000000000000e+00,0.000000000000000000e+00,0.000000000000000000e+00,0.000000000000000000e+00,0.000000000000000000e+00,0.000000000000000000e+00,0.000000000000000000e+00,0.000000000000000000e+00,0.000000000000000000e+00,0.000000000000000000e+00,0.000000000000000000e+00,0.000000000000000000e+00,0.000000000000000000e+00,0.000000000000000000e+00,0.000000000000000000e+00,0.000000000000000000e+00,0.000000000000000000e+00,0.000000000000000000e+00,0.000000000000000000e+00,0.000000000000000000e+00,0.000000000000000000e+00,2.150724381208419800e-01,-4.201247990131378174e-01,-1.266037821769714355e+00,0.000000000000000000e+00,8.184758573770523071e-02,4.713635742664337158e-01,1.073998570442199707e+00,0.000000000000000000e+00,1.639511287212371826e-01,1.627801358699798584e-01,-1.005512326955795288e-01,4.499999880790710449e-01,2.411236763000488281e-01,-1.749196946620941162e-01,5.000000000000000000e-01,7.164387106895446777e-01,-1.800000071525573730e-01,-1.820000052452087402e+00,7.528524994850158691e-01,-9.700000286102294922e-01,-8.075855672359466553e-02,1.492455124855041504e+00,-7.578508853912353516e-01
-2.713691629469394684e-02,-1.378593683242797852e+00,6.393005847930908203e-01,-4.081920161843299866e-02,3.300416842103004456e-02,-7.553684711456298828e-01,6.531944870948791504e-01,0.000000000000000000e+00,0.000000000000000000e+00,0.000000000000000000e+00,0.000000000000000000e+00,0.000000000000000000e+00,0.000000000000000000e+00,0.000000000000000000e+00,0.000000000000000000e+00,0.000000000000000000e+00,0.000000000000000000e+00,0.000000000000000000e+00,0.000000000000000000e+00,0.000000000000000000e+00,0.000000000000000000e+00,0.000000000000000000e+00,0.000000000000000000e+00,0.000000000000000000e+00,0.000000000000000000e+00,0.000000000000000000e+00,0.000000000000000000e+00,0.000000000000000000e+00,0.000000000000000000e+00,0.000000000000000000e+00,0.000000000000000000e+00,1.223072335124015808e-01,-6.935764551162719727e-01,-1.554993629455566406e+00,0.000000000000000000e+00,9.796151518821716309e-02,7.099999785423278809e-01,1.279635906219482422e+00,0.000000000000000000e+00,1.545045375823974609e-01,1.621189117431640625e-01,-1.039047092199325562e-01,4.499999880790710449e-01,2.666902244091033936e-01,-1.498835235834121704e-01,5.000000000000000000e-01,7.430341839790344238e-01,-1.800000071525573730e-01,-1.820000052452087402e+00,7.899004817008972168e-01,-9.700000286102294922e-01,-8.794079720973968506e-02,1.453351855278015137e+00,-7.034891843795776367e-01
-2.941173501312732697e-02,-1.405433893203735352e+00,6.520352959632873535e-01,-4.002630710601806641e-02,2.576876431703567505e-02,-7.529546022415161133e-01,6.563484668731689453e-01,0.000000000000000000e+00,0.000000000000000000e+00,0.000000000000000000e+00,0.000000000000000000e+00,0.000000000000000000e+00,0.000000000000000000e+00,0.000000000000000000e+00,0.000000000000000000e+00,0.000000000000000000e+00,0.000000000000000000e+00,0.000000000000000000e+00,0.000000000000000000e+00,0.000000000000000000e+00,0.000000000000000000e+00,0.000000000000000000e+00,0.000000000000000000e+00,0.000000000000000000e+00,0.000000000000000000e+00,0.000000000000000000e+00,0.000000000000000000e+00,0.000000000000000000e+00,0.000000000000000000e+00,0.000000000000000000e+00,0.000000000000000000e+00,4.505451023578643799e-02,-7.099999785423278809e-01,-1.528661727905273438e+00,0.000000000000000000e+00,8.090025931596755981e-02,7.099999785423278809e-01,1.329599618911743164e+00,0.000000000000000000e+00,1.376537233591079712e-01,2.234731912612915039e-01,-1.040657162666320801e-01,4.499999880790710449e-01,2.695855796337127686e-01,-1.518130004405975342e-01,5.000000000000000000e-01,8.042300343513488770e-01,-1.800000071525573730e-01,-1.820000052452087402e+00,7.340632081031799316e-01,-9.700000286102294922e-01,-9.093602001667022705e-02,1.385132908821105957e+00,-6.389454603195190430e-01
-3.150858357548713684e-02,-1.429471254348754883e+00,6.604061126708984375e-01,-3.527569398283958435e-02,2.795537188649177551e-02,-7.473948001861572266e-01,6.628538370132446289e-01,0.000000000000000000e+00,0.000000000000000000e+00,0.000000000000000000e+00,0.000000000000000000e+00,0.000000000000000000e+00,0.000000000000000000e+00,0.000000000000000000e+00,0.000000000000000000e+00,0.000000000000000000e+00,0.000000000000000000e+00,0.000000000000000000e+00,0.000000000000000000e+00,0.000000000000000000e+00,0.000000000000000000e+00,0.000000000000000000e+00,0.000000000000000000e+00,0.000000000000000000e+00,0.000000000000000000e+00,0.000000000000000000e+00,0.000000000000000000e+00,0.000000000000000000e+00,0.000000000000000000e+00,0.000000000000000000e+00,0.000000000000000000e+00,3.810884431004524231e-03,-7.099999785423278809e-01,-1.312155246734619141e+00,0.000000000000000000e+00,6.475166976451873779e-02,7.099999785423278809e-01,1.377310156822204590e+00,0.000000000000000000e+00,1.255926191806793213e-01,2.399999946355819702e-01,-1.124417260289192200e-01,4.499999880790710449e-01,2.508297860622406006e-01,-1.631037592887878418e-01,5.000000000000000000e-01,8.805807828903198242e-01,-1.800000071525573730e-01,-1.820000052452087402e+00,7.066015005111694336e-01,-9.700000286102294922e-01,-8.582282811403274536e-02,1.302107810974121094e+00,-5.951998233795166016e-01
-3.245145455002784729e-02,-1.451761007308959961e+00,6.678088903427124023e-01,-3.289319574832916260e-02,4.076543822884559631e-02,-7.471041083335876465e-01,6.626399159431457520e-01,0.000000000000000000e+00,0.000000000000000000e+00,0.000000000000000000e+00,0.000000000000000000e+00,0.000000000000000000e+00,0.000000000000000000e+00,0.000000000000000000e+00,0.000000000000000000e+00,0.000000000000000000e+00,0.000000000000000000e+00,0.000000000000000000e+00,0.000000000000000000e+00,0.000000000000000000e+00,0.000000000000000000e+00,0.000000000000000000e+00,0.000000000000000000e+00,0.000000000000000000e+00,0.000000000000000000e+00,0.000000000000000000e+00,0.000000000000000000e+00,0.000000000000000000e+00,0.000000000000000000e+00,0.000000000000000000e+00,0.000000000000000000e+00,1.634726673364639282e-02,-7.099999785423278809e-01,-1.007441282272338867e+00,0.000000000000000000e+00,5.665514990687370300e-02,7.099999785423278809e-01,1.298388123512268066e+00,0.000000000000000000e+00,1.172742322087287903e-01,2.399999946355819702e-01,-8.613447844982147217e-02,4.499999880790710449e-01,2.073580324649810791e-01,-1.962945759296417236e-01,5.000000000000000000e-01,9.226412773132324219e-01,-1.800000071525573730e-01,-1.805210232734680176e+00,6.858999133110046387e-01,-9.700000286102294922e-01,-7.414913177490234375e-02,1.234984517097473145e+00,-6.038678288459777832e-01
-2.938207797706127167e-02,-1.475832462310791016e+00,6.744007468223571777e-01,-3.979568928480148315e-02,5.621788278222084045e-02,-7.582523822784423828e-01,6.483125686645507812e-01,0.000000000000000000e+00,0.000000000000000000e+00,0.000000000000000000e+00,0.000000000000000000e+00,0.000000000000000000e+00,0.000000000000000000e+00,0.000000000000000000e+00,0.000000000000000000e+00,0.000000000000000000e+00,0.000000000000000000e+00,0.000000000000000000e+00,0.000000000000000000e+00,0.000000000000000000e+00,0.000000000000000000e+00,0.000000000000000000e+00,0.000000000000000000e+00,0.000000000000000000e+00,0.000000000000000000e+00,0.000000000000000000e+00,0.000000000000000000e+00,0.000000000000000000e+00,0.000000000000000000e+00,0.000000000000000000e+00,0.000000000000000000e+00,8.298000693321228027e-02,-7.099999785423278809e-01,-7.601271867752075195e-01,0.000000000000000000e+00,7.019209861755371094e-02,7.099999785423278809e-01,1.109994411468505859e+00,0.000000000000000000e+00,1.067787259817123413e-01,2.399999946355819702e-01,-1.101987995207309723e-02,4.499999880790710449e-01,1.511579751968383789e-01,-2.439673393964767456e-01,5.000000000000000000e-01,9.380336999893188477e-01,-1.788468807935714722e-01,-1.719384908676147461e+00,6.256406307220458984e-01,-9.700000286102294922e-01,-5.115911364555358887e-02,1.257789254188537598e+00,-8.241026401519775391e-01
-2.631971053779125214e-02,-1.502807378768920898e+00,6.766954660415649414e-01,-5.391108244657516479e-02,7.103686779737472534e-02,-7.671290636062622070e-01,6.352640390396118164e-01,0.000000000000000000e+00,0.000000000000000000e+00,0.000000000000000000e+00,0.000000000000000000e+00,0.000000000000000000e+00,0.000000000000000000e+00,0.000000000000000000e+00,0.000000000000000000e+00,0.000000000000000000e+00,0.000000000000000000e+00,0.000000000000000000e+00,0.000000000000000000e+00,0.000000000000000000e+00,0.000000000000000000e+00,0.000000000000000000e+00,0.000000000000000000e+00,0.000000000000000000e+00,0.000000000000000000e+00,0.000000000000000000e+00,0.000000000000000000e+00,0.000000000000000000e+00,0.000000000000000000e+00,0.000000000000000000e+00,0.000000000000000000e+00,1.497099101543426514e-01,-7.099999785423278809e-01,-7.613298892974853516e-01,0.000000000000000000e+00,9.240259230136871338e-02,7.099999785423278809e-01,9.062455892562866211e-01,0.000000000000000000e+00,9.136140346527099609e-02,2.399999946355819702e-01,5.539954826235771179e-02,4.499999880790710449e-01,1.115196719765663147e-01,-2.591023743152618408e-01,5.000000000000000000e-01,9.628430604934692383e-01,-1.430947333574295044e-01,-1.646629333496093750e+00,6.015788316726684570e-01,-9.700000286102294922e-01,1.041764207184314728e-02,1.500791072845458984e+00,-1.360950827598571777e+00
-2.998585812747478485e-02,-1.530637383460998535e+00,6.764753460884094238e-01,-6.576634943485260010e-02,8.775839954614639282e-02,-7.567325234413146973e-01,6.444603204727172852e-01,0.000000000000000000e+00,0.000000000000000000e+00,0.000000000000000000e+00,0.000000000000000000e+00,0.000000000000000000e+00,0.000000000000000000e+00,0.000000000000000000e+00,0.000000000000000000e+00,0.000000000000000000e+00,0.000000000000000000e+00,0.000000000000000000e+00,0.000000000000000000e+00,0.000000000000000000e+00,0.000000000000000000e+00,0.000000000000000000e+00,0.000000000000000000e+00,0.000000000000000000e+00,0.000000000000000000e+00,0.000000000000000000e+00,0.000000000000000000e+00,0.000000000000000000e+00,0.000000000000000000e+00,0.000000000000000000e+00,0.000000000000000000e+00,1.653243005275726318e-01,-7.097742557525634766e-01,-8.872448801994323730e-01,0.000000000000000000e+00,1.047729849815368652e-01,7.099999785423278809e-01,7.604430317878723145e-01,0.000000000000000000e+00,8.506529033184051514e-02,2.082125693559646606e-01,6.292512267827987671e-02,4.499999880790710449e-01,8.841915428638458252e-02,-2.592823207378387451e-01,5.000000000000000000e-01,9.700000286102294922e-01,-6.931364536285400391e-02,-1.527046322822570801e+00,5.773975849151611328e-01,-9.570222496986389160e-01,1.159705519676208496e-01,1.699193000793457031e+00,-1.490000009536743164e+00
-3.379896283149719238e-02,-1.554146170616149902e+00,6.775280833244323730e-01,-6.509507447481155396e-02,7.350832223892211914e-02,-7.511327862739562988e-01,6.528083086013793945e-01,0.000000000000000000e+00,0.000000000000000000e+00,0.000000000000000000e+00,0.000000000000000000e+00,0.000000000000000000e+00,0.000000000000000000e+00,0.000000000000000000e+00,0.000000000000000000e+00,0.000000000000000000e+00,0.000000000000000000e+00,0.000000000000000000e+00,0.000000000000000000e+00,0.000000000000000000e+00,0.000000000000000000e+00,0.000000000000000000e+00,0.000000000000000000e+00,0.000000000000000000e+00,0.000000000000000000e+00,0.000000000000000000e+00,0.000000000000000000e+00,0.000000000000000000e+00,0.000000000000000000e+00,0.000000000000000000e+00,0.000000000000000000e+00,1.501172035932540894e-01,-6.596722006797790527e-01,-9.233253002166748047e-01,0.000000000000000000e+00,1.005872786045074463e-01,7.099999785423278809e-01,7.758718729019165039e-01,0.000000000000000000e+00,4.756754636764526367e-02,1.816536337137222290e-01,8.782914280891418457e-02,4.499999880790710449e-01,7.860035449266433716e-02,-2.871052920818328857e-01,5.000000000000000000e-01,9.700000286102294922e-01,-1.521733123809099197e-02,-1.367223978042602539e+00,5.074860453605651855e-01,-8.393179178237915039e-01,1.448132991790771484e-01,1.820000052452087402e+00,-1.490000009536743164e+00
-3.837754949927330017e-02,-1.571445465087890625e+00,6.795428991317749023e-01,-3.971702978014945984e-02,5.251578986644744873e-02,-7.494628429412841797e-01,6.587640643119812012e-01,0.000000000000000000e+00,0.000000000000000000e+00,0.000000000000000000e+00,0.000000000000000000e+00,0.000000000000000000e+00,0.000000000000000000e+00,0.000000000000000000e+00,0.000000000000000000e+00,0.000000000000000000e+00,0.000000000000000000e+00,0.000000000000000000e+00,0.000000000000000000e+00,0.000000000000000000e+00,0.000000000000000000e+00,0.000000000000000000e+00,0.000000000000000000e+00,0.000000000000000000e+00,0.000000000000000000e+00,0.000000000000000000e+00,0.000000000000000000e+00,0.000000000000000000e+00,0.000000000000000000e+00,0.000000000000000000e+00,0.000000000000000000e+00,9.781042486429214478e-02,-5.987312197685241699e-01,-9.169270992279052734e-01,0.000000000000000000e+00,5.891680717468261719e-02,7.099999785423278809e-01,9.016164541244506836e-01,0.000000000000000000e+00,-1.245079468935728073e-02,1.380819380283355713e-01,1.166723743081092834e-01,4.499999880790710449e-01,7.679601758718490601e-02,-3.245818614959716797e-01,5.000000000000000000e-01,9.700000286102294922e-01,1.107922941446304321e-02,-1.223910570144653320e+00,4.261998534202575684e-01,-6.151821017265319824e-01,9.668215364217758179e-02,1.820000052452087402e+00,-1.260592460632324219e+00
-4.504081234335899353e-02,-1.590728163719177246e+00,6.791044473648071289e-01,-8.498611859977245331e-03,6.313791871070861816e-02,-7.470533847808837891e-01,6.617043614387512207e-01,0.000000000000000000e+00,0.000000000000000000e+00,0.000000000000000000e+00,0.000000000000000000e+00,0.000000000000000000e+00,0.000000000000000000e+00,0.000000000000000000e+00,0.000000000000000000e+00,0.000000000000000000e+00,0.000000000000000000e+00,0.000000000000000000e+00,0.000000000000000000e+00,0.000000000000000000e+00,0.000000000000000000e+00,0.000000000000000000e+00,0.000000000000000000e+00,0.000000000000000000e+00,0.000000000000000000e+00,0.000000000000000000e+00,0.000000000000000000e+00,0.000000000000000000e+00,0.000000000000000000e+00,0.000000000000000000e+00,0.000000000000000000e+00,7.830464839935302734e-02,-5.660523772239685059e-01,-8.766439557075500488e-01,0.000000000000000000e+00,3.154346346855163574e-02,7.099999785423278809e-01,9.029616713523864746e-01,0.000000000000000000e+00,-1.362618710845708847e-02,5.370977148413658142e-02,1.355479061603546143e-01,4.499999880790710449e-01,8.993479609489440918e-02,-3.502678275108337402e-01,5.000000000000000000e-01,9.700000286102294922e-01,3.575508249923586845e-03,-1.087796688079833984e+00,3.525762557983398438e-01,-5.863500833511352539e-01,-3.399097546935081482e-02,1.820000052452087402e+00,-6.222171783447265625e-01
-5.667361244559288025e-02,-1.613658070564270020e+00,6.781542301177978516e-01,1.007348857820034027e-02,7.971834391355514526e-02,-7.483449578285217285e-01,6.584248542785644531e-01,0.000000000000000000e+00,0.000000000000000000e+00,0.000000000000000000e+00,0.000000000000000000e+00,0.000000000000000000e+00,0.000000000000000000e+00,0.000000000000000000e+00,0.000000000000000000e+00,0.000000000000000000e+00,0.000000000000000000e+00,0.000000000000000000e+00,0.000000000000000000e+00,0.000000000000000000e+00,0.000000000000000000e+00,0.000000000000000000e+00,0.000000000000000000e+00,0.000000000000000000e+00,0.000000000000000000e+00,0.000000000000000000e+00,0.000000000000000000e+00,0.000000000000000000e+00,0.000000000000000000e+00,0.000000000000000000e+00,0.000000000000000000e+00,8.975149691104888916e-02,-5.473016500473022461e-01,-8.539316058158874512e-01,0.000000000000000000e+00,4.125959798693656921e-02,7.099999785423278809e-01,8.930974602699279785e-01,0.000000000000000000e+00,7.670569233596324921e-03,1.092003658413887024e-03,1.632510721683502197e-01,4.499999880790710449e-01,1.057932227849960327e-01,-3.688256144523620605e-01,5.000000000000000000e-01,9.700000286102294922e-01,2.077758312225341797e-03,-9.766920208930969238e-01,2.958160340785980225e-01,-5.477360486984252930e-01,-4.600615799427032471e-02,1.808151841163635254e+00,-4.037764668464660645e-01
-6.242898106575012207e-02,-1.636519908905029297e+00,6.796131134033203125e-01,1.849842257797718048e-02,8.349686861038208008e-02,-7.483123540878295898e-01,6.578105092048645020e-01,0.000000000000000000e+00,0.000000000000000000e+00,0.000000000000000000e+00,0.000000000000000000e+00,0.000000000000000000e+00,0.000000000000000000e+00,0.000000000000000000e+00,0.000000000000000000e+00,0.000000000000000000e+00,0.000000000000000000e+00,0.000000000000000000e+00,0.000000000000000000e+00,0.000000000000000000e+00,0.000000000000000000e+00,0.000000000000000000e+00,0.000000000000000000e+00,0.000000000000000000e+00,0.000000000000000000e+00,0.000000000000000000e+00,0.000000000000000000e+00,0.000000000000000000e+00,0.000000000000000000e+00,0.000000000000000000e+00,0.000000000000000000e+00,1.072884798049926758e-01,-4.814129471778869629e-01,-8.128851056098937988e-01,0.000000000000000000e+00,5.422721430659294128e-02,6.992834806442260742e-01,9.028810262680053711e-01,0.000000000000000000e+00,1.590380817651748657e-02,8.629571666626811854e-18,1.926094442605972290e-01,4.499999880790710449e-01,9.264270961284637451e-02,-3.994062840938568115e-01,5.000000000000000000e-01,9.700000286102294922e-01,-1.364286523312330246e-03,-8.941031694412231445e-01,2.404574453830718994e-01,-4.059537351131439209e-01,-7.176808081567287445e-03,1.572673916816711426e+00,-3.870516419410705566e-01
-7.093052566051483154e-02,-1.655923247337341309e+00,6.833793520927429199e-01,3.900266811251640320e-02,8.120082318782806396e-02,-7.438681721687316895e-01,6.622275710105895996e-01,0.000000000000000000e+00,0.000000000000000000e+00,0.000000000000000000e+00,0.000000000000000000e+00,0.000000000000000000e+00,0.000000000000000000e+00,0.000000000000000000e+00,0.000000000000000000e+00,0.000000000000000000e+00,0.000000000000000000e+00,0.000000000000000000e+00,0.000000000000000000e+00,0.000000000000000000e+00,0.000000000000000000e+00,0.000000000000000000e+00,0.000000000000000000e+00,0.000000000000000000e+00,0.000000000000000000e+00,0.000000000000000000e+00,0.000000000000000000e+00,0.000000000000000000e+00,0.000000000000000000e+00,0.000000000000000000e+00,0.000000000000000000e+00,9.196951240301132202e-02,-4.445928633213043213e-01,-7.909590005874633789e-01,0.000000000000000000e+00,3.255720064043998718e-02,6.501494050025939941e-01,8.728331923484802246e-01,0.000000000000000000e+00,6.981800310313701630e-03,-2.824007846145837330e-17,2.025772631168365479e-01,4.499999880790710449e-01,8.115936070680618286e-02,-4.308283030986785889e-01,5.000000000000000000e-01,9.700000286102294922e-01,-1.269270200282335281e-02,-8.567535877227783203e-01,2.335108071565628052e-01,-3.620411157608032227e-01,-1.718942821025848389e-02,1.387667298316955566e+00,-3.799736797809600830e-01
-8.046522736549377441e-02,-1.675512313842773438e+00,6.900475025177001953e-01,6.709581613540649414e-02,7.695437967777252197e-02,-7.377489805221557617e-01,6.673099994659423828e-01,0.000000000000000000e+00,0.000000000000000000e+00,0.000000000000000000e+00,0.000000000000000000e+00,0.000000000000000000e+00,0.000000000000000000e+00,0.000000000000000000e+00,0.000000000000000000e+00,0.000000000000000000e+00,0.000000000000000000e+00,0.000000000000000000e+00,0.000000000000000000e+00,0.000000000000000000e+00,0.000000000000000000e+00,0.000000000000000000e+00,0.000000000000000000e+00,0.000000000000000000e+00,0.000000000000000000e+00,0.000000000000000000e+00,0.000000000000000000e+00,0.000000000000000000e+00,0.000000000000000000e+00,0.000000000000000000e+00,0.000000000000000000e+00,6.526912748813629150e-02,-4.636409878730773926e-01,-8.244566917419433594e-01,0.000000000000000000e+00,-4.057047190144658089e-04,6.205520033836364746e-01,8.485549092292785645e-01,0.000000000000000000e+00,-3.392766229808330536e-03,-4.849094216441418581e-17,1.876459568738937378e-01,4.499999880790710449e-01,9.837017953395843506e-02,-4.211157560348510742e-01,5.000000000000000000e-01,9.700000286102294922e-01,-3.810822218656539917e-02,-8.434920310974121094e-01,2.671377956867218018e-01,-4.256635606288909912e-01,-3.124223835766315460e-02,1.418446660041809082e+00,-3.326405882835388184e-01
-9.017979353666305542e-02,-1.694082856178283691e+00,6.956440806388854980e-01,9.198179841041564941e-02,7.157248258590698242e-02,-7.297231554985046387e-01,6.737365126609802246e-01,0.000000000000000000e+00,0.000000000000000000e+00,0.000000000000000000e+00,0.000000000000000000e+00,0.000000000000000000e+00,0.000000000000000000e+00,0.000000000000000000e+00,0.000000000000000000e+00,0.000000000000000000e+00,0.000000000000000000e+00,0.000000000000000000e+00,0.000000000000000000e+00,0.000000000000000000e+00,0.000000000000000000e+00,0.000000000000000000e+00,0.000000000000000000e+00,0.000000000000000000e+00,0.000000000000000000e+00,0.000000000000000000e+00,0.000000000000000000e+00,0.000000000000000000e+00,0.000000000000000000e+00,0.000000000000000000e+00,0.000000000000000000e+00,4.324991628527641296e-02,-5.492363572120666504e-01,-9.469736814498901367e-01,0.000000000000000000e+00,-3.195654973387718201e-02,6.156486272811889648e-01,8.493757247924804688e-01,0.000000000000000000e+00,-1.409685797989368439e-02,9.161508357502512467e-18,1.624210923910140991e-01,4.499999880790710449e-01,1.039716005325317383e-01,-4.065986275672912598e-01,5.000000000000000000e-01,9.700000286102294922e-01,-5.227075517177581787e-02,-8.485245704650878906e-01,3.484833240509033203e-01,-4.690359830856323242e-01,-4.204484075307846069e-02,1.450107216835021973e+00,-3.823354542255401611e-01
-9.870539605617523193e-02,-1.710347294807434082e+00,6.995681524276733398e-01,1.117722168564796448e-01,6.541369855403900146e-02,-7.199422121047973633e-01,6.818439960479736328e-01,0.000000000000000000e+00,0.000000000000000000e+00,0.000000000000000000e+00,0.000000000000000000e+00,0.000000000000000000e+00,0.000000000000000000e+00,0.000000000000000000e+00,0.000000000000000000e+00,0.000000000000000000e+00,0.000000000000000000e+00,0.000000000000000000e+00,0.000000000000000000e+00,0.000000000000000000e+00,0.000000000000000000e+00,0.000000000000000000e+00,0.000000000000000000e+00,0.000000000000000000e+00,0.000000000000000000e+00,0.000000000000000000e+00,0.000000000000000000e+00,0.000000000000000000e+00,0.000000000000000000e+00,0.000000000000000000e+00,0.000000000000000000e+00,2.613199874758720398e-02,-6.634005308151245117e-01,-1.107409238815307617e+00,0.000000000000000000e+00,-6.196120753884315491e-02,6.000373959541320801e-01,8.459985852241516113e-01,0.000000000000000000e+00,-1.877010054886341095e-02,-8.985325504473617997e-18,1.276447325944900513e-01,4.499999880790710449e-01,1.078035011887550354e-01,-3.912472128868103027e-01,5.000000000000000000e-01,9.700000286102294922e-01,-6.835255771875381470e-02,-8.731489181518554688e-01,4.675472676753997803e-01,-5.178568959236145020e-01,-5.014685913920402527e-02,1.482791662216186523e+00,-4.152234196662902832e-01
-1.061186864972114563e-01,-1.725138068199157715e+00,7.030103206634521484e-01,1.284145414829254150e-01,5.616638064384460449e-02,-7.113454341888427734e-01,6.887254714965820312e-01,0.000000000000000000e+00,0.000000000000000000e+00,0.000000000000000000e+00,0.000000000000000000e+00,0.000000000000000000e+00,0.000000000000000000e+00,0.000000000000000000e+00,0.000000000000000000e+00,0.000000000000000000e+00,0.000000000000000000e+00,0.000000000000000000e+00,0.000000000000000000e+00,0.000000000000000000e+00,0.000000000000000000e+00,0.000000000000000000e+00,0.000000000000000000e+00,0.000000000000000000e+00,0.000000000000000000e+00,0.000000000000000000e+00,0.000000000000000000e+00,0.000000000000000000e+00,0.000000000000000000e+00,0.000000000000000000e+00,0.000000000000000000e+00,8.718625642359256744e-03,-7.099999785423278809e-01,-1.211426734924316406e+00,0.000000000000000000e+00,-8.957517892122268677e-02,5.712751746177673340e-01,8.443543314933776855e-01,0.000000000000000000e+00,-2.517754398286342621e-02,5.979859270155429840e-05,9.732013195753097534e-02,4.499999880790710449e-01,1.148581057786941528e-01,-3.847848176956176758e-01,5.000000000000000000e-01,9.700000286102294922e-01,-9.052692353725433350e-02,-9.588385820388793945e-01,6.614906191825866699e-01,-5.645071864128112793e-01,-6.767237931489944458e-02,1.502428054809570312e+00,-4.356707632541656494e-01
-1.121476888656616211e-01,-1.738330960273742676e+00,7.029203772544860840e-01,1.371687352657318115e-01,4.207945242524147034e-02,-7.048399448394775391e-01,6.947047710418701172e-01,0.000000000000000000e+00,0.000000000000000000e+00,0.000000000000000000e+00,0.000000000000000000e+00,0.000000000000000000e+00,0.000000000000000000e+00,0.000000000000000000e+00,0.000000000000000000e+00,0.000000000000000000e+00,0.000000000000000000e+00,0.000000000000000000e+00,0.000000000000000000e+00,0.000000000000000000e+00,0.000000000000000000e+00,0.000000000000000000e+00,0.000000000000000000e+00,0.000000000000000000e+00,0.000000000000000000e+00,0.000000000000000000e+00,0.000000000000000000e+00,0.000000000000000000e+00,0.000000000000000000e+00,0.000000000000000000e+00,0.000000000000000000e+00,-1.529902685433626175e-02,-7.099999785423278809e-01,-1.243621826171875000e+00,0.000000000000000000e+00,-1.187452971935272217e-01,5.203501582145690918e-01,8.450366258621215820e-01,0.000000000000000000e+00,-3.419530391693115234e-02,7.091284263879060745e-03,7.969700545072555542e-02,4.499999880790710449e-01,1.201939284801483154e-01,-3.992145657539367676e-01,5.000000000000000000e-01,9.700000286102294922e-01,-9.876885265111923218e-02,-1.146460533142089844e+00,9.695292115211486816e-01,-6.719350218772888184e-01,-8.118976652622222900e-02,1.577918648719787598e+00,-4.675136804580688477e-01
-1.157795414328575134e-01,-1.752546787261962891e+00,7.028048634529113770e-01,1.425489783287048340e-01,3.025749884545803070e-02,-7.023528814315795898e-01,6.967530250549316406e-01,0.000000000000000000e+00,0.000000000000000000e+00,0.000000000000000000e+00,0.000000000000000000e+00,0.000000000000000000e+00,0.000000000000000000e+00,0.000000000000000000e+00,0.000000000000000000e+00,0.000000000000000000e+00,0.000000000000000000e+00,0.000000000000000000e+00,0.000000000000000000e+00,0.000000000000000000e+00,0.000000000000000000e+00,0.000000000000000000e+00,0.000000000000000000e+00,0.000000000000000000e+00,0.000000000000000000e+00,0.000000000000000000e+00,0.000000000000000000e+00,0.000000000000000000e+00,0.000000000000000000e+00,0.000000000000000000e+00,0.000000000000000000e+00,-4.111796244978904724e-02,-7.099999785423278809e-01,-1.173195123672485352e+00,0.000000000000000000e+00,-1.338514089584350586e-01,4.723603725433349609e-01,8.293328881263732910e-01,0.000000000000000000e+00,-4.309184849262237549e-02,1.899484731256961823e-02,6.935491412878036499e-02,4.499999880790710449e-01,1.303313225507736206e-01,-3.995939493179321289e-01,5.000000000000000000e-01,9.700000286102294922e-01,-1.178409680724143982e-01,-1.362024903297424316e+00,1.255411982536315918e+00,-7.155399918556213379e-01,-9.247893840074539185e-02,1.592568159103393555e+00,-5.057506561279296875e-01
-1.183087378740310669e-01,-1.766931176185607910e+00,7.023053765296936035e-01,1.537120491266250610e-01,2.402669936418533325e-02,-7.019806504249572754e-01,6.949952840805053711e-01,0.000000000000000000e+00,0.000000000000000000e+00,0.000000000000000000e+00,0.000000000000000000e+00,0.000000000000000000e+00,0.000000000000000000e+00,0.000000000000000000e+00,0.000000000000000000e+00,0.000000000000000000e+00,0.000000000000000000e+00,0.000000000000000000e+00,0.000000000000000000e+00,0.000000000000000000e+00,0.000000000000000000e+00,0.000000000000000000e+00,0.000000000000000000e+00,0.000000000000000000e+00,0.000000000000000000e+00,0.000000000000000000e+00,0.000000000000000000e+00,0.000000000000000000e+00,0.000000000000000000e+00,0.000000000000000000e+00,0.000000000000000000e+00,-8.014048635959625244e-02,-7.099999785423278809e-01,-1.031614780426025391e+00,0.000000000000000000e+00,-1.467938870191574097e-01,4.370078444480895996e-01,8.047783970832824707e-01,0.000000000000000000e+00,-5.785543471574783325e-02,5.114830099046230316e-03,5.682527273893356323e-02,4.499999880790710449e-01,1.587064266204833984e-01,-3.674353957176208496e-01,5.000000000000000000e-01,9.700000286102294922e-01,-1.427949965000152588e-01,-1.571615099906921387e+00,1.490000009536743164e+00,-7.711904048919677734e-01,-1.100028529763221741e-01,1.607204198837280273e+00,-5.339624285697937012e-01
-1.191115602850914001e-01,-1.781736254692077637e+00,7.021886706352233887e-01,1.605698168277740479e-01,1.542585808783769608e-02,-7.049492001533508301e-01,6.906706690788269043e-01,0.000000000000000000e+00,0.000000000000000000e+00,0.000000000000000000e+00,0.000000000000000000e+00,0.000000000000000000e+00,0.000000000000000000e+00,0.000000000000000000e+00,0.000000000000000000e+00,0.000000000000000000e+00,0.000000000000000000e+00,0.000000000000000000e+00,0.000000000000000000e+00,0.000000000000000000e+00,0.000000000000000000e+00,0.000000000000000000e+00,0.000000000000000000e+00,0.000000000000000000e+00,0.000000000000000000e+00,0.000000000000000000e+00,0.000000000000000000e+00,0.000000000000000000e+00,0.000000000000000000e+00,0.000000000000000000e+00,0.000000000000000000e+00,-1.195087581872940063e-01,-7.099999785423278809e-01,-8.902383446693420410e-01,0.000000000000000000e+00,-1.590538322925567627e-01,4.072599411010742188e-01,7.889540195465087891e-01,0.000000000000000000e+00,-7.434271275997161865e-02,2.431079279631376266e-03,4.883816093206405640e-02,4.499999880790710449e-01,1.950684934854507446e-01,-3.176430761814117432e-01,5.000000000000000000e-01,9.678838849067687988e-01,-1.639482378959655762e-01,-1.756226181983947754e+00,1.490000009536743164e+00,-8.270308971405029297e-01,-1.325024217367172241e-01,1.620378851890563965e+00,-5.479904413223266602e-01
-1.192656755447387695e-01,-1.794183373451232910e+00,7.051590085029602051e-01,1.618623882532119751e-01,1.669277809560298920e-02,-7.065265178680419922e-01,6.887250542640686035e-01,0.000000000000000000e+00,0.000000000000000000e+00,0.000000000000000000e+00,0.000000000000000000e+00,0.000000000000000000e+00,0.000000000000000000e+00,0.000000000000000000e+00,0.000000000000000000e+00,0.000000000000000000e+00,0.000000000000000000e+00,0.000000000000000000e+00,0.000000000000000000e+00,0.000000000000000000e+00,0.000000000000000000e+00,0.000000000000000000e+00,0.000000000000000000e+00,0.000000000000000000e+00,0.000000000000000000e+00,0.000000000000000000e+00,0.000000000000000000e+00,0.000000000000000000e+00,0.000000000000000000e+00,0.000000000000000000e+00,0.000000000000000000e+00,-1.450259983539581299e-01,-7.099999785423278809e-01,-7.776533961296081543e-01,0.000000000000000000e+00,-1.568320393562316895e-01,3.911096155643463135e-01,7.793382406234741211e-01,0.000000000000000000e+00,-6.618801504373550415e-02,1.300119947700295597e-05,4.176777973771095276e-02,4.499999880790710449e-01,2.364545762538909912e-01,-2.673209607601165771e-01,5.000000000000000000e-01,8.512449860572814941e-01,-1.799397319555282593e-01,-1.820000052452087402e+00,1.436827898025512695e+00,-8.357003927230834961e-01,-1.643079966306686401e-01,1.582035660743713379e+00,-5.369492769241333008e-01
-1.184292510151863098e-01,-1.805327892303466797e+00,7.041770219802856445e-01,1.535460650920867920e-01,2.197569794952869415e-02,-7.064095735549926758e-01,6.905984282493591309e-01,0.000000000000000000e+00,0.000000000000000000e+00,0.000000000000000000e+00,0.000000000000000000e+00,0.000000000000000000e+00,0.000000000000000000e+00,0.000000000000000000e+00,0.000000000000000000e+00,0.000000000000000000e+00,0.000000000000000000e+00,0.000000000000000000e+00,0.000000000000000000e+00,0.000000000000000000e+00,0.000000000000000000e+00,0.000000000000000000e+00,0.000000000000000000e+00,0.000000000000000000e+00,0.000000000000000000e+00,0.000000000000000000e+00,0.000000000000000000e+00,0.000000000000000000e+00,0.000000000000000000e+00,0.000000000000000000e+00,0.000000000000000000e+00,-1.574579477310180664e-01,-7.099980711936950684e-01,-7.237045764923095703e-01,0.000000000000000000e+00,-1.438020169734954834e-01,3.702411353588104248e-01,7.850816845893859863e-01,0.000000000000000000e+00,-4.719611257314682007e-02,6.259256351073827496e-14,3.360240161418914795e-02,4.499999880790710449e-01,2.412974536418914795e-01,-2.396707832813262939e-01,5.000000000000000000e-01,7.928556799888610840e-01,-1.799999922513961792e-01,-1.820000052452087402e+00,1.142451524734497070e+00,-9.190647006034851074e-01,-1.726211607456207275e-01,1.630019068717956543e+00,-5.375412702560424805e-01
-1.150236204266548157e-01,-1.815211057662963867e+00,7.028315663337707520e-01,1.419727802276611328e-01,3.889450803399085999e-02,-7.113890647888183594e-01,6.872092485427856445e-01,0.000000000000000000e+00,0.000000000000000000e+00,0.000000000000000000e+00,0.000000000000000000e+00,0.000000000000000000e+00,0.000000000000000000e+00,0.000000000000000000e+00,0.000000000000000000e+00,0.000000000000000000e+00,0.000000000000000000e+00,0.000000000000000000e+00,0.000000000000000000e+00,0.000000000000000000e+00,0.000000000000000000e+00,0.000000000000000000e+00,0.000000000000000000e+00,0.000000000000000000e+00,0.000000000000000000e+00,0.000000000000000000e+00,0.000000000000000000e+00,0.000000000000000000e+00,0.000000000000000000e+00,0.000000000000000000e+00,0.000000000000000000e+00,-1.385043114423751831e-01,-6.559067964553833008e-01,-6.590945720672607422e-01,0.000000000000000000e+00,-1.113976538181304932e-01,3.583377897739410400e-01,7.845865488052368164e-01,0.000000000000000000e+00,-1.246588677167892456e-02,2.133696834789589047e-04,4.424662515521049500e-02,4.499999880790710449e-01,2.342580109834671021e-01,-2.240435332059860229e-01,5.000000000000000000e-01,7.496842145919799805e-01,-1.800000071525573730e-01,-1.820000052452087402e+00,9.059429764747619629e-01,-9.356528520584106445e-01,-1.669401228427886963e-01,1.621735334396362305e+00,-5.346568226814270020e-01
-1.094059348106384277e-01,-1.825126409530639648e+00,6.990730762481689453e-01,1.210975944995880127e-01,6.481572985649108887e-02,-7.143868207931518555e-01,6.861383318901062012e-01,0.000000000000000000e+00,0.000000000000000000e+00,0.000000000000000000e+00,0.000000000000000000e+00,0.000000000000000000e+00,0.000000000000000000e+00,0.000000000000000000e+00,0.000000000000000000e+00,0.000000000000000000e+00,0.000000000000000000e+00,0.000000000000000000e+00,0.000000000000000000e+00,0.000000000000000000e+00,0.000000000000000000e+00,0.000000000000000000e+00,0.000000000000000000e+00,0.000000000000000000e+00,0.000000000000000000e+00,0.000000000000000000e+00,0.000000000000000000e+00,0.000000000000000000e+00,0.000000000000000000e+00,0.000000000000000000e+00,0.000000000000000000e+00,-8.121883124113082886e-02,-5.677683353424072266e-01,-6.233792901039123535e-01,0.000000000000000000e+00,-5.848431214690208435e-02,3.291326761245727539e-01,7.702391147613525391e-01,0.000000000000000000e+00,3.988971933722496033e-02,1.063082483597099781e-03,5.133446305990219116e-02,4.499999880790710449e-01,2.202394455671310425e-01,-2.141018062829971313e-01,5.000000000000000000e-01,7.354828119277954102e-01,-1.800000071525573730e-01,-1.820000052452087402e+00,8.718115687370300293e-01,-9.512499570846557617e-01,-1.495704799890518188e-01,1.606269717216491699e+00,-5.143390893936157227e-01
-1.041143015027046204e-01,-1.834427118301391602e+00,6.979551315307617188e-01,1.147363334894180298e-01,7.930783182382583618e-02,-7.162481546401977539e-01,6.837648749351501465e-01,0.000000000000000000e+00,0.000000000000000000e+00,0.000000000000000000e+00,0.000000000000000000e+00,0.000000000000000000e+00,0.000000000000000000e+00,0.000000000000000000e+00,0.000000000000000000e+00,0.000000000000000000e+00,0.000000000000000000e+00,0.000000000000000000e+00,0.000000000000000000e+00,0.000000000000000000e+00,0.000000000000000000e+00,0.000000000000000000e+00,0.000000000000000000e+00,0.000000000000000000e+00,0.000000000000000000e+00,0.000000000000000000e+00,0.000000000000000000e+00,0.000000000000000000e+00,0.000000000000000000e+00,0.000000000000000000e+00,0.000000000000000000e+00,-5.250689014792442322e-02,-5.507432818412780762e-01,-6.223428249359130859e-01,0.000000000000000000e+00,-3.851207345724105835e-02,3.075129389762878418e-01,7.544962763786315918e-01,0.000000000000000000e+00,5.474454537034034729e-02,1.597883179783821106e-03,5.557030066847801208e-02,4.499999880790710449e-01,2.098928838968276978e-01,-2.107284814119338989e-01,5.000000000000000000e-01,7.629168629646301270e-01,-1.800000071525573730e-01,-1.820000052452087402e+00,9.435643553733825684e-01,-9.650331735610961914e-01,-1.552357524633407593e-01,1.593839049339294434e+00,-4.846135079860687256e-01
-1.007608696818351746e-01,-1.843995213508605957e+00,6.999833583831787109e-01,1.169461905956268311e-01,9.017136693000793457e-02,-7.156892418861389160e-01,6.826284527778625488e-01,0.000000000000000000e+00,0.000000000000000000e+00,0.000000000000000000e+00,0.000000000000000000e+00,0.000000000000000000e+00,0.000000000000000000e+00,0.000000000000000000e+00,0.000000000000000000e+00,0.000000000000000000e+00,0.000000000000000000e+00,0.000000000000000000e+00,0.000000000000000000e+00,0.000000000000000000e+00,0.000000000000000000e+00,0.000000000000000000e+00,0.000000000000000000e+00,0.000000000000000000e+00,0.000000000000000000e+00,0.000000000000000000e+00,0.000000000000000000e+00,0.000000000000000000e+00,0.000000000000000000e+00,0.000000000000000000e+00,0.000000000000000000e+00,-4.831658676266670227e-02,-5.376982092857360840e-01,-6.169712543487548828e-01,0.000000000000000000e+00,-3.426079824566841125e-02,3.011740148067474365e-01,7.473514676094055176e-01,0.000000000000000000e+00,5.497536063194274902e-02,2.075821626931428909e-03,5.246407166123390198e-02,4.499999880790710449e-01,2.106102555990219116e-01,-2.038927525281906128e-01,5.000000000000000000e-01,8.143190145492553711e-01,-1.800000071525573730e-01,-1.820000052452087402e+00,9.151414632797241211e-01,-9.700000286102294922e-01,-1.670381128787994385e-01,1.588244080543518066e+00,-4.713304638862609863e-01
-9.735246747732162476e-02,-1.853864312171936035e+00,7.023603916168212891e-01,1.199958771467208862e-01,1.015896946191787720e-01,-7.151982784271240234e-01,6.810080409049987793e-01,0.000000000000000000e+00,0.000000000000000000e+00,0.000000000000000000e+00,0.000000000000000000e+00,0.000000000000000000e+00,0.000000000000000000e+00,0.000000000000000000e+00,0.000000000000000000e+00,0.000000000000000000e+00,0.000000000000000000e+00,0.000000000000000000e+00,0.000000000000000000e+00,0.000000000000000000e+00,0.000000000000000000e+00,0.000000000000000000e+00,0.000000000000000000e+00,0.000000000000000000e+00,0.000000000000000000e+00,0.000000000000000000e+00,0.000000000000000000e+00,0.000000000000000000e+00,0.000000000000000000e+00,0.000000000000000000e+00,0.000000000000000000e+00,-4.789085686206817627e-02,-5.243073105812072754e-01,-6.096790432929992676e-01,0.000000000000000000e+00,-3.250427544116973877e-02,2.993621826171875000e-01,7.396161556243896484e-01,0.000000000000000000e+00,5.583183094859123230e-02,2.569701755419373512e-03,5.628338456153869629e-02,4.499999880790710449e-01,2.030755132436752319e-01,-2.102432548999786377e-01,5.000000000000000000e-01,8.611554503440856934e-01,-1.800000071525573730e-01,-1.820000052452087402e+00,8.609791994094848633e-01,-9.700000286102294922e-01,-1.700291484594345093e-01,1.584675431251525879e+00,-4.774199426174163818e-01
-9.369187057018280029e-02,-1.863995313644409180e+00,7.041575908660888672e-01,1.167079135775566101e-01,1.092520430684089661e-01,-7.168440818786621094e-01,6.786588430404663086e-01,0.000000000000000000e+00,0.000000000000000000e+00,0.000000000000000000e+00,0.000000000000000000e+00,0.000000000000000000e+00,0.000000000000000000e+00,0.000000000000000000e+00,0.000000000000000000e+00,0.000000000000000000e+00,0.000000000000000000e+00,0.000000000000000000e+00,0.000000000000000000e+00,0.000000000000000000e+00,0.000000000000000000e+00,0.000000000000000000e+00,0.000000000000000000e+00,0.000000000000000000e+00,0.000000000000000000e+00,0.000000000000000000e+00,0.000000000000000000e+00,0.000000000000000000e+00,0.000000000000000000e+00,0.000000000000000000e+00,0.000000000000000000e+00,-3.779528662562370300e-02,-4.955544173717498779e-01,-5.979783535003662109e-01,0.000000000000000000e+00,-2.866751700639724731e-02,2.962943613529205322e-01,7.415713667869567871e-01,0.000000000000000000e+00,5.958138406276702881e-02,1.790764369070529938e-02,6.127982586622238159e-02,4.499999880790710449e-01,2.001423537731170654e-01,-2.133137434720993042e-01,5.000000000000000000e-01,8.911496996879577637e-01,-1.800000071525573730e-01,-1.820000052452087402e+00,8.337554335594177246e-01,-9.700000286102294922e-01,-1.651985049247741699e-01,1.580794692039489746e+00,-4.908274412155151367e-01
-9.011960029602050781e-02,-1.874161481857299805e+00,7.057098150253295898e-01,1.107533425092697144e-01,1.151888668537139893e-01,-7.178929448127746582e-01,6.775654554367065430e-01,0.000000000000000000e+00,0.000000000000000000e+00,0.000000000000000000e+00,0.000000000000000000e+00,0.000000000000000000e+00,0.000000000000000000e+00,0.000000000000000000e+00,0.000000000000000000e+00,0.000000000000000000e+00,0.000000000000000000e+00,0.000000000000000000e+00,0.000000000000000000e+00,0.000000000000000000e+00,0.000000000000000000e+00,0.000000000000000000e+00,0.000000000000000000e+00,0.000000000000000000e+00,0.000000000000000000e+00,0.000000000000000000e+00,0.000000000000000000e+00,0.000000000000000000e+00,0.000000000000000000e+00,0.000000000000000000e+00,0.000000000000000000e+00,-2.548350580036640167e-02,-4.674776196479797363e-01,-5.924565196037292480e-01,0.000000000000000000e+00,-2.206359244883060455e-02,3.097552061080932617e-01,7.767142057418823242e-01,0.000000000000000000e+00,6.751355528831481934e-02,3.644346073269844055e-02,5.872168764472007751e-02,4.499999880790710449e-01,2.039615064859390259e-01,-2.072349339723587036e-01,5.000000000000000000e-01,9.114601612091064453e-01,-1.800000071525573730e-01,-1.820000052452087402e+00,8.283677697181701660e-01,-9.700000286102294922e-01,-1.661519110202789307e-01,1.573664903640747070e+00,-5.040490627288818359e-01
-8.654467016458511353e-02,-1.883876323699951172e+00,7.062183618545532227e-01,9.499622136354446411e-02,1.185930445790290833e-01,-7.185565233230590820e-01,6.786662936210632324e-01,0.000000000000000000e+00,0.000000000000000000e+00,0.000000000000000000e+00,0.000000000000000000e+00,0.000000000000000000e+00,0.000000000000000000e+00,0.000000000000000000e+00,0.000000000000000000e+00,0.000000000000000000e+00,0.000000000000000000e+00,0.000000000000000000e+00,0.000000000000000000e+00,0.000000000000000000e+00,0.000000000000000000e+00,0.000000000000000000e+00,0.000000000000000000e+00,0.000000000000000000e+00,0.000000000000000000e+00,0.000000000000000000e+00,0.000000000000000000e+00,0.000000000000000000e+00,0.000000000000000000e+00,0.000000000000000000e+00,0.000000000000000000e+00,-1.273738918825984001e-03,-4.277538955211639404e-01,-5.989167690277099609e-01,0.000000000000000000e+00,-3.922609612345695496e-03,3.455283641815185547e-01,8.631371259689331055e-01,0.000000000000000000e+00,8.697810024023056030e-02,7.162035256624221802e-02,5.249949544668197632e-02,4.499999880790710449e-01,1.975867450237274170e-01,-2.108003497123718262e-01,5.000000000000000000e-01,9.169896245002746582e-01,-1.800000071525573730e-01,-1.820000052452087402e+00,8.454238176345825195e-01,-9.700000286102294922e-01,-1.729623675346374512e-01,1.562803387641906738e+00,-5.049846768379211426e-01
-8.338411152362823486e-02,-1.892312645912170410e+00,7.063469290733337402e-01,8.267252892255783081e-02,1.255750954151153564e-01,-7.179554104804992676e-01,6.796588301658630371e-01,0.000000000000000000e+00,0.000000000000000000e+00,0.000000000000000000e+00,0.000000000000000000e+00,0.000000000000000000e+00,0.000000000000000000e+00,0.000000000000000000e+00,0.000000000000000000e+00,0.000000000000000000e+00,0.000000000000000000e+00,0.000000000000000000e+00,0.000000000000000000e+00,0.000000000000000000e+00,0.000000000000000000e+00,0.000000000000000000e+00,0.000000000000000000e+00,0.000000000000000000e+00,0.000000000000000000e+00,0.000000000000000000e+00,0.000000000000000000e+00,0.000000000000000000e+00,0.000000000000000000e+00,0.000000000000000000e+00,0.000000000000000000e+00,2.412265166640281677e-02,-4.046355187892913818e-01,-6.096887588500976562e-01,0.000000000000000000e+00,1.704238541424274445e-02,4.348806738853454590e-01,9.905644655227661133e-01,0.000000000000000000e+00,1.082718297839164734e-01,9.081290662288665771e-02,4.537118971347808838e-02,4.499999880790710449e-01,1.880454570055007935e-01,-2.179559320211410522e-01,5.000000000000000000e-01,9.255859851837158203e-01,-1.800000071525573730e-01,-1.820000052452087402e+00,8.696073293685913086e-01,-9.700000286102294922e-01,-1.791705936193466187e-01,1.545814871788024902e+00,-5.044243335723876953e-01
-8.093458414077758789e-02,-1.899710655212402344e+00,7.055835127830505371e-01,7.310315221548080444e-02,1.332721412181854248e-01,-7.181720733642578125e-01,6.790606379508972168e-01,0.000000000000000000e+00,0.000000000000000000e+00,0.000000000000000000e+00,0.000000000000000000e+00,0.000000000000000000e+00,0.000000000000000000e+00,0.000000000000000000e+00,0.000000000000000000e+00,0.000000000000000000e+00,0.000000000000000000e+00,0.000000000000000000e+00,0.000000000000000000e+00,0.000000000000000000e+00,0.000000000000000000e+00,0.000000000000000000e+00,0.000000000000000000e+00,0.000000000000000000e+00,0.000000000000000000e+00,0.000000000000000000e+00,0.000000000000000000e+00,0.000000000000000000e+00,0.000000000000000000e+00,0.000000000000000000e+00,0.000000000000000000e+00,5.018381029367446899e-02,-3.811241686344146729e-01,-6.122358441352844238e-01,0.000000000000000000e+00,3.470902517437934875e-02,5.606669187545776367e-01,1.130813837051391602e+00,0.000000000000000000e+00,1.264489144086837769e-01,1.000876724720001221e-01,4.475895315408706665e-02,4.499999880790710449e-01,1.668503731489181519e-01,-2.362771779298782349e-01,5.000000000000000000e-01,9.394081234931945801e-01,-1.800000071525573730e-01,-1.820000052452087402e+00,8.890348076820373535e-01,-9.700000286102294922e-01,-1.747086495161056519e-01,1.520534396171569824e+00,-4.974593222141265869e-01
-7.885553687810897827e-02,-1.906204342842102051e+00,7.050901651382446289e-01,6.548890471458435059e-02,1.461081951856613159e-01,-7.163691520690917969e-01,6.791014671325683594e-01,0.000000000000000000e+00,0.000000000000000000e+00,0.000000000000000000e+00,0.000000000000000000e+00,0.000000000000000000e+00,0.000000000000000000e+00,0.000000000000000000e+00,0.000000000000000000e+00,0.000000000000000000e+00,0.000000000000000000e+00,0.000000000000000000e+00,0.000000000000000000e+00,0.000000000000000000e+00,0.000000000000000000e+00,0.000000000000000000e+00,0.000000000000000000e+00,0.000000000000000000e+00,0.000000000000000000e+00,0.000000000000000000e+00,0.000000000000000000e+00,0.000000000000000000e+00,0.000000000000000000e+00,0.000000000000000000e+00,0.000000000000000000e+00,8.154284209012985229e-02,-3.645432293415069580e-01,-6.070156097412109375e-01,0.000000000000000000e+00,7.046022266149520874e-02,7.054369449615478516e-01,1.269450664520263672e+00,0.000000000000000000e+00,1.478590816259384155e-01,9.336186200380325317e-02,4.499318078160285950e-02,4.499999880790710449e-01,1.460987925529479980e-01,-2.541998922824859619e-01,5.000000000000000000e-01,9.574526548385620117e-01,-1.800000071525573730e-01,-1.820000052452087402e+00,9.035875201225280762e-01,-9.700000286102294922e-01,-1.587818861007690430e-01,1.487896561622619629e+00,-4.885274171829223633e-01
-7.747043669223785400e-02,-1.912411570549011230e+00,7.023695111274719238e-01,4.195379465818405151e-02,1.431581228971481323e-01,-7.151775956153869629e-01,6.828371882438659668e-01,0.000000000000000000e+00,0.000000000000000000e+00,0.000000000000000000e+00,0.000000000000000000e+00,0.000000000000000000e+00,0.000000000000000000e+00,0.000000000000000000e+00,0.000000000000000000e+00,0.000000000000000000e+00,0.000000000000000000e+00,0.000000000000000000e+00,0.000000000000000000e+00,0.000000000000000000e+00,0.000000000000000000e+00,0.000000000000000000e+00,0.000000000000000000e+00,0.000000000000000000e+00,0.000000000000000000e+00,0.000000000000000000e+00,0.000000000000000000e+00,0.000000000000000000e+00,0.000000000000000000e+00,0.000000000000000000e+00,0.000000000000000000e+00,1.176967620849609375e-01,-3.096397817134857178e-01,-6.099300980567932129e-01,0.000000000000000000e+00,1.105763241648674011e-01,7.099999785423278809e-01,1.342873573303222656e+00,0.000000000000000000e+00,1.651303321123123169e-01,1.292788386344909668e-01,3.934782370924949646e-02,4.499999880790710449e-01,1.244339793920516968e-01,-2.724798917770385742e-01,5.000000000000000000e-01,9.700000286102294922e-01,-1.800000071525573730e-01,-1.811770558357238770e+00,9.016602039337158203e-01,-9.700000286102294922e-01,-1.398297995328903198e-01,1.450618743896484375e+00,-4.831995368003845215e-01
-7.580143213272094727e-02,-1.919254779815673828e+00,7.015081644058227539e-01,2.452931739389896393e-02,1.434036940336227417e-01,-7.126392126083374023e-01,6.862791776657104492e-01,0.000000000000000000e+00,0.000000000000000000e+00,0.000000000000000000e+00,0.000000000000000000e+00,0.000000000000000000e+00,0.000000000000000000e+00,0.000000000000000000e+00,0.000000000000000000e+00,0.000000000000000000e+00,0.000000000000000000e+00,0.000000000000000000e+00,0.000000000000000000e+00,0.000000000000000000e+00,0.000000000000000000e+00,0.000000000000000000e+00,0.000000000000000000e+00,0.000000000000000000e+00,0.000000000000000000e+00,0.000000000000000000e+00,0.000000000000000000e+00,0.000000000000000000e+00,0.000000000000000000e+00,0.000000000000000000e+00,0.000000000000000000e+00,1.480756700038909912e-01,-2.732412517070770264e-01,-6.191945075988769531e-01,0.000000000000000000e+00,1.479360312223434448e-01,7.099999785423278809e-01,1.325141310691833496e+00,0.000000000000000000e+00,1.759876310825347900e-01,1.471972167491912842e-01,3.633797541260719299e-02,4.499999880790710449e-01,9.541317075490951538e-02,-2.969860732555389404e-01,5.000000000000000000e-01,9.700000286102294922e-01,-1.800000071525573730e-01,-1.755450129508972168e+00,8.682714700698852539e-01,-9.700000286102294922e-01,-1.209305152297019958e-01,1.410403847694396973e+00,-4.867953360080718994e-01
-7.382705062627792358e-02,-1.926514983177185059e+00,7.018425464630126953e-01,1.238753367215394974e-02,1.489886641502380371e-01,-7.082226276397705078e-01,6.899780035018920898e-01,0.000000000000000000e+00,0.000000000000000000e+00,0.000000000000000000e+00,0.000000000000000000e+00,0.000000000000000000e+00,0.000000000000000000e+00,0.000000000000000000e+00,0.000000000000000000e+00,0.000000000000000000e+00,0.000000000000000000e+00,0.000000000000000000e+00,0.000000000000000000e+00,0.000000000000000000e+00,0.000000000000000000e+00,0.000000000000000000e+00,0.000000000000000000e+00,0.000000000000000000e+00,0.000000000000000000e+00,0.000000000000000000e+00,0.000000000000000000e+00,0.000000000000000000e+00,0.000000000000000000e+00,0.000000000000000000e+00,0.000000000000000000e+00,1.757115721702575684e-01,-2.607381343841552734e-01,-6.370577216148376465e-01,0.000000000000000000e+00,1.868227869272232056e-01,7.099999785423278809e-01,1.191105365753173828e+00,0.000000000000000000e+00,1.838868260383605957e-01,1.492263674736022949e-01,3.544798120856285095e-02,4.499999880790710449e-01,6.933005154132843018e-02,-3.213837444782257080e-01,5.000000000000000000e-01,9.700000286102294922e-01,-1.800000071525573730e-01,-1.698326468467712402e+00,8.303438425064086914e-01,-9.700000286102294922e-01,-1.033279150724411011e-01,1.374364614486694336e+00,-5.007525086402893066e-01
-7.314016669988632202e-02,-1.934799075126647949e+00,7.032749652862548828e-01,6.342252716422080994e-03,1.597376614809036255e-01,-6.991149187088012695e-01,6.969088315963745117e-01,0.000000000000000000e+00,0.000000000000000000e+00,0.000000000000000000e+00,0.000000000000000000e+00,0.000000000000000000e+00,0.000000000000000000e+00,0.000000000000000000e+00,0.000000000000000000e+00,0.000000000000000000e+00,0.000000000000000000e+00,0.000000000000000000e+00,0.000000000000000000e+00,0.000000000000000000e+00,0.000000000000000000e+00,0.000000000000000000e+00,0.000000000000000000e+00,0.000000000000000000e+00,0.000000000000000000e+00,0.000000000000000000e+00,0.000000000000000000e+00,0.000000000000000000e+00,0.000000000000000000e+00,0.000000000000000000e+00,0.000000000000000000e+00,1.965975463390350342e-01,-2.730247378349304199e-01,-6.627543568611145020e-01,0.000000000000000000e+00,2.219181805849075317e-01,7.099999785423278809e-01,9.930101633071899414e-01,0.000000000000000000e+00,1.903796643018722534e-01,1.348702311515808105e-01,2.763048373162746429e-02,4.499999880790710449e-01,4.868473485112190247e-02,-3.444033265113830566e-01,5.000000000000000000e-01,9.700000286102294922e-01,-1.800000071525573730e-01,-1.642914533615112305e+00,7.965247631072998047e-01,-9.700000286102294922e-01,-9.194301068782806396e-02,1.365363717079162598e+00,-5.896737575531005859e-01
-7.227981090545654297e-02,-1.945093035697937012e+00,7.052046060562133789e-01,1.054146885871887207e-02,1.665125787258148193e-01,-6.876940131187438965e-01,7.065687179565429688e-01,0.000000000000000000e+00,0.000000000000000000e+00,0.000000000000000000e+00,0.000000000000000000e+00,0.000000000000000000e+00,0.000000000000000000e+00,0.000000000000000000e+00,0.000000000000000000e+00,0.000000000000000000e+00,0.000000000000000000e+00,0.000000000000000000e+00,0.000000000000000000e+00,0.000000000000000000e+00,0.000000000000000000e+00,0.000000000000000000e+00,0.000000000000000000e+00,0.000000000000000000e+00,0.000000000000000000e+00,0.000000000000000000e+00,0.000000000000000000e+00,0.000000000000000000e+00,0.000000000000000000e+00,0.000000000000000000e+00,0.000000000000000000e+00,1.961992383003234863e-01,-2.859447300434112549e-01,-6.751674413681030273e-01,0.000000000000000000e+00,2.282059639692306519e-01,7.099999785423278809e-01,7.987760305404663086e-01,0.000000000000000000e+00,1.795478612184524536e-01,1.113330498337745667e-01,8.717214688658714294e-03,4.499999880790710449e-01,4.173649474978446960e-02,-3.569541573524475098e-01,5.000000000000000000e-01,9.700000286102294922e-01,-1.800000071525573730e-01,-1.594047784805297852e+00,7.815228700637817383e-01,-9.700000286102294922e-01,-8.738768100738525391e-02,1.449228286743164062e+00,-8.948212862014770508e-01
-7.201715558767318726e-02,-1.958358168601989746e+00,7.053782343864440918e-01,2.429744042456150055e-02,1.634072214365005493e-01,-6.787994503974914551e-01,7.154991626739501953e-01,0.000000000000000000e+00,0.000000000000000000e+00,0.000000000000000000e+00,0.000000000000000000e+00,0.000000000000000000e+00,0.000000000000000000e+00,0.000000000000000000e+00,0.000000000000000000e+00,0.000000000000000000e+00,0.000000000000000000e+00,0.000000000000000000e+00,0.000000000000000000e+00,0.000000000000000000e+00,0.000000000000000000e+00,0.000000000000000000e+00,0.000000000000000000e+00,0.000000000000000000e+00,0.000000000000000000e+00,0.000000000000000000e+00,0.000000000000000000e+00,0.000000000000000000e+00,0.000000000000000000e+00,0.000000000000000000e+00,0.000000000000000000e+00,1.741471439599990845e-01,-2.890069484710693359e-01,-6.822942495346069336e-01,0.000000000000000000e+00,2.138132601976394653e-01,7.099999785423278809e-01,7.076186537742614746e-01,0.000000000000000000e+00,1.374873071908950806e-01,8.792690187692642212e-02,-1.512590795755386353e-02,4.499999880790710449e-01,4.621832445263862610e-02,-3.494819998741149902e-01,5.000000000000000000e-01,9.700000286102294922e-01,-1.792606115341186523e-01,-1.553129434585571289e+00,7.993862032890319824e-01,-9.700000286102294922e-01,-6.594035029411315918e-02,1.674709081649780273e+00,-1.410139441490173340e+00
-7.432476431131362915e-02,-1.975924849510192871e+00,7.034314274787902832e-01,4.398164153099060059e-02,1.550221592187881470e-01,-6.726692914962768555e-01,7.221840023994445801e-01,0.000000000000000000e+00,0.000000000000000000e+00,0.000000000000000000e+00,0.000000000000000000e+00,0.000000000000000000e+00,0.000000000000000000e+00,0.000000000000000000e+00,0.000000000000000000e+00,0.000000000000000000e+00,0.000000000000000000e+00,0.000000000000000000e+00,0.000000000000000000e+00,0.000000000000000000e+00,0.000000000000000000e+00,0.000000000000000000e+00,0.000000000000000000e+00,0.000000000000000000e+00,0.000000000000000000e+00,0.000000000000000000e+00,0.000000000000000000e+00,0.000000000000000000e+00,0.000000000000000000e+00,0.000000000000000000e+00,0.000000000000000000e+00,1.417375653982162476e-01,-3.000327050685882568e-01,-7.157472968101501465e-01,0.000000000000000000e+00,1.948913037776947021e-01,7.099999785423278809e-01,7.474599480628967285e-01,0.000000000000000000e+00,6.894145905971527100e-02,5.361581593751907349e-02,-1.787746138870716095e-02,4.499999880790710449e-01,3.585908561944961548e-02,-3.582569956779479980e-01,5.000000000000000000e-01,9.700000286102294922e-01,-1.209309697151184082e-01,-1.482664346694946289e+00,8.139423727989196777e-01,-9.700000286102294922e-01,-3.738302271813154221e-03,1.792438387870788574e+00,-1.490000009536743164e+00
-7.648038864135742188e-02,-1.993387222290039062e+00,7.019888758659362793e-01,6.682643294334411621e-02,1.534975916147232056e-01,-6.640137434005737305e-01,7.287375926971435547e-01,0.000000000000000000e+00,0.000000000000000000e+00,0.000000000000000000e+00,0.000000000000000000e+00,0.000000000000000000e+00,0.000000000000000000e+00,0.000000000000000000e+00,0.000000000000000000e+00,0.000000000000000000e+00,0.000000000000000000e+00,0.000000000000000000e+00,0.000000000000000000e+00,0.000000000000000000e+00,0.000000000000000000e+00,0.000000000000000000e+00,0.000000000000000000e+00,0.000000000000000000e+00,0.000000000000000000e+00,0.000000000000000000e+00,0.000000000000000000e+00,0.000000000000000000e+00,0.000000000000000000e+00,0.000000000000000000e+00,0.000000000000000000e+00,1.122565194964408875e-01,-3.621667027473449707e-01,-8.120526075363159180e-01,0.000000000000000000e+00,1.603836119174957275e-01,7.099999785423278809e-01,7.543493509292602539e-01,0.000000000000000000e+00,2.542468532919883728e-02,3.468141192570328712e-03,-1.372841745615005493e-02,4.499999880790710449e-01,2.326828800141811371e-02,-3.902445435523986816e-01,5.000000000000000000e-01,9.700000286102294922e-01,-8.900218456983566284e-02,-1.378657698631286621e+00,7.830083370208740234e-01,-9.113309979438781738e-01,-2.264091512188315392e-03,1.819999933242797852e+00,-1.490000009536743164e+00
-7.811371237039566040e-02,-2.008272886276245117e+00,6.985751390457153320e-01,7.599889487028121948e-02,1.460254341363906860e-01,-6.581761837005615234e-01,7.346460819244384766e-01,0.000000000000000000e+00,0.000000000000000000e+00,0.000000000000000000e+00,0.000000000000000000e+00,0.000000000000000000e+00,0.000000000000000000e+00,0.000000000000000000e+00,0.000000000000000000e+00,0.000000000000000000e+00,0.000000000000000000e+00,0.000000000000000000e+00,0.000000000000000000e+00,0.000000000000000000e+00,0.000000000000000000e+00,0.000000000000000000e+00,0.000000000000000000e+00,0.000000000000000000e+00,0.000000000000000000e+00,0.000000000000000000e+00,0.000000000000000000e+00,0.000000000000000000e+00,0.000000000000000000e+00,0.000000000000000000e+00,0.000000000000000000e+00,9.843267500400543213e-02,-4.650565385818481445e-01,-1.011500597000122070e+00,0.000000000000000000e+00,1.327328085899353027e-01,7.099999785423278809e-01,7.837615609169006348e-01,0.000000000000000000e+00,1.499557960778474808e-02,1.698603387922048569e-03,-5.331743042916059494e-03,4.499999880790710449e-01,2.750551141798496246e-02,-4.207217395305633545e-01,5.000000000000000000e-01,9.700000286102294922e-01,-9.369477629661560059e-02,-1.292926192283630371e+00,7.375702261924743652e-01,-7.563240528106689453e-01,-3.591725975275039673e-02,1.820000052452087402e+00,-1.490000009536743164e+00
-7.973776757717132568e-02,-2.022396564483642578e+00,6.911375522613525391e-01,8.053012192249298096e-02,1.442433595657348633e-01,-6.519410014152526855e-01,7.400552034378051758e-01,0.000000000000000000e+00,0.000000000000000000e+00,0.000000000000000000e+00,0.000000000000000000e+00,0.000000000000000000e+00,0.000000000000000000e+00,0.000000000000000000e+00,0.000000000000000000e+00,0.000000000000000000e+00,0.000000000000000000e+00,0.000000000000000000e+00,0.000000000000000000e+00,0.000000000000000000e+00,0.000000000000000000e+00,0.000000000000000000e+00,0.000000000000000000e+00,0.000000000000000000e+00,0.000000000000000000e+00,0.000000000000000000e+00,0.000000000000000000e+00,0.000000000000000000e+00,0.000000000000000000e+00,0.000000000000000000e+00,0.000000000000000000e+00,1.018730401992797852e-01,-5.935749411582946777e-01,-1.264589786529541016e+00,0.000000000000000000e+00,1.162553727626800537e-01,6.910318136215209961e-01,8.064454197883605957e-01,0.000000000000000000e+00,3.343546763062477112e-02,5.896739312447607517e-04,-3.393072169274091721e-03,4.499999880790710449e-01,5.093568563461303711e-02,-4.357946813106536865e-01,5.000000000000000000e-01,9.700000286102294922e-01,-1.143915280699729919e-01,-1.211387395858764648e+00,6.872031092643737793e-01,-6.630236506462097168e-01,-5.530959367752075195e-02,1.820000052452087402e+00,-1.288311600685119629e+00
-8.121068775653839111e-02,-2.037040472030639648e+00,6.795716881752014160e-01,8.618627488613128662e-02,1.415366381406784058e-01,-6.483786106109619141e-01,7.430642247200012207e-01,0.000000000000000000e+00,0.000000000000000000e+00,0.000000000000000000e+00,0.000000000000000000e+00,0.000000000000000000e+00,0.000000000000000000e+00,0.000000000000000000e+00,0.000000000000000000e+00,0.000000000000000000e+00,0.000000000000000000e+00,0.000000000000000000e+00,0.000000000000000000e+00,0.000000000000000000e+00,0.000000000000000000e+00,0.000000000000000000e+00,0.000000000000000000e+00,0.000000000000000000e+00,0.000000000000000000e+00,0.000000000000000000e+00,0.000000000000000000e+00,0.000000000000000000e+00,0.000000000000000000e+00,0.000000000000000000e+00,0.000000000000000000e+00,9.403130412101745605e-02,-6.793715357780456543e-01,-1.442491531372070312e+00,0.000000000000000000e+00,1.012879163026809692e-01,6.722702980041503906e-01,8.459272384643554688e-01,0.000000000000000000e+00,5.812395364046096802e-02,7.004709590141544595e-10,-1.280747936107218266e-03,4.499999880790710449e-01,8.004511892795562744e-02,-4.405807554721832275e-01,5.000000000000000000e-01,9.700000286102294922e-01,-1.411836296319961548e-01,-1.113543152809143066e+00,6.089693307876586914e-01,-6.761355400085449219e-01,-5.160830542445182800e-02,1.820000052452087402e+00,-8.470617532730102539e-01
-8.115472644567489624e-02,-2.052952527999877930e+00,6.680445075035095215e-01,9.321225434541702271e-02,1.360533684492111206e-01,-6.542497277259826660e-01,7.380774021148681641e-01,0.000000000000000000e+00,0.000000000000000000e+00,0.000000000000000000e+00,0.000000000000000000e+00,0.000000000000000000e+00,0.000000000000000000e+00,0.000000000000000000e+00,0.000000000000000000e+00,0.000000000000000000e+00,0.000000000000000000e+00,0.000000000000000000e+00,0.000000000000000000e+00,0.000000000000000000e+00,0.000000000000000000e+00,0.000000000000000000e+00,0.000000000000000000e+00,0.000000000000000000e+00,0.000000000000000000e+00,0.000000000000000000e+00,0.000000000000000000e+00,0.000000000000000000e+00,0.000000000000000000e+00,0.000000000000000000e+00,0.000000000000000000e+00,4.427238926291465759e-02,-6.960163116455078125e-01,-1.468742609024047852e+00,0.000000000000000000e+00,8.681559562683105469e-02,6.487421989440917969e-01,8.878948092460632324e-01,0.000000000000000000e+00,7.992704957723617554e-02,2.298508605669269400e-17,2.728475071489810944e-02,4.499999880790710449e-01,1.018032878637313843e-01,-4.514327049255371094e-01,5.000000000000000000e-01,9.700000286102294922e-01,-1.618258208036422729e-01,-1.006602644920349121e+00,5.154497027397155762e-01,-6.583108305931091309e-01,-4.562409594655036926e-02,1.748074769973754883e+00,-5.522646307945251465e-01
-8.099565654993057251e-02,-2.071264982223510742e+00,6.595427393913269043e-01,9.636043012142181396e-02,1.367524117231369019e-01,-6.606315374374389648e-01,7.318329215049743652e-01,0.000000000000000000e+00,0.000000000000000000e+00,0.000000000000000000e+00,0.000000000000000000e+00,0.000000000000000000e+00,0.000000000000000000e+00,0.000000000000000000e+00,0.000000000000000000e+00,0.000000000000000000e+00,0.000000000000000000e+00,0.000000000000000000e+00,0.000000000000000000e+00,0.000000000000000000e+00,0.000000000000000000e+00,0.000000000000000000e+00,0.000000000000000000e+00,0.000000000000000000e+00,0.000000000000000000e+00,0.000000000000000000e+00,0.000000000000000000e+00,0.000000000000000000e+00,0.000000000000000000e+00,0.000000000000000000e+00,0.000000000000000000e+00,6.468906067311763763e-03,-7.014970183372497559e-01,-1.372043728828430176e+00,0.000000000000000000e+00,8.738742768764495850e-02,6.235874295234680176e-01,9.145335555076599121e-01,0.000000000000000000e+00,1.203439757227897644e-01,-4.086425750733646556e-17,6.367571651935577393e-02,4.499999880790710449e-01,1.165061667561531067e-01,-4.680868685245513916e-01,5.000000000000000000e-01,9.700000286102294922e-01,-1.778290420770645142e-01,-9.013180136680603027e-01,4.366518557071685791e-01,-5.224632024765014648e-01,-7.929144054651260376e-02,1.535618543624877930e+00,-4.799607992172241211e-01
-8.062376827001571655e-02,-2.093518018722534180e+00,6.521766781806945801e-01,1.047861203551292419e-01,1.391926109790802002e-01,-6.695487499237060547e-01,7.220455408096313477e-01,0.000000000000000000e+00,0.000000000000000000e+00,0.000000000000000000e+00,0.000000000000000000e+00,0.000000000000000000e+00,0.000000000000000000e+00,0.000000000000000000e+00,0.000000000000000000e+00,0.000000000000000000e+00,0.000000000000000000e+00,0.000000000000000000e+00,0.000000000000000000e+00,0.000000000000000000e+00,0.000000000000000000e+00,0.000000000000000000e+00,0.000000000000000000e+00,0.000000000000000000e+00,0.000000000000000000e+00,0.000000000000000000e+00,0.000000000000000000e+00,0.000000000000000000e+00,0.000000000000000000e+00,0.000000000000000000e+00,0.000000000000000000e+00,-3.730930015444755554e-02,-6.844726800918579102e-01,-1.161888003349304199e+00,0.000000000000000000e+00,8.328104764223098755e-02,5.890089869499206543e-01,9.189755916595458984e-01,0.000000000000000000e+00,1.461624354124069214e-01,-2.538896556100039836e-17,1.067719385027885437e-01,4.499999880790710449e-01,1.177367940545082092e-01,-4.959346055984497070e-01,5.000000000000000000e-01,9.700000286102294922e-01,-1.798676252365112305e-01,-8.540534377098083496e-01,5.336118340492248535e-01,-3.743698894977569580e-01,-1.052110269665718079e-01,1.262202024459838867e+00,-3.397768735885620117e-01
-8.050297200679779053e-02,-2.119933843612670898e+00,6.419995427131652832e-01,1.168255954980850220e-01,1.400014311075210571e-01,-6.713200807571411133e-01,7.183876037597656250e-01,0.000000000000000000e+00,0.000000000000000000e+00,0.000000000000000000e+00,0.000000000000000000e+00,0.000000000000000000e+00,0.000000000000000000e+00,0.000000000000000000e+00,0.000000000000000000e+00,0.000000000000000000e+00,0.000000000000000000e+00,0.000000000000000000e+00,0.000000000000000000e+00,0.000000000000000000e+00,0.000000000000000000e+00,0.000000000000000000e+00,0.000000000000000000e+00,0.000000000000000000e+00,0.000000000000000000e+00,0.000000000000000000e+00,0.000000000000000000e+00,0.000000000000000000e+00,0.000000000000000000e+00,0.000000000000000000e+00,0.000000000000000000e+00,-7.780917733907699585e-02,-6.634724140167236328e-01,-9.859207868576049805e-01,0.000000000000000000e+00,6.754869222640991211e-02,5.566666126251220703e-01,9.276667237281799316e-01,0.000000000000000000e+00,1.659440696239471436e-01,7.250602028496810902e-19,1.216430664062500000e-01,4.451944828033447266e-01,1.252984702587127686e-01,-5.186498165130615234e-01,5.000000000000000000e-01,9.700000286102294922e-01,-1.799273341894149780e-01,-1.095510601997375488e+00,1.198002219200134277e+00,-3.161944746971130371e-01,-1.400820761919021606e-01,1.099314808845520020e+00,-2.421104907989501953e-01
-7.582017779350280762e-02,-2.154654979705810547e+00,6.259242296218872070e-01,1.121064275503158569e-01,1.498153507709503174e-01,-6.691195368766784668e-01,7.192124724388122559e-01,0.000000000000000000e+00,0.000000000000000000e+00,0.000000000000000000e+00,0.000000000000000000e+00,0.000000000000000000e+00,0.000000000000000000e+00,0.000000000000000000e+00,0.000000000000000000e+00,0.000000000000000000e+00,0.000000000000000000e+00,0.000000000000000000e+00,0.000000000000000000e+00,0.000000000000000000e+00,0.000000000000000000e+00,0.000000000000000000e+00,0.000000000000000000e+00,0.000000000000000000e+00,0.000000000000000000e+00,0.000000000000000000e+00,0.000000000000000000e+00,0.000000000000000000e+00,0.000000000000000000e+00,0.000000000000000000e+00,0.000000000000000000e+00,-6.064015254378318787e-02,-6.159254908561706543e-01,-9.399356842041015625e-01,0.000000000000000000e+00,8.835425227880477905e-02,5.296316742897033691e-01,9.592761993408203125e-01,0.000000000000000000e+00,2.324908524751663208e-01,3.146981508933902050e-17,1.035358458757400513e-01,3.984151780605316162e-01,1.531296670436859131e-01,-5.023354291915893555e-01,5.000000000000000000e-01,9.700000286102294922e-01,-1.799917221069335938e-01,-1.401126623153686523e+00,1.490000009536743164e+00,-2.800444066524505615e-01,-1.785221844911575317e-01,9.283569455146789551e-01,-1.319306939840316772e-01
-7.358626276254653931e-02,-2.188786983489990234e+00,6.077427268028259277e-01,1.029874831438064575e-01,1.651308387517929077e-01,-6.725883483886718750e-01,7.139679789543151855e-01,0.000000000000000000e+00,0.000000000000000000e+00,0.000000000000000000e+00,0.000000000000000000e+00,0.000000000000000000e+00,0.000000000000000000e+00,0.000000000000000000e+00,0.000000000000000000e+00,0.000000000000000000e+00,0.000000000000000000e+00,0.000000000000000000e+00,0.000000000000000000e+00,0.000000000000000000e+00,0.000000000000000000e+00,0.000000000000000000e+00,0.000000000000000000e+00,0.000000000000000000e+00,0.000000000000000000e+00,0.000000000000000000e+00,0.000000000000000000e+00,0.000000000000000000e+00,0.000000000000000000e+00,0.000000000000000000e+00,0.000000000000000000e+00,-2.323038643226027489e-05,-4.656149446964263916e-01,-8.623449206352233887e-01,0.000000000000000000e+00,1.318976134061813354e-01,5.020959377288818359e-01,1.008095026016235352e+00,0.000000000000000000e+00,2.989928424358367920e-01,-2.309604737278300735e-17,6.532148271799087524e-02,3.445117473602294922e-01,1.718507111072540283e-01,-4.383572340011596680e-01,5.000000000000000000e-01,8.953300714492797852e-01,-1.793408691883087158e-01,-1.678485274314880371e+00,1.490000009536743164e+00,-2.595396339893341064e-01,-1.865927577018737793e-01,7.846717238426208496e-01,-4.575033485889434814e-02
-7.389306277036666870e-02,-2.217392921447753906e+00,5.865945219993591309e-01,1.012749075889587402e-01,1.831104606389999390e-01,-6.741194128990173340e-01,7.083621621131896973e-01,0.000000000000000000e+00,0.000000000000000000e+00,0.000000000000000000e+00,0.000000000000000000e+00,0.000000000000000000e+00,0.000000000000000000e+00,0.000000000000000000e+00,0.000000000000000000e+00,0.000000000000000000e+00,0.000000000000000000e+00,0.000000000000000000e+00,0.000000000000000000e+00,0.000000000000000000e+00,0.000000000000000000e+00,0.000000000000000000e+00,0.000000000000000000e+00,0.000000000000000000e+00,0.000000000000000000e+00,0.000000000000000000e+00,0.000000000000000000e+00,0.000000000000000000e+00,0.000000000000000000e+00,0.000000000000000000e+00,0.000000000000000000e+00,6.595025956630706787e-02,-3.513613343238830566e-01,-8.035866022109985352e-01,0.000000000000000000e+00,1.821666210889816284e-01,4.775389730930328369e-01,1.079030871391296387e+00,0.000000000000000000e+00,3.659652471542358398e-01,2.402608954886822912e-17,4.003047198057174683e-02,2.825411558151245117e-01,1.859225034713745117e-01,-3.958123922348022461e-01,5.000000000000000000e-01,6.517751812934875488e-01,-1.794293373823165894e-01,-1.820000052452087402e+00,1.490000009536743164e+00,-2.513317167758941650e-01,-2.105626314878463745e-01,6.609545946121215820e-01,-1.252978947013616562e-02
-7.478664070367813110e-02,-2.244904518127441406e+00,5.593411922454833984e-01,1.176258549094200134e-01,1.957300007343292236e-01,-6.675530076026916504e-01,7.086796760559082031e-01,0.000000000000000000e+00,0.000000000000000000e+00,0.000000000000000000e+00,0.000000000000000000e+00,0.000000000000000000e+00,0.000000000000000000e+00,0.000000000000000000e+00,0.000000000000000000e+00,0.000000000000000000e+00,0.000000000000000000e+00,0.000000000000000000e+00,0.000000000000000000e+00,0.000000000000000000e+00,0.000000000000000000e+00,0.000000000000000000e+00,0.000000000000000000e+00,0.000000000000000000e+00,0.000000000000000000e+00,0.000000000000000000e+00,0.000000000000000000e+00,0.000000000000000000e+00,0.000000000000000000e+00,0.000000000000000000e+00,0.000000000000000000e+00,9.962484985589981079e-02,-2.315685302019119263e-01,-7.379375100135803223e-01,0.000000000000000000e+00,2.099836170673370361e-01,4.886848926544189453e-01,1.217721223831176758e+00,0.000000000000000000e+00,3.852294385433197021e-01,-4.540011893988324387e-17,-2.169328508898615837e-03,2.115500122308731079e-01,1.840278059244155884e-01,-3.548921644687652588e-01,5.000000000000000000e-01,4.461500048637390137e-01,-1.800000071525573730e-01,-1.820000052452087402e+00,1.192452073097229004e+00,-3.077839314937591553e-01,-2.105611413717269897e-01,6.353646516799926758e-01,-2.947240881621837616e-02
-7.402803003787994385e-02,-2.274410009384155273e+00,5.292624831199645996e-01,1.427163779735565186e-01,2.036603987216949463e-01,-6.602917313575744629e-01,7.086390852928161621e-01,0.000000000000000000e+00,0.000000000000000000e+00,0.000000000000000000e+00,0.000000000000000000e+00,0.000000000000000000e+00,0.000000000000000000e+00,0.000000000000000000e+00,0.000000000000000000e+00,0.000000000000000000e+00,0.000000000000000000e+00,0.000000000000000000e+00,0.000000000000000000e+00,0.000000000000000000e+00,0.000000000000000000e+00,0.000000000000000000e+00,0.000000000000000000e+00,0.000000000000000000e+00,0.000000000000000000e+00,0.000000000000000000e+00,0.000000000000000000e+00,0.000000000000000000e+00,0.000000000000000000e+00,0.000000000000000000e+00,0.000000000000000000e+00,1.114865988492965698e-01,-1.849899291992187500e-01,-7.734437584877014160e-01,0.000000000000000000e+00,1.908538043498992920e-01,5.186146497726440430e-01,1.377305746078491211e+00,0.000000000000000000e+00,3.639696836471557617e-01,5.056574275126869407e-17,-8.702537417411804199e-02,1.669659912586212158e-01,1.793416291475296021e-01,-2.626651823520660400e-01,5.000000000000000000e-01,4.287181496620178223e-01,-1.800000071525573730e-01,-1.771698236465454102e+00,5.131689310073852539e-01,-4.815959930419921875e-01,-1.763418316841125488e-01,8.420810103416442871e-01,2.999999932944774628e-02
-7.237309217453002930e-02,-2.302297353744506836e+00,5.048928856849670410e-01,1.624860167503356934e-01,1.962926238775253296e-01,-6.408877372741699219e-01,7.241066098213195801e-01,0.000000000000000000e+00,0.000000000000000000e+00,0.000000000000000000e+00,0.000000000000000000e+00,0.000000000000000000e+00,0.000000000000000000e+00,0.000000000000000000e+00,0.000000000000000000e+00,0.000000000000000000e+00,0.000000000000000000e+00,0.000000000000000000e+00,0.000000000000000000e+00,0.000000000000000000e+00,0.000000000000000000e+00,0.000000000000000000e+00,0.000000000000000000e+00,0.000000000000000000e+00,0.000000000000000000e+00,0.000000000000000000e+00,0.000000000000000000e+00,0.000000000000000000e+00,0.000000000000000000e+00,0.000000000000000000e+00,0.000000000000000000e+00,1.146999523043632507e-01,-1.660118103027343750e-01,-8.811256289482116699e-01,0.000000000000000000e+00,1.639564335346221924e-01,5.297126173973083496e-01,1.555012106895446777e+00,0.000000000000000000e+00,2.950211167335510254e-01,-1.119898407357679046e-17,-2.116055190563201904e-01,2.026988267898559570e-01,1.878268718719482422e-01,-1.865120083093643188e-01,5.000000000000000000e-01,3.545286357402801514e-01,-1.800000071525573730e-01,-1.628630399703979492e+00,3.373937010765075684e-01,-6.524965167045593262e-01,-1.277851760387420654e-01,1.055302619934082031e+00,2.999999932944774628e-02
-7.023291289806365967e-02,-2.334726333618164062e+00,4.906740486621856689e-01,1.847263574600219727e-01,2.025686800479888916e-01,-6.221734285354614258e-01,7.333092093467712402e-01,0.000000000000000000e+00,0.000000000000000000e+00,0.000000000000000000e+00,0.000000000000000000e+00,0.000000000000000000e+00,0.000000000000000000e+00,0.000000000000000000e+00,0.000000000000000000e+00,0.000000000000000000e+00,0.000000000000000000e+00,0.000000000000000000e+00,0.000000000000000000e+00,0.000000000000000000e+00,0.000000000000000000e+00,0.000000000000000000e+00,0.000000000000000000e+00,0.000000000000000000e+00,0.000000000000000000e+00,0.000000000000000000e+00,0.000000000000000000e+00,0.000000000000000000e+00,0.000000000000000000e+00,0.000000000000000000e+00,0.000000000000000000e+00,1.210934147238731384e-01,-1.933482885360717773e-01,-1.003629565238952637e+00,0.000000000000000000e+00,1.293033659458160400e-01,5.142411589622497559e-01,1.559999942779541016e+00,0.000000000000000000e+00,2.208427786827087402e-01,-3.048152947196271494e-17,-2.676602303981781006e-01,2.440255880355834961e-01,1.774938702583312988e-01,-1.741518080234527588e-01,5.000000000000000000e-01,4.380206167697906494e-01,-1.800000071525573730e-01,-1.618881344795227051e+00,2.973573207855224609e-01,-7.708352804183959961e-01,-9.325453639030456543e-02,1.130209803581237793e+00,2.999999932944774628e-02
-6.904899328947067261e-02,-2.369670629501342773e+00,4.846844077110290527e-01,1.889203488826751709e-01,2.256879657506942749e-01,-6.089205741882324219e-01,7.366069555282592773e-01,0.000000000000000000e+00,0.000000000000000000e+00,0.000000000000000000e+00,0.000000000000000000e+00,0.000000000000000000e+00,0.000000000000000000e+00,0.000000000000000000e+00,0.000000000000000000e+00,0.000000000000000000e+00,0.000000000000000000e+00,0.000000000000000000e+00,0.000000000000000000e+00,0.000000000000000000e+00,0.000000000000000000e+00,0.000000000000000000e+00,0.000000000000000000e+00,0.000000000000000000e+00,0.000000000000000000e+00,0.000000000000000000e+00,0.000000000000000000e+00,0.000000000000000000e+00,0.000000000000000000e+00,0.000000000000000000e+00,0.000000000000000000e+00,1.704358756542205811e-01,-2.367877960205078125e-01,-1.137541532516479492e+00,0.000000000000000000e+00,1.298242509365081787e-01,5.894939303398132324e-01,1.559999942779541016e+00,0.000000000000000000e+00,1.936796605587005615e-01,-2.286491822038466546e-17,-2.459606230258941650e-01,2.947814166545867920e-01,1.358545869588851929e-01,-2.469072043895721436e-01,5.000000000000000000e-01,5.955477356910705566e-01,-1.800000071525573730e-01,-1.692702531814575195e+00,1.355933248996734619e-01,-8.189022541046142578e-01,-5.132589116692543030e-02,1.071576237678527832e+00,2.999999932944774628e-02
-6.765973567962646484e-02,-2.399590015411376953e+00,4.810218513011932373e-01,1.629589945077896118e-01,2.533369958400726318e-01,-6.081658601760864258e-01,7.344378829002380371e-01,0.000000000000000000e+00,0.000000000000000000e+00,0.000000000000000000e+00,0.000000000000000000e+00,0.000000000000000000e+00,0.000000000000000000e+00,0.000000000000000000e+00,0.000000000000000000e+00,0.000000000000000000e+00,0.000000000000000000e+00,0.000000000000000000e+00,0.000000000000000000e+00,0.000000000000000000e+00,0.000000000000000000e+00,0.000000000000000000e+00,0.000000000000000000e+00,0.000000000000000000e+00,0.000000000000000000e+00,0.000000000000000000e+00,0.000000000000000000e+00,0.000000000000000000e+00,0.000000000000000000e+00,0.000000000000000000e+00,0.000000000000000000e+00,2.777244448661804199e-01,-2.792108952999114990e-01,-1.303873896598815918e+00,0.000000000000000000e+00,1.944122463464736938e-01,7.088491320610046387e-01,1.559999942779541016e+00,0.000000000000000000e+00,2.314137220382690430e-01,1.583517010671706273e-17,-1.818456202745437622e-01,3.862175047397613525e-01,9.350717067718505859e-02,-3.287484645843505859e-01,5.000000000000000000e-01,7.297067642211914062e-01,-1.800000071525573730e-01,-1.714850664138793945e+00,6.858788430690765381e-02,-8.353694081306457520e-01,-3.540980443358421326e-02,1.077983498573303223e+00,-2.852631211280822754e-01
-6.579976528882980347e-02,-2.423637628555297852e+00,4.743410050868988037e-01,1.339948177337646484e-01,2.633893489837646484e-01,-6.199113130569458008e-01,7.268984913825988770e-01,0.000000000000000000e+00,0.000000000000000000e+00,0.000000000000000000e+00,0.000000000000000000e+00,0.000000000000000000e+00,0.000000000000000000e+00,0.000000000000000000e+00,0.000000000000000000e+00,0.000000000000000000e+00,0.000000000000000000e+00,0.000000000000000000e+00,0.000000000000000000e+00,0.000000000000000000e+00,0.000000000000000000e+00,0.000000000000000000e+00,0.000000000000000000e+00,0.000000000000000000e+00,0.000000000000000000e+00,0.000000000000000000e+00,0.000000000000000000e+00,0.000000000000000000e+00,0.000000000000000000e+00,0.000000000000000000e+00,0.000000000000000000e+00,3.805570006370544434e-01,-3.030938208103179932e-01,-1.477607369422912598e+00,0.000000000000000000e+00,2.205556333065032959e-01,7.099999785423278809e-01,1.541251301765441895e+00,0.000000000000000000e+00,2.517002224922180176e-01,2.740040948960732629e-18,-1.174715012311935425e-01,4.465277194976806641e-01,5.696626380085945129e-02,-3.705492317676544189e-01,5.000000000000000000e-01,8.695811629295349121e-01,-1.787798255681991577e-01,-1.701881885528564453e+00,-2.999999932944774628e-02,-8.931924700736999512e-01,-2.204583398997783661e-02,1.321993350982666016e+00,-8.811742067337036133e-01
-6.662004441022872925e-02,-2.448997020721435547e+00,4.683886468410491943e-01,1.223872676491737366e-01,2.608116567134857178e-01,-6.306333541870117188e-01,7.206248641014099121e-01,0.000000000000000000e+00,0.000000000000000000e+00,0.000000000000000000e+00,0.000000000000000000e+00,0.000000000000000000e+00,0.000000000000000000e+00,0.000000000000000000e+00,0.000000000000000000e+00,0.000000000000000000e+00,0.000000000000000000e+00,0.000000000000000000e+00,0.000000000000000000e+00,0.000000000000000000e+00,0.000000000000000000e+00,0.000000000000000000e+00,0.000000000000000000e+00,0.000000000000000000e+00,0.000000000000000000e+00,0.000000000000000000e+00,0.000000000000000000e+00,0.000000000000000000e+00,0.000000000000000000e+00,0.000000000000000000e+00,0.000000000000000000e+00,3.764852285385131836e-01,-2.900364398956298828e-01,-1.559999942779541016e+00,0.000000000000000000e+00,1.935054510831832886e-01,7.099999785423278809e-01,1.504131555557250977e+00,0.000000000000000000e+00,2.163688391447067261e-01,-2.390507467961294627e-17,-7.781891524791717529e-02,4.499999880790710449e-01,1.824156008660793304e-02,-3.799671232700347900e-01,5.000000000000000000e-01,9.265156984329223633e-01,-1.048626899719238281e-01,-1.653124332427978516e+00,-2.999999932944774628e-02,-8.695538043975830078e-01,5.018941313028335571e-02,1.658524155616760254e+00,-1.440326094627380371e+00
-6.814111769199371338e-02,-2.475928783416748047e+00,4.665911495685577393e-01,1.276867687702178955e-01,2.367997318506240845e-01,-6.397045254707336426e-01,7.200000286102294922e-01,0.000000000000000000e+00,0.000000000000000000e+00,0.000000000000000000e+00,0.000000000000000000e+00,0.000000000000000000e+00,0.000000000000000000e+00,0.000000000000000000e+00,0.000000000000000000e+00,0.000000000000000000e+00,0.000000000000000000e+00,0.000000000000000000e+00,0.000000000000000000e+00,0.000000000000000000e+00,0.000000000000000000e+00,0.000000000000000000e+00,0.000000000000000000e+00,0.000000000000000000e+00,0.000000000000000000e+00,0.000000000000000000e+00,0.000000000000000000e+00,0.000000000000000000e+00,0.000000000000000000e+00,0.000000000000000000e+00,0.000000000000000000e+00,1.619779765605926514e-01,-2.697632014751434326e-01,-1.559999942779541016e+00,0.000000000000000000e+00,1.353242844343185425e-01,7.094575762748718262e-01,1.559999942779541016e+00,0.000000000000000000e+00,1.308149248361587524e-01,4.029327127410336161e-17,-5.618560314178466797e-02,4.487090110778808594e-01,-8.012972772121429443e-03,-4.032194316387176514e-01,5.000000000000000000e-01,9.545084834098815918e-01,-2.648028917610645294e-02,-1.554463148117065430e+00,-2.999999932944774628e-02,-7.148567438125610352e-01,6.180662661790847778e-02,1.820000052452087402e+00,-1.460356116294860840e+00
-7.195253670215606689e-02,-2.498075485229492188e+00,4.635281860828399658e-01,1.367224901914596558e-01,1.929162740707397461e-01,-6.502028107643127441e-01,7.220295071601867676e-01,0.000000000000000000e+00,0.000000000000000000e+00,0.000000000000000000e+00,0.000000000000000000e+00,0.000000000000000000e+00,0.000000000000000000e+00,0.000000000000000000e+00,0.000000000000000000e+00,0.000000000000000000e+00,0.000000000000000000e+00,0.000000000000000000e+00,0.000000000000000000e+00,0.000000000000000000e+00,0.000000000000000000e+00,0.000000000000000000e+00,0.000000000000000000e+00,0.000000000000000000e+00,0.000000000000000000e+00,0.000000000000000000e+00,0.000000000000000000e+00,0.000000000000000000e+00,0.000000000000000000e+00,0.000000000000000000e+00,0.000000000000000000e+00,-7.277467101812362671e-02,-3.646756112575531006e-01,-1.559999942779541016e+00,0.000000000000000000e+00,1.890272088348865509e-02,6.620830297470092773e-01,1.536617279052734375e+00,0.000000000000000000e+00,1.678890734910964966e-02,-2.115388685151260218e-17,-5.167445912957191467e-02,4.483314156532287598e-01,-1.993717066943645477e-02,-4.208506345748901367e-01,5.000000000000000000e-01,9.684707522392272949e-01,3.388835117220878601e-02,-1.398054599761962891e+00,-2.999999932944774628e-02,-5.676644444465637207e-01,6.513278931379318237e-02,1.820000052452087402e+00,-9.604045152664184570e-01
-7.959313690662384033e-02,-2.521808385848999023e+00,4.508149325847625732e-01,1.340561211109161377e-01,1.547441929578781128e-01,-6.543691158294677734e-01,7.279314994812011719e-01,0.000000000000000000e+00,0.000000000000000000e+00,0.000000000000000000e+00,0.000000000000000000e+00,0.000000000000000000e+00,0.000000000000000000e+00,0.000000000000000000e+00,0.000000000000000000e+00,0.000000000000000000e+00,0.000000000000000000e+00,0.000000000000000000e+00,0.000000000000000000e+00,0.000000000000000000e+00,0.000000000000000000e+00,0.000000000000000000e+00,0.000000000000000000e+00,0.000000000000000000e+00,0.000000000000000000e+00,0.000000000000000000e+00,0.000000000000000000e+00,0.000000000000000000e+00,0.000000000000000000e+00,0.000000000000000000e+00,0.000000000000000000e+00,-1.405234485864639282e-01,-5.827678442001342773e-01,-1.559999942779541016e+00,0.000000000000000000e+00,-3.932454809546470642e-02,4.913754165172576904e-01,1.067642688751220703e+00,0.000000000000000000e+00,-5.400034412741661072e-02,-1.538728654660532547e-17,-5.174886062741279602e-02,4.499999880790710449e-01,-1.416278630495071411e-02,-4.404186308383941650e-01,5.000000000000000000e-01,9.695541262626647949e-01,7.461263239383697510e-02,-1.186585068702697754e+00,-2.999999932944774628e-02,-5.539998412132263184e-01,5.482590198516845703e-02,1.805431485176086426e+00,-4.437055587768554688e-01
-8.846348524093627930e-02,-2.548979520797729492e+00,4.344710111618041992e-01,1.179970204830169678e-01,1.248157992959022522e-01,-6.521316170692443848e-01,7.383915185928344727e-01,0.000000000000000000e+00,0.000000000000000000e+00,0.000000000000000000e+00,0.000000000000000000e+00,0.000000000000000000e+00,0.000000000000000000e+00,0.000000000000000000e+00,0.000000000000000000e+00,0.000000000000000000e+00,0.000000000000000000e+00,0.000000000000000000e+00,0.000000000000000000e+00,0.000000000000000000e+00,0.000000000000000000e+00,0.000000000000000000e+00,0.000000000000000000e+00,0.000000000000000000e+00,0.000000000000000000e+00,0.000000000000000000e+00,0.000000000000000000e+00,0.000000000000000000e+00,0.000000000000000000e+00,0.000000000000000000e+00,0.000000000000000000e+00,-9.666009247303009033e-02,-6.769864559173583984e-01,-1.326162576675415039e+00,0.000000000000000000e+00,-5.094889551401138306e-03,2.641029059886932373e-01,6.703454852104187012e-01,0.000000000000000000e+00,-7.936641573905944824e-02,1.815952198539208136e-18,-6.075035035610198975e-02,4.499999880790710449e-01,-2.557658031582832336e-02,-4.705787599086761475e-01,5.000000000000000000e-01,9.339728355407714844e-01,1.074955537915229797e-01,-9.341485500335693359e-01,3.939087316393852234e-02,-4.281657040119171143e-01,1.849595643579959869e-02,1.520074248313903809e+00,-3.486011326313018799e-01
-9.507464617490768433e-02,-2.569079399108886719e+00,4.128823578357696533e-01,1.049061939120292664e-01,8.202317357063293457e-02,-6.674705743789672852e-01,7.326322197914123535e-01,0.000000000000000000e+00,0.000000000000000000e+00,0.000000000000000000e+00,0.000000000000000000e+00,0.000000000000000000e+00,0.000000000000000000e+00,0.000000000000000000e+00,0.000000000000000000e+00,0.000000000000000000e+00,0.000000000000000000e+00,0.000000000000000000e+00,0.000000000000000000e+00,0.000000000000000000e+00,0.000000000000000000e+00,0.000000000000000000e+00,0.000000000000000000e+00,0.000000000000000000e+00,0.000000000000000000e+00,0.000000000000000000e+00,0.000000000000000000e+00,0.000000000000000000e+00,0.000000000000000000e+00,0.000000000000000000e+00,0.000000000000000000e+00,-8.451807498931884766e-02,-5.860388278961181641e-01,-9.432467818260192871e-01,0.000000000000000000e+00,-1.361642405390739441e-02,1.364361494779586792e-01,6.409976482391357422e-01,0.000000000000000000e+00,-8.168707787990570068e-02,-4.260160810893874107e-17,-4.539806023240089417e-02,4.499999880790710449e-01,5.911975167691707611e-03,-4.572053253650665283e-01,5.000000000000000000e-01,9.362819790840148926e-01,8.644182235002517700e-02,-9.227651953697204590e-01,5.004462003707885742e-01,-4.642167985439300537e-01,-1.419477257877588272e-02,1.343461751937866211e+00,-4.461484849452972412e-01
-9.694797545671463013e-02,-2.589546442031860352e+00,3.878564834594726562e-01,9.259409457445144653e-02,3.588580340147018433e-02,-7.130382657051086426e-01,6.940568685531616211e-01,0.000000000000000000e+00,0.000000000000000000e+00,0.000000000000000000e+00,0.000000000000000000e+00,0.000000000000000000e+00,0.000000000000000000e+00,0.000000000000000000e+00,0.000000000000000000e+00,0.000000000000000000e+00,0.000000000000000000e+00,0.000000000000000000e+00,0.000000000000000000e+00,0.000000000000000000e+00,0.000000000000000000e+00,0.000000000000000000e+00,0.000000000000000000e+00,0.000000000000000000e+00,0.000000000000000000e+00,0.000000000000000000e+00,0.000000000000000000e+00,0.000000000000000000e+00,0.000000000000000000e+00,0.000000000000000000e+00,0.000000000000000000e+00,-1.137810647487640381e-01,-3.739363253116607666e-01,-5.824304819107055664e-01,0.000000000000000000e+00,-1.740332692861557007e-02,1.322133187204599380e-02,5.822613239288330078e-01,0.000000000000000000e+00,-4.929086938500404358e-02,-1.784784860238822606e-18,2.384059131145477295e-02,4.499999880790710449e-01,1.049321219325065613e-01,-3.627977669239044189e-01,5.000000000000000000e-01,9.580904245376586914e-01,1.701433025300502777e-02,-1.058683872222900391e+00,9.447190761566162109e-01,-6.634104251861572266e-01,-2.215705253183841705e-02,1.340360879898071289e+00,-2.718738615512847900e-01
-9.959724545478820801e-02,-2.613001585006713867e+00,3.586784005165100098e-01,5.532569065690040588e-02,1.249217428267002106e-02,-7.316189408302307129e-01,6.793502569198608398e-01,0.000000000000000000e+00,0.000000000000000000e+00,0.000000000000000000e+00,0.000000000000000000e+00,0.000000000000000000e+00,0.000000000000000000e+00,0.000000000000000000e+00,0.000000000000000000e+00,0.000000000000000000e+00,0.000000000000000000e+00,0.000000000000000000e+00,0.000000000000000000e+00,0.000000000000000000e+00,0.000000000000000000e+00,0.000000000000000000e+00,0.000000000000000000e+00,0.000000000000000000e+00,0.000000000000000000e+00,0.000000000000000000e+00,0.000000000000000000e+00,0.000000000000000000e+00,0.000000000000000000e+00,0.000000000000000000e+00,0.000000000000000000e+00,-7.854750007390975952e-02,-2.877733707427978516e-01,-7.523121237754821777e-01,0.000000000000000000e+00,1.379004865884780884e-02,-7.747643440961837769e-02,6.390668153762817383e-01,0.000000000000000000e+00,3.062594309449195862e-02,-4.330295138926530175e-17,6.404844112694263458e-03,4.499999880790710449e-01,1.742582321166992188e-01,-2.495797872543334961e-01,5.000000000000000000e-01,9.623053669929504395e-01,-5.884097144007682800e-02,-1.300149083137512207e+00,1.363879084587097168e+00,-8.427094221115112305e-01,-6.534420698881149292e-02,1.320254206657409668e+00,-1.665607541799545288e-01
-1.064095795154571533e-01,-2.637992382049560547e+00,3.350663483142852783e-01,2.187434770166873932e-02,-2.148748002946376801e-02,-7.286333441734313965e-01,6.842172145843505859e-01,0.000000000000000000e+00,0.000000000000000000e+00,0.000000000000000000e+00,0.000000000000000000e+00,0.000000000000000000e+00,0.000000000000000000e+00,0.000000000000000000e+00,0.000000000000000000e+00,0.000000000000000000e+00,0.000000000000000000e+00,0.000000000000000000e+00,0.000000000000000000e+00,0.000000000000000000e+00,0.000000000000000000e+00,0.000000000000000000e+00,0.000000000000000000e+00,0.000000000000000000e+00,0.000000000000000000e+00,0.000000000000000000e+00,0.000000000000000000e+00,0.000000000000000000e+00,0.000000000000000000e+00,0.000000000000000000e+00,0.000000000000000000e+00,-5.146725103259086609e-02,-6.848134100437164307e-02,-8.286474943161010742e-01,0.000000000000000000e+00,8.293460309505462646e-02,-2.304463386535644531e-01,7.236182689666748047e-01,0.000000000000000000e+00,5.412229150533676147e-02,-5.471919279636791982e-18,-6.398465484380722046e-02,4.499999880790710449e-01,1.918301135301589966e-01,-1.755426377058029175e-01,5.000000000000000000e-01,9.136697053909301758e-01,-1.198137179017066956e-01,-1.532064676284790039e+00,1.490000009536743164e+00,-9.620438218116760254e-01,-1.174999698996543884e-01,1.194018602371215820e+00,2.951865456998348236e-02
-1.165484189987182617e-01,-2.655783653259277344e+00,3.220027387142181396e-01,2.024124003946781158e-02,-5.876908078789710999e-02,-7.199566960334777832e-01,6.912299394607543945e-01,0.000000000000000000e+00,0.000000000000000000e+00,0.000000000000000000e+00,0.000000000000000000e+00,0.000000000000000000e+00,0.000000000000000000e+00,0.000000000000000000e+00,0.000000000000000000e+00,0.000000000000000000e+00,0.000000000000000000e+00,0.000000000000000000e+00,0.000000000000000000e+00,0.000000000000000000e+00,0.000000000000000000e+00,0.000000000000000000e+00,0.000000000000000000e+00,0.000000000000000000e+00,0.000000000000000000e+00,0.000000000000000000e+00,0.000000000000000000e+00,0.000000000000000000e+00,0.000000000000000000e+00,0.000000000000000000e+00,0.000000000000000000e+00,-7.337054610252380371e-02,1.562049519270658493e-02,-8.934551477432250977e-01,0.000000000000000000e+00,1.016995385289192200e-01,-3.793030381202697754e-01,7.215394973754882812e-01,0.000000000000000000e+00,-1.025785785168409348e-02,-2.909824525975763740e-18,-1.215142384171485901e-01,4.499999880790710449e-01,1.768674999475479126e-01,-1.487439721822738647e-01,5.000000000000000000e-01,8.064507246017456055e-01,-1.259381771087646484e-01,-1.791599392890930176e+00,1.489383578300476074e+00,-9.700000286102294922e-01,-1.049787327647209167e-01,1.118924856185913086e+00,2.999999932944774628e-02
-1.187334880232810974e-01,-2.674084424972534180e+00,3.170040249824523926e-01,1.440729852765798569e-02,-7.091753184795379639e-02,-7.122204303741455078e-01,6.982157230377197266e-01,0.000000000000000000e+00,0.000000000000000000e+00,0.000000000000000000e+00,0.000000000000000000e+00,0.000000000000000000e+00,0.000000000000000000e+00,0.000000000000000000e+00,0.000000000000000000e+00,0.000000000000000000e+00,0.000000000000000000e+00,0.000000000000000000e+00,0.000000000000000000e+00,0.000000000000000000e+00,0.000000000000000000e+00,0.000000000000000000e+00,0.000000000000000000e+00,0.000000000000000000e+00,0.000000000000000000e+00,0.000000000000000000e+00,0.000000000000000000e+00,0.000000000000000000e+00,0.000000000000000000e+00,0.000000000000000000e+00,0.000000000000000000e+00,-5.594547837972640991e-02,9.346193820238113403e-02,-9.222701191902160645e-01,0.000000000000000000e+00,1.338690668344497681e-01,-4.441524446010589600e-01,7.051525712013244629e-01,0.000000000000000000e+00,-6.004383787512779236e-02,-1.122740000236467148e-18,-1.448605656623840332e-01,4.499999880790710449e-01,1.443261057138442993e-01,-1.628333628177642822e-01,5.000000000000000000e-01,6.707736253738403320e-01,-1.710839867591857910e-01,-1.786362528800964355e+00,1.127952098846435547e+00,-9.700000286102294922e-01,-5.822891369462013245e-02,1.076913356781005859e+00,2.999999932944774628e-02
-1.184163615107536316e-01,-2.703320980072021484e+00,3.175035715103149414e-01,-3.523637074977159500e-03,-5.713300779461860657e-02,-7.117730975151062012e-01,7.000731825828552246e-01,0.000000000000000000e+00,0.000000000000000000e+00,0.000000000000000000e+00,0.000000000000000000e+00,0.000000000000000000e+00,0.000000000000000000e+00,0.000000000000000000e+00,0.000000000000000000e+00,0.000000000000000000e+00,0.000000000000000000e+00,0.000000000000000000e+00,0.000000000000000000e+00,0.000000000000000000e+00,0.000000000000000000e+00,0.000000000000000000e+00,0.000000000000000000e+00,0.000000000000000000e+00,0.000000000000000000e+00,0.000000000000000000e+00,0.000000000000000000e+00,0.000000000000000000e+00,0.000000000000000000e+00,0.000000000000000000e+00,0.000000000000000000e+00,-2.614855766296386719e-03,1.340833902359008789e-01,-9.509578943252563477e-01,0.000000000000000000e+00,1.498393267393112183e-01,-3.214734792709350586e-01,8.352831006050109863e-01,0.000000000000000000e+00,-7.778318226337432861e-02,1.668963940767821479e-17,-1.366206556558609009e-01,4.499999880790710449e-01,1.041336730122566223e-01,-1.848576366901397705e-01,5.000000000000000000e-01,5.738579630851745605e-01,-1.799999773502349854e-01,-1.645249485969543457e+00,7.937067151069641113e-01,-9.700000286102294922e-01,2.171772904694080353e-02,9.093860387802124023e-01,2.999999932944774628e-02
-1.165444776415824890e-01,-2.733498096466064453e+00,3.190538585186004639e-01,-2.478056028485298157e-02,-3.195841237902641296e-02,-7.144156694412231445e-01,6.985519528388977051e-01,0.000000000000000000e+00,0.000000000000000000e+00,0.000000000000000000e+00,0.000000000000000000e+00,0.000000000000000000e+00,0.000000000000000000e+00,0.000000000000000000e+00,0.000000000000000000e+00,0.000000000000000000e+00,0.000000000000000000e+00,0.000000000000000000e+00,0.000000000000000000e+00,0.000000000000000000e+00,0.000000000000000000e+00,0.000000000000000000e+00,0.000000000000000000e+00,0.000000000000000000e+00,0.000000000000000000e+00,0.000000000000000000e+00,0.000000000000000000e+00,0.000000000000000000e+00,0.000000000000000000e+00,0.000000000000000000e+00,0.000000000000000000e+00,6.991031020879745483e-02,1.330696940422058105e-01,-9.983615279197692871e-01,0.000000000000000000e+00,7.487779110670089722e-02,4.073102399706840515e-02,1.236264705657958984e+00,0.000000000000000000e+00,-6.560108065605163574e-02,2.184338821418985372e-17,-1.264863312244415283e-01,4.499999880790710449e-01,8.992867171764373779e-02,-1.972768157720565796e-01,5.000000000000000000e-01,5.082703232765197754e-01,-1.800000071525573730e-01,-1.469447374343872070e+00,7.210806012153625488e-01,-9.700000286102294922e-01,7.907570898532867432e-02,7.486293315887451172e-01,2.999999932944774628e-02
-1.180339604616165161e-01,-2.759326219558715820e+00,3.220221400260925293e-01,-5.253454670310020447e-02,6.427910644561052322e-03,-7.169185280799865723e-01,6.951450109481811523e-01,0.000000000000000000e+00,0.000000000000000000e+00,0.000000000000000000e+00,0.000000000000000000e+00,0.000000000000000000e+00,0.000000000000000000e+00,0.000000000000000000e+00,0.000000000000000000e+00,0.000000000000000000e+00,0.000000000000000000e+00,0.000000000000000000e+00,0.000000000000000000e+00,0.000000000000000000e+00,0.000000000000000000e+00,0.000000000000000000e+00,0.000000000000000000e+00,0.000000000000000000e+00,0.000000000000000000e+00,0.000000000000000000e+00,0.000000000000000000e+00,0.000000000000000000e+00,0.000000000000000000e+00,0.000000000000000000e+00,0.000000000000000000e+00,1.734498739242553711e-01,1.322976201772689819e-01,-1.008255004882812500e+00,0.000000000000000000e+00,1.045406535267829895e-01,3.383035957813262939e-01,1.559999942779541016e+00,0.000000000000000000e+00,-6.276377942413091660e-03,1.287949682054386291e-18,-1.205414533615112305e-01,4.167796671390533447e-01,1.083349362015724182e-01,-1.934274137020111084e-01,5.000000000000000000e-01,5.109102129936218262e-01,-1.587539017200469971e-01,-1.354032039642333984e+00,7.560256719589233398e-01,-9.700000286102294922e-01,1.047499254345893860e-01,6.273256540298461914e-01,2.999999932944774628e-02
-1.211459860205650330e-01,-2.783218622207641602e+00,3.264791071414947510e-01,-7.133515924215316772e-02,3.410219028592109680e-02,-7.198720574378967285e-01,6.895886659622192383e-01,0.000000000000000000e+00,0.000000000000000000e+00,0.000000000000000000e+00,0.000000000000000000e+00,0.000000000000000000e+00,0.000000000000000000e+00,0.000000000000000000e+00,0.000000000000000000e+00,0.000000000000000000e+00,0.000000000000000000e+00,0.000000000000000000e+00,0.000000000000000000e+00,0.000000000000000000e+00,0.000000000000000000e+00,0.000000000000000000e+00,0.000000000000000000e+00,0.000000000000000000e+00,0.000000000000000000e+00,0.000000000000000000e+00,0.000000000000000000e+00,0.000000000000000000e+00,0.000000000000000000e+00,0.000000000000000000e+00,0.000000000000000000e+00,2.513885796070098877e-01,1.561643183231353760e-01,-9.761303663253784180e-01,0.000000000000000000e+00,1.262718737125396729e-01,3.751612901687622070e-01,1.559999942779541016e+00,0.000000000000000000e+00,4.311003908514976501e-02,-3.928307529666175146e-17,-8.872456848621368408e-02,3.572352230548858643e-01,9.715950489044189453e-02,-2.403047531843185425e-01,5.000000000000000000e-01,6.504919528961181641e-01,-1.799893081188201904e-01,-1.423783421516418457e+00,6.987043023109436035e-01,-9.645150899887084961e-01,1.214673519134521484e-01,5.527930259704589844e-01,-4.470679536461830139e-02
-1.245025172829627991e-01,-2.803514719009399414e+00,3.339128196239471436e-01,-1.008716002106666565e-01,6.787777692079544067e-02,-7.323322892189025879e-01,6.700052022933959961e-01,0.000000000000000000e+00,0.000000000000000000e+00,0.000000000000000000e+00,0.000000000000000000e+00,0.000000000000000000e+00,0.000000000000000000e+00,0.000000000000000000e+00,0.000000000000000000e+00,0.000000000000000000e+00,0.000000000000000000e+00,0.000000000000000000e+00,0.000000000000000000e+00,0.000000000000000000e+00,0.000000000000000000e+00,0.000000000000000000e+00,0.000000000000000000e+00,0.000000000000000000e+00,0.000000000000000000e+00,0.000000000000000000e+00,0.000000000000000000e+00,0.000000000000000000e+00,0.000000000000000000e+00,0.000000000000000000e+00,0.000000000000000000e+00,3.613747656345367432e-01,1.812962740659713745e-01,-9.344666004180908203e-01,0.000000000000000000e+00,1.606684625148773193e-01,5.644687414169311523e-01,1.559999942779541016e+00,0.000000000000000000e+00,1.445655822753906250e-01,-2.102104660822026126e-17,-1.891872100532054901e-02,3.159773945808410645e-01,5.357753857970237732e-02,-3.053958415985107422e-01,5.000000000000000000e-01,7.233392596244812012e-01,-1.793802827596664429e-01,-1.419504404067993164e+00,6.561046242713928223e-01,-9.479689598083496094e-01,1.212632954120635986e-01,5.622035861015319824e-01,-3.095864355564117432e-01
-1.296605169773101807e-01,-2.822550058364868164e+00,3.402744829654693604e-01,-1.178143694996833801e-01,8.285080641508102417e-02,-7.416511178016662598e-01,6.551405787467956543e-01,0.000000000000000000e+00,0.000000000000000000e+00,0.000000000000000000e+00,0.000000000000000000e+00,0.000000000000000000e+00,0.000000000000000000e+00,0.000000000000000000e+00,0.000000000000000000e+00,0.000000000000000000e+00,0.000000000000000000e+00,0.000000000000000000e+00,0.000000000000000000e+00,0.000000000000000000e+00,0.000000000000000000e+00,0.000000000000000000e+00,0.000000000000000000e+00,0.000000000000000000e+00,0.000000000000000000e+00,0.000000000000000000e+00,0.000000000000000000e+00,0.000000000000000000e+00,0.000000000000000000e+00,0.000000000000000000e+00,0.000000000000000000e+00,4.232110083103179932e-01,2.073663473129272461e-01,-8.877613544464111328e-01,0.000000000000000000e+00,1.571620106697082520e-01,6.238217949867248535e-01,1.325001001358032227e+00,0.000000000000000000e+00,2.163197845220565796e-01,2.316405568120527962e-18,3.414447233080863953e-02,2.760274708271026611e-01,4.944568034261465073e-03,-3.517750799655914307e-01,5.000000000000000000e-01,7.619611024856567383e-01,-1.690753698348999023e-01,-1.355671882629394531e+00,5.766022801399230957e-01,-9.378536343574523926e-01,1.054557636380195618e-01,6.584318876266479492e-01,-6.398707628250122070e-01
-1.405450999736785889e-01,-2.840609073638916016e+00,3.438021242618560791e-01,-1.206342577934265137e-01,7.308062911033630371e-02,-7.331225275993347168e-01,6.653103828430175781e-01,0.000000000000000000e+00,0.000000000000000000e+00,0.000000000000000000e+00,0.000000000000000000e+00,0.000000000000000000e+00,0.000000000000000000e+00,0.000000000000000000e+00,0.000000000000000000e+00,0.000000000000000000e+00,0.000000000000000000e+00,0.000000000000000000e+00,0.000000000000000000e+00,0.000000000000000000e+00,0.000000000000000000e+00,0.000000000000000000e+00,0.000000000000000000e+00,0.000000000000000000e+00,0.000000000000000000e+00,0.000000000000000000e+00,0.000000000000000000e+00,0.000000000000000000e+00,0.000000000000000000e+00,0.000000000000000000e+00,0.000000000000000000e+00,4.319443106651306152e-01,2.298060655593872070e-01,-8.402844667434692383e-01,0.000000000000000000e+00,1.666683405637741089e-01,4.947108924388885498e-01,9.658308625221252441e-01,0.000000000000000000e+00,2.186564803123474121e-01,8.918179945430238528e-18,1.363500766456127167e-02,2.298495024442672729e-01,-7.556324452161788940e-02,-3.900134861469268799e-01,5.000000000000000000e-01,7.972696423530578613e-01,-1.499953269958496094e-01,-1.285659551620483398e+00,4.972878992557525635e-01,-9.254929423332214355e-01,8.852168172597885132e-02,8.277962207794189453e-01,-9.599762558937072754e-01
-1.545091867446899414e-01,-2.857173681259155273e+00,3.465154767036437988e-01,-9.343271702527999878e-02,3.410796821117401123e-02,-7.219789028167724609e-01,6.847287416458129883e-01,0.000000000000000000e+00,0.000000000000000000e+00,0.000000000000000000e+00,0.000000000000000000e+00,0.000000000000000000e+00,0.000000000000000000e+00,0.000000000000000000e+00,0.000000000000000000e+00,0.000000000000000000e+00,0.000000000000000000e+00,0.000000000000000000e+00,0.000000000000000000e+00,0.000000000000000000e+00,0.000000000000000000e+00,0.000000000000000000e+00,0.000000000000000000e+00,0.000000000000000000e+00,0.000000000000000000e+00,0.000000000000000000e+00,0.000000000000000000e+00,0.000000000000000000e+00,0.000000000000000000e+00,0.000000000000000000e+00,0.000000000000000000e+00,3.875287771224975586e-01,1.879402548074722290e-01,-8.597460985183715820e-01,0.000000000000000000e+00,1.095132082700729370e-01,4.164964258670806885e-01,9.451018571853637695e-01,0.000000000000000000e+00,1.301674693822860718e-01,-2.283539118123897258e-17,-2.150004357099533081e-02,1.660285741090774536e-01,-1.328022181987762451e-01,-4.154289364814758301e-01,5.000000000000000000e-01,7.598177790641784668e-01,-1.260560601949691772e-01,-1.172957062721252441e+00,4.605957865715026855e-01,-8.710601925849914551e-01,6.704914569854736328e-02,1.001873970031738281e+00,-1.314044594764709473e+00
-1.672817468643188477e-01,-2.872363090515136719e+00,3.457535207271575928e-01,-7.018087804317474365e-02,-1.406702212989330292e-02,-7.179923653602600098e-01,6.923609972000122070e-01,0.000000000000000000e+00,0.000000000000000000e+00,0.000000000000000000e+00,0.000000000000000000e+00,0.000000000000000000e+00,0.000000000000000000e+00,0.000000000000000000e+00,0.000000000000000000e+00,0.000000000000000000e+00,0.000000000000000000e+00,0.000000000000000000e+00,0.000000000000000000e+00,0.000000000000000000e+00,0.000000000000000000e+00,0.000000000000000000e+00,0.000000000000000000e+00,0.000000000000000000e+00,0.000000000000000000e+00,0.000000000000000000e+00,0.000000000000000000e+00,0.000000000000000000e+00,0.000000000000000000e+00,0.000000000000000000e+00,0.000000000000000000e+00,3.428337574005126953e-01,1.007520258426666260e-01,-9.832708835601806641e-01,0.000000000000000000e+00,2.226101793348789215e-02,3.286110460758209229e-01,9.765565991401672363e-01,0.000000000000000000e+00,4.799430072307586670e-02,1.219704448425163514e-17,-1.495259255170822144e-02,1.297480016946792603e-01,-1.267322748899459839e-01,-4.460441470146179199e-01,5.000000000000000000e-01,7.772606015205383301e-01,-1.084357276558876038e-01,-1.092409014701843262e+00,4.398065507411956787e-01,-8.560730814933776855e-01,2.550891041755676270e-02,1.185407042503356934e+00,-1.405080199241638184e+00
-1.760905385017395020e-01,-2.885560512542724609e+00,3.467145562171936035e-01,-7.267046719789505005e-02,-3.109055943787097931e-02,-7.227807641029357910e-01,6.865423321723937988e-01,0.000000000000000000e+00,0.000000000000000000e+00,0.000000000000000000e+00,0.000000000000000000e+00,0.000000000000000000e+00,0.000000000000000000e+00,0.000000000000000000e+00,0.000000000000000000e+00,0.000000000000000000e+00,0.000000000000000000e+00,0.000000000000000000e+00,0.000000000000000000e+00,0.000000000000000000e+00,0.000000000000000000e+00,0.000000000000000000e+00,0.000000000000000000e+00,0.000000000000000000e+00,0.000000000000000000e+00,0.000000000000000000e+00,0.000000000000000000e+00,0.000000000000000000e+00,0.000000000000000000e+00,0.000000000000000000e+00,0.000000000000000000e+00,3.078138828277587891e-01,-1.499014813452959061e-02,-1.123111486434936523e+00,0.000000000000000000e+00,1.237091887742280960e-02,3.115931451320648193e-01,1.007756233215332031e+00,0.000000000000000000e+00,5.401487648487091064e-02,8.938508736164341736e-18,1.890003867447376251e-02,9.048679471015930176e-02,-8.524779975414276123e-02,-4.681935012340545654e-01,5.000000000000000000e-01,7.604386210441589355e-01,-9.724009037017822266e-02,-9.830450415611267090e-01,4.190883934497833252e-01,-8.231945633888244629e-01,-4.343155771493911743e-02,1.315693974494934082e+00,-1.291080832481384277e+00
-1.817891150712966919e-01,-2.897641658782958984e+00,3.475366234779357910e-01,-8.321113884449005127e-02,-3.340792655944824219e-02,-7.333107590675354004e-01,6.739548444747924805e-01,0.000000000000000000e+00,0.000000000000000000e+00,0.000000000000000000e+00,0.000000000000000000e+00,0.000000000000000000e+00,0.000000000000000000e+00,0.000000000000000000e+00,0.000000000000000000e+00,0.000000000000000000e+00,0.000000000000000000e+00,0.000000000000000000e+00,0.000000000000000000e+00,0.000000000000000000e+00,0.000000000000000000e+00,0.000000000000000000e+00,0.000000000000000000e+00,0.000000000000000000e+00,0.000000000000000000e+00,0.000000000000000000e+00,0.000000000000000000e+00,0.000000000000000000e+00,0.000000000000000000e+00,0.000000000000000000e+00,0.000000000000000000e+00,2.462512701749801636e-01,-1.493722498416900635e-01,-1.292211413383483887e+00,0.000000000000000000e+00,3.548876568675041199e-02,2.855331003665924072e-01,1.007043004035949707e+00,0.000000000000000000e+00,8.935184776782989502e-02,2.580049949627410537e-17,6.070731580257415771e-02,5.690679699182510376e-02,-3.598703071475028992e-02,-4.874725341796875000e-01,5.000000000000000000e-01,7.581571340560913086e-01,-9.538815915584564209e-02,-8.984332680702209473e-01,3.829575777053833008e-01,-7.530183196067810059e-01,-1.109699979424476624e-01,1.343135595321655273e+00,-1.058461904525756836e+00
-1.871737539768218994e-01,-2.908673524856567383e+00,3.481732308864593506e-01,-9.296477586030960083e-02,-3.090484067797660828e-02,-7.385638356208801270e-01,6.670277118682861328e-01,0.000000000000000000e+00,0.000000000000000000e+00,0.000000000000000000e+00,0.000000000000000000e+00,0.000000000000000000e+00,0.000000000000000000e+00,0.000000000000000000e+00,0.000000000000000000e+00,0.000000000000000000e+00,0.000000000000000000e+00,0.000000000000000000e+00,0.000000000000000000e+00,0.000000000000000000e+00,0.000000000000000000e+00,0.000000000000000000e+00,0.000000000000000000e+00,0.000000000000000000e+00,0.000000000000000000e+00,0.000000000000000000e+00,0.000000000000000000e+00,0.000000000000000000e+00,0.000000000000000000e+00,0.000000000000000000e+00,0.000000000000000000e+00,2.136993259191513062e-01,-2.695814669132232666e-01,-1.449088573455810547e+00,0.000000000000000000e+00,6.292483210563659668e-02,2.550970017910003662e-01,9.964008927345275879e-01,0.000000000000000000e+00,1.186362802982330322e-01,-2.178919961226150488e-17,8.338559418916702271e-02,2.871040627360343933e-02,-7.712616585195064545e-03,-5.124933719635009766e-01,5.000000000000000000e-01,7.569441199302673340e-01,-9.422100335359573364e-02,-8.317926526069641113e-01,3.540711402893066406e-01,-6.429658532142639160e-01,-1.585331261157989502e-01,1.260895371437072754e+00,-7.879564166069030762e-01
-1.929450333118438721e-01,-2.919137477874755859e+00,3.470296263694763184e-01,-1.047286540269851685e-01,-2.709643356502056122e-02,-7.372403740882873535e-01,6.669140458106994629e-01,0.000000000000000000e+00,0.000000000000000000e+00,0.000000000000000000e+00,0.000000000000000000e+00,0.000000000000000000e+00,0.000000000000000000e+00,0.000000000000000000e+00,0.000000000000000000e+00,0.000000000000000000e+00,0.000000000000000000e+00,0.000000000000000000e+00,0.000000000000000000e+00,0.000000000000000000e+00,0.000000000000000000e+00,0.000000000000000000e+00,0.000000000000000000e+00,0.000000000000000000e+00,0.000000000000000000e+00,0.000000000000000000e+00,0.000000000000000000e+00,0.000000000000000000e+00,0.000000000000000000e+00,0.000000000000000000e+00,0.000000000000000000e+00,2.295596003532409668e-01,-3.264475166797637939e-01,-1.550072312355041504e+00,0.000000000000000000e+00,8.960431814193725586e-02,2.128906846046447754e-01,9.816908240318298340e-01,0.000000000000000000e+00,1.430436968803405762e-01,3.805198569972153058e-17,9.158223122358322144e-02,4.257988650351762772e-03,-7.926390506327152252e-03,-5.445207953453063965e-01,5.000000000000000000e-01,7.596881389617919922e-01,-8.517743647098541260e-02,-7.791363596916198730e-01,3.447901606559753418e-01,-5.354129076004028320e-01,-1.889881342649459839e-01,1.101080775260925293e+00,-5.602789521217346191e-01
-1.986616551876068115e-01,-2.928696393966674805e+00,3.439393639564514160e-01,-1.157033219933509827e-01,-2.391897328197956085e-02,-7.331501841545104980e-01,6.697248816490173340e-01,0.000000000000000000e+00,0.000000000000000000e+00,0.000000000000000000e+00,0.000000000000000000e+00,0.000000000000000000e+00,0.000000000000000000e+00,0.000000000000000000e+00,0.000000000000000000e+00,0.000000000000000000e+00,0.000000000000000000e+00,0.000000000000000000e+00,0.000000000000000000e+00,0.000000000000000000e+00,0.000000000000000000e+00,0.000000000000000000e+00,0.000000000000000000e+00,0.000000000000000000e+00,0.000000000000000000e+00,0.000000000000000000e+00,0.000000000000000000e+00,0.000000000000000000e+00,0.000000000000000000e+00,0.000000000000000000e+00,0.000000000000000000e+00,2.531140148639678955e-01,-3.349128365516662598e-01,-1.536452770233154297e+00,0.000000000000000000e+00,1.102123782038688660e-01,1.765850484371185303e-01,9.716932177543640137e-01,0.000000000000000000e+00,1.702522039413452148e-01,6.697138127615540255e-17,9.909531474113464355e-02,-2.784284949302673340e-02,-8.719553239643573761e-03,-5.705151557922363281e-01,5.000000000000000000e-01,7.676565051078796387e-01,-7.809683680534362793e-02,-7.419435977935791016e-01,3.535116016864776611e-01,-4.544327855110168457e-01,-2.193474024534225464e-01,9.151162505149841309e-01,-4.553059041500091553e-01
-2.050841450691223145e-01,-2.936357021331787109e+00,3.406522274017333984e-01,-1.189393401145935059e-01,-2.330545894801616669e-02,-7.302230596542358398e-01,6.723723411560058594e-01,0.000000000000000000e+00,0.000000000000000000e+00,0.000000000000000000e+00,0.000000000000000000e+00,0.000000000000000000e+00,0.000000000000000000e+00,0.000000000000000000e+00,0.000000000000000000e+00,0.000000000000000000e+00,0.000000000000000000e+00,0.000000000000000000e+00,0.000000000000000000e+00,0.000000000000000000e+00,0.000000000000000000e+00,0.000000000000000000e+00,0.000000000000000000e+00,0.000000000000000000e+00,0.000000000000000000e+00,0.000000000000000000e+00,0.000000000000000000e+00,0.000000000000000000e+00,0.000000000000000000e+00,0.000000000000000000e+00,0.000000000000000000e+00,2.516205608844757080e-01,-3.395862877368927002e-01,-1.432038903236389160e+00,0.000000000000000000e+00,1.201955825090408325e-01,1.574391126632690430e-01,9.713252186775207520e-01,0.000000000000000000e+00,1.957584470510482788e-01,4.734790511649962218e-18,1.032021567225456238e-01,-7.958571612834930420e-02,2.533181384205818176e-02,-5.613423585891723633e-01,5.000000000000000000e-01,7.778904438018798828e-01,-8.063758164644241333e-02,-7.195006608963012695e-01,3.552085757255554199e-01,-3.996377885341644287e-01,-2.386206537485122681e-01,7.078978419303894043e-01,-3.455316126346588135e-01
-2.108657509088516235e-01,-2.942616701126098633e+00,3.392883539199829102e-01,-1.145463883876800537e-01,-2.423705160617828369e-02,-7.300345897674560547e-01,6.733061075210571289e-01,0.000000000000000000e+00,0.000000000000000000e+00,0.000000000000000000e+00,0.000000000000000000e+00,0.000000000000000000e+00,0.000000000000000000e+00,0.000000000000000000e+00,0.000000000000000000e+00,0.000000000000000000e+00,0.000000000000000000e+00,0.000000000000000000e+00,0.000000000000000000e+00,0.000000000000000000e+00,0.000000000000000000e+00,0.000000000000000000e+00,0.000000000000000000e+00,0.000000000000000000e+00,0.000000000000000000e+00,0.000000000000000000e+00,0.000000000000000000e+00,0.000000000000000000e+00,0.000000000000000000e+00,0.000000000000000000e+00,0.000000000000000000e+00,2.282219678163528442e-01,-3.530372977256774902e-01,-1.285624861717224121e+00,0.000000000000000000e+00,1.241201832890510559e-01,1.539448648691177368e-01,9.799595475196838379e-01,0.000000000000000000e+00,2.146051228046417236e-01,6.740564530748145421e-18,1.002925261855125427e-01,-1.529773920774459839e-01,7.879832386970520020e-02,-5.068241953849792480e-01,5.000000000000000000e-01,7.876848578453063965e-01,-8.680522441864013672e-02,-7.148179411888122559e-01,3.631396293640136719e-01,-3.593828976154327393e-01,-2.398200631141662598e-01,5.286997556686401367e-01,-2.792503237724304199e-01
-2.152862399816513062e-01,-2.950271129608154297e+00,3.403472304344177246e-01,-1.049805805087089539e-01,-2.816453389823436737e-02,-7.331851720809936523e-01,6.712863445281982422e-01,0.000000000000000000e+00,0.000000000000000000e+00,0.000000000000000000e+00,0.000000000000000000e+00,0.000000000000000000e+00,0.000000000000000000e+00,0.000000000000000000e+00,0.000000000000000000e+00,0.000000000000000000e+00,0.000000000000000000e+00,0.000000000000000000e+00,0.000000000000000000e+00,0.000000000000000000e+00,0.000000000000000000e+00,0.000000000000000000e+00,0.000000000000000000e+00,0.000000000000000000e+00,0.000000000000000000e+00,0.000000000000000000e+00,0.000000000000000000e+00,0.000000000000000000e+00,0.000000000000000000e+00,0.000000000000000000e+00,0.000000000000000000e+00,1.804078668355941772e-01,-3.524087369441986084e-01,-1.124413609504699707e+00,0.000000000000000000e+00,1.223638281226158142e-01,1.537935584783554077e-01,9.867008328437805176e-01,0.000000000000000000e+00,2.197456508874893188e-01,-5.565950772848043764e-17,9.588357061147689819e-02,-2.295631468296051025e-01,1.220335736870765686e-01,-4.197452068328857422e-01,5.000000000000000000e-01,8.024141788482666016e-01,-8.839441090822219849e-02,-7.237712740898132324e-01,3.774127662181854248e-01,-3.789452910423278809e-01,-2.343286722898483276e-01,5.319070816040039062e-01,-2.756540179252624512e-01
-2.185233086347579956e-01,-2.957536220550537109e+00,3.406808972358703613e-01,-1.022089123725891113e-01,-3.193778172135353088e-02,-7.389218807220458984e-01,6.652275919914245605e-01,0.000000000000000000e+00,0.000000000000000000e+00,0.000000000000000000e+00,0.000000000000000000e+00,0.000000000000000000e+00,0.000000000000000000e+00,0.000000000000000000e+00,0.000000000000000000e+00,0.000000000000000000e+00,0.000000000000000000e+00,0.000000000000000000e+00,0.000000000000000000e+00,0.000000000000000000e+00,0.000000000000000000e+00,0.000000000000000000e+00,0.000000000000000000e+00,0.000000000000000000e+00,0.000000000000000000e+00,0.000000000000000000e+00,0.000000000000000000e+00,0.000000000000000000e+00,0.000000000000000000e+00,0.000000000000000000e+00,0.000000000000000000e+00,1.578014343976974487e-01,-3.055158853530883789e-01,-1.014507532119750977e+00,0.000000000000000000e+00,1.249164193868637085e-01,1.446403264999389648e-01,9.893233776092529297e-01,0.000000000000000000e+00,2.272016257047653198e-01,4.013965473536552629e-18,1.058869883418083191e-01,-2.475369572639465332e-01,1.470769643783569336e-01,-3.435987234115600586e-01,5.000000000000000000e-01,7.998190522193908691e-01,-8.208294957876205444e-02,-7.093617916107177734e-01,4.152570962905883789e-01,-3.911007046699523926e-01,-2.343433946371078491e-01,5.324761867523193359e-01,-3.521220982074737549e-01
-2.198495566844940186e-01,-2.963862895965576172e+00,3.403370976448059082e-01,-1.111912652850151062e-01,-2.636756934225559235e-02,-7.472507357597351074e-01,6.546431183815002441e-01,0.000000000000000000e+00,0.000000000000000000e+00,0.000000000000000000e+00,0.000000000000000000e+00,0.000000000000000000e+00,0.000000000000000000e+00,0.000000000000000000e+00,0.000000000000000000e+00,0.000000000000000000e+00,0.000000000000000000e+00,0.000000000000000000e+00,0.000000000000000000e+00,0.000000000000000000e+00,0.000000000000000000e+00,0.000000000000000000e+00,0.000000000000000000e+00,0.000000000000000000e+00,0.000000000000000000e+00,0.000000000000000000e+00,0.000000000000000000e+00,0.000000000000000000e+00,0.000000000000000000e+00,0.000000000000000000e+00,0.000000000000000000e+00,1.757673621177673340e-01,-2.304085344076156616e-01,-9.879750609397888184e-01,0.000000000000000000e+00,1.503319591283798218e-01,1.312723755836486816e-01,9.866380095481872559e-01,0.000000000000000000e+00,2.527919709682464600e-01,7.898315550116863566e-17,1.235043033957481384e-01,-2.261298894882202148e-01,1.260935217142105103e-01,-3.033672869205474854e-01,5.000000000000000000e-01,7.805698513984680176e-01,-6.928654015064239502e-02,-6.712871789932250977e-01,4.672816395759582520e-01,-4.086873531341552734e-01,-2.194896489381790161e-01,5.239466428756713867e-01,-3.554988205432891846e-01
-2.196530848741531372e-01,-2.969757795333862305e+00,3.405333161354064941e-01,-1.224136874079704285e-01,-1.638028584420681000e-02,-7.545678615570068359e-01,6.444950699806213379e-01,0.000000000000000000e+00,0.000000000000000000e+00,0.000000000000000000e+00,0.000000000000000000e+00,0.000000000000000000e+00,0.000000000000000000e+00,0.000000000000000000e+00,0.000000000000000000e+00,0.000000000000000000e+00,0.000000000000000000e+00,0.000000000000000000e+00,0.000000000000000000e+00,0.000000000000000000e+00,0.000000000000000000e+00,0.000000000000000000e+00,0.000000000000000000e+00,0.000000000000000000e+00,0.000000000000000000e+00,0.000000000000000000e+00,0.000000000000000000e+00,0.000000000000000000e+00,0.000000000000000000e+00,0.000000000000000000e+00,0.000000000000000000e+00,2.090483009815216064e-01,-1.666204631328582764e-01,-9.441998600959777832e-01,0.000000000000000000e+00,1.802408546209335327e-01,1.140614897012710571e-01,9.762817621231079102e-01,0.000000000000000000e+00,2.816593945026397705e-01,4.489855301237804022e-17,1.365390717983245850e-01,-2.011296004056930542e-01,8.590694516897201538e-02,-2.846545577049255371e-01,5.000000000000000000e-01,7.611010074615478516e-01,-5.760869011282920837e-02,-6.360096931457519531e-01,5.072324275970458984e-01,-4.240199327468872070e-01,-2.021232843399047852e-01,5.109081864356994629e-01,-3.243656456470489502e-01
-2.213353514671325684e-01,-2.974975585937500000e+00,3.416838943958282471e-01,-1.279590874910354614e-01,-1.183003932237625122e-02,-7.559574246406555176e-01,6.418838500976562500e-01,0.000000000000000000e+00,0.000000000000000000e+00,0.000000000000000000e+00,0.000000000000000000e+00,0.000000000000000000e+00,0.000000000000000000e+00,0.000000000000000000e+00,0.000000000000000000e+00,0.000000000000000000e+00,0.000000000000000000e+00,0.000000000000000000e+00,0.000000000000000000e+00,0.000000000000000000e+00,0.000000000000000000e+00,0.000000000000000000e+00,0.000000000000000000e+00,0.000000000000000000e+00,0.000000000000000000e+00,0.000000000000000000e+00,0.000000000000000000e+00,0.000000000000000000e+00,0.000000000000000000e+00,0.000000000000000000e+00,0.000000000000000000e+00,2.369634509086608887e-01,-1.442074328660964966e-01,-9.377892613410949707e-01,0.000000000000000000e+00,2.009919732809066772e-01,9.676419198513031006e-02,9.680727124214172363e-01,0.000000000000000000e+00,2.926344275474548340e-01,1.281381781136750934e-16,1.345897167921066284e-01,-1.901983022689819336e-01,4.879152774810791016e-02,-2.682833671569824219e-01,5.000000000000000000e-01,7.405391931533813477e-01,-4.688866436481475830e-02,-6.023114919662475586e-01,5.380851030349731445e-01,-4.340979158878326416e-01,-1.874989420175552368e-01,5.009970068931579590e-01,-3.160194158554077148e-01
-2.240021228790283203e-01,-2.979377508163452148e+00,3.427018225193023682e-01,-1.243457943201065063e-01,-1.619400084018707275e-02,-7.556151747703552246e-01,6.429009437561035156e-01,0.000000000000000000e+00,0.000000000000000000e+00,0.000000000000000000e+00,0.000000000000000000e+00,0.000000000000000000e+00,0.000000000000000000e+00,0.000000000000000000e+00,0.000000000000000000e+00,0.000000000000000000e+00,0.000000000000000000e+00,0.000000000000000000e+00,0.000000000000000000e+00,0.000000000000000000e+00,0.000000000000000000e+00,0.000000000000000000e+00,0.000000000000000000e+00,0.000000000000000000e+00,0.000000000000000000e+00,0.000000000000000000e+00,0.000000000000000000e+00,0.000000000000000000e+00,0.000000000000000000e+00,0.000000000000000000e+00,0.000000000000000000e+00,2.312407344579696655e-01,-1.308321654796600342e-01,-9.243620634078979492e-01,0.000000000000000000e+00,2.030800879001617432e-01,8.639633655548095703e-02,9.697189331054687500e-01,0.000000000000000000e+00,2.802820801734924316e-01,2.546083928442513094e-17,1.303271204233169556e-01,-1.905562728643417358e-01,2.171195857226848602e-02,-2.471940964460372925e-01,5.000000000000000000e-01,7.238888144493103027e-01,-3.820812329649925232e-02,-5.775713920593261719e-01,5.633763670921325684e-01,-4.394208490848541260e-01,-1.751248985528945923e-01,4.930561780929565430e-01,-3.258157372474670410e-01
-2.265566587448120117e-01,-2.983187437057495117e+00,3.433057069778442383e-01,-1.195730492472648621e-01,-2.045792900025844574e-02,-7.558128833770751953e-01,6.434521079063415527e-01,0.000000000000000000e+00,0.000000000000000000e+00,0.000000000000000000e+00,0.000000000000000000e+00,0.000000000000000000e+00,0.000000000000000000e+00,0.000000000000000000e+00,0.000000000000000000e+00,0.000000000000000000e+00,0.000000000000000000e+00,0.000000000000000000e+00,0.000000000000000000e+00,0.000000000000000000e+00,0.000000000000000000e+00,0.000000000000000000e+00,0.000000000000000000e+00,0.000000000000000000e+00,0.000000000000000000e+00,0.000000000000000000e+00,0.000000000000000000e+00,0.000000000000000000e+00,0.000000000000000000e+00,0.000000000000000000e+00,0.000000000000000000e+00,2.227871865034103394e-01,-1.155826449394226074e-01,-9.109306931495666504e-01,0.000000000000000000e+00,1.981685608625411987e-01,7.632292807102203369e-02,9.695661664009094238e-01,0.000000000000000000e+00,2.696322202682495117e-01,-5.242553262714106873e-17,1.289656162261962891e-01,-1.907677501440048218e-01,7.081711082719266415e-04,-2.209201753139495850e-01,5.000000000000000000e-01,7.105998992919921875e-01,-3.159695491194725037e-02,-5.594597458839416504e-01,5.847501754760742188e-01,-4.467398822307586670e-01,-1.660108417272567749e-01,4.890658557415008545e-01,-3.291373550891876221e-01
-2.283087968826293945e-01,-2.986497402191162109e+00,3.435533642768859863e-01,-1.180840358138084412e-01,-2.057897672057151794e-02,-7.571361660957336426e-01,6.421662569046020508e-01,0.000000000000000000e+00,0.000000000000000000e+00,0.000000000000000000e+00,0.000000000000000000e+00,0.000000000000000000e+00,0.000000000000000000e+00,0.000000000000000000e+00,0.000000000000000000e+00,0.000000000000000000e+00,0.000000000000000000e+00,0.000000000000000000e+00,0.000000000000000000e+00,0.000000000000000000e+00,0.000000000000000000e+00,0.000000000000000000e+00,0.000000000000000000e+00,0.000000000000000000e+00,0.000000000000000000e+00,0.000000000000000000e+00,0.000000000000000000e+00,0.000000000000000000e+00,0.000000000000000000e+00,0.000000000000000000e+00,0.000000000000000000e+00,2.269439399242401123e-01,-1.021746918559074402e-01,-9.052348136901855469e-01,0.000000000000000000e+00,1.978024989366531372e-01,6.437492370605468750e-02,9.622941613197326660e-01,0.000000000000000000e+00,2.715281844139099121e-01,-4.125825025054037306e-17,1.296066939830780029e-01,-1.796593666076660156e-01,-1.642402634024620056e-02,-1.929605454206466675e-01,5.000000000000000000e-01,7.071267366409301758e-01,-2.969430200755596161e-02,-5.540938377380371094e-01,5.971905589103698730e-01,-4.557984471321105957e-01,-1.608660221099853516e-01,4.894911050796508789e-01,-3.299534618854522705e-01
-2.297585308551788330e-01,-2.989194154739379883e+00,3.434928655624389648e-01,-1.176241263747215271e-01,-2.002075687050819397e-02,-7.580340504646301270e-01,6.412083506584167480e-01,0.000000000000000000e+00,0.000000000000000000e+00,0.000000000000000000e+00,0.000000000000000000e+00,0.000000000000000000e+00,0.000000000000000000e+00,0.000000000000000000e+00,0.000000000000000000e+00,0.000000000000000000e+00,0.000000000000000000e+00,0.000000000000000000e+00,0.000000000000000000e+00,0.000000000000000000e+00,0.000000000000000000e+00,0.000000000000000000e+00,0.000000000000000000e+00,0.000000000000000000e+00,0.000000000000000000e+00,0.000000000000000000e+00,0.000000000000000000e+00,0.000000000000000000e+00,0.000000000000000000e+00,0.000000000000000000e+00,0.000000000000000000e+00,2.333971410989761353e-01,-8.885060995817184448e-02,-9.008243680000305176e-01,0.000000000000000000e+00,2.006847113370895386e-01,5.271071940660476685e-02,9.549211859703063965e-01,0.000000000000000000e+00,2.735197842121124268e-01,-5.973712433656263947e-17,1.303394287824630737e-01,-1.622273623943328857e-01,-4.550296440720558167e-02,-1.691063046455383301e-01,5.000000000000000000e-01,7.072665095329284668e-01,-2.749549411237239838e-02,-5.530369281768798828e-01,6.041021943092346191e-01,-4.611269533634185791e-01,-1.552732288837432861e-01,4.888836741447448730e-01,-3.367407321929931641e-01
-2.310436815023422241e-01,-2.991469621658325195e+00,3.435272872447967529e-01,-1.160460487008094788e-01,-2.133313193917274475e-02,-7.582882046699523926e-01,6.411530375480651855e-01,0.000000000000000000e+00,0.000000000000000000e+00,0.000000000000000000e+00,0.000000000000000000e+00,0.000000000000000000e+00,0.000000000000000000e+00,0.000000000000000000e+00,0.000000000000000000e+00,0.000000000000000000e+00,0.000000000000000000e+00,0.000000000000000000e+00,0.000000000000000000e+00,0.000000000000000000e+00,0.000000000000000000e+00,0.000000000000000000e+00,0.000000000000000000e+00,0.000000000000000000e+00,0.000000000000000000e+00,0.000000000000000000e+00,0.000000000000000000e+00,0.000000000000000000e+00,0.000000000000000000e+00,0.000000000000000000e+00,0.000000000000000000e+00,2.343671768903732300e-01,-7.356930524110794067e-02,-8.924809694290161133e-01,0.000000000000000000e+00,1.996350586414337158e-01,3.947940468788146973e-02,9.502735733985900879e-01,0.000000000000000000e+00,2.723830044269561768e-01,3.034795386510581437e-18,1.331671774387359619e-01,-1.386719048023223877e-01,-6.844590604305267334e-02,-1.471685022115707397e-01,5.000000000000000000e-01,7.160794138908386230e-01,-3.019123151898384094e-02,-5.730190277099609375e-01,6.127445697784423828e-01,-4.641914665699005127e-01,-1.544805020093917847e-01,4.833923876285552979e-01,-3.405210673809051514e-01
-2.318219542503356934e-01,-2.994847774505615234e+00,3.424490392208099365e-01,-1.146738678216934204e-01,-2.759671770036220551e-02,-7.581251263618469238e-01,6.413537263870239258e-01,0.000000000000000000e+00,0.000000000000000000e+00,0.000000000000000000e+00,0.000000000000000000e+00,0.000000000000000000e+00,0.000000000000000000e+00,0.000000000000000000e+00,0.000000000000000000e+00,0.000000000000000000e+00,0.000000000000000000e+00,0.000000000000000000e+00,0.000000000000000000e+00,0.000000000000000000e+00,0.000000000000000000e+00,0.000000000000000000e+00,0.000000000000000000e+00,0.000000000000000000e+00,0.000000000000000000e+00,0.000000000000000000e+00,0.000000000000000000e+00,0.000000000000000000e+00,0.000000000000000000e+00,0.000000000000000000e+00,0.000000000000000000e+00,2.290123999118804932e-01,-4.171055927872657776e-02,-8.830492496490478516e-01,0.000000000000000000e+00,1.848097592592239380e-01,4.201178438961505890e-03,9.418666362762451172e-01,0.000000000000000000e+00,2.690130174160003662e-01,4.945559026860617605e-17,1.393339931964874268e-01,-1.011416465044021606e-01,-6.808188557624816895e-02,-1.290535181760787964e-01,5.000000000000000000e-01,7.818266749382019043e-01,-4.658947512507438660e-02,-6.794782280921936035e-01,6.252259612083435059e-01,-4.921650290489196777e-01,-1.579757183790206909e-01,4.908485710620880127e-01,-3.381237685680389404e-01
-2.315082699060440063e-01,-2.999045133590698242e+00,3.430655002593994141e-01,-1.125455871224403381e-01,-2.819676697254180908e-02,-7.583500146865844727e-01,6.414387226104736328e-01,0.000000000000000000e+00,0.000000000000000000e+00,0.000000000000000000e+00,0.000000000000000000e+00,0.000000000000000000e+00,0.000000000000000000e+00,0.000000000000000000e+00,0.000000000000000000e+00,0.000000000000000000e+00,0.000000000000000000e+00,0.000000000000000000e+00,0.000000000000000000e+00,0.000000000000000000e+00,0.000000000000000000e+00,0.000000000000000000e+00,0.000000000000000000e+00,0.000000000000000000e+00,0.000000000000000000e+00,0.000000000000000000e+00,0.000000000000000000e+00,0.000000000000000000e+00,0.000000000000000000e+00,0.000000000000000000e+00,0.000000000000000000e+00,2.248308062553405762e-01,-2.757555432617664337e-02,-8.735277056694030762e-01,0.000000000000000000e+00,1.758088916540145874e-01,-1.017603650689125061e-02,9.295726418495178223e-01,0.000000000000000000e+00,2.766684293746948242e-01,1.791208165849480632e-17,1.556453257799148560e-01,-7.919559627771377563e-02,-5.429356545209884644e-02,-1.156022474169731140e-01,5.000000000000000000e-01,8.643926978111267090e-01,-8.867782354354858398e-02,-8.815220594406127930e-01,6.852667331695556641e-01,-5.031794905662536621e-01,-1.740600615739822388e-01,4.862944185733795166e-01,-3.493340611457824707e-01
-2.310085296630859375e-01,-3.003952026367187500e+00,3.446941971778869629e-01,-1.118938475847244263e-01,-2.407207712531089783e-02,-7.589539289474487305e-01,6.410064101219177246e-01,0.000000000000000000e+00,0.000000000000000000e+00,0.000000000000000000e+00,0.000000000000000000e+00,0.000000000000000000e+00,0.000000000000000000e+00,0.000000000000000000e+00,0.000000000000000000e+00,0.000000000000000000e+00,0.000000000000000000e+00,0.000000000000000000e+00,0.000000000000000000e+00,0.000000000000000000e+00,0.000000000000000000e+00,0.000000000000000000e+00,0.000000000000000000e+00,0.000000000000000000e+00,0.000000000000000000e+00,0.000000000000000000e+00,0.000000000000000000e+00,0.000000000000000000e+00,0.000000000000000000e+00,0.000000000000000000e+00,0.000000000000000000e+00,2.277309894561767578e-01,-3.043824620544910431e-02,-8.766547441482543945e-01,0.000000000000000000e+00,1.743584871292114258e-01,-4.650648217648267746e-03,9.266060590744018555e-01,0.000000000000000000e+00,2.802460789680480957e-01,3.116645487149132313e-17,1.754788309335708618e-01,-7.756428420543670654e-02,-5.110533908009529114e-02,-1.141608208417892456e-01,5.000000000000000000e-01,8.850136995315551758e-01,-1.174978986382484436e-01,-1.053704738616943359e+00,7.747997641563415527e-01,-5.092043280601501465e-01,-1.775724589824676514e-01,4.781977832317352295e-01,-3.512594103813171387e-01
-2.305207401514053345e-01,-3.009472846984863281e+00,3.453715443611145020e-01,-1.131633222103118896e-01,-2.114391326904296875e-02,-7.591962814331054688e-01,6.405997276306152344e-01,0.000000000000000000e+00,0.000000000000000000e+00,0.000000000000000000e+00,0.000000000000000000e+00,0.000000000000000000e+00,0.000000000000000000e+00,0.000000000000000000e+00,0.000000000000000000e+00,0.000000000000000000e+00,0.000000000000000000e+00,0.000000000000000000e+00,0.000000000000000000e+00,0.000000000000000000e+00,0.000000000000000000e+00,0.000000000000000000e+00,0.000000000000000000e+00,0.000000000000000000e+00,0.000000000000000000e+00,0.000000000000000000e+00,0.000000000000000000e+00,0.000000000000000000e+00,0.000000000000000000e+00,0.000000000000000000e+00,0.000000000000000000e+00,2.300292849540710449e-01,-2.671264670789241791e-02,-8.801904916763305664e-01,0.000000000000000000e+00,1.733482480049133301e-01,-5.171747412532567978e-03,9.234839677810668945e-01,0.000000000000000000e+00,2.712197601795196533e-01,-4.479545983827433128e-17,1.871716678142547607e-01,-7.915681600570678711e-02,-4.928520694375038147e-02,-1.180967614054679871e-01,5.000000000000000000e-01,8.838627934455871582e-01,-1.423385888338088989e-01,-1.215260744094848633e+00,9.209269881248474121e-01,-5.277445912361145020e-01,-1.631270051002502441e-01,4.840440154075622559e-01,-3.417160809040069580e-01
-2.289434075355529785e-01,-3.014631271362304688e+00,3.447661101818084717e-01,-1.174740120768547058e-01,-1.830359362065792084e-02,-7.583660483360290527e-01,6.408945322036743164e-01,0.000000000000000000e+00,0.000000000000000000e+00,0.000000000000000000e+00,0.000000000000000000e+00,0.000000000000000000e+00,0.000000000000000000e+00,0.000000000000000000e+00,0.000000000000000000e+00,0.000000000000000000e+00,0.000000000000000000e+00,0.000000000000000000e+00,0.000000000000000000e+00,0.000000000000000000e+00,0.000000000000000000e+00,0.000000000000000000e+00,0.000000000000000000e+00,0.000000000000000000e+00,0.000000000000000000e+00,0.000000000000000000e+00,0.000000000000000000e+00,0.000000000000000000e+00,0.000000000000000000e+00,0.000000000000000000e+00,0.000000000000000000e+00,2.357493191957473755e-01,-1.908874697983264923e-02,-8.860795497894287109e-01,0.000000000000000000e+00,1.749613136053085327e-01,-1.287688594311475754e-02,9.165701270103454590e-01,0.000000000000000000e+00,2.622653245925903320e-01,-5.594241673286337395e-17,1.920120716094970703e-01,-7.685980945825576782e-02,-3.811518475413322449e-02,-1.244299784302711487e-01,5.000000000000000000e-01,8.816133141517639160e-01,-1.723131537437438965e-01,-1.325372576713562012e+00,9.216804504394531250e-01,-5.450128316879272461e-01,-1.471680700778961182e-01,4.857596457004547119e-01,-3.291251659393310547e-01
-2.272595912218093872e-01,-3.019196748733520508e+00,3.402628898620605469e-01,-1.300831288099288940e-01,-1.963433809578418732e-02,-7.548052668571472168e-01,6.426210999488830566e-01,0.000000000000000000e+00,0.000000000000000000e+00,0.000000000000000000e+00,0.000000000000000000e+00,0.000000000000000000e+00,0.000000000000000000e+00,0.000000000000000000e+00,0.000000000000000000e+00,0.000000000000000000e+00,0.000000000000000000e+00,0.000000000000000000e+00,0.000000000000000000e+00,0.000000000000000000e+00,0.000000000000000000e+00,0.000000000000000000e+00,0.000000000000000000e+00,0.000000000000000000e+00,0.000000000000000000e+00,0.000000000000000000e+00,0.000000000000000000e+00,0.000000000000000000e+00,0.000000000000000000e+00,0.000000000000000000e+00,0.000000000000000000e+00,2.413040846586227417e-01,8.838934823870658875e-03,-8.995454907417297363e-01,0.000000000000000000e+00,1.782327443361282349e-01,-4.460351169109344482e-02,9.137555956840515137e-01,0.000000000000000000e+00,2.564283311367034912e-01,-2.392456967228959603e-17,1.956676095724105835e-01,-5.768504738807678223e-02,-1.030863821506500244e-02,-1.346371620893478394e-01,5.000000000000000000e-01,9.137414693832397461e-01,-1.800000071525573730e-01,-1.377082347869873047e+00,7.929644584655761719e-01,-5.920525193214416504e-01,-1.126930639147758484e-01,4.852128326892852783e-01,-3.044930398464202881e-01
-2.250038087368011475e-01,-3.023254394531250000e+00,3.367013931274414062e-01,-1.354101002216339111e-01,-1.978076063096523285e-02,-7.529571056365966797e-01,6.436834335327148438e-01,0.000000000000000000e+00,0.000000000000000000e+00,0.000000000000000000e+00,0.000000000000000000e+00,0.000000000000000000e+00,0.000000000000000000e+00,0.000000000000000000e+00,0.000000000000000000e+00,0.000000000000000000e+00,0.000000000000000000e+00,0.000000000000000000e+00,0.000000000000000000e+00,0.000000000000000000e+00,0.000000000000000000e+00,0.000000000000000000e+00,0.000000000000000000e+00,0.000000000000000000e+00,0.000000000000000000e+00,0.000000000000000000e+00,0.000000000000000000e+00,0.000000000000000000e+00,0.000000000000000000e+00,0.000000000000000000e+00,0.000000000000000000e+00,2.441667169332504272e-01,3.107422403991222382e-02,-8.993545770645141602e-01,0.000000000000000000e+00,1.804935634136199951e-01,-6.984678655862808228e-02,9.027196764945983887e-01,0.000000000000000000e+00,2.471492588520050049e-01,4.395326424324224105e-17,2.038951665163040161e-01,-4.225568473339080811e-02,1.303753163665533066e-02,-1.388364583253860474e-01,5.000000000000000000e-01,9.020269513130187988e-01,-1.800000071525573730e-01,-1.341675877571105957e+00,6.352028846740722656e-01,-6.253853440284729004e-01,-9.613104909658432007e-02,4.981428384780883789e-01,-2.885218262672424316e-01
-2.224895358085632324e-01,-3.026694536209106445e+00,3.335212171077728271e-01,-1.386551409959793091e-01,-1.890176720917224884e-02,-7.510521411895751953e-01,6.452427506446838379e-01,0.000000000000000000e+00,0.000000000000000000e+00,0.000000000000000000e+00,0.000000000000000000e+00,0.000000000000000000e+00,0.000000000000000000e+00,0.000000000000000000e+00,0.000000000000000000e+00,0.000000000000000000e+00,0.000000000000000000e+00,0.000000000000000000e+00,0.000000000000000000e+00,0.000000000000000000e+00,0.000000000000000000e+00,0.000000000000000000e+00,0.000000000000000000e+00,0.000000000000000000e+00,0.000000000000000000e+00,0.000000000000000000e+00,0.000000000000000000e+00,0.000000000000000000e+00,0.000000000000000000e+00,0.000000000000000000e+00,0.000000000000000000e+00,2.451052814722061157e-01,4.359145462512969971e-02,-9.005817174911499023e-01,0.000000000000000000e+00,1.827899366617202759e-01,-8.585647493600845337e-02,8.978434801101684570e-01,0.000000000000000000e+00,2.439491897821426392e-01,-5.527860677283140690e-18,2.046480476856231689e-01,-3.283428400754928589e-02,2.275584824383258820e-02,-1.354872882366180420e-01,5.000000000000000000e-01,8.513963818550109863e-01,-1.800000071525573730e-01,-1.225027799606323242e+00,5.609875917434692383e-01,-6.384164690971374512e-01,-9.428563714027404785e-02,4.940309226512908936e-01,-2.822142243385314941e-01
-2.201836854219436646e-01,-3.028131246566772461e+00,3.364592492580413818e-01,-1.314144581556320190e-01,-9.474088437855243683e-03,-7.506622672080993652e-01,6.474153995513916016e-01,0.000000000000000000e+00,0.000000000000000000e+00,0.000000000000000000e+00,0.000000000000000000e+00,0.000000000000000000e+00,0.000000000000000000e+00,0.000000000000000000e+00,0.000000000000000000e+00,0.000000000000000000e+00,0.000000000000000000e+00,0.000000000000000000e+00,0.000000000000000000e+00,0.000000000000000000e+00,0.000000000000000000e+00,0.000000000000000000e+00,0.000000000000000000e+00,0.000000000000000000e+00,0.000000000000000000e+00,0.000000000000000000e+00,0.000000000000000000e+00,0.000000000000000000e+00,0.000000000000000000e+00,0.000000000000000000e+00,0.000000000000000000e+00,2.483339309692382812e-01,2.019382640719413757e-02,-8.984944224357604980e-01,0.000000000000000000e+00,1.880865842103958130e-01,-6.469454616308212280e-02,8.906149268150329590e-01,0.000000000000000000e+00,2.360772937536239624e-01,-1.872564026072031073e-17,1.998471170663833618e-01,-5.831446871161460876e-02,7.113786414265632629e-03,-1.305648833513259888e-01,5.000000000000000000e-01,7.088963985443115234e-01,-1.523366868495941162e-01,-1.044898033142089844e+00,6.003958582878112793e-01,-5.975216031074523926e-01,-1.184833496809005737e-01,4.890533089637756348e-01,-2.984789609909057617e-01
-2.192654162645339966e-01,-3.031026363372802734e+00,3.317056000232696533e-01,-1.394113600254058838e-01,-1.726046577095985413e-02,-7.461887001991271973e-01,6.507449746131896973e-01,0.000000000000000000e+00,0.000000000000000000e+00,0.000000000000000000e+00,0.000000000000000000e+00,0.000000000000000000e+00,0.000000000000000000e+00,0.000000000000000000e+00,0.000000000000000000e+00,0.000000000000000000e+00,0.000000000000000000e+00,0.000000000000000000e+00,0.000000000000000000e+00,0.000000000000000000e+00,0.000000000000000000e+00,0.000000000000000000e+00,0.000000000000000000e+00,0.000000000000000000e+00,0.000000000000000000e+00,0.000000000000000000e+00,0.000000000000000000e+00,0.000000000000000000e+00,0.000000000000000000e+00,0.000000000000000000e+00,0.000000000000000000e+00,2.404653429985046387e-01,4.321658238768577576e-02,-9.143421053886413574e-01,0.000000000000000000e+00,1.815399080514907837e-01,-9.111534804105758667e-02,8.992074131965637207e-01,0.000000000000000000e+00,2.306279987096786499e-01,7.064077763449778480e-18,1.964262872934341431e-01,-3.996213153004646301e-02,-7.855881936848163605e-03,-1.541335880756378174e-01,5.000000000000000000e-01,7.761241197586059570e-01,-1.620131880044937134e-01,-1.028658986091613770e+00,5.518419146537780762e-01,-6.532166600227355957e-01,-1.020899266004562378e-01,5.053299069404602051e-01,-3.133417963981628418e-01
-2.175851315259933472e-01,-3.033724308013916016e+00,3.316237330436706543e-01,-1.378289461135864258e-01,-1.780201867222785950e-02,-7.427341341972351074e-01,6.550055742263793945e-01,0.000000000000000000e+00,0.000000000000000000e+00,0.000000000000000000e+00,0.000000000000000000e+00,0.000000000000000000e+00,0.000000000000000000e+00,0.000000000000000000e+00,0.000000000000000000e+00,0.000000000000000000e+00,0.000000000000000000e+00,0.000000000000000000e+00,0.000000000000000000e+00,0.000000000000000000e+00,0.000000000000000000e+00,0.000000000000000000e+00,0.000000000000000000e+00,0.000000000000000000e+00,0.000000000000000000e+00,0.000000000000000000e+00,0.000000000000000000e+00,0.000000000000000000e+00,0.000000000000000000e+00,0.000000000000000000e+00,0.000000000000000000e+00,2.326555699110031128e-01,4.399622604250907898e-02,-9.160030484199523926e-01,0.000000000000000000e+00,1.805088222026824951e-01,-9.398265928030014038e-02,8.969238996505737305e-01,0.000000000000000000e+00,2.240869104862213135e-01,1.558014701514451409e-17,1.925901472568511963e-01,-3.832850605249404907e-02,-3.671200945973396301e-02,-1.796958893537521362e-01,5.000000000000000000e-01,7.884889245033264160e-01,-1.741204410791397095e-01,-1.038049101829528809e+00,5.618726611137390137e-01,-6.626656651496887207e-01,-1.121329292654991150e-01,5.142636299133300781e-01,-3.306529819965362549e-01
-2.165062278509140015e-01,-3.035911798477172852e+00,3.319273591041564941e-01,-1.351237148046493530e-01,-2.051201835274696350e-02,-7.379097342491149902e-01,6.609160900115966797e-01,0.000000000000000000e+00,0.000000000000000000e+00,0.000000000000000000e+00,0.000000000000000000e+00,0.000000000000000000e+00,0.000000000000000000e+00,0.000000000000000000e+00,0.000000000000000000e+00,0.000000000000000000e+00,0.000000000000000000e+00,0.000000000000000000e+00,0.000000000000000000e+00,0.000000000000000000e+00,0.000000000000000000e+00,0.000000000000000000e+00,0.000000000000000000e+00,0.000000000000000000e+00,0.000000000000000000e+00,0.000000000000000000e+00,0.000000000000000000e+00,0.000000000000000000e+00,0.000000000000000000e+00,0.000000000000000000e+00,0.000000000000000000e+00,2.234768867492675781e-01,4.791877791285514832e-02,-9.128761291503906250e-01,0.000000000000000000e+00,1.795120835304260254e-01,-1.000142470002174377e-01,8.959340453147888184e-01,0.000000000000000000e+00,2.136007398366928101e-01,3.906286658271033465e-17,1.844098567962646484e-01,-3.111991100013256073e-02,-9.786473214626312256e-02,-2.165713310241699219e-01,5.000000000000000000e-01,7.823791503906250000e-01,-1.729096472263336182e-01,-1.022527933120727539e+00,5.729715228080749512e-01,-6.626707911491394043e-01,-1.249926388263702393e-01,5.100741386413574219e-01,-3.432397246360778809e-01
-2.157509177923202515e-01,-3.038130760192871094e+00,3.320621848106384277e-01,-1.308260411024093628e-01,-2.577084675431251526e-02,-7.323026657104492188e-01,6.677972674369812012e-01,0.000000000000000000e+00,0.000000000000000000e+00,0.000000000000000000e+00,0.000000000000000000e+00,0.000000000000000000e+00,0.000000000000000000e+00,0.000000000000000000e+00,0.000000000000000000e+00,0.000000000000000000e+00,0.000000000000000000e+00,0.000000000000000000e+00,0.000000000000000000e+00,0.000000000000000000e+00,0.000000000000000000e+00,0.000000000000000000e+00,0.000000000000000000e+00,0.000000000000000000e+00,0.000000000000000000e+00,0.000000000000000000e+00,0.000000000000000000e+00,0.000000000000000000e+00,0.000000000000000000e+00,0.000000000000000000e+00,0.000000000000000000e+00,2.085382044315338135e-01,5.390942096710205078e-02,-9.060984253883361816e-01,0.000000000000000000e+00,1.728603839874267578e-01,-1.089977622032165527e-01,8.946175575256347656e-01,0.000000000000000000e+00,1.982558071613311768e-01,-5.776517786861481234e-18,1.715432554483413696e-01,-2.465133927762508392e-02,-1.882925480604171753e-01,-2.560527920722961426e-01,5.000000000000000000e-01,7.834146022796630859e-01,-1.798747628927230835e-01,-1.013700008392333984e+00,5.806239247322082520e-01,-6.612153053283691406e-01,-1.383235007524490356e-01,5.015418529510498047e-01,-3.509814739227294922e-01
-2.147447317838668823e-01,-3.040173053741455078e+00,3.327810764312744141e-01,-1.267278492450714111e-01,-2.973887510597705841e-02,-7.272793054580688477e-01,6.738845705986022949e-01,0.000000000000000000e+00,0.000000000000000000e+00,0.000000000000000000e+00,0.000000000000000000e+00,0.000000000000000000e+00,0.000000000000000000e+00,0.000000000000000000e+00,0.000000000000000000e+00,0.000000000000000000e+00,0.000000000000000000e+00,0.000000000000000000e+00,0.000000000000000000e+00,0.000000000000000000e+00,0.000000000000000000e+00,0.000000000000000000e+00,0.000000000000000000e+00,0.000000000000000000e+00,0.000000000000000000e+00,0.000000000000000000e+00,0.000000000000000000e+00,0.000000000000000000e+00,0.000000000000000000e+00,0.000000000000000000e+00,0.000000000000000000e+00,1.953954398632049561e-01,5.880545824766159058e-02,-9.007142782211303711e-01,0.000000000000000000e+00,1.665208786725997925e-01,-1.157121956348419189e-01,8.930335044860839844e-01,0.000000000000000000e+00,1.844289302825927734e-01,1.745081927915563639e-17,1.583999991416931152e-01,-7.155803032219409943e-03,-3.049165010452270508e-01,-2.856884002685546875e-01,5.000000000000000000e-01,7.747917771339416504e-01,-1.798992007970809937e-01,-9.964504241943359375e-01,5.865411162376403809e-01,-6.549203991889953613e-01,-1.481099575757980347e-01,4.908326268196105957e-01,-3.549957871437072754e-01
-2.137075215578079224e-01,-3.042360782623291016e+00,3.334380388259887695e-01,-1.224020123481750488e-01,-3.339445218443870544e-02,-7.228092551231384277e-01,6.793006062507629395e-01,0.000000000000000000e+00,0.000000000000000000e+00,0.000000000000000000e+00,0.000000000000000000e+00,0.000000000000000000e+00,0.000000000000000000e+00,0.000000000000000000e+00,0.000000000000000000e+00,0.000000000000000000e+00,0.000000000000000000e+00,0.000000000000000000e+00,0.000000000000000000e+00,0.000000000000000000e+00,0.000000000000000000e+00,0.000000000000000000e+00,0.000000000000000000e+00,0.000000000000000000e+00,0.000000000000000000e+00,0.000000000000000000e+00,0.000000000000000000e+00,0.000000000000000000e+00,0.000000000000000000e+00,0.000000000000000000e+00,0.000000000000000000e+00,1.826305836439132690e-01,6.902262568473815918e-02,-8.907186985015869141e-01,0.000000000000000000e+00,1.569601595401763916e-01,-1.248662844300270081e-01,8.881037235260009766e-01,0.000000000000000000e+00,1.699768900871276855e-01,-2.076391916916937771e-17,1.507042050361633301e-01,3.021808527410030365e-02,-4.224437177181243896e-01,-3.183870017528533936e-01,5.000000000000000000e-01,7.649465799331665039e-01,-1.797918230295181274e-01,-9.842317104339599609e-01,6.051384210586547852e-01,-6.537085771560668945e-01,-1.544127911329269409e-01,4.839366376399993896e-01,-3.462282121181488037e-01
-2.131311446428298950e-01,-3.044713497161865234e+00,3.334909081459045410e-01,-1.188909187912940979e-01,-3.741129115223884583e-02,-7.186473011970520020e-01,6.841136217117309570e-01,0.000000000000000000e+00,0.000000000000000000e+00,0.000000000000000000e+00,0.000000000000000000e+00,0.000000000000000000e+00,0.000000000000000000e+00,0.000000000000000000e+00,0.000000000000000000e+00,0.000000000000000000e+00,0.000000000000000000e+00,0.000000000000000000e+00,0.000000000000000000e+00,0.000000000000000000e+00,0.000000000000000000e+00,0.000000000000000000e+00,0.000000000000000000e+00,0.000000000000000000e+00,0.000000000000000000e+00,0.000000000000000000e+00,0.000000000000000000e+00,0.000000000000000000e+00,0.000000000000000000e+00,0.000000000000000000e+00,0.000000000000000000e+00,1.699839681386947632e-01,8.040474355220794678e-02,-8.809959888458251953e-01,0.000000000000000000e+00,1.480992585420608521e-01,-1.331574171781539917e-01,8.872554302215576172e-01,0.000000000000000000e+00,1.528683453798294067e-01,3.852669472709836253e-17,1.509349793195724487e-01,3.738692402839660645e-02,-5.205829739570617676e-01,-3.730505108833312988e-01,5.000000000000000000e-01,7.619616985321044922e-01,-1.798224598169326782e-01,-9.746205210685729980e-01,6.170545220375061035e-01,-6.590028405189514160e-01,-1.582366526126861572e-01,4.849589467048645020e-01,-3.493920564651489258e-01
-2.123591899871826172e-01,-3.047079086303710938e+00,3.328856229782104492e-01,-1.174795925617218018e-01,-4.017592966556549072e-02,-7.145864963531494141e-01,6.884406805038452148e-01,0.000000000000000000e+00,0.000000000000000000e+00,0.000000000000000000e+00,0.000000000000000000e+00,0.000000000000000000e+00,0.000000000000000000e+00,0.000000000000000000e+00,0.000000000000000000e+00,0.000000000000000000e+00,0.000000000000000000e+00,0.000000000000000000e+00,0.000000000000000000e+00,0.000000000000000000e+00,0.000000000000000000e+00,0.000000000000000000e+00,0.000000000000000000e+00,0.000000000000000000e+00,0.000000000000000000e+00,0.000000000000000000e+00,0.000000000000000000e+00,0.000000000000000000e+00,0.000000000000000000e+00,0.000000000000000000e+00,0.000000000000000000e+00,1.613334715366363525e-01,8.562603592872619629e-02,-8.822470307350158691e-01,0.000000000000000000e+00,1.454628407955169678e-01,-1.435060948133468628e-01,8.847943544387817383e-01,0.000000000000000000e+00,1.389922350645065308e-01,-1.985589984971276775e-17,1.533542573451995850e-01,1.674178242683410645e-02,-5.698482990264892578e-01,-4.096097052097320557e-01,5.000000000000000000e-01,7.710248827934265137e-01,-1.799506247043609619e-01,-9.733453989028930664e-01,6.163580417633056641e-01,-6.640539765357971191e-01,-1.607961505651473999e-01,4.850490093231201172e-01,-3.767344653606414795e-01
-2.107697129249572754e-01,-3.049117803573608398e+00,3.324843943119049072e-01,-1.193729266524314880e-01,-3.894612938165664673e-02,-7.120336294174194336e-01,6.908266544342041016e-01,0.000000000000000000e+00,0.000000000000000000e+00,0.000000000000000000e+00,0.000000000000000000e+00,0.000000000000000000e+00,0.000000000000000000e+00,0.000000000000000000e+00,0.000000000000000000e+00,0.000000000000000000e+00,0.000000000000000000e+00,0.000000000000000000e+00,0.000000000000000000e+00,0.000000000000000000e+00,0.000000000000000000e+00,0.000000000000000000e+00,0.000000000000000000e+00,0.000000000000000000e+00,0.000000000000000000e+00,0.000000000000000000e+00,0.000000000000000000e+00,0.000000000000000000e+00,0.000000000000000000e+00,0.000000000000000000e+00,0.000000000000000000e+00,1.622696220874786377e-01,8.295460045337677002e-02,-8.936900496482849121e-01,0.000000000000000000e+00,1.511294990777969360e-01,-1.500831842422485352e-01,8.798555731773376465e-01,0.000000000000000000e+00,1.359325796365737915e-01,7.864947415078719450e-18,1.564348191022872925e-01,-7.604032754898071289e-03,-5.783874988555908203e-01,-4.127534031867980957e-01,5.000000000000000000e-01,7.822635769844055176e-01,-1.799999922513961792e-01,-9.779804348945617676e-01,6.144582629203796387e-01,-6.635968089103698730e-01,-1.606284081935882568e-01,4.787711799144744873e-01,-3.998679220676422119e-01
-2.082156389951705933e-01,-3.050046443939208984e+00,3.362486362457275391e-01,-1.147010922431945801e-01,-2.848071977496147156e-02,-7.153101563453674316e-01,6.887407898902893066e-01,0.000000000000000000e+00,0.000000000000000000e+00,0.000000000000000000e+00,0.000000000000000000e+00,0.000000000000000000e+00,0.000000000000000000e+00,0.000000000000000000e+00,0.000000000000000000e+00,0.000000000000000000e+00,0.000000000000000000e+00,0.000000000000000000e+00,0.000000000000000000e+00,0.000000000000000000e+00,0.000000000000000000e+00,0.000000000000000000e+00,0.000000000000000000e+00,0.000000000000000000e+00,0.000000000000000000e+00,0.000000000000000000e+00,0.000000000000000000e+00,0.000000000000000000e+00,0.000000000000000000e+00,0.000000000000000000e+00,0.000000000000000000e+00,1.692841053009033203e-01,5.502497404813766479e-02,-8.979012370109558105e-01,0.000000000000000000e+00,1.634700745344161987e-01,-1.269534677267074585e-01,8.704406619071960449e-01,0.000000000000000000e+00,1.413215398788452148e-01,1.472591428783855220e-17,1.708301156759262085e-01,-4.445404559373855591e-02,-5.781403183937072754e-01,-3.990955054759979248e-01,5.000000000000000000e-01,7.249381542205810547e-01,-1.799976229667663574e-01,-9.583277702331542969e-01,6.314491629600524902e-01,-6.185119152069091797e-01,-1.817598789930343628e-01,4.594314396381378174e-01,-4.005130529403686523e-01
-2.074531465768814087e-01,-3.051613092422485352e+00,3.362332284450531006e-01,-1.165420487523078918e-01,-2.863887138664722443e-02,-7.149284482002258301e-01,6.888215541839599609e-01,0.000000000000000000e+00,0.000000000000000000e+00,0.000000000000000000e+00,0.000000000000000000e+00,0.000000000000000000e+00,0.000000000000000000e+00,0.000000000000000000e+00,0.000000000000000000e+00,0.000000000000000000e+00,0.000000000000000000e+00,0.000000000000000000e+00,0.000000000000000000e+00,0.000000000000000000e+00,0.000000000000000000e+00,0.000000000000000000e+00,0.000000000000000000e+00,0.000000000000000000e+00,0.000000000000000000e+00,0.000000000000000000e+00,0.000000000000000000e+00,0.000000000000000000e+00,0.000000000000000000e+00,0.000000000000000000e+00,0.000000000000000000e+00,1.705817431211471558e-01,5.788665637373924255e-02,-9.008611440658569336e-01,0.000000000000000000e+00,1.639724075794219971e-01,-1.293725222349166870e-01,8.716905713081359863e-01,0.000000000000000000e+00,1.427851319313049316e-01,2.946767735621362040e-17,1.782845258712768555e-01,-5.184550955891609192e-02,-5.912123918533325195e-01,-4.113003611564636230e-01,5.000000000000000000e-01,7.219386696815490723e-01,-1.799945384263992310e-01,-9.498365521430969238e-01,6.428122520446777344e-01,-6.195560693740844727e-01,-1.841310709714889526e-01,4.454974830150604248e-01,-3.780812919139862061e-01
-2.072016894817352295e-01,-3.053295373916625977e+00,3.357055187225341797e-01,-1.172231212258338928e-01,-3.160308301448822021e-02,-7.134363651275634766e-01,6.901221275329589844e-01,0.000000000000000000e+00,0.000000000000000000e+00,0.000000000000000000e+00,0.000000000000000000e+00,0.000000000000000000e+00,0.000000000000000000e+00,0.000000000000000000e+00,0.000000000000000000e+00,0.000000000000000000e+00,0.000000000000000000e+00,0.000000000000000000e+00,0.000000000000000000e+00,0.000000000000000000e+00,0.000000000000000000e+00,0.000000000000000000e+00,0.000000000000000000e+00,0.000000000000000000e+00,0.000000000000000000e+00,0.000000000000000000e+00,0.000000000000000000e+00,0.000000000000000000e+00,0.000000000000000000e+00,0.000000000000000000e+00,0.000000000000000000e+00,1.676371991634368896e-01,6.679607182741165161e-02,-8.996816873550415039e-01,0.000000000000000000e+00,1.645695120096206665e-01,-1.407649070024490356e-01,8.709826469421386719e-01,0.000000000000000000e+00,1.387136280536651611e-01,7.325080709106595472e-17,1.815365105867385864e-01,-6.434184312820434570e-02,-5.903623104095458984e-01,-4.259220361709594727e-01,5.000000000000000000e-01,7.225754857063293457e-01,-1.799949854612350464e-01,-9.394146800041198730e-01,6.459144353866577148e-01,-6.163530945777893066e-01,-1.847843378782272339e-01,4.302784800529479980e-01,-3.826891481876373291e-01
-2.070350199937820435e-01,-3.054569959640502930e+00,3.352310061454772949e-01,-1.183660477399826050e-01,-3.298051655292510986e-02,-7.116982936859130859e-01,6.916554570198059082e-01,0.000000000000000000e+00,0.000000000000000000e+00,0.000000000000000000e+00,0.000000000000000000e+00,0.000000000000000000e+00,0.000000000000000000e+00,0.000000000000000000e+00,0.000000000000000000e+00,0.000000000000000000e+00,0.000000000000000000e+00,0.000000000000000000e+00,0.000000000000000000e+00,0.000000000000000000e+00,0.000000000000000000e+00,0.000000000000000000e+00,0.000000000000000000e+00,0.000000000000000000e+00,0.000000000000000000e+00,0.000000000000000000e+00,0.000000000000000000e+00,0.000000000000000000e+00,0.000000000000000000e+00,0.000000000000000000e+00,0.000000000000000000e+00,1.682846993207931519e-01,6.688053160905838013e-02,-9.067388176918029785e-01,0.000000000000000000e+00,1.712876409292221069e-01,-1.479677557945251465e-01,8.705934286117553711e-01,0.000000000000000000e+00,1.377235352993011475e-01,-4.279100930815623292e-17,1.819530427455902100e-01,-8.617744594812393188e-02,-5.731035470962524414e-01,-4.321867227554321289e-01,5.000000000000000000e-01,7.168306708335876465e-01,-1.799901276826858521e-01,-9.216760993003845215e-01,6.415873765945434570e-01,-5.948863625526428223e-01,-1.866740435361862183e-01,3.979463875293731689e-01,-4.086977541446685791e-01
-2.069599926471710205e-01,-3.055614471435546875e+00,3.344775438308715820e-01,-1.199496313929557800e-01,-3.433253243565559387e-02,-7.107720375061035156e-01,6.922690868377685547e-01,0.000000000000000000e+00,0.000000000000000000e+00,0.000000000000000000e+00,0.000000000000000000e+00,0.000000000000000000e+00,0.000000000000000000e+00,0.000000000000000000e+00,0.000000000000000000e+00,0.000000000000000000e+00,0.000000000000000000e+00,0.000000000000000000e+00,0.000000000000000000e+00,0.000000000000000000e+00,0.000000000000000000e+00,0.000000000000000000e+00,0.000000000000000000e+00,0.000000000000000000e+00,0.000000000000000000e+00,0.000000000000000000e+00,0.000000000000000000e+00,0.000000000000000000e+00,0.000000000000000000e+00,0.000000000000000000e+00,0.000000000000000000e+00,1.703563928604125977e-01,6.755278259515762329e-02,-9.162659645080566406e-01,0.000000000000000000e+00,1.781593859195709229e-01,-1.523033082485198975e-01,8.725275993347167969e-01,0.000000000000000000e+00,1.400485634803771973e-01,4.196649552589807621e-17,1.826686114072799683e-01,-9.805437177419662476e-02,-5.407472848892211914e-01,-4.295851886272430420e-01,5.000000000000000000e-01,7.182452678680419922e-01,-1.799910962581634521e-01,-9.106265306472778320e-01,6.334116458892822266e-01,-5.830272436141967773e-01,-1.899490207433700562e-01,3.742124140262603760e-01,-4.257494211196899414e-01
-2.073383182287216187e-01,-3.056241989135742188e+00,3.341393172740936279e-01,-1.188948005437850952e-01,-3.706633299589157104e-02,-7.100138068199157715e-01,6.930876374244689941e-01,0.000000000000000000e+00,0.000000000000000000e+00,0.000000000000000000e+00,0.000000000000000000e+00,0.000000000000000000e+00,0.000000000000000000e+00,0.000000000000000000e+00,0.000000000000000000e+00,0.000000000000000000e+00,0.000000000000000000e+00,0.000000000000000000e+00,0.000000000000000000e+00,0.000000000000000000e+00,0.000000000000000000e+00,0.000000000000000000e+00,0.000000000000000000e+00,0.000000000000000000e+00,0.000000000000000000e+00,0.000000000000000000e+00,0.000000000000000000e+00,0.000000000000000000e+00,0.000000000000000000e+00,0.000000000000000000e+00,0.000000000000000000e+00,1.656807512044906616e-01,6.639316678047180176e-02,-9.211296439170837402e-01,0.000000000000000000e+00,1.778796911239624023e-01,-1.507452428340911865e-01,8.790973424911499023e-01,0.000000000000000000e+00,1.374879628419876099e-01,3.651160334558038202e-17,1.806884706020355225e-01,-1.059941798448562622e-01,-5.076484084129333496e-01,-4.282062649726867676e-01,5.000000000000000000e-01,7.184937000274658203e-01,-1.799909919500350952e-01,-9.043042659759521484e-01,6.336290836334228516e-01,-5.811026692390441895e-01,-1.934307664632797241e-01,3.644284605979919434e-01,-4.263721406459808350e-01
-2.078765034675598145e-01,-3.056710481643676758e+00,3.341166079044342041e-01,-1.155247613787651062e-01,-4.099584743380546570e-02,-7.088043689727783203e-01,6.946724057197570801e-01,0.000000000000000000e+00,0.000000000000000000e+00,0.000000000000000000e+00,0.000000000000000000e+00,0.000000000000000000e+00,0.000000000000000000e+00,0.000000000000000000e+00,0.000000000000000000e+00,0.000000000000000000e+00,0.000000000000000000e+00,0.000000000000000000e+00,0.000000000000000000e+00,0.000000000000000000e+00,0.000000000000000000e+00,0.000000000000000000e+00,0.000000000000000000e+00,0.000000000000000000e+00,0.000000000000000000e+00,0.000000000000000000e+00,0.000000000000000000e+00,0.000000000000000000e+00,0.000000000000000000e+00,0.000000000000000000e+00,0.000000000000000000e+00,1.553176790475845337e-01,6.403502076864242554e-02,-9.218180179595947266e-01,0.000000000000000000e+00,1.720805615186691284e-01,-1.477792710065841675e-01,8.856156468391418457e-01,0.000000000000000000e+00,1.287443935871124268e-01,2.257960377478042494e-17,1.733759045600891113e-01,-1.140201091766357422e-01,-4.668983221054077148e-01,-4.171914458274841309e-01,5.000000000000000000e-01,7.187941074371337891e-01,-1.799913495779037476e-01,-9.011314511299133301e-01,6.351146697998046875e-01,-5.823935866355895996e-01,-1.947198063135147095e-01,3.607589304447174072e-01,-4.164380133152008057e-01
-2.083216011524200439e-01,-3.056993484497070312e+00,3.341658115386962891e-01,-1.125366315245628357e-01,-4.451032727956771851e-02,-7.071623206138610840e-01,6.966174244880676270e-01,0.000000000000000000e+00,0.000000000000000000e+00,0.000000000000000000e+00,0.000000000000000000e+00,0.000000000000000000e+00,0.000000000000000000e+00,0.000000000000000000e+00,0.000000000000000000e+00,0.000000000000000000e+00,0.000000000000000000e+00,0.000000000000000000e+00,0.000000000000000000e+00,0.000000000000000000e+00,0.000000000000000000e+00,0.000000000000000000e+00,0.000000000000000000e+00,0.000000000000000000e+00,0.000000000000000000e+00,0.000000000000000000e+00,0.000000000000000000e+00,0.000000000000000000e+00,0.000000000000000000e+00,0.000000000000000000e+00,0.000000000000000000e+00,1.460645049810409546e-01,6.102053076028823853e-02,-9.232517480850219727e-01,0.000000000000000000e+00,1.680193245410919189e-01,-1.465532779693603516e-01,8.888375759124755859e-01,0.000000000000000000e+00,1.182508096098899841e-01,-3.059373486769430804e-17,1.620941013097763062e-01,-1.236591860651969910e-01,-4.282178878784179688e-01,-4.041648507118225098e-01,5.000000000000000000e-01,7.217442393302917480e-01,-1.799906343221664429e-01,-9.014816284179687500e-01,6.328809261322021484e-01,-5.832270383834838867e-01,-1.934542357921600342e-01,3.594815135002136230e-01,-4.039600193500518799e-01
-2.084785401821136475e-01,-3.057014465332031250e+00,3.341276347637176514e-01,-1.112530231475830078e-01,-4.661893472075462341e-02,-7.057888507843017578e-01,6.980770230293273926e-01,0.000000000000000000e+00,0.000000000000000000e+00,0.000000000000000000e+00,0.000000000000000000e+00,0.000000000000000000e+00,0.000000000000000000e+00,0.000000000000000000e+00,0.000000000000000000e+00,0.000000000000000000e+00,0.000000000000000000e+00,0.000000000000000000e+00,0.000000000000000000e+00,0.000000000000000000e+00,0.000000000000000000e+00,0.000000000000000000e+00,0.000000000000000000e+00,0.000000000000000000e+00,0.000000000000000000e+00,0.000000000000000000e+00,0.000000000000000000e+00,0.000000000000000000e+00,0.000000000000000000e+00,0.000000000000000000e+00,0.000000000000000000e+00,1.416262984275817871e-01,5.716080218553543091e-02,-9.272353053092956543e-01,0.000000000000000000e+00,1.698104888200759888e-01,-1.463319063186645508e-01,8.896889090538024902e-01,0.000000000000000000e+00,1.116857305169105530e-01,2.411781560699423436e-17,1.504632234573364258e-01,-1.347998529672622681e-01,-3.977648019790649414e-01,-3.952108323574066162e-01,5.000000000000000000e-01,7.255321741104125977e-01,-1.799876987934112549e-01,-9.039767980575561523e-01,6.304418444633483887e-01,-5.815562009811401367e-01,-1.919353455305099487e-01,3.550896644592285156e-01,-3.917126059532165527e-01
-2.088647633790969849e-01,-3.056818246841430664e+00,3.338812887668609619e-01,-1.110663264989852905e-01,-4.815765470266342163e-02,-7.050149440765380859e-01,6.987839341163635254e-01,0.000000000000000000e+00,0.000000000000000000e+00,0.000000000000000000e+00,0.000000000000000000e+00,0.000000000000000000e+00,0.000000000000000000e+00,0.000000000000000000e+00,0.000000000000000000e+00,0.000000000000000000e+00,0.000000000000000000e+00,0.000000000000000000e+00,0.000000000000000000e+00,0.000000000000000000e+00,0.000000000000000000e+00,0.000000000000000000e+00,0.000000000000000000e+00,0.000000000000000000e+00,0.000000000000000000e+00,0.000000000000000000e+00,0.000000000000000000e+00,0.000000000000000000e+00,0.000000000000000000e+00,0.000000000000000000e+00,0.000000000000000000e+00,1.399688124656677246e-01,5.226026102900505066e-02,-9.337037205696105957e-01,0.000000000000000000e+00,1.754999309778213501e-01,-1.476887166500091553e-01,8.904002308845520020e-01,0.000000000000000000e+00,1.102184206247329712e-01,-1.761041550654161755e-17,1.415281891822814941e-01,-1.468652337789535522e-01,-3.740887045860290527e-01,-3.901493847370147705e-01,5.000000000000000000e-01,7.286421060562133789e-01,-1.799880415201187134e-01,-9.045310020446777344e-01,6.270223259925842285e-01,-5.801596641540527344e-01,-1.929409354925155640e-01,3.500167727470397949e-01,-3.846819102764129639e-01
-2.094853669404983521e-01,-3.056478738784790039e+00,3.335344195365905762e-01,-1.110699847340583801e-01,-4.964504390954971313e-02,-7.048157453536987305e-01,6.988802552223205566e-01,0.000000000000000000e+00,0.000000000000000000e+00,0.000000000000000000e+00,0.000000000000000000e+00,0.000000000000000000e+00,0.000000000000000000e+00,0.000000000000000000e+00,0.000000000000000000e+00,0.000000000000000000e+00,0.000000000000000000e+00,0.000000000000000000e+00,0.000000000000000000e+00,0.000000000000000000e+00,0.000000000000000000e+00,0.000000000000000000e+00,0.000000000000000000e+00,0.000000000000000000e+00,0.000000000000000000e+00,0.000000000000000000e+00,0.000000000000000000e+00,0.000000000000000000e+00,0.000000000000000000e+00,0.000000000000000000e+00,0.000000000000000000e+00,1.394740045070648193e-01,4.761384055018424988e-02,-9.399197101593017578e-01,0.000000000000000000e+00,1.808723807334899902e-01,-1.479077786207199097e-01,8.926877975463867188e-01,0.000000000000000000e+00,1.120057031512260437e-01,1.925245835796553321e-17,1.354097276926040649e-01,-1.619916260242462158e-01,-3.592916429042816162e-01,-3.862302601337432861e-01,5.000000000000000000e-01,7.290908098220825195e-01,-1.799902319908142090e-01,-9.021341800689697266e-01,6.259405016899108887e-01,-5.803653597831726074e-01,-1.960625946521759033e-01,3.468172550201416016e-01,-3.825787305831909180e-01
-2.101423442363739014e-01,-3.055942296981811523e+00,3.331569731235504150e-01,-1.108060255646705627e-01,-5.150211229920387268e-02,-7.048522233963012695e-01,6.987509727478027344e-01,0.000000000000000000e+00,0.000000000000000000e+00,0.000000000000000000e+00,0.000000000000000000e+00,0.000000000000000000e+00,0.000000000000000000e+00,0.000000000000000000e+00,0.000000000000000000e+00,0.000000000000000000e+00,0.000000000000000000e+00,0.000000000000000000e+00,0.000000000000000000e+00,0.000000000000000000e+00,0.000000000000000000e+00,0.000000000000000000e+00,0.000000000000000000e+00,0.000000000000000000e+00,0.000000000000000000e+00,0.000000000000000000e+00,0.000000000000000000e+00,0.000000000000000000e+00,0.000000000000000000e+00,0.000000000000000000e+00,0.000000000000000000e+00,1.378341615200042725e-01,4.455618932843208313e-02,-9.437370300292968750e-01,0.000000000000000000e+00,1.836560070514678955e-01,-1.465894132852554321e-01,8.964055180549621582e-01,0.000000000000000000e+00,1.141355857253074646e-01,-8.252395505276107401e-18,1.304881125688552856e-01,-1.842494606971740723e-01,-3.548640012741088867e-01,-3.797954320907592773e-01,5.000000000000000000e-01,7.281932830810546875e-01,-1.799914240837097168e-01,-8.987284898757934570e-01,6.247650384902954102e-01,-5.819758772850036621e-01,-1.999519169330596924e-01,3.463849723339080811e-01,-3.833894431591033936e-01
-2.108256220817565918e-01,-3.055204868316650391e+00,3.326011598110198975e-01,-1.109861582517623901e-01,-5.406021326780319214e-02,-7.048655152320861816e-01,6.985157132148742676e-01,0.000000000000000000e+00,0.000000000000000000e+00,0.000000000000000000e+00,0.000000000000000000e+00,0.000000000000000000e+00,0.000000000000000000e+00,0.000000000000000000e+00,0.000000000000000000e+00,0.000000000000000000e+00,0.000000000000000000e+00,0.000000000000000000e+00,0.000000000000000000e+00,0.000000000000000000e+00,0.000000000000000000e+00,0.000000000000000000e+00,0.000000000000000000e+00,0.000000000000000000e+00,0.000000000000000000e+00,0.000000000000000000e+00,0.000000000000000000e+00,0.000000000000000000e+00,0.000000000000000000e+00,0.000000000000000000e+00,0.000000000000000000e+00,1.362381428480148315e-01,4.288882762193679810e-02,-9.467668533325195312e-01,0.000000000000000000e+00,1.846816837787628174e-01,-1.461097896099090576e-01,9.015138745307922363e-01,0.000000000000000000e+00,1.153657808899879456e-01,6.709594888614160065e-18,1.270728260278701782e-01,-2.132891416549682617e-01,-3.539864718914031982e-01,-3.755226433277130127e-01,5.000000000000000000e-01,7.299841046333312988e-01,-1.799945235252380371e-01,-8.960404396057128906e-01,6.185383796691894531e-01,-5.846761465072631836e-01,-2.030302435159683228e-01,3.478394746780395508e-01,-3.881435394287109375e-01
-2.115215957164764404e-01,-3.054270029067993164e+00,3.318278193473815918e-01,-1.118813827633857727e-01,-5.695533007383346558e-02,-7.049649357795715332e-01,6.980423331260681152e-01,0.000000000000000000e+00,0.000000000000000000e+00,0.000000000000000000e+00,0.000000000000000000e+00,0.000000000000000000e+00,0.000000000000000000e+00,0.000000000000000000e+00,0.000000000000000000e+00,0.000000000000000000e+00,0.000000000000000000e+00,0.000000000000000000e+00,0.000000000000000000e+00,0.000000000000000000e+00,0.000000000000000000e+00,0.000000000000000000e+00,0.000000000000000000e+00,0.000000000000000000e+00,0.000000000000000000e+00,0.000000000000000000e+00,0.000000000000000000e+00,0.000000000000000000e+00,0.000000000000000000e+00,0.000000000000000000e+00,0.000000000000000000e+00,1.355437636375427246e-01,4.229913651943206787e-02,-9.498747587203979492e-01,0.000000000000000000e+00,1.854869872331619263e-01,-1.477829366922378540e-01,9.049033522605895996e-01,0.000000000000000000e+00,1.170770525932312012e-01,3.921533251321610871e-17,1.260840743780136108e-01,-2.424972057342529297e-01,-3.427714407444000244e-01,-3.710766732692718506e-01,5.000000000000000000e-01,7.297523617744445801e-01,-1.799936294555664062e-01,-8.904329538345336914e-01,6.135412454605102539e-01,-5.846876502037048340e-01,-2.053381353616714478e-01,3.448922634124755859e-01,-3.968952596187591553e-01
-2.120551913976669312e-01,-3.053056478500366211e+00,3.309843242168426514e-01,-1.136714220046997070e-01,-5.974635109305381775e-02,-7.047192454338073730e-01,6.977678537368774414e-01,0.000000000000000000e+00,0.000000000000000000e+00,0.000000000000000000e+00,0.000000000000000000e+00,0.000000000000000000e+00,0.000000000000000000e+00,0.000000000000000000e+00,0.000000000000000000e+00,0.000000000000000000e+00,0.000000000000000000e+00,0.000000000000000000e+00,0.000000000000000000e+00,0.000000000000000000e+00,0.000000000000000000e+00,0.000000000000000000e+00,0.000000000000000000e+00,0.000000000000000000e+00,0.000000000000000000e+00,0.000000000000000000e+00,0.000000000000000000e+00,0.000000000000000000e+00,0.000000000000000000e+00,0.000000000000000000e+00,0.000000000000000000e+00,1.363008022308349609e-01,4.260452464222908020e-02,-9.532931447029113770e-01,0.000000000000000000e+00,1.900656670331954956e-01,-1.504097878932952881e-01,9.090343117713928223e-01,0.000000000000000000e+00,1.190560907125473022e-01,-7.133941107113762176e-17,1.246835961937904358e-01,-2.613333761692047119e-01,-3.190023005008697510e-01,-3.622348010540008545e-01,5.000000000000000000e-01,7.277839183807373047e-01,-1.799908876419067383e-01,-8.822466135025024414e-01,6.057946085929870605e-01,-5.791817307472229004e-01,-2.067804187536239624e-01,3.352594375610351562e-01,-4.058293402194976807e-01
-2.125762850046157837e-01,-3.051605939865112305e+00,3.302491009235382080e-01,-1.149786785244941711e-01,-6.291241943836212158e-02,-7.040080428123474121e-01,6.979932785034179688e-01,0.000000000000000000e+00,0.000000000000000000e+00,0.000000000000000000e+00,0.000000000000000000e+00,0.000000000000000000e+00,0.000000000000000000e+00,0.000000000000000000e+00,0.000000000000000000e+00,0.000000000000000000e+00,0.000000000000000000e+00,0.000000000000000000e+00,0.000000000000000000e+00,0.000000000000000000e+00,0.000000000000000000e+00,0.000000000000000000e+00,0.000000000000000000e+00,0.000000000000000000e+00,0.000000000000000000e+00,0.000000000000000000e+00,0.000000000000000000e+00,0.000000000000000000e+00,0.000000000000000000e+00,0.000000000000000000e+00,0.000000000000000000e+00,1.356538385152816772e-01,4.510045796632766724e-02,-9.528173804283142090e-01,0.000000000000000000e+00,1.933336555957794189e-01,-1.534185409545898438e-01,9.125717878341674805e-01,0.000000000000000000e+00,1.183145195245742798e-01,-3.153563550504109002e-17,1.215311288833618164e-01,-2.642506957054138184e-01,-2.847689390182495117e-01,-3.392135202884674072e-01,5.000000000000000000e-01,7.220808267593383789e-01,-1.799840927124023438e-01,-8.716009855270385742e-01,6.001116037368774414e-01,-5.711629390716552734e-01,-2.069502919912338257e-01,3.239844441413879395e-01,-4.104961156845092773e-01
-2.128026783466339111e-01,-3.049925565719604492e+00,3.297324478626251221e-01,-1.153544336557388306e-01,-6.547424197196960449e-02,-7.035425901412963867e-01,6.981649994850158691e-01,0.000000000000000000e+00,0.000000000000000000e+00,0.000000000000000000e+00,0.000000000000000000e+00,0.000000000000000000e+00,0.000000000000000000e+00,0.000000000000000000e+00,0.000000000000000000e+00,0.000000000000000000e+00,0.000000000000000000e+00,0.000000000000000000e+00,0.000000000000000000e+00,0.000000000000000000e+00,0.000000000000000000e+00,0.000000000000000000e+00,0.000000000000000000e+00,0.000000000000000000e+00,0.000000000000000000e+00,0.000000000000000000e+00,0.000000000000000000e+00,0.000000000000000000e+00,0.000000000000000000e+00,0.000000000000000000e+00,0.000000000000000000e+00,1.328100264072418213e-01,4.469538852572441101e-02,-9.530452489852905273e-01,0.000000000000000000e+00,1.921979039907455444e-01,-1.540198177099227905e-01,9.172249436378479004e-01,0.000000000000000000e+00,1.151786521077156067e-01,-5.562525583367584187e-17,1.187739893794059753e-01,-2.536816298961639404e-01,-2.483616173267364502e-01,-3.078014850616455078e-01,5.000000000000000000e-01,7.149598002433776855e-01,-1.799774020910263062e-01,-8.627083897590637207e-01,5.954916477203369141e-01,-5.642270445823669434e-01,-2.054274380207061768e-01,3.154223859310150146e-01,-4.026983082294464111e-01
-2.127667516469955444e-01,-3.048087120056152344e+00,3.295325934886932373e-01,-1.155165955424308777e-01,-6.592404097318649292e-02,-7.034245133399963379e-01,6.982147693634033203e-01,0.000000000000000000e+00,0.000000000000000000e+00,0.000000000000000000e+00,0.000000000000000000e+00,0.000000000000000000e+00,0.000000000000000000e+00,0.000000000000000000e+00,0.000000000000000000e+00,0.000000000000000000e+00,0.000000000000000000e+00,0.000000000000000000e+00,0.000000000000000000e+00,0.000000000000000000e+00,0.000000000000000000e+00,0.000000000000000000e+00,0.000000000000000000e+00,0.000000000000000000e+00,0.000000000000000000e+00,0.000000000000000000e+00,0.000000000000000000e+00,0.000000000000000000e+00,0.000000000000000000e+00,0.000000000000000000e+00,0.000000000000000000e+00,1.309303641319274902e-01,4.345836862921714783e-02,-9.512032866477966309e-01,0.000000000000000000e+00,1.894670575857162476e-01,-1.496270895004272461e-01,9.204199910163879395e-01,0.000000000000000000e+00,1.117976903915405273e-01,-6.358748816739207604e-19,1.164301037788391113e-01,-2.438797354698181152e-01,-2.308374196290969849e-01,-2.890125215053558350e-01,5.000000000000000000e-01,7.098678946495056152e-01,-1.799586564302444458e-01,-8.628944158554077148e-01,5.982993245124816895e-01,-5.633940696716308594e-01,-2.021071761846542358e-01,3.177380263805389404e-01,-3.858438730239868164e-01
-2.123628407716751099e-01,-3.046172142028808594e+00,3.296216428279876709e-01,-1.163894385099411011e-01,-6.374900788068771362e-02,-7.038545608520507812e-01,6.978383064270019531e-01,0.000000000000000000e+00,0.000000000000000000e+00,0.000000000000000000e+00,0.000000000000000000e+00,0.000000000000000000e+00,0.000000000000000000e+00,0.000000000000000000e+00,0.000000000000000000e+00,0.000000000000000000e+00,0.000000000000000000e+00,0.000000000000000000e+00,0.000000000000000000e+00,0.000000000000000000e+00,0.000000000000000000e+00,0.000000000000000000e+00,0.000000000000000000e+00,0.000000000000000000e+00,0.000000000000000000e+00,0.000000000000000000e+00,0.000000000000000000e+00,0.000000000000000000e+00,0.000000000000000000e+00,0.000000000000000000e+00,0.000000000000000000e+00,1.337283104658126831e-01,4.141188040375709534e-02,-9.478124380111694336e-01,0.000000000000000000e+00,1.882997155189514160e-01,-1.420397162437438965e-01,9.207139015197753906e-01,0.000000000000000000e+00,1.115776747465133667e-01,8.925432665041103475e-18,1.169045493006706238e-01,-2.476551532745361328e-01,-2.364190220832824707e-01,-2.937968671321868896e-01,5.000000000000000000e-01,7.071868181228637695e-01,-1.798633188009262085e-01,-8.710862994194030762e-01,6.058983206748962402e-01,-5.698434114456176758e-01,-1.982374936342239380e-01,3.327001631259918213e-01,-3.669726252555847168e-01
-2.119151949882507324e-01,-3.044291019439697266e+00,3.299165070056915283e-01,-1.181668117642402649e-01,-6.050168722867965698e-02,-7.051111459732055664e-01,6.965590119361877441e-01,0.000000000000000000e+00,0.000000000000000000e+00,0.000000000000000000e+00,0.000000000000000000e+00,0.000000000000000000e+00,0.000000000000000000e+00,0.000000000000000000e+00,0.000000000000000000e+00,0.000000000000000000e+00,0.000000000000000000e+00,0.000000000000000000e+00,0.000000000000000000e+00,0.000000000000000000e+00,0.000000000000000000e+00,0.000000000000000000e+00,0.000000000000000000e+00,0.000000000000000000e+00,0.000000000000000000e+00,0.000000000000000000e+00,0.000000000000000000e+00,0.000000000000000000e+00,0.000000000000000000e+00,0.000000000000000000e+00,0.000000000000000000e+00,1.384212523698806763e-01,3.403072804212570190e-02,-9.474549889564514160e-01,0.000000000000000000e+00,1.880469173192977905e-01,-1.343100666999816895e-01,9.194622039794921875e-01,0.000000000000000000e+00,1.157668754458427429e-01,4.654724970464933244e-17,1.221619769930839539e-01,-2.656301856040954590e-01,-2.504518926143646240e-01,-3.094697594642639160e-01,5.000000000000000000e-01,7.087702751159667969e-01,-1.799082010984420776e-01,-8.832741379737854004e-01,6.057954430580139160e-01,-5.799083113670349121e-01,-1.962723731994628906e-01,3.546594977378845215e-01,-3.591520190238952637e-01
-2.114710509777069092e-01,-3.042533159255981445e+00,3.302668929100036621e-01,-1.207429990172386169e-01,-5.759287625551223755e-02,-7.067690491676330566e-01,6.946810483932495117e-01,0.000000000000000000e+00,0.000000000000000000e+00,0.000000000000000000e+00,0.000000000000000000e+00,0.000000000000000000e+00,0.000000000000000000e+00,0.000000000000000000e+00,0.000000000000000000e+00,0.000000000000000000e+00,0.000000000000000000e+00,0.000000000000000000e+00,0.000000000000000000e+00,0.000000000000000000e+00,0.000000000000000000e+00,0.000000000000000000e+00,0.000000000000000000e+00,0.000000000000000000e+00,0.000000000000000000e+00,0.000000000000000000e+00,0.000000000000000000e+00,0.000000000000000000e+00,0.000000000000000000e+00,0.000000000000000000e+00,0.000000000000000000e+00,1.432009190320968628e-01,2.673731371760368347e-02,-9.485750198364257812e-01,0.000000000000000000e+00,1.897657811641693115e-01,-1.277088671922683716e-01,9.183244705200195312e-01,0.000000000000000000e+00,1.233244463801383972e-01,-2.261129802713100675e-17,1.293492168188095093e-01,-2.912181615829467773e-01,-2.534055113792419434e-01,-3.262138962745666504e-01,5.000000000000000000e-01,7.092027068138122559e-01,-1.799740493297576904e-01,-8.904045820236206055e-01,6.013595461845397949e-01,-5.872954726219177246e-01,-1.965017765760421753e-01,3.737917244434356689e-01,-3.649327456951141357e-01
-2.110398709774017334e-01,-3.040795326232910156e+00,3.304778337478637695e-01,-1.240384653210639954e-01,-5.566296353936195374e-02,-7.082802653312683105e-01,6.927158236503601074e-01,0.000000000000000000e+00,0.000000000000000000e+00,0.000000000000000000e+00,0.000000000000000000e+00,0.000000000000000000e+00,0.000000000000000000e+00,0.000000000000000000e+00,0.000000000000000000e+00,0.000000000000000000e+00,0.000000000000000000e+00,0.000000000000000000e+00,0.000000000000000000e+00,0.000000000000000000e+00,0.000000000000000000e+00,0.000000000000000000e+00,0.000000000000000000e+00,0.000000000000000000e+00,0.000000000000000000e+00,0.000000000000000000e+00,0.000000000000000000e+00,0.000000000000000000e+00,0.000000000000000000e+00,0.000000000000000000e+00,0.000000000000000000e+00,1.493917256593704224e-01,2.398156747221946716e-02,-9.465560913085937500e-01,0.000000000000000000e+00,1.928220689296722412e-01,-1.235036328434944153e-01,9.162279963493347168e-01,0.000000000000000000e+00,1.322627961635589600e-01,-6.253397336165652325e-18,1.346303373575210571e-01,-3.114662468433380127e-01,-2.459865212440490723e-01,-3.341696560382843018e-01,5.000000000000000000e-01,7.057246565818786621e-01,-1.799735426902770996e-01,-8.890706300735473633e-01,5.983799099922180176e-01,-5.892255306243896484e-01,-1.979972720146179199e-01,3.843132257461547852e-01,-3.778879642486572266e-01
-2.107137292623519897e-01,-3.038324356079101562e+00,3.317227959632873535e-01,-1.251921206712722778e-01,-5.138130858540534973e-02,-7.099825739860534668e-01,6.910945177078247070e-01,0.000000000000000000e+00,0.000000000000000000e+00,0.000000000000000000e+00,0.000000000000000000e+00,0.000000000000000000e+00,0.000000000000000000e+00,0.000000000000000000e+00,0.000000000000000000e+00,0.000000000000000000e+00,0.000000000000000000e+00,0.000000000000000000e+00,0.000000000000000000e+00,0.000000000000000000e+00,0.000000000000000000e+00,0.000000000000000000e+00,0.000000000000000000e+00,0.000000000000000000e+00,0.000000000000000000e+00,0.000000000000000000e+00,0.000000000000000000e+00,0.000000000000000000e+00,0.000000000000000000e+00,0.000000000000000000e+00,0.000000000000000000e+00,1.560701727867126465e-01,8.957643993198871613e-03,-9.394085407257080078e-01,0.000000000000000000e+00,1.981698572635650635e-01,-1.051012128591537476e-01,9.156337976455688477e-01,0.000000000000000000e+00,1.422196477651596069e-01,8.635779491687899817e-17,1.377725005149841309e-01,-3.350371420383453369e-01,-2.337648123502731323e-01,-3.207189738750457764e-01,5.000000000000000000e-01,6.723906993865966797e-01,-1.799400895833969116e-01,-8.652654886245727539e-01,6.039165258407592773e-01,-5.669268965721130371e-01,-2.032315582036972046e-01,3.768330812454223633e-01,-3.903838098049163818e-01
-2.107463926076889038e-01,-3.036071062088012695e+00,3.320905268192291260e-01,-1.261775046586990356e-01,-5.008449032902717590e-02,-7.106695771217346191e-01,6.903039216995239258e-01,0.000000000000000000e+00,0.000000000000000000e+00,0.000000000000000000e+00,0.000000000000000000e+00,0.000000000000000000e+00,0.000000000000000000e+00,0.000000000000000000e+00,0.000000000000000000e+00,0.000000000000000000e+00,0.000000000000000000e+00,0.000000000000000000e+00,0.000000000000000000e+00,0.000000000000000000e+00,0.000000000000000000e+00,0.000000000000000000e+00,0.000000000000000000e+00,0.000000000000000000e+00,0.000000000000000000e+00,0.000000000000000000e+00,0.000000000000000000e+00,0.000000000000000000e+00,0.000000000000000000e+00,0.000000000000000000e+00,0.000000000000000000e+00,1.585985571146011353e-01,4.452290944755077362e-03,-9.324340224266052246e-01,0.000000000000000000e+00,2.029338479042053223e-01,-9.597867727279663086e-02,9.189156293869018555e-01,0.000000000000000000e+00,1.465670168399810791e-01,6.659821032333067986e-17,1.371634751558303833e-01,-3.383663296699523926e-01,-2.224377840757369995e-01,-2.974102497100830078e-01,5.000000000000000000e-01,6.524825096130371094e-01,-1.790970861911773682e-01,-8.486769795417785645e-01,6.075773239135742188e-01,-5.588107109069824219e-01,-2.040365636348724365e-01,3.785783052444458008e-01,-3.961514234542846680e-01
-2.107800990343093872e-01,-3.034076690673828125e+00,3.317694067955017090e-01,-1.261938959360122681e-01,-5.137970298528671265e-02,-7.104063630104064941e-01,6.904766559600830078e-01,0.000000000000000000e+00,0.000000000000000000e+00,0.000000000000000000e+00,0.000000000000000000e+00,0.000000000000000000e+00,0.000000000000000000e+00,0.000000000000000000e+00,0.000000000000000000e+00,0.000000000000000000e+00,0.000000000000000000e+00,0.000000000000000000e+00,0.000000000000000000e+00,0.000000000000000000e+00,0.000000000000000000e+00,0.000000000000000000e+00,0.000000000000000000e+00,0.000000000000000000e+00,0.000000000000000000e+00,0.000000000000000000e+00,0.000000000000000000e+00,0.000000000000000000e+00,0.000000000000000000e+00,0.000000000000000000e+00,0.000000000000000000e+00,1.558835208415985107e-01,8.032568730413913727e-03,-9.236401915550231934e-01,0.000000000000000000e+00,2.013703584671020508e-01,-9.396296739578247070e-02,9.201709628105163574e-01,0.000000000000000000e+00,1.424583345651626587e-01,-2.102565234987095651e-17,1.318357288837432861e-01,-3.284876048564910889e-01,-2.112517654895782471e-01,-2.725775241851806641e-01,5.000000000000000000e-01,6.563928127288818359e-01,-1.778216958045959473e-01,-8.572846055030822754e-01,6.054168343544006348e-01,-5.698964595794677734e-01,-2.005861401557922363e-01,4.030977487564086914e-01,-3.960042893886566162e-01
-2.109997421503067017e-01,-3.032470941543579102e+00,3.304333388805389404e-01,-1.269323527812957764e-01,-5.518307164311408997e-02,-7.090111970901489258e-01,6.914811134338378906e-01,0.000000000000000000e+00,0.000000000000000000e+00,0.000000000000000000e+00,0.000000000000000000e+00,0.000000000000000000e+00,0.000000000000000000e+00,0.000000000000000000e+00,0.000000000000000000e+00,0.000000000000000000e+00,0.000000000000000000e+00,0.000000000000000000e+00,0.000000000000000000e+00,0.000000000000000000e+00,0.000000000000000000e+00,0.000000000000000000e+00,0.000000000000000000e+00,0.000000000000000000e+00,0.000000000000000000e+00,0.000000000000000000e+00,0.000000000000000000e+00,0.000000000000000000e+00,0.000000000000000000e+00,0.000000000000000000e+00,0.000000000000000000e+00,1.509935408830642700e-01,1.960530877113342285e-02,-9.196193814277648926e-01,0.000000000000000000e+00,1.967522054910659790e-01,-1.025105863809585571e-01,9.211894273757934570e-01,0.000000000000000000e+00,1.323404163122177124e-01,-3.127136122549774831e-17,1.245433762669563293e-01,-3.133221268653869629e-01,-2.009430229663848877e-01,-2.720067501068115234e-01,5.000000000000000000e-01,6.834891438484191895e-01,-1.750656515359878540e-01,-8.865510225296020508e-01,6.027027964591979980e-01,-6.024295687675476074e-01,-1.902046501636505127e-01,4.451938271522521973e-01,-3.925869464874267578e-01
-2.109887450933456421e-01,-3.030076026916503906e+00,3.306720256805419922e-01,-1.271483153104782104e-01,-5.273177474737167358e-02,-7.096117734909057617e-01,6.910164952278137207e-01,0.000000000000000000e+00,0.000000000000000000e+00,0.000000000000000000e+00,0.000000000000000000e+00,0.000000000000000000e+00,0.000000000000000000e+00,0.000000000000000000e+00,0.000000000000000000e+00,0.000000000000000000e+00,0.000000000000000000e+00,0.000000000000000000e+00,0.000000000000000000e+00,0.000000000000000000e+00,0.000000000000000000e+00,0.000000000000000000e+00,0.000000000000000000e+00,0.000000000000000000e+00,0.000000000000000000e+00,0.000000000000000000e+00,0.000000000000000000e+00,0.000000000000000000e+00,0.000000000000000000e+00,0.000000000000000000e+00,0.000000000000000000e+00,1.537578552961349487e-01,9.368192404508590698e-03,-9.201114177703857422e-01,0.000000000000000000e+00,1.978788077831268311e-01,-9.567742794752120972e-02,9.200396537780761719e-01,0.000000000000000000e+00,1.323994696140289307e-01,2.219335675083246399e-17,1.234869733452796936e-01,-3.226245939731597900e-01,-2.109102904796600342e-01,-2.915481030941009521e-01,5.000000000000000000e-01,6.752294898033142090e-01,-1.711394786834716797e-01,-8.886247873306274414e-01,6.011267900466918945e-01,-5.906856060028076172e-01,-1.856545656919479370e-01,4.398055970668792725e-01,-3.946820497512817383e-01
-2.110033780336380005e-01,-3.027372360229492188e+00,3.320782780647277832e-01,-1.257794648408889771e-01,-4.629318788647651672e-02,-7.121548652648925781e-01,6.891095042228698730e-01,0.000000000000000000e+00,0.000000000000000000e+00,0.000000000000000000e+00,0.000000000000000000e+00,0.000000000000000000e+00,0.000000000000000000e+00,0.000000000000000000e+00,0.000000000000000000e+00,0.000000000000000000e+00,0.000000000000000000e+00,0.000000000000000000e+00,0.000000000000000000e+00,0.000000000000000000e+00,0.000000000000000000e+00,0.000000000000000000e+00,0.000000000000000000e+00,0.000000000000000000e+00,0.000000000000000000e+00,0.000000000000000000e+00,0.000000000000000000e+00,0.000000000000000000e+00,0.000000000000000000e+00,0.000000000000000000e+00,0.000000000000000000e+00,1.599271744489669800e-01,-1.522133126854896545e-02,-9.194903373718261719e-01,0.000000000000000000e+00,2.004415690898895264e-01,-8.188423514366149902e-02,9.156233668327331543e-01,0.000000000000000000e+00,1.419237554073333740e-01,-2.241478638336800907e-17,1.283574551343917847e-01,-3.413659334182739258e-01,-2.365717440843582153e-01,-3.065695762634277344e-01,5.000000000000000000e-01,6.397694349288940430e-01,-1.710458248853683472e-01,-8.705468773841857910e-01,5.987198352813720703e-01,-5.475437641143798828e-01,-1.878273189067840576e-01,4.098401069641113281e-01,-4.149671196937561035e-01
-2.113688141107559204e-01,-3.025629043579101562e+00,3.321460783481597900e-01,-1.260212808847427368e-01,-4.514728486537933350e-02,-7.140338420867919922e-01,6.871942877769470215e-01,0.000000000000000000e+00,0.000000000000000000e+00,0.000000000000000000e+00,0.000000000000000000e+00,0.000000000000000000e+00,0.000000000000000000e+00,0.000000000000000000e+00,0.000000000000000000e+00,0.000000000000000000e+00,0.000000000000000000e+00,0.000000000000000000e+00,0.000000000000000000e+00,0.000000000000000000e+00,0.000000000000000000e+00,0.000000000000000000e+00,0.000000000000000000e+00,0.000000000000000000e+00,0.000000000000000000e+00,0.000000000000000000e+00,0.000000000000000000e+00,0.000000000000000000e+00,0.000000000000000000e+00,0.000000000000000000e+00,0.000000000000000000e+00,1.621321588754653931e-01,-1.934793405234813690e-02,-9.190458059310913086e-01,0.000000000000000000e+00,1.995575726032257080e-01,-8.028557896614074707e-02,9.142700433731079102e-01,0.000000000000000000e+00,1.487556844949722290e-01,7.906653530691398085e-17,1.330752223730087280e-01,-3.373140096664428711e-01,-2.625893354415893555e-01,-3.140363991260528564e-01,5.000000000000000000e-01,6.335933804512023926e-01,-1.738816052675247192e-01,-8.693484663963317871e-01,5.894072055816650391e-01,-5.361418724060058594e-01,-1.899973899126052856e-01,4.015274941921234131e-01,-4.182809889316558838e-01
-2.116550803184509277e-01,-3.024445533752441406e+00,3.319470882415771484e-01,-1.271109730005264282e-01,-4.595418274402618408e-02,-7.151664495468139648e-01,6.857608556747436523e-01,0.000000000000000000e+00,0.000000000000000000e+00,0.000000000000000000e+00,0.000000000000000000e+00,0.000000000000000000e+00,0.000000000000000000e+00,0.000000000000000000e+00,0.000000000000000000e+00,0.000000000000000000e+00,0.000000000000000000e+00,0.000000000000000000e+00,0.000000000000000000e+00,0.000000000000000000e+00,0.000000000000000000e+00,0.000000000000000000e+00,0.000000000000000000e+00,0.000000000000000000e+00,0.000000000000000000e+00,0.000000000000000000e+00,0.000000000000000000e+00,0.000000000000000000e+00,0.000000000000000000e+00,0.000000000000000000e+00,0.000000000000000000e+00,1.624808460474014282e-01,-1.382877491414546967e-02,-9.133214354515075684e-01,0.000000000000000000e+00,1.975403130054473877e-01,-7.671661674976348877e-02,9.141832590103149414e-01,0.000000000000000000e+00,1.509131491184234619e-01,-9.137017400721195562e-19,1.356422156095504761e-01,-3.286882340908050537e-01,-2.862240374088287354e-01,-3.159054517745971680e-01,5.000000000000000000e-01,6.307336091995239258e-01,-1.720254123210906982e-01,-8.715153932571411133e-01,5.991486907005310059e-01,-5.426729917526245117e-01,-1.906300783157348633e-01,4.123248159885406494e-01,-4.133098125457763672e-01
-2.119232118129730225e-01,-3.023923635482788086e+00,3.305470943450927734e-01,-1.299391984939575195e-01,-4.998050257563591003e-02,-7.153553366661071777e-01,6.847513914108276367e-01,0.000000000000000000e+00,0.000000000000000000e+00,0.000000000000000000e+00,0.000000000000000000e+00,0.000000000000000000e+00,0.000000000000000000e+00,0.000000000000000000e+00,0.000000000000000000e+00,0.000000000000000000e+00,0.000000000000000000e+00,0.000000000000000000e+00,0.000000000000000000e+00,0.000000000000000000e+00,0.000000000000000000e+00,0.000000000000000000e+00,0.000000000000000000e+00,0.000000000000000000e+00,0.000000000000000000e+00,0.000000000000000000e+00,0.000000000000000000e+00,0.000000000000000000e+00,0.000000000000000000e+00,0.000000000000000000e+00,0.000000000000000000e+00,1.620197892189025879e-01,1.951927551999688148e-03,-9.141975045204162598e-01,0.000000000000000000e+00,1.925059407949447632e-01,-8.639366179704666138e-02,9.193431735038757324e-01,0.000000000000000000e+00,1.476222425699234009e-01,-7.065839658154516429e-17,1.367210894823074341e-01,-3.172675073146820068e-01,-2.939416170120239258e-01,-3.153358697891235352e-01,5.000000000000000000e-01,6.474426388740539551e-01,-1.658958345651626587e-01,-8.809394240379333496e-01,6.020983457565307617e-01,-5.638585686683654785e-01,-1.812288910150527954e-01,4.215084016323089600e-01,-3.961367309093475342e-01
-2.122394293546676636e-01,-3.022971868515014648e+00,3.304284214973449707e-01,-1.315739154815673828e-01,-4.904880002140998840e-02,-7.162653207778930664e-01,6.835542917251586914e-01,0.000000000000000000e+00,0.000000000000000000e+00,0.000000000000000000e+00,0.000000000000000000e+00,0.000000000000000000e+00,0.000000000000000000e+00,0.000000000000000000e+00,0.000000000000000000e+00,0.000000000000000000e+00,0.000000000000000000e+00,0.000000000000000000e+00,0.000000000000000000e+00,0.000000000000000000e+00,0.000000000000000000e+00,0.000000000000000000e+00,0.000000000000000000e+00,0.000000000000000000e+00,0.000000000000000000e+00,0.000000000000000000e+00,0.000000000000000000e+00,0.000000000000000000e+00,0.000000000000000000e+00,0.000000000000000000e+00,0.000000000000000000e+00,1.652076542377471924e-01,-1.337242312729358673e-03,-9.159122705459594727e-01,0.000000000000000000e+00,1.959252059459686279e-01,-8.508887887001037598e-02,9.186809062957763672e-01,0.000000000000000000e+00,1.505638360977172852e-01,-5.724139469703704692e-17,1.426218003034591675e-01,-3.206110596656799316e-01,-2.811749875545501709e-01,-3.060832321643829346e-01,5.000000000000000000e-01,6.427881121635437012e-01,-1.628516167402267456e-01,-8.768734931945800781e-01,5.986429452896118164e-01,-5.586764812469482422e-01,-1.772878468036651611e-01,4.140338599681854248e-01,-3.949371874332427979e-01
-2.125194668769836426e-01,-3.021469116210937500e+00,3.318040966987609863e-01,-1.315731108188629150e-01,-4.335339367389678955e-02,-7.182582020759582520e-01,6.818461418151855469e-01,0.000000000000000000e+00,0.000000000000000000e+00,0.000000000000000000e+00,0.000000000000000000e+00,0.000000000000000000e+00,0.000000000000000000e+00,0.000000000000000000e+00,0.000000000000000000e+00,0.000000000000000000e+00,0.000000000000000000e+00,0.000000000000000000e+00,0.000000000000000000e+00,0.000000000000000000e+00,0.000000000000000000e+00,0.000000000000000000e+00,0.000000000000000000e+00,0.000000000000000000e+00,0.000000000000000000e+00,0.000000000000000000e+00,0.000000000000000000e+00,0.000000000000000000e+00,0.000000000000000000e+00,0.000000000000000000e+00,0.000000000000000000e+00,1.707965731620788574e-01,-2.064820192754268646e-02,-9.138007164001464844e-01,0.000000000000000000e+00,2.033058702945709229e-01,-6.829068064689636230e-02,9.131121635437011719e-01,0.000000000000000000e+00,1.577438563108444214e-01,-6.833087267201615794e-19,1.525459885597229004e-01,-3.338899314403533936e-01,-2.688688039779663086e-01,-2.903593182563781738e-01,5.000000000000000000e-01,6.115046143531799316e-01,-1.597766280174255371e-01,-8.566114902496337891e-01,5.975635051727294922e-01,-5.324772596359252930e-01,-1.791585087776184082e-01,3.971079289913177490e-01,-3.965931832790374756e-01
-2.127377241849899292e-01,-3.020755290985107422e+00,3.317199349403381348e-01,-1.327172964811325073e-01,-4.210475087165832520e-02,-7.191109061241149902e-01,6.808030605316162109e-01,0.000000000000000000e+00,0.000000000000000000e+00,0.000000000000000000e+00,0.000000000000000000e+00,0.000000000000000000e+00,0.000000000000000000e+00,0.000000000000000000e+00,0.000000000000000000e+00,0.000000000000000000e+00,0.000000000000000000e+00,0.000000000000000000e+00,0.000000000000000000e+00,0.000000000000000000e+00,0.000000000000000000e+00,0.000000000000000000e+00,0.000000000000000000e+00,0.000000000000000000e+00,0.000000000000000000e+00,0.000000000000000000e+00,0.000000000000000000e+00,0.000000000000000000e+00,0.000000000000000000e+00,0.000000000000000000e+00,0.000000000000000000e+00,1.738670468330383301e-01,-2.076974697411060333e-02,-9.114360809326171875e-01,0.000000000000000000e+00,2.057015746831893921e-01,-6.758975982666015625e-02,9.097569584846496582e-01,0.000000000000000000e+00,1.597025841474533081e-01,-4.824251335668490990e-17,1.575690507888793945e-01,-3.274192810058593750e-01,-2.632817327976226807e-01,-2.753787934780120850e-01,5.000000000000000000e-01,6.097228527069091797e-01,-1.576902270317077637e-01,-8.589301109313964844e-01,6.021391749382019043e-01,-5.350681543350219727e-01,-1.758086979389190674e-01,4.006338715553283691e-01,-3.896221816539764404e-01
-2.129799276590347290e-01,-3.020281314849853516e+00,3.311921060085296631e-01,-1.328946650028228760e-01,-4.320258274674415588e-02,-7.191349267959594727e-01,6.806743144989013672e-01,0.000000000000000000e+00,0.000000000000000000e+00,0.000000000000000000e+00,0.000000000000000000e+00,0.000000000000000000e+00,0.000000000000000000e+00,0.000000000000000000e+00,0.000000000000000000e+00,0.000000000000000000e+00,0.000000000000000000e+00,0.000000000000000000e+00,0.000000000000000000e+00,0.000000000000000000e+00,0.000000000000000000e+00,0.000000000000000000e+00,0.000000000000000000e+00,0.000000000000000000e+00,0.000000000000000000e+00,0.000000000000000000e+00,0.000000000000000000e+00,0.000000000000000000e+00,0.000000000000000000e+00,0.000000000000000000e+00,0.000000000000000000e+00,1.732236891984939575e-01,-1.474075764417648315e-02,-9.068730473518371582e-01,0.000000000000000000e+00,2.041923254728317261e-01,-7.211645692586898804e-02,9.072321057319641113e-01,0.000000000000000000e+00,1.572259664535522461e-01,-2.758168736161924114e-17,1.594149619340896606e-01,-3.172352015972137451e-01,-2.700862884521484375e-01,-2.683289945125579834e-01,5.000000000000000000e-01,6.220619678497314453e-01,-1.593748927116394043e-01,-8.746070861816406250e-01,6.017397046089172363e-01,-5.482750535011291504e-01,-1.719588041305541992e-01,4.153648912906646729e-01,-3.818884491920471191e-01
-2.132778167724609375e-01,-3.019517421722412109e+00,3.311787247657775879e-01,-1.327701508998870850e-01,-4.312835633754730225e-02,-7.192588448524475098e-01,6.805723309516906738e-01,0.000000000000000000e+00,0.000000000000000000e+00,0.000000000000000000e+00,0.000000000000000000e+00,0.000000000000000000e+00,0.000000000000000000e+00,0.000000000000000000e+00,0.000000000000000000e+00,0.000000000000000000e+00,0.000000000000000000e+00,0.000000000000000000e+00,0.000000000000000000e+00,0.000000000000000000e+00,0.000000000000000000e+00,0.000000000000000000e+00,0.000000000000000000e+00,0.000000000000000000e+00,0.000000000000000000e+00,0.000000000000000000e+00,0.000000000000000000e+00,0.000000000000000000e+00,0.000000000000000000e+00,0.000000000000000000e+00,0.000000000000000000e+00,1.731235682964324951e-01,-1.765421219170093536e-02,-9.073743820190429688e-01,0.000000000000000000e+00,2.036595642566680908e-01,-6.831441074609756470e-02,9.090692400932312012e-01,0.000000000000000000e+00,1.558929830789566040e-01,-4.072763704864475730e-17,1.629390418529510498e-01,-3.109551370143890381e-01,-2.705339491367340088e-01,-2.622553706169128418e-01,5.000000000000000000e-01,6.216469407081604004e-01,-1.586275398731231689e-01,-8.784523606300354004e-01,6.009213328361511230e-01,-5.504224896430969238e-01,-1.697381883859634399e-01,4.205185472965240479e-01,-3.783606886863708496e-01
-2.134581655263900757e-01,-3.018856287002563477e+00,3.311197459697723389e-01,-1.331937760114669800e-01,-4.310332238674163818e-02,-7.193061113357543945e-01,6.804412007331848145e-01,0.000000000000000000e+00,0.000000000000000000e+00,0.000000000000000000e+00,0.000000000000000000e+00,0.000000000000000000e+00,0.000000000000000000e+00,0.000000000000000000e+00,0.000000000000000000e+00,0.000000000000000000e+00,0.000000000000000000e+00,0.000000000000000000e+00,0.000000000000000000e+00,0.000000000000000000e+00,0.000000000000000000e+00,0.000000000000000000e+00,0.000000000000000000e+00,0.000000000000000000e+00,0.000000000000000000e+00,0.000000000000000000e+00,0.000000000000000000e+00,0.000000000000000000e+00,0.000000000000000000e+00,0.000000000000000000e+00,0.000000000000000000e+00,1.736940592527389526e-01,-2.068830281496047974e-02,-9.097866415977478027e-01,0.000000000000000000e+00,2.037647068500518799e-01,-6.480962783098220825e-02,9.114630818367004395e-01,0.000000000000000000e+00,1.547562927007675171e-01,5.376058228346695413e-17,1.666385680437088013e-01,-3.095427155494689941e-01,-2.700499296188354492e-01,-2.634235024452209473e-01,5.000000000000000000e-01,6.192092299461364746e-01,-1.566184014081954956e-01,-8.785997629165649414e-01,6.022161245346069336e-01,-5.513166189193725586e-01,-1.672866195440292358e-01,4.234019219875335693e-01,-3.776772916316986084e-01
-2.135413140058517456e-01,-3.018123626708984375e+00,3.314494490623474121e-01,-1.336067765951156616e-01,-4.171977192163467407e-02,-7.196239233016967773e-01,6.801103353500366211e-01,0.000000000000000000e+00,0.000000000000000000e+00,0.000000000000000000e+00,0.000000000000000000e+00,0.000000000000000000e+00,0.000000000000000000e+00,0.000000000000000000e+00,0.000000000000000000e+00,0.000000000000000000e+00,0.000000000000000000e+00,0.000000000000000000e+00,0.000000000000000000e+00,0.000000000000000000e+00,0.000000000000000000e+00,0.000000000000000000e+00,0.000000000000000000e+00,0.000000000000000000e+00,0.000000000000000000e+00,0.000000000000000000e+00,0.000000000000000000e+00,0.000000000000000000e+00,0.000000000000000000e+00,0.000000000000000000e+00,0.000000000000000000e+00,1.755207180976867676e-01,-2.692020498216152191e-02,-9.105919003486633301e-01,0.000000000000000000e+00,2.062032222747802734e-01,-5.912545323371887207e-02,9.128068685531616211e-01,0.000000000000000000e+00,1.566582918167114258e-01,4.096022038455996740e-17,1.692862212657928467e-01,-3.152210414409637451e-01,-2.724154293537139893e-01,-2.630723714828491211e-01,5.000000000000000000e-01,6.081714630126953125e-01,-1.540635079145431519e-01,-8.684738874435424805e-01,6.002916693687438965e-01,-5.433452129364013672e-01,-1.674691438674926758e-01,4.188418090343475342e-01,-3.832839131355285645e-01
-2.135327607393264771e-01,-3.017731189727783203e+00,3.312717080116271973e-01,-1.337724179029464722e-01,-4.233416914939880371e-02,-7.195513248443603516e-01,6.801166534423828125e-01,0.000000000000000000e+00,0.000000000000000000e+00,0.000000000000000000e+00,0.000000000000000000e+00,0.000000000000000000e+00,0.000000000000000000e+00,0.000000000000000000e+00,0.000000000000000000e+00,0.000000000000000000e+00,0.000000000000000000e+00,0.000000000000000000e+00,0.000000000000000000e+00,0.000000000000000000e+00,0.000000000000000000e+00,0.000000000000000000e+00,0.000000000000000000e+00,0.000000000000000000e+00,0.000000000000000000e+00,0.000000000000000000e+00,0.000000000000000000e+00,0.000000000000000000e+00,0.000000000000000000e+00,0.000000000000000000e+00,0.000000000000000000e+00,1.751582622528076172e-01,-2.460809238255023956e-02,-9.087394475936889648e-01,0.000000000000000000e+00,2.065702229738235474e-01,-6.141028925776481628e-02,9.123529195785522461e-01,0.000000000000000000e+00,1.575697362422943115e-01,-1.099678225438004050e-17,1.682526469230651855e-01,-3.125333786010742188e-01,-2.773076593875885010e-01,-2.575093507766723633e-01,5.000000000000000000e-01,6.141272783279418945e-01,-1.568423658609390259e-01,-8.713921904563903809e-01,5.910874605178833008e-01,-5.490919947624206543e-01,-1.684102416038513184e-01,4.259074926376342773e-01,-3.852654993534088135e-01
-2.134356349706649780e-01,-3.016945362091064453e+00,3.318152427673339844e-01,-1.341046392917633057e-01,-4.014213383197784424e-02,-7.199823260307312012e-01,6.797278523445129395e-01,0.000000000000000000e+00,0.000000000000000000e+00,0.000000000000000000e+00,0.000000000000000000e+00,0.000000000000000000e+00,0.000000000000000000e+00,0.000000000000000000e+00,0.000000000000000000e+00,0.000000000000000000e+00,0.000000000000000000e+00,0.000000000000000000e+00,0.000000000000000000e+00,0.000000000000000000e+00,0.000000000000000000e+00,0.000000000000000000e+00,0.000000000000000000e+00,0.000000000000000000e+00,0.000000000000000000e+00,0.000000000000000000e+00,0.000000000000000000e+00,0.000000000000000000e+00,0.000000000000000000e+00,0.000000000000000000e+00,0.000000000000000000e+00,1.775847971439361572e-01,-3.137219324707984924e-02,-9.076900482177734375e-01,0.000000000000000000e+00,2.112276703119277954e-01,-5.322393029928207397e-02,9.138783812522888184e-01,0.000000000000000000e+00,1.624963134527206421e-01,-1.217209241563785055e-16,1.675611138343811035e-01,-3.210593163967132568e-01,-2.914291024208068848e-01,-2.511235177516937256e-01,5.000000000000000000e-01,5.982083678245544434e-01,-1.547769904136657715e-01,-8.559926152229309082e-01,5.917488932609558105e-01,-5.381552577018737793e-01,-1.717675328254699707e-01,4.197477996349334717e-01,-3.925364613533020020e-01
-2.133138775825500488e-01,-3.016457796096801758e+00,3.316932022571563721e-01,-1.346392333507537842e-01,-4.011783003807067871e-02,-7.203092575073242188e-01,6.792771220207214355e-01,0.000000000000000000e+00,0.000000000000000000e+00,0.000000000000000000e+00,0.000000000000000000e+00,0.000000000000000000e+00,0.000000000000000000e+00,0.000000000000000000e+00,0.000000000000000000e+00,0.000000000000000000e+00,0.000000000000000000e+00,0.000000000000000000e+00,0.000000000000000000e+00,0.000000000000000000e+00,0.000000000000000000e+00,0.000000000000000000e+00,0.000000000000000000e+00,0.000000000000000000e+00,0.000000000000000000e+00,0.000000000000000000e+00,0.000000000000000000e+00,0.000000000000000000e+00,0.000000000000000000e+00,0.000000000000000000e+00,0.000000000000000000e+00,1.774626225233078003e-01,-3.218892589211463928e-02,-9.068341851234436035e-01,0.000000000000000000e+00,2.133224457502365112e-01,-5.135836452245712280e-02,9.153519868850708008e-01,0.000000000000000000e+00,1.655180156230926514e-01,5.595947650581666760e-17,1.660763770341873169e-01,-3.197583854198455811e-01,-2.965449988842010498e-01,-2.417004108428955078e-01,5.000000000000000000e-01,5.955182313919067383e-01,-1.556225866079330444e-01,-8.508625030517578125e-01,5.913056731224060059e-01,-5.380146503448486328e-01,-1.746679544448852539e-01,4.242538511753082275e-01,-4.061346054077148438e-01
-2.131899744272232056e-01,-3.015964031219482422e+00,3.314510285854339600e-01,-1.346979290246963501e-01,-4.069290310144424438e-02,-7.206993103027343750e-01,6.788173913955688477e-01,0.000000000000000000e+00,0.000000000000000000e+00,0.000000000000000000e+00,0.000000000000000000e+00,0.000000000000000000e+00,0.000000000000000000e+00,0.000000000000000000e+00,0.000000000000000000e+00,0.000000000000000000e+00,0.000000000000000000e+00,0.000000000000000000e+00,0.000000000000000000e+00,0.000000000000000000e+00,0.000000000000000000e+00,0.000000000000000000e+00,0.000000000000000000e+00,0.000000000000000000e+00,0.000000000000000000e+00,0.000000000000000000e+00,0.000000000000000000e+00,0.000000000000000000e+00,0.000000000000000000e+00,0.000000000000000000e+00,0.000000000000000000e+00,1.751825362443923950e-01,-3.213506564497947693e-02,-9.051080942153930664e-01,0.000000000000000000e+00,2.141609191894531250e-01,-5.083576217293739319e-02,9.166750907897949219e-01,0.000000000000000000e+00,1.672513931989669800e-01,6.133982978677598335e-17,1.657050251960754395e-01,-3.195049464702606201e-01,-3.019470870494842529e-01,-2.345224618911743164e-01,5.000000000000000000e-01,5.951504111289978027e-01,-1.569357365369796753e-01,-8.487723469734191895e-01,5.908319950103759766e-01,-5.390816330909729004e-01,-1.770658344030380249e-01,4.296890497207641602e-01,-4.212767779827117920e-01
-2.130462229251861572e-01,-3.015527009963989258e+00,3.311363160610198975e-01,-1.347239166498184204e-01,-4.126917198300361633e-02,-7.208290696144104004e-01,6.786396503448486328e-01,0.000000000000000000e+00,0.000000000000000000e+00,0.000000000000000000e+00,0.000000000000000000e+00,0.000000000000000000e+00,0.000000000000000000e+00,0.000000000000000000e+00,0.000000000000000000e+00,0.000000000000000000e+00,0.000000000000000000e+00,0.000000000000000000e+00,0.000000000000000000e+00,0.000000000000000000e+00,0.000000000000000000e+00,0.000000000000000000e+00,0.000000000000000000e+00,0.000000000000000000e+00,0.000000000000000000e+00,0.000000000000000000e+00,0.000000000000000000e+00,0.000000000000000000e+00,0.000000000000000000e+00,0.000000000000000000e+00,0.000000000000000000e+00,1.741020232439041138e-01,-3.165095299482345581e-02,-9.034110903739929199e-01,0.000000000000000000e+00,2.140389680862426758e-01,-5.206648632884025574e-02,9.180163741111755371e-01,0.000000000000000000e+00,1.690524220466613770e-01,-1.530341725673250203e-18,1.635827124118804932e-01,-3.207250833511352539e-01,-3.071351349353790283e-01,-2.273265123367309570e-01,5.000000000000000000e-01,5.961773991584777832e-01,-1.593125164508819580e-01,-8.482910990715026855e-01,5.902101397514343262e-01,-5.398759841918945312e-01,-1.797601878643035889e-01,4.346477389335632324e-01,-4.367748200893402100e-01
-2.128340750932693481e-01,-3.015183448791503906e+00,3.306776881217956543e-01,-1.348606199026107788e-01,-4.175724461674690247e-02,-7.213426828384399414e-01,6.780366301536560059e-01,0.000000000000000000e+00,0.000000000000000000e+00,0.000000000000000000e+00,0.000000000000000000e+00,0.000000000000000000e+00,0.000000000000000000e+00,0.000000000000000000e+00,0.000000000000000000e+00,0.000000000000000000e+00,0.000000000000000000e+00,0.000000000000000000e+00,0.000000000000000000e+00,0.000000000000000000e+00,0.000000000000000000e+00,0.000000000000000000e+00,0.000000000000000000e+00,0.000000000000000000e+00,0.000000000000000000e+00,0.000000000000000000e+00,0.000000000000000000e+00,0.000000000000000000e+00,0.000000000000000000e+00,0.000000000000000000e+00,0.000000000000000000e+00,1.733537465333938599e-01,-3.014664910733699799e-02,-9.019594788551330566e-01,0.000000000000000000e+00,2.128425389528274536e-01,-5.517201125621795654e-02,9.188964962959289551e-01,0.000000000000000000e+00,1.714985966682434082e-01,1.688754236923152666e-17,1.625933349132537842e-01,-3.240996897220611572e-01,-3.144301176071166992e-01,-2.253162562847137451e-01,5.000000000000000000e-01,5.985873341560363770e-01,-1.626432389020919800e-01,-8.495831489562988281e-01,5.914984345436096191e-01,-5.415883064270019531e-01,-1.820891201496124268e-01,4.400070011615753174e-01,-4.516722857952117920e-01
-2.127828150987625122e-01,-3.014878511428833008e+00,3.302762508392333984e-01,-1.350186020135879517e-01,-4.199443757534027100e-02,-7.218584418296813965e-01,6.774413585662841797e-01,0.000000000000000000e+00,0.000000000000000000e+00,0.000000000000000000e+00,0.000000000000000000e+00,0.000000000000000000e+00,0.000000000000000000e+00,0.000000000000000000e+00,0.000000000000000000e+00,0.000000000000000000e+00,0.000000000000000000e+00,0.000000000000000000e+00,0.000000000000000000e+00,0.000000000000000000e+00,0.000000000000000000e+00,0.000000000000000000e+00,0.000000000000000000e+00,0.000000000000000000e+00,0.000000000000000000e+00,0.000000000000000000e+00,0.000000000000000000e+00,0.000000000000000000e+00,0.000000000000000000e+00,0.000000000000000000e+00,0.000000000000000000e+00,1.739365905523300171e-01,-3.143956512212753296e-02,-9.043766260147094727e-01,0.000000000000000000e+00,2.112958580255508423e-01,-5.654349923133850098e-02,9.195864200592041016e-01,0.000000000000000000e+00,1.743934005498886108e-01,1.536288306417378605e-17,1.631533652544021606e-01,-3.301020860671997070e-01,-3.178364038467407227e-01,-2.260743677616119385e-01,5.000000000000000000e-01,6.010639667510986328e-01,-1.662164926528930664e-01,-8.521880507469177246e-01,5.921128988265991211e-01,-5.437701940536499023e-01,-1.842761784791946411e-01,4.443520903587341309e-01,-4.606879651546478271e-01
-2.127588093280792236e-01,-3.014601230621337891e+00,3.300361931324005127e-01,-1.350273340940475464e-01,-4.208425804972648621e-02,-7.226786017417907715e-01,6.765590310096740723e-01,0.000000000000000000e+00,0.000000000000000000e+00,0.000000000000000000e+00,0.000000000000000000e+00,0.000000000000000000e+00,0.000000000000000000e+00,0.000000000000000000e+00,0.000000000000000000e+00,0.000000000000000000e+00,0.000000000000000000e+00,0.000000000000000000e+00,0.000000000000000000e+00,0.000000000000000000e+00,0.000000000000000000e+00,0.000000000000000000e+00,0.000000000000000000e+00,0.000000000000000000e+00,0.000000000000000000e+00,0.000000000000000000e+00,0.000000000000000000e+00,0.000000000000000000e+00,0.000000000000000000e+00,0.000000000000000000e+00,0.000000000000000000e+00,1.734424531459808350e-01,-3.343153744935989380e-02,-9.078504443168640137e-01,0.000000000000000000e+00,2.102125287055969238e-01,-5.407943949103355408e-02,9.219172596931457520e-01,0.000000000000000000e+00,1.780754774808883667e-01,7.476360793486213512e-17,1.657965183258056641e-01,-3.389213979244232178e-01,-3.274027109146118164e-01,-2.333703488111495972e-01,5.000000000000000000e-01,6.028493642807006836e-01,-1.699273139238357544e-01,-8.541461825370788574e-01,5.908065438270568848e-01,-5.448191165924072266e-01,-1.873185187578201294e-01,4.451179504394531250e-01,-4.643041491508483887e-01
-2.127890884876251221e-01,-3.014556884765625000e+00,3.299011588096618652e-01,-1.355536133050918579e-01,-4.192917421460151672e-02,-7.231706380844116211e-01,6.759374141693115234e-01,0.000000000000000000e+00,0.000000000000000000e+00,0.000000000000000000e+00,0.000000000000000000e+00,0.000000000000000000e+00,0.000000000000000000e+00,0.000000000000000000e+00,0.000000000000000000e+00,0.000000000000000000e+00,0.000000000000000000e+00,0.000000000000000000e+00,0.000000000000000000e+00,0.000000000000000000e+00,0.000000000000000000e+00,0.000000000000000000e+00,0.000000000000000000e+00,0.000000000000000000e+00,0.000000000000000000e+00,0.000000000000000000e+00,0.000000000000000000e+00,0.000000000000000000e+00,0.000000000000000000e+00,0.000000000000000000e+00,0.000000000000000000e+00,1.754074394702911377e-01,-3.501977398991584778e-02,-9.109727740287780762e-01,0.000000000000000000e+00,2.104579508304595947e-01,-5.219849199056625366e-02,9.239237308502197266e-01,0.000000000000000000e+00,1.823897361755371094e-01,7.334398071526392776e-17,1.675684601068496704e-01,-3.497940599918365479e-01,-3.355772793292999268e-01,-2.438889294862747192e-01,5.000000000000000000e-01,6.039718985557556152e-01,-1.730587035417556763e-01,-8.541955351829528809e-01,5.894891619682312012e-01,-5.450395345687866211e-01,-1.902854889631271362e-01,4.432657361030578613e-01,-4.659026861190795898e-01
-2.129494249820709229e-01,-3.014785766601562500e+00,3.298195898532867432e-01,-1.363642662763595581e-01,-4.188936948776245117e-02,-7.232317328453063965e-01,6.757113933563232422e-01,0.000000000000000000e+00,0.000000000000000000e+00,0.000000000000000000e+00,0.000000000000000000e+00,0.000000000000000000e+00,0.000000000000000000e+00,0.000000000000000000e+00,0.000000000000000000e+00,0.000000000000000000e+00,0.000000000000000000e+00,0.000000000000000000e+00,0.000000000000000000e+00,0.000000000000000000e+00,0.000000000000000000e+00,0.000000000000000000e+00,0.000000000000000000e+00,0.000000000000000000e+00,0.000000000000000000e+00,0.000000000000000000e+00,0.000000000000000000e+00,0.000000000000000000e+00,0.000000000000000000e+00,0.000000000000000000e+00,0.000000000000000000e+00,1.779584735631942749e-01,-3.481002151966094971e-02,-9.123351573944091797e-01,0.000000000000000000e+00,2.129040360450744629e-01,-5.334928631782531738e-02,9.236302971839904785e-01,0.000000000000000000e+00,1.854344904422760010e-01,2.876972220767607692e-17,1.681395918130874634e-01,-3.647294938564300537e-01,-3.461074233055114746e-01,-2.555053830146789551e-01,5.000000000000000000e-01,6.042755246162414551e-01,-1.739069074392318726e-01,-8.526490926742553711e-01,5.896496772766113281e-01,-5.455749034881591797e-01,-1.919239461421966553e-01,4.405121803283691406e-01,-4.661200642585754395e-01
-2.132190614938735962e-01,-3.015063524246215820e+00,3.296880424022674561e-01,-1.369369179010391235e-01,-4.252599924802780151e-02,-7.234824895858764648e-01,6.752873063087463379e-01,0.000000000000000000e+00,0.000000000000000000e+00,0.000000000000000000e+00,0.000000000000000000e+00,0.000000000000000000e+00,0.000000000000000000e+00,0.000000000000000000e+00,0.000000000000000000e+00,0.000000000000000000e+00,0.000000000000000000e+00,0.000000000000000000e+00,0.000000000000000000e+00,0.000000000000000000e+00,0.000000000000000000e+00,0.000000000000000000e+00,0.000000000000000000e+00,0.000000000000000000e+00,0.000000000000000000e+00,0.000000000000000000e+00,0.000000000000000000e+00,0.000000000000000000e+00,0.000000000000000000e+00,0.000000000000000000e+00,0.000000000000000000e+00,1.785801649093627930e-01,-3.398007899522781372e-02,-9.133567214012145996e-01,0.000000000000000000e+00,2.147684693336486816e-01,-5.570913478732109070e-02,9.226734638214111328e-01,0.000000000000000000e+00,1.871566027402877808e-01,6.319959732877181909e-18,1.692301481962203979e-01,-3.795741796493530273e-01,-3.495902419090270996e-01,-2.590272128582000732e-01,5.000000000000000000e-01,6.038462519645690918e-01,-1.731459051370620728e-01,-8.488856554031372070e-01,5.902513861656188965e-01,-5.467866063117980957e-01,-1.929512023925781250e-01,4.374078810214996338e-01,-4.635691940784454346e-01
-2.136424034833908081e-01,-3.015322446823120117e+00,3.294707834720611572e-01,-1.374074518680572510e-01,-4.390375316143035889e-02,-7.230039834976196289e-01,6.756159067153930664e-01,0.000000000000000000e+00,0.000000000000000000e+00,0.000000000000000000e+00,0.000000000000000000e+00,0.000000000000000000e+00,0.000000000000000000e+00,0.000000000000000000e+00,0.000000000000000000e+00,0.000000000000000000e+00,0.000000000000000000e+00,0.000000000000000000e+00,0.000000000000000000e+00,0.000000000000000000e+00,0.000000000000000000e+00,0.000000000000000000e+00,0.000000000000000000e+00,0.000000000000000000e+00,0.000000000000000000e+00,0.000000000000000000e+00,0.000000000000000000e+00,0.000000000000000000e+00,0.000000000000000000e+00,0.000000000000000000e+00,0.000000000000000000e+00,1.796925216913223267e-01,-3.291706368327140808e-02,-9.142198562622070312e-01,0.000000000000000000e+00,2.161695510149002075e-01,-5.634489282965660095e-02,9.235527515411376953e-01,0.000000000000000000e+00,1.862919032573699951e-01,-2.047338686826115269e-17,1.674466133117675781e-01,-3.895669877529144287e-01,-3.441871702671051025e-01,-2.553599476814270020e-01,5.000000000000000000e-01,6.019139289855957031e-01,-1.702783554792404175e-01,-8.426691889762878418e-01,5.917704105377197266e-01,-5.476804375648498535e-01,-1.925841867923736572e-01,4.336942136287689209e-01,-4.599370956420898438e-01
