-1.227450650185346603e-02,-4.807628225535154343e-03,3.328155875205993652e-01,-3.769056499004364014e-02,-2.808572910726070404e-02,1.484201252460479736e-01,9.878066778182983398e-01,1.419491022825241089e-01,-1.220482960343360901e-01,7.195544886925281380e-18,4.379662498831748962e-02,-5.073854923248291016e-01,6.221061348915100098e-01,8.616245537996292114e-02,1.844045966863632202e-01,-1.591976135969161987e-01,-1.689496338367462158e-01,2.386637479066848755e-01,-4.920673966407775879e-01,8.621407300233840942e-02,2.337754368782043457e-01,-8.199165016412734985e-02,3.315422534942626953e-01,-1.059147268533706665e-01,-1.800000071525573730e-01,5.132335051894187927e-02,2.177561521530151367e-01,3.799816370010375977e-01
-7.366818608716130257e-04,-1.566618797369301319e-03,3.307611048221588135e-01,-2.911049127578735352e-02,-1.701056398451328278e-02,1.461220681667327881e-01,9.886918663978576660e-01,1.262323260307312012e-01,-9.969116002321243286e-02,2.989092718053143471e-05,-5.870247259736061096e-03,-4.970683157444000244e-01,4.521491527557373047e-01,7.301948964595794678e-02,1.581699699163436890e-01,-2.040304392576217651e-01,-1.845364421606063843e-01,2.446785569190979004e-01,-4.730450510978698730e-01,9.558542072772979736e-02,1.721602380275726318e-01,-6.523098796606063843e-02,3.601733744144439697e-01,-1.185675635933876038e-01,-1.800000071525573730e-01,2.252910584211349487e-01,2.204180806875228882e-01,8.599822521209716797e-01
1.103802863508462906e-02,2.762318821623921394e-03,3.265631198883056641e-01,-1.727377437055110931e-02,-6.922620814293622971e-03,1.466271132230758667e-01,9.890167713165283203e-01,1.020673662424087524e-01,-7.591652125120162964e-02,8.285945659736171365e-05,-3.102461434900760651e-02,-4.843876659870147705e-01,2.139896601438522339e-01,4.892661049962043762e-02,1.381298750638961792e-01,-2.738065719604492188e-01,-1.962773650884628296e-01,2.215756177902221680e-01,-4.599600136280059814e-01,9.619840234518051147e-02,1.223078593611717224e-01,-4.031177237629890442e-02,3.629496395587921143e-01,-9.009684622287750244e-02,-1.800000071525573730e-01,3.635397255420684814e-01,2.160508036613464355e-01,1.352211952209472656e+00
2.103359252214431763e-02,6.077529862523078918e-03,3.234288096427917480e-01,2.258487511426210403e-03,1.588150975294411182e-03,1.442268341779708862e-01,9.895408153533935547e-01,5.672052502632141113e-02,-5.162993445992469788e-02,3.012127999681979418e-04,-2.925657480955123901e-02,-4.698756933212280273e-01,2.863816218450665474e-03,5.541731137782335281e-03,1.079527512192726135e-01,-3.114587962627410889e-01,-1.900152713060379028e-01,2.115925401449203491e-01,-4.673350453376770020e-01,9.239396452903747559e-02,7.330484688282012939e-02,-2.734810858964920044e-02,3.420350253582000732e-01,-9.218119084835052490e-02,-1.800000071525573730e-01,4.674284160137176514e-01,2.099750339984893799e-01,1.489991664886474609e+00
2.454242669045925140e-02,9.423087351024150848e-03,3.207729160785675049e-01,3.220972791314125061e-02,1.265127863734960556e-02,1.385392397642135620e-01,9.897521734237670898e-01,-2.506305091083049774e-02,-6.148819625377655029e-02,1.731764711439609528e-02,1.832658192142844200e-03,-5.083425045013427734e-01,2.070256122743590927e-16,-5.771771073341369629e-02,5.939450487494468689e-02,-3.222159445285797119e-01,-1.649625897407531738e-01,2.191360145807266235e-01,-4.805171191692352295e-01,8.985228836536407471e-02,1.841166615486145020e-02,-2.930628880858421326e-02,3.242477476596832275e-01,-9.353727847337722778e-02,-1.717698127031326294e-01,6.486188769340515137e-01,2.124893516302108765e-01,1.457821130752563477e+00
2.513531222939491272e-02,1.523781754076480865e-02,3.211333155632019043e-01,5.132458359003067017e-02,1.148696057498455048e-02,1.205471158027648926e-01,9.913133978843688965e-01,-8.830831199884414673e-02,-7.602219283580780029e-02,6.434698402881622314e-02,3.284785151481628418e-02,-4.551295638084411621e-01,3.516722232432129003e-13,-9.294598549604415894e-02,3.760647773742675781e-02,-2.940804064273834229e-01,-1.407060325145721436e-01,2.358180135488510132e-01,-5.113041400909423828e-01,8.413428813219070435e-02,-1.544734742492437363e-02,-3.131540119647979736e-02,3.051030337810516357e-01,-1.012017652392387390e-01,-1.318429857492446899e-01,7.655087709426879883e-01,2.241879552602767944e-01,1.138013601303100586e+00
2.674351632595062256e-02,2.225930988788604736e-02,3.218159377574920654e-01,5.039069801568984985e-02,5.411076825112104416e-03,1.019035652279853821e-01,9.935024976730346680e-01,-1.153904944658279419e-01,-1.039812117815017700e-01,1.348411440849304199e-01,4.681322723627090454e-02,-4.180724620819091797e-01,1.423161447746679187e-04,-9.257826209068298340e-02,3.120446018874645233e-02,-2.672164142131805420e-01,-1.244409680366516113e-01,2.569370567798614502e-01,-5.416712760925292969e-01,9.731242805719375610e-02,-3.736269101500511169e-02,-2.303514257073402405e-02,2.831829786300659180e-01,-9.764734655618667603e-02,-7.366079837083816528e-02,8.180630207061767578e-01,2.345243543386459351e-01,8.180980682373046875e-01
3.025336936116218567e-02,3.012952953577041626e-02,3.226103484630584717e-01,3.118799813091754913e-02,3.291074652224779129e-03,7.911940664052963257e-02,9.963716864585876465e-01,-1.001682952046394348e-01,-1.618232727050781250e-01,2.485608160495758057e-01,3.001469746232032776e-02,-4.121114909648895264e-01,1.478055492043495178e-04,-5.994162335991859436e-02,2.243697270750999451e-02,-2.411569654941558838e-01,-1.207009926438331604e-01,2.629394233226776123e-01,-5.948039889335632324e-01,9.793674945831298828e-02,-5.405581369996070862e-02,-6.187872495502233505e-03,2.601720690727233887e-01,-6.215832382440567017e-02,4.226264078170061111e-03,8.854094743728637695e-01,2.372777760028839111e-01,8.353038430213928223e-01
3.318510577082633972e-02,3.880085423588752747e-02,3.225744962692260742e-01,5.404980387538671494e-03,-6.117561366409063339e-03,5.319977924227714539e-02,9.985505342483520508e-01,-6.145445257425308228e-02,-2.611405253410339355e-01,4.290425777435302734e-01,2.775452099740505219e-03,-3.898012936115264893e-01,2.383449900662526488e-04,-8.027410134673118591e-03,3.861726075410842896e-02,-2.458172142505645752e-01,-1.346247643232345581e-01,2.606180310249328613e-01,-6.003318428993225098e-01,9.272633492946624756e-02,-5.541906133294105530e-02,1.874179393053054810e-02,2.286137938499450684e-01,-1.734826341271400452e-02,6.627328693866729736e-02,8.981752395629882812e-01,2.352412045001983643e-01,8.310205340385437012e-01
3.568601608276367188e-02,4.882565513253211975e-02,3.209763765335083008e-01,-8.538068272173404694e-03,-2.259424887597560883e-02,1.751339808106422424e-02,9.995548129081726074e-01,-4.888527467846870422e-02,-4.080835580825805664e-01,6.722900867462158203e-01,-6.131749833002686501e-04,-3.515704274177551270e-01,3.680379595607519150e-04,1.544926781207323074e-02,7.141077518463134766e-02,-2.095668315887451172e-01,-1.453566700220108032e-01,2.693070173263549805e-01,-6.178052425384521484e-01,8.202805370092391968e-02,-5.038223043084144592e-02,4.837124422192573547e-02,1.922141760587692261e-01,3.791236132383346558e-02,1.386142224073410034e-01,8.051221370697021484e-01,2.320399880409240723e-01,8.165578842163085938e-01
3.704353049397468567e-02,5.896899476647377014e-02,3.187494874000549316e-01,-2.263320423662662506e-02,-6.250139325857162476e-02,-2.293744869530200958e-02,9.975244998931884766e-01,-1.258844044059514999e-02,-5.046049356460571289e-01,8.686158061027526855e-01,1.280686259269714355e-02,-2.733208835124969482e-01,9.572944603860378265e-03,4.297406598925590515e-02,1.662084758281707764e-01,-1.661438196897506714e-01,-1.736833751201629639e-01,2.798233330249786377e-01,-6.136393547058105469e-01,6.932712346315383911e-02,-2.066178992390632629e-02,7.769373804330825806e-02,1.550308763980865479e-01,1.105666011571884155e-01,2.031060308218002319e-01,6.469401121139526367e-01,2.386598438024520874e-01,7.497267723083496094e-01
3.683181479573249817e-02,6.812733411788940430e-02,3.144319057464599609e-01,-3.243597596883773804e-02,-7.461389899253845215e-02,-6.150987371802330017e-02,9.947850108146667480e-01,2.020826563239097595e-02,-5.523163080215454102e-01,8.839930891990661621e-01,2.104806713759899139e-02,-2.680613398551940918e-01,1.864659413695335388e-02,6.380465626716613770e-02,1.848102807998657227e-01,-1.336336135864257812e-01,-1.922210603952407837e-01,3.000770211219787598e-01,-6.198993325233459473e-01,6.116907298564910889e-02,-2.793094376102089882e-03,1.032794490456581116e-01,1.070903688669204712e-01,1.427823901176452637e-01,2.561623454093933105e-01,4.885172545909881592e-01,2.571870684623718262e-01,6.741365194320678711e-01
3.871028125286102295e-02,7.778831571340560913e-02,3.085519969463348389e-01,-3.929413482546806335e-02,-8.443012088537216187e-02,-1.038531884551048279e-01,9.902232289314270020e-01,6.221965327858924866e-02,-5.250949859619140625e-01,6.680870056152343750e-01,3.422079235315322876e-02,-2.750328183174133301e-01,2.737350575625896454e-02,8.754525333642959595e-02,1.971996128559112549e-01,-1.074677556753158569e-01,-2.217886447906494141e-01,2.965079843997955322e-01,-5.917633175849914551e-01,5.611274018883705139e-02,1.927313022315502167e-02,1.254820078611373901e-01,5.193973705172538757e-02,1.689282804727554321e-01,2.951247096061706543e-01,3.129776120185852051e-01,3.020295798778533936e-01,5.707373023033142090e-01
4.612767323851585388e-02,8.736675232648849487e-02,3.045093715190887451e-01,-3.405189141631126404e-02,-9.228055179119110107e-02,-1.573807150125503540e-01,9.826271533966064453e-01,1.059095412492752075e-01,-4.339630007743835449e-01,2.833130657672882080e-01,6.126813963055610657e-02,-2.780948877334594727e-01,3.183918073773384094e-02,1.029332876205444336e-01,2.145632207393646240e-01,-8.171006292104721069e-02,-2.648038864135742188e-01,2.585555016994476318e-01,-5.254111289978027344e-01,6.127903237938880920e-02,5.629383400082588196e-02,1.416151672601699829e-01,-2.406176179647445679e-02,2.178251296281814575e-01,3.126902282238006592e-01,8.102612197399139404e-02,3.671259880065917969e-01,4.538229405879974365e-01
5.662830173969268799e-02,9.708137810230255127e-02,3.031277060508728027e-01,-7.173778023570775986e-03,-9.804182499647140503e-02,-2.322263270616531372e-01,9.676814079284667969e-01,1.209531947970390320e-01,-4.044795632362365723e-01,3.431052318774163723e-04,1.188263818621635437e-01,-3.143863379955291748e-01,5.827558040618896484e-02,9.095237404108047485e-02,2.389663755893707275e-01,-2.384856343269348145e-02,-3.357506692409515381e-01,2.208969444036483765e-01,-4.140077233314514160e-01,6.660096347332000732e-02,1.068889722228050232e-01,1.501534134149551392e-01,-9.779992699623107910e-02,2.579496502876281738e-01,3.017726838588714600e-01,-1.179977655410766602e-01,4.594387710094451904e-01,1.289361566305160522e-01
6.219495087862014771e-02,1.026250422000885010e-01,3.012670576572418213e-01,3.125781891867518425e-03,-9.506797045469284058e-02,-2.672293782234191895e-01,9.589268565177917480e-01,1.066143885254859924e-01,-3.588407337665557861e-01,6.840055746874492207e-18,1.524866670370101929e-01,-3.688501417636871338e-01,1.108882725238800049e-01,1.169704571366310120e-01,2.196623980998992920e-01,-5.342920869588851929e-02,-3.482499420642852783e-01,1.561268419027328491e-01,-3.122121393680572510e-01,7.259721402078866959e-03,6.997779756784439087e-02,1.491783559322357178e-01,-5.607435852289199829e-02,2.144444286823272705e-01,2.892642617225646973e-01,-5.114448443055152893e-02,5.761404037475585938e-01,8.879481256008148193e-02
7.123773545026779175e-02,1.047435626387596130e-01,3.009835779666900635e-01,-1.519544329494237900e-02,-9.100679308176040649e-02,-2.875863611698150635e-01,9.532999992370605469e-01,1.245203241705894470e-01,-2.820401191711425781e-01,1.808812389081956677e-18,1.345116347074508667e-01,-3.811048567295074463e-01,1.686793267726898193e-01,1.768108010292053223e-01,1.956295371055603027e-01,-1.475130170583724976e-01,-3.008037209510803223e-01,5.845042318105697632e-02,-2.235218286514282227e-01,-6.904589384794235229e-02,-1.255044806748628616e-02,1.395883262157440186e-01,1.563962250947952271e-01,1.546432971954345703e-01,2.385802417993545532e-01,-1.552142854779958725e-02,9.002037048339843750e-01,3.963795676827430725e-02
8.203241974115371704e-02,1.074168011546134949e-01,3.002245426177978516e-01,-3.216253221035003662e-02,-7.107502967119216919e-02,-3.048965334892272949e-01,9.491848945617675781e-01,1.470053195953369141e-01,-2.601531445980072021e-01,3.903657216539849900e-18,1.073763966560363770e-01,-4.076985716819763184e-01,1.786538809537887573e-01,1.975685507059097290e-01,1.628704518079757690e-01,-2.534748315811157227e-01,-2.676742970943450928e-01,-5.947218835353851318e-02,-1.658606827259063721e-01,-1.009934246540069580e-01,-4.629303887486457825e-02,1.397537142038345337e-01,3.923446834087371826e-01,1.001358106732368469e-01,1.448031365871429443e-01,5.545097216963768005e-02,1.423254489898681641e+00,4.101924598217010498e-02
9.232533723115921021e-02,1.065518558025360107e-01,3.014441132545471191e-01,-3.861044719815254211e-02,-6.259826570749282837e-02,-3.277277350425720215e-01,9.419050812721252441e-01,1.602558642625808716e-01,-2.201754897832870483e-01,1.378911838401108980e-04,1.028203442692756653e-01,-3.966070413589477539e-01,1.660892963409423828e-01,1.805585622787475586e-01,1.334009170532226562e-01,-2.839687466621398926e-01,-2.341563999652862549e-01,-8.308555930852890015e-02,-1.637981683015823364e-01,-8.362967520952224731e-02,-3.219981864094734192e-02,1.088593155145645142e-01,3.837417960166931152e-01,5.373835563659667969e-02,6.502950191497802734e-02,5.854759737849235535e-02,1.490000009536743164e+00,4.665077477693557739e-02
1.000971645116806030e-01,1.072601154446601868e-01,3.041627705097198486e-01,-4.479651153087615967e-02,-6.316662579774856567e-02,-3.485057055950164795e-01,9.341022372245788574e-01,1.692227572202682495e-01,-1.770249903202056885e-01,3.501518513076007366e-04,1.063294410705566406e-01,-3.567023277282714844e-01,1.297372877597808838e-01,1.550690829753875732e-01,1.308579593896865845e-01,-3.095438480377197266e-01,-1.969173103570938110e-01,-7.900611311197280884e-02,-1.707875430583953857e-01,-4.440790414810180664e-02,2.738156123086810112e-03,4.187455773353576660e-02,4.596854746341705322e-01,4.369546845555305481e-02,-3.466102760285139084e-03,3.346475213766098022e-02,1.490000009536743164e+00,7.533653825521469116e-02
1.045023947954177856e-01,1.092291548848152161e-01,3.070489764213562012e-01,-5.420813709497451782e-02,-6.781398504972457886e-02,-3.589496016502380371e-01,9.293104410171508789e-01,1.810056120157241821e-01,-1.487648338079452515e-01,8.620786829851567745e-04,1.066637188196182251e-01,-3.208594024181365967e-01,1.038387566804885864e-01,1.486241668462753296e-01,1.601311415433883667e-01,-3.454108834266662598e-01,-1.950238049030303955e-01,-5.627106502652168274e-02,-1.991753727197647095e-01,1.984211988747119904e-02,8.558491617441177368e-02,-4.529614746570587158e-02,6.127625107765197754e-01,6.931319087743759155e-02,-5.469882115721702576e-02,1.058093458414077759e-02,1.490000009536743164e+00,9.857428073883056641e-02
1.078721508383750916e-01,1.110036075115203857e-01,3.101043403148651123e-01,-5.654890462756156921e-02,-7.071522623300552368e-02,-3.689321577548980713e-01,9.250354766845703125e-01,1.826222985982894897e-01,-1.390177011489868164e-01,4.132864065468311310e-03,1.079279556870460510e-01,-3.073124587535858154e-01,9.365023672580718994e-02,1.422526538372039795e-01,1.921337991952896118e-01,-3.525860607624053955e-01,-2.220427095890045166e-01,-1.935972832143306732e-02,-2.641754448413848877e-01,8.482262492179870605e-02,1.610889583826065063e-01,-1.513182073831558228e-01,7.252255082130432129e-01,9.037151187658309937e-02,-9.071914106607437134e-02,9.926127269864082336e-03,1.279358148574829102e+00,1.126879602670669556e-01
1.116702780127525330e-01,1.105635911226272583e-01,3.134070038795471191e-01,-5.792046710848808289e-02,-6.843202561140060425e-02,-3.781148791313171387e-01,9.214072823524475098e-01,1.779863834381103516e-01,-1.321908980607986450e-01,6.702051032334566116e-03,1.017714515328407288e-01,-3.056288063526153564e-01,9.743779897689819336e-02,9.130119532346725464e-02,2.217692732810974121e-01,-3.413813412189483643e-01,-2.635129988193511963e-01,-4.218643531203269958e-02,-3.226509690284729004e-01,1.436360329389572144e-01,2.074159383773803711e-01,-1.800000071525573730e-01,6.783399581909179688e-01,9.707142412662506104e-02,-1.734672486782073975e-01,5.196683108806610107e-03,8.843500614166259766e-01,1.168705001473426819e-01
1.171241551637649536e-01,1.071180477738380432e-01,3.158756196498870850e-01,-5.913979560136795044e-02,-6.205854192376136780e-02,-3.860078752040863037e-01,9.185037612915039062e-01,1.811958551406860352e-01,-1.282516717910766602e-01,1.384930871427059174e-02,9.514731168746948242e-02,-3.058530986309051514e-01,9.962567687034606934e-02,6.895055621862411499e-02,2.299310415983200073e-01,-3.531644642353057861e-01,-2.983867228031158447e-01,-5.860278382897377014e-02,-3.701715171337127686e-01,1.691329479217529297e-01,2.891832888126373291e-01,-1.800000071525573730e-01,5.657947063446044922e-01,9.443631768226623535e-02,-1.799664944410324097e-01,-5.839763674885034561e-03,7.468796372413635254e-01,1.180693283677101135e-01
1.222122162580490112e-01,1.023805588483810425e-01,3.176208734512329102e-01,-6.183544546365737915e-02,-5.576134473085403442e-02,-3.970887660980224609e-01,9.139953851699829102e-01,1.946671456098556519e-01,-1.196801215410232544e-01,2.189074456691741943e-02,8.535453677177429199e-02,-2.931897640228271484e-01,9.281060844659805298e-02,7.058318704366683960e-02,2.283968031406402588e-01,-3.729510903358459473e-01,-3.262202441692352295e-01,-5.122156813740730286e-02,-3.875980377197265625e-01,1.852163225412368774e-01,3.396200835704803467e-01,-1.800000071525573730e-01,4.348600208759307861e-01,8.888184279203414917e-02,-1.800000071525573730e-01,-1.917300373315811157e-02,6.803399920463562012e-01,1.343991905450820923e-01
1.271906495094299316e-01,9.737850725650787354e-02,3.188976645469665527e-01,-6.472736597061157227e-02,-5.089224129915237427e-02,-4.155171215534210205e-01,9.058508872985839844e-01,2.105637937784194946e-01,-9.268150478601455688e-02,2.655132114887237549e-02,7.453473657369613647e-02,-2.722766399383544922e-01,8.462462574243545532e-02,8.858362585306167603e-02,2.221905887126922607e-01,-3.832128643989562988e-01,-3.412141799926757812e-01,-2.790738828480243683e-02,-3.852528929710388184e-01,1.852955967187881470e-01,3.408866822719573975e-01,-1.800000071525573730e-01,3.247543275356292725e-01,8.408612012863159180e-02,-1.800000071525573730e-01,-3.780907019972801208e-02,6.334186196327209473e-01,1.621334999799728394e-01
1.307907998561859131e-01,9.244538843631744385e-02,3.196443021297454834e-01,-7.119686156511306763e-02,-4.509568586945533752e-02,-4.344676434993743896e-01,8.967359066009521484e-01,2.356898635625839233e-01,-7.634816318750381470e-02,4.800631478428840637e-02,5.574186146259307861e-02,-2.571604847908020020e-01,7.199816405773162842e-02,1.341198980808258057e-01,2.171726077795028687e-01,-3.983599245548248291e-01,-3.632095754146575928e-01,-1.844107173383235931e-02,-3.827360868453979492e-01,1.920019537210464478e-01,3.272920250892639160e-01,-1.800000071525573730e-01,2.042919546365737915e-01,8.228995651006698608e-02,-1.800000071525573730e-01,-5.012448132038116455e-02,5.162991285324096680e-01,1.946213841438293457e-01
1.336684077978134155e-01,8.645152300596237183e-02,3.210882544517517090e-01,-7.792902737855911255e-02,-3.706888481974601746e-02,-4.535935521125793457e-01,8.870207667350769043e-01,2.634978592395782471e-01,-7.870308309793472290e-02,8.081114292144775391e-02,3.061412088572978973e-02,-2.179083824157714844e-01,3.104011155664920807e-02,1.786346882581710815e-01,2.072291225194931030e-01,-3.954648971557617188e-01,-3.846539556980133057e-01,1.964912936091423035e-02,-3.635932207107543945e-01,1.957773268222808838e-01,2.944582700729370117e-01,-1.800000071525573730e-01,1.536617130041122437e-01,6.988608837127685547e-02,-1.800000071525573730e-01,-3.598853945732116699e-02,3.885804712772369385e-01,2.701911628246307373e-01
1.359970122575759888e-01,7.994857430458068848e-02,3.220426440238952637e-01,-7.947694510221481323e-02,-3.271982073783874512e-02,-4.738779962062835693e-01,8.763860464096069336e-01,2.788314223289489746e-01,-7.339651137590408325e-02,1.075079739093780518e-01,1.644884608685970306e-02,-1.972220689058303833e-01,2.015922032296657562e-02,2.048515528440475464e-01,1.951492875814437866e-01,-3.809145987033843994e-01,-3.898088932037353516e-01,6.362133473157882690e-02,-3.562279045581817627e-01,1.911400556564331055e-01,2.611437141895294189e-01,-1.800000071525573730e-01,1.341677308082580566e-01,4.452737793326377869e-02,-1.800000071525573730e-01,6.337972730398178101e-02,3.359007239341735840e-01,4.984221458435058594e-01
1.400331705808639526e-01,7.268491387367248535e-02,3.216651380062103271e-01,-8.000971376895904541e-02,-2.323092147707939148e-02,-4.899701774120330811e-01,8.677487969398498535e-01,2.936711609363555908e-01,-7.035037875175476074e-02,1.320131272077560425e-01,5.086601246148347855e-03,-1.854393035173416138e-01,1.528588589280843735e-02,2.297577857971191406e-01,1.725734621286392212e-01,-4.021378755569458008e-01,-4.030389487743377686e-01,5.730580165982246399e-02,-3.263773322105407715e-01,1.790496408939361572e-01,2.055661976337432861e-01,-1.800000071525573730e-01,1.484276652336120605e-01,2.678006142377853394e-02,-1.800000071525573730e-01,2.435794919729232788e-01,3.019308149814605713e-01,9.396642446517944336e-01
1.428615152835845947e-01,6.734247505664825439e-02,3.201869726181030273e-01,-7.499243319034576416e-02,-1.056008692830801010e-02,-5.034192204475402832e-01,8.607169389724731445e-01,2.960757911205291748e-01,-8.701469004154205322e-02,1.577926576137542725e-01,-1.040789764374494553e-03,-1.891737133264541626e-01,1.299030799418687820e-02,2.315399199724197388e-01,1.477354317903518677e-01,-4.008544683456420898e-01,-3.908718228340148926e-01,6.355247646570205688e-02,-3.456368446350097656e-01,2.008845955133438110e-01,1.436152011156082153e-01,-1.800000071525573730e-01,1.929113715887069702e-01,2.851567976176738739e-02,-1.800000071525573730e-01,3.859699070453643799e-01,3.045838177204132080e-01,1.290403962135314941e+00
1.428091675043106079e-01,6.474423408508300781e-02,3.197033703327178955e-01,-7.083021104335784912e-02,-8.829993195831775665e-03,-5.151473879814147949e-01,8.541242480278015137e-01,2.926254868507385254e-01,-8.242713660001754761e-02,1.692290455102920532e-01,5.342900985851883888e-04,-1.914296299219131470e-01,2.014065533876419067e-02,2.031526267528533936e-01,1.419598162174224854e-01,-3.497606813907623291e-01,-3.602772653102874756e-01,9.988053888082504272e-02,-4.057699739933013916e-01,1.837225109338760376e-01,1.156541630625724792e-01,-1.800000071525573730e-01,1.911842375993728638e-01,2.506345137953758240e-02,-1.800000071525573730e-01,4.824601113796234131e-01,3.007385134696960449e-01,1.366293072700500488e+00
1.447914093732833862e-01,6.145641207695007324e-02,3.209721148014068604e-01,-7.100208103656768799e-02,-1.142008136957883835e-02,-5.224879384040832520e-01,8.496085405349731445e-01,2.924898862838745117e-01,-6.737613677978515625e-02,1.793974786996841431e-01,3.380649723112583160e-03,-1.837656348943710327e-01,3.311745822429656982e-02,1.827421486377716064e-01,1.324865967035293579e-01,-3.846572637557983398e-01,-3.320106863975524902e-01,6.767765432596206665e-02,-4.435770213603973389e-01,1.413878500461578369e-01,7.711809128522872925e-02,-1.470320224761962891e-01,1.795048564672470093e-01,-4.205079004168510437e-02,-1.320136487483978271e-01,5.891993641853332520e-01,2.953256070613861084e-01,1.229868292808532715e+00
1.457117497920989990e-01,5.833206325769424438e-02,3.224757611751556396e-01,-7.054921239614486694e-02,-1.294365618377923965e-02,-5.304353237152099609e-01,8.446854948997497559e-01,2.916596531867980957e-01,-5.707192793488502502e-02,1.845596581697463989e-01,2.379757352173328400e-03,-1.846377849578857422e-01,4.631101712584495544e-02,1.577287465333938599e-01,1.285448819398880005e-01,-4.073755741119384766e-01,-3.194678723812103271e-01,7.588856667280197144e-02,-4.749037623405456543e-01,1.444213837385177612e-01,3.101004473865032196e-02,-1.005998328328132629e-01,1.840046346187591553e-01,-1.017144322395324707e-01,-9.964627772569656372e-02,7.011366486549377441e-01,2.847523689270019531e-01,1.128066658973693848e+00
1.466310024261474609e-01,5.588375404477119446e-02,3.237881064414978027e-01,-6.940940767526626587e-02,-1.217505987733602524e-02,-5.403533577919006348e-01,8.384821414947509766e-01,2.888393998146057129e-01,-5.200532078742980957e-02,1.885705292224884033e-01,-1.094658276997506618e-03,-1.857835948467254639e-01,5.161994323134422302e-02,1.346559375524520874e-01,1.235197708010673523e-01,-4.071017205715179443e-01,-2.970578074455261230e-01,8.514825254678726196e-02,-5.040210485458374023e-01,1.355591118335723877e-01,3.375286702066659927e-03,-5.903626978397369385e-02,1.762344092130661011e-01,-1.424518823623657227e-01,-5.736574158072471619e-02,8.040697574615478516e-01,2.867019772529602051e-01,1.056324481964111328e+00
1.475867480039596558e-01,5.364908277988433838e-02,3.245227932929992676e-01,-7.108359038829803467e-02,-1.147864107042551041e-02,-5.517808794975280762e-01,8.308749794960021973e-01,2.930926680564880371e-01,-5.113176256418228149e-02,2.030258923768997192e-01,-6.918986793607473373e-03,-1.792114228010177612e-01,4.803501442074775696e-02,1.215974166989326477e-01,1.249271929264068604e-01,-3.868930935859680176e-01,-2.734501957893371582e-01,9.306517243385314941e-02,-5.313552618026733398e-01,1.219625920057296753e-01,-1.014001946896314621e-02,-2.392595075070858002e-02,1.599837243556976318e-01,-1.380171030759811401e-01,9.750560857355594635e-03,8.623269796371459961e-01,2.854852378368377686e-01,1.038393855094909668e+00
1.486148536205291748e-01,5.211758986115455627e-02,3.251957595348358154e-01,-7.294993847608566284e-02,-1.298620365560054779e-02,-5.654541254043579102e-01,8.214446306228637695e-01,2.955231964588165283e-01,-4.868393018841743469e-02,2.222046703100204468e-01,-8.537777699530124664e-03,-1.615400910377502441e-01,3.941360488533973694e-02,1.182112842798233032e-01,1.367270797491073608e-01,-3.736900389194488525e-01,-2.672864794731140137e-01,9.040614217519760132e-02,-5.311295390129089355e-01,1.161740422248840332e-01,-7.554038893431425095e-03,7.895326241850852966e-03,1.419914811849594116e-01,-8.163832873106002808e-02,8.379266411066055298e-02,8.276198506355285645e-01,2.972337603569030762e-01,9.401609897613525391e-01
1.488926261663436890e-01,5.079196020960807800e-02,3.260591328144073486e-01,-7.728598266839981079e-02,-1.853713765740394592e-02,-5.782817006111145020e-01,8.119565844535827637e-01,3.013626635074615479e-01,-5.548834055662155151e-02,2.663958966732025146e-01,-8.808442391455173492e-03,-1.327855437994003296e-01,3.076391667127609253e-02,1.291484385728836060e-01,1.633940339088439941e-01,-3.779028952121734619e-01,-2.695414423942565918e-01,8.236701041460037231e-02,-5.229439735412597656e-01,1.292691677808761597e-01,1.467358507215976715e-02,3.216399624943733215e-02,1.136054247617721558e-01,1.152431406080722809e-02,1.518754065036773682e-01,6.710358858108520508e-01,3.141681253910064697e-01,6.776407361030578613e-01
1.489202082157135010e-01,4.788498207926750183e-02,3.264480829238891602e-01,-7.671316713094711304e-02,-2.006594091653823853e-02,-5.950836539268493652e-01,7.997424006462097168e-01,2.957666218280792236e-01,-1.211113557219505310e-01,3.792100250720977783e-01,-8.402404375374317169e-03,-1.168421953916549683e-01,2.694916166365146637e-02,1.485964655876159668e-01,1.742388159036636353e-01,-3.652989566326141357e-01,-2.929765880107879639e-01,7.673288881778717041e-02,-5.026630163192749023e-01,1.436256915330886841e-01,2.828578278422355652e-02,4.285151511430740356e-02,8.559223264455795288e-02,1.175534501671791077e-01,2.128163129091262817e-01,4.473391771316528320e-01,3.192643523216247559e-01,4.890656173229217529e-01
1.498128026723861694e-01,4.557481780648231506e-02,3.256111741065979004e-01,-7.067491114139556885e-02,-1.314232870936393738e-02,-6.186281442642211914e-01,7.823883295059204102e-01,2.700332701206207275e-01,-2.753573954105377197e-01,5.920746326446533203e-01,-6.172639783471822739e-03,-1.222982108592987061e-01,2.422644942998886108e-02,1.755078881978988647e-01,1.616816669702529907e-01,-3.334679305553436279e-01,-3.160386383533477783e-01,6.804219633340835571e-02,-4.703390002250671387e-01,1.450385749340057373e-01,3.144364431500434875e-02,4.587858915328979492e-02,6.152220070362091064e-02,2.149776518344879150e-01,2.598824501037597656e-01,2.330328524112701416e-01,3.218652009963989258e-01,4.100592136383056641e-01
1.518604457378387451e-01,4.583583027124404907e-02,3.239434957504272461e-01,-7.033459097146987915e-02,-6.391514092683792114e-03,-6.409964561462402344e-01,7.642877101898193359e-01,2.275664657354354858e-01,-4.064611494541168213e-01,7.654846906661987305e-01,3.458175808191299438e-03,-1.382826566696166992e-01,3.201561421155929565e-02,2.181520313024520874e-01,1.611857861280441284e-01,-3.108914196491241455e-01,-3.536140024662017822e-01,6.167352572083473206e-02,-4.093627631664276123e-01,1.440735608339309692e-01,4.220510274171829224e-02,4.427212104201316833e-02,4.504467546939849854e-02,2.849080860614776611e-01,2.847827970981597900e-01,5.956749245524406433e-02,3.365538716316223145e-01,2.582357525825500488e-01
1.541715264320373535e-01,4.546267539262771606e-02,3.221417963504791260e-01,-8.945554494857788086e-02,5.321030039340257645e-03,-6.619373559951782227e-01,7.441829442977905273e-01,2.220807075500488281e-01,-4.310782253742218018e-01,7.041000127792358398e-01,-2.235309965908527374e-02,-1.332453489303588867e-01,2.207251079380512238e-02,2.872944772243499756e-01,1.735266298055648804e-01,-3.018878400325775146e-01,-3.555166721343994141e-01,2.010267786681652069e-02,-3.415210247039794922e-01,1.063762530684471130e-01,4.371120408177375793e-02,5.245972052216529846e-02,2.509229071438312531e-02,2.388905882835388184e-01,2.556234896183013916e-01,7.771842926740646362e-02,3.548530042171478271e-01,1.348274052143096924e-01
1.593268364667892456e-01,4.301139339804649353e-02,3.196611702442169189e-01,-8.946632593870162964e-02,1.862966828048229218e-02,-6.865687966346740723e-01,7.212988138198852539e-01,1.811096966266632080e-01,-4.301693737506866455e-01,4.216814041137695312e-01,-2.519995532929897308e-02,-1.590688675642013550e-01,1.630919612944126129e-02,3.241093456745147705e-01,1.534328013658523560e-01,-2.865220904350280762e-01,-3.520461916923522949e-01,-3.214622288942337036e-02,-2.671103477478027344e-01,9.516078978776931763e-02,4.646681621670722961e-02,6.358320266008377075e-02,-1.565647870302200317e-02,2.136629521846771240e-01,2.305268347263336182e-01,9.689722210168838501e-02,3.927488327026367188e-01,1.028233766555786133e-01
1.661334931850433350e-01,3.618215397000312805e-02,3.172907829284667969e-01,-7.811342924833297729e-02,2.020576782524585724e-02,-7.236150503158569336e-01,6.854715347290039062e-01,1.452951729297637939e-01,-4.047384858131408691e-01,5.915521830320358276e-02,2.490135142579674721e-03,-1.882027685642242432e-01,1.913776062428951263e-02,3.176097571849822998e-01,1.359136402606964111e-01,-2.212564200162887573e-01,-3.325183689594268799e-01,-6.569886952638626099e-02,-1.879869848489761353e-01,1.076123937964439392e-01,4.571622610092163086e-02,8.189745992422103882e-02,-6.405559182167053223e-02,1.616101562976837158e-01,1.966609954833984375e-01,1.003926917910575867e-01,4.557600617408752441e-01,7.327406108379364014e-02
1.732236593961715698e-01,2.609493955969810486e-02,3.144130706787109375e-01,-5.965921655297279358e-02,8.521591313183307648e-03,-7.713674306869506836e-01,6.335301399230957031e-01,1.250631958246231079e-01,-4.689005613327026367e-01,-1.105388584078702621e-17,5.640397220849990845e-02,-2.242745459079742432e-01,3.544111922383308411e-02,2.862331569194793701e-01,1.239289417862892151e-01,-1.154191195964813232e-01,-2.953785657882690430e-01,-6.962311267852783203e-02,-1.480604708194732666e-01,1.181353256106376648e-01,-2.464508824050426483e-02,9.412316232919692993e-02,6.180823966860771179e-02,9.633452445268630981e-02,1.611435115337371826e-01,8.527853339910507202e-02,6.621636748313903809e-01,2.943761460483074188e-02
1.788782328367233276e-01,1.645747199654579163e-02,3.110907673835754395e-01,-5.360540002584457397e-02,9.612670168280601501e-03,-7.919677495956420898e-01,6.081292033195495605e-01,1.180967465043067932e-01,-3.875330984592437744e-01,4.155958056716486530e-18,9.413408488035202026e-02,-2.716180980205535889e-01,1.152014583349227905e-01,2.720677256584167480e-01,1.123285815119743347e-01,-1.121469661593437195e-01,-2.743689119815826416e-01,-8.256923407316207886e-02,-1.244988590478897095e-01,1.182683929800987244e-01,-9.373299032449722290e-02,9.414985775947570801e-02,4.316895306110382080e-01,4.121869057416915894e-02,1.063162684440612793e-01,1.042958050966262817e-01,1.275703549385070801e+00,1.934937387704849243e-02
1.809307485818862915e-01,1.382173970341682434e-03,3.084083497524261475e-01,-4.511817544698715210e-02,2.596068568527698517e-02,-8.025999069213867188e-01,5.942422151565551758e-01,1.203520223498344421e-01,-3.442117571830749512e-01,1.427194929586332508e-17,9.749944508075714111e-02,-3.388182222843170166e-01,2.181435972452163696e-01,2.454811781644821167e-01,4.701597243547439575e-02,-1.538163423538208008e-01,-2.364937663078308105e-01,-1.275157183408737183e-01,-1.125636622309684753e-01,1.223464682698249817e-01,-7.048066705465316772e-02,6.133988499641418457e-02,3.925757110118865967e-01,-4.506670683622360229e-02,2.510458603501319885e-02,1.005149409174919128e-01,1.490000009536743164e+00,4.520768998190760612e-04
1.810558587312698364e-01,-7.607434876263141632e-03,3.105805218219757080e-01,-4.715875536203384399e-02,3.571353107690811157e-02,-8.077614307403564453e-01,5.865339636802673340e-01,1.310165524482727051e-01,-3.092182874679565430e-01,-3.489099936127261573e-18,8.004619181156158447e-02,-3.780284523963928223e-01,2.905882000923156738e-01,2.233910262584686279e-01,2.084722742438316345e-02,-1.792724430561065674e-01,-2.266509532928466797e-01,-1.471668928861618042e-01,-1.384395956993103027e-01,1.423580795526504517e-01,-2.170460112392902374e-02,-2.074563503265380859e-02,4.630437493324279785e-01,-7.707634568214416504e-02,-4.104341939091682434e-02,7.042229920625686646e-02,1.490000009536743164e+00,5.210817791521549225e-03
1.830246746540069580e-01,-1.157992146909236908e-02,3.135749399662017822e-01,-4.873668402433395386e-02,2.527874335646629333e-02,-8.135928511619567871e-01,5.788370966911315918e-01,1.174116060137748718e-01,-2.769509553909301758e-01,-2.698972879113546773e-17,9.537582844495773315e-02,-4.094791412353515625e-01,3.884904384613037109e-01,1.745900362730026245e-01,6.557355821132659912e-02,-2.103767544031143188e-01,-2.703239321708679199e-01,-1.737311184406280518e-01,-1.627484261989593506e-01,1.703088581562042236e-01,6.804148852825164795e-02,-1.101508289575576782e-01,7.212045788764953613e-01,-4.307715222239494324e-02,-1.074220240116119385e-01,5.022733286023139954e-02,1.490000009536743164e+00,4.107327014207839966e-02
1.852074861526489258e-01,-1.405664626508951187e-02,3.157758116722106934e-01,-4.783634841442108154e-02,1.591342152096331120e-03,-8.222985863685607910e-01,5.670398473739624023e-01,8.506159484386444092e-02,-2.358945608139038086e-01,-6.264238778864078582e-21,1.410916149616241455e-01,-4.626767337322235107e-01,5.566760897636413574e-01,1.056713163852691650e-01,1.466405391693115234e-01,-2.144822180271148682e-01,-3.325088620185852051e-01,-2.059528827667236328e-01,-1.992115378379821777e-01,1.816460043191909790e-01,1.899637132883071899e-01,-1.799995750188827515e-01,8.465365171432495117e-01,1.078283041715621948e-02,-1.768502593040466309e-01,4.627458378672599792e-02,1.154521107673645020e+00,8.720501512289047241e-02
1.853055208921432495e-01,-2.109009586274623871e-02,3.188631832599639893e-01,-5.193042382597923279e-02,-2.409617975354194641e-02,-8.316783905029296875e-01,5.522985458374023438e-01,5.893859639763832092e-02,-1.678966879844665527e-01,4.377951826429792780e-18,1.920797973871231079e-01,-4.764182269573211670e-01,7.013207674026489258e-01,4.518774896860122681e-02,2.116150557994842529e-01,-2.115282863378524780e-01,-3.880158662796020508e-01,-2.243690639734268188e-01,-2.275847345590591431e-01,2.130440026521682739e-01,3.070219457149505615e-01,-1.800000071525573730e-01,6.260041594505310059e-01,2.884972095489501953e-02,-1.799999922513961792e-01,3.447748720645904541e-02,5.838752388954162598e-01,1.177825033664703369e-01
1.821724176406860352e-01,-3.097845055162906647e-02,3.200910389423370361e-01,-4.692079126834869385e-02,-3.800257667899131775e-02,-8.419939279556274414e-01,5.360974073410034180e-01,4.302822053432464600e-02,-1.198605820536613464e-01,1.414347061654552817e-04,2.235438376665115356e-01,-4.611937999725341797e-01,7.274659276008605957e-01,2.388797234743833542e-03,2.238637953996658325e-01,-2.066995650529861450e-01,-4.245136678218841553e-01,-2.334484308958053589e-01,-2.402337938547134399e-01,2.527804672718048096e-01,3.992491066455841064e-01,-1.800000071525573730e-01,4.693975150585174561e-01,1.298927050083875656e-02,-1.800000071525573730e-01,1.423532515764236450e-02,5.534321069717407227e-01,1.359247118234634399e-01
1.752317100763320923e-01,-3.971679881215095520e-02,3.202131688594818115e-01,-4.407934099435806274e-02,-4.171063750982284546e-02,-8.489738702774047852e-01,5.249387025833129883e-01,5.121697857975959778e-02,-8.393026143312454224e-02,3.798485267907381058e-04,2.129366546869277954e-01,-4.260044097900390625e-01,5.750176906585693359e-01,3.116174601018428802e-03,2.189858555793762207e-01,-2.267566770315170288e-01,-4.317049384117126465e-01,-2.265332192182540894e-01,-2.360022664070129395e-01,2.691262364387512207e-01,3.946251571178436279e-01,-1.800000071525573730e-01,3.951947987079620361e-01,-1.442538690753281116e-03,-1.800000071525573730e-01,-2.197491191327571869e-02,5.838602185249328613e-01,1.557617187500000000e-01
1.647719144821166992e-01,-4.677431657910346985e-02,3.191190063953399658e-01,-4.466738179326057434e-02,-3.873760253190994263e-02,-8.506166934967041016e-01,5.224514007568359375e-01,8.064489811658859253e-02,-5.583840236067771912e-02,8.529333397746086121e-03,1.786185204982757568e-01,-4.271358847618103027e-01,3.735020458698272705e-01,3.535323962569236755e-02,2.116234600543975830e-01,-2.630934417247772217e-01,-4.169136285781860352e-01,-2.024927139282226562e-01,-2.064017355442047119e-01,2.705229222774505615e-01,3.413620889186859131e-01,-1.800000071525573730e-01,3.382253944873809814e-01,-1.388382818549871445e-02,-1.800000071525573730e-01,-5.376427248120307922e-02,5.276585221290588379e-01,1.900432407855987549e-01
1.525991857051849365e-01,-5.409204587340354919e-02,3.178058862686157227e-01,-4.896712303161621094e-02,-3.496553376317024231e-02,-8.499258756637573242e-01,5.234555006027221680e-01,1.199295893311500549e-01,-3.221059218049049377e-02,2.653721533715724945e-02,1.511463671922683716e-01,-4.290065765380859375e-01,1.518643349409103394e-01,7.348497956991195679e-02,2.098049372434616089e-01,-2.914375364780426025e-01,-3.983524739742279053e-01,-1.806334853172302246e-01,-1.482476592063903809e-01,2.750410139560699463e-01,2.820120751857757568e-01,-1.800000071525573730e-01,3.088511228561401367e-01,-2.342000417411327362e-02,-1.800000071525573730e-01,-8.157560974359512329e-02,4.122495949268341064e-01,2.443247437477111816e-01
1.401035189628601074e-01,-6.090304255485534668e-02,3.155013620853424072e-01,-4.849143326282501221e-02,-4.984620213508605957e-02,-8.500017523765563965e-01,5.221694707870483398e-01,1.257107704877853394e-01,3.205774584785103798e-03,5.458809435367584229e-02,1.704659461975097656e-01,-4.195749461650848389e-01,4.715450573712587357e-03,6.941222399473190308e-02,2.105518430471420288e-01,-3.007892370223999023e-01,-3.672288954257965088e-01,-1.836039870977401733e-01,-8.445312082767486572e-02,2.787299752235412598e-01,2.217458933591842651e-01,-1.800000071525573730e-01,2.919968962669372559e-01,-3.959413990378379822e-02,-1.800000071525573730e-01,-6.718166172504425049e-02,3.505855500698089600e-01,3.841240704059600830e-01
1.277207285165786743e-01,-6.930738687515258789e-02,3.119181394577026367e-01,-4.587571322917938232e-02,-7.651980221271514893e-02,-8.559734225273132324e-01,5.092638134956359863e-01,1.170483827590942383e-01,6.052853912115097046e-02,8.580099791288375854e-02,2.094918638467788696e-01,-4.135705828666687012e-01,3.141696215607225895e-04,3.682428970932960510e-02,2.203316241502761841e-01,-2.819710373878479004e-01,-3.276914358139038086e-01,-2.012687325477600098e-01,-3.536785393953323364e-02,2.701687812805175781e-01,1.545438319444656372e-01,-1.800000071525573730e-01,2.823926508426666260e-01,-4.831990599632263184e-02,-1.800000071525573730e-01,4.995348677039146423e-02,3.059163987636566162e-01,8.072054982185363770e-01
1.163278296589851379e-01,-7.917157560586929321e-02,3.078481554985046387e-01,-3.702520951628684998e-02,-7.892071455717086792e-02,-8.597475886344909668e-01,5.032243728637695312e-01,1.385704725980758667e-01,8.626765757799148560e-02,9.694578498601913452e-02,2.208306789398193359e-01,-3.534831702709197998e-01,7.161044777603819966e-05,3.103338740766048431e-02,2.095646560192108154e-01,-3.127076625823974609e-01,-2.949088215827941895e-01,-2.621419131755828857e-01,3.129412978887557983e-02,2.607863545417785645e-01,7.945879548788070679e-02,-1.800000071525573730e-01,3.097869455814361572e-01,-4.308938980102539062e-02,-1.800000071525573730e-01,2.793973982334136963e-01,2.803705930709838867e-01,1.450856804847717285e+00
1.003952100872993469e-01,-8.901228010654449463e-02,3.074656128883361816e-01,-2.520384080708026886e-02,-9.359085559844970703e-02,-8.651616573333740234e-01,4.920374453067779541e-01,1.311600059270858765e-01,1.167649328708648682e-01,1.229094937443733215e-01,2.334456890821456909e-01,-2.799325287342071533e-01,5.631443578749895096e-03,-1.335688121616840363e-02,1.879460066556930542e-01,-2.901627421379089355e-01,-2.577708661556243896e-01,-2.959130108356475830e-01,9.167160838842391968e-02,2.495232373476028442e-01,7.171442266553640366e-04,-1.800000071525573730e-01,2.975351810455322266e-01,-5.061929300427436829e-02,-1.799496263265609741e-01,3.187683522701263428e-01,2.562096118927001953e-01,1.490000009536743164e+00
9.062084555625915527e-02,-9.273028373718261719e-02,3.117884397506713867e-01,-3.009974583983421326e-02,-9.750586003065109253e-02,-8.720147013664245605e-01,4.787243306636810303e-01,1.455371379852294922e-01,1.424396783113479614e-01,1.107008829712867737e-01,2.135582417249679565e-01,-2.501694858074188232e-01,3.474253416061401367e-02,2.526895608752965927e-03,1.924824714660644531e-01,-2.753282785415649414e-01,-2.509329617023468018e-01,-3.086787462234497070e-01,1.400583237409591675e-01,2.546823918819427490e-01,-2.996539883315563202e-02,-1.800000071525573730e-01,2.669690251350402832e-01,-5.363427102565765381e-02,-1.219763904809951782e-01,6.633043289184570312e-01,2.496758550405502319e-01,1.490000009536743164e+00
8.614588528871536255e-02,-9.402687102556228638e-02,3.168392777442932129e-01,-2.545330300927162170e-02,-1.070454269647598267e-01,-8.762956857681274414e-01,4.690408110618591309e-01,1.157547309994697571e-01,9.746024012565612793e-02,1.508951634168624878e-01,2.167491763830184937e-01,-2.313662171363830566e-01,4.188944771885871887e-02,3.903046716004610062e-03,2.134294956922531128e-01,-2.623678147792816162e-01,-2.655170261859893799e-01,-3.038593232631683350e-01,1.619819253683090210e-01,2.447433322668075562e-01,-3.240150213241577148e-02,-1.773775666952133179e-01,2.674010396003723145e-01,1.602312363684177399e-02,-2.652739919722080231e-02,9.502688050270080566e-01,2.735507190227508545e-01,1.177845001220703125e+00
7.954426854848861694e-02,-9.909508377313613892e-02,3.217032551765441895e-01,-2.318477071821689606e-02,-1.097676679491996765e-01,-8.813114762306213379e-01,4.590246081352233887e-01,1.016741469502449036e-01,4.510291665792465210e-02,2.129053324460983276e-01,2.154474854469299316e-01,-1.934559494256973267e-01,2.309728600084781647e-02,-1.116090174764394760e-02,2.295371443033218384e-01,-2.180117070674896240e-01,-2.741506695747375488e-01,-2.733551263809204102e-01,1.336628943681716919e-01,2.254903614521026611e-01,-3.227702155709266663e-02,-1.516273319721221924e-01,2.490936964750289917e-01,1.247800737619400024e-01,9.893149882555007935e-02,8.676013946533203125e-01,3.050364255905151367e-01,6.312325596809387207e-01
7.148554921150207520e-02,-1.079747825860977173e-01,3.246962726116180420e-01,-1.789099723100662231e-02,-1.037020236253738403e-01,-8.910309672355651855e-01,4.415762722492218018e-01,7.569277286529541016e-02,-8.524982631206512451e-02,3.913136720657348633e-01,2.044561058282852173e-01,-1.737088412046432495e-01,1.654428616166114807e-02,-2.328907325863838196e-02,2.264209538698196411e-01,-1.441655009984970093e-01,-2.956600487232208252e-01,-2.321790158748626709e-01,8.375075459480285645e-02,2.121431082487106323e-01,-3.195710480213165283e-02,-1.201742812991142273e-01,2.041915357112884521e-01,2.691652178764343262e-01,2.111378759145736694e-01,6.868663430213928223e-01,3.185809850692749023e-01,4.749816358089447021e-01
6.389492005109786987e-02,-1.180767044425010681e-01,3.271768987178802490e-01,-1.041060965508222580e-02,-8.950132876634597778e-02,-9.031305909156799316e-01,4.198050498962402344e-01,2.497865818440914154e-02,-2.515220046043395996e-01,5.945965647697448730e-01,1.901035308837890625e-01,-1.665055453777313232e-01,1.015694439411163330e-02,-4.078132915310561657e-04,2.002932429313659668e-01,-1.033505275845527649e-01,-3.313426077365875244e-01,-2.089180797338485718e-01,7.096016407012939453e-02,2.306184023618698120e-01,-5.007801577448844910e-02,-1.046986952424049377e-01,1.592692434787750244e-01,3.731781542301177979e-01,2.680108845233917236e-01,4.929006993770599365e-01,3.217670321464538574e-01,4.571344256401062012e-01
5.631661787629127502e-02,-1.274823397397994995e-01,3.284107744693756104e-01,-8.293970488011837006e-03,-6.785889714956283569e-02,-9.139106869697570801e-01,4.001170694828033447e-01,-8.249741047620773315e-03,-3.679169118404388428e-01,7.253372073173522949e-01,1.639550924301147461e-01,-1.582931429147720337e-01,1.054309774190187454e-02,2.803293429315090179e-02,1.764521300792694092e-01,-4.976930469274520874e-02,-3.481452167034149170e-01,-1.893797069787979126e-01,3.365585580468177795e-02,2.333578467369079590e-01,-7.262486964464187622e-02,-7.858421653509140015e-02,1.214572489261627197e-01,3.757144510746002197e-01,3.068501949310302734e-01,3.849898576736450195e-01,3.358175456523895264e-01,4.909403324127197266e-01
4.852507635951042175e-02,-1.378629505634307861e-01,3.278641402721405029e-01,-1.350823510438203812e-02,-3.906133770942687988e-02,-9.251773953437805176e-01,3.772777616977691650e-01,-1.543531939387321472e-02,-4.113660454750061035e-01,6.310408115386962891e-01,1.228362768888473511e-01,-1.394515037536621094e-01,1.068066991865634918e-02,9.580232948064804077e-02,1.649399995803833008e-01,-1.882489398121833801e-02,-3.622813820838928223e-01,-1.808426976203918457e-01,2.927831374108791351e-02,2.494776695966720581e-01,-9.392501413822174072e-02,-7.027272880077362061e-02,8.041027188301086426e-02,3.738344907760620117e-01,3.266348838806152344e-01,2.403937429189682007e-01,3.607581853866577148e-01,4.276590049266815186e-01
4.176583513617515564e-02,-1.497669219970703125e-01,3.256712257862091064e-01,-1.438928954303264618e-02,-2.062802016735076904e-02,-9.368534684181213379e-01,3.488165438175201416e-01,-4.227902740240097046e-02,-4.287786483764648438e-01,3.812189996242523193e-01,1.099410057067871094e-01,-1.338126361370086670e-01,2.420796640217304230e-02,1.412159055471420288e-01,1.576194465160369873e-01,4.107806831598281860e-03,-3.654198646545410156e-01,-2.070536613464355469e-01,5.828714370727539062e-02,2.694092988967895508e-01,-9.476499259471893311e-02,-5.607899650931358337e-02,1.716823317110538483e-02,3.103895485401153564e-01,2.979283928871154785e-01,1.867516934871673584e-01,4.074471890926361084e-01,1.876986324787139893e-01
3.222199901938438416e-02,-1.653320789337158203e-01,3.219671547412872314e-01,-2.214894257485866547e-02,-6.719964556396007538e-03,-9.505532383918762207e-01,3.096979558467864990e-01,-3.244378045201301575e-02,-4.199553728103637695e-01,8.408293873071670532e-02,1.040060073137283325e-01,-1.191185042262077332e-01,5.922061949968338013e-02,1.799413412809371948e-01,1.555442065000534058e-01,3.747242316603660583e-02,-3.243553340435028076e-01,-2.524259388446807861e-01,1.177123710513114929e-01,2.736987769603729248e-01,-1.074172034859657288e-01,-3.923886641860008240e-02,-3.754674643278121948e-02,2.297668457031250000e-01,2.564878463745117188e-01,2.039041370153427124e-01,4.965506196022033691e-01,1.352386325597763062e-01
1.941844820976257324e-02,-1.809261590242385864e-01,3.168261647224426270e-01,-3.499732166528701782e-02,5.852881804457865655e-05,-9.656065106391906738e-01,2.576416134834289551e-01,3.845075517892837524e-02,-4.840745031833648682e-01,1.134051219484277583e-17,1.055798009037971497e-01,-8.722616732120513916e-02,8.898422867059707642e-02,2.169786542654037476e-01,1.634040176868438721e-01,1.019976809620857239e-01,-2.638339102268218994e-01,-2.735958099365234375e-01,1.830986589193344116e-01,3.004992008209228516e-01,-2.266595512628555298e-01,-3.959442675113677979e-02,1.991436928510665894e-01,1.340839117765426636e-01,2.210673242807388306e-01,2.015116810798645020e-01,8.760312795639038086e-01,9.016068279743194580e-02
3.783645574003458023e-03,-1.989628076553344727e-01,3.115890622138977051e-01,-3.182009235024452209e-02,8.555469103157520294e-03,-9.747122526168823242e-01,2.210211455821990967e-01,8.514000475406646729e-02,-4.981165826320648193e-01,-2.147530938521600746e-17,1.341863721609115601e-01,-8.033624291419982910e-02,1.609298139810562134e-01,2.154156267642974854e-01,1.436587572097778320e-01,1.376338005065917969e-01,-2.138933986425399780e-01,-3.018205463886260986e-01,2.155922353267669678e-01,3.085038661956787109e-01,-2.655670046806335449e-01,-3.239917382597923279e-02,4.811925590038299561e-01,3.467234969139099121e-02,1.633405834436416626e-01,1.979779303073883057e-01,1.489999532699584961e+00,3.597798570990562439e-02
-1.498155109584331512e-02,-2.162279337644577026e-01,3.102242946624755859e-01,-3.023344278335571289e-02,7.135750725865364075e-03,-9.768130183219909668e-01,2.118285447359085083e-01,7.875327020883560181e-02,-3.614187538623809814e-01,-1.182333090094507766e-18,1.832688450813293457e-01,-4.788483679294586182e-02,2.302851825952529907e-01,1.906111091375350952e-01,9.986300766468048096e-02,1.102716252207756042e-01,-1.735942363739013672e-01,-3.192190527915954590e-01,2.191192209720611572e-01,3.342256844043731689e-01,-1.791896224021911621e-01,-8.247907459735870361e-02,3.642380833625793457e-01,-7.564733922481536865e-02,1.028466820716857910e-01,1.706239879131317139e-01,1.490000009536743164e+00,-1.820895448327064514e-02
-2.526444755494594574e-02,-2.254841327667236328e-01,3.121828436851501465e-01,-3.231962770223617554e-02,1.966345310211181641e-02,-9.760963320732116699e-01,2.140204161405563354e-01,7.952202111482620239e-02,-2.751186490058898926e-01,-2.611636172189992920e-17,1.722680181264877319e-01,-5.205683037638664246e-02,2.797690629959106445e-01,1.688355058431625366e-01,6.376653164625167847e-02,9.154735505580902100e-02,-1.576762050390243530e-01,-3.249488770961761475e-01,1.580697596073150635e-01,3.551113605499267578e-01,-1.127325296401977539e-01,-1.424605697393417358e-01,6.248493194580078125e-01,-1.304594427347183228e-01,3.470983728766441345e-02,1.211571320891380310e-01,1.490000009536743164e+00,-2.996632084250450134e-02
-3.189378976821899414e-02,-2.312678843736648560e-01,3.143018186092376709e-01,-2.453714795410633087e-02,1.017276570200920105e-02,-9.762275218963623047e-01,2.151144742965698242e-01,5.484986677765846252e-02,-2.500385344028472900e-01,-3.564798542704439348e-18,2.015479654073715210e-01,-1.458717882633209229e-01,3.825760781764984131e-01,6.701263040304183960e-02,9.332470595836639404e-02,7.489662617444992065e-02,-2.129937410354614258e-01,-3.770834803581237793e-01,9.316059947013854980e-02,3.715939223766326904e-01,5.414940416812896729e-02,-1.647717356681823730e-01,9.873617887496948242e-01,-9.521358460187911987e-02,-6.556635349988937378e-02,8.199643343687057495e-02,1.458323121070861816e+00,-2.277294546365737915e-02
-4.318131506443023682e-02,-2.358659952878952026e-01,3.185099065303802490e-01,-1.832646131515502930e-02,-1.352155022323131561e-02,-9.746452569961547852e-01,2.225935459136962891e-01,1.110335998237133026e-02,-2.138434797525405884e-01,-4.357786403866668794e-18,2.372310906648635864e-01,-2.770830094814300537e-01,6.003168225288391113e-01,-2.530137449502944946e-02,1.228934377431869507e-01,4.199489578604698181e-02,-2.525631189346313477e-01,-3.903571963310241699e-01,1.131504960358142853e-02,3.754867017269134521e-01,1.980506777763366699e-01,-1.800000071525573730e-01,7.602126598358154297e-01,-9.156809747219085693e-02,-1.280178427696228027e-01,7.324137538671493530e-02,5.434833168983459473e-01,8.281782269477844238e-03
-6.388778239488601685e-02,-2.421937435865402222e-01,3.221174776554107666e-01,-1.373723801225423813e-02,-3.903276100754737854e-02,-9.711815714836120605e-01,2.347213923931121826e-01,-1.894381642341613770e-02,-1.544541120529174805e-01,5.437868389721046598e-18,2.696853876113891602e-01,-3.615030944347381592e-01,7.953413724899291992e-01,-9.382085502147674561e-02,1.480647921562194824e-01,3.888486418873071671e-03,-2.916802763938903809e-01,-3.772040009498596191e-01,-5.586609616875648499e-02,3.659282326698303223e-01,4.165330231189727783e-01,-1.744513064622879028e-01,4.735080599784851074e-01,-1.125216186046600342e-01,-1.606561988592147827e-01,4.348049312829971313e-02,4.603828787803649902e-01,1.026517245918512344e-02
-8.355943113565444946e-02,-2.476179301738739014e-01,3.266311585903167725e-01,-1.956068724393844604e-02,-5.301303789019584656e-02,-9.702766537666320801e-01,2.353087663650512695e-01,-8.629065938293933868e-03,-7.929773628711700439e-02,-6.579112110067595267e-18,2.628591656684875488e-01,-3.491037786006927490e-01,8.583986759185791016e-01,-1.186660528182983398e-01,1.889591664075851440e-01,-1.287003047764301300e-02,-3.124042749404907227e-01,-3.188804090023040771e-01,-1.257201731204986572e-01,3.729975223541259766e-01,4.442318379878997803e-01,-1.531324237585067749e-01,4.129275381565093994e-01,-1.255442202091217041e-01,-1.754857450723648071e-01,3.767244750633835793e-03,5.440361499786376953e-01,9.369888342916965485e-03
-1.001217514276504517e-01,-2.510765194892883301e-01,3.272317051887512207e-01,-1.809543557465076447e-02,-6.086866930127143860e-02,-9.712799787521362305e-01,2.293093353509902954e-01,8.835629560053348541e-03,-2.551959641277790070e-02,2.892175689339637756e-05,2.348658740520477295e-01,-3.726464211940765381e-01,7.787216305732727051e-01,-1.228760257363319397e-01,1.966188699007034302e-01,-2.019952982664108276e-02,-2.997110784053802490e-01,-2.652766406536102295e-01,-1.555399149656295776e-01,3.695574700832366943e-01,3.840653598308563232e-01,-1.228412836790084839e-01,3.571863472461700439e-01,-1.544720679521560669e-01,-1.794426888227462769e-01,-1.664021238684654236e-02,4.571329057216644287e-01,4.678718745708465576e-02
-1.177330389618873596e-01,-2.534129321575164795e-01,3.253777921199798584e-01,-2.031973190605640411e-02,-6.798241287469863892e-02,-9.706233739852905273e-01,2.299038171768188477e-01,3.339888155460357666e-02,2.043006382882595062e-02,5.019609350711107254e-03,2.022474557161331177e-01,-3.885664045810699463e-01,5.495713949203491211e-01,-1.230224594473838806e-01,2.066385149955749512e-01,-3.768431767821311951e-02,-2.608839571475982666e-01,-2.404897361993789673e-01,-1.378017365932464600e-01,3.599594533443450928e-01,2.845946550369262695e-01,-1.157272979617118835e-01,3.699946999549865723e-01,-1.786820590496063232e-01,-1.799261271953582764e-01,-3.421493247151374817e-02,3.202910721302032471e-01,1.252357214689254761e-01
-1.384426355361938477e-01,-2.553831338882446289e-01,3.221465051174163818e-01,-2.549110725522041321e-02,-7.276899367570877075e-02,-9.678847789764404297e-01,2.392779439687728882e-01,6.453567743301391602e-02,6.310717016458511353e-02,1.654003188014030457e-02,1.860638856887817383e-01,-4.210358560085296631e-01,2.565971910953521729e-01,-1.216455325484275818e-01,2.114258110523223877e-01,-6.197224557399749756e-02,-2.020622193813323975e-01,-2.231158167123794556e-01,-1.267593055963516235e-01,3.483914434909820557e-01,1.781319379806518555e-01,-1.110190674662590027e-01,3.995124101638793945e-01,-1.888577640056610107e-01,-1.799511760473251343e-01,-4.466582089662551880e-02,2.566717863082885742e-01,3.053380548954010010e-01
-1.613974273204803467e-01,-2.588756382465362549e-01,3.165233135223388672e-01,-2.889311686158180237e-02,-7.143509387969970703e-02,-9.621365666389465332e-01,2.614487111568450928e-01,1.089548170566558838e-01,1.047039851546287537e-01,3.604963794350624084e-02,1.921311169862747192e-01,-4.541161358356475830e-01,4.844415001571178436e-03,-1.168200150132179260e-01,2.068557739257812500e-01,-1.233903542160987854e-01,-1.453679800033569336e-01,-2.088794559240341187e-01,-1.398845314979553223e-01,3.586665093898773193e-01,7.058654725551605225e-02,-9.478491544723510742e-02,4.223912656307220459e-01,-1.897947639226913452e-01,-1.799696385860443115e-01,1.138919815421104431e-01,2.176140844821929932e-01,9.256038069725036621e-01
-1.846577972173690796e-01,-2.641622722148895264e-01,3.074387311935424805e-01,-3.976016864180564880e-02,-7.375890016555786133e-02,-9.588580727577209473e-01,2.712379097938537598e-01,1.717644035816192627e-01,1.887169033288955688e-01,2.375712618231773376e-02,2.109107971191406250e-01,-5.330475568771362305e-01,-1.060129396862863712e-17,-1.171793863177299500e-01,2.175981402397155762e-01,-1.726249605417251587e-01,-9.416762739419937134e-02,-2.031135559082031250e-01,-1.512583345174789429e-01,3.800242841243743896e-01,-2.195737697184085846e-02,-7.079073786735534668e-02,4.304997324943542480e-01,-1.919610351324081421e-01,-1.607379764318466187e-01,2.455127835273742676e-01,1.909586340188980103e-01,1.489998459815979004e+00
-2.089770734310150146e-01,-2.696436047554016113e-01,3.039151132106781006e-01,-4.154275730252265930e-02,-1.137358695268630981e-01,-9.543331861495971680e-01,2.731052935123443604e-01,1.435914784669876099e-01,2.744002044200897217e-01,7.526393234729766846e-02,2.806109786033630371e-01,-4.777610599994659424e-01,2.365737454965710640e-04,-1.792199164628982544e-01,1.965788155794143677e-01,-1.863193213939666748e-01,-3.343959897756576538e-02,-1.751882135868072510e-01,-1.557889729738235474e-01,3.920380771160125732e-01,-1.466887146234512329e-01,-7.470276206731796265e-02,3.856856822967529297e-01,-1.540286391973495483e-01,-1.291005015373229980e-01,2.554189562797546387e-01,1.095282956957817078e-01,1.490000009536743164e+00
-2.212349325418472290e-01,-2.701697647571563721e-01,3.029860854148864746e-01,-5.272944271564483643e-02,-1.391644626855850220e-01,-9.516585469245910645e-01,2.686985135078430176e-01,1.344237178564071655e-01,3.390058279037475586e-01,6.347937136888504028e-02,3.218143284320831299e-01,-3.472852110862731934e-01,-1.632974470368496819e-18,-2.029176354408264160e-01,2.000932246446609497e-01,-1.817331910133361816e-01,-1.163151348009705544e-03,-1.069461926817893982e-01,-1.954167932271957397e-01,4.207891225814819336e-01,-2.085650265216827393e-01,-8.399111777544021606e-02,3.454630970954895020e-01,-1.409619897603988647e-01,-9.697416424751281738e-02,6.409645080566406250e-01,9.336698800325393677e-02,1.490000009536743164e+00
-2.309103161096572876e-01,-2.702171504497528076e-01,3.050180971622467041e-01,-5.682648345828056335e-02,-1.637445539236068726e-01,-9.494888782501220703e-01,2.615900337696075439e-01,9.158390015363693237e-02,3.340828716754913330e-01,8.003621548414230347e-02,3.510388731956481934e-01,-2.632212340831756592e-01,2.471716515719890594e-02,-2.251802980899810791e-01,2.216379791498184204e-01,-1.449292749166488647e-01,2.773278392851352692e-03,-2.997948043048381805e-02,-2.363427281379699707e-01,4.322817325592041016e-01,-2.240638136863708496e-01,-9.350915253162384033e-02,3.180184364318847656e-01,-7.067042589187622070e-02,-1.515088416635990143e-02,8.574435114860534668e-01,1.137235164642333984e-01,1.070025682449340820e+00
-2.442451268434524536e-01,-2.734694182872772217e-01,3.102518320083618164e-01,-4.954275861382484436e-02,-1.514256447553634644e-01,-9.554377794265747070e-01,2.485043406486511230e-01,8.925731480121612549e-02,2.169766575098037720e-01,2.244751453399658203e-01,3.132945895195007324e-01,-2.380468398332595825e-01,4.250353574752807617e-02,-2.001234740018844604e-01,2.188289314508438110e-01,-8.295240253210067749e-02,-2.210899628698825836e-02,3.813230246305465698e-02,-2.992399930953979492e-01,4.234665632247924805e-01,-2.222835123538970947e-01,-8.616895228624343872e-02,2.783625423908233643e-01,4.956504330039024353e-02,8.753634989261627197e-02,7.680441141128540039e-01,1.322910338640213013e-01,5.632866621017456055e-01
-2.591334879398345947e-01,-2.807223796844482422e-01,3.150602877140045166e-01,-3.639460727572441101e-02,-1.178849786520004272e-01,-9.665856361389160156e-01,2.247016131877899170e-01,7.316417247056961060e-02,-1.264629419893026352e-02,4.909248948097229004e-01,2.440111935138702393e-01,-2.230705767869949341e-01,1.480452902615070343e-02,-1.369360834360122681e-01,1.972721815109252930e-01,-1.966005377471446991e-02,-6.996136158704757690e-02,9.463544189929962158e-02,-3.455151021480560303e-01,4.181258976459503174e-01,-2.336257547140121460e-01,-7.918765395879745483e-02,2.465774416923522949e-01,2.362787574529647827e-01,1.577494442462921143e-01,5.854758024215698242e-01,1.481609642505645752e-01,4.491328895092010498e-01
-2.727865278720855713e-01,-2.890526950359344482e-01,3.200932741165161133e-01,-2.075308375060558319e-02,-8.953442424535751343e-02,-9.754310846328735352e-01,2.002176791429519653e-01,6.459220778197050095e-03,-2.402564585208892822e-01,7.259700298309326172e-01,2.026827484369277954e-01,-2.259873896837234497e-01,1.705522765405476093e-03,-7.039253413677215576e-02,1.704569905996322632e-01,2.038639970123767853e-02,-1.137122660875320435e-01,1.294892281293869019e-01,-3.703847527503967285e-01,4.095994234085083008e-01,-2.531468868255615234e-01,-8.576034754514694214e-02,2.216599881649017334e-01,3.476347625255584717e-01,1.931369602680206299e-01,4.215499758720397949e-01,1.743472516536712646e-01,4.062770903110504150e-01
-2.860123813152313232e-01,-2.955668866634368896e-01,3.236800134181976318e-01,1.319252041867002845e-04,-6.849896162748336792e-02,-9.803034067153930664e-01,1.852379888296127319e-01,-5.968128889799118042e-02,-4.023874104022979736e-01,8.350999355316162109e-01,1.784617304801940918e-01,-2.381549626588821411e-01,4.553154285531491041e-04,-1.981498673558235168e-02,1.281568706035614014e-01,4.675475880503654480e-02,-1.335462778806686401e-01,1.519735902547836304e-01,-4.023362994194030762e-01,3.880530893802642822e-01,-2.723833620548248291e-01,-8.857323229312896729e-02,1.918964236974716187e-01,3.508616685867309570e-01,2.156372964382171631e-01,3.310067057609558105e-01,2.250026464462280273e-01,4.123899638652801514e-01
-2.985839545726776123e-01,-3.008627295494079590e-01,3.254852890968322754e-01,4.658105317503213882e-03,-5.290895327925682068e-02,-9.834488630294799805e-01,1.732259541749954224e-01,-1.036163568496704102e-01,-4.424150586128234863e-01,7.149717211723327637e-01,1.668530106544494629e-01,-2.101542353630065918e-01,4.210129554849117994e-04,4.076050221920013428e-02,1.314962953329086304e-01,4.515903070569038391e-02,-1.518922895193099976e-01,1.754643619060516357e-01,-4.095695614814758301e-01,3.744914233684539795e-01,-2.670828104019165039e-01,-1.053284928202629089e-01,1.515351682901382446e-01,3.022124171257019043e-01,2.224486172199249268e-01,2.892969846725463867e-01,2.920922040939331055e-01,1.924926191568374634e-01
-3.141432404518127441e-01,-3.082530200481414795e-01,3.245166242122650146e-01,3.056335961446166039e-03,-3.925836458802223206e-02,-9.862754940986633301e-01,1.603435426950454712e-01,-1.404927372932434082e-01,-4.410031437873840332e-01,4.462262690067291260e-01,1.658987104892730713e-01,-1.623228341341018677e-01,6.541220005601644516e-03,9.557467699050903320e-02,1.327141374349594116e-01,4.350872710347175598e-02,-1.440514624118804932e-01,1.656964570283889771e-01,-3.688769638538360596e-01,3.681578934192657471e-01,-2.862664759159088135e-01,-1.214004307985305786e-01,1.393089890480041504e-01,2.480630725622177124e-01,2.188937366008758545e-01,2.865160405635833740e-01,4.073094725608825684e-01,1.115610226988792419e-01
-3.323729038238525391e-01,-3.182878494262695312e-01,3.207550048828125000e-01,5.029652733355760574e-03,-3.185075521469116211e-02,-9.902043938636779785e-01,1.358511745929718018e-01,-1.723902523517608643e-01,-4.631396830081939697e-01,1.450160592794418335e-01,1.765740811824798584e-01,-1.233442500233650208e-01,2.027618139982223511e-02,1.363463848829269409e-01,1.158034279942512512e-01,7.392510026693344116e-02,-1.141756027936935425e-01,1.223746836185455322e-01,-2.795062959194183350e-01,3.635646104812622070e-01,-3.432865738868713379e-01,-1.396436989307403564e-01,3.231304883956909180e-01,1.594166159629821777e-01,2.160961776971817017e-01,2.874111533164978027e-01,8.712208271026611328e-01,5.098756030201911926e-02
-3.514333367347717285e-01,-3.286045193672180176e-01,3.147962391376495361e-01,-1.476791035383939743e-02,-2.418656088411808014e-02,-9.942641258239746094e-01,1.031297445297241211e-01,-1.418005377054214478e-01,-5.147019028663635254e-01,1.974804376964197847e-18,1.889250427484512329e-01,-4.448162391781806946e-02,2.850306034088134766e-02,1.458830535411834717e-01,1.578547507524490356e-01,9.987388551235198975e-02,-8.796951919794082642e-02,3.786248341202735901e-02,-1.415733993053436279e-01,3.654038012027740479e-01,-2.994672656059265137e-01,-1.331489682197570801e-01,5.443854928016662598e-01,7.185788452625274658e-02,1.699456721544265747e-01,3.069032728672027588e-01,1.489999532699584961e+00,6.060905754566192627e-03
-3.740659654140472412e-01,-3.377120196819305420e-01,3.117842674255371094e-01,-1.971513032913208008e-02,-2.764564706012606621e-03,-9.963207840919494629e-01,8.335807919502258301e-02,-8.908071368932723999e-02,-5.535401701927185059e-01,6.354335291183354356e-19,1.622008234262466431e-01,-8.955004625022411346e-03,9.189909696578979492e-02,1.642743349075317383e-01,1.260032504796981812e-01,1.039362475275993347e-01,-5.229251459240913391e-02,-6.614497303962707520e-02,-2.351225353777408600e-02,3.785883784294128418e-01,-1.729452461004257202e-01,-1.516595631837844849e-01,3.688656985759735107e-01,-4.423573240637779236e-02,1.036224886775016785e-01,2.993944287300109863e-01,1.490000009536743164e+00,-2.999413385987281799e-02
-3.886457383632659912e-01,-3.429619967937469482e-01,3.117960989475250244e-01,-4.805241152644157410e-02,1.681577041745185852e-02,-9.958721399307250977e-01,7.514592260122299194e-02,-4.660872742533683777e-02,-5.065530538558959961e-01,-5.696984784554813899e-18,1.524474918842315674e-01,7.452335208654403687e-02,1.325544416904449463e-01,1.861330568790435791e-01,1.537082493305206299e-01,6.953303515911102295e-02,-2.979842014610767365e-02,-1.642301827669143677e-01,7.479336857795715332e-02,3.957540988922119141e-01,-7.217520475387573242e-02,-1.788935363292694092e-01,5.338425040245056152e-01,-1.148803606629371643e-01,5.461576208472251892e-02,2.876123785972595215e-01,1.490000009536743164e+00,-2.999556809663772583e-02
-3.975136280059814453e-01,-3.443926274776458740e-01,3.102881610393524170e-01,-5.447597056627273560e-02,2.507224306464195251e-02,-9.958578944206237793e-01,6.834352761507034302e-02,-2.440123818814754486e-02,-4.307254254817962646e-01,-1.686445244961272145e-17,1.394909918308258057e-01,8.339182287454605103e-02,1.798090487718582153e-01,1.701668798923492432e-01,1.654195636510848999e-01,5.748173967003822327e-02,-3.162918612360954285e-02,-2.596677839756011963e-01,1.256422996520996094e-01,3.976342380046844482e-01,4.655767232179641724e-02,-1.800000071525573730e-01,8.538262248039245605e-01,-1.405505836009979248e-01,-1.784775406122207642e-03,2.601428627967834473e-01,1.489993810653686523e+00,-2.999830804765224457e-02
-4.095768034458160400e-01,-3.452423810958862305e-01,3.121736645698547363e-01,-5.301463231444358826e-02,2.992990054190158844e-02,-9.953789114952087402e-01,7.425963878631591797e-02,-1.740651018917560577e-02,-3.391649127006530762e-01,9.985493571349247796e-18,1.245579048991203308e-01,8.714177459478378296e-02,2.049999237060546875e-01,1.445259153842926025e-01,1.624718308448791504e-01,4.651930555701255798e-02,-5.734561011195182800e-02,-3.240122199058532715e-01,1.282822936773300171e-01,3.891620934009552002e-01,8.678425103425979614e-02,-1.800000071525573730e-01,8.552357554435729980e-01,-1.503222286701202393e-01,-4.811324924230575562e-02,1.995612233877182007e-01,8.009527325630187988e-01,-2.999999932944774628e-02
-4.296937584877014160e-01,-3.466235697269439697e-01,3.168506622314453125e-01,-3.559694811701774597e-02,1.520105637609958649e-02,-9.955602884292602539e-01,8.579910546541213989e-02,-4.171610996127128601e-02,-3.116189241409301758e-01,-3.944952140670028424e-18,1.430927067995071411e-01,4.686441645026206970e-02,2.422332316637039185e-01,8.439387381076812744e-02,1.388559490442276001e-01,2.720643766224384308e-02,-1.097133457660675049e-01,-3.925359845161437988e-01,1.317384690046310425e-01,3.739300668239593506e-01,2.252940982580184937e-01,-1.800000071525573730e-01,6.355996131896972656e-01,-1.545094549655914307e-01,-8.890135586261749268e-02,1.204004138708114624e-01,4.167983233928680420e-01,-2.999999932944774628e-02
-4.527860581874847412e-01,-3.475499749183654785e-01,3.214619159698486328e-01,-1.429276540875434875e-02,-1.387304440140724182e-02,-9.944741725921630859e-01,1.030746623873710632e-01,-9.340538829565048218e-02,-2.933209836483001709e-01,4.344561440233170988e-18,1.831769645214080811e-01,-8.038128912448883057e-02,3.947408795356750488e-01,6.806751247495412827e-03,1.188168898224830627e-01,-1.290257181972265244e-02,-1.648397743701934814e-01,-4.493996798992156982e-01,1.292431801557540894e-01,3.547582626342773438e-01,3.327355086803436279e-01,-1.800000071525573730e-01,5.338149666786193848e-01,-1.553367227315902710e-01,-1.175352707505226135e-01,3.603155910968780518e-02,4.559277892112731934e-01,-2.999999932944774628e-02
-4.754641950130462646e-01,-3.473969101905822754e-01,3.246213197708129883e-01,1.957945525646209717e-03,-2.735398709774017334e-02,-9.920141696929931641e-01,1.231089457869529724e-01,-1.081523522734642029e-01,-2.576390504837036133e-01,-2.328265270153006996e-17,1.858537197113037109e-01,-2.879356443881988525e-01,6.715461015701293945e-01,-2.875560894608497620e-02,1.036448702216148376e-01,-6.359805166721343994e-02,-2.041348367929458618e-01,-4.751498699188232422e-01,1.343788802623748779e-01,3.225899636745452881e-01,3.398123681545257568e-01,-1.800000071525573730e-01,4.803883731365203857e-01,-1.744179725646972656e-01,-1.329575777053833008e-01,-2.947537787258625031e-02,4.702412784099578857e-01,-2.999889105558395386e-02
-4.963526725769042969e-01,-3.476837277412414551e-01,3.279095888137817383e-01,1.048863213509321213e-02,-2.605459280312061310e-02,-9.905458688735961914e-01,1.342760324478149414e-01,-8.118404448032379150e-02,-2.103452086448669434e-01,3.826961030143933174e-18,1.809878945350646973e-01,-4.498710930347442627e-01,9.328571557998657227e-01,-2.602881751954555511e-02,1.033234372735023499e-01,-8.866724371910095215e-02,-2.319439500570297241e-01,-4.802953600883483887e-01,1.582327038049697876e-01,2.897797524929046631e-01,3.137648999691009521e-01,-1.728863269090652466e-01,3.913161158561706543e-01,-1.965907961130142212e-01,-1.393404603004455566e-01,-6.779495626688003540e-02,4.556830227375030518e-01,-6.213666405528783798e-03
-5.147110819816589355e-01,-3.489010632038116455e-01,3.308615684509277344e-01,-1.550120674073696136e-02,-2.659247070550918579e-02,-9.900725483894348145e-01,1.371457576751708984e-01,-3.407926112413406372e-02,-9.694692492485046387e-02,-7.745807660874517752e-19,1.984316408634185791e-01,-4.368433654308319092e-01,9.778865575790405273e-01,-9.292815811932086945e-03,1.854510456323623657e-01,-1.197955906391143799e-01,-2.482262253761291504e-01,-4.779556989669799805e-01,1.923561394214630127e-01,2.802058756351470947e-01,2.584307193756103516e-01,-1.561643481254577637e-01,3.586796224117279053e-01,-1.866866946220397949e-01,-1.391868144273757935e-01,-7.971510291099548340e-02,2.969058454036712646e-01,8.785259723663330078e-02
-5.332497358322143555e-01,-3.487581908702850342e-01,3.289891779422760010e-01,-2.142539434134960175e-02,-2.822272107005119324e-02,-9.904508590698242188e-01,1.332349926233291626e-01,5.947787314653396606e-03,-3.027896955609321594e-02,3.298259398434311152e-04,1.802601367235183716e-01,-4.570485651493072510e-01,8.145463466644287109e-01,-1.448295637965202332e-02,1.887270659208297729e-01,-1.261439323425292969e-01,-2.106802612543106079e-01,-4.966688156127929688e-01,2.302325963973999023e-01,2.631948292255401611e-01,1.629173904657363892e-01,-1.384549885988235474e-01,3.726054131984710693e-01,-2.056389749050140381e-01,-1.479322016239166260e-01,-5.145207047462463379e-02,2.426795363426208496e-01,3.392570912837982178e-01
-5.550684332847595215e-01,-3.479406833648681641e-01,3.216845691204071045e-01,-3.842062503099441528e-02,-3.292918950319290161e-02,-9.898745417594909668e-01,1.326194554567337036e-01,6.476213783025741577e-02,5.146600306034088135e-02,4.554763436317443848e-03,1.591067761182785034e-01,-4.582417607307434082e-01,5.009754896163940430e-01,-2.422877401113510132e-02,2.123414129018783569e-01,-1.518169492483139038e-01,-1.633844524621963501e-01,-5.245093703269958496e-01,2.733450233936309814e-01,2.587811946868896484e-01,5.554781854152679443e-02,-1.194219216704368591e-01,4.051576554775238037e-01,-2.297075241804122925e-01,-1.434641778469085693e-01,1.563239097595214844e-01,2.122143656015396118e-01,1.070124864578247070e+00
-5.849404931068420410e-01,-3.466873764991760254e-01,3.151059746742248535e-01,-2.596232667565345764e-02,-5.288838222622871399e-02,-9.869708418846130371e-01,1.497243046760559082e-01,5.979999527335166931e-02,1.024421155452728271e-01,3.620927035808563232e-02,1.619340330362319946e-01,-4.850140511989593506e-01,2.624220848083496094e-01,-5.922048911452293396e-02,1.866718381643295288e-01,-2.093420177698135376e-01,-1.354963630437850952e-01,-5.508621335029602051e-01,3.096982240676879883e-01,2.667135894298553467e-01,-5.466833710670471191e-02,-1.143051683902740479e-01,4.009236395359039307e-01,-1.782587170600891113e-01,-1.367990821599960327e-01,1.851073354482650757e-01,1.431009918451309204e-01,1.490000009536743164e+00
-6.074957847595214844e-01,-3.431694209575653076e-01,3.128890991210937500e-01,-4.319658130407333374e-02,-7.090952247381210327e-02,-9.831677675247192383e-01,1.627482324838638306e-01,7.677582651376724243e-02,1.697406023740768433e-01,7.998954504728317261e-02,1.711811870336532593e-01,-4.782900512218475342e-01,1.271921955049037933e-02,-8.351776003837585449e-02,1.884810626506805420e-01,-2.175968289375305176e-01,-9.673167765140533447e-02,-5.451421141624450684e-01,3.188548088073730469e-01,2.755371332168579102e-01,-1.471480578184127808e-01,-1.217337250709533691e-01,3.487619459629058838e-01,-1.427831500768661499e-01,-1.533618718385696411e-01,4.120711684226989746e-01,8.230021595954895020e-02,1.490000009536743164e+00
-6.187158823013305664e-01,-3.405756354331970215e-01,3.088091611862182617e-01,-6.435540318489074707e-02,-1.082164943218231201e-01,-9.768372178077697754e-01,1.730218976736068726e-01,4.324788972735404968e-02,2.273627817630767822e-01,1.099154651165008545e-01,2.249434292316436768e-01,-5.031044483184814453e-01,-4.700827716469453731e-18,-1.264710277318954468e-01,2.284094542264938354e-01,-2.089683860540390015e-01,-7.882115989923477173e-02,-5.077599883079528809e-01,3.195737898349761963e-01,2.612852454185485840e-01,-1.797934621572494507e-01,-1.429210454225540161e-01,3.018414378166198730e-01,-2.500584162771701813e-02,-1.406466811895370483e-01,8.094097971916198730e-01,7.458553463220596313e-02,1.428019404411315918e+00
-6.312769055366516113e-01,-3.390583693981170654e-01,3.061531782150268555e-01,-7.430585473775863647e-02,-1.412637531757354736e-01,-9.710325598716735840e-01,1.778172105550765991e-01,2.001410722732543945e-02,2.648416757583618164e-01,1.304081678390502930e-01,2.794226706027984619e-01,-4.364913403987884521e-01,-3.021690777656210096e-18,-1.955781430006027222e-01,2.399999946355819702e-01,-1.423398852348327637e-01,-6.570837646722793579e-02,-4.562620520591735840e-01,2.870290279388427734e-01,2.222700566053390503e-01,-1.967121213674545288e-01,-1.357231587171554565e-01,2.403514087200164795e-01,3.723920881748199463e-02,-7.959210872650146484e-02,8.044657111167907715e-01,1.142305731773376465e-01,6.414333581924438477e-01
-6.523932218551635742e-01,-3.412759602069854736e-01,3.062006533145904541e-01,-7.121491432189941406e-02,-1.505487859249114990e-01,-9.706488847732543945e-01,1.735056042671203613e-01,1.779091544449329376e-02,2.853308916091918945e-01,1.167890876531600952e-01,2.920656800270080566e-01,-3.100712299346923828e-01,5.044398130849003792e-04,-2.129511833190917969e-01,2.399999946355819702e-01,-8.844694495201110840e-02,-9.972564876079559326e-02,-4.070110321044921875e-01,2.564650177955627441e-01,1.925419569015502930e-01,-2.056280821561813354e-01,-1.324629485607147217e-01,1.770083010196685791e-01,2.087205946445465088e-01,-2.021478675305843353e-02,6.401107311248779297e-01,1.612843871116638184e-01,4.404641687870025635e-01
-6.747733950614929199e-01,-3.444582521915435791e-01,3.110823929309844971e-01,-5.293932557106018066e-02,-1.353356391191482544e-01,-9.766950011253356934e-01,1.579511463642120361e-01,1.263531390577554703e-02,1.613520234823226929e-01,2.598694562911987305e-01,2.553150355815887451e-01,-2.662681639194488525e-01,2.594395773485302925e-03,-1.490915268659591675e-01,2.174829542636871338e-01,-5.675252154469490051e-02,-1.844404488801956177e-01,-3.678372800350189209e-01,2.513850331306457520e-01,1.893996596336364746e-01,-1.890550106763839722e-01,-1.642605662345886230e-01,1.029178053140640259e-01,3.571588397026062012e-01,3.823951631784439087e-02,4.874063134193420410e-01,2.269580811262130737e-01,4.171065390110015869e-01
-6.956502795219421387e-01,-3.512095808982849121e-01,3.165202736854553223e-01,-2.378282137215137482e-02,-1.022347062826156616e-01,-9.862095117568969727e-01,1.279577314853668213e-01,-1.692721992731094360e-02,-8.614082634449005127e-02,4.711329936981201172e-01,1.883398145437240601e-01,-2.757230699062347412e-01,4.119544464629143476e-04,-6.737454235553741455e-02,1.611989885568618774e-01,1.893254369497299194e-02,-2.604128718376159668e-01,-3.371672928333282471e-01,2.311937361955642700e-01,1.690716594457626343e-01,-1.784811019897460938e-01,-1.800000071525573730e-01,1.627337932586669922e-02,4.149682223796844482e-01,9.312649816274642944e-02,3.615831732749938965e-01,2.993585765361785889e-01,4.073182642459869385e-01
-7.143198251724243164e-01,-3.594280779361724854e-01,3.220425844192504883e-01,1.568966917693614960e-02,-9.451488405466079712e-02,-9.905111193656921387e-01,9.853146225214004517e-02,-1.219365969300270081e-01,-3.263365626335144043e-01,6.062756180763244629e-01,1.869422197341918945e-01,-3.131245970726013184e-01,1.300542644457891583e-04,-5.190128087997436523e-02,9.638123214244842529e-02,1.006729453802108765e-01,-3.126259446144104004e-01,-3.175437152385711670e-01,2.096285521984100342e-01,1.309561431407928467e-01,-1.618076711893081665e-01,-1.800000071525573730e-01,-5.908299610018730164e-02,4.007419049739837646e-01,1.258155554533004761e-01,2.571764886379241943e-01,4.104341268539428711e-01,3.024296760559082031e-01
-7.332891225814819336e-01,-3.660758435726165771e-01,3.268126845359802246e-01,3.527327626943588257e-02,-9.701888263225555420e-02,-9.913832545280456543e-01,8.063737303018569946e-02,-1.915353685617446899e-01,-4.652943313121795654e-01,6.603391170501708984e-01,2.113196998834609985e-01,-3.045430779457092285e-01,2.395002666162326932e-04,-5.889783054590225220e-02,7.266857475042343140e-02,1.447911411523818970e-01,-3.245305716991424561e-01,-3.173249959945678711e-01,2.048335969448089600e-01,8.082306385040283203e-02,-1.691739857196807861e-01,-1.770724505186080933e-01,-6.332943588495254517e-02,2.927768230438232422e-01,1.184385716915130615e-01,2.686014771461486816e-01,5.461106896400451660e-01,1.384802162647247314e-01
-7.550441622734069824e-01,-3.719906806945800781e-01,3.286308646202087402e-01,1.307005528360605240e-02,-7.744730263948440552e-02,-9.944422841072082520e-01,7.011153548955917358e-02,-1.613506227731704712e-01,-4.312491118907928467e-01,5.297993421554565430e-01,2.114688456058502197e-01,-1.968102902173995972e-01,6.991277597738986514e-18,-8.709205314517021179e-03,1.417198330163955688e-01,1.514554321765899658e-01,-3.165131211280822754e-01,-3.105695545673370361e-01,2.313396781682968140e-01,4.572065174579620361e-02,-2.327398955821990967e-01,-1.788646131753921509e-01,2.231253385543823242e-01,2.298444807529449463e-01,1.076022014021873474e-01,2.868560552597045898e-01,1.043738484382629395e+00,7.628464698791503906e-02
-7.781900763511657715e-01,-3.795362114906311035e-01,3.243997097015380859e-01,2.562068589031696320e-02,-6.767708063125610352e-02,-9.953786730766296387e-01,6.312467902898788452e-02,-1.731086522340774536e-01,-4.952140152454376221e-01,3.634056448936462402e-01,2.224409282207489014e-01,-1.563916504383087158e-01,9.421770460903644562e-03,2.878910861909389496e-03,1.016263663768768311e-01,1.541783064603805542e-01,-2.876920700073242188e-01,-3.310447633266448975e-01,2.468280345201492310e-01,4.706435278058052063e-02,-1.984841376543045044e-01,-1.760004609823226929e-01,3.505341112613677979e-01,1.239271163940429688e-01,7.660140842199325562e-02,3.009326457977294922e-01,1.490000009536743164e+00,4.038953781127929688e-02
-8.021957278251647949e-01,-3.884108662605285645e-01,3.215630054473876953e-01,1.459776773117482662e-03,-5.410949513316154480e-02,-9.972459077835083008e-01,5.070195347070693970e-02,-1.588189899921417236e-01,-4.782786667346954346e-01,1.294639408588409424e-01,2.367686033248901367e-01,-6.460063159465789795e-02,5.791389197111129761e-02,1.911694183945655823e-02,1.130756661295890808e-01,1.483591645956039429e-01,-2.532752156257629395e-01,-3.510848283767700195e-01,2.730110585689544678e-01,8.971219509840011597e-02,-1.154745370149612427e-01,-1.800000071525573730e-01,3.579870462417602539e-01,2.109129913151264191e-02,3.878299519419670105e-02,2.702077031135559082e-01,1.490000009536743164e+00,1.070506498217582703e-02
-8.176708221435546875e-01,-3.943504691123962402e-01,3.170624971389770508e-01,-3.743879869580268860e-02,-3.037038259208202362e-02,-9.984571933746337891e-01,2.755325101315975189e-02,-9.613945335149765015e-02,-4.881686568260192871e-01,1.109060510096071539e-09,2.280490547418594360e-01,3.736453503370285034e-02,1.084755882620811462e-01,4.040483012795448303e-02,1.501048654317855835e-01,1.752939522266387939e-01,-2.200570404529571533e-01,-3.857640922069549561e-01,2.726404666900634766e-01,1.415085494518280029e-01,-1.662282086908817291e-02,-1.800000071525573730e-01,6.087277531623840332e-01,-4.588063433766365051e-02,-2.067632973194122314e-02,2.107644975185394287e-01,1.490000009536743164e+00,-1.161110121756792068e-04
-8.303338289260864258e-01,-3.995430171489715576e-01,3.107837438583374023e-01,-5.892934277653694153e-02,-1.943513867445290089e-03,-9.982454776763916016e-01,5.433196667581796646e-03,-3.062477149069309235e-02,-5.106823444366455078e-01,1.538569174238432324e-17,2.121101617813110352e-01,6.340301781892776489e-02,2.099724858999252319e-01,3.855182975530624390e-02,1.816397905349731445e-01,2.259325534105300903e-01,-2.260068207979202271e-01,-4.469918906688690186e-01,2.520481646060943604e-01,1.663146167993545532e-01,1.062174215912818909e-01,-1.800000071525573730e-01,8.606372475624084473e-01,-6.616937369108200073e-02,-9.820012748241424561e-02,1.526559144258499146e-01,1.306106925010681152e+00,1.023336034268140793e-02
-8.477223515510559082e-01,-4.037512540817260742e-01,3.082857131958007812e-01,-7.578218728303909302e-02,1.575194671750068665e-02,-9.969994425773620605e-01,-1.041066716425120831e-03,9.545939974486827850e-03,-3.982020616531372070e-01,8.025848933471309288e-18,2.098001688718795776e-01,1.024538502097129822e-01,2.830299139022827148e-01,3.441188484430313110e-02,2.021501213312149048e-01,2.262448966503143311e-01,-2.576513290405273438e-01,-4.994012713432312012e-01,2.292291671037673950e-01,1.959512978792190552e-01,1.831455230712890625e-01,-1.800000071525573730e-01,6.846630573272705078e-01,-8.111292868852615356e-02,-1.539407074451446533e-01,7.837229967117309570e-02,5.206335186958312988e-01,2.938732504844665527e-02
-8.727455735206604004e-01,-4.069046974182128906e-01,3.076985776424407959e-01,-6.103054061532020569e-02,2.888116054236888885e-02,-9.976438283920288086e-01,1.216180901974439621e-02,1.504707802087068558e-02,-2.810054421424865723e-01,-4.172211328572540971e-18,1.787260174751281738e-01,7.602951675653457642e-02,3.463234007358551025e-01,4.545086622238159180e-02,1.539245098829269409e-01,1.778545230627059937e-01,-2.997411489486694336e-01,-5.441038012504577637e-01,1.974864900112152100e-01,2.236157804727554321e-01,3.285582065582275391e-01,-1.800000071525573730e-01,5.025850534439086914e-01,-1.205910742282867432e-01,-1.792164593935012817e-01,-1.571800000965595245e-02,4.811319112777709961e-01,3.620207682251930237e-02
-8.989493250846862793e-01,-4.075088798999786377e-01,3.113754987716674805e-01,-3.705761581659317017e-02,1.227880921214818954e-02,-9.986324310302734375e-01,3.477421030402183533e-02,-2.093874290585517883e-02,-2.366825193166732788e-01,1.860096963355317712e-04,1.847471445798873901e-01,-5.154264718294143677e-02,4.669520556926727295e-01,1.191266160458326340e-02,1.175149381160736084e-01,1.085944175720214844e-01,-3.676013648509979248e-01,-5.659973621368408203e-01,1.610868871212005615e-01,2.321418970823287964e-01,3.770884275436401367e-01,-1.800000071525573730e-01,4.150470197200775146e-01,-1.245930269360542297e-01,-1.798985898494720459e-01,-1.209315732121467590e-01,4.596171379089355469e-01,6.540942192077636719e-02
-9.264470934867858887e-01,-4.049475789070129395e-01,3.159179389476776123e-01,-1.041335798799991608e-02,-1.909415610134601593e-02,-9.974595308303833008e-01,6.783405691385269165e-02,-7.248856127262115479e-02,-2.238426655530929565e-01,2.265607763547450304e-04,2.025132030248641968e-01,-2.573969364166259766e-01,6.722960472106933594e-01,-5.024942383170127869e-02,8.353538066148757935e-02,1.820245385169982910e-02,-4.203574657440185547e-01,-5.632352828979492188e-01,1.234644576907157898e-01,2.196675240993499756e-01,3.577471375465393066e-01,-1.616933494806289673e-01,3.321855068206787109e-01,-1.224076002836227417e-01,-1.799208074808120728e-01,-2.078036665916442871e-01,4.228681921958923340e-01,1.546731591224670410e-01
-9.522251486778259277e-01,-4.011648595333099365e-01,3.229736089706420898e-01,-4.781710915267467499e-03,-3.044546023011207581e-02,-9.952012300491333008e-01,9.286908060312271118e-02,-5.764650553464889526e-02,-1.821424961090087891e-01,3.305510162462943491e-14,1.932541131973266602e-01,-3.861247301101684570e-01,8.779590725898742676e-01,-6.452836841344833374e-02,1.143248230218887329e-01,-6.549756973981857300e-02,-4.659033715724945068e-01,-5.400443673133850098e-01,1.027947217226028442e-01,1.850231140851974487e-01,3.284698426723480225e-01,-1.278321146965026855e-01,2.513015568256378174e-01,-1.035624891519546509e-01,-1.797855049371719360e-01,-2.374459058046340942e-01,3.165121972560882568e-01,2.896779179573059082e-01
-9.751093983650207520e-01,-3.977408409118652344e-01,3.273390829563140869e-01,-2.185275778174400330e-03,-2.730851992964744568e-02,-9.946627020835876465e-01,9.947634488344192505e-02,-8.945121429860591888e-03,-1.396883726119995117e-01,-5.642592696195777011e-18,1.802047193050384521e-01,-4.437429606914520264e-01,9.646157622337341309e-01,-4.099952802062034607e-02,1.248994916677474976e-01,-8.426193147897720337e-02,-4.341922402381896973e-01,-5.050358772277832031e-01,1.098925769329071045e-01,1.167883425951004028e-01,2.189852148294448853e-01,-1.371759474277496338e-01,2.906536757946014404e-01,-1.356949061155319214e-01,-1.734296679496765137e-01,-7.583920657634735107e-02,2.283832877874374390e-01,7.026295065879821777e-01
-9.976362586021423340e-01,-3.965030610561370850e-01,3.244829177856445312e-01,-3.030622377991676331e-02,-2.950312569737434387e-02,-9.944978356361389160e-01,9.583913534879684448e-02,5.313175916671752930e-02,-2.965577505528926849e-02,-4.901541437744220790e-18,1.930852532386779785e-01,-4.085766375064849854e-01,8.045724630355834961e-01,-5.942096002399921417e-03,1.887520700693130493e-01,-9.676417708396911621e-02,-3.991756141185760498e-01,-5.021266937255859375e-01,3.748643398284912109e-02,1.704783886671066284e-01,1.291766017675399780e-01,-1.589926183223724365e-01,3.280428946018218994e-01,-1.139873191714286804e-01,-1.181789562106132507e-01,1.198987737298011780e-01,2.058054506778717041e-01,1.398987531661987305e+00
-1.024133205413818359e+00,-3.921986818313598633e-01,3.200182914733886719e-01,-1.617798209190368652e-02,-4.043909162282943726e-02,-9.940227866172790527e-01,1.001082658767700195e-01,6.522846221923828125e-02,2.022116631269454956e-02,1.576611399650573730e-02,1.731552630662918091e-01,-4.845273792743682861e-01,6.458964347839355469e-01,-1.145701110363006592e-02,1.367964595556259155e-01,-1.030770689249038696e-01,-3.678730130195617676e-01,-4.973177313804626465e-01,5.343716591596603394e-02,1.883295178413391113e-01,2.375133708119392395e-02,-1.638227701187133789e-01,3.030567467212677002e-01,-6.917760521173477173e-02,-8.809567987918853760e-02,8.707156777381896973e-02,1.436957120895385742e-01,1.490000009536743164e+00
-1.043672084808349609e+00,-3.864360749721527100e-01,3.171763718128204346e-01,-4.751838371157646179e-02,-6.161049008369445801e-02,-9.909167289733886719e-01,1.096821650862693787e-01,8.848418295383453369e-02,8.770421892404556274e-02,1.030094251036643982e-01,1.908033490180969238e-01,-4.880272746086120605e-01,4.089190959930419922e-01,-3.798893094062805176e-02,1.734791100025177002e-01,-1.212150901556015015e-01,-3.308006823062896729e-01,-4.418494105339050293e-01,1.303712427616119385e-01,1.865328401327133179e-01,-5.064802616834640503e-02,-1.567232906818389893e-01,2.578165531158447266e-01,-4.187959432601928711e-02,-7.518407702445983887e-02,3.522391021251678467e-01,1.092983335256576538e-01,1.490000009536743164e+00
-1.058398842811584473e+00,-3.825159668922424316e-01,3.143841326236724854e-01,-7.048649340867996216e-02,-8.945973217487335205e-02,-9.861460328102111816e-01,1.206012368202209473e-01,7.636887580156326294e-02,1.272105723619461060e-01,1.400361061096191406e-01,2.300792783498764038e-01,-4.762767553329467773e-01,5.459345504641532898e-02,-8.597265183925628662e-02,2.120814472436904907e-01,-1.459882706403732300e-01,-3.013365566730499268e-01,-4.167515635490417480e-01,1.346620619297027588e-01,1.790427714586257935e-01,-1.047728583216667175e-01,-1.410588324069976807e-01,2.391888499259948730e-01,2.200428582727909088e-02,-6.046110764145851135e-02,6.562913656234741211e-01,1.265830099582672119e-01,1.337172150611877441e+00
-1.075822234153747559e+00,-3.794004023075103760e-01,3.097458183765411377e-01,-8.897707611322402954e-02,-1.295707225799560547e-01,-9.779939651489257812e-01,1.371946036815643311e-01,3.437774628400802612e-02,1.518154591321945190e-01,2.394984364509582520e-01,2.898134589195251465e-01,-4.922861754894256592e-01,7.572690738366638641e-12,-1.809399127960205078e-01,2.399999946355819702e-01,-1.368953734636306763e-01,-2.784045636653900146e-01,-4.056937694549560547e-01,1.153658628463745117e-01,1.369313150644302368e-01,-1.550861448049545288e-01,-1.116228029131889343e-01,1.984007507562637329e-01,4.404523968696594238e-02,-2.245643734931945801e-02,6.848065853118896484e-01,1.451141834259033203e-01,7.159876823425292969e-01
-1.095983386039733887e+00,-3.771145045757293701e-01,3.042281866073608398e-01,-9.727209061384201050e-02,-1.570615470409393311e-01,-9.732159376144409180e-01,1.368230432271957397e-01,3.928221762180328369e-02,2.048306018114089966e-01,2.489794492721557617e-01,3.263782560825347900e-01,-4.219428598880767822e-01,-2.998086351696396899e-18,-2.343677431344985962e-01,2.399999946355819702e-01,-9.862925857305526733e-02,-2.768319249153137207e-01,-3.478039801120758057e-01,7.666612416505813599e-02,1.106476858258247375e-01,-2.063278704881668091e-01,-1.008848547935485840e-01,1.567567735910415649e-01,1.534505784511566162e-01,2.620185911655426025e-02,5.436325073242187500e-01,1.870190948247909546e-01,4.523976743221282959e-01
-1.117994904518127441e+00,-3.762773275375366211e-01,3.046474158763885498e-01,-9.155339747667312622e-02,-1.597805023193359375e-01,-9.741148948669433594e-01,1.311044543981552124e-01,3.666375949978828430e-02,1.808546781539916992e-01,2.625139057636260986e-01,3.148270249366760254e-01,-3.158435523509979248e-01,1.704765111207962036e-02,-2.054407149553298950e-01,2.399999946355819702e-01,-8.856272697448730469e-02,-3.378940522670745850e-01,-2.908948659896850586e-01,5.768162012100219727e-02,1.154267266392707825e-01,-1.959583312273025513e-01,-1.237693503499031067e-01,7.920185476541519165e-02,3.035041987895965576e-01,7.229407876729965210e-02,3.600913286209106445e-01,2.431239932775497437e-01,4.190239310264587402e-01
-1.137717723846435547e+00,-3.767912983894348145e-01,3.081212341785430908e-01,-7.000474631786346436e-02,-1.399467140436172485e-01,-9.813627004623413086e-01,1.115416809916496277e-01,9.426970966160297394e-03,-1.967529207468032837e-02,4.428324103355407715e-01,2.591505348682403564e-01,-3.062894940376281738e-01,3.971474617719650269e-02,-1.402195692062377930e-01,1.995010524988174438e-01,-3.594028577208518982e-02,-4.031958580017089844e-01,-2.407078146934509277e-01,3.232401981949806213e-02,1.134403795003890991e-01,-1.437519043684005737e-01,-1.401559561491012573e-01,-4.228566586971282959e-02,3.709748685359954834e-01,1.016862019896507263e-01,1.962656974792480469e-01,3.388619720935821533e-01,3.835491240024566650e-01
-1.154882073402404785e+00,-3.810121417045593262e-01,3.132209777832031250e-01,-4.887966811656951904e-02,-1.065177321434020996e-01,-9.895724058151245117e-01,8.373280614614486694e-02,-2.165656723082065582e-02,-2.507871091365814209e-01,6.390365362167358398e-01,1.960377842187881470e-01,-3.101442158222198486e-01,2.922840230166912079e-02,-5.254879966378211975e-02,1.708414107561111450e-01,1.526857353746891022e-02,-4.738213717937469482e-01,-2.138986140489578247e-01,1.747369579970836639e-02,8.791138976812362671e-02,-7.688555121421813965e-02,-1.531147807836532593e-01,-1.377563923597335815e-01,3.774992227554321289e-01,1.065468341112136841e-01,6.910754740238189697e-02,4.775448441505432129e-01,2.344107776880264282e-01
-1.169176459312438965e+00,-3.861765861511230469e-01,3.201717734336853027e-01,-3.335910663008689880e-02,-8.107753098011016846e-02,-9.943435788154602051e-01,5.995388701558113098e-02,-6.183850765228271484e-02,-3.719919323921203613e-01,7.124765515327453613e-01,1.598679572343826294e-01,-3.117863833904266357e-01,1.547631621360778809e-02,8.892856538295745850e-03,1.535694599151611328e-01,4.495532810688018799e-02,-4.826791584491729736e-01,-1.725471913814544678e-01,2.429191395640373230e-02,-2.945962734520435333e-02,-9.962593019008636475e-02,-1.567452847957611084e-01,-7.903354614973068237e-02,2.916905581951141357e-01,9.801952540874481201e-02,8.362749218940734863e-02,6.181871891021728516e-01,7.768817245960235596e-02
-1.183477401733398438e+00,-3.907147645950317383e-01,3.209637999534606934e-01,-2.291227132081985474e-02,-7.019298523664474487e-02,-9.963018894195556641e-01,4.393827170133590698e-02,-9.771862626075744629e-02,-4.563992619514465332e-01,6.180831789970397949e-01,1.570771783590316772e-01,-3.128702342510223389e-01,3.927387669682502747e-02,2.445669285953044891e-02,1.363351345062255859e-01,7.122351974248886108e-02,-4.603487551212310791e-01,-9.849298000335693359e-02,9.106094948947429657e-03,-1.606950163841247559e-01,-1.588578373193740845e-01,-1.487118005752563477e-01,2.586339414119720459e-01,2.175614088773727417e-01,7.846337556838989258e-02,1.067816689610481262e-01,1.164607167243957520e+00,2.031111717224121094e-02
-1.202652454376220703e+00,-3.971616029739379883e-01,3.173820674419403076e-01,-2.172145433723926544e-02,-5.898186191916465759e-02,-9.976549148559570312e-01,2.709178999066352844e-02,-9.965593367815017700e-02,-5.144031643867492676e-01,3.933565318584442139e-01,1.593182832002639771e-01,-3.093191385269165039e-01,9.808953851461410522e-02,2.343324758112430573e-02,1.220575422048568726e-01,4.810787737369537354e-02,-4.394473731517791748e-01,-5.502684414386749268e-02,-8.531909435987472534e-03,-2.376033961772918701e-01,-6.812582165002822876e-02,-1.339484155178070068e-01,2.694751918315887451e-01,1.487689912319183350e-01,1.684223487973213196e-02,1.053755655884742737e-01,1.490000009536743164e+00,1.262071891687810421e-03
-1.219451069831848145e+00,-4.032604098320007324e-01,3.145494461059570312e-01,-4.497392848134040833e-02,-5.031921342015266418e-02,-9.977141022682189941e-01,-3.440744476392865181e-03,-6.789615750312805176e-02,-5.064466595649719238e-01,6.821852177381515503e-02,1.649827659130096436e-01,-2.754102647304534912e-01,1.746502667665481567e-01,3.403711691498756409e-02,1.443840861320495605e-01,4.431950673460960388e-02,-4.276744127273559570e-01,-1.777696982026100159e-02,-1.948214881122112274e-02,-2.299625575542449951e-01,1.018652096390724182e-01,-1.646621376276016235e-01,1.729338616132736206e-01,9.801378846168518066e-02,-2.621790207922458649e-02,7.472261041402816772e-02,1.490000009536743164e+00,2.076265029609203339e-02
-1.228328704833984375e+00,-4.083212912082672119e-01,3.097779452800750732e-01,-7.086160778999328613e-02,-4.052228108048439026e-02,-9.957023262977600098e-01,-4.374278336763381958e-02,-2.535239234566688538e-02,-5.718638300895690918e-01,-4.102408203657151135e-17,1.638535559177398682e-01,-2.770492732524871826e-01,2.920588850975036621e-01,2.176054194569587708e-02,1.721827387809753418e-01,1.173581779003143311e-01,-4.313068687915802002e-01,1.830680295825004578e-02,-7.056336104869842529e-02,-1.657739281654357910e-01,1.824239492416381836e-01,-1.800000071525573730e-01,3.765163123607635498e-01,8.794252574443817139e-02,-8.095952868461608887e-02,1.683338545262813568e-02,1.490000009536743164e+00,6.510929018259048462e-02
-1.234430670738220215e+00,-4.117055535316467285e-01,3.057283461093902588e-01,-9.658651798963546753e-02,-1.167379226535558701e-02,-9.940659403800964355e-01,-4.865896329283714294e-02,7.681078743189573288e-03,-5.226426720619201660e-01,-1.032553015037693386e-17,1.439695209264755249e-01,-2.800974547863006592e-01,4.569925665855407715e-01,1.422494836151599884e-02,2.100751847028732300e-01,1.233872920274734497e-01,-4.645639657974243164e-01,2.193584106862545013e-02,-1.602200567722320557e-01,-1.020604819059371948e-01,1.790453642606735229e-01,-1.800000071525573730e-01,5.973504781723022461e-01,1.023691371083259583e-01,-1.568812280893325806e-01,-3.104676678776741028e-02,1.236229777336120605e+00,1.221478730440139771e-01
-1.242533564567565918e+00,-4.147774875164031982e-01,3.018334209918975830e-01,-1.166652739048004150e-01,-2.133629284799098969e-03,-9.918699860572814941e-01,-5.078030377626419067e-02,1.938101649284362793e-02,-3.588373064994812012e-01,9.224562681236204661e-18,1.699760705232620239e-01,-3.341514766216278076e-01,6.503002047538757324e-01,1.536753843538463116e-03,2.170669436454772949e-01,1.041299179196357727e-01,-4.837981760501861572e-01,1.525385398417711258e-02,-2.085337638854980469e-01,-4.949074983596801758e-02,2.088990807533264160e-01,-1.800000071525573730e-01,4.756911993026733398e-01,7.960472255945205688e-02,-1.798806041479110718e-01,-7.186552137136459351e-02,7.631162405014038086e-01,1.679982095956802368e-01
-1.255334019660949707e+00,-4.148963689804077148e-01,2.996783554553985596e-01,-1.222971752285957336e-01,-4.899331834167242050e-04,-9.915273189544677734e-01,-4.378041997551918030e-02,2.350719645619392395e-02,-2.763165235519409180e-01,1.989615848287940025e-04,1.994924545288085938e-01,-4.175705909729003906e-01,8.044946789741516113e-01,-9.082109667360782623e-03,2.107710838317871094e-01,5.919297039508819580e-02,-5.227081775665283203e-01,4.395043011754751205e-03,-2.326949685811996460e-01,-1.144331545219756663e-04,2.653471827507019043e-01,-1.800000071525573730e-01,3.921857178211212158e-01,5.984280258417129517e-02,-1.799490004777908325e-01,-1.183356866240501404e-01,7.287530899047851562e-01,2.066362649202346802e-01
-1.267587423324584961e+00,-4.109534323215484619e-01,3.012777268886566162e-01,-1.123051866888999939e-01,-7.388375699520111084e-03,-9.932368993759155273e-01,-2.851974219083786011e-02,1.139111723750829697e-02,-2.647657692432403564e-01,9.634121321141719818e-03,2.014560401439666748e-01,-5.072923302650451660e-01,8.867992758750915527e-01,-2.087673544883728027e-02,1.946231573820114136e-01,-1.625601947307586670e-02,-5.780059099197387695e-01,-1.361129619181156158e-02,-2.355672568082809448e-01,3.482286259531974792e-02,2.939412295818328857e-01,-1.800000071525573730e-01,3.155286908149719238e-01,6.194498017430305481e-02,-1.800000071525573730e-01,-1.621835827827453613e-01,6.817328333854675293e-01,2.585600614547729492e-01
-1.276569485664367676e+00,-4.077179729938507080e-01,3.049423694610595703e-01,-9.760638326406478882e-02,-1.177177205681800842e-02,-9.949669837951660156e-01,-1.936895772814750671e-02,8.987252600491046906e-03,-2.826922833919525146e-01,1.611374202184379101e-03,2.072541564702987671e-01,-5.390014648437500000e-01,8.774992823600769043e-01,-1.187969464808702469e-02,1.766865998506546021e-01,-9.851680696010589600e-02,-5.799999833106994629e-01,-3.818906843662261963e-02,-2.092477232217788696e-01,-1.293155364692211151e-02,3.292514085769653320e-01,-1.800000071525573730e-01,2.009439468383789062e-01,6.948830932378768921e-02,-1.800000071525573730e-01,-1.944995969533920288e-01,6.010246276855468750e-01,2.929805517196655273e-01
-1.283325791358947754e+00,-4.071366786956787109e-01,3.067486286163330078e-01,-9.709604829549789429e-02,-1.522898487746715546e-02,-9.947593212127685547e-01,-2.818412333726882935e-02,1.387057080864906311e-02,-2.822711765766143799e-01,7.800126448273658752e-03,2.525393664836883545e-01,-4.880703091621398926e-01,7.624284625053405762e-01,1.094986032694578171e-02,1.947028934955596924e-01,-1.329716593027114868e-01,-5.799999833106994629e-01,-5.628817155957221985e-02,-1.748054772615432739e-01,-9.883118420839309692e-02,3.480374217033386230e-01,-1.800000071525573730e-01,9.211029857397079468e-02,6.071925908327102661e-02,-1.800000071525573730e-01,-1.952454000711441040e-01,5.453834533691406250e-01,2.954708039760589600e-01
-1.291377902030944824e+00,-4.052377939224243164e-01,3.074776828289031982e-01,-9.755142033100128174e-02,-1.976523548364639282e-02,-9.942933917045593262e-01,-3.838825225830078125e-02,1.400103606283664703e-02,-2.544976770877838135e-01,2.524688839912414551e-02,2.888833284378051758e-01,-4.495915770530700684e-01,6.122245192527770996e-01,2.834049426019191742e-02,2.086260914802551270e-01,-1.583082973957061768e-01,-5.799999833106994629e-01,-5.324996262788772583e-02,-1.668047457933425903e-01,-1.589766740798950195e-01,2.938681542873382568e-01,-1.800000071525573730e-01,9.468133747577667236e-02,4.102656245231628418e-02,-1.800000071525573730e-01,-1.594010889530181885e-01,4.407003223896026611e-01,3.480134904384613037e-01
-1.301085710525512695e+00,-4.003548622131347656e-01,3.087570369243621826e-01,-1.016052141785621643e-01,-1.580420881509780884e-02,-9.937040209770202637e-01,-4.448534548282623291e-02,3.652535378932952881e-02,-2.393672466278076172e-01,6.802567094564437866e-02,3.024064302444458008e-01,-4.376500546932220459e-01,3.712155222892761230e-01,4.762523621320724487e-02,2.257050275802612305e-01,-1.586770713329315186e-01,-5.799999833106994629e-01,-2.504122257232666016e-02,-1.764426380395889282e-01,-1.989007443189620972e-01,2.551225721836090088e-01,-1.800000071525573730e-01,9.603518992662429810e-02,-1.294632721692323685e-02,-1.800000071525573730e-01,-1.251807529479265213e-02,3.929154276847839355e-01,5.298336744308471680e-01
-1.311510682106018066e+00,-3.957369923591613770e-01,3.075910806655883789e-01,-9.313029795885086060e-02,-1.327575417235493660e-03,-9.946081042289733887e-01,-4.560324922204017639e-02,8.099814504384994507e-02,-2.540047764778137207e-01,1.353934854269027710e-01,2.789949178695678711e-01,-4.292303323745727539e-01,1.111923828721046448e-01,8.789999037981033325e-02,2.095937430858612061e-01,-2.022574990987777710e-01,-5.799186229705810547e-01,-1.740207523107528687e-02,-1.819999963045120239e-01,-1.808573901653289795e-01,2.064513266086578369e-01,-1.799784451723098755e-01,1.068761050701141357e-01,-2.775562927126884460e-02,-1.800000071525573730e-01,2.160388082265853882e-01,3.672204911708831787e-01,1.046203970909118652e+00
-1.318196773529052734e+00,-3.934118747711181641e-01,3.036263883113861084e-01,-9.511876106262207031e-02,3.623227588832378387e-03,-9.938312768936157227e-01,-5.690914392471313477e-02,1.126149669289588928e-01,-2.583144903182983398e-01,1.874518394470214844e-01,2.810619771480560303e-01,-3.952744603157043457e-01,8.295661211013793945e-02,8.792867511510848999e-02,2.108320146799087524e-01,-2.219668924808502197e-01,-5.654128193855285645e-01,-2.159667015075683594e-02,-2.165068536996841431e-01,-1.286774873733520508e-01,1.639525592327117920e-01,-1.619271486997604370e-01,1.194704622030258179e-01,9.727033786475658417e-03,-1.800000071525573730e-01,3.061584234237670898e-01,3.602201938629150391e-01,1.389054656028747559e+00
-1.320596456527709961e+00,-3.894485533237457275e-01,3.004886806011199951e-01,-1.067903712391853333e-01,-7.225019391626119614e-03,-9.920452237129211426e-01,-6.625586748123168945e-02,1.149717271327972412e-01,-2.330519855022430420e-01,2.412216216325759888e-01,2.990282475948333740e-01,-2.961969077587127686e-01,5.785326287150382996e-02,5.509214103221893311e-02,2.174383699893951416e-01,-2.155758440494537354e-01,-5.331845283508300781e-01,-1.831830106675624847e-02,-2.209589779376983643e-01,-9.694720804691314697e-02,1.355116516351699829e-01,-1.332516074180603027e-01,1.104058623313903809e-01,3.428841754794120789e-02,-1.678270250558853149e-01,4.297025501728057861e-01,3.633894920349121094e-01,1.489453792572021484e+00
-1.323130965232849121e+00,-3.841119408607482910e-01,3.016770780086517334e-01,-1.197811588644981384e-01,-2.964256703853607178e-02,-9.900887608528137207e-01,-6.706769764423370361e-02,8.524496853351593018e-02,-2.057553827762603760e-01,2.993654608726501465e-01,3.369883298873901367e-01,-2.578574419021606445e-01,1.243114322423934937e-01,2.134087309241294861e-02,2.227728068828582764e-01,-2.202270030975341797e-01,-5.027545690536499023e-01,3.249911358579993248e-03,-2.157203853130340576e-01,-7.246435433626174927e-02,1.211619600653648376e-01,-1.232711821794509888e-01,9.107885509729385376e-02,4.109474271535873413e-02,-9.996037930250167847e-02,5.551023483276367188e-01,3.855309188365936279e-01,1.339875102043151855e+00
-1.324641704559326172e+00,-3.798408508300781250e-01,3.044951260089874268e-01,-1.269508749246597290e-01,-2.873537503182888031e-02,-9.884962439537048340e-01,-7.702535390853881836e-02,1.038452908396720886e-01,-1.977926641702651978e-01,3.193082213401794434e-01,3.225902020931243896e-01,-2.551573514938354492e-01,1.514581739902496338e-01,1.447066944092512131e-02,2.279596477746963501e-01,-1.973191499710083008e-01,-4.877795279026031494e-01,2.100817672908306122e-02,-2.384983897209167480e-01,-4.991675913333892822e-02,1.235449314117431641e-01,-9.606350958347320557e-02,5.691267922520637512e-02,2.441232465207576752e-02,-5.148230865597724915e-02,6.396691203117370605e-01,4.097378551959991455e-01,1.063234806060791016e+00
-1.327003836631774902e+00,-3.759333193302154541e-01,3.078713715076446533e-01,-1.277946829795837402e-01,-2.495636790990829468e-02,-9.876005053520202637e-01,-8.769803494215011597e-02,1.278935819864273071e-01,-1.769043505191802979e-01,3.002256751060485840e-01,2.991480231285095215e-01,-2.397312372922897339e-01,1.375778764486312866e-01,9.728772565722465515e-03,2.324190437793731689e-01,-1.803805977106094360e-01,-4.786259531974792480e-01,2.100317366421222687e-02,-2.748942375183105469e-01,-4.509842768311500549e-02,1.247645467519760132e-01,-5.945799499750137329e-02,3.546027839183807373e-02,1.114176865667104721e-02,-7.888443768024444580e-03,7.304261326789855957e-01,4.228607714176177979e-01,8.921601176261901855e-01
-1.330056786537170410e+00,-3.719337284564971924e-01,3.102917671203613281e-01,-1.242469623684883118e-01,-2.202514745295047760e-02,-9.874112606048583984e-01,-9.537589550018310547e-02,1.482877731323242188e-01,-1.694056838750839233e-01,2.841788232326507568e-01,2.786792814731597900e-01,-2.263905555009841919e-01,1.201528459787368774e-01,6.441154517233371735e-03,2.338674813508987427e-01,-1.791618019342422485e-01,-4.647010266780853271e-01,1.790382154285907745e-02,-3.240262269973754883e-01,-5.085627362132072449e-02,1.215704753994941711e-01,-2.165295183658599854e-02,2.507968991994857788e-02,2.817579731345176697e-02,5.376680940389633179e-02,8.240943551063537598e-01,4.282174110412597656e-01,9.177854061126708984e-01
-1.331877827644348145e+00,-3.690082430839538574e-01,3.119435906410217285e-01,-1.218358054757118225e-01,-2.536470070481300354e-02,-9.865382909774780273e-01,-1.060889884829521179e-01,1.514226049184799194e-01,-1.757573336362838745e-01,2.832209467887878418e-01,2.698318064212799072e-01,-2.227738946676254272e-01,1.142796799540519714e-01,-2.834783401340246201e-03,2.397085279226303101e-01,-1.855164468288421631e-01,-4.587757289409637451e-01,1.901604980230331421e-02,-3.578934073448181152e-01,-4.551792517304420471e-02,1.219783052802085876e-01,1.578933373093605042e-02,1.404427178204059601e-02,6.854365020990371704e-02,1.275757253170013428e-01,8.115682005882263184e-01,4.267257153987884521e-01,8.163635134696960449e-01
-1.334221601486206055e+00,-3.654071390628814697e-01,3.128739893436431885e-01,-1.193820759654045105e-01,-3.243355080485343933e-02,-9.851123094558715820e-01,-1.193724125623703003e-01,1.469630897045135498e-01,-1.670977473258972168e-01,2.778451442718505859e-01,2.662912905216217041e-01,-2.316100597381591797e-01,1.286624968051910400e-01,-1.458282303065061569e-02,2.398475110530853271e-01,-1.756991744041442871e-01,-4.534453749656677246e-01,3.160991147160530090e-02,-3.708699345588684082e-01,-3.826589509844779968e-02,1.189152449369430542e-01,4.602753371000289917e-02,-5.265986546874046326e-04,1.154548749327659607e-01,2.063194066286087036e-01,6.798878908157348633e-01,4.237678647041320801e-01,6.840285658836364746e-01
-1.337625145912170410e+00,-3.604824542999267578e-01,3.134883642196655273e-01,-1.151670366525650024e-01,-3.178789839148521423e-02,-9.835187792778015137e-01,-1.357088834047317505e-01,1.634622365236282349e-01,-1.512064039707183838e-01,2.645863294601440430e-01,2.463625520467758179e-01,-2.299342602491378784e-01,1.314518302679061890e-01,4.647636669687926769e-04,2.396894544363021851e-01,-1.669862419366836548e-01,-4.600146412849426270e-01,3.057097829878330231e-02,-3.402617871761322021e-01,-4.621532186865806580e-02,1.162492260336875916e-01,6.744488328695297241e-02,-1.935276202857494354e-02,1.915647834539413452e-01,2.734012603759765625e-01,4.673395454883575439e-01,4.197526276111602783e-01,5.966113209724426270e-01
-1.341325044631958008e+00,-3.544507324695587158e-01,3.139673769474029541e-01,-1.090699732303619385e-01,-3.399554640054702759e-02,-9.815394282341003418e-01,-1.533897519111633301e-01,1.766049265861511230e-01,-1.460061222314834595e-01,2.587554454803466797e-01,2.288687527179718018e-01,-2.281405031681060791e-01,1.327841281890869141e-01,2.079269848763942719e-02,2.395539879798889160e-01,-1.689033657312393188e-01,-4.814304411411285400e-01,1.903221942484378815e-02,-2.912976741790771484e-01,-3.681361302733421326e-02,1.220592632889747620e-01,8.597578108310699463e-02,-4.291769862174987793e-02,2.590767145156860352e-01,3.091719150543212891e-01,2.429670989513397217e-01,4.323541522026062012e-01,5.058208107948303223e-01
-1.343561530113220215e+00,-3.484124541282653809e-01,3.147295117378234863e-01,-1.010095030069351196e-01,-4.251938685774803162e-02,-9.792481064796447754e-01,-1.704766899347305298e-01,1.708328872919082642e-01,-1.543976366519927979e-01,2.639383971691131592e-01,2.223557382822036743e-01,-2.395181804895401001e-01,1.404823958873748779e-01,3.609744086861610413e-02,2.398300319910049438e-01,-1.758434176445007324e-01,-5.119222998619079590e-01,-1.354455109685659409e-02,-2.306996583938598633e-01,-3.981792181730270386e-02,1.408197730779647827e-01,1.037814021110534668e-01,-6.533715128898620605e-02,2.763673067092895508e-01,3.016947209835052490e-01,8.080954104661941528e-02,4.599198400974273682e-01,2.583775520324707031e-01
-1.346451520919799805e+00,-3.421846032142639160e-01,3.164789676666259766e-01,-9.471864253282546997e-02,-4.597532004117965698e-02,-9.761003255844116211e-01,-1.901127249002456665e-01,1.722192913293838501e-01,-1.690244376659393311e-01,2.741531729698181152e-01,2.062840759754180908e-01,-2.436098158359527588e-01,1.413032710552215576e-01,6.030559167265892029e-02,2.399919778108596802e-01,-1.851611435413360596e-01,-5.057730674743652344e-01,-6.521376222372055054e-02,-1.688500195741653442e-01,-9.191560745239257812e-02,1.468399167060852051e-01,1.227528080344200134e-01,-8.504443615674972534e-02,2.306719422340393066e-01,2.643964588642120361e-01,9.325966984033584595e-02,4.800740182399749756e-01,1.087220013141632080e-01
-1.349276542663574219e+00,-3.370530605316162109e-01,3.184830546379089355e-01,-9.040346741676330566e-02,-5.137278884649276733e-02,-9.715349674224853516e-01,-2.128563374280929565e-01,1.604869216680526733e-01,-2.188262194395065308e-01,3.380938172340393066e-01,2.004888504743576050e-01,-2.390264123678207397e-01,1.286863982677459717e-01,8.709480613470077515e-02,2.398838251829147339e-01,-1.845365464687347412e-01,-4.954611361026763916e-01,-1.069401726126670837e-01,-8.949144929647445679e-02,-1.174763739109039307e-01,1.520372182130813599e-01,1.239576637744903564e-01,-9.585803747177124023e-02,2.253344804048538208e-01,2.435448318719863892e-01,9.543383121490478516e-02,5.037361979484558105e-01,5.076502263545989990e-02
-1.351867437362670898e+00,-3.334342539310455322e-01,3.197611272335052490e-01,-8.964367210865020752e-02,-4.968117922544479370e-02,-9.652512669563293457e-01,-2.403868436813354492e-01,1.451796442270278931e-01,-3.137070536613464355e-01,4.999355673789978027e-01,1.943605095148086548e-01,-2.357603758573532104e-01,1.201419383287429810e-01,1.071724817156791687e-01,2.397416979074478149e-01,-1.440708488225936890e-01,-4.821631312370300293e-01,-1.129765361547470093e-01,-3.483606874942779541e-02,-9.674231708049774170e-02,1.547698378562927246e-01,1.250088065862655640e-01,-9.022206068038940430e-02,1.986623406410217285e-01,2.203634232282638550e-01,8.790811151266098022e-02,5.459666252136230469e-01,1.482644770294427872e-02
-1.354103326797485352e+00,-3.324383497238159180e-01,3.200347721576690674e-01,-8.982960134744644165e-02,-4.008780792355537415e-02,-9.589063525199890137e-01,-2.661243975162506104e-01,1.109913587570190430e-01,-3.894171416759490967e-01,6.350793242454528809e-01,1.864015609025955200e-01,-2.381820231676101685e-01,1.186300367116928101e-01,1.349199712276458740e-01,2.312847822904586792e-01,-9.824541211128234863e-02,-4.496750533580780029e-01,-9.309050440788269043e-02,5.107889417558908463e-03,-8.320225030183792114e-02,1.088193655014038086e-01,1.203671544790267944e-01,3.976013511419296265e-02,1.743515133857727051e-01,2.031451314687728882e-01,6.503412872552871704e-02,6.653350591659545898e-01,6.897515268065035343e-04
-1.362053990364074707e+00,-3.336820900440216064e-01,3.186121881008148193e-01,-7.647977024316787720e-02,-2.119385637342929840e-02,-9.541885852813720703e-01,-2.884888052940368652e-01,7.647673785686492920e-02,-4.423569142818450928e-01,5.779100060462951660e-01,1.579052954912185669e-01,-2.384709566831588745e-01,9.524594247341156006e-02,1.711052805185317993e-01,2.024514973163604736e-01,-1.007038056850433350e-01,-4.146254956722259521e-01,-8.812007308006286621e-02,4.312043637037277222e-02,-8.193253725767135620e-02,4.451442882418632507e-02,8.269999176263809204e-02,3.061666488647460938e-01,1.312518417835235596e-01,1.616094708442687988e-01,6.962434947490692139e-02,1.129716753959655762e+00,1.583365374244749546e-03
-1.373389482498168945e+00,-3.351325094699859619e-01,3.162170350551605225e-01,-6.351879984140396118e-02,-1.676919683814048767e-02,-9.465103745460510254e-01,-3.159150481224060059e-01,1.002920512109994888e-02,-4.731654822826385498e-01,3.617873191833496094e-01,1.570294052362442017e-01,-2.503516674041748047e-01,8.938558399677276611e-02,1.501364409923553467e-01,1.741029918193817139e-01,-8.118162304162979126e-02,-3.890701830387115479e-01,-1.058682575821876526e-01,4.255770146846771240e-02,-8.357728272676467896e-02,3.752811253070831299e-02,3.145662322640419006e-02,4.589925408363342285e-01,8.117599040269851685e-02,8.939714729785919189e-02,8.528296649456024170e-02,1.489985108375549316e+00,2.176582999527454376e-02
-1.386364221572875977e+00,-3.342776298522949219e-01,3.144054114818572998e-01,-6.249761208891868591e-02,-2.001662179827690125e-02,-9.331223964691162109e-01,-3.535194396972656250e-01,-4.024871811270713806e-02,-4.498765766620635986e-01,5.707183480262756348e-02,1.736575067043304443e-01,-2.590573132038116455e-01,1.039224490523338318e-01,1.112961545586585999e-01,1.445083171129226685e-01,-3.608788549900054932e-02,-3.638519048690795898e-01,-1.207925304770469666e-01,2.284543775022029877e-02,-6.390608847141265869e-02,3.301572427153587341e-02,-6.256801635026931763e-02,4.697791635990142822e-01,1.069494895637035370e-02,2.051392011344432831e-02,8.686872571706771851e-02,1.490000009536743164e+00,3.716357797384262085e-02
-1.395157337188720703e+00,-3.335677683353424072e-01,3.114662766456604004e-01,-6.871242076158523560e-02,-1.602227799594402313e-02,-9.164992570877075195e-01,-3.937650918960571289e-01,-3.492489829659461975e-02,-4.781012237071990967e-01,2.220209727058029131e-15,1.713488996028900146e-01,-2.877800166606903076e-01,1.714025586843490601e-01,7.873304188251495361e-02,1.497875303030014038e-01,1.268991176038980484e-02,-3.542303442955017090e-01,-1.415590047836303711e-01,-1.714944466948509216e-02,-5.366789549589157104e-02,1.063119694590568542e-01,-1.584128290414810181e-01,5.293776392936706543e-01,-2.274355664849281311e-02,-5.079709365963935852e-02,7.559408992528915405e-02,1.490000009536743164e+00,5.586154758930206299e-02
-1.397056460380554199e+00,-3.337278962135314941e-01,3.089308440685272217e-01,-7.020977139472961426e-02,1.436752383597195148e-03,-9.144717454910278320e-01,-3.985097110271453857e-01,-9.867583401501178741e-03,-3.680078387260437012e-01,-7.271645503280159926e-19,1.535319983959197998e-01,-3.180719017982482910e-01,2.675033807754516602e-01,3.447030112147331238e-02,1.700063347816467285e-01,-1.406278554350137711e-02,-3.846368491649627686e-01,-1.823714673519134521e-01,-8.658571541309356689e-02,-3.446506336331367493e-02,1.651993840932846069e-01,-1.800000071525573730e-01,6.848065853118896484e-01,-1.313711691182106733e-04,-1.566111594438552856e-01,5.093001574277877808e-02,1.418562650680541992e+00,9.854852408170700073e-02
-1.400059819221496582e+00,-3.321938514709472656e-01,3.092319071292877197e-01,-7.397040724754333496e-02,1.570365950465202332e-02,-9.142912626266479492e-01,-3.979362845420837402e-01,1.445429120212793350e-02,-3.157620728015899658e-01,-5.529311965667864977e-18,1.362455636262893677e-01,-3.317017257213592529e-01,3.418904840946197510e-01,1.110151037573814392e-02,1.807631701231002808e-01,-5.047601833939552307e-02,-4.213980436325073242e-01,-2.047424018383026123e-01,-1.379759162664413452e-01,1.119051128625869751e-02,2.050831764936447144e-01,-1.800000071525573730e-01,6.027290225028991699e-01,1.093531865626573563e-02,-1.799217462539672852e-01,1.369747612625360489e-02,9.518536329269409180e-01,1.380637735128402710e-01
-1.404854178428649902e+00,-3.267480731010437012e-01,3.115876317024230957e-01,-7.238467782735824585e-02,1.271778717637062073e-02,-9.158692359924316406e-01,-3.946926295757293701e-01,1.100872922688722610e-02,-2.955988645553588867e-01,1.210738992085680366e-04,1.359643489122390747e-01,-3.464836180210113525e-01,3.929661512374877930e-01,-1.957122050225734711e-02,1.843567788600921631e-01,-9.476154297590255737e-02,-4.749154746532440186e-01,-2.239566296339035034e-01,-1.624295413494110107e-01,5.299396440386772156e-02,2.933548688888549805e-01,-1.800000071525573730e-01,4.263575375080108643e-01,2.066561020910739899e-02,-1.800000071525573730e-01,-1.933294534683227539e-02,6.065555214881896973e-01,1.666434854269027710e-01
-1.411029934883117676e+00,-3.190218806266784668e-01,3.145162165164947510e-01,-6.872838735580444336e-02,2.893946599215269089e-03,-9.158287644386291504e-01,-3.956332802772521973e-01,7.850927649997174740e-04,-2.796328961849212646e-01,1.841896591940894723e-04,1.453942507505416870e-01,-3.707371354103088379e-01,4.471808373928070068e-01,-3.436282649636268616e-02,1.856373399496078491e-01,-1.523310989141464233e-01,-5.172726511955261230e-01,-2.489771544933319092e-01,-1.653789728879928589e-01,7.348352670669555664e-02,3.748851716518402100e-01,-1.800000071525573730e-01,3.407319486141204834e-01,2.753496915102005005e-02,-1.800000071525573730e-01,-5.180228874087333679e-02,5.775701403617858887e-01,1.840638220310211182e-01
-1.417523741722106934e+00,-3.108811080455780029e-01,3.174836039543151855e-01,-6.915323436260223389e-02,-2.300280379131436348e-03,-9.109817147254943848e-01,-4.066016674041748047e-01,3.734692698344588280e-03,-2.444907724857330322e-01,3.297840303275734186e-04,1.601814329624176025e-01,-4.094820618629455566e-01,5.262026190757751465e-01,-3.062982484698295593e-02,1.962976604700088501e-01,-1.764604598283767700e-01,-5.422409176826477051e-01,-2.567358314990997314e-01,-1.416795700788497925e-01,6.785932183265686035e-02,3.729599416255950928e-01,-1.800000071525573730e-01,3.185551166534423828e-01,2.481204457581043243e-02,-1.800000071525573730e-01,-7.599627971649169922e-02,5.754811167716979980e-01,1.968531459569931030e-01
-1.422900438308715820e+00,-3.025907874107360840e-01,3.186500966548919678e-01,-7.406894117593765259e-02,-3.897194052115082741e-03,-9.030132293701171875e-01,-4.231615364551544189e-01,1.474137697368860245e-02,-1.957448422908782959e-01,7.827616296708583832e-03,1.849562078714370728e-01,-4.813281893730163574e-01,6.659959554672241211e-01,2.673882991075515747e-03,2.104012519121170044e-01,-2.027155011892318726e-01,-5.462453961372375488e-01,-2.470601946115493774e-01,-9.302520751953125000e-02,4.950127750635147095e-02,3.652550280094146729e-01,-1.800000071525573730e-01,2.350571602582931519e-01,2.627997100353240967e-02,-1.800000071525573730e-01,-1.039580404758453369e-01,5.337616801261901855e-01,2.300832569599151611e-01
-1.427086830139160156e+00,-2.958617508411407471e-01,3.188554942607879639e-01,-8.052263408899307251e-02,-3.887114580720663071e-04,-8.953289985656738281e-01,-4.380661845207214355e-01,3.166633844375610352e-02,-1.546435058116912842e-01,2.637097239494323730e-02,2.246624231338500977e-01,-5.338186025619506836e-01,7.892549037933349609e-01,3.703706711530685425e-02,2.261611819267272949e-01,-2.237917035818099976e-01,-5.443406701087951660e-01,-2.356056123971939087e-01,-1.410604733973741531e-02,2.529400959610939026e-02,3.353567123413085938e-01,-1.800000071525573730e-01,1.843179166316986084e-01,3.651191294193267822e-02,-1.800000071525573730e-01,-1.320273131132125854e-01,4.148889482021331787e-01,2.993965148925781250e-01
-1.429232954978942871e+00,-2.880469560623168945e-01,3.176752030849456787e-01,-8.622839301824569702e-02,2.825133269652724266e-03,-8.881750106811523438e-01,-4.513334035873413086e-01,5.153946205973625183e-02,-1.242929100990295410e-01,3.865352645516395569e-02,2.735456526279449463e-01,-5.126954317092895508e-01,7.250977158546447754e-01,5.422589182853698730e-02,2.276735603809356689e-01,-2.119752317667007446e-01,-5.160167813301086426e-01,-2.032136917114257812e-01,6.421468406915664673e-02,-2.180073782801628113e-02,2.877699732780456543e-01,-1.800000071525573730e-01,1.739196330308914185e-01,2.141725644469261169e-02,-1.800000071525573730e-01,-1.124687269330024719e-01,3.827850818634033203e-01,4.162167012691497803e-01
-1.430659294128417969e+00,-2.768718898296356201e-01,3.148674368858337402e-01,-9.209296107292175293e-02,-6.638470222242176533e-04,-8.847644329071044922e-01,-4.568482637405395508e-01,6.298785656690597534e-02,-9.842084348201751709e-02,5.094526708126068115e-02,3.174978792667388916e-01,-4.641304016113281250e-01,4.845235347747802734e-01,5.701672658324241638e-02,2.173908650875091553e-01,-2.175448238849639893e-01,-4.888771176338195801e-01,-1.584542095661163330e-01,1.274417936801910400e-01,-6.748225539922714233e-02,2.310227155685424805e-01,-1.800000071525573730e-01,1.654017716646194458e-01,3.144427668303251266e-03,-1.800000071525573730e-01,-2.941944403573870659e-03,3.503244817256927490e-01,7.416101694107055664e-01
-1.432855606079101562e+00,-2.630754709243774414e-01,3.120070695877075195e-01,-8.514133840799331665e-02,-3.258645767346024513e-03,-8.870593309402465820e-01,-4.537246227264404297e-01,8.924542367458343506e-02,-1.009940132498741150e-01,7.626491785049438477e-02,3.204766809940338135e-01,-4.331918954849243164e-01,1.767573952674865723e-01,6.392530351877212524e-02,1.945028603076934814e-01,-2.708922624588012695e-01,-4.620109200477600098e-01,-1.370983123779296875e-01,1.812333017587661743e-01,-1.181495711207389832e-01,1.692896187305450439e-01,-1.800000071525573730e-01,1.774088293313980103e-01,1.334925461560487747e-02,-1.800000071525573730e-01,1.386384814977645874e-01,3.262386918067932129e-01,1.182842016220092773e+00
-1.431986093521118164e+00,-2.506474256515502930e-01,3.084386885166168213e-01,-9.096213430166244507e-02,-1.038894709199666977e-02,-8.852462768554687500e-01,-4.560230076313018799e-01,1.081154942512512207e-01,-9.910307079553604126e-02,1.343434900045394897e-01,3.220729231834411621e-01,-4.052397310733795166e-01,3.141966881230473518e-04,4.088105261325836182e-02,1.885803341865539551e-01,-2.837744057178497314e-01,-4.315637946128845215e-01,-1.170606836676597595e-01,1.990551352500915527e-01,-1.646579951047897339e-01,1.101780235767364502e-01,-1.800000071525573730e-01,1.842630803585052490e-01,9.788151830434799194e-03,-1.800000071525573730e-01,3.096801638603210449e-01,3.117806315422058105e-01,1.471271753311157227e+00
-1.429563283920288086e+00,-2.410093545913696289e-01,3.067283630371093750e-01,-1.182429492473602295e-01,-1.543554849922657013e-02,-8.737418055534362793e-01,-4.715459346771240234e-01,1.186111643910408020e-01,-5.640954524278640747e-02,2.077077329158782959e-01,3.398265540599822998e-01,-2.979917824268341064e-01,2.866705879569053650e-02,1.093660946935415268e-03,2.118167579174041748e-01,-2.514676451683044434e-01,-4.018425345420837402e-01,-9.936355054378509521e-02,2.186436504125595093e-01,-2.020588964223861694e-01,6.738662719726562500e-02,-1.570159196853637695e-01,1.570079028606414795e-01,-1.865200512111186981e-02,-1.483959406614303589e-01,4.881477952003479004e-01,3.019246757030487061e-01,1.489950776100158691e+00
-1.426499843597412109e+00,-2.340661138296127319e-01,3.072950839996337891e-01,-1.402153372764587402e-01,-2.696968801319599152e-02,-8.638075590133666992e-01,-4.831653833389282227e-01,9.609909355640411377e-02,-3.757476434111595154e-02,2.627391517162322998e-01,3.593643903732299805e-01,-2.488492131233215332e-01,6.569334864616394043e-02,-3.978266194462776184e-02,2.193096578121185303e-01,-2.261153012514114380e-01,-3.843514919281005859e-01,-7.108223438262939453e-02,2.234622687101364136e-01,-2.164961546659469604e-01,4.672292247414588928e-02,-1.253985762596130371e-01,1.195352077484130859e-01,-3.460521250963211060e-02,-7.711994647979736328e-02,6.774695515632629395e-01,3.137788474559783936e-01,1.353235960006713867e+00
-1.423824787139892578e+00,-2.281084358692169189e-01,3.112467527389526367e-01,-1.392314732074737549e-01,-2.682405523955821991e-02,-8.574437499046325684e-01,-4.946567118167877197e-01,9.479042142629623413e-02,-4.730046540498733521e-02,2.862623631954193115e-01,3.319533467292785645e-01,-2.451591044664382935e-01,7.956980913877487183e-02,-5.180976539850234985e-02,2.086975723505020142e-01,-1.880568116903305054e-01,-3.788499534130096436e-01,-2.305050939321517944e-02,1.915909945964813232e-01,-2.176937460899353027e-01,4.145026579499244690e-02,-8.818981796503067017e-02,8.362122625112533569e-02,-6.007696315646171570e-02,3.296073060482740402e-03,7.836471796035766602e-01,3.409620523452758789e-01,9.893612265586853027e-01
-1.423392176628112793e+00,-2.212102115154266357e-01,3.148653805255889893e-01,-1.323902606964111328e-01,-2.852001972496509552e-02,-8.483862280845642090e-01,-5.117619037628173828e-01,9.630829095840454102e-02,-8.389405161142349243e-02,3.287568986415863037e-01,3.022993803024291992e-01,-2.412940710783004761e-01,6.658626347780227661e-02,-6.841309368610382080e-02,1.975392848253250122e-01,-1.283434629440307617e-01,-3.758498430252075195e-01,2.980726025998592377e-02,1.294233053922653198e-01,-2.397895157337188721e-01,4.271109774708747864e-02,-4.302169755101203918e-02,5.250959843397140503e-02,-3.141358122229576111e-02,9.939313679933547974e-02,7.845405936241149902e-01,3.707254230976104736e-01,7.719641327857971191e-01
-1.423563838005065918e+00,-2.127046138048171997e-01,3.173970580101013184e-01,-1.275462359189987183e-01,-3.579660877585411072e-02,-8.403480052947998047e-01,-5.256099700927734375e-01,8.995632827281951904e-02,-1.345121860504150391e-01,3.887343406677246094e-01,2.928253710269927979e-01,-2.379865944385528564e-01,6.137899681925773621e-02,-8.941867947578430176e-02,1.874108910560607910e-01,-1.078329831361770630e-01,-3.826290369033813477e-01,5.255672708153724670e-02,9.144484251737594604e-02,-2.661378383636474609e-01,3.933718055486679077e-02,4.356312099844217300e-03,2.671798132359981537e-02,8.891979604959487915e-02,1.716045141220092773e-01,6.119075417518615723e-01,3.980307579040527344e-01,6.669397354125976562e-01
-1.423623681068420410e+00,-2.034772783517837524e-01,3.195064663887023926e-01,-1.216993704438209534e-01,-3.060508146882057190e-02,-8.302115201950073242e-01,-5.431403517723083496e-01,1.105828657746315002e-01,-1.798853129148483276e-01,4.583172500133514404e-01,2.628721296787261963e-01,-2.195522636175155640e-01,5.191429704427719116e-02,-7.121035456657409668e-02,1.954739093780517578e-01,-8.575478941202163696e-02,-4.141253829002380371e-01,7.066759467124938965e-02,9.676389396190643311e-02,-2.799789905548095703e-01,5.095301568508148193e-02,3.470633178949356079e-02,-1.086760777980089188e-02,2.275659143924713135e-01,2.396070212125778198e-01,3.399952948093414307e-01,4.216452538967132568e-01,5.292048454284667969e-01
-1.423535466194152832e+00,-1.946418434381484985e-01,3.202379345893859863e-01,-1.135147809982299805e-01,-2.796113863587379456e-02,-8.214746117591857910e-01,-5.581326484680175781e-01,1.094537973403930664e-01,-2.715914547443389893e-01,5.914357304573059082e-01,2.401327043771743774e-01,-2.221987396478652954e-01,7.304359972476959229e-02,-3.566981852054595947e-02,2.053018510341644287e-01,-8.753399550914764404e-02,-4.767654836177825928e-01,5.700562521815299988e-02,1.134972795844078064e-01,-2.520216703414916992e-01,7.323386520147323608e-02,5.021650344133377075e-02,-4.256179928779602051e-02,3.508369922637939453e-01,2.888474166393280029e-01,9.754321724176406860e-02,4.598956406116485596e-01,4.267071187496185303e-01
-1.422517895698547363e+00,-1.885978430509567261e-01,3.211975693702697754e-01,-1.030393838882446289e-01,-2.260649576783180237e-02,-8.115549087524414062e-01,-5.746742486953735352e-01,8.586908876895904541e-02,-3.445504605770111084e-01,6.719955205917358398e-01,2.125948220491409302e-01,-2.325709015130996704e-01,9.058592468500137329e-02,1.369826216250658035e-02,2.151073217391967773e-01,-8.054348081350326538e-02,-5.300881266593933105e-01,4.843179881572723389e-02,1.345674097537994385e-01,-2.442615628242492676e-01,8.445009589195251465e-02,5.551378056406974792e-02,-5.314892902970314026e-02,3.480919599533081055e-01,2.827225029468536377e-01,9.204318746924400330e-03,4.897478222846984863e-01,1.989408135414123535e-01
-1.423552393913269043e+00,-1.834719777107238770e-01,3.218318223953247070e-01,-8.948069810867309570e-02,-1.807372644543647766e-02,-7.998353242874145508e-01,-5.932368636131286621e-01,4.091864824295043945e-02,-3.937122225761413574e-01,6.313399672508239746e-01,1.872291564941406250e-01,-2.370624989271163940e-01,8.532500267028808594e-02,6.723551452159881592e-02,2.051481604576110840e-01,-8.066491782665252686e-02,-5.148378014564514160e-01,6.524243205785751343e-02,1.962567865848541260e-01,-3.235320746898651123e-01,7.656230777502059937e-02,5.560972914099693298e-02,-6.650744378566741943e-02,3.021090030670166016e-01,2.643620669841766357e-01,5.286026746034622192e-02,5.073935985565185547e-01,1.251122504472732544e-01
-1.426122665405273438e+00,-1.783159226179122925e-01,3.213581144809722900e-01,-7.690670341253280640e-02,-1.572028361260890961e-02,-7.843986749649047852e-01,-6.152697801589965820e-01,-1.088982541114091873e-02,-4.235924780368804932e-01,4.704175591468811035e-01,1.699241101741790771e-01,-2.473205626010894775e-01,8.094913512468338013e-02,1.104471683502197266e-01,1.856077462434768677e-01,-5.651558935642242432e-02,-4.996664822101593018e-01,1.305695325136184692e-01,2.613924145698547363e-01,-3.948749601840972900e-01,6.560432910919189453e-02,5.042465776205062866e-02,-7.593522220849990845e-02,2.677212655544281006e-01,2.464096993207931519e-01,6.224391981959342957e-02,5.370683670043945312e-01,7.527007907629013062e-02
-1.429346084594726562e+00,-1.722099781036376953e-01,3.197499215602874756e-01,-7.065510004758834839e-02,-1.123609766364097595e-02,-7.643929719924926758e-01,-6.407690644264221191e-01,-4.733152315020561218e-02,-4.323229491710662842e-01,2.389454096555709839e-01,1.563627272844314575e-01,-2.621109783649444580e-01,9.523630887269973755e-02,1.406632512807846069e-01,1.702699512243270874e-01,-8.535624481737613678e-03,-4.586022794246673584e-01,2.433802485466003418e-01,3.235522210597991943e-01,-4.535879194736480713e-01,1.545656286180019379e-02,4.748921468853950500e-02,-9.919383563101291656e-03,2.345876395702362061e-01,2.291887998580932617e-01,4.818480089306831360e-02,5.925825238227844238e-01,5.472910404205322266e-02
-1.433614850044250488e+00,-1.644481271505355835e-01,3.167884647846221924e-01,-6.601548194885253906e-02,-3.269233740866184235e-03,-7.408286929130554199e-01,-6.684340834617614746e-01,-5.148220434784889221e-02,-4.400506317615509033e-01,9.864406660199165344e-03,1.351990550756454468e-01,-2.718983292579650879e-01,1.262906044721603394e-01,1.609371751546859741e-01,1.649770885705947876e-01,3.759886324405670166e-02,-4.184831380844116211e-01,2.645776569843292236e-01,3.505246341228485107e-01,-4.609285295009613037e-01,-4.399814829230308533e-02,4.166027158498764038e-02,1.999467164278030396e-01,2.045059502124786377e-01,1.928798258304595947e-01,2.994331158697605133e-02,8.962944746017456055e-01,5.446188524365425110e-02
-1.439281344413757324e+00,-1.564544588327407837e-01,3.124642074108123779e-01,-5.978277698159217834e-02,7.128689903765916824e-03,-7.221813797950744629e-01,-6.890785098075866699e-01,-3.767722845077514648e-02,-5.054642558097839355e-01,-1.573076833288429490e-17,1.168815717101097107e-01,-2.797586023807525635e-01,1.760502159595489502e-01,1.500094681978225708e-01,1.688278913497924805e-01,3.667713329195976257e-02,-3.991067707538604736e-01,1.673667579889297485e-01,3.195588290691375732e-01,-4.275170862674713135e-01,-1.813716627657413483e-02,3.056804090738296509e-02,3.959337770938873291e-01,1.592543721199035645e-01,1.090554893016815186e-01,5.950789153575897217e-02,1.373446226119995117e+00,7.675463706254959106e-02
-1.442071080207824707e+00,-1.478009521961212158e-01,3.105703890323638916e-01,-5.134351551532745361e-02,1.778120733797550201e-02,-7.131089568138122559e-01,-6.989443898200988770e-01,-2.463012747466564178e-02,-5.182296633720397949e-01,1.447995875014080984e-17,9.865463525056838989e-02,-2.811233997344970703e-01,2.385248839855194092e-01,1.400077641010284424e-01,1.523829102516174316e-01,3.210870176553726196e-02,-3.867805898189544678e-01,6.500449031591415405e-02,2.643487751483917236e-01,-3.707898557186126709e-01,3.383158147335052490e-02,-1.570685207843780518e-02,4.183911979198455811e-01,1.104756146669387817e-01,3.809852153062820435e-02,6.385664641857147217e-02,1.490000009536743164e+00,9.143233299255371094e-02
-1.443253874778747559e+00,-1.424503475427627563e-01,3.106020987033843994e-01,-4.575553536415100098e-02,2.559963427484035492e-02,-7.105175852775573730e-01,-7.017235159873962402e-01,-1.273913495242595673e-02,-4.757511317729949951e-01,4.815977875181735608e-18,8.584307879209518433e-02,-2.586098015308380127e-01,2.653050422668457031e-01,1.342790424823760986e-01,1.371445804834365845e-01,-9.901229059323668480e-04,-3.905083239078521729e-01,-5.919305142015218735e-03,2.389312833547592163e-01,-2.983070909976959229e-01,8.847856521606445312e-02,-8.765633404254913330e-02,4.659064710140228271e-01,8.918533474206924438e-02,-1.420407276600599289e-02,4.829064384102821350e-02,1.490000009536743164e+00,1.124521791934967041e-01
-1.444092869758605957e+00,-1.394560784101486206e-01,3.105732500553131104e-01,-4.491768404841423035e-02,3.064678609371185303e-02,-7.084814310073852539e-01,-7.036314606666564941e-01,-3.895397763699293137e-03,-4.380700588226318359e-01,3.063645378324899660e-18,8.326694369316101074e-02,-2.510219812393188477e-01,2.902072668075561523e-01,1.260220110416412354e-01,1.374610364437103271e-01,-3.755131363868713379e-02,-4.063939452171325684e-01,-4.862506315112113953e-02,2.251386046409606934e-01,-2.412009090185165405e-01,1.628665328025817871e-01,-1.604290604591369629e-01,5.592562556266784668e-01,9.546852856874465942e-02,-5.502838641405105591e-02,2.494381181895732880e-02,1.489990592002868652e+00,1.447711288928985596e-01
-1.443894267082214355e+00,-1.370522379875183105e-01,3.119570314884185791e-01,-4.299792647361755371e-02,3.665569052100181580e-02,-7.096983194351196289e-01,-7.022362947463989258e-01,9.011559188365936279e-03,-4.194181561470031738e-01,-2.915083740310375890e-18,7.401420176029205322e-02,-2.428380399942398071e-01,2.989135980606079102e-01,9.355790168046951294e-02,1.416084468364715576e-01,-6.556215882301330566e-02,-4.280477762222290039e-01,-9.694120287895202637e-02,1.771831810474395752e-01,-1.826855987310409546e-01,1.916508674621582031e-01,-1.800000071525573730e-01,6.309418678283691406e-01,9.980549663305282593e-02,-1.179738640785217285e-01,3.375166095793247223e-03,1.303178071975708008e+00,1.641243249177932739e-01
-1.443602204322814941e+00,-1.341938525438308716e-01,3.143538832664489746e-01,-4.361134767532348633e-02,3.928386420011520386e-02,-7.126737236976623535e-01,-6.990357041358947754e-01,1.390558946877717972e-02,-4.074381887912750244e-01,1.456533300370210782e-05,7.405137270689010620e-02,-2.239743471145629883e-01,2.918530106544494629e-01,4.812304675579071045e-02,1.466902643442153931e-01,-8.741449564695358276e-02,-4.513254463672637939e-01,-1.468773335218429565e-01,1.011917889118194580e-01,-1.217877343297004700e-01,1.989645361900329590e-01,-1.800000071525573730e-01,5.869945287704467773e-01,8.933484554290771484e-02,-1.791525483131408691e-01,-5.402455106377601624e-03,9.240216016769409180e-01,1.775209307670593262e-01
-1.444032311439514160e+00,-1.292109489440917969e-01,3.164986968040466309e-01,-4.266412183642387390e-02,3.409307077527046204e-02,-7.125146389007568359e-01,-6.995286345481872559e-01,1.057686004787683487e-02,-4.041104018688201904e-01,1.781993208389517393e-17,8.106818050146102905e-02,-2.200690507888793945e-01,2.837738692760467529e-01,2.522146329283714294e-02,1.401478201150894165e-01,-1.028076484799385071e-01,-4.731287360191345215e-01,-1.711196899414062500e-01,5.513365194201469421e-02,-6.711035966873168945e-02,2.432256489992141724e-01,-1.800000071525573730e-01,4.799295067787170410e-01,7.727171480655670166e-02,-1.798560917377471924e-01,-1.425591018050909042e-02,7.276859283447265625e-01,1.829023063182830811e-01
-1.444615602493286133e+00,-1.231297925114631653e-01,3.181523382663726807e-01,-3.692079335451126099e-02,2.903957851231098175e-02,-7.085337042808532715e-01,-7.041118741035461426e-01,1.125523261725902557e-02,-3.974287509918212891e-01,3.432389260511238549e-18,7.997521758079528809e-02,-2.254805266857147217e-01,2.733887732028961182e-01,2.632507868111133575e-02,1.325043737888336182e-01,-1.147908866405487061e-01,-4.899058043956756592e-01,-1.845433861017227173e-01,2.892187982797622681e-02,-8.919224143028259277e-03,2.901419401168823242e-01,-1.800000071525573730e-01,3.852458596229553223e-01,6.965009868144989014e-02,-1.798974126577377319e-01,-2.438780292868614197e-02,6.990158557891845703e-01,1.773471683263778687e-01
-1.444839596748352051e+00,-1.173477545380592346e-01,3.195408284664154053e-01,-2.702068351209163666e-02,3.090914338827133179e-02,-7.053138017654418945e-01,-7.077053785324096680e-01,2.354942448437213898e-02,-3.768487870693206787e-01,2.062948743037848476e-18,6.279276311397552490e-02,-2.233898639678955078e-01,2.607128620147705078e-01,5.146311223506927490e-02,1.280081421136856079e-01,-1.277098655700683594e-01,-4.963268339633941650e-01,-1.863630712032318115e-01,-3.645457327365875244e-03,5.549686029553413391e-02,2.808853089809417725e-01,-1.800000071525573730e-01,3.143746554851531982e-01,5.827137082815170288e-02,-1.799369603395462036e-01,-2.484674006700515747e-02,6.303894519805908203e-01,1.802723854780197144e-01
-1.445088505744934082e+00,-1.121259555220603943e-01,3.205466270446777344e-01,-1.938873901963233948e-02,3.313096985220909119e-02,-6.986188292503356934e-01,-7.144635319709777832e-01,4.036720097064971924e-02,-3.577435314655303955e-01,1.276349066756665707e-04,4.956684261560440063e-02,-2.116721719503402710e-01,2.474940866231918335e-01,8.452471345663070679e-02,1.281898617744445801e-01,-1.328525245189666748e-01,-4.935873746871948242e-01,-1.781427264213562012e-01,-2.789007127285003662e-02,1.143650338053703308e-01,2.674926519393920898e-01,-1.800000071525573730e-01,2.356944233179092407e-01,4.515785723924636841e-02,-1.799606680870056152e-01,-1.683175750076770782e-02,5.525007247924804688e-01,1.857011467218399048e-01
-1.444875359535217285e+00,-1.072837635874748230e-01,3.217036724090576172e-01,-1.574835740029811859e-02,3.507957234978675842e-02,-6.916522383689880371e-01,-7.212063670158386230e-01,5.253760516643524170e-02,-3.410304486751556396e-01,8.736922754906117916e-04,4.489243775606155396e-02,-2.029390484094619751e-01,2.439210712909698486e-01,1.009710058569908142e-01,1.358135789632797241e-01,-1.172719001770019531e-01,-4.859278798103332520e-01,-1.536789834499359131e-01,-4.558027163147926331e-02,1.543670147657394409e-01,2.667326331138610840e-01,-1.800000071525573730e-01,1.808112263679504395e-01,2.036530151963233948e-02,-1.799967736005783081e-01,1.803977042436599731e-02,4.833942949771881104e-01,1.989774703979492188e-01
-1.443764805793762207e+00,-1.024237647652626038e-01,3.229253888130187988e-01,-1.012020092457532883e-02,3.466330468654632568e-02,-6.848480105400085449e-01,-7.277906537055969238e-01,6.387332081794738770e-02,-3.260694444179534912e-01,2.790665253996849060e-03,3.749755024909973145e-02,-1.927532404661178589e-01,2.239589840173721313e-01,1.089442670345306396e-01,1.319437026977539062e-01,-8.496754616498947144e-02,-4.510911703109741211e-01,-1.224000677466392517e-01,-6.662690639495849609e-02,1.632436960935592651e-01,2.515952289104461670e-01,-1.800000071525573730e-01,1.594645678997039795e-01,-2.560189180076122284e-02,-1.800000071525573730e-01,1.325915604829788208e-01,4.475069046020507812e-01,3.237398266792297363e-01
-1.442763805389404297e+00,-9.730166196823120117e-02,3.238407075405120850e-01,-4.276461899280548096e-03,3.071870282292366028e-02,-6.772367954254150391e-01,-7.351111173629760742e-01,7.227801531553268433e-02,-3.145883679389953613e-01,1.414483762346208096e-03,3.390738740563392639e-02,-1.838804781436920166e-01,1.999516189098358154e-01,1.148539781570434570e-01,1.233611777424812317e-01,-6.035367026925086975e-02,-4.097760617733001709e-01,-1.081288382411003113e-01,-6.288091838359832764e-02,1.626426577568054199e-01,2.317903637886047363e-01,-1.800000071525573730e-01,1.498949080705642700e-01,-7.089971750974655151e-02,-1.800000071525573730e-01,3.750315606594085693e-01,4.072101712226867676e-01,6.968709826469421387e-01
-1.442770123481750488e+00,-9.090793877840042114e-02,3.234306573867797852e-01,7.205117028206586838e-03,2.195871993899345398e-02,-6.740686297416687012e-01,-7.383071184158325195e-01,7.654104381799697876e-02,-3.209048807621002197e-01,1.568294013850390911e-03,2.938748337328433990e-02,-1.842697560787200928e-01,1.741680204868316650e-01,1.325487792491912842e-01,1.053541898727416992e-01,-9.453105926513671875e-02,-3.856489360332489014e-01,-1.294496506452560425e-01,-2.612799778580665588e-02,1.914267390966415405e-01,1.843890547752380371e-01,-1.800000071525573730e-01,1.938852816820144653e-01,-3.270962089300155640e-02,-1.800000071525573730e-01,4.973374307155609131e-01,3.711296021938323975e-01,1.103863716125488281e+00
-1.442258715629577637e+00,-8.518659323453903198e-02,3.225477933883666992e-01,1.852791942656040192e-02,1.333469990640878677e-02,-6.743987202644348145e-01,-7.380144000053405762e-01,8.057367801666259766e-02,-3.371813297271728516e-01,5.351540166884660721e-03,2.436024136841297150e-02,-1.841966807842254639e-01,1.543939858675003052e-01,1.478250473737716675e-01,8.177119493484497070e-02,-1.486805379390716553e-01,-3.634427189826965332e-01,-1.697127968072891235e-01,8.555429056286811829e-03,2.639599740505218506e-01,1.299994438886642456e-01,-1.800000071525573730e-01,2.423814386129379272e-01,1.213668801938183606e-04,-1.799783110618591309e-01,5.503929853439331055e-01,3.391366004943847656e-01,1.354978680610656738e+00
-1.440267801284790039e+00,-8.205155283212661743e-02,3.222235143184661865e-01,2.199902385473251343e-02,7.417195942252874374e-03,-6.771991848945617676e-01,-7.354333996772766113e-01,8.164186030626296997e-02,-3.455275893211364746e-01,9.809753857553005219e-03,2.510347962379455566e-02,-1.730176657438278198e-01,1.469520181417465210e-01,1.457851976156234741e-01,6.105069816112518311e-02,-1.737981587648391724e-01,-3.254934251308441162e-01,-1.872855424880981445e-01,5.649502389132976532e-03,3.518293201923370361e-01,8.994282037019729614e-02,-1.800000071525573730e-01,2.654180228710174561e-01,-2.223727479577064514e-02,-1.601953506469726562e-01,6.802895069122314453e-01,3.265170753002166748e-01,1.482645273208618164e+00
-1.438439369201660156e+00,-8.026092499494552612e-02,3.232377469539642334e-01,1.558661181479692459e-02,3.153116675093770027e-03,-6.792356371879577637e-01,-7.337479591369628906e-01,7.735002040863037109e-02,-3.459651470184326172e-01,1.547748781740665436e-02,3.917999938130378723e-02,-1.537629663944244385e-01,1.457455158233642578e-01,1.348690688610076904e-01,5.111770704388618469e-02,-1.897909343242645264e-01,-2.787777483463287354e-01,-1.894306689500808716e-01,1.073402725160121918e-02,4.274120926856994629e-01,5.760811641812324524e-02,-1.800000071525573730e-01,2.714385092258453369e-01,-7.509841769933700562e-02,-1.000034809112548828e-01,8.502089977264404297e-01,3.159132301807403564e-01,1.432969093322753906e+00
-1.437886834144592285e+00,-7.946976274251937866e-02,3.247848153114318848e-01,7.592351641505956650e-03,-6.001678993925452232e-04,-6.789525151252746582e-01,-7.341426610946655273e-01,7.075364887714385986e-02,-3.464977145195007324e-01,2.321873232722282410e-02,5.527773872017860413e-02,-1.413690447807312012e-01,1.403934955596923828e-01,1.201344355940818787e-01,4.452548176050186157e-02,-2.017698138952255249e-01,-2.191525548696517944e-01,-1.926432400941848755e-01,2.597939223051071167e-02,4.732297658920288086e-01,3.217417374253273010e-02,-1.800000071525573730e-01,2.721337378025054932e-01,-1.290533691644668579e-01,-2.336345799267292023e-02,9.794560074806213379e-01,3.107385039329528809e-01,1.199838638305664062e+00
-1.438349485397338867e+00,-7.879681140184402466e-02,3.259501457214355469e-01,4.355001263320446014e-03,-8.207316859625279903e-04,-6.777562499046325684e-01,-7.352733016014099121e-01,6.958845257759094238e-02,-3.441978096961975098e-01,3.763387724757194519e-02,6.224213913083076477e-02,-1.280588358640670776e-01,1.260714232921600342e-01,1.061586663126945496e-01,4.539045318961143494e-02,-2.102202028036117554e-01,-1.568052321672439575e-01,-2.039191573858261108e-01,4.671276360750198364e-02,4.933035373687744141e-01,1.249887980520725250e-02,-1.604531258344650269e-01,2.783559262752532959e-01,-1.147098988294601440e-01,6.397201865911483765e-02,9.456312656402587891e-01,3.092732429504394531e-01,8.798596858978271484e-01
-1.438278794288635254e+00,-7.623189687728881836e-02,3.263487517833709717e-01,7.373211905360221863e-03,1.228103428729809821e-05,-6.753578782081604004e-01,-7.374532818794250488e-01,7.525906711816787720e-02,-3.455594778060913086e-01,5.860910192131996155e-02,5.811104923486709595e-02,-1.218485832214355469e-01,1.129096373915672302e-01,1.133915334939956665e-01,3.901727125048637390e-02,-2.192516326904296875e-01,-1.002698540687561035e-01,-2.165747731924057007e-01,8.574774116277694702e-02,5.000000000000000000e-01,-9.461348876357078552e-03,-1.482692658901214600e-01,2.846558392047882080e-01,1.758938538841903210e-03,1.428829580545425415e-01,6.840897202491760254e-01,3.067154884338378906e-01,6.225809454917907715e-01
-1.436997175216674805e+00,-7.265450060367584229e-02,3.262768387794494629e-01,1.326699461787939072e-02,-2.471140585839748383e-03,-6.708338260650634766e-01,-7.414849400520324707e-01,8.173657953739166260e-02,-3.493032753467559814e-01,7.498358935117721558e-02,5.179902166128158569e-02,-1.267543137073516846e-01,1.036296039819717407e-01,1.401161998510360718e-01,3.001604415476322174e-02,-2.159190773963928223e-01,-6.665840744972229004e-02,-2.128351181745529175e-01,1.309295594692230225e-01,5.000000000000000000e-01,-2.522281743586063385e-02,-1.555366814136505127e-01,2.963405847549438477e-01,1.687671542167663574e-01,2.074436992406845093e-01,3.285269141197204590e-01,3.101255893707275391e-01,4.103938639163970947e-01
-1.434833645820617676e+00,-6.971920281648635864e-02,3.270545303821563721e-01,1.765947043895721436e-02,-6.732541951350867748e-04,-6.632398366928100586e-01,-7.481982111930847168e-01,9.642202407121658325e-02,-3.414340317249298096e-01,8.487007766962051392e-02,4.108737781643867493e-02,-1.253080964088439941e-01,9.566641598939895630e-02,1.615505069494247437e-01,2.731193229556083679e-02,-2.013541907072067261e-01,-2.746224775910377502e-02,-2.136961966753005981e-01,1.611418724060058594e-01,5.000000000000000000e-01,-4.166427999734878540e-02,-1.501192748546600342e-01,3.045818507671356201e-01,1.382557600736618042e-01,1.950950324535369873e-01,2.525372505187988281e-01,3.207449615001678467e-01,1.800961941480636597e-01
-1.433489322662353516e+00,-6.605517864227294922e-02,3.275178372859954834e-01,2.209006808698177338e-02,2.564589958637952805e-04,-6.536188721656799316e-01,-7.565013766288757324e-01,1.096717268228530884e-01,-3.298325836658477783e-01,8.922982215881347656e-02,3.530792891979217529e-02,-1.210928112268447876e-01,8.511009067296981812e-02,1.762819737195968628e-01,1.876031421124935150e-02,-1.851683408021926880e-01,1.451869681477546692e-02,-2.133743762969970703e-01,1.895998716354370117e-01,5.000000000000000000e-01,-6.691628694534301758e-02,-1.400040984153747559e-01,3.132196366786956787e-01,9.719226509332656860e-02,1.833055168390274048e-01,2.694829404354095459e-01,3.386270105838775635e-01,1.567593216896057129e-01
-1.432621598243713379e+00,-6.235536187887191772e-02,3.279392421245574951e-01,2.794533222913742065e-02,6.827074568718671799e-03,-6.444479227066040039e-01,-7.641068696975708008e-01,1.316425949335098267e-01,-3.085427582263946533e-01,9.765535593032836914e-02,2.371591702103614807e-02,-1.116019263863563538e-01,7.712580263614654541e-02,1.973391324281692505e-01,2.123703807592391968e-02,-1.732228100299835205e-01,4.045642912387847900e-02,-2.059702277183532715e-01,2.141386419534683228e-01,5.000000000000000000e-01,-8.572427928447723389e-02,-1.286753714084625244e-01,3.284382820129394531e-01,8.198185265064239502e-02,1.648026853799819946e-01,2.550262808799743652e-01,3.750894665718078613e-01,1.185585707426071167e-01
-1.432427883148193359e+00,-5.869671329855918884e-02,3.282104730606079102e-01,3.417836129665374756e-02,1.543429214507341385e-02,-6.345543861389160156e-01,-7.719678282737731934e-01,1.546966135501861572e-01,-2.866077423095703125e-01,1.098433360457420349e-01,1.188954524695873260e-02,-1.004271879792213440e-01,6.708505749702453613e-02,2.128260731697082520e-01,2.677787095308303833e-02,-1.591571867465972900e-01,4.964919760823249817e-02,-2.034155726432800293e-01,2.254465818405151367e-01,5.000000000000000000e-01,-1.020627096295356750e-01,-1.101936995983123779e-01,3.441672921180725098e-01,6.092045828700065613e-02,1.412726491689682007e-01,2.503150403499603271e-01,4.188062250614166260e-01,9.659054130315780640e-02
-1.432770133018493652e+00,-5.540802702307701111e-02,3.282434344291687012e-01,3.914234787225723267e-02,2.060155011713504791e-02,-6.240779757499694824e-01,-7.801090478897094727e-01,1.676607578992843628e-01,-2.723537385463714600e-01,1.244106814265251160e-01,8.417357690632343292e-03,-9.070870280265808105e-02,5.400468036532402039e-02,2.207514643669128418e-01,2.662159316241741180e-02,-1.409261673688888550e-01,4.796398803591728210e-02,-2.089658826589584351e-01,2.262805700302124023e-01,5.000000000000000000e-01,-1.154055595397949219e-01,-9.137196838855743408e-02,3.471573293209075928e-01,4.377559199929237366e-02,1.194084510207176208e-01,2.396030426025390625e-01,4.481261074542999268e-01,7.980903238058090210e-02
-1.432963490486145020e+00,-5.248057469725608826e-02,3.281626701354980469e-01,4.305014014244079590e-02,2.231849543750286102e-02,-6.156708598136901855e-01,-7.865099906921386719e-01,1.720059216022491455e-01,-2.627045810222625732e-01,1.322411894798278809e-01,9.409064427018165588e-03,-8.488012850284576416e-02,4.488058015704154968e-02,2.260323017835617065e-01,1.972106099128723145e-02,-1.225720271468162537e-01,4.123073816299438477e-02,-2.045857012271881104e-01,2.237623929977416992e-01,5.000000000000000000e-01,-1.271283179521560669e-01,-8.098662644624710083e-02,3.464669585227966309e-01,2.726403437554836273e-02,1.057134494185447693e-01,2.295117378234863281e-01,4.755218327045440674e-01,6.997101753950119019e-02
-1.432352542877197266e+00,-4.992251470685005188e-02,3.281919956207275391e-01,4.644501209259033203e-02,2.583424188196659088e-02,-6.109970211982727051e-01,-7.898468375205993652e-01,1.817305237054824829e-01,-2.375960350036621094e-01,1.222057268023490906e-01,5.651248153299093246e-03,-7.744515687227249146e-02,4.259292408823966980e-02,2.360606193542480469e-01,1.767527498304843903e-02,-1.140647456049919128e-01,3.147656843066215515e-02,-2.013286054134368896e-01,2.319764196872711182e-01,5.000000000000000000e-01,-1.354920268058776855e-01,-7.586750388145446777e-02,3.443645536899566650e-01,1.395619753748178482e-02,9.739979356527328491e-02,2.222902625799179077e-01,4.937565624713897705e-01,5.888700485229492188e-02
-1.431420922279357910e+00,-4.736939072608947754e-02,3.286940455436706543e-01,4.759751632809638977e-02,2.680147252976894379e-02,-6.060525774955749512e-01,-7.935467362403869629e-01,1.903544813394546509e-01,-2.078525722026824951e-01,9.585355967283248901e-02,4.999438300728797913e-03,-8.040348440408706665e-02,4.907919093966484070e-02,2.415230274200439453e-01,1.825295574963092804e-02,-1.063371747732162476e-01,2.043322846293449402e-02,-2.041665464639663696e-01,2.307774126529693604e-01,4.981270432472229004e-01,-1.420775353908538818e-01,-7.139567285776138306e-02,3.352603018283843994e-01,6.972146686166524887e-03,8.965477347373962402e-02,2.111111730337142944e-01,4.892380237579345703e-01,4.553236439824104309e-02
-1.430016875267028809e+00,-4.479226097464561462e-02,3.296116292476654053e-01,4.625184834003448486e-02,2.517367899417877197e-02,-6.027920246124267578e-01,-7.961587905883789062e-01,1.924467980861663818e-01,-1.828725039958953857e-01,6.611782312393188477e-02,6.586045958101749420e-03,-1.018803566694259644e-01,7.506421953439712524e-02,2.399437874555587769e-01,2.048055641353130341e-02,-1.052052900195121765e-01,1.621489645913243294e-04,-2.035440802574157715e-01,2.270473390817642212e-01,4.902939796447753906e-01,-1.466953307390213013e-01,-6.704326719045639038e-02,3.255993723869323730e-01,8.338051848113536835e-03,8.047108352184295654e-02,1.937844008207321167e-01,4.811025857925415039e-01,3.238738700747489929e-02
-1.428025722503662109e+00,-4.282905906438827515e-02,3.305133581161499023e-01,4.592996090650558472e-02,2.635948918759822845e-02,-6.035617589950561523e-01,-7.955557107925415039e-01,1.997538357973098755e-01,-1.617010086774826050e-01,3.987263515591621399e-02,-3.321956610307097435e-04,-1.392779797315597534e-01,1.340578496456146240e-01,2.413900047540664673e-01,2.495454810559749603e-02,-1.168902739882469177e-01,-2.141179516911506653e-02,-1.990812867879867554e-01,2.227940857410430908e-01,4.802927374839782715e-01,-1.476554572582244873e-01,-6.075778603553771973e-02,3.177841305732727051e-01,1.249390840530395508e-02,7.125138491392135620e-02,1.800841540098190308e-01,4.817925393581390381e-01,2.694254741072654724e-02
-1.426515579223632812e+00,-4.127208516001701355e-02,3.303351104259490967e-01,3.294743224978446960e-02,3.021131455898284912e-02,-6.013897657394409180e-01,-7.977042794227600098e-01,1.958044618368148804e-01,-1.215478256344795227e-01,2.837394922971725464e-02,1.807981170713901520e-02,-2.115708440542221069e-01,2.838138043880462646e-01,2.239197641611099243e-01,5.156821385025978088e-02,-1.175871267914772034e-01,-4.804200679063796997e-02,-1.905898898839950562e-01,2.231772094964981079e-01,4.660202264785766602e-01,-1.428542584180831909e-01,-5.298944562673568726e-02,3.102404177188873291e-01,1.697939634323120117e-02,6.115761771798133850e-02,1.698325872421264648e-01,4.883357286453247070e-01,2.388461492955684662e-02
-1.425417542457580566e+00,-4.098855704069137573e-02,3.288927674293518066e-01,7.812082767486572266e-03,3.579125925898551941e-02,-5.990825891494750977e-01,-7.998487353324890137e-01,1.794793009757995605e-01,-6.573679298162460327e-02,3.104680031538009644e-02,6.600759923458099365e-02,-3.063076734542846680e-01,5.112292766571044922e-01,1.875861883163452148e-01,9.549684822559356689e-02,-1.134472116827964783e-01,-7.950570434331893921e-02,-1.853641271591186523e-01,2.179136872291564941e-01,4.450942873954772949e-01,-1.312770992517471313e-01,-4.490100964903831482e-02,2.980206012725830078e-01,2.114841528236865997e-02,5.275790020823478699e-02,1.659904867410659790e-01,4.881207346916198730e-01,2.414431236684322357e-02
-1.424606323242187500e+00,-4.201521724462509155e-02,3.268726170063018799e-01,-1.860630884766578674e-02,4.507784917950630188e-02,-5.997399091720581055e-01,-7.987076044082641602e-01,1.669648140668869019e-01,-1.721035875380039215e-02,4.976083710789680481e-02,1.244358941912651062e-01,-3.712574541568756104e-01,7.236005663871765137e-01,1.557656079530715942e-01,1.445345580577850342e-01,-1.181213483214378357e-01,-1.096704900264739990e-01,-1.826360970735549927e-01,2.137243896722793579e-01,4.119072854518890381e-01,-1.192311123013496399e-01,-4.077443853020668030e-02,2.938648760318756104e-01,2.812226489186286926e-02,4.787425696849822998e-02,1.621820628643035889e-01,4.946561753749847412e-01,2.323135547339916229e-02
-1.423501729965209961e+00,-4.428679496049880981e-02,3.239983916282653809e-01,-3.609098121523857117e-02,5.169392004609107971e-02,-6.021752357482910156e-01,-7.958706617355346680e-01,1.636689305305480957e-01,7.635393412783741951e-04,7.427115738391876221e-02,1.663487702608108521e-01,-3.826941251754760742e-01,8.060705065727233887e-01,1.381277441978454590e-01,1.707549393177032471e-01,-1.278411597013473511e-01,-1.295146644115447998e-01,-1.817366331815719604e-01,2.155991643667221069e-01,3.610218465328216553e-01,-1.134734675288200378e-01,-3.888119384646415710e-02,2.950834929943084717e-01,3.079717420041561127e-02,4.567922651767730713e-02,1.596420407295227051e-01,5.105870366096496582e-01,2.863508090376853943e-02
-1.421313524246215820e+00,-4.588185250759124756e-02,3.205024600028991699e-01,-4.789910465478897095e-02,5.394309386610984802e-02,-6.062920689582824707e-01,-7.919632196426391602e-01,1.590541899204254150e-01,9.650548920035362244e-03,8.600610494613647461e-02,2.008796632289886475e-01,-3.607015907764434814e-01,7.042794227600097656e-01,1.250273436307907104e-01,1.762150079011917114e-01,-1.378577947616577148e-01,-1.369918882846832275e-01,-1.750419139862060547e-01,2.099455893039703369e-01,3.032007813453674316e-01,-1.142995879054069519e-01,-3.825387731194496155e-02,2.859180867671966553e-01,2.560154907405376434e-02,4.526149854063987732e-02,1.533824950456619263e-01,5.137722492218017578e-01,3.377244621515274048e-02
-1.417884826660156250e+00,-4.560321569442749023e-02,3.182693421840667725e-01,-5.448820441961288452e-02,5.295825004577636719e-02,-6.113446354866027832e-01,-7.877081632614135742e-01,1.555428206920623779e-01,1.070248894393444061e-02,9.073505550622940063e-02,2.227677106857299805e-01,-3.242852091789245605e-01,4.698586463928222656e-01,1.139786615967750549e-01,1.726556122303009033e-01,-1.415908485651016235e-01,-1.540968567132949829e-01,-1.710407733917236328e-01,1.852219104766845703e-01,2.545640468597412109e-01,-1.171237006783485413e-01,-3.764194250106811523e-02,2.742290794849395752e-01,1.778443716466426849e-02,4.579323902726173401e-02,1.418313235044479370e-01,5.145620703697204590e-01,3.395951911807060242e-02
-1.413457393646240234e+00,-4.485937207937240601e-02,3.179415166378021240e-01,-4.863358289003372192e-02,5.078848078846931458e-02,-6.194217801094055176e-01,-7.819027900695800781e-01,1.721283048391342163e-01,-1.078826654702425003e-02,1.035337597131729126e-01,2.140359580516815186e-01,-3.062896132469177246e-01,2.749455571174621582e-01,1.172188073396682739e-01,1.542456299066543579e-01,-1.470221132040023804e-01,-1.759872436523437500e-01,-1.602073311805725098e-01,1.549881100654602051e-01,2.240988612174987793e-01,-1.176043823361396790e-01,-3.552486002445220947e-02,2.585711181163787842e-01,1.211388316005468369e-02,4.505608603358268738e-02,1.251598745584487915e-01,5.124385356903076172e-01,3.249978646636009216e-02
-1.410571813583374023e+00,-4.477659240365028381e-02,3.175448179244995117e-01,-5.238750949501991272e-02,5.712813884019851685e-02,-6.169071197509765625e-01,-7.832098007202148438e-01,1.957223117351531982e-01,-5.811821669340133667e-03,1.275166869163513184e-01,2.197793573141098022e-01,-2.062191665172576904e-01,2.111387401819229126e-01,1.172818765044212341e-01,1.691881120204925537e-01,-1.295786201953887939e-01,-1.985564976930618286e-01,-1.392479240894317627e-01,1.255846768617630005e-01,1.988080590963363647e-01,-1.077794805169105530e-01,-3.147097676992416382e-02,2.445621043443679810e-01,1.950046420097351074e-02,4.326224327087402344e-02,1.073464378714561462e-01,5.191868543624877930e-01,4.350830614566802979e-02
-1.407410621643066406e+00,-4.404424875974655151e-02,3.179455995559692383e-01,-6.526296585798263550e-02,5.966893211007118225e-02,-6.145872473716735840e-01,-7.838768362998962402e-01,1.956263780593872070e-01,1.204330194741487503e-02,1.322148144245147705e-01,2.351616472005844116e-01,-1.478989869356155396e-01,1.719160974025726318e-01,9.955651313066482544e-02,1.965416371822357178e-01,-1.124443784356117249e-01,-2.224825769662857056e-01,-1.078431084752082825e-01,9.747974574565887451e-02,1.732148975133895874e-01,-9.066037833690643311e-02,-2.630940079689025879e-02,2.276852726936340332e-01,3.317388892173767090e-02,4.115213453769683838e-02,8.857395499944686890e-02,5.212646126747131348e-01,5.061635375022888184e-02
-1.404486894607543945e+00,-4.361561313271522522e-02,3.193949162960052490e-01,-6.584481149911880493e-02,5.122119188308715820e-02,-6.162780523300170898e-01,-7.830978631973266602e-01,1.856427788734436035e-01,-4.428126849234104156e-03,1.166954934597015381e-01,2.315839231014251709e-01,-1.561530977487564087e-01,1.581901311874389648e-01,8.966541290283203125e-02,1.889958679676055908e-01,-1.005518063902854919e-01,-2.425180673599243164e-01,-7.097677886486053467e-02,6.620468199253082275e-02,1.520659923553466797e-01,-7.871505618095397949e-02,-2.555365674197673798e-02,2.116245478391647339e-01,4.382241889834403992e-02,4.403026401996612549e-02,6.811545789241790771e-02,5.175112485885620117e-01,4.866803064942359924e-02
-1.401869177818298340e+00,-4.300032556056976318e-02,3.208713531494140625e-01,-6.955245882272720337e-02,4.690999537706375122e-02,-6.164190769195556641e-01,-7.829363942146301270e-01,1.824081689119338989e-01,-1.111636054702103138e-03,9.299616515636444092e-02,2.320997118949890137e-01,-1.523660421371459961e-01,1.461366415023803711e-01,7.981635630130767822e-02,1.966230273246765137e-01,-8.494497090578079224e-02,-2.590569257736206055e-01,-4.399194568395614624e-02,3.286057338118553162e-02,1.277174204587936401e-01,-6.655138731002807617e-02,-2.524768561124801636e-02,1.985248923301696777e-01,5.225174501538276672e-02,4.676877334713935852e-02,5.793327093124389648e-02,5.023275613784790039e-01,4.284884035587310791e-02
-1.399260520935058594e+00,-4.228227958083152771e-02,3.218775987625122070e-01,-7.336604595184326172e-02,4.505801200866699219e-02,-6.182349324226379395e-01,-7.812635302543640137e-01,1.842003464698791504e-01,3.198028076440095901e-03,7.768059521913528442e-02,2.344273328781127930e-01,-1.442215889692306519e-01,1.409987807273864746e-01,6.919915229082107544e-02,2.074787020683288574e-01,-7.493149489164352417e-02,-2.696072161197662354e-01,-2.684393897652626038e-02,-2.288334537297487259e-03,1.028869003057479858e-01,-5.761603638529777527e-02,-2.248909324407577515e-02,1.932203769683837891e-01,5.396046116948127747e-02,4.598737880587577820e-02,5.901184305548667908e-02,4.934185147285461426e-01,4.190540313720703125e-02
-1.397260904312133789e+00,-4.176629707217216492e-02,3.222651779651641846e-01,-7.682376354932785034e-02,4.195018112659454346e-02,-6.197764873504638672e-01,-7.798816561698913574e-01,1.811724603176116943e-01,2.111119683831930161e-03,7.312797755002975464e-02,2.390955686569213867e-01,-1.352605670690536499e-01,1.366856694221496582e-01,5.735614150762557983e-02,2.105476856231689453e-01,-6.625616550445556641e-02,-2.728086411952972412e-01,-1.063191797584295273e-02,-3.089779056608676910e-02,7.957114279270172119e-02,-5.708939582109451294e-02,-2.076802216470241547e-02,1.955034434795379639e-01,5.406239256262779236e-02,4.639361053705215454e-02,5.667521059513092041e-02,4.900936782360076904e-01,4.529371857643127441e-02
-1.395794153213500977e+00,-4.133669659495353699e-02,3.221765160560607910e-01,-8.152345567941665649e-02,3.950979188084602356e-02,-6.201492547988891602e-01,-7.792353630065917969e-01,1.751745939254760742e-01,4.735377151519060135e-03,7.430025935173034668e-02,2.452259957790374756e-01,-1.306147128343582153e-01,1.429715901613235474e-01,4.468116909265518188e-02,2.131277620792388916e-01,-5.625416710972785950e-02,-2.759007513523101807e-01,1.119329780340194702e-02,-5.321317911148071289e-02,6.686033308506011963e-02,-5.461150780320167542e-02,-1.933326199650764465e-02,1.882575303316116333e-01,5.841903761029243469e-02,4.736372455954551697e-02,4.448640719056129456e-02,4.821676909923553467e-01,4.717907682061195374e-02
-1.394622802734375000e+00,-4.092255607247352600e-02,3.220164477825164795e-01,-8.488501608371734619e-02,3.642104938626289368e-02,-6.198113560676574707e-01,-7.792958021163940430e-01,1.683737933635711670e-01,3.097303677350282669e-03,7.829390466213226318e-02,2.492656409740447998e-01,-1.319239884614944458e-01,1.516456007957458496e-01,3.534694761037826538e-02,2.107840776443481445e-01,-4.480167850852012634e-02,-2.798145711421966553e-01,3.286615014076232910e-02,-6.357370316982269287e-02,5.846087262034416199e-02,-5.506940186023712158e-02,-2.055128477513790131e-02,1.824176013469696045e-01,6.088333949446678162e-02,5.023537948727607727e-02,3.271112963557243347e-02,4.745184481143951416e-01,4.989292472600936890e-02
-1.393471121788024902e+00,-4.047214239835739136e-02,3.217868804931640625e-01,-8.681946247816085815e-02,3.423323854804039001e-02,-6.201936602592468262e-01,-7.788776159286499023e-01,1.656158268451690674e-01,3.737071529030799866e-03,7.922868430614471436e-02,2.518320381641387939e-01,-1.303595751523971558e-01,1.553691327571868896e-01,2.924927882850170135e-02,2.071610540151596069e-01,-3.607704117894172668e-02,-2.832897305488586426e-01,5.418169498443603516e-02,-7.016392052173614502e-02,5.191729590296745300e-02,-5.591436475515365601e-02,-2.182279154658317566e-02,1.750254482030868530e-01,5.830515548586845398e-02,5.283711478114128113e-02,2.364324033260345459e-02,4.657104313373565674e-01,4.500205814838409424e-02
-1.392423987388610840e+00,-4.003504663705825806e-02,3.216196000576019287e-01,-8.781483024358749390e-02,3.160364180803298950e-02,-6.211589574813842773e-01,-7.781075239181518555e-01,1.633851230144500732e-01,2.403964521363377571e-03,7.694129645824432373e-02,2.534368932247161865e-01,-1.262009590864181519e-01,1.524657756090164185e-01,2.403087355196475983e-02,2.004604786634445190e-01,-3.204073384404182434e-02,-2.890652418136596680e-01,6.436899304389953613e-02,-8.181126415729522705e-02,4.758409783244132996e-02,-5.854440852999687195e-02,-2.229977212846279144e-02,1.697101742029190063e-01,5.413372442126274109e-02,5.377522483468055725e-02,1.654548943042755127e-02,4.620177745819091797e-01,4.232038930058479309e-02
-1.391605615615844727e+00,-3.971688076853752136e-02,3.215155601501464844e-01,-8.908761292695999146e-02,2.771627530455589294e-02,-6.220204234123229980e-01,-7.774225473403930664e-01,1.584934145212173462e-01,-2.093821298331022263e-03,7.315509766340255737e-02,2.567764818668365479e-01,-1.294388324022293091e-01,1.541460156440734863e-01,1.677736081182956696e-02,1.919625699520111084e-01,-2.904401905834674835e-02,-2.975054681301116943e-01,7.008016109466552734e-02,-9.728921949863433838e-02,3.786040097475051880e-02,-6.008329242467880249e-02,-2.231459133327007294e-02,1.618494689464569092e-01,5.212039873003959656e-02,5.439428612589836121e-02,7.781148422509431839e-03,4.586342573165893555e-01,4.218786954879760742e-02
-1.391047120094299316e+00,-3.932616859674453735e-02,3.215034008026123047e-01,-8.871425688266754150e-02,2.314855903387069702e-02,-6.226335167884826660e-01,-7.771238088607788086e-01,1.523213684558868408e-01,-1.008125208318233490e-02,6.936874985694885254e-02,2.581602632999420166e-01,-1.384167373180389404e-01,1.560159176588058472e-01,1.194069255143404007e-02,1.803992390632629395e-01,-2.612119168043136597e-02,-3.040651082992553711e-01,7.333899289369583130e-02,-1.050001159310340881e-01,3.169460967183113098e-02,-6.053943186998367310e-02,-2.338144369423389435e-02,1.520214676856994629e-01,5.361464247107505798e-02,5.596660822629928589e-02,-4.783194046467542648e-03,4.562206864356994629e-01,4.428977146744728088e-02
-1.390734910964965820e+00,-3.895480930805206299e-02,3.214405775070190430e-01,-8.861897140741348267e-02,2.052089013159275055e-02,-6.230327486991882324e-01,-7.768884897232055664e-01,1.484856903553009033e-01,-1.436016056686639786e-02,6.956648081541061401e-02,2.591053545475006104e-01,-1.437603086233139038e-01,1.585436463356018066e-01,8.140774443745613098e-03,1.734477430582046509e-01,-2.510850876569747925e-02,-3.110532164573669434e-01,7.704745233058929443e-02,-1.092130839824676514e-01,2.856863290071487427e-02,-6.003202870488166809e-02,-2.307808957993984222e-02,1.436259448528289795e-01,5.524373799562454224e-02,5.609035119414329529e-02,-1.427792385220527649e-02,4.549801349639892578e-01,4.647478833794593811e-02
-1.390674352645874023e+00,-3.871044144034385681e-02,3.213706314563751221e-01,-8.852230012416839600e-02,1.882692612707614899e-02,-6.230099797248840332e-01,-7.769606709480285645e-01,1.456574499607086182e-01,-1.977412588894367218e-02,7.421571761369705200e-02,2.591849565505981445e-01,-1.490647494792938232e-01,1.630985587835311890e-01,4.841116722673177719e-03,1.698029637336730957e-01,-2.529804408550262451e-02,-3.146750032901763916e-01,6.795816868543624878e-02,-1.133493185043334961e-01,2.631140314042568207e-02,-6.105839461088180542e-02,-2.179454267024993896e-02,1.407160311937332153e-01,5.176321417093276978e-02,5.438934639096260071e-02,-1.331680919975042343e-02,4.522005915641784668e-01,4.465031996369361877e-02
-1.390771150588989258e+00,-3.875210508704185486e-02,3.212750852108001709e-01,-8.783868700265884399e-02,1.704843342304229736e-02,-6.227817535400390625e-01,-7.772622704505920410e-01,1.426990181207656860e-01,-3.048060089349746704e-02,8.281723409891128540e-02,2.581040859222412109e-01,-1.554175019264221191e-01,1.664923429489135742e-01,2.947665750980377197e-03,1.649236083030700684e-01,-2.730034664273262024e-02,-3.125083744525909424e-01,4.509679600596427917e-02,-1.088209375739097595e-01,2.812355570495128632e-02,-6.677164137363433838e-02,-2.134694531559944153e-02,1.452674418687820435e-01,4.506612569093704224e-02,5.195212364196777344e-02,-5.544445011764764786e-03,4.499075114727020264e-01,4.527503997087478638e-02
-1.390956521034240723e+00,-3.911873698234558105e-02,3.211741447448730469e-01,-8.691952377557754517e-02,1.501662377268075943e-02,-6.226461529731750488e-01,-7.775160670280456543e-01,1.386171877384185791e-01,-4.199023172259330750e-02,9.074754267930984497e-02,2.565637230873107910e-01,-1.606824249029159546e-01,1.664658486843109131e-01,2.997795818373560905e-03,1.590583771467208862e-01,-3.048860095441341400e-02,-3.055602312088012695e-01,2.749432809650897980e-02,-1.002061069011688232e-01,4.788944870233535767e-02,-7.405865192413330078e-02,-2.306150272488594055e-02,1.532477587461471558e-01,4.161885753273963928e-02,5.167369917035102844e-02,-1.998408552026376128e-04,4.465734660625457764e-01,4.664970561861991882e-02
-1.391322374343872070e+00,-3.971100226044654846e-02,3.210287690162658691e-01,-8.623817563056945801e-02,1.340962480753660202e-02,-6.223782300949096680e-01,-7.778357863426208496e-01,1.343890130519866943e-01,-5.120546370744705200e-02,9.607674181461334229e-02,2.560237646102905273e-01,-1.652685254812240601e-01,1.650358289480209351e-01,4.009608179330825806e-03,1.540443003177642822e-01,-3.371460735797882080e-02,-2.942478060722351074e-01,1.409717276692390442e-02,-9.318514913320541382e-02,1.054466217756271362e-01,-8.051829040050506592e-02,-2.540362626314163208e-02,1.627322584390640259e-01,4.040301591157913208e-02,5.274085327982902527e-02,4.817961715161800385e-03,4.479146897792816162e-01,5.197602137923240662e-02
-1.391553640365600586e+00,-4.042759537696838379e-02,3.208841681480407715e-01,-8.675928413867950439e-02,1.459006126970052719e-02,-6.234133243560791016e-01,-7.769271731376647949e-01,1.346262544393539429e-01,-4.728233069181442261e-02,9.326134622097015381e-02,2.568750977516174316e-01,-1.633829772472381592e-01,1.640653908252716064e-01,5.780837032943964005e-03,1.569513380527496338e-01,-3.967759758234024048e-02,-2.867183685302734375e-01,3.458894044160842896e-02,-9.371743351221084595e-02,2.335300296545028687e-01,-8.275599777698516846e-02,-2.715123258531093597e-02,1.696237623691558838e-01,4.124068096280097961e-02,5.350513756275177002e-02,1.066395267844200134e-02,4.479223489761352539e-01,5.593212321400642395e-02
-1.391913056373596191e+00,-4.109396040439605713e-02,3.209013640880584717e-01,-8.960711956024169922e-02,1.729383692145347595e-02,-6.236786246299743652e-01,-7.763352990150451660e-01,1.359150260686874390e-01,-3.605661541223526001e-02,8.721997588872909546e-02,2.611176073551177979e-01,-1.559036225080490112e-01,1.624849587678909302e-01,6.958295591175556183e-03,1.687791794538497925e-01,-4.312432557344436646e-02,-2.939517498016357422e-01,4.189373552799224854e-02,-8.416561037302017212e-02,3.967057168483734131e-01,-7.977005094289779663e-02,-2.986542321741580963e-02,1.742357611656188965e-01,4.333782941102981567e-02,5.555644631385803223e-02,2.179513312876224518e-02,4.473078846931457520e-01,6.124062091112136841e-02
-1.392379760742187500e+00,-4.181348532438278198e-02,3.210648298263549805e-01,-9.160477668046951294e-02,1.851763576269149780e-02,-6.236966848373413086e-01,-7.760593295097351074e-01,1.349781155586242676e-01,-2.884630858898162842e-02,7.841610908508300781e-02,2.649712860584259033e-01,-1.520430594682693481e-01,1.589061915874481201e-01,8.847637102007865906e-03,1.778399497270584106e-01,-4.577406123280525208e-02,-2.762863934040069580e-01,2.889068238437175751e-02,-7.635422050952911377e-02,5.000000000000000000e-01,-7.359894365072250366e-02,-3.348927199840545654e-02,1.768824011087417603e-01,4.647027328610420227e-02,5.877616256475448608e-02,3.512669354677200317e-02,4.490094184875488281e-01,7.010296732187271118e-02
-1.392732024192810059e+00,-4.259745776653289795e-02,3.210062682628631592e-01,-9.215107560157775879e-02,2.147527970373630524e-02,-6.239920854568481445e-01,-7.756808996200561523e-01,1.392241716384887695e-01,-1.670286245644092560e-02,6.854057312011718750e-02,2.653823792934417725e-01,-1.429879516363143921e-01,1.504084765911102295e-01,1.514128036797046661e-02,1.856927871704101562e-01,-5.067885294556617737e-02,-1.803336590528488159e-01,2.742202207446098328e-02,-9.109970182180404663e-02,5.000000000000000000e-01,-6.416852027177810669e-02,-3.545242175459861755e-02,1.719307005405426025e-01,4.888894036412239075e-02,6.207939982414245605e-02,4.577159881591796875e-02,4.479388892650604248e-01,7.473074644804000854e-02
-1.393131136894226074e+00,-4.320673272013664246e-02,3.211453557014465332e-01,-9.369387477636337280e-02,2.584502473473548889e-02,-6.226720213890075684e-01,-7.764232754707336426e-01,1.451512128114700317e-01,-2.738329349085688591e-04,6.128727272152900696e-02,2.661800980567932129e-01,-1.300641298294067383e-01,1.413366794586181641e-01,2.052475884556770325e-02,2.020185738801956177e-01,-5.053791031241416931e-02,-6.794886291027069092e-02,3.604062646627426147e-02,-1.138919740915298462e-01,5.000000000000000000e-01,-6.022234633564949036e-02,-3.609624877572059631e-02,1.787419617176055908e-01,4.707575589418411255e-02,6.413855403661727905e-02,6.613684445619583130e-02,4.404439032077789307e-01,7.133467495441436768e-02
-1.393370866775512695e+00,-4.332881793379783630e-02,3.216088116168975830e-01,-9.483570605516433716e-02,2.759618498384952545e-02,-6.218152642250061035e-01,-7.769107818603515625e-01,1.473937034606933594e-01,1.093703228980302811e-02,5.237995833158493042e-02,2.684865295886993408e-01,-1.230947226285934448e-01,1.341426372528076172e-01,2.169840596616268158e-02,2.165567874908447266e-01,-5.372082814574241638e-02,3.346807137131690979e-02,3.563454002141952515e-02,-1.112229675054550171e-01,5.000000000000000000e-01,-7.093298435211181641e-02,-3.525806963443756104e-02,2.029376924037933350e-01,3.985568135976791382e-02,6.238681450486183167e-02,9.989485889673233032e-02,4.220185577869415283e-01,7.892722636461257935e-02
-1.393320441246032715e+00,-4.287890717387199402e-02,3.223184049129486084e-01,-9.569573402404785156e-02,2.727664634585380554e-02,-6.218152642250061035e-01,-7.768166661262512207e-01,1.466646939516067505e-01,1.886408217251300812e-02,3.973028808832168579e-02,2.717850804328918457e-01,-1.176983118057250977e-01,1.255352944135665894e-01,1.833096519112586975e-02,2.271300852298736572e-01,-5.979907885193824768e-02,1.274244636297225952e-01,2.742729894816875458e-02,-1.023470908403396606e-01,5.000000000000000000e-01,-9.075579792261123657e-02,-3.240984678268432617e-02,2.374465614557266235e-01,2.854545786976814270e-02,5.658465251326560974e-02,1.389179676771163940e-01,4.066549837589263916e-01,9.407803416252136230e-02
-1.393185019493103027e+00,-4.231687635183334351e-02,3.229992389678955078e-01,-9.620273858308792114e-02,2.449889108538627625e-02,-6.202151775360107422e-01,-7.781246304512023926e-01,1.420782059431076050e-01,2.017749100923538208e-02,3.132394701242446899e-02,2.750779688358306885e-01,-1.125316619873046875e-01,1.112600415945053101e-01,1.185793150216341019e-02,2.323721945285797119e-01,-5.783356353640556335e-02,2.147144377231597900e-01,-7.516711484640836716e-04,-9.470290690660476685e-02,5.000000000000000000e-01,-1.140224710106849670e-01,-2.868142165243625641e-02,2.746576964855194092e-01,1.241882611066102982e-02,5.000548437237739563e-02,1.766827255487442017e-01,3.931227922439575195e-01,1.034148260951042175e-01
-1.392498254776000977e+00,-4.164067655801773071e-02,3.234534561634063721e-01,-9.590190649032592773e-02,2.247027866542339325e-02,-6.197396516799926758e-01,-7.786017656326293945e-01,1.410224586725234985e-01,2.007428370416164398e-02,2.832836844027042389e-02,2.752936780452728271e-01,-1.065576672554016113e-01,1.012537702918052673e-01,1.175252720713615417e-02,2.370662391185760498e-01,-6.098163872957229614e-02,2.926612794399261475e-01,-1.584633998572826385e-02,-1.070733740925788879e-01,5.000000000000000000e-01,-1.336109936237335205e-01,-2.739604376256465912e-02,3.059860765933990479e-01,-5.055163986980915070e-03,4.677890241146087646e-02,2.099546045064926147e-01,3.813025057315826416e-01,9.938657283782958984e-02
-1.391398310661315918e+00,-4.076492413878440857e-02,3.237456083297729492e-01,-9.645920246839523315e-02,2.004382759332656860e-02,-6.188800334930419922e-01,-7.792825698852539062e-01,1.401948481798171997e-01,2.057498507201671600e-02,2.672674320638179779e-02,2.760650515556335449e-01,-9.928473830223083496e-02,9.682486206293106079e-02,1.415216829627752304e-02,2.399790585041046143e-01,-6.544469296932220459e-02,3.614187538623809814e-01,3.702764213085174561e-02,-2.093351781368255615e-01,5.000000000000000000e-01,-1.506528705358505249e-01,-2.982280403375625610e-02,3.316403627395629883e-01,-2.405041269958019257e-02,4.592099040746688843e-02,2.430189251899719238e-01,3.767647445201873779e-01,9.810765832662582397e-02
-1.389441251754760742e+00,-3.944150358438491821e-02,3.239785730838775635e-01,-9.739575535058975220e-02,1.694616489112377167e-02,-6.179572939872741699e-01,-7.799715995788574219e-01,1.406796276569366455e-01,2.391172945499420166e-02,2.309291809797286987e-02,2.775429785251617432e-01,-9.575829654932022095e-02,9.864988178014755249e-02,1.392303965985774994e-02,2.399999946355819702e-01,-5.974559113383293152e-02,4.113730192184448242e-01,2.509682439267635345e-02,-3.480046093463897705e-01,5.000000000000000000e-01,-1.663697957992553711e-01,-3.248821571469306946e-02,3.474833965301513672e-01,-4.870727658271789551e-02,4.578907787799835205e-02,2.881310582160949707e-01,3.668664097785949707e-01,1.302421689033508301e-01
-1.387009501457214355e+00,-3.788186982274055481e-02,3.243915438652038574e-01,-9.799139201641082764e-02,1.295446231961250305e-02,-6.171964406967163086e-01,-7.805756926536560059e-01,1.415632218122482300e-01,2.262603491544723511e-02,2.049086056649684906e-02,2.774443626403808594e-01,-9.567201137542724609e-02,1.019833981990814209e-01,8.450534194707870483e-03,2.399999946355819702e-01,-4.738019779324531555e-02,4.381662309169769287e-01,-4.500041250139474869e-03,-5.394398570060729980e-01,5.000000000000000000e-01,-1.802248209714889526e-01,-3.157584369182586670e-02,3.606534302234649658e-01,-7.580287009477615356e-02,4.278734698891639709e-02,3.373024165630340576e-01,3.525110185146331787e-01,1.678184568881988525e-01
-1.384467720985412598e+00,-3.626003861427307129e-02,3.250198364257812500e-01,-9.927366673946380615e-02,7.773014716804027557e-03,-6.168351769447326660e-01,-7.807680368423461914e-01,1.394347399473190308e-01,1.263466291129589081e-02,2.195616625249385834e-02,2.795337140560150146e-01,-9.100446850061416626e-02,9.839874505996704102e-02,-8.351125870831310749e-05,2.399999946355819702e-01,-3.651785477995872498e-02,4.499889016151428223e-01,-5.315086245536804199e-02,-7.406267523765563965e-01,5.000000000000000000e-01,-1.893823742866516113e-01,-2.907037548720836639e-02,3.704663813114166260e-01,-9.853655844926834106e-02,4.127302765846252441e-02,3.710808157920837402e-01,3.419437706470489502e-01,1.745419651269912720e-01
-1.381928801536560059e+00,-3.459499776363372803e-02,3.258975148200988770e-01,-1.001870706677436829e-01,2.232414437457919121e-03,-6.169468164443969727e-01,-7.805985808372497559e-01,1.378597617149353027e-01,-9.504491463303565979e-03,3.356806561350822449e-02,2.820128202438354492e-01,-8.141689747571945190e-02,8.870423585176467896e-02,-4.747860133647918701e-03,2.399999946355819702e-01,-3.864939138293266296e-02,4.499999880790710449e-01,-5.502055585384368896e-02,-9.260469079017639160e-01,5.000000000000000000e-01,-1.924175471067428589e-01,-2.660706639289855957e-02,3.762272000312805176e-01,-1.214622557163238525e-01,3.869223222136497498e-02,4.042208492755889893e-01,3.446421921253204346e-01,1.650980412960052490e-01
-1.379651188850402832e+00,-3.280836343765258789e-02,3.267821371555328369e-01,-1.014157459139823914e-01,-3.691188991069793701e-03,-6.145677566528320312e-01,-7.823092341423034668e-01,1.305134892463684082e-01,-6.160109862685203552e-02,8.913488686084747314e-02,2.846966087818145752e-01,-7.548681646585464478e-02,8.239736407995223999e-02,-6.837210385128855705e-04,2.399999946355819702e-01,-5.000014603137969971e-02,4.499999880790710449e-01,-6.694830954074859619e-02,-1.043091893196105957e+00,5.000000000000000000e-01,-1.889496445655822754e-01,-2.807230874896049500e-02,3.689391911029815674e-01,-1.417355835437774658e-01,3.804980590939521790e-02,4.386445283889770508e-01,3.455016314983367920e-01,1.565448939800262451e-01
-1.378351092338562012e+00,-3.092846646904945374e-02,3.277054131031036377e-01,-1.024248227477073669e-01,-1.065083872526884079e-02,-6.068253517150878906e-01,-7.881362438201904297e-01,1.096169278025627136e-01,-1.674012243747711182e-01,2.320033311843872070e-01,2.877258956432342529e-01,-8.143164962530136108e-02,8.111656457185745239e-02,1.033493131399154663e-02,2.399999946355819702e-01,-5.958623439073562622e-02,4.499999880790710449e-01,-5.590731650590896606e-02,-1.122496247291564941e+00,5.000000000000000000e-01,-1.836346387863159180e-01,-3.361675515770912170e-02,3.627578020095825195e-01,-1.535857021808624268e-01,3.869906067848205566e-02,4.618151783943176270e-01,3.564610183238983154e-01,1.365548670291900635e-01
-1.378342747688293457e+00,-2.921616844832897186e-02,3.278670907020568848e-01,-1.007167026400566101e-01,-1.136735361069440842e-02,-5.990390181541442871e-01,-7.942790389060974121e-01,9.149368852376937866e-02,-2.891810238361358643e-01,4.082971513271331787e-01,2.883822917938232422e-01,-8.460188657045364380e-02,8.305671811103820801e-02,3.100789338350296021e-02,2.399999946355819702e-01,-7.004093378782272339e-02,4.499999880790710449e-01,-7.734751701354980469e-02,-1.134876012802124023e+00,5.000000000000000000e-01,-1.877467036247253418e-01,-3.803125396370887756e-02,3.676879703998565674e-01,-1.667087972164154053e-01,4.328760877251625061e-02,4.677920341491699219e-01,3.827773034572601318e-01,9.356491267681121826e-02
-1.379558205604553223e+00,-2.739338949322700500e-02,3.278423845767974854e-01,-9.622418135404586792e-02,-1.056982204318046570e-02,-5.933985114097595215e-01,-7.990666031837463379e-01,5.977375432848930359e-02,-3.513142764568328857e-01,4.716004729270935059e-01,2.882600128650665283e-01,-9.149064123630523682e-02,8.295287936925888062e-02,5.863752588629722595e-02,2.399999946355819702e-01,-9.593808650970458984e-02,4.499999880790710449e-01,-4.358940199017524719e-02,-1.167075157165527344e+00,5.000000000000000000e-01,-1.830710470676422119e-01,-4.217981174588203430e-02,3.555874824523925781e-01,-1.713064461946487427e-01,4.186247289180755615e-02,4.674675166606903076e-01,4.030092358589172363e-01,5.158156529068946838e-02
-1.380831003189086914e+00,-2.362002618610858917e-02,3.270978033542633057e-01,-8.804939687252044678e-02,-3.761033061891794205e-03,-5.876025557518005371e-01,-8.043360114097595215e-01,3.588618338108062744e-02,-3.624748885631561279e-01,3.612198829650878906e-01,2.778801620006561279e-01,-8.218264579772949219e-02,6.971978396177291870e-02,9.917928278446197510e-02,2.399999946355819702e-01,-1.182100847363471985e-01,4.499792754650115967e-01,-1.582106947898864746e-02,-1.195352315902709961e+00,5.000000000000000000e-01,-1.887926161289215088e-01,-5.124842375516891479e-02,3.750356137752532959e-01,-1.803292781114578247e-01,4.535916075110435486e-02,4.487392604351043701e-01,4.904958605766296387e-01,-1.568252220749855042e-02
-1.382212638854980469e+00,-1.727264374494552612e-02,3.259022831916809082e-01,-8.041629940271377563e-02,1.717042876407504082e-03,-5.767765641212463379e-01,-8.129323720932006836e-01,1.035020127892494202e-02,-3.470958173274993896e-01,1.403199136257171631e-01,2.713917791843414307e-01,-7.564233243465423584e-02,5.812696367502212524e-02,1.369921118021011353e-01,2.399999946355819702e-01,-1.250064969062805176e-01,4.314739108085632324e-01,2.057203650474548340e-02,-1.179158329963684082e+00,5.000000000000000000e-01,-2.123849987983703613e-01,-6.646832823753356934e-02,5.222058892250061035e-01,-1.892288774251937866e-01,5.416165664792060852e-02,4.428790807723999023e-01,7.941418290138244629e-01,-2.999759465456008911e-02
-1.384132504463195801e+00,-9.902827441692352295e-03,3.228242993354797363e-01,-7.201194763183593750e-02,1.843866310082376003e-03,-5.588229894638061523e-01,-8.261523842811584473e-01,-5.505878012627363205e-03,-3.730494081974029541e-01,8.605150014773244038e-08,2.661170363426208496e-01,-9.362586587667465210e-02,6.527079641819000244e-02,1.549146026372909546e-01,2.396507561206817627e-01,-1.067766547203063965e-01,3.778547644615173340e-01,7.448463886976242065e-02,-1.105676770210266113e+00,5.000000000000000000e-01,-1.956781893968582153e-01,-7.118232548236846924e-02,7.014327049255371094e-01,-2.037747055292129517e-01,4.714023321866989136e-02,4.521278142929077148e-01,1.242723941802978516e+00,-2.999999932944774628e-02
-1.385846138000488281e+00,-2.032402153417933732e-05,3.203199207782745361e-01,-6.063617765903472900e-02,2.821763046085834503e-03,-5.426818728446960449e-01,-8.377420306205749512e-01,4.027077811770141125e-04,-4.140497744083404541e-01,-1.836368918572425731e-17,2.580944299697875977e-01,-1.082177981734275818e-01,8.569144457578659058e-02,1.598535478115081787e-01,2.205610275268554688e-01,-1.279658973217010498e-01,3.405097126960754395e-01,1.254898011684417725e-01,-1.000326275825500488e+00,5.000000000000000000e-01,-1.226166859269142151e-01,-7.640703022480010986e-02,7.123582363128662109e-01,-2.417767643928527832e-01,2.160809934139251709e-02,4.575282037258148193e-01,1.490000009536743164e+00,-2.999999932944774628e-02
-1.387289881706237793e+00,7.646996527910232544e-03,3.199646174907684326e-01,-4.670771956443786621e-02,1.664964482188224792e-02,-5.406039357185363770e-01,-8.398146033287048340e-01,3.110863082110881805e-02,-3.479461371898651123e-01,1.075068857752000179e-18,2.414691001176834106e-01,-8.367974311113357544e-02,1.011553332209587097e-01,1.765568554401397705e-01,1.992058902978897095e-01,-1.802263557910919189e-01,3.432287871837615967e-01,1.661250144243240356e-01,-9.925351738929748535e-01,5.000000000000000000e-01,-4.972668737173080444e-02,-1.370174139738082886e-01,6.715571880340576172e-01,-2.645829617977142334e-01,-3.344790311530232430e-03,4.268862009048461914e-01,1.490000009536743164e+00,-2.999999932944774628e-02
-1.391918778419494629e+00,1.066552102565765381e-02,3.200959265232086182e-01,-3.440378978848457336e-02,3.353063762187957764e-02,-5.375667810440063477e-01,-8.418515324592590332e-01,5.740598961710929871e-02,-3.053432404994964600e-01,-8.912969534751767007e-18,2.229222208261489868e-01,-7.179843634366989136e-02,1.135190725326538086e-01,1.638692468404769897e-01,2.119794934988021851e-01,-2.094936668872833252e-01,3.222080767154693604e-01,1.658737808465957642e-01,-9.478017091751098633e-01,5.000000000000000000e-01,2.671626023948192596e-02,-1.800000071525573730e-01,8.358070850372314453e-01,-2.430495321750640869e-01,-6.324438005685806274e-02,3.759878575801849365e-01,1.490000009536743164e+00,-2.999999932944774628e-02
-1.397173047065734863e+00,1.255147345364093781e-02,3.211483061313629150e-01,-2.569853700697422028e-02,3.977749869227409363e-02,-5.336058139801025391e-01,-8.444063663482666016e-01,6.597241014242172241e-02,-2.921127676963806152e-01,-2.526874695648227438e-19,2.176450639963150024e-01,-8.133180439472198486e-02,1.046928614377975464e-01,1.063340529799461365e-01,2.396457046270370483e-01,-2.208378762006759644e-01,2.706886827945709229e-01,1.134230196475982666e-01,-9.005021452903747559e-01,5.000000000000000000e-01,7.194956392049789429e-02,-1.800000071525573730e-01,1.028724789619445801e+00,-1.691733151674270630e-01,-1.596793979406356812e-01,2.824189066886901855e-01,1.264495015144348145e+00,-2.999999932944774628e-02
-1.399690747261047363e+00,1.833323761820793152e-02,3.239874243736267090e-01,-1.839592680335044861e-02,4.227713495492935181e-02,-5.313299894332885742e-01,-8.459093570709228516e-01,6.775666028261184692e-02,-2.740786373615264893e-01,7.686246624265213564e-18,2.166881263256072998e-01,-7.586363703012466431e-02,8.228727430105209351e-02,8.354701846837997437e-02,2.399999946355819702e-01,-2.523648142814636230e-01,2.281550168991088867e-01,7.369362562894821167e-02,-8.390006422996520996e-01,5.000000000000000000e-01,1.419184207916259766e-01,-1.800000071525573730e-01,8.683573603630065918e-01,-1.219621896743774414e-01,-1.799140274524688721e-01,1.886913329362869263e-01,7.259995937347412109e-01,-2.999999932944774628e-02
-1.398233890533447266e+00,2.862309291958808899e-02,3.265179991722106934e-01,-8.438256569206714630e-03,4.217072948813438416e-02,-5.260180234909057617e-01,-8.493853211402893066e-01,7.723624259233474731e-02,-2.500057816505432129e-01,2.356487225087244333e-18,2.096438258886337280e-01,-7.882685214281082153e-02,7.386532425880432129e-02,8.653587102890014648e-02,2.388350367546081543e-01,-2.849731445312500000e-01,1.863178461790084839e-01,4.162392392754554749e-02,-7.666354179382324219e-01,5.000000000000000000e-01,2.682949006557464600e-01,-1.800000071525573730e-01,6.880863308906555176e-01,-9.566806256771087646e-02,-1.799895912408828735e-01,1.112979203462600708e-01,6.060143113136291504e-01,-2.999999932944774628e-02
-1.395062685012817383e+00,4.035530984401702881e-02,3.285767436027526855e-01,5.464721005409955978e-03,4.146194830536842346e-02,-5.190296173095703125e-01,-8.537325859069824219e-01,9.601686149835586548e-02,-2.169456183910369873e-01,-1.143792884199283962e-18,1.944889128208160400e-01,-1.137433424592018127e-01,1.113170012831687927e-01,9.878174960613250732e-02,2.291075587272644043e-01,-2.995688021183013916e-01,1.662135720252990723e-01,7.972632534801959991e-03,-7.051094770431518555e-01,5.000000000000000000e-01,3.133636415004730225e-01,-1.800000071525573730e-01,5.612078905105590820e-01,-8.982543647289276123e-02,-1.800000071525573730e-01,4.612528160214424133e-02,5.546183586120605469e-01,-2.999999932944774628e-02
-1.390523433685302734e+00,5.178488790988922119e-02,3.301357030868530273e-01,2.118775062263011932e-02,4.233291372656822205e-02,-5.098634362220764160e-01,-8.589518666267395020e-01,1.243621632456779480e-01,-1.819730103015899658e-01,-1.689280137677098567e-18,1.690057516098022461e-01,-1.941780149936676025e-01,2.082662582397460938e-01,1.307889521121978760e-01,2.191348969936370850e-01,-3.056145906448364258e-01,1.547006964683532715e-01,-1.634665578603744507e-02,-6.474438905715942383e-01,5.000000000000000000e-01,2.899911701679229736e-01,-1.800000071525573730e-01,4.760344028472900391e-01,-9.468930214643478394e-02,-1.800000071525573730e-01,3.829682711511850357e-03,4.975963234901428223e-01,-1.107658259570598602e-02
-1.386647701263427734e+00,6.020838022232055664e-02,3.315843939781188965e-01,2.959115244448184967e-02,4.482300207018852234e-02,-5.002881884574890137e-01,-8.641915321350097656e-01,1.455750465393066406e-01,-1.469100564718246460e-01,5.050490290159359574e-05,1.502959877252578735e-01,-3.173468112945556641e-01,3.844172358512878418e-01,1.593836843967437744e-01,2.215348780155181885e-01,-3.125825226306915283e-01,1.487466096878051758e-01,-2.422511391341686249e-02,-5.909656286239624023e-01,5.000000000000000000e-01,2.433433681726455688e-01,-1.800000071525573730e-01,4.481810331344604492e-01,-9.544280916452407837e-02,-1.800000071525573730e-01,-4.056040197610855103e-03,3.636276125907897949e-01,4.364867880940437317e-02
-1.382542133331298828e+00,6.643553823232650757e-02,3.322939276695251465e-01,3.279791399836540222e-02,4.341000318527221680e-02,-4.873383641242980957e-01,-8.715165853500366211e-01,1.567541956901550293e-01,-1.239765882492065430e-01,3.038069989997893572e-04,1.340613216161727905e-01,-4.204601645469665527e-01,5.359997749328613281e-01,1.790843456983566284e-01,2.173186838626861572e-01,-3.043527305126190186e-01,1.510832160711288452e-01,-2.377072907984256744e-02,-5.364615917205810547e-01,5.000000000000000000e-01,2.093683183193206787e-01,-1.800000071525573730e-01,4.347982704639434814e-01,-9.257043898105621338e-02,-1.800000071525573730e-01,-2.662337850779294968e-03,2.845759987831115723e-01,1.407215446233749390e-01
-1.377938866615295410e+00,7.338051497936248779e-02,3.312964737415313721e-01,3.132353350520133972e-02,4.158634692430496216e-02,-4.728769958019256592e-01,-8.795889616012573242e-01,1.604067087173461914e-01,-9.569463133811950684e-02,1.383821479976177216e-03,1.147111579775810242e-01,-4.538516104221343994e-01,5.343297123908996582e-01,1.887531429529190063e-01,2.059243172407150269e-01,-3.053121268749237061e-01,1.661113947629928589e-01,-1.996738091111183167e-02,-4.748737215995788574e-01,5.000000000000000000e-01,1.558392196893692017e-01,-1.800000071525573730e-01,4.358220696449279785e-01,-1.060893163084983826e-01,-1.800000071525573730e-01,3.836213797330856323e-02,2.309910207986831665e-01,3.587277829647064209e-01
-1.371561408042907715e+00,8.238923549652099609e-02,3.287370502948760986e-01,2.909541502594947815e-02,3.455279022455215454e-02,-4.651635885238647461e-01,-8.840714693069458008e-01,1.576879769563674927e-01,-7.875811308622360229e-02,6.705468986183404922e-03,8.574988692998886108e-02,-4.648256301879882812e-01,3.752455413341522217e-01,1.948881596326828003e-01,1.836087703704833984e-01,-3.503899276256561279e-01,1.724911183118820190e-01,-2.495165355503559113e-02,-3.804581761360168457e-01,5.000000000000000000e-01,8.696328848600387573e-02,-1.800000071525573730e-01,4.507253766059875488e-01,-1.250484138727188110e-01,-1.800000071525573730e-01,1.621151566505432129e-01,1.776911020278930664e-01,7.779831886291503906e-01
-1.364565134048461914e+00,9.262634813785552979e-02,3.244245350360870361e-01,2.911401912569999695e-02,2.095220051705837250e-02,-4.654478430747985840e-01,-8.843481540679931641e-01,1.528286933898925781e-01,-7.578372210264205933e-02,1.156000327318906784e-02,5.818206071853637695e-02,-4.707532823085784912e-01,1.400853246450424194e-01,1.963211297988891602e-01,1.588083952665328979e-01,-4.366040527820587158e-01,1.657449901103973389e-01,-5.751919001340866089e-02,-2.631458342075347900e-01,5.000000000000000000e-01,1.657051779329776764e-02,-1.799947917461395264e-01,4.850734174251556396e-01,-1.160126924514770508e-01,-1.800000071525573730e-01,3.127399384975433350e-01,1.318467110395431519e-01,1.298471570014953613e+00
-1.356248617172241211e+00,9.948120266199111938e-02,3.203506171703338623e-01,1.486328709870576859e-02,5.989285651594400406e-03,-4.668798744678497314e-01,-8.841755390167236328e-01,1.255230754613876343e-01,-6.959818303585052490e-02,2.314127795398235321e-02,5.513234436511993408e-02,-4.947642385959625244e-01,1.546668499941006303e-04,1.615989506244659424e-01,1.368176192045211792e-01,-4.803833663463592529e-01,1.611750572919845581e-01,-8.782493323087692261e-02,-7.537408173084259033e-02,5.000000000000000000e-01,-3.521636500954627991e-02,-1.800000071525573730e-01,4.871092736721038818e-01,-9.337607771158218384e-02,-1.800000071525573730e-01,3.588449358940124512e-01,1.037746742367744446e-01,1.489998817443847656e+00
-1.348990678787231445e+00,1.034963652491569519e-01,3.183518946170806885e-01,-1.555664744228124619e-02,1.888054190203547478e-03,-4.602150917053222656e-01,-8.876691460609436035e-01,8.529766649007797241e-02,-2.890985459089279175e-02,4.255339503288269043e-02,7.066935300827026367e-02,-5.166923999786376953e-01,-7.931156088680806046e-19,9.971829503774642944e-02,1.385491639375686646e-01,-4.607336223125457764e-01,1.898164004087448120e-01,-1.112129464745521545e-01,-1.706243306398391724e-02,5.000000000000000000e-01,-6.954608112573623657e-02,-1.800000071525573730e-01,4.495554566383361816e-01,-6.863729655742645264e-02,-1.799899041652679443e-01,4.327526688575744629e-01,8.337474614381790161e-02,1.490000009536743164e+00
-1.345218300819396973e+00,1.065000593662261963e-01,3.181140422821044922e-01,-4.664709791541099548e-02,3.846397390589118004e-03,-4.486879408359527588e-01,-8.924619555473327637e-01,4.465435817837715149e-02,2.014365233480930328e-02,6.473348289728164673e-02,1.058228313922882080e-01,-4.490496218204498291e-01,3.035396953611060627e-18,4.244186356663703918e-02,1.587309092283248901e-01,-4.355554878711700439e-01,2.087011188268661499e-01,-1.381961703300476074e-01,2.506268769502639771e-02,5.000000000000000000e-01,-8.994787931442260742e-02,-1.774758845567703247e-01,4.157268702983856201e-01,-6.429636478424072266e-02,-1.736049950122833252e-01,6.010587811470031738e-01,6.729086488485336304e-02,1.490000009536743164e+00
-1.343500971794128418e+00,1.082513332366943359e-01,3.183620572090148926e-01,-6.639212369918823242e-02,1.192550640553236008e-02,-4.439724385738372803e-01,-8.934978246688842773e-01,2.181040868163108826e-02,4.475175589323043823e-02,1.004147306084632874e-01,1.383853554725646973e-01,-3.648597300052642822e-01,7.614681089762598276e-05,1.590459048748016357e-02,1.910216063261032104e-01,-4.198884069919586182e-01,2.155062258243560791e-01,-1.510447412729263306e-01,5.684057995676994324e-02,5.000000000000000000e-01,-9.685260057449340820e-02,-1.746076494455337524e-01,3.989350795745849609e-01,-4.696066677570343018e-02,-1.353803575038909912e-01,8.617553114891052246e-01,6.629524379968643188e-02,1.489992380142211914e+00
-1.343899369239807129e+00,1.105368435382843018e-01,3.204654157161712646e-01,-7.334192842245101929e-02,1.494881231337785721e-02,-4.333657324314117432e-01,-8.981044888496398926e-01,2.416228409856557846e-03,2.971484512090682983e-02,1.361857950687408447e-01,1.544886380434036255e-01,-3.429163694381713867e-01,2.197913854615762830e-04,-2.164379693567752838e-03,2.120218276977539062e-01,-3.657228350639343262e-01,2.154894918203353882e-01,-1.377583742141723633e-01,5.381968617439270020e-02,5.000000000000000000e-01,-9.209158271551132202e-02,-1.694746762514114380e-01,3.839065730571746826e-01,-5.574457719922065735e-02,-5.500034242868423462e-02,1.073062300682067871e+00,8.236570656299591064e-02,1.239451050758361816e+00
-1.344249844551086426e+00,1.152194067835807800e-01,3.236064314842224121e-01,-7.307222485542297363e-02,1.469773985445499420e-02,-4.174153804779052734e-01,-9.056538343429565430e-01,-1.586548984050750732e-02,1.689914055168628693e-02,1.498223394155502319e-01,1.549693793058395386e-01,-3.424337506294250488e-01,6.341767111450735683e-09,-1.636846177279949188e-02,2.252575159072875977e-01,-3.102485239505767822e-01,2.118216156959533691e-01,-1.234174594283103943e-01,3.271243348717689514e-02,5.000000000000000000e-01,-9.007710963487625122e-02,-1.570271700620651245e-01,3.708795607089996338e-01,-4.367166385054588318e-02,4.430608823895454407e-02,1.093772768974304199e+00,9.392446279525756836e-02,8.358137011528015137e-01
-1.341036200523376465e+00,1.203267425298690796e-01,3.260990381240844727e-01,-7.415571808815002441e-02,1.018786989152431488e-02,-4.076555669307708740e-01,-9.100626707077026367e-01,-2.882222644984722137e-02,2.352370880544185638e-02,1.344534009695053101e-01,1.576800048351287842e-01,-3.372165262699127197e-01,5.139531226143077489e-18,-3.367295488715171814e-02,2.292096763849258423e-01,-2.892335355281829834e-01,2.042413055896759033e-01,-1.256790161132812500e-01,1.586211100220680237e-02,5.000000000000000000e-01,-1.051015853881835938e-01,-1.401078701019287109e-01,3.701328039169311523e-01,4.050824418663978577e-02,1.053833141922950745e-01,9.679028987884521484e-01,1.051300913095474243e-01,6.153821349143981934e-01
-1.334725856781005859e+00,1.247343048453330994e-01,3.277229368686676025e-01,-7.551437616348266602e-02,7.834550924599170685e-03,-4.034434854984283447e-01,-9.118494987487792969e-01,-2.647216618061065674e-02,3.670128062367439270e-02,1.213627532124519348e-01,1.599025726318359375e-01,-3.136178553104400635e-01,4.638834665461667072e-18,-4.539231583476066589e-02,2.285614013671875000e-01,-2.774409353733062744e-01,2.058290243148803711e-01,-1.335588693618774414e-01,5.890480708330869675e-03,5.000000000000000000e-01,-1.278389692306518555e-01,-1.287001222372055054e-01,3.645236194133758545e-01,1.249668747186660767e-01,1.460489481687545776e-01,7.824444770812988281e-01,1.178024262189865112e-01,5.443649291992187500e-01
-1.327628970146179199e+00,1.287836432456970215e-01,3.288399875164031982e-01,-7.742819190025329590e-02,5.903612822294235229e-03,-3.966432809829711914e-01,-9.146825075149536133e-01,-2.180592715740203857e-02,4.857930913567543030e-02,1.089224293828010559e-01,1.605590879917144775e-01,-2.891904115676879883e-01,2.426841774649801664e-06,-5.037965998053550720e-02,2.248134016990661621e-01,-2.647416293621063232e-01,2.089116126298904419e-01,-1.316722184419631958e-01,-1.002413686364889145e-02,5.000000000000000000e-01,-1.534889787435531616e-01,-1.224213764071464539e-01,3.553978800773620605e-01,1.780306398868560791e-01,1.698061823844909668e-01,5.941228866577148438e-01,1.210359036922454834e-01,5.219768285751342773e-01
-1.322484016418457031e+00,1.315587908029556274e-01,3.304075300693511963e-01,-8.107558637857437134e-02,2.944654319435358047e-03,-3.857047259807586670e-01,-9.190483689308166504e-01,-2.961659617722034454e-02,4.931758344173431396e-02,1.064308136701583862e-01,1.636363267898559570e-01,-2.750816643238067627e-01,6.264730473048985004e-05,-5.009734258055686951e-02,2.284836620092391968e-01,-2.487504482269287109e-01,2.000426054000854492e-01,-1.216966584324836731e-01,-1.568526960909366608e-02,5.000000000000000000e-01,-1.667773127555847168e-01,-1.211176738142967224e-01,3.512332737445831299e-01,1.748180687427520752e-01,1.723176389932632446e-01,4.708701074123382568e-01,1.272827237844467163e-01,2.835200726985931396e-01
-1.317091703414916992e+00,1.349534243345260620e-01,3.318072259426116943e-01,-8.424445241689682007e-02,-1.468425965867936611e-03,-3.704172074794769287e-01,-9.250361323356628418e-01,-4.416999593377113342e-02,2.121913991868495941e-02,1.468540877103805542e-01,1.660328656435012817e-01,-2.652723491191864014e-01,1.830758083087857813e-05,-6.089273840188980103e-02,2.199043333530426025e-01,-2.136805951595306396e-01,2.009720206260681152e-01,-1.098852977156639099e-01,-2.663765288889408112e-02,5.000000000000000000e-01,-1.892043352127075195e-01,-1.099167615175247192e-01,3.388582170009613037e-01,1.387914866209030151e-01,1.573510020971298218e-01,4.429614543914794922e-01,1.284820288419723511e-01,2.073839157819747925e-01
-1.312402129173278809e+00,1.384037733078002930e-01,3.326569795608520508e-01,-8.275421708822250366e-02,-3.783946856856346130e-03,-3.544019162654876709e-01,-9.314165115356445312e-01,-5.038677901029586792e-02,-6.869848072528839111e-02,2.683169543743133545e-01,1.608005315065383911e-01,-2.602651715278625488e-01,1.039423246333313813e-17,-5.649161711335182190e-02,2.097842544317245483e-01,-1.901002228260040283e-01,1.936433613300323486e-01,-9.205179661512374878e-02,-3.804181888699531555e-02,5.000000000000000000e-01,-2.127881348133087158e-01,-1.019005924463272095e-01,3.282631039619445801e-01,1.158701628446578979e-01,1.414150446653366089e-01,4.423466920852661133e-01,1.305431425571441650e-01,2.019986212253570557e-01
-1.308181405067443848e+00,1.416798084974288940e-01,3.324746787548065186e-01,-7.690902799367904663e-02,-9.661201620474457741e-04,-3.379386067390441895e-01,-9.380200505256652832e-01,-4.329602792859077454e-02,-1.985675841569900513e-01,4.271554648876190186e-01,1.472078561782836914e-01,-2.481311559677124023e-01,1.773250240187076911e-18,-3.927079588174819946e-02,2.031319439411163330e-01,-1.667450368404388428e-01,1.844347417354583740e-01,-7.093197107315063477e-02,-5.958550423383712769e-02,5.000000000000000000e-01,-2.339511960744857788e-01,-9.566389769315719604e-02,3.132847845554351807e-01,9.049703180789947510e-02,1.248204186558723450e-01,4.407363831996917725e-01,1.350189298391342163e-01,2.007498294115066528e-01
-1.305182695388793945e+00,1.445848196744918823e-01,3.321530222892761230e-01,-7.147242128849029541e-02,-1.187139278044924140e-04,-3.209650516510009766e-01,-9.443903565406799316e-01,-4.813089594244956970e-02,-3.111389577388763428e-01,5.476578474044799805e-01,1.395152807235717773e-01,-2.424032837152481079e-01,2.820297959260642529e-05,-2.381590008735656738e-02,1.911718696355819702e-01,-1.361441463232040405e-01,1.757545918226242065e-01,-3.526181727647781372e-02,-9.838998317718505859e-02,5.000000000000000000e-01,-2.504101097583770752e-01,-9.206864982843399048e-02,2.951995730400085449e-01,6.724535673856735229e-02,1.142446771264076233e-01,4.342689812183380127e-01,1.498874872922897339e-01,2.046072483062744141e-01
-1.302699208259582520e+00,1.475437134504318237e-01,3.311959505081176758e-01,-6.410874426364898682e-02,1.520290970802307129e-03,-3.055711388587951660e-01,-9.500073790550231934e-01,-5.167128890752792358e-02,-3.822673857212066650e-01,5.782033205032348633e-01,1.308466196060180664e-01,-2.376434355974197388e-01,1.474811579100787640e-04,-5.688273813575506210e-03,1.785236448049545288e-01,-1.076326817274093628e-01,1.678564697504043579e-01,1.953500905074179173e-04,-1.460665613412857056e-01,5.000000000000000000e-01,-2.615116238594055176e-01,-8.680503070354461670e-02,2.725466191768646240e-01,4.174225404858589172e-02,1.041471436619758606e-01,4.213930368423461914e-01,1.728774756193161011e-01,1.929028332233428955e-01
-1.299730539321899414e+00,1.514545828104019165e-01,3.296328186988830566e-01,-5.248333141207695007e-02,7.000971119850873947e-03,-2.900831103324890137e-01,-9.555355906486511230e-01,-4.460200667381286621e-02,-4.060249030590057373e-01,4.672164916992187500e-01,1.151228249073028564e-01,-2.279210537672042847e-01,2.565751783549785614e-04,2.324455045163631439e-02,1.723804026842117310e-01,-8.525064587593078613e-02,1.587206572294235229e-01,4.797478392720222473e-02,-2.078150063753128052e-01,5.000000000000000000e-01,-2.700363397598266602e-01,-8.085783571004867554e-02,2.496558725833892822e-01,1.596897281706333160e-02,9.176786243915557861e-02,4.054337143898010254e-01,2.047586292028427124e-01,1.700803041458129883e-01
-1.295570969581604004e+00,1.568223983049392700e-01,3.276134431362152100e-01,-4.024883359670639038e-02,1.463424880057573318e-02,-2.717021405696868896e-01,-9.614279866218566895e-01,-3.186358511447906494e-02,-4.002951085567474365e-01,2.452472746372222900e-01,9.878917038440704346e-02,-2.134636193513870239e-01,7.471468416042625904e-04,5.596356838941574097e-02,1.719187349081039429e-01,-6.131016463041305542e-02,1.466922014951705933e-01,9.869050234556198120e-02,-2.859491705894470215e-01,5.000000000000000000e-01,-2.735228240489959717e-01,-7.680766284465789795e-02,2.188096791505813599e-01,-9.005069732666015625e-03,7.869496196508407593e-02,3.796249628067016602e-01,2.447701692581176758e-01,1.308825314044952393e-01
-1.290159225463867188e+00,1.635569930076599121e-01,3.251074552536010742e-01,-3.043629042804241180e-02,2.401446923613548279e-02,-2.454221546649932861e-01,-9.686407446861267090e-01,-7.247325964272022247e-03,-3.854458332061767578e-01,3.957244916819036007e-04,8.401898294687271118e-02,-1.993448734283447266e-01,1.181761547923088074e-02,8.756063133478164673e-02,1.765617281198501587e-01,-2.416247315704822540e-02,1.449807137250900269e-01,1.542093604803085327e-01,-3.814142644405364990e-01,5.000000000000000000e-01,-2.766343057155609131e-01,-7.649785280227661133e-02,1.867127716541290283e-01,-3.428037092089653015e-02,6.657828390598297119e-02,3.386804461479187012e-01,3.046270608901977539e-01,7.337794452905654907e-02
-1.283237814903259277e+00,1.706765592098236084e-01,3.218636512756347656e-01,-2.142907306551933289e-02,3.441723063588142395e-02,-2.115497142076492310e-01,-9.765259623527526855e-01,4.030378162860870361e-02,-4.513962566852569580e-01,3.618271302530684801e-17,6.798526644706726074e-02,-1.845255345106124878e-01,3.063968196511268616e-02,1.216636821627616882e-01,1.822876483201980591e-01,2.963103353977203369e-02,1.626214385032653809e-01,2.103588134050369263e-01,-4.767230451107025146e-01,5.000000000000000000e-01,-2.965526580810546875e-01,-8.051858842372894287e-02,2.040326446294784546e-01,-6.548425555229187012e-02,5.610371008515357971e-02,2.992800474166870117e-01,4.449474215507507324e-01,2.932448126375675201e-02
-1.274754405021667480e+00,1.783680319786071777e-01,3.194712102413177490e-01,-1.398092322051525116e-02,3.607336431741714478e-02,-1.867648810148239136e-01,-9.816425442695617676e-01,7.436054199934005737e-02,-4.785303771495819092e-01,5.573456940598594958e-18,6.935191899538040161e-02,-1.788659691810607910e-01,6.376574933528900146e-02,1.475722640752792358e-01,1.795295327901840210e-01,6.291709095239639282e-02,1.813041269779205322e-01,2.465768158435821533e-01,-5.664030313491821289e-01,5.000000000000000000e-01,-3.478189706802368164e-01,-8.984144777059555054e-02,4.486468434333801270e-01,-9.359995275735855103e-02,4.836945235729217529e-02,2.654457688331604004e-01,9.438552260398864746e-01,-4.269993863999843597e-03
-1.265794277191162109e+00,1.861447840929031372e-01,3.165237307548522949e-01,-8.198520168662071228e-03,2.831576950848102570e-02,-1.752590239048004150e-01,-9.840809106826782227e-01,8.739271759986877441e-02,-4.294692873954772949e-01,-1.669117465489511321e-17,8.349242061376571655e-02,-1.970613151788711548e-01,1.239826008677482605e-01,1.435940116643905640e-01,1.665039658546447754e-01,6.071693822741508484e-02,1.915117651224136353e-01,2.518129050731658936e-01,-6.505053043365478516e-01,5.000000000000000000e-01,-3.043686151504516602e-01,-8.609691262245178223e-02,6.423378586769104004e-01,-1.141923367977142334e-01,1.768184080719947815e-02,2.432061880826950073e-01,1.489930152893066406e+00,-2.995423227548599243e-02
-1.253270745277404785e+00,1.963182538747787476e-01,3.169214427471160889e-01,-3.023360332008451223e-04,2.643623016774654388e-02,-1.689778864383697510e-01,-9.852651953697204590e-01,9.356626868247985840e-02,-3.591500818729400635e-01,-3.987561454793553709e-18,9.019106626510620117e-02,-1.791644841432571411e-01,1.566302776336669922e-01,1.368978619575500488e-01,1.428830325603485107e-01,1.205665338784456253e-02,2.063010782003402710e-01,2.403638213872909546e-01,-6.891168951988220215e-01,5.000000000000000000e-01,-1.862508952617645264e-01,-1.180864050984382629e-01,4.750418961048126221e-01,-1.529166251420974731e-01,-2.331656590104103088e-02,2.289782911539077759e-01,1.490000009536743164e+00,-2.999999932944774628e-02
-1.247649550437927246e+00,2.022336572408676147e-01,3.205606043338775635e-01,4.752374254167079926e-03,3.267877921462059021e-02,-1.671314835548400879e-01,-9.853814244270324707e-01,1.004369258880615234e-01,-3.087757825851440430e-01,1.139857448357971050e-17,9.091702103614807129e-02,-1.614678651094436646e-01,1.669304668903350830e-01,1.217535510659217834e-01,1.565286964178085327e-01,-3.651059418916702271e-02,1.859725117683410645e-01,2.128656953573226929e-01,-6.878685355186462402e-01,5.000000000000000000e-01,-1.126053407788276672e-01,-1.723515093326568604e-01,6.590360403060913086e-01,-1.437558531761169434e-01,-6.611891835927963257e-02,1.979841589927673340e-01,1.490000009536743164e+00,-2.999999932944774628e-02
-1.247101306915283203e+00,2.041223496198654175e-01,3.229492604732513428e-01,8.355762809514999390e-03,3.208706900477409363e-02,-1.683353781700134277e-01,-9.851719737052917480e-01,1.049014702439308167e-01,-3.027561306953430176e-01,8.116071177243693122e-18,8.233477175235748291e-02,-1.802253574132919312e-01,1.904958486557006836e-01,7.499277591705322266e-02,1.910911202430725098e-01,-7.676333934068679810e-02,1.163683608174324036e-01,1.406336724758148193e-01,-6.214144229888916016e-01,5.000000000000000000e-01,3.614186123013496399e-02,-1.800000071525573730e-01,9.745042324066162109e-01,-1.138675957918167114e-01,-1.442417800426483154e-01,1.954749971628189087e-01,1.490000009536743164e+00,-2.999999932944774628e-02
-1.244489312171936035e+00,2.058225721120834351e-01,3.265125453472137451e-01,5.108323879539966583e-03,3.591694310307502747e-02,-1.685323566198348999e-01,-9.850282669067382812e-01,1.019788756966590881e-01,-2.773248553276062012e-01,1.332650315561598769e-18,8.835912495851516724e-02,-2.123582214117050171e-01,2.627662420272827148e-01,5.776613950729370117e-02,2.399959266185760498e-01,-1.303503662347793579e-01,1.054843794554471970e-02,5.775865539908409119e-02,-4.980414211750030518e-01,4.999993443489074707e-01,1.202683597803115845e-01,-1.800000071525573730e-01,9.728392958641052246e-01,-6.557629257440567017e-02,-1.799944192171096802e-01,1.691128313541412354e-01,7.709954380989074707e-01,-2.999999932944774628e-02
-1.233467340469360352e+00,2.091811746358871460e-01,3.280896246433258057e-01,-4.481499083340167999e-03,3.191424161195755005e-02,-1.627700328826904297e-01,-9.861375689506530762e-01,9.174134582281112671e-02,-2.412259280681610107e-01,8.511423805374637806e-18,1.165543869137763977e-01,-2.499225735664367676e-01,3.449455499649047852e-01,5.481415987014770508e-02,2.399999946355819702e-01,-1.702091842889785767e-01,-2.128573507070541382e-02,-3.625679388642311096e-02,-3.510255515575408936e-01,3.831340968608856201e-01,2.755060195922851562e-01,-1.800000071525573730e-01,7.531516551971435547e-01,-7.585452497005462646e-02,-1.799111217260360718e-01,1.375505477190017700e-01,4.995234608650207520e-01,-2.999999932944774628e-02
-1.219617605209350586e+00,2.120584398508071899e-01,3.281610012054443359e-01,-1.841328851878643036e-02,3.212393820285797119e-02,-1.596355587244033813e-01,-9.864813685417175293e-01,8.089253306388854980e-02,-1.853820681571960449e-01,-5.518894246238219009e-19,1.478035449981689453e-01,-3.412202596664428711e-01,5.383069515228271484e-01,3.224718570709228516e-02,2.399999946355819702e-01,-1.954451352357864380e-01,-3.430636599659919739e-02,-1.129289641976356506e-01,-2.331400513648986816e-01,2.729849815368652344e-01,3.470622599124908447e-01,-1.800000071525573730e-01,6.025039553642272949e-01,-8.860783278942108154e-02,-1.799729764461517334e-01,7.931131124496459961e-02,5.113638043403625488e-01,-2.999999932944774628e-02
-1.206920027732849121e+00,2.130277156829833984e-01,3.270331621170043945e-01,-3.117921575903892517e-02,3.487907722592353821e-02,-1.555950045585632324e-01,-9.867124557495117188e-01,7.932715117931365967e-02,-1.247343719005584717e-01,5.881706209456786998e-18,1.727422922849655151e-01,-4.161772131919860840e-01,7.179387211799621582e-01,1.735855452716350555e-02,2.351109832525253296e-01,-2.161470800638198853e-01,-4.440383985638618469e-02,-1.412779092788696289e-01,-1.373393535614013672e-01,2.063752710819244385e-01,3.334063589572906494e-01,-1.800000071525573730e-01,4.833019375801086426e-01,-1.063977777957916260e-01,-1.800000071525573730e-01,1.537293009459972382e-02,5.050951838493347168e-01,-2.999999932944774628e-02
-1.195920109748840332e+00,2.118290364742279053e-01,3.239506185054779053e-01,-4.244420304894447327e-02,4.021992906928062439e-02,-1.481535881757736206e-01,-9.872341752052307129e-01,8.618158102035522461e-02,-6.939994543790817261e-02,2.998767304234206676e-04,1.857716292142868042e-01,-4.536074399948120117e-01,7.343739867210388184e-01,1.624174416065216064e-02,2.345568537712097168e-01,-2.224223762750625610e-01,-5.777374282479286194e-02,-1.311516165733337402e-01,-6.424577534198760986e-02,1.599082499742507935e-01,2.675448656082153320e-01,-1.800000071525573730e-01,4.224308133125305176e-01,-1.217790246009826660e-01,-1.800000071525573730e-01,-3.500098735094070435e-02,3.797698616981506348e-01,-5.817029625177383423e-03
-1.182868123054504395e+00,2.097217887639999390e-01,3.195465207099914551e-01,-5.093099176883697510e-02,4.889303073287010193e-02,-1.406325101852416992e-01,-9.875413775444030762e-01,1.042364165186882019e-01,-2.127948217093944550e-02,1.501197088509798050e-02,1.901249438524246216e-01,-4.507148861885070801e-01,5.198054909706115723e-01,1.827326230704784393e-02,2.336350381374359131e-01,-2.226220220327377319e-01,-7.165810465812683105e-02,-1.169125586748123169e-01,-3.867184510454535484e-03,1.341408342123031616e-01,1.851530224084854126e-01,-1.800000071525573730e-01,4.187478423118591309e-01,-1.452490240335464478e-01,-1.800000071525573730e-01,-6.109526380896568298e-02,3.184949755668640137e-01,7.750178128480911255e-02
-1.165696024894714355e+00,2.075687050819396973e-01,3.148650527000427246e-01,-6.400415301322937012e-02,5.838704481720924377e-02,-1.422331035137176514e-01,-9.860345721244812012e-01,1.147359162569046021e-01,3.036864846944808960e-02,4.009297490119934082e-02,2.123384177684783936e-01,-4.579901397228240967e-01,2.536271214485168457e-01,1.324801146984100342e-02,2.322101444005966187e-01,-2.537806928157806396e-01,-8.490233123302459717e-02,-1.244865655899047852e-01,5.603715032339096069e-02,1.146651953458786011e-01,1.145655736327171326e-01,-1.800000071525573730e-01,3.946255445480346680e-01,-1.442534178495407104e-01,-1.800000071525573730e-01,-9.431544691324234009e-02,2.683244943618774414e-01,2.570365071296691895e-01
-1.145166277885437012e+00,2.081731408834457397e-01,3.097443282604217529e-01,-7.010127604007720947e-02,6.175373494625091553e-02,-1.387899667024612427e-01,-9.859054684638977051e-01,1.392044126987457275e-01,7.818695157766342163e-02,7.291593402624130249e-02,2.225119471549987793e-01,-4.723281562328338623e-01,7.021065684966742992e-04,1.392732374370098114e-02,2.202033847570419312e-01,-3.037270903587341309e-01,-9.622416645288467407e-02,-1.698037683963775635e-01,1.412611305713653564e-01,1.115038171410560608e-01,1.596489734947681427e-02,-1.796949803829193115e-01,3.915130198001861572e-01,-1.695013940334320068e-01,-1.800000071525573730e-01,8.063943684101104736e-02,2.077489495277404785e-01,8.831465840339660645e-01
-1.124303936958312988e+00,2.084208577871322632e-01,3.032417297363281250e-01,-9.182631969451904297e-02,5.843809992074966431e-02,-1.295351237058639526e-01,-9.855828285217285156e-01,1.336226314306259155e-01,1.113307327032089233e-01,1.339483708143234253e-01,2.561818063259124756e-01,-4.796245396137237549e-01,-1.521468042254511030e-18,-3.664052858948707581e-02,2.188256978988647461e-01,-3.401446640491485596e-01,-1.192675381898880005e-01,-2.478334754705429077e-01,2.221449017524719238e-01,1.163225919008255005e-01,-7.498590648174285889e-02,-1.459148824214935303e-01,3.962381780147552490e-01,-1.622514873743057251e-01,-1.799944341182708740e-01,2.295422106981277466e-01,1.544671654701232910e-01,1.489999890327453613e+00
-1.106364011764526367e+00,2.047720551490783691e-01,3.021488487720489502e-01,-1.086656302213668823e-01,6.184699013829231262e-02,-1.150252223014831543e-01,-9.854623079299926758e-01,1.282972246408462524e-01,1.392099410295486450e-01,1.987874656915664673e-01,2.695563137531280518e-01,-3.527387380599975586e-01,9.059422154678031802e-05,-6.162430346012115479e-02,1.934571564197540283e-01,-3.166565895080566406e-01,-1.180048435926437378e-01,-2.710682451725006104e-01,2.513277530670166016e-01,1.074899658560752869e-01,-1.413682550191879272e-01,-1.417913734912872314e-01,3.313050866127014160e-01,-1.130630895495414734e-01,-1.512190401554107666e-01,2.801487445831298828e-01,1.102579459547996521e-01,1.490000009536743164e+00
-1.100752353668212891e+00,2.018157094717025757e-01,3.053587973117828369e-01,-1.247045919299125671e-01,7.094065099954605103e-02,-1.013272330164909363e-01,-9.844536185264587402e-01,9.238868206739425659e-02,1.293618977069854736e-01,2.173209786415100098e-01,2.803018987178802490e-01,-2.978109717369079590e-01,2.070139162242412567e-02,-6.263682991266250610e-02,2.042075395584106445e-01,-2.840230762958526611e-01,-1.453124433755874634e-01,-2.573899328708648682e-01,2.496963888406753540e-01,1.128246262669563293e-01,-1.318543106317520142e-01,-1.548366248607635498e-01,2.628841996192932129e-01,-8.543848246335983276e-02,-1.035818755626678467e-01,7.724678516387939453e-01,1.204903125762939453e-01,1.490000009536743164e+00
-1.095752239227294922e+00,2.007392197847366333e-01,3.105406761169433594e-01,-1.332629919052124023e-01,6.975149363279342651e-02,-8.890692889690399170e-02,-9.846172928810119629e-01,4.932827502489089966e-02,9.761519730091094971e-02,2.270803600549697876e-01,2.850268483161926270e-01,-3.011097013950347900e-01,6.322107464075088501e-02,-6.193131208419799805e-02,2.238933295011520386e-01,-2.126992493867874146e-01,-1.871804296970367432e-01,-2.346532046794891357e-01,1.893898546695709229e-01,9.915658086538314819e-02,-8.528583496809005737e-02,-1.623030453920364380e-01,2.055066376924514771e-01,-1.895757019519805908e-02,1.486675161868333817e-02,1.006002306938171387e+00,1.659811884164810181e-01,9.893842339515686035e-01
-1.082864999771118164e+00,2.010514736175537109e-01,3.158000111579895020e-01,-1.299443542957305908e-01,5.960889533162117004e-02,-7.165626436471939087e-02,-9.871305227279663086e-01,3.919531777501106262e-02,9.012434631586074829e-02,1.984235495328903198e-01,2.667869627475738525e-01,-2.972171306610107422e-01,7.535129040479660034e-02,-7.981484383344650269e-02,2.202953994274139404e-01,-1.228713393211364746e-01,-2.130303382873535156e-01,-2.204595655202865601e-01,9.651928395032882690e-02,7.071769982576370239e-02,-8.101011067628860474e-02,-1.317455470561981201e-01,1.671834290027618408e-01,1.052147448062896729e-01,1.321986913681030273e-01,9.118452072143554688e-01,2.036234438419342041e-01,6.707897186279296875e-01
-1.067345857620239258e+00,2.004900276660919189e-01,3.206673860549926758e-01,-1.252856999635696411e-01,4.511133208870887756e-02,-5.292865633964538574e-02,-9.896802902221679688e-01,2.832214906811714172e-02,2.256164886057376862e-02,2.665653824806213379e-01,2.480244934558868408e-01,-2.720366120338439941e-01,5.228530243039131165e-02,-9.116847068071365356e-02,2.029061168432235718e-01,-6.663373112678527832e-02,-2.622512578964233398e-01,-2.343883067369461060e-01,1.232947409152984619e-02,6.950013339519500732e-02,-1.029127985239028931e-01,-9.520522505044937134e-02,1.458113789558410645e-01,2.464300692081451416e-01,1.893105357885360718e-01,7.109361886978149414e-01,2.356164753437042236e-01,5.449693202972412109e-01
-1.052248001098632812e+00,1.991880983114242554e-01,3.244887590408325195e-01,-1.129302456974983215e-01,3.229103237390518188e-02,-3.701532632112503052e-02,-9.923880100250244141e-01,2.561325393617153168e-02,-1.038191765546798706e-01,4.319748580455780029e-01,2.225370407104492188e-01,-2.451298832893371582e-01,2.722000144422054291e-02,-6.684313714504241943e-02,1.799288690090179443e-01,-4.108109325170516968e-02,-3.088477849960327148e-01,-2.469650208950042725e-01,-6.339082121849060059e-02,8.463938534259796143e-02,-1.264943778514862061e-01,-7.689510285854339600e-02,1.158126890659332275e-01,3.357865214347839355e-01,2.238150984048843384e-01,5.156487822532653809e-01,2.666216492652893066e-01,5.018296837806701660e-01
-1.039041519165039062e+00,1.981729269027709961e-01,3.263629674911499023e-01,-9.760899841785430908e-02,2.337122522294521332e-02,-2.150254324078559875e-02,-9.947180151939392090e-01,1.345720980316400528e-02,-2.384772449731826782e-01,5.944851040840148926e-01,1.947984248399734497e-01,-2.133082896471023560e-01,1.383736915886402130e-02,-2.281892113387584686e-02,1.657493561506271362e-01,-2.247400209307670593e-02,-3.458306193351745605e-01,-2.614746391773223877e-01,-9.862035512924194336e-02,1.050975099205970764e-01,-1.297391355037689209e-01,-7.327785342931747437e-02,7.046014815568923950e-02,3.747370243072509766e-01,2.555663585662841797e-01,3.446032702922821045e-01,3.133057355880737305e-01,4.565339088439941406e-01
-1.027888417243957520e+00,1.980186551809310913e-01,3.266580402851104736e-01,-8.267727494239807129e-02,1.910743489861488342e-02,-1.841552089899778366e-03,-9.963914752006530762e-01,-1.907014846801757812e-02,-3.619123399257659912e-01,6.507102847099304199e-01,1.722970306873321533e-01,-2.000624835491180420e-01,3.632556274533271790e-02,2.274448424577713013e-02,1.676058322191238403e-01,1.738713472150266171e-04,-3.689203560352325439e-01,-2.683339715003967285e-01,-8.288042992353439331e-02,1.210005357861518860e-01,-1.001283153891563416e-01,-6.933569163084030151e-02,2.898236270993947983e-03,3.275572657585144043e-01,2.406727522611618042e-01,2.710686624050140381e-01,3.817171752452850342e-01,2.002657800912857056e-01
-1.014636397361755371e+00,2.002219110727310181e-01,3.257682025432586670e-01,-6.683921068906784058e-02,1.451269350945949554e-02,2.492225356400012970e-02,-9.973468780517578125e-01,-5.319321900606155396e-02,-4.279832541942596436e-01,5.207543969154357910e-01,1.545343399047851562e-01,-1.923968493938446045e-01,6.539956480264663696e-02,7.526929676532745361e-02,1.579682230949401855e-01,2.015071921050548553e-02,-3.544278442859649658e-01,-2.687506079673767090e-01,-9.311826899647712708e-03,1.263410300016403198e-01,-8.632732927799224854e-02,-7.183362543582916260e-02,-5.131299421191215515e-02,2.717418968677520752e-01,2.227147817611694336e-01,2.764966189861297607e-01,4.777618050575256348e-01,1.295748800039291382e-01
-9.996284246444702148e-01,2.021352499723434448e-01,3.231411874294281006e-01,-5.948724225163459778e-02,1.300074998289346695e-02,5.609529465436935425e-02,-9.965668916702270508e-01,-8.356362581253051758e-02,-4.545572698116302490e-01,2.790091037750244141e-01,1.554012596607208252e-01,-1.785431355237960815e-01,9.461704641580581665e-02,1.176471337676048279e-01,1.404625624418258667e-01,5.255418643355369568e-02,-3.179046213626861572e-01,-2.519018650054931641e-01,6.517205387353897095e-02,1.369206160306930542e-01,-1.560876071453094482e-01,-8.098838478326797485e-02,5.979109182953834534e-02,1.978919804096221924e-01,2.043354660272598267e-01,2.756485044956207275e-01,6.732298135757446289e-01,8.882703632116317749e-02
-9.832140803337097168e-01,2.032126039266586304e-01,3.178869187831878662e-01,-4.708409681916236877e-02,1.507116109132766724e-02,9.441397339105606079e-02,-9.943047761917114258e-01,-6.390059739351272583e-02,-4.644249081611633301e-01,4.350726796518121497e-14,1.464518904685974121e-01,-1.525831967592239380e-01,1.069881990551948547e-01,1.570249497890472412e-01,1.379973292350769043e-01,1.252613067626953125e-01,-2.733188271522521973e-01,-2.055256962776184082e-01,9.852129220962524414e-02,1.391260772943496704e-01,-2.319786101579666138e-01,-9.122593700885772705e-02,4.116826653480529785e-01,1.297577619552612305e-01,1.907908171415328979e-01,2.490288019180297852e-01,1.250488519668579102e+00,4.326857626438140869e-02
-9.610125422477722168e-01,2.058388441801071167e-01,3.125032782554626465e-01,-3.269692510366439819e-02,1.264565158635377884e-02,1.327593177556991577e-01,-9.905281066894531250e-01,-2.450263872742652893e-02,-5.485435724258422852e-01,7.805435078727979321e-18,1.364868432283401489e-01,-1.514412164688110352e-01,1.847340315580368042e-01,1.521872729063034058e-01,1.099391803145408630e-01,1.545952111482620239e-01,-2.393926829099655151e-01,-2.436826825141906738e-01,1.035666093230247498e-01,1.596457362174987793e-01,-1.339727938175201416e-01,-9.656773507595062256e-02,3.389719426631927490e-01,2.097705006599426270e-02,1.031127348542213440e-01,2.421500384807586670e-01,1.490000009536743164e+00,-1.461440231651067734e-03
-9.441578388214111328e-01,2.067221105098724365e-01,3.110449612140655518e-01,-1.617282815277576447e-02,2.108742296695709229e-02,1.450825184583663940e-01,-9.890626072883605957e-01,-1.588932611048221588e-02,-5.340971946716308594e-01,1.531507037040699595e-17,1.414441764354705811e-01,-1.126579269766807556e-01,2.434537410736083984e-01,1.521762013435363770e-01,9.582004696130752563e-02,1.502965241670608521e-01,-2.184926867485046387e-01,-2.562849223613739014e-01,9.154295921325683594e-02,1.859730035066604614e-01,-4.592159762978553772e-02,-1.522161811590194702e-01,3.501601815223693848e-01,-4.378817602992057800e-02,3.960666805505752563e-02,1.964212208986282349e-01,1.490000009536743164e+00,-1.814568974077701569e-02
-9.354370832443237305e-01,2.065076231956481934e-01,3.099894821643829346e-01,2.852327656000852585e-03,2.555481903254985809e-02,1.421196013689041138e-01,-9.895154833793640137e-01,8.987367153167724609e-03,-4.340052902698516846e-01,-5.634277876678393977e-18,1.255577057600021362e-01,-9.528930485248565674e-02,3.082560598850250244e-01,1.231024935841560364e-01,8.092420548200607300e-02,1.167489886283874512e-01,-2.209710478782653809e-01,-2.956942617893218994e-01,6.146611273288726807e-02,2.068586945533752441e-01,2.770414389669895172e-02,-1.800000071525573730e-01,5.639688372611999512e-01,-6.594114750623703003e-02,-5.602240934967994690e-02,1.472325026988983154e-01,1.490000009536743164e+00,-1.148777455091476440e-02
-9.280081391334533691e-01,2.050905078649520874e-01,3.109455108642578125e-01,1.586539112031459808e-02,2.060110308229923248e-02,1.421662122011184692e-01,-9.895012378692626953e-01,3.079557605087757111e-02,-3.819604814052581787e-01,-1.020391474799693752e-17,9.808884561061859131e-02,-1.101531088352203369e-01,3.344113528728485107e-01,7.747325301170349121e-02,7.680415362119674683e-02,8.515220880508422852e-02,-2.569579482078552246e-01,-3.376639187335968018e-01,2.867437712848186493e-02,2.177382260560989380e-01,9.945973008871078491e-02,-1.800000071525573730e-01,7.822366356849670410e-01,-4.971510916948318481e-02,-1.557728946208953857e-01,9.556947648525238037e-02,1.312780737876892090e+00,4.312868695706129074e-03
-9.168317914009094238e-01,2.012415081262588501e-01,3.162979185581207275e-01,8.958250284194946289e-03,1.718617789447307587e-02,1.366313397884368896e-01,-9.904323816299438477e-01,2.430691383779048920e-02,-3.490894138813018799e-01,-7.765153037257871980e-18,1.012703776359558105e-01,-1.402852535247802734e-01,3.622085452079772949e-01,3.483541682362556458e-02,7.896082848310470581e-02,3.558114543557167053e-02,-2.999735474586486816e-01,-3.619475364685058594e-01,1.468465756624937057e-02,2.298926115036010742e-01,1.938136667013168335e-01,-1.800000071525573730e-01,6.560708880424499512e-01,-3.369126841425895691e-02,-1.798742115497589111e-01,3.974261879920959473e-02,7.510423660278320312e-01,2.866173721849918365e-02
-9.001316428184509277e-01,1.938774138689041138e-01,3.209013044834136963e-01,-1.548580266535282135e-02,1.261827442795038223e-02,1.278814822435379028e-01,-9.915882945060729980e-01,-8.619445376098155975e-03,-3.232325613498687744e-01,1.280268793078948584e-17,1.365578770637512207e-01,-2.087037563323974609e-01,4.515623152256011963e-01,-2.506232261657714844e-02,8.269874006509780884e-02,-8.190363645553588867e-03,-3.511847853660583496e-01,-3.714424967765808105e-01,8.016256033442914486e-04,2.441544830799102783e-01,3.276817500591278076e-01,-1.800000071525573730e-01,4.839655458927154541e-01,-3.378247469663619995e-02,-1.799695640802383423e-01,-9.850626811385154724e-03,5.712125897407531738e-01,4.236210510134696960e-02
-8.832531571388244629e-01,1.855363994836807251e-01,3.238452374935150146e-01,-3.742627054452896118e-02,1.891395822167396545e-02,1.169560030102729797e-01,-9.922513961791992188e-01,-3.431726619601249695e-02,-2.634834349155426025e-01,-1.254978573030752316e-17,1.843185573816299438e-01,-3.078648149967193604e-01,6.178599596023559570e-01,-6.560548394918441772e-02,1.143326237797737122e-01,-6.389974802732467651e-02,-3.910302519798278809e-01,-3.816523253917694092e-01,-9.550334885716438293e-03,2.516446411609649658e-01,3.879681527614593506e-01,-1.800000071525573730e-01,3.976304233074188232e-01,-3.544791042804718018e-02,-1.800000071525573730e-01,-4.823428764939308167e-02,5.215356945991516113e-01,6.496402621269226074e-02
-8.684296011924743652e-01,1.775376945734024048e-01,3.259026706218719482e-01,-4.119073227047920227e-02,2.602191269397735596e-02,1.119918823242187500e-01,-9.925139546394348145e-01,-1.913858577609062195e-02,-1.943748593330383301e-01,-6.643750071084020232e-18,2.097790092229843140e-01,-3.964438736438751221e-01,7.931920886039733887e-01,-5.273306742310523987e-02,1.452339291572570801e-01,-1.100038886070251465e-01,-4.073276519775390625e-01,-3.850893974304199219e-01,-7.415697444230318069e-03,2.485749870538711548e-01,3.858757317066192627e-01,-1.800000071525573730e-01,3.283176720142364502e-01,-4.421644657850265503e-02,-1.800000071525573730e-01,-7.797999680042266846e-02,5.006394982337951660e-01,9.369880706071853638e-02
-8.564180731773376465e-01,1.708714514970779419e-01,3.263486325740814209e-01,-3.388803079724311829e-02,3.930051252245903015e-02,1.163463965058326721e-01,-9.918521046638488770e-01,2.146476320922374725e-02,-1.154169961810112000e-01,1.976229815954779852e-18,2.263073474168777466e-01,-4.195066094398498535e-01,8.429611921310424805e-01,-6.751169916242361069e-03,1.863177120685577393e-01,-1.490449756383895874e-01,-4.108182191848754883e-01,-3.832403719425201416e-01,1.628178171813488007e-02,2.543143928050994873e-01,3.657308220863342285e-01,-1.800000071525573730e-01,2.532550096511840820e-01,-4.615652561187744141e-02,-1.800000071525573730e-01,-1.004654020071029663e-01,3.958197832107543945e-01,1.501144021749496460e-01
-8.457588553428649902e-01,1.631023734807968140e-01,3.240101635456085205e-01,-3.129152581095695496e-02,4.686626791954040527e-02,1.228541359305381775e-01,-9.908235073089599609e-01,5.498201400041580200e-02,-6.576254218816757202e-02,1.208926551043987274e-02,2.317321896553039551e-01,-4.493984878063201904e-01,7.376511693000793457e-01,1.434667035937309265e-02,1.960164010524749756e-01,-1.558427661657333374e-01,-3.891972005367279053e-01,-3.699172139167785645e-01,5.060344189405441284e-02,2.608645260334014893e-01,2.973493933677673340e-01,-1.800000071525573730e-01,2.550042271614074707e-01,-6.228985637426376343e-02,-1.800000071525573730e-01,-1.185883954167366028e-01,3.294847607612609863e-01,2.344455868005752563e-01
-8.342777490615844727e-01,1.528740972280502319e-01,3.202091157436370850e-01,-3.209130465984344482e-02,5.574319511651992798e-02,1.264928132295608521e-01,-9.898800253868103027e-01,8.724506944417953491e-02,-1.969823986291885376e-02,3.666630014777183533e-02,2.261881083250045776e-01,-4.574386179447174072e-01,5.045592784881591797e-01,2.440571971237659454e-02,1.976130902767181396e-01,-1.605682224035263062e-01,-3.605506420135498047e-01,-3.556548953056335449e-01,8.009407669305801392e-02,2.781609594821929932e-01,2.167029678821563721e-01,-1.800000071525573730e-01,2.624748051166534424e-01,-7.088568061590194702e-02,-1.800000071525573730e-01,-1.097760200500488281e-01,2.838570773601531982e-01,4.232971370220184326e-01
-8.197525143623352051e-01,1.416307985782623291e-01,3.152652382850646973e-01,-3.353856131434440613e-02,5.809257552027702332e-02,1.197552904486656189e-01,-9.905347228050231934e-01,1.199853345751762390e-01,1.041682157665491104e-02,7.508804649114608765e-02,2.203230410814285278e-01,-4.676111042499542236e-01,2.194530218839645386e-01,3.314438462257385254e-02,1.880821287631988525e-01,-2.061983942985534668e-01,-3.357365429401397705e-01,-3.576614260673522949e-01,1.083744317293167114e-01,3.026440441608428955e-01,1.307401359081268311e-01,-1.800000071525573730e-01,2.789565324783325195e-01,-6.420869380235671997e-02,-1.800000071525573730e-01,9.335028007626533508e-03,2.470941394567489624e-01,9.284142255783081055e-01
-8.051612973213195801e-01,1.311331391334533691e-01,3.088462352752685547e-01,-4.178488999605178833e-02,5.640583112835884094e-02,1.083395108580589294e-01,-9.916324615478515625e-01,1.384339779615402222e-01,2.047274447977542877e-02,1.206584870815277100e-01,2.336192131042480469e-01,-4.931776821613311768e-01,1.538784854346886277e-04,1.845752820372581482e-02,1.796128898859024048e-01,-2.691563963890075684e-01,-3.082733154296875000e-01,-3.816862702369689941e-01,1.330984979867935181e-01,3.116885423660278320e-01,4.794465005397796631e-02,-1.796602308750152588e-01,3.033044934272766113e-01,-4.349536821246147156e-02,-1.800000071525573730e-01,2.032287418842315674e-01,2.170190960168838501e-01,1.487787365913391113e+00
-7.904937863349914551e-01,1.175549402832984924e-01,3.045304119586944580e-01,-6.586562097072601318e-02,7.668214291334152222e-02,1.123865246772766113e-01,-9.885094165802001953e-01,1.379870772361755371e-01,9.129039198160171509e-02,1.593053936958312988e-01,2.681244909763336182e-01,-4.929946660995483398e-01,-7.938621083516367413e-18,-5.076643452048301697e-02,1.845155805349349976e-01,-2.557533085346221924e-01,-2.564963102340698242e-01,-3.830736875534057617e-01,1.243526190519332886e-01,3.073898553848266602e-01,-4.166717082262039185e-02,-1.468414068222045898e-01,2.776789367198944092e-01,-7.671959698200225830e-02,-1.676427274942398071e-01,2.943407297134399414e-01,1.817816644906997681e-01,1.490000009536743164e+00
-7.841424942016601562e-01,1.083643585443496704e-01,3.025578260421752930e-01,-9.900435060262680054e-02,1.062298640608787537e-01,1.162402033805847168e-01,-9.825485348701477051e-01,1.099771335721015930e-01,1.508426815271377563e-01,2.085495740175247192e-01,3.299135565757751465e-01,-3.862678408622741699e-01,1.489197165938094258e-04,-1.076550111174583435e-01,2.140383571386337280e-01,-2.523952722549438477e-01,-2.285124212503433228e-01,-3.651364147663116455e-01,1.183426380157470703e-01,3.091542124748229980e-01,-9.586173295974731445e-02,-1.405580937862396240e-01,2.606011927127838135e-01,-5.939850583672523499e-02,-1.062020361423492432e-01,5.987668037414550781e-01,1.736404150724411011e-01,1.489994049072265625e+00
-7.800664305686950684e-01,1.001076027750968933e-01,3.023990392684936523e-01,-1.247411444783210754e-01,1.248014122247695923e-01,1.189326867461204529e-01,-9.770973920822143555e-01,7.519852370023727417e-02,1.713646203279495239e-01,2.359506487846374512e-01,3.672379851341247559e-01,-3.013646900653839111e-01,4.853440821170806885e-02,-1.502826213836669922e-01,2.345025986433029175e-01,-2.310307472944259644e-01,-2.154316306114196777e-01,-3.298540711402893066e-01,1.005646809935569763e-01,3.023069202899932861e-01,-1.170208752155303955e-01,-1.328889727592468262e-01,2.346539646387100220e-01,-4.818513244390487671e-02,-1.617577672004699707e-02,8.222296237945556641e-01,1.902351826429367065e-01,1.112681865692138672e+00
-7.724829316139221191e-01,9.206019341945648193e-02,3.051778972148895264e-01,-1.401606053113937378e-01,1.229591816663742065e-01,1.284315586090087891e-01,-9.740335345268249512e-01,4.098436608910560608e-02,1.628057211637496948e-01,2.133341282606124878e-01,3.728411197662353516e-01,-2.900484800338745117e-01,1.028709262609481812e-01,-1.765140742063522339e-01,2.315511554479598999e-01,-1.764596551656723022e-01,-2.168588638305664062e-01,-2.833592593669891357e-01,5.987781658768653870e-02,2.768861949443817139e-01,-1.181015074253082275e-01,-1.183342337608337402e-01,1.955221295356750488e-01,2.791673131287097931e-02,1.139690726995468140e-01,8.031905293464660645e-01,2.182333916425704956e-01,6.889134049415588379e-01
-7.609088420867919922e-01,8.360960334539413452e-02,3.097610175609588623e-01,-1.404373645782470703e-01,1.049998849630355835e-01,1.501915454864501953e-01,-9.729824662208557129e-01,2.483588084578514099e-02,1.298806667327880859e-01,1.874342560768127441e-01,3.396431803703308105e-01,-2.891162335872650146e-01,9.692814946174621582e-02,-1.704524904489517212e-01,2.161090224981307983e-01,-1.015888750553131104e-01,-2.509438395500183105e-01,-2.223771661520004272e-01,5.172715522348880768e-03,2.473658621311187744e-01,-1.093324869871139526e-01,-9.875105321407318115e-02,1.536177694797515869e-01,1.715436428785324097e-01,2.321278750896453857e-01,6.805586814880371094e-01,2.437068819999694824e-01,5.483759045600891113e-01
-7.485667467117309570e-01,7.386657595634460449e-02,3.150779604911804199e-01,-1.295082718133926392e-01,8.503840118646621704e-02,1.731193810701370239e-01,-9.726385474205017090e-01,2.507098577916622162e-02,4.882273823022842407e-02,2.465363442897796631e-01,2.878493368625640869e-01,-2.676645815372467041e-01,5.759853497147560120e-02,-1.318928301334381104e-01,2.010014951229095459e-01,-6.895412504673004150e-02,-2.934249639511108398e-01,-1.939224898815155029e-01,-2.478363458067178726e-03,2.195065617561340332e-01,-1.177676245570182800e-01,-7.941424846649169922e-02,1.250645518302917480e-01,3.174313902854919434e-01,2.836042344570159912e-01,4.772533476352691650e-01,2.626358568668365479e-01,4.444846808910369873e-01
-7.359920144081115723e-01,6.360850483179092407e-02,3.196390569210052490e-01,-1.147274374961853027e-01,6.586433947086334229e-02,1.921388059854507446e-01,-9.724105000495910645e-01,1.786640286445617676e-02,-7.404098659753799438e-02,3.898733854293823242e-01,2.396563440561294556e-01,-2.370804697275161743e-01,1.640496589243412018e-02,-1.030291393399238586e-01,1.808939725160598755e-01,-2.144775353372097015e-02,-3.155212700366973877e-01,-1.853044778108596802e-01,-2.489802800118923187e-02,1.840820610523223877e-01,-1.354476511478424072e-01,-4.340026527643203735e-02,9.952124953269958496e-02,3.488312065601348877e-01,3.069276809692382812e-01,3.375912606716156006e-01,2.906012833118438721e-01,4.334865510463714600e-01
-7.260808348655700684e-01,5.555443838238716125e-02,3.233753442764282227e-01,-1.079964861273765564e-01,4.891813546419143677e-02,2.082241326570510864e-01,-9.708689451217651367e-01,-3.371425345540046692e-02,-2.048934847116470337e-01,5.228850841522216797e-01,2.156018465757369995e-01,-2.271729856729507446e-01,8.052692748606204987e-03,-6.658851355314254761e-02,1.668872237205505371e-01,-4.219458904117345810e-03,-3.371331095695495605e-01,-1.915469616651535034e-01,-2.833890914916992188e-02,1.653307080268859863e-01,-1.310765892267227173e-01,-3.247123956680297852e-02,6.561980396509170532e-02,3.289188146591186523e-01,3.100982606410980225e-01,2.401322275400161743e-01,3.428424000740051270e-01,2.260804921388626099e-01
-7.154902815818786621e-01,4.900740459561347961e-02,3.251552581787109375e-01,-9.709542244672775269e-02,2.969627454876899719e-02,2.273071855306625366e-01,-9.685153961181640625e-01,-9.194856882095336914e-02,-3.355659544467926025e-01,5.864240527153015137e-01,1.859305351972579956e-01,-2.250016778707504272e-01,8.599889464676380157e-03,-1.458188518881797791e-02,1.354850828647613525e-01,8.988390676677227020e-03,-3.234328627586364746e-01,-2.093077600002288818e-01,-4.609077237546443939e-03,1.513260900974273682e-01,-1.254193037748336792e-01,-2.981445752084255219e-02,1.234983466565608978e-02,2.676747441291809082e-01,2.842452526092529297e-01,2.458520084619522095e-01,4.083375334739685059e-01,1.204443350434303284e-01
-7.034759521484375000e-01,4.351468011736869812e-02,3.253095149993896484e-01,-8.039096742868423462e-02,1.484653074294328690e-02,2.524348795413970947e-01,-9.641543030738830566e-01,-1.388225108385086060e-01,-4.194809496402740479e-01,5.150709748268127441e-01,1.543667167425155640e-01,-2.158725559711456299e-01,1.246569212526082993e-02,5.690850690007209778e-02,1.105190142989158630e-01,3.216087073087692261e-02,-3.087296485900878906e-01,-2.077440023422241211e-01,4.292137920856475830e-02,1.721930354833602905e-01,-1.382862925529479980e-01,-4.134285449981689453e-02,5.541096441447734833e-03,2.150340974330902100e-01,2.710128724575042725e-01,2.485372126102447510e-01,5.126848816871643066e-01,6.628979742527008057e-02
-6.902182102203369141e-01,3.793645650148391724e-02,3.224274516105651855e-01,-7.112395018339157104e-02,1.184528227895498276e-03,2.793818414211273193e-01,-9.575415253639221191e-01,-1.858935058116912842e-01,-4.845628440380096436e-01,3.507711589336395264e-01,1.401581019163131714e-01,-2.180965393781661987e-01,3.206251934170722961e-02,1.035741865634918213e-01,7.203330844640731812e-02,7.853484153747558594e-02,-2.725035846233367920e-01,-1.898758858442306519e-01,7.260604202747344971e-02,1.887672394514083862e-01,-2.079069763422012329e-01,-4.965020716190338135e-02,1.922620385885238647e-01,1.427274644374847412e-01,2.542805671691894531e-01,2.329108715057373047e-01,8.526828885078430176e-01,1.062033791095018387e-02
-6.741766929626464844e-01,3.306031599640846252e-02,3.174622356891632080e-01,-5.707037076354026794e-02,-5.365089746192097664e-04,3.093681037425994873e-01,-9.492281675338745117e-01,-1.986883133649826050e-01,-4.989074766635894775e-01,1.106605306267738342e-01,1.319696158170700073e-01,-1.953028142452239990e-01,6.214407831430435181e-02,1.105585992336273193e-01,7.656174153089523315e-02,1.121421381831169128e-01,-2.447368949651718140e-01,-1.903047114610671997e-01,8.328368514776229858e-02,1.864070594310760498e-01,-1.962387859821319580e-01,-5.630941689014434814e-02,4.710592031478881836e-01,7.778731733560562134e-02,1.911263763904571533e-01,2.290823757648468018e-01,1.452437520027160645e+00,-2.970593422651290894e-02
-6.549579501152038574e-01,2.463893592357635498e-02,3.132359981536865234e-01,-3.365929052233695984e-02,-3.365607117302715778e-04,3.384806811809539795e-01,-9.403710961341857910e-01,-1.584626436233520508e-01,-5.428069233894348145e-01,9.649265761413339249e-12,1.011106371879577637e-01,-1.657248735427856445e-01,1.106239184737205505e-01,1.101344749331474304e-01,5.773722752928733826e-02,1.383292973041534424e-01,-2.090538144111633301e-01,-2.251440733671188354e-01,8.108203858137130737e-02,1.981234103441238403e-01,-1.216418743133544922e-01,-9.554887562990188599e-02,3.926932513713836670e-01,-2.880368568003177643e-02,9.548629820346832275e-02,2.394304573535919189e-01,1.490000009536743164e+00,-2.999679930508136749e-02
-6.427628993988037109e-01,1.788221113383769989e-02,3.111984729766845703e-01,2.312891185283660889e-03,1.887701451778411865e-02,3.626427948474884033e-01,-9.317341446876525879e-01,-9.062121063470840454e-02,-5.471915602684020996e-01,-3.511557724321953764e-17,6.899981200695037842e-02,-1.000212728977203369e-01,1.641772687435150146e-01,1.231771036982536316e-01,1.038734689354896545e-01,1.677399277687072754e-01,-2.075097709894180298e-01,-2.522442340850830078e-01,7.214183360338211060e-02,2.157232612371444702e-01,-2.148178964853286743e-02,-1.637323349714279175e-01,5.174076557159423828e-01,-7.643108069896697998e-02,1.867880299687385559e-02,2.133919745683670044e-01,1.490000009536743164e+00,-2.999677695333957672e-02
-6.371534466743469238e-01,1.273569650948047638e-02,3.091202378273010254e-01,2.436184883117675781e-02,2.689914591610431671e-02,3.700293302536010742e-01,-9.283109307289123535e-01,-5.249757692217826843e-02,-5.042216181755065918e-01,-7.142658267281091003e-18,4.846413433551788330e-02,-8.391600102186203003e-02,2.369326502084732056e-01,8.400258421897888184e-02,1.328759044408798218e-01,1.661252975463867188e-01,-2.424314469099044800e-01,-3.147627711296081543e-01,3.118065185844898224e-02,2.315376698970794678e-01,8.153309673070907593e-02,-1.800000071525573730e-01,7.772350311279296875e-01,-7.172522693872451782e-02,-8.524051308631896973e-02,1.624372154474258423e-01,1.430958628654479980e+00,-2.999670244753360748e-02
-6.327825784683227539e-01,5.115903448313474655e-03,3.095374703407287598e-01,2.745847031474113464e-02,3.082123026251792908e-02,3.641472458839416504e-01,-9.304261803627014160e-01,-4.651519656181335449e-02,-4.133965075016021729e-01,-1.269204756077684307e-17,3.854689002037048340e-02,-9.918886423110961914e-02,3.100762069225311279e-01,3.297671675682067871e-02,1.283413022756576538e-01,1.331168115139007568e-01,-2.816908359527587891e-01,-3.792860209941864014e-01,-1.584993861615657806e-02,2.614975273609161377e-01,1.419914960861206055e-01,-1.800000071525573730e-01,7.062157392501831055e-01,-6.413970142602920532e-02,-1.666673421859741211e-01,9.541246294975280762e-02,7.918529510498046875e-01,-2.949039917439222336e-03
-6.239657998085021973e-01,-8.379672653973102570e-03,3.117925524711608887e-01,9.974663145840167999e-03,1.922591589391231537e-02,3.528402149677276611e-01,-9.354328513145446777e-01,-6.189294531941413879e-02,-3.924031257629394531e-01,6.745016003214599539e-18,4.047543928027153015e-02,-1.670456528663635254e-01,3.783238530158996582e-01,-1.400320697575807571e-02,8.280440419912338257e-02,1.006254032254219055e-01,-3.328323066234588623e-01,-4.142904579639434814e-01,-5.693326890468597412e-02,2.906899452209472656e-01,2.635986804962158203e-01,-1.800000071525573730e-01,4.865841269493103027e-01,-7.959910482168197632e-02,-1.798864454030990601e-01,2.948166616261005402e-02,5.311128497123718262e-01,1.232490316033363342e-02
-6.147196292877197266e-01,-2.425204031169414520e-02,3.147320747375488281e-01,-2.269295230507850647e-02,1.680147647857666016e-02,3.352959156036376953e-01,-9.416896700859069824e-01,-1.012620329856872559e-01,-3.786528110504150391e-01,1.491467855798437822e-17,8.341720700263977051e-02,-2.718472182750701904e-01,4.919586777687072754e-01,-7.596912980079650879e-02,6.269079446792602539e-02,3.990672901272773743e-02,-3.864159286022186279e-01,-4.428289532661437988e-01,-6.973546743392944336e-02,3.048804402351379395e-01,3.415605425834655762e-01,-1.800000071525573730e-01,3.784681260585784912e-01,-8.568610250949859619e-02,-1.799732744693756104e-01,-3.450580686330795288e-02,5.466722846031188965e-01,2.331745438277721405e-02
-6.070939898490905762e-01,-3.886058554053306580e-02,3.168453276157379150e-01,-4.380902275443077087e-02,2.668061293661594391e-02,3.170536160469055176e-01,-9.470195174217224121e-01,-1.242459863424301147e-01,-3.308070003986358643e-01,3.825573848256681747e-18,1.428474038839340210e-01,-3.963266015052795410e-01,6.710579395294189453e-01,-1.074125245213508606e-01,8.584149926900863647e-02,-3.240057080984115601e-02,-4.173579812049865723e-01,-4.574110209941864014e-01,-4.975517466664314270e-02,2.946507036685943604e-01,3.557736277580261230e-01,-1.800000071525573730e-01,3.167594075202941895e-01,-8.168864250183105469e-02,-1.800000071525573730e-01,-8.228788524866104126e-02,5.147081017494201660e-01,4.462612792849540710e-02
-6.006630659103393555e-01,-5.133781209588050842e-02,3.194079995155334473e-01,-3.452159464359283447e-02,4.969425499439239502e-02,3.058121502399444580e-01,-9.501671791076660156e-01,-9.066038578748703003e-02,-2.324084937572479248e-01,7.281546855212419668e-18,1.947913914918899536e-01,-4.114856123924255371e-01,8.108074665069580078e-01,-7.386557757854461670e-02,1.644874066114425659e-01,-8.976610004901885986e-02,-4.246584773063659668e-01,-4.457576572895050049e-01,1.825141720473766327e-02,2.691175639629364014e-01,3.503158390522003174e-01,-1.800000071525573730e-01,2.422091811895370483e-01,-6.780835241079330444e-02,-1.800000071525573730e-01,-1.020622402429580688e-01,4.181095659732818604e-01,8.906286209821701050e-02
-5.962390899658203125e-01,-6.200025975704193115e-02,3.184358477592468262e-01,-2.333997376263141632e-02,5.367079377174377441e-02,3.023439347743988037e-01,-9.514004588127136230e-01,-4.456421732902526855e-02,-1.780374497175216675e-01,1.030436978908255696e-04,2.361138612031936646e-01,-4.564192593097686768e-01,8.251337409019470215e-01,-3.801923245191574097e-02,1.762709319591522217e-01,-1.075696721673011780e-01,-4.035402238368988037e-01,-4.229064285755157471e-01,9.005557745695114136e-02,2.599950432777404785e-01,2.940016984939575195e-01,-1.800000071525573730e-01,2.406648397445678711e-01,-8.707123249769210815e-02,-1.800000071525573730e-01,-1.053010374307632446e-01,3.601746559143066406e-01,1.573251783847808838e-01
-5.918868184089660645e-01,-7.455454021692276001e-02,3.161197304725646973e-01,-1.654686778783798218e-02,6.448009610176086426e-02,2.987747490406036377e-01,-9.519990086555480957e-01,-3.782958956435322762e-03,-1.307299137115478516e-01,1.685674116015434265e-02,2.820516526699066162e-01,-4.464042186737060547e-01,6.413996815681457520e-01,-1.984731853008270264e-02,1.902779340744018555e-01,-1.124482601881027222e-01,-3.805037140846252441e-01,-4.030380547046661377e-01,1.430767625570297241e-01,2.650997638702392578e-01,2.399739474058151245e-01,-1.800000071525573730e-01,2.323201745748519897e-01,-9.421576559543609619e-02,-1.800000071525573730e-01,-1.067396253347396851e-01,3.252391517162322998e-01,2.840435802936553955e-01
-5.866805315017700195e-01,-8.980230242013931274e-02,3.133051693439483643e-01,-1.257384195923805237e-02,7.078929990530014038e-02,2.910924553871154785e-01,-9.539895057678222656e-01,3.776251152157783508e-02,-1.013057976961135864e-01,5.233558639883995056e-02,3.064843416213989258e-01,-4.283715486526489258e-01,3.471612334251403809e-01,-5.669474136084318161e-03,1.918402314186096191e-01,-1.237702965736389160e-01,-3.506643176078796387e-01,-3.791433572769165039e-01,1.546191573143005371e-01,2.516267895698547363e-01,1.812388300895690918e-01,-1.800000071525573730e-01,2.270479947328567505e-01,-8.016404509544372559e-02,-1.800000071525573730e-01,-5.396653339266777039e-02,2.937122881412506104e-01,6.114225983619689941e-01
-5.792264342308044434e-01,-1.053271666169166565e-01,3.097821176052093506e-01,1.056562527082860470e-03,6.652965396642684937e-02,2.812950909137725830e-01,-9.573117494583129883e-01,1.081820204854011536e-01,-9.467504173517227173e-02,6.738942861557006836e-02,2.941726446151733398e-01,-4.256489872932434082e-01,7.908447645604610443e-03,2.761647850275039673e-02,1.934581547975540161e-01,-1.777058243751525879e-01,-3.357731699943542480e-01,-3.806177377700805664e-01,1.703582257032394409e-01,2.331935614347457886e-01,1.150074824690818787e-01,-1.800000071525573730e-01,2.556875944137573242e-01,-7.967440038919448853e-02,-1.800000071525573730e-01,1.092880293726921082e-01,2.697976827621459961e-01,1.147127866744995117e+00
-5.728116035461425781e-01,-1.203372105956077576e-01,3.060331940650939941e-01,-1.832892186939716339e-02,6.325134634971618652e-02,2.645677030086517334e-01,-9.621160030364990234e-01,1.045387238264083862e-01,-1.148488670587539673e-01,1.574588716030120850e-01,3.299792110919952393e-01,-4.855903983116149902e-01,-1.133392287408317841e-17,-1.783251389861106873e-02,1.699161380529403687e-01,-2.300523072481155396e-01,-3.034200072288513184e-01,-3.888614773750305176e-01,1.845235228538513184e-01,1.976160705089569092e-01,4.117864370346069336e-02,-1.633503735065460205e-01,2.687618732452392578e-01,-5.967559665441513062e-02,-1.670527756214141846e-01,2.557204961776733398e-01,2.419993430376052856e-01,1.489952087402343750e+00
-5.687763690948486328e-01,-1.341502070426940918e-01,3.047569692134857178e-01,-3.606995195150375366e-02,9.573941677808761597e-02,2.705751359462738037e-01,-9.572470784187316895e-01,1.072277426719665527e-01,-4.401361942291259766e-02,2.111854255199432373e-01,3.658117353916168213e-01,-4.232717454433441162e-01,1.535154676067389995e-18,-6.624726951122283936e-02,2.006510645151138306e-01,-2.048126906156539917e-01,-2.722093164920806885e-01,-3.641039431095123291e-01,1.817364841699600220e-01,1.667973548173904419e-01,-1.067243050783872604e-02,-1.449238806962966919e-01,2.434932589530944824e-01,-7.000086456537246704e-02,-1.159492731094360352e-01,3.969790339469909668e-01,2.228567153215408325e-01,1.490000009536743164e+00
-5.694082379341125488e-01,-1.432905197143554688e-01,3.043439090251922607e-01,-5.692055821418762207e-02,1.189212650060653687e-01,2.733758687973022461e-01,-9.528291821479797363e-01,9.044873714447021484e-02,-2.204111963510513306e-02,2.664355039596557617e-01,3.998382389545440674e-01,-3.132688403129577637e-01,8.394836448132991791e-03,-1.081162691116333008e-01,2.187563627958297729e-01,-1.895811855792999268e-01,-2.603274881839752197e-01,-3.394237160682678223e-01,1.742655187845230103e-01,1.440581232309341431e-01,-3.691501542925834656e-02,-1.331218183040618896e-01,2.221340984106063843e-01,-5.957972258329391479e-02,-5.046353116631507874e-02,6.425555348396301270e-01,2.271918356418609619e-01,1.415498614311218262e+00
-5.693269968032836914e-01,-1.522037237882614136e-01,3.068106472492218018e-01,-7.629368454217910767e-02,1.317289471626281738e-01,2.805457115173339844e-01,-9.476923942565917969e-01,5.968264117836952209e-02,-2.192919841036200523e-03,2.601404786109924316e-01,4.177776575088500977e-01,-2.691036164760589600e-01,3.727682307362556458e-02,-1.559260338544845581e-01,2.142628282308578491e-01,-1.388111263513565063e-01,-2.467789351940155029e-01,-2.994389235973358154e-01,1.454479843378067017e-01,1.102450937032699585e-01,-5.414606258273124695e-02,-1.108262762427330017e-01,1.860448420047760010e-01,-8.634946495294570923e-02,2.499556355178356171e-02,7.375038266181945801e-01,2.409381717443466187e-01,9.632689952850341797e-01
-5.661226511001586914e-01,-1.615248322486877441e-01,3.099976480007171631e-01,-8.548942208290100098e-02,1.221993267536163330e-01,2.935070693492889404e-01,-9.442523121833801270e-01,4.830574244260787964e-02,-2.097349613904953003e-02,2.492037862539291382e-01,4.000485241413116455e-01,-2.720203995704650879e-01,4.209147766232490540e-02,-1.725683808326721191e-01,1.845598369836807251e-01,-7.583564519882202148e-02,-2.451999783515930176e-01,-2.578022181987762451e-01,1.005292683839797974e-01,6.885024160146713257e-02,-6.541057676076889038e-02,-8.718488365411758423e-02,1.528012752532958984e-01,-7.121934741735458374e-02,1.234680116176605225e-01,7.856184244155883789e-01,2.508310079574584961e-01,7.938785552978515625e-01
-5.617395043373107910e-01,-1.710703521966934204e-01,3.129761517047882080e-01,-9.129206836223602295e-02,1.067100167274475098e-01,3.102561831474304199e-01,-9.402232766151428223e-01,4.603205248713493347e-02,-5.787558108568191528e-02,2.592799365520477295e-01,3.725449442863464355e-01,-2.745722532272338867e-01,2.210598252713680267e-02,-1.782221347093582153e-01,1.527199298143386841e-01,-2.495605126023292542e-02,-2.573740482330322266e-01,-2.402432858943939209e-01,7.635993510484695435e-02,3.750586137175559998e-02,-8.287400752305984497e-02,-5.789643153548240662e-02,1.356523782014846802e-01,3.319302340969443321e-03,2.080981582403182983e-01,7.535477280616760254e-01,2.629909515380859375e-01,8.035591840744018555e-01
-5.583942532539367676e-01,-1.810900270938873291e-01,3.159152567386627197e-01,-8.976987749338150024e-02,9.997487068176269531e-02,3.215708136558532715e-01,-9.373039007186889648e-01,5.107925832271575928e-02,-1.202217191457748413e-01,3.436393737792968750e-01,3.436773717403411865e-01,-2.549729943275451660e-01,1.466995291411876678e-02,-1.698684990406036377e-01,1.516297459602355957e-01,-8.228030055761337280e-03,-2.826026082038879395e-01,-2.361952215433120728e-01,5.488957092165946960e-02,1.814165338873863220e-02,-9.029942750930786133e-02,-2.812355756759643555e-02,1.251181066036224365e-01,1.067927777767181396e-01,2.522177398204803467e-01,5.832847952842712402e-01,2.854768931865692139e-01,6.531496644020080566e-01
-5.548760890960693359e-01,-1.909677386283874512e-01,3.178995847702026367e-01,-7.446491718292236328e-02,1.013439595699310303e-01,3.324719071388244629e-01,-9.346907734870910645e-01,6.393806636333465576e-02,-1.998597383499145508e-01,5.134742856025695801e-01,3.082033097743988037e-01,-2.125531136989593506e-01,1.779733039438724518e-02,-1.403729617595672607e-01,1.796572357416152954e-01,1.769349165260791779e-02,-3.115051090717315674e-01,-2.291663140058517456e-01,2.642682567238807678e-02,3.053805849049240351e-04,-8.497710525989532471e-02,-7.425978546962141991e-04,1.123756691813468933e-01,1.763374209403991699e-01,2.782033681869506836e-01,4.058646559715270996e-01,3.159803748130798340e-01,5.347831845283508301e-01
-5.512234568595886230e-01,-1.986234337091445923e-01,3.192335367202758789e-01,-5.876239761710166931e-02,9.647007286548614502e-02,3.435051739215850830e-01,-9.323329329490661621e-01,3.825994580984115601e-02,-2.750892639160156250e-01,6.530226469039916992e-01,2.763378918170928955e-01,-1.911711543798446655e-01,2.854103595018386841e-02,-8.680907636880874634e-02,1.978173553943634033e-01,1.484224759042263031e-02,-3.456284105777740479e-01,-2.356532216072082520e-01,4.052267596125602722e-02,1.697720028460025787e-03,-7.297106087207794189e-02,6.653317715972661972e-03,8.925540000200271606e-02,2.549211084842681885e-01,2.952980101108551025e-01,2.000100016593933105e-01,3.475576639175415039e-01,4.478721320629119873e-01
-5.484908223152160645e-01,-2.039344012737274170e-01,3.199928402900695801e-01,-3.948548063635826111e-02,8.384548127651214600e-02,3.558570146560668945e-01,-9.299336671829223633e-01,7.418708410114049911e-04,-3.501595258712768555e-01,6.848977804183959961e-01,2.315344363451004028e-01,-1.918213516473770142e-01,4.084745422005653381e-02,-6.470930762588977814e-03,2.058298438787460327e-01,-7.758308667689561844e-03,-3.796360790729522705e-01,-2.522741556167602539e-01,8.399606496095657349e-02,9.186992421746253967e-03,-5.917897075414657593e-02,2.086869499180465937e-04,6.765200197696685791e-02,2.687029540538787842e-01,2.914151549339294434e-01,8.245154470205307007e-02,3.835844993591308594e-01,1.629055291414260864e-01
-5.432656407356262207e-01,-2.092075198888778687e-01,3.201965987682342529e-01,-2.322388626635074615e-02,6.393499672412872314e-02,3.751153349876403809e-01,-9.244790077209472656e-01,-4.335784167051315308e-02,-3.866829872131347656e-01,5.100473761558532715e-01,1.837201118469238281e-01,-2.009294033050537109e-01,3.653668984770774841e-02,7.120695710182189941e-02,1.834538578987121582e-01,-1.212010625749826431e-02,-3.741406798362731934e-01,-2.738612592220306396e-01,1.498441249132156372e-01,1.212653238326311111e-02,-5.079679936170578003e-02,-5.283272825181484222e-03,1.910956017673015594e-02,2.435197979211807251e-01,2.806607484817504883e-01,9.009871631860733032e-02,4.157860875129699707e-01,9.776757657527923584e-02
-5.360630750656127930e-01,-2.148334830999374390e-01,3.187910020351409912e-01,-2.209081873297691345e-02,5.180535092949867249e-02,4.033752679824829102e-01,-9.132998585700988770e-01,-9.547535330057144165e-02,-4.019732773303985596e-01,2.459326684474945068e-01,1.678676456212997437e-01,-2.123802900314331055e-01,3.623049706220626831e-02,1.056792140007019043e-01,1.539119482040405273e-01,2.507051825523376465e-02,-3.647857308387756348e-01,-2.942213416099548340e-01,1.956882774829864502e-01,5.757919698953628540e-02,-4.207611829042434692e-02,-4.547357559204101562e-03,-3.215518221259117126e-02,2.112343758344650269e-01,2.642334997653961182e-01,6.889665871858596802e-02,4.804276227951049805e-01,5.461860820651054382e-02
-5.278372764587402344e-01,-2.218189239501953125e-01,3.159694969654083252e-01,-2.131335623562335968e-02,5.217925831675529480e-02,4.419016540050506592e-01,-8.952910304069519043e-01,-1.077477633953094482e-01,-4.078131914138793945e-01,1.232784541116416221e-07,1.607950627803802490e-01,-2.104615420103073120e-01,4.859291017055511475e-02,1.220007687807083130e-01,1.368309855461120605e-01,1.028677672147750854e-01,-3.343646228313446045e-01,-2.983643710613250732e-01,2.088735550642013550e-01,9.345369786024093628e-02,-9.751531481742858887e-02,3.370898775756359100e-04,5.491128563880920410e-02,1.642351150512695312e-01,2.412750273942947388e-01,3.173328936100006104e-02,6.414921879768371582e-01,3.357512876391410828e-02
-5.191969275474548340e-01,-2.301178574562072754e-01,3.125256597995758057e-01,-1.757316477596759796e-02,5.431749671697616577e-02,4.732618927955627441e-01,-8.790699243545532227e-01,-9.470825642347335815e-02,-4.610016644001007080e-01,2.760620995805898820e-17,1.570565551519393921e-01,-2.131177634000778198e-01,1.032374054193496704e-01,1.308357268571853638e-01,1.358897387981414795e-01,1.696504652500152588e-01,-3.124101161956787109e-01,-2.861707508563995361e-01,2.111835628747940063e-01,9.823294728994369507e-02,-1.643862873315811157e-01,-1.167088840156793594e-02,3.508719503879547119e-01,1.270449012517929077e-01,2.099507004022598267e-01,-2.541291993111371994e-03,1.110724925994873047e+00,2.199256792664527893e-02
-5.096683502197265625e-01,-2.379381060600280762e-01,3.106061220169067383e-01,-1.673136092722415924e-02,4.656410962343215942e-02,4.797161221504211426e-01,-8.760275840759277344e-01,-8.747369050979614258e-02,-3.811868727207183838e-01,1.847934392461019653e-17,1.630036979913711548e-01,-2.539377808570861816e-01,2.153492867946624756e-01,9.533380717039108276e-02,1.088660731911659241e-01,1.235797777771949768e-01,-3.020441532135009766e-01,-3.401718139648437500e-01,2.006724625825881958e-01,8.285321295261383057e-02,-1.118317469954490662e-01,-3.777270764112472534e-02,4.634328484535217285e-01,7.411339879035949707e-02,1.158619001507759094e-01,1.207145769149065018e-02,1.490000009536743164e+00,2.290850505232810974e-02
-5.028759837150573730e-01,-2.464557141065597534e-01,3.111456036567687988e-01,-1.172552071511745453e-02,4.097949713468551636e-02,4.787112772464752197e-01,-8.769370913505554199e-01,-7.915868610143661499e-02,-3.303425610065460205e-01,-1.098452840078567995e-18,1.547204852104187012e-01,-2.787507474422454834e-01,2.969188690185546875e-01,7.231192290782928467e-02,7.625015825033187866e-02,8.426749706268310547e-02,-2.990827262401580811e-01,-3.710255324840545654e-01,1.788807213306427002e-01,9.009646624326705933e-02,-4.329220578074455261e-02,-1.069424971938133240e-01,4.702400863170623779e-01,2.351297996938228607e-02,4.437354207038879395e-02,2.658728510141372681e-03,1.490000009536743164e+00,3.175958618521690369e-02
-5.011703372001647949e-01,-2.508979737758636475e-01,3.123866915702819824e-01,-1.363265700638294220e-02,3.525624796748161316e-02,4.742692410945892334e-01,-8.795679807662963867e-01,-7.472289353609085083e-02,-3.174415528774261475e-01,2.283459047040602125e-17,1.461722999811172485e-01,-3.340181708335876465e-01,3.713373839855194092e-01,2.930910885334014893e-02,6.201877072453498840e-02,3.759844973683357239e-02,-3.278317153453826904e-01,-4.135637879371643066e-01,1.487558484077453613e-01,1.134073957800865173e-01,4.212531074881553650e-02,-1.696975827217102051e-01,6.492627263069152832e-01,1.772991567850112915e-02,-3.015420585870742798e-02,-6.884856615215539932e-03,1.490000009536743164e+00,6.112449616193771362e-02
-5.009273886680603027e-01,-2.558909654617309570e-01,3.151595592498779297e-01,-1.899787597358226776e-02,3.985410183668136597e-02,4.687911570072174072e-01,-8.822049498558044434e-01,-7.970117032527923584e-02,-3.008432686328887939e-01,-9.663603680599750054e-19,1.502213329076766968e-01,-3.812033534049987793e-01,4.523611962795257568e-01,-3.930498659610748291e-02,7.643882185220718384e-02,-5.153717473149299622e-03,-3.714099526405334473e-01,-4.612697362899780273e-01,1.104837879538536072e-01,1.275894194841384888e-01,1.189379841089248657e-01,-1.800000071525573730e-01,6.888464689254760742e-01,2.643594704568386078e-02,-1.120795756578445435e-01,-1.564279384911060333e-02,1.111952662467956543e+00,9.240318089723587036e-02
-4.991797804832458496e-01,-2.640233039855957031e-01,3.174591064453125000e-01,-2.738360688090324402e-02,5.023165419697761536e-02,4.669072329998016357e-01,-8.824537396430969238e-01,-8.743579685688018799e-02,-2.652487754821777344e-01,-1.135449320155614711e-18,1.769494712352752686e-01,-4.215716123580932617e-01,5.471186041831970215e-01,-1.105226203799247742e-01,1.016309782862663269e-01,-1.169896498322486877e-02,-4.178739488124847412e-01,-4.864273965358734131e-01,7.755102962255477905e-02,1.385671347379684448e-01,2.299923598766326904e-01,-1.800000071525573730e-01,4.877545535564422607e-01,1.926937699317932129e-02,-1.791891902685165405e-01,-1.897690445184707642e-02,6.138142943382263184e-01,1.070317551493644714e-01
-4.955686628818511963e-01,-2.750301063060760498e-01,3.187075257301330566e-01,-3.617050126194953918e-02,6.112194806337356567e-02,4.652566611766815186e-01,-8.823219537734985352e-01,-9.210066497325897217e-02,-2.192230969667434692e-01,8.267092850399949597e-18,2.170917242765426636e-01,-4.684229791164398193e-01,6.764241456985473633e-01,-1.475083529949188232e-01,1.238767355680465698e-01,-2.455833926796913147e-02,-4.644907712936401367e-01,-5.138537287712097168e-01,7.159753888845443726e-02,1.703389883041381836e-01,3.363435864448547363e-01,-1.800000071525573730e-01,3.433633148670196533e-01,2.536942483857274055e-03,-1.798842400312423706e-01,-2.957376837730407715e-02,5.414544343948364258e-01,1.067018136382102966e-01
-4.926391839981079102e-01,-2.848957479000091553e-01,3.190058767795562744e-01,-3.771122545003890991e-02,7.344483584165573120e-02,4.631745219230651855e-01,-8.824132084846496582e-01,-8.513853698968887329e-02,-1.621033847332000732e-01,1.328938960796222091e-04,2.703922688961029053e-01,-4.745930433273315430e-01,7.679301500320434570e-01,-1.542623192071914673e-01,1.534339636564254761e-01,-5.314015224575996399e-02,-4.871401786804199219e-01,-5.483646988868713379e-01,7.895281165838241577e-02,1.856934875249862671e-01,3.559046387672424316e-01,-1.800000071525573730e-01,3.028275370597839355e-01,-4.685183987021446228e-03,-1.799529641866683960e-01,-4.968297481536865234e-02,5.578312277793884277e-01,1.162696033716201782e-01
-4.908836781978607178e-01,-2.952708899974822998e-01,3.175758123397827148e-01,-3.104115091264247894e-02,8.437731117010116577e-02,4.610276222229003906e-01,-8.828195929527282715e-01,-5.963657423853874207e-02,-1.024094596505165100e-01,6.469716317951679230e-04,3.250711858272552490e-01,-4.317061305046081543e-01,6.959371566772460938e-01,-1.314301490783691406e-01,1.791935116052627563e-01,-8.235950767993927002e-02,-4.772861599922180176e-01,-5.624597072601318359e-01,1.054386571049690247e-01,1.877585649490356445e-01,3.378891646862030029e-01,-1.800000071525573730e-01,2.285242676734924316e-01,-1.629048213362693787e-02,-1.799897998571395874e-01,-7.735542207956314087e-02,5.198160409927368164e-01,1.240825429558753967e-01
-4.906661510467529297e-01,-3.062755167484283447e-01,3.154051303863525391e-01,-2.323615178465843201e-02,8.619369566440582275e-02,4.571241736412048340e-01,-8.849114179611206055e-01,-2.286292053759098053e-02,-7.798300683498382568e-02,1.473081670701503754e-02,3.588019311428070068e-01,-4.047659337520599365e-01,4.645916819572448730e-01,-9.930881857872009277e-02,1.841226816177368164e-01,-1.130946800112724304e-01,-4.691796898841857910e-01,-5.740983486175537109e-01,1.363877058029174805e-01,2.210604697465896606e-01,3.040506839752197266e-01,-1.800000071525573730e-01,1.789723783731460571e-01,-2.656692452728748322e-02,-1.800000071525573730e-01,-1.100501120090484619e-01,4.355043768882751465e-01,1.462306529283523560e-01
-4.921143651008605957e-01,-3.197606801986694336e-01,3.134237825870513916e-01,-1.617609150707721710e-02,8.207052946090698242e-02,4.517513513565063477e-01,-8.882136344909667969e-01,2.353072538971900940e-02,-8.303467184305191040e-02,6.298147886991500854e-02,3.645694553852081299e-01,-3.805347979068756104e-01,1.720449328422546387e-01,-6.838393211364746094e-02,1.741651892662048340e-01,-1.224194616079330444e-01,-4.638098478317260742e-01,-5.727549791336059570e-01,1.383996456861495972e-01,2.633138895034790039e-01,2.619179189205169678e-01,-1.800000071525573730e-01,1.649724990129470825e-01,-4.883593320846557617e-02,-1.800000071525573730e-01,-1.232041865587234497e-01,4.023743867874145508e-01,1.897275000810623169e-01
-4.944455027580261230e-01,-3.342157006263732910e-01,3.109400272369384766e-01,-1.452126726508140564e-02,8.459961414337158203e-02,4.468373954296112061e-01,-8.904877305030822754e-01,6.239383667707443237e-02,-8.341049402952194214e-02,1.324701011180877686e-01,3.686781823635101318e-01,-3.712200522422790527e-01,2.137945202818070101e-12,-5.637260526418685913e-02,1.647068560123443604e-01,-1.161157488822937012e-01,-4.510986208915710449e-01,-5.508443713188171387e-01,1.050156131386756897e-01,2.893461883068084717e-01,2.198747098445892334e-01,-1.800000071525573730e-01,1.437951922416687012e-01,-8.055931329727172852e-02,-1.800000071525573730e-01,-9.182179719209671021e-02,3.798983097076416016e-01,3.078008890151977539e-01
-4.965931773185729980e-01,-3.473752439022064209e-01,3.086495697498321533e-01,-1.704060472548007965e-02,9.787631034851074219e-02,4.504914581775665283e-01,-8.872357606887817383e-01,9.511736035346984863e-02,-6.575739383697509766e-02,2.044032812118530273e-01,3.819339871406555176e-01,-3.072915673255920410e-01,5.801337771117687225e-03,-6.091153621673583984e-02,1.743475943803787231e-01,-8.243962377309799194e-02,-4.235448837280273438e-01,-5.232638716697692871e-01,8.240815997123718262e-02,2.879188358783721924e-01,1.849900186061859131e-01,-1.800000071525573730e-01,1.227182969450950623e-01,-8.368000388145446777e-02,-1.800000071525573730e-01,1.941880211234092712e-02,3.573316633701324463e-01,6.580549478530883789e-01
-4.969613850116729736e-01,-3.602898418903350830e-01,3.060145974159240723e-01,-2.057362161576747894e-02,1.039732843637466431e-01,4.542881846427917480e-01,-8.845272660255432129e-01,1.228300184011459351e-01,-6.324014067649841309e-02,2.173560112714767456e-01,3.747553825378417969e-01,-2.385494112968444824e-01,5.670215003192424774e-03,-6.048978120088577271e-02,1.831564158201217651e-01,-7.668866217136383057e-02,-4.133753776550292969e-01,-5.095791220664978027e-01,9.106327593326568604e-02,3.053857088088989258e-01,1.509910821914672852e-01,-1.800000071525573730e-01,1.222378164529800415e-01,-6.615176051855087280e-02,-1.800000071525573730e-01,1.662871539592742920e-01,3.388227224349975586e-01,1.171364426612854004e+00
-4.966042041778564453e-01,-3.715291321277618408e-01,3.058662116527557373e-01,-3.978150337934494019e-02,1.000440642237663269e-01,4.556559622287750244e-01,-8.836210966110229492e-01,1.023125275969505310e-01,-1.043624803423881531e-01,2.630922198295593262e-01,3.783017992973327637e-01,-2.350166589021682739e-01,4.725860059261322021e-02,-9.243221580982208252e-02,1.682696491479873657e-01,-6.650091707706451416e-02,-4.070619344711303711e-01,-5.064188241958618164e-01,9.583072364330291748e-02,3.171229064464569092e-01,1.336415857076644897e-01,-1.800000071525573730e-01,1.145181655883789062e-01,-2.610278502106666565e-02,-1.758222728967666626e-01,2.864947021007537842e-01,3.273431360721588135e-01,1.489663243293762207e+00
-4.971139729022979736e-01,-3.804166018962860107e-01,3.093457520008087158e-01,-5.705662071704864502e-02,8.890296518802642822e-02,4.642587304115295410e-01,-8.793774247169494629e-01,8.337086439132690430e-02,-1.689602732658386230e-01,3.167430460453033447e-01,3.668169379234313965e-01,-2.421094030141830444e-01,5.113345012068748474e-02,-1.063046976923942566e-01,1.179404929280281067e-01,-3.173110261559486389e-02,-3.866198062896728516e-01,-4.965710341930389404e-01,9.147340804338455200e-02,3.258164823055267334e-01,1.030048802495002747e-01,-1.800000071525573730e-01,9.558674693107604980e-02,-2.380426414310932159e-02,-1.332474350929260254e-01,4.473162591457366943e-01,3.167723417282104492e-01,1.490000009536743164e+00
-4.997842609882354736e-01,-3.834112584590911865e-01,3.123134672641754150e-01,-6.566277146339416504e-02,9.634466469287872314e-02,4.704329073429107666e-01,-8.746993541717529297e-01,6.384601444005966187e-02,-2.180467545986175537e-01,3.947225809097290039e-01,3.711899220943450928e-01,-2.459131628274917603e-01,8.314339816570281982e-02,-1.197773963212966919e-01,1.267535835504531860e-01,-5.719251930713653564e-03,-3.739905059337615967e-01,-5.041580796241760254e-01,8.912455290555953979e-02,3.269903659820556641e-01,1.033936589956283569e-01,-1.800000071525573730e-01,9.204667806625366211e-02,-4.213565494865179062e-03,-7.871083915233612061e-02,6.708268523216247559e-01,3.341009020805358887e-01,1.306292295455932617e+00
-5.021647810935974121e-01,-3.869582712650299072e-01,3.160422146320343018e-01,-6.385046988725662231e-02,1.099601015448570251e-01,4.732570648193359375e-01,-8.716992735862731934e-01,6.076689809560775757e-02,-2.084596008062362671e-01,4.009776711463928223e-01,3.719117045402526855e-01,-2.142357975244522095e-01,8.911956101655960083e-02,-1.308163106441497803e-01,1.602786034345626831e-01,3.232127055525779724e-02,-3.606988787651062012e-01,-4.888708293437957764e-01,7.263416796922683716e-02,3.162152469158172607e-01,1.203369423747062683e-01,-1.800000071525573730e-01,7.857190072536468506e-02,3.234331309795379639e-02,-6.969578098505735397e-03,6.212974190711975098e-01,3.594446778297424316e-01,7.100780010223388672e-01
-5.018672943115234375e-01,-3.939739763736724854e-01,3.178038597106933594e-01,-6.668873876333236694e-02,1.127006933093070984e-01,4.746345579624176025e-01,-8.703867793083190918e-01,5.724949389696121216e-02,-2.062517851591110229e-01,4.048706591129302979e-01,3.703938722610473633e-01,-1.935512572526931763e-01,9.578616917133331299e-02,-1.415261030197143555e-01,1.692097336053848267e-01,5.750925093889236450e-02,-3.638145327568054199e-01,-4.768876731395721436e-01,6.661137193441390991e-02,3.275311291217803955e-01,1.298278719186782837e-01,-1.699948012828826904e-01,5.952145904302597046e-02,1.514285653829574585e-01,5.507937818765640259e-02,4.498670995235443115e-01,3.779366314411163330e-01,5.590447783470153809e-01
-5.017652511596679688e-01,-4.017494618892669678e-01,3.191152215003967285e-01,-6.122470274567604065e-02,1.148179471492767334e-01,4.723565578460693359e-01,-8.717497587203979492e-01,7.233172655105590820e-02,-2.204985618591308594e-01,4.616168439388275146e-01,3.584427535533905029e-01,-1.597278863191604614e-01,1.063583940267562866e-01,-1.206205636262893677e-01,1.945121288299560547e-01,3.823121637105941772e-02,-3.946216106414794922e-01,-4.791459143161773682e-01,8.789917081594467163e-02,3.706757128238677979e-01,1.314579546451568604e-01,-1.682316064834594727e-01,5.643359571695327759e-02,2.769847214221954346e-01,1.091786697506904602e-01,2.448262274265289307e-01,3.836672902107238770e-01,5.036950111389160156e-01
-5.033155679702758789e-01,-4.081372618675231934e-01,3.201262652873992920e-01,-5.025045573711395264e-02,1.173666045069694519e-01,4.703107476234436035e-01,-8.732169270515441895e-01,8.212418109178543091e-02,-2.474471479654312134e-01,5.448819398880004883e-01,3.398326039314270020e-01,-1.265288889408111572e-01,1.196538060903549194e-01,-9.401722252368927002e-02,2.207999527454376221e-01,4.180293157696723938e-02,-4.088140428066253662e-01,-4.805771112442016602e-01,1.036912426352500916e-01,3.874531686305999756e-01,1.342460811138153076e-01,-1.686577647924423218e-01,5.196744576096534729e-02,2.724106609821319580e-01,1.258847415447235107e-01,1.658609658479690552e-01,3.834715783596038818e-01,3.589846789836883545e-01
-5.030999779701232910e-01,-4.122679829597473145e-01,3.210505843162536621e-01,-4.184353724122047424e-02,1.160031482577323914e-01,4.677679836750030518e-01,-8.752059936523437500e-01,5.115087702870368958e-02,-2.781730294227600098e-01,5.931385159492492676e-01,3.279011845588684082e-01,-1.080547943711280823e-01,1.290307044982910156e-01,-6.053616851568222046e-02,2.319508641958236694e-01,1.520662102848291397e-02,-4.014819860458374023e-01,-5.132288336753845215e-01,1.496244817972183228e-01,3.968545496463775635e-01,1.133580207824707031e-01,-1.725840419530868530e-01,7.079537212848663330e-02,2.616899013519287109e-01,1.193112805485725403e-01,1.424103528261184692e-01,3.813236355781555176e-01,2.818288207054138184e-01
-5.018300414085388184e-01,-4.152454137802124023e-01,3.215287625789642334e-01,-3.394285216927528381e-02,1.078091487288475037e-01,4.666240811347961426e-01,-8.772041201591491699e-01,-1.633467851206660271e-03,-3.121104836463928223e-01,5.732244849205017090e-01,3.092230260372161865e-01,-1.047115698456764221e-01,1.327507793903350830e-01,-2.194671705365180969e-02,2.249329090118408203e-01,-1.015393622219562531e-02,-3.980223536491394043e-01,-5.480658411979675293e-01,2.012783586978912354e-01,4.205271899700164795e-01,9.245799481868743896e-02,-1.791225671768188477e-01,8.803197741508483887e-02,2.561270892620086670e-01,1.172815784811973572e-01,1.317980736494064331e-01,3.948459327220916748e-01,2.526076436042785645e-01
-4.997894167900085449e-01,-4.184084534645080566e-01,3.214403390884399414e-01,-3.053004480898380280e-02,9.609075635671615601e-02,4.695417284965515137e-01,-8.771345615386962891e-01,-6.993960589170455933e-02,-3.352934718132019043e-01,4.578306972980499268e-01,2.914322018623352051e-01,-1.168747320771217346e-01,1.369832754135131836e-01,-1.034104148857295513e-03,2.005273401737213135e-01,2.122810808941721916e-03,-3.904139697551727295e-01,-5.713894367218017578e-01,2.302313894033432007e-01,4.314493238925933838e-01,8.377431333065032959e-02,-1.800000071525573730e-01,7.751549035310745239e-02,2.395352721214294434e-01,1.226371526718139648e-01,1.169014275074005127e-01,4.136969745159149170e-01,2.440582513809204102e-01
-4.967893064022064209e-01,-4.218326508998870850e-01,3.208787441253662109e-01,-3.080271184444427490e-02,8.428435027599334717e-02,4.767980873584747314e-01,-8.744203448295593262e-01,-1.375777572393417358e-01,-3.387473225593566895e-01,2.582987248897552490e-01,2.762646079063415527e-01,-1.306141763925552368e-01,1.370641589164733887e-01,1.123358309268951416e-02,1.711916774511337280e-01,2.843542397022247314e-02,-3.841981291770935059e-01,-5.867199897766113281e-01,2.431216835975646973e-01,4.326842129230499268e-01,7.665394246578216553e-02,-1.799145787954330444e-01,6.174506247043609619e-02,2.157399058341979980e-01,1.252163648605346680e-01,1.047869771718978882e-01,4.359251558780670166e-01,2.326697409152984619e-01
-4.958606660366058350e-01,-4.260507822036743164e-01,3.207204341888427734e-01,-2.384448796510696411e-02,7.057332992553710938e-02,4.790852665901184082e-01,-8.746017217636108398e-01,-1.487296819686889648e-01,-3.454498946666717529e-01,1.740329116582870483e-01,2.427379041910171509e-01,-1.305421888828277588e-01,1.364780068397521973e-01,3.745540976524353027e-02,1.445939987897872925e-01,3.913917019963264465e-02,-3.764117360115051270e-01,-6.031442284584045410e-01,2.551821768283843994e-01,4.316210746765136719e-01,6.247816979885101318e-02,-1.771952062845230103e-01,5.310385301709175110e-02,1.940382122993469238e-01,1.227246448397636414e-01,9.028019011020660400e-02,4.519958794116973877e-01,2.168029099702835083e-01
-4.954699575901031494e-01,-4.309889674186706543e-01,3.209761381149291992e-01,-1.905961707234382629e-02,6.532219797372817993e-02,4.818612635135650635e-01,-8.736014366149902344e-01,-1.334653645753860474e-01,-3.212318718433380127e-01,1.808468252420425415e-01,2.235136628150939941e-01,-1.272795349359512329e-01,1.462776660919189453e-01,5.136071145534515381e-02,1.354538053274154663e-01,5.218846350908279419e-02,-3.719304502010345459e-01,-6.172111630439758301e-01,2.775381803512573242e-01,4.348492324352264404e-01,4.751551151275634766e-02,-1.734231263399124146e-01,5.424908548593521118e-02,1.811648905277252197e-01,1.176349967718124390e-01,7.148960232734680176e-02,4.711769521236419678e-01,2.040080577135086060e-01
-4.953047931194305420e-01,-4.356183707714080811e-01,3.208801448345184326e-01,-1.684406958520412445e-02,6.242843717336654663e-02,4.861398637294769287e-01,-8.714855313301086426e-01,-1.078588590025901794e-01,-2.640525400638580322e-01,1.219461709260940552e-01,2.067734897136688232e-01,-1.315871179103851318e-01,1.617207825183868408e-01,5.547077208757400513e-02,1.271562427282333374e-01,7.221325486898422241e-02,-3.629082739353179932e-01,-6.314895153045654297e-01,2.958245873451232910e-01,4.354386329650878906e-01,3.160016611218452454e-02,-1.647536307573318481e-01,5.310314893722534180e-02,1.702675521373748779e-01,1.094253137707710266e-01,4.914701730012893677e-02,4.861846268177032471e-01,1.923087090253829956e-01
-4.959744513034820557e-01,-4.401901066303253174e-01,3.210174739360809326e-01,-1.464187726378440857e-02,5.722781270742416382e-02,4.834972321987152100e-01,-8.733504414558410645e-01,-8.397635817527770996e-02,-2.468223571777343750e-01,1.053800657391548157e-01,1.893565207719802856e-01,-1.340443193912506104e-01,1.691753268241882324e-01,5.735682323575019836e-02,1.134697422385215759e-01,7.825963944196701050e-02,-3.557442724704742432e-01,-6.376585364341735840e-01,3.049435615539550781e-01,4.354900121688842773e-01,1.421144604682922363e-02,-1.528924107551574707e-01,5.300742015242576599e-02,1.573802381753921509e-01,9.845084697008132935e-02,3.059154190123081207e-02,4.956710934638977051e-01,1.804209947586059570e-01
-4.974001944065093994e-01,-4.447692632675170898e-01,3.214583992958068848e-01,-1.650406420230865479e-02,5.111585929989814758e-02,4.738470017910003662e-01,-8.789674639701843262e-01,-7.171638309955596924e-02,-2.360778003931045532e-01,7.910503447055816650e-02,1.779359281063079834e-01,-1.383921355009078979e-01,1.743731945753097534e-01,5.328268185257911682e-02,9.352855384349822998e-02,6.920734792947769165e-02,-3.500807583332061768e-01,-6.404627561569213867e-01,3.097884356975555420e-01,4.360771179199218750e-01,-7.900038734078407288e-03,-1.446474492549896240e-01,6.405662000179290771e-02,1.444196850061416626e-01,9.122418612241744995e-02,1.376503799110651016e-02,5.096702575683593750e-01,1.681350767612457275e-01
-4.976381957530975342e-01,-4.486721158027648926e-01,3.221782445907592773e-01,-2.554756216704845428e-02,5.024302750825881958e-02,4.712450802326202393e-01,-8.801994323730468750e-01,-7.838563621044158936e-02,-2.278987914323806763e-01,5.357365310192108154e-02,1.839412748813629150e-01,-1.470547020435333252e-01,1.832623928785324097e-01,3.688590973615646362e-02,8.078300207853317261e-02,7.759788632392883301e-02,-3.416445851325988770e-01,-6.452768445014953613e-01,3.243021368980407715e-01,4.431963562965393066e-01,-3.290899842977523804e-02,-1.436987221240997314e-01,8.887680619955062866e-02,1.337848305702209473e-01,8.964851498603820801e-02,-1.341133494861423969e-03,5.292263627052307129e-01,1.534693539142608643e-01
-4.973154067993164062e-01,-4.519562423229217529e-01,3.227832615375518799e-01,-3.245123103260993958e-02,5.504926666617393494e-02,4.711409211158752441e-01,-8.797401785850524902e-01,-8.940880000591278076e-02,-2.089928090572357178e-01,3.793538734316825867e-02,1.985453367233276367e-01,-1.647533774375915527e-01,2.185158580541610718e-01,2.083696238696575165e-02,8.625721186399459839e-02,8.856981992721557617e-02,-3.340215384960174561e-01,-6.591770648956298828e-01,3.514810800552368164e-01,4.543524682521820068e-01,-4.285383224487304688e-02,-1.441294699907302856e-01,9.596248716115951538e-02,1.268565654754638672e-01,9.038230031728744507e-02,-7.945055142045021057e-03,5.300365090370178223e-01,1.419154405593872070e-01
-4.975345730781555176e-01,-4.554096758365631104e-01,3.230789005756378174e-01,-3.356683254241943359e-02,6.471295654773712158e-02,4.679629504680633545e-01,-8.807361721992492676e-01,-8.967622369527816772e-02,-1.685647517442703247e-01,2.734133601188659668e-02,2.110078781843185425e-01,-1.982308626174926758e-01,2.992517352104187012e-01,1.006732229143381119e-02,1.092905998229980469e-01,9.271495789289474487e-02,-3.279789686203002930e-01,-6.798441410064697266e-01,3.789255917072296143e-01,4.682451784610748291e-01,-4.414083436131477356e-02,-1.450937539339065552e-01,1.101841479539871216e-01,1.226914897561073303e-01,9.338725358247756958e-02,-1.080987602472305298e-02,5.468663573265075684e-01,1.277036517858505249e-01
-4.987619221210479736e-01,-4.597008824348449707e-01,3.225660026073455811e-01,-3.168240934610366821e-02,8.287550508975982666e-02,4.593047499656677246e-01,-8.838365077972412109e-01,-8.259016275405883789e-02,-1.198978051543235779e-01,3.493164479732513428e-02,2.341145128011703491e-01,-2.530792057514190674e-01,4.436616599559783936e-01,-4.219966474920511246e-03,1.509049534797668457e-01,8.952490985393524170e-02,-3.209223151206970215e-01,-6.984118223190307617e-01,3.978748321533203125e-01,4.770266711711883545e-01,-6.722678244113922119e-02,-1.498039215803146362e-01,2.070839405059814453e-01,1.199094802141189575e-01,9.772555530071258545e-02,-1.338378526270389557e-02,6.538990736007690430e-01,1.132032871246337891e-01
-5.022348165512084961e-01,-4.652602672576904297e-01,3.197612166404724121e-01,-3.045628778636455536e-02,1.088370829820632935e-01,4.412547647953033447e-01,-8.902365565299987793e-01,-6.899009644985198975e-02,-7.521421462297439575e-02,6.587279587984085083e-02,2.726368010044097900e-01,-3.427302241325378418e-01,6.577498316764831543e-01,-2.360482141375541687e-02,2.018398493528366089e-01,8.399986475706100464e-02,-3.104943335056304932e-01,-6.950957775115966797e-01,4.011475741863250732e-01,4.748383760452270508e-01,-1.277993023395538330e-01,-1.624343693256378174e-01,4.225869178771972656e-01,1.121520847082138062e-01,1.098103821277618408e-01,-1.722650416195392609e-02,9.032323360443115234e-01,9.618385881185531616e-02
-5.082429051399230957e-01,-4.695372283458709717e-01,3.144852221012115479e-01,-4.042067378759384155e-02,1.227607205510139465e-01,4.199057817459106445e-01,-8.983179330825805664e-01,-6.405484676361083984e-02,-7.181133329868316650e-02,9.971801191568374634e-02,3.183109760284423828e-01,-4.456962645053863525e-01,8.475891351699829102e-01,-5.339177325367927551e-02,2.131247073411941528e-01,9.866084158420562744e-02,-2.965482473373413086e-01,-6.663492918014526367e-01,3.971571624279022217e-01,4.549250006675720215e-01,-1.896314918994903564e-01,-1.783652901649475098e-01,6.534568667411804199e-01,1.053266450762748718e-01,1.245210096240043640e-01,-3.739950433373451233e-02,1.180321335792541504e+00,7.206284254789352417e-02
-5.142110586166381836e-01,-4.728250503540039062e-01,3.070923686027526855e-01,-5.087024345993995667e-02,1.420459002256393433e-01,4.003345668315887451e-01,-9.038624763488769531e-01,-6.641683727502822876e-02,-6.101208925247192383e-02,1.226538494229316711e-01,3.937792479991912842e-01,-4.504143893718719482e-01,8.285630345344543457e-01,-9.183771163225173950e-02,2.273272573947906494e-01,1.192784681916236877e-01,-2.778505682945251465e-01,-6.356575489044189453e-01,3.976564109325408936e-01,4.391982257366180420e-01,-2.415092736482620239e-01,-1.800000071525573730e-01,8.373849987983703613e-01,9.550733119249343872e-02,1.357062458992004395e-01,-5.964780598878860474e-02,1.369753003120422363e+00,5.376602336764335632e-02
-5.197236537933349609e-01,-4.788367152214050293e-01,3.011048734188079834e-01,-5.931571125984191895e-02,1.594278365373611450e-01,3.766863048076629639e-01,-9.105887413024902344e-01,-6.506588310003280640e-02,-4.634098708629608154e-02,1.370934247970581055e-01,4.574951231479644775e-01,-4.249963760375976562e-01,6.163498759269714355e-01,-1.141142025589942932e-01,2.396809309720993042e-01,1.087425947189331055e-01,-2.561523914337158203e-01,-6.275317668914794922e-01,4.208563566207885742e-01,4.424669444561004639e-01,-2.783447504043579102e-01,-1.800000071525573730e-01,9.616128206253051758e-01,8.163459599018096924e-02,1.499884128570556641e-01,-7.915098220109939575e-02,1.414592027664184570e+00,4.140624031424522400e-02
-5.259829163551330566e-01,-4.885238111019134521e-01,2.996651530265808105e-01,-5.294256657361984253e-02,1.565203964710235596e-01,3.493027389049530029e-01,-9.223264455795288086e-01,-1.857037469744682312e-02,-7.020404934883117676e-02,1.678438037633895874e-01,4.535177946090698242e-01,-4.050249457359313965e-01,2.999077439308166504e-01,-8.648050576448440552e-02,2.395882606506347656e-01,7.726947218179702759e-02,-2.473754286766052246e-01,-6.317701339721679688e-01,4.503074586391448975e-01,4.543034136295318604e-01,-2.891481518745422363e-01,-1.515074670314788818e-01,1.013967871665954590e+00,8.112789690494537354e-02,1.712503284215927124e-01,-1.041126698255538940e-01,1.340520262718200684e+00,3.379049897193908691e-02
-5.329916477203369141e-01,-4.997027814388275146e-01,2.996614873409271240e-01,-3.537039458751678467e-02,1.417532116174697876e-01,3.196699917316436768e-01,-9.361976385116577148e-01,6.238493323326110840e-02,-1.276617497205734253e-01,2.211671918630599976e-01,4.018405377864837646e-01,-3.907904922962188721e-01,3.316466510295867920e-02,-3.418963402509689331e-02,2.304351031780242920e-01,4.702961444854736328e-02,-2.474752217531204224e-01,-6.393480300903320312e-01,4.821489453315734863e-01,4.701278209686279297e-01,-2.650808691978454590e-01,-8.321877568960189819e-02,9.744859933853149414e-01,9.978070855140686035e-02,1.924127936363220215e-01,-1.485856622457504272e-01,1.163808465003967285e+00,2.826043218374252319e-02
-5.398914813995361328e-01,-5.073692798614501953e-01,2.977596223354339600e-01,-3.465611860156059265e-02,1.481576412916183472e-01,3.072407543659210205e-01,-9.393888115882873535e-01,1.060047969222068787e-01,-1.367036104202270508e-01,2.487849146127700806e-01,3.993449211120605469e-01,-3.131557106971740723e-01,2.854773774743080139e-02,-2.332274243235588074e-02,2.395590394735336304e-01,7.916646450757980347e-02,-2.375841736793518066e-01,-6.290125250816345215e-01,5.012612342834472656e-01,4.792490303516387939e-01,-2.075848430395126343e-01,-2.190883271396160126e-02,8.069739341735839844e-01,1.166629716753959656e-01,2.231381237506866455e-01,-1.975511312484741211e-01,8.998662233352661133e-01,4.136647284030914307e-02
-5.448157787322998047e-01,-5.168060064315795898e-01,2.973799407482147217e-01,-5.170425027608871460e-02,1.509341746568679810e-01,2.890682816505432129e-01,-9.439200758934020996e-01,1.015952751040458679e-01,-1.320430189371109009e-01,1.987270116806030273e-01,4.019618034362792969e-01,-2.959845662117004395e-01,6.907218694686889648e-02,-5.817392468452453613e-02,2.393731772899627686e-01,1.170522570610046387e-01,-2.398081570863723755e-01,-6.033547520637512207e-01,4.944372773170471191e-01,4.701819717884063721e-01,-8.246062695980072021e-02,3.903963789343833923e-02,5.347300767898559570e-01,1.243951246142387390e-01,2.413242906332015991e-01,-2.355253398418426514e-01,7.093917727470397949e-01,5.814564228057861328e-02
-5.472760796546936035e-01,-5.262206196784973145e-01,2.983885705471038818e-01,-7.763351500034332275e-02,1.480935662984848022e-01,2.631468176841735840e-01,-9.501553177833557129e-01,7.196754217147827148e-02,-1.602362692356109619e-01,1.560128331184387207e-01,4.231632947921752930e-01,-3.042998909950256348e-01,1.302518844604492188e-01,-1.173903346061706543e-01,2.395453453063964844e-01,1.509583145380020142e-01,-2.593781054019927979e-01,-5.634287595748901367e-01,4.599953293800354004e-01,4.377255439758300781e-01,2.528474666178226471e-02,6.312071532011032104e-02,2.961672544479370117e-01,1.526061147451400757e-01,2.602334916591644287e-01,-2.936031818389892578e-01,5.546451210975646973e-01,6.308346241712570190e-02
-5.475171208381652832e-01,-5.344903469085693359e-01,3.002452552318572998e-01,-9.579336643218994141e-02,1.418254524469375610e-01,2.388006895780563354e-01,-9.558678865432739258e-01,5.772483348846435547e-02,-1.908173114061355591e-01,1.205740347504615784e-01,4.390470683574676514e-01,-3.006379306316375732e-01,1.650887876749038696e-01,-1.639239490032196045e-01,2.398727685213088989e-01,1.911825835704803467e-01,-2.751074731349945068e-01,-5.118783712387084961e-01,4.108770191669464111e-01,3.857696056365966797e-01,3.414190933108329773e-02,2.050531283020973206e-02,2.340788990259170532e-01,1.719676554203033447e-01,2.815290093421936035e-01,-3.462340533733367920e-01,4.025248885154724121e-01,6.870954483747482300e-02
-5.465292930603027344e-01,-5.422157645225524902e-01,3.019653260707855225e-01,-1.106103360652923584e-01,1.352406293153762817e-01,2.178277969360351562e-01,-9.602220654487609863e-01,4.479201510548591614e-02,-2.069856822490692139e-01,8.367776870727539062e-02,4.506779909133911133e-01,-2.879087328910827637e-01,1.784001886844635010e-01,-2.000263780355453491e-01,2.399227470159530640e-01,2.420170903205871582e-01,-2.728402614593505859e-01,-4.444422423839569092e-01,3.497375845909118652e-01,3.269421756267547607e-01,1.658559404313564301e-02,-1.901161670684814453e-02,2.754840254783630371e-01,1.992353945970535278e-01,3.137183189392089844e-01,-4.062823653221130371e-01,3.796248435974121094e-01,9.666975587606430054e-02
-5.442055463790893555e-01,-5.482509732246398926e-01,3.035903871059417725e-01,-1.242300868034362793e-01,1.310014575719833374e-01,1.976767629384994507e-01,-9.634985327720642090e-01,2.461467683315277100e-02,-2.107930779457092285e-01,5.853614211082458496e-02,4.616716206073760986e-01,-2.693454921245574951e-01,1.933018267154693604e-01,-2.381032705307006836e-01,2.398028224706649780e-01,2.656411230564117432e-01,-2.682397663593292236e-01,-4.029799401760101318e-01,3.055647015571594238e-01,3.036602735519409180e-01,3.066888079047203064e-03,-4.331750422716140747e-02,2.929753959178924561e-01,2.186003178358078003e-01,3.312712311744689941e-01,-4.425955712795257568e-01,3.547430932521820068e-01,1.586598306894302368e-01
-5.414077043533325195e-01,-5.545228719711303711e-01,3.047823309898376465e-01,-1.319028139114379883e-01,1.283042281866073608e-01,1.759578436613082886e-01,-9.670462608337402344e-01,1.659119874238967896e-02,-2.193685770034790039e-01,5.594785138964653015e-02,4.641306102275848389e-01,-2.472343593835830688e-01,2.172766476869583130e-01,-2.650126218795776367e-01,2.396093010902404785e-01,2.793325781822204590e-01,-2.596540451049804688e-01,-3.832023441791534424e-01,2.868233025074005127e-01,3.021950423717498779e-01,-7.946321740746498108e-03,-6.258980929851531982e-02,2.981564402580261230e-01,2.181815207004547119e-01,3.395536541938781738e-01,-4.388543069362640381e-01,3.403169810771942139e-01,2.601957619190216064e-01
-5.378918051719665527e-01,-5.616852641105651855e-01,3.054094016551971436e-01,-1.363812386989593506e-01,1.254221796989440918e-01,1.565755158662796021e-01,-9.701306819915771484e-01,1.685269922018051147e-02,-2.413075417280197144e-01,8.339658379554748535e-02,4.616282880306243896e-01,-2.229133844375610352e-01,2.424957603216171265e-01,-2.880886197090148926e-01,2.322056144475936890e-01,3.074455261230468750e-01,-2.358023375272750854e-01,-3.661463260650634766e-01,2.684698402881622314e-01,2.846649289131164551e-01,-2.250361815094947815e-02,-7.716909795999526978e-02,2.973024249076843262e-01,1.756067126989364624e-01,3.226668536663055420e-01,-3.283656537532806396e-01,3.221643567085266113e-01,4.975958764553070068e-01
-5.334309339523315430e-01,-5.702753663063049316e-01,3.048410415649414062e-01,-1.365696191787719727e-01,1.194178834557533264e-01,1.394241601228713989e-01,-9.734726548194885254e-01,2.513758838176727295e-02,-2.859404385089874268e-01,1.611983180046081543e-01,4.483973979949951172e-01,-1.973117291927337646e-01,2.641488611698150635e-01,-2.958748936653137207e-01,2.201444357633590698e-01,3.450595140457153320e-01,-2.008124440908432007e-01,-3.487586081027984619e-01,2.459884285926818848e-01,2.472158968448638916e-01,-3.083273395895957947e-02,-9.160551428794860840e-02,2.870847582817077637e-01,8.385872840881347656e-02,2.626879215240478516e-01,-4.655005410313606262e-02,3.104407489299774170e-01,9.955983161926269531e-01
-5.299901962280273438e-01,-5.756446123123168945e-01,3.040376901626586914e-01,-1.309444755315780640e-01,1.179158538579940796e-01,1.222285628318786621e-01,-9.767341613769531250e-01,1.780499704182147980e-02,-3.489507436752319336e-01,3.027420938014984131e-01,4.361481070518493652e-01,-1.696548163890838623e-01,2.860801219940185547e-01,-2.707916498184204102e-01,2.344714254140853882e-01,3.358538150787353516e-01,-1.871501356363296509e-01,-3.445460200309753418e-01,2.510782480239868164e-01,2.300533056259155273e-01,-3.569085150957107544e-02,-1.276037842035293579e-01,2.831948399543762207e-01,5.302828922867774963e-02,2.179007381200790405e-01,2.391645908355712891e-01,3.041919767856597900e-01,1.440571427345275879e+00
-5.258345603942871094e-01,-5.775908231735229492e-01,3.050926029682159424e-01,-1.251575052738189697e-01,1.196348965167999268e-01,1.064390763640403748e-01,-9.791291356086730957e-01,-3.429135680198669434e-02,-3.805608749389648438e-01,4.212990701198577881e-01,4.397214353084564209e-01,-1.441573500633239746e-01,3.048728704452514648e-01,-2.442244887351989746e-01,2.398231029510498047e-01,3.227883279323577881e-01,-1.789381951093673706e-01,-3.479679524898529053e-01,2.636495828628540039e-01,2.344493120908737183e-01,-4.940719529986381531e-02,-1.606025993824005127e-01,2.665608227252960205e-01,2.357809804379940033e-02,1.423461139202117920e-01,4.144691526889801025e-01,2.949236929416656494e-01,1.489995002746582031e+00
-5.239055156707763672e-01,-5.798133015632629395e-01,3.056975603103637695e-01,-1.097396388649940491e-01,1.174734830856323242e-01,9.006471931934356689e-02,-9.828761816024780273e-01,-8.291827142238616943e-02,-3.883480429649353027e-01,4.376534819602966309e-01,4.189302027225494385e-01,-1.214060559868812561e-01,3.083589673042297363e-01,-2.067425996065139771e-01,2.397905439138412476e-01,3.169058561325073242e-01,-1.844093352556228638e-01,-3.495553731918334961e-01,2.642699480056762695e-01,2.421636134386062622e-01,-4.398275166749954224e-02,-1.799996644258499146e-01,2.366321533918380737e-01,1.735459826886653900e-02,4.559944570064544678e-02,6.208896636962890625e-01,2.951109707355499268e-01,1.475387454032897949e+00
-5.216961503028869629e-01,-5.813319087028503418e-01,3.072303533554077148e-01,-9.369874000549316406e-02,1.129296645522117615e-01,7.997123897075653076e-02,-9.859371185302734375e-01,-1.278635561466217041e-01,-3.660343885421752930e-01,3.210537731647491455e-01,3.889838755130767822e-01,-1.064976900815963745e-01,3.013618886470794678e-01,-1.760132163763046265e-01,2.336458712816238403e-01,3.167919218540191650e-01,-2.021495997905731201e-01,-3.554952144622802734e-01,2.662529945373535156e-01,2.539383769035339355e-01,-3.348227217793464661e-02,-1.800000071525573730e-01,2.070869505405426025e-01,3.342615440487861633e-02,-4.680332168936729431e-02,6.990375518798828125e-01,3.083381652832031250e-01,1.203201532363891602e+00
-5.189477801322937012e-01,-5.833567976951599121e-01,3.087121844291687012e-01,-7.888226956129074097e-02,1.066270247101783752e-01,7.368407398462295532e-02,-9.884224534034729004e-01,-1.368332356214523315e-01,-3.185944259166717529e-01,1.787471175193786621e-01,3.540053665637969971e-01,-9.587463736534118652e-02,2.900570034980773926e-01,-1.473379135131835938e-01,2.268268316984176636e-01,3.173790574073791504e-01,-2.308170944452285767e-01,-3.663055598735809326e-01,2.674123942852020264e-01,2.682490050792694092e-01,-2.402119338512420654e-02,-1.800000071525573730e-01,1.852305084466934204e-01,7.829690724611282349e-02,-1.198185905814170837e-01,6.408183574676513672e-01,3.238911032676696777e-01,8.397518992424011230e-01
-5.136404633522033691e-01,-5.841247439384460449e-01,3.098149895668029785e-01,-7.406566292047500610e-02,9.917443990707397461e-02,7.476618140935897827e-02,-9.894891381263732910e-01,-1.281387954950332642e-01,-2.671694159507751465e-01,1.375120133161544800e-01,3.343420624732971191e-01,-9.547270089387893677e-02,2.869387567043304443e-01,-1.325245797634124756e-01,2.177619189023971558e-01,3.134546577930450439e-01,-2.661088407039642334e-01,-3.855855762958526611e-01,2.714138627052307129e-01,2.928278744220733643e-01,-2.587289176881313324e-02,-1.800000071525573730e-01,1.746947020292282104e-01,1.518194824457168579e-01,-1.735011935234069824e-01,4.954099059104919434e-01,3.403698801994323730e-01,6.554622054100036621e-01
-5.075771212577819824e-01,-5.842384696006774902e-01,3.103751540184020996e-01,-7.584053277969360352e-02,9.754058718681335449e-02,6.603969633579254150e-02,-9.901377558708190918e-01,-1.238061636686325073e-01,-2.471789717674255371e-01,1.293487399816513062e-01,3.415234386920928955e-01,-8.908887207508087158e-02,3.075898289680480957e-01,-1.307427585124969482e-01,2.172010987997055054e-01,2.927795052528381348e-01,-2.938935160636901855e-01,-4.081203937530517578e-01,2.693876922130584717e-01,3.149625360965728760e-01,-3.435329347848892212e-02,-1.800000071525573730e-01,1.625772565603256226e-01,1.900575011968612671e-01,-1.793658286333084106e-01,3.679116368293762207e-01,3.523198068141937256e-01,5.842404365539550781e-01
-5.030145645141601562e-01,-5.857369303703308105e-01,3.112370371818542480e-01,-8.220799267292022705e-02,1.005516871809959412e-01,4.446317255496978760e-02,-9.905322790145874023e-01,-1.295369565486907959e-01,-2.366862893104553223e-01,1.246762275695800781e-01,3.674943149089813232e-01,-7.443821430206298828e-02,3.403815329074859619e-01,-1.510152220726013184e-01,2.251657843589782715e-01,2.662584185600280762e-01,-3.139743804931640625e-01,-4.264178872108459473e-01,2.507178783416748047e-01,3.242468237876892090e-01,-3.470912948250770569e-02,-1.800000071525573730e-01,1.462604105472564697e-01,1.838434040546417236e-01,-1.743271797895431519e-01,2.848553657531738281e-01,3.657907247543334961e-01,4.654514789581298828e-01
-4.979870319366455078e-01,-5.868363380432128906e-01,3.128580749034881592e-01,-9.336423128843307495e-02,9.937695413827896118e-02,2.793103083968162537e-02,-9.902662038803100586e-01,-1.496912389993667603e-01,-2.136940211057662964e-01,9.257061034440994263e-02,3.957937955856323242e-01,-6.157165765762329102e-02,3.547165691852569580e-01,-1.804244667291641235e-01,2.229828238487243652e-01,2.588465213775634766e-01,-3.247637450695037842e-01,-4.381031692028045654e-01,2.316273152828216553e-01,3.256385922431945801e-01,-3.610814362764358521e-02,-1.800000071525573730e-01,1.357177942991256714e-01,1.815939992666244507e-01,-1.621385365724563599e-01,2.018492221832275391e-01,3.882769048213958740e-01,3.415770232677459717e-01
-4.928268790245056152e-01,-5.867333412170410156e-01,3.148959577083587646e-01,-9.973189979791641235e-02,9.552069753408432007e-02,1.729769818484783173e-02,-9.902676939964294434e-01,-1.664892733097076416e-01,-1.929141432046890259e-01,5.987969413399696350e-02,4.114694595336914062e-01,-5.040344223380088806e-02,3.500838875770568848e-01,-1.988127827644348145e-01,2.165091484785079956e-01,2.517706155776977539e-01,-3.349160850048065186e-01,-4.569204151630401611e-01,2.302361428737640381e-01,3.382665216922760010e-01,-3.773220255970954895e-02,-1.800000071525573730e-01,1.343566477298736572e-01,1.836457997560501099e-01,-1.512814462184906006e-01,1.475334167480468750e-01,4.191281199455261230e-01,2.798057794570922852e-01
-4.881610274314880371e-01,-5.859385132789611816e-01,3.168361485004425049e-01,-9.859970211982727051e-02,9.252227842807769775e-02,6.168025080114603043e-03,-9.907975196838378906e-01,-1.703214049339294434e-01,-1.735578626394271851e-01,3.879402205348014832e-02,4.136549234390258789e-01,-4.022848978638648987e-02,3.439189493656158447e-01,-2.016838788986206055e-01,2.133563756942749023e-01,2.305591255426406860e-01,-3.463166654109954834e-01,-4.817756712436676025e-01,2.416353374719619751e-01,3.552603721618652344e-01,-3.584811836481094360e-02,-1.800000071525573730e-01,1.435044705867767334e-01,1.821380406618118286e-01,-1.460088640451431274e-01,1.051438823342323303e-01,4.632690548896789551e-01,2.310214638710021973e-01
-4.836143851280212402e-01,-5.848165154457092285e-01,3.183119595050811768e-01,-9.333106130361557007e-02,8.968458324670791626e-02,-5.930855404585599899e-03,-9.915698766708374023e-01,-1.649822890758514404e-01,-1.609694212675094604e-01,3.285899758338928223e-02,4.069511592388153076e-01,-3.182401508092880249e-02,3.420484662055969238e-01,-1.958209276199340820e-01,2.110114097595214844e-01,2.018376886844635010e-01,-3.573597967624664307e-01,-5.170712471008300781e-01,2.635128200054168701e-01,3.712807893753051758e-01,-2.948735840618610382e-02,-1.800000071525573730e-01,1.772153973579406738e-01,1.780092418193817139e-01,-1.415177732706069946e-01,7.427597045898437500e-02,5.604504346847534180e-01,1.943118870258331299e-01
-4.786619842052459717e-01,-5.838488340377807617e-01,3.189240097999572754e-01,-8.832275122404098511e-02,8.540330827236175537e-02,-1.594333164393901825e-02,-9.922959208488464355e-01,-1.585336774587631226e-01,-1.500767618417739868e-01,3.256566077470779419e-02,3.992621600627899170e-01,-2.533451654016971588e-02,3.420999646186828613e-01,-1.902972310781478882e-01,2.037336081266403198e-01,1.920660585165023804e-01,-3.634010553359985352e-01,-5.413526296615600586e-01,2.788252532482147217e-01,3.799075782299041748e-01,-2.641409821808338165e-02,-1.800000071525573730e-01,2.715057432651519775e-01,1.655795723199844360e-01,-1.302891373634338379e-01,5.358363687992095947e-02,7.766611576080322266e-01,1.584854573011398315e-01
-4.726960957050323486e-01,-5.834126472473144531e-01,3.184720575809478760e-01,-8.691404014825820923e-02,7.880806177854537964e-02,-2.454185485839843750e-02,-9.927904605865478516e-01,-1.588902920484542847e-01,-1.348357498645782471e-01,2.920866571366786957e-02,3.981178104877471924e-01,-1.879794709384441376e-02,3.433377146720886230e-01,-1.892660409212112427e-01,1.901893317699432373e-01,2.144734710454940796e-01,-3.641164898872375488e-01,-5.304788351058959961e-01,2.699927091598510742e-01,3.745767176151275635e-01,-4.526344686746597290e-02,-1.800000071525573730e-01,4.210034012794494629e-01,1.413036584854125977e-01,-1.074184924364089966e-01,4.233209043741226196e-02,1.074304699897766113e+00,1.223171353340148926e-01
-4.665727615356445312e-01,-5.833420157432556152e-01,3.171619176864624023e-01,-8.800365030765533447e-02,6.513510644435882568e-02,-3.170124441385269165e-02,-9.934826493263244629e-01,-1.634563207626342773e-01,-1.321942061185836792e-01,2.215157262980937958e-02,3.973837792873382568e-01,-2.364614978432655334e-02,3.390522599220275879e-01,-1.793931722640991211e-01,1.607159674167633057e-01,2.555406987667083740e-01,-3.514975309371948242e-01,-4.823723435401916504e-01,2.520729601383209229e-01,3.589849472045898438e-01,-8.538269996643066406e-02,-1.800000071525573730e-01,5.927203297615051270e-01,1.065635755658149719e-01,-6.684961169958114624e-02,3.351995348930358887e-02,1.382586479187011719e+00,8.457978814840316772e-02
-4.620147645473480225e-01,-5.821002125740051270e-01,3.170992732048034668e-01,-9.001450985670089722e-02,5.534554272890090942e-02,-3.827576711773872375e-02,-9.936645627021789551e-01,-1.713234186172485352e-01,-1.332248300313949585e-01,1.920931041240692139e-02,4.011835157871246338e-01,-2.837376110255718231e-02,3.359762728214263916e-01,-1.636016368865966797e-01,1.384819746017456055e-01,2.759360074996948242e-01,-3.315143585205078125e-01,-4.419348537921905518e-01,2.535802125930786133e-01,3.506719470024108887e-01,-1.368859261274337769e-01,-1.800000071525573730e-01,7.397422194480895996e-01,8.119510859251022339e-02,-2.369355037808418274e-02,1.576569303870201111e-02,1.489998459815979004e+00,5.575191602110862732e-02
-4.600085318088531494e-01,-5.816589593887329102e-01,3.178811371326446533e-01,-8.792798221111297607e-02,5.386538431048393250e-02,-4.851720482110977173e-02,-9.934853911399841309e-01,-1.686893105506896973e-01,-1.245206445455551147e-01,1.909046620130538940e-02,3.987166881561279297e-01,-2.332952246069908142e-02,3.351644873619079590e-01,-1.384111642837524414e-01,1.394204795360565186e-01,2.751981317996978760e-01,-3.139054477214813232e-01,-4.200172722339630127e-01,2.745024263858795166e-01,3.544260263442993164e-01,-1.672175228595733643e-01,-1.800000071525573730e-01,8.927211761474609375e-01,7.204397767782211304e-02,1.973431929945945740e-02,-3.477596212178468704e-03,1.468037962913513184e+00,3.934414312243461609e-02
-4.584578275680541992e-01,-5.818268656730651855e-01,3.196982145309448242e-01,-8.346332609653472900e-02,5.684828013181686401e-02,-5.897071957588195801e-02,-9.931387901306152344e-01,-1.589702069759368896e-01,-1.050077229738235474e-01,1.643420383334159851e-02,3.882134854793548584e-01,-2.196109667420387268e-02,3.434821665287017822e-01,-9.976963698863983154e-02,1.533133238554000854e-01,2.642676234245300293e-01,-2.920864224433898926e-01,-4.085737168788909912e-01,3.155284225940704346e-01,3.660834729671478271e-01,-1.882229000329971313e-01,-1.752880364656448364e-01,9.590942263603210449e-01,7.307615131139755249e-02,7.187293469905853271e-02,-2.470591850578784943e-02,1.245101928710937500e+00,3.418593481183052063e-02
-4.564303457736968994e-01,-5.830450654029846191e-01,3.213786482810974121e-01,-7.868777960538864136e-02,6.057810783386230469e-02,-7.058151811361312866e-02,-9.925506114959716797e-01,-1.448150575160980225e-01,-8.245617151260375977e-02,1.375988032668828964e-02,3.744357526302337646e-01,-4.353077337145805359e-02,3.839340806007385254e-01,-7.528439909219741821e-02,1.694446653127670288e-01,2.529558241367340088e-01,-2.710904777050018311e-01,-4.040415585041046143e-01,3.528602719306945801e-01,3.735253810882568359e-01,-1.520851254463195801e-01,-1.173144876956939697e-01,9.036294221878051758e-01,8.353778719902038574e-02,1.086359694600105286e-01,-4.773281887173652649e-02,9.647729396820068359e-01,4.155543074011802673e-02
-4.533787369728088379e-01,-5.848433375358581543e-01,3.226451575756072998e-01,-7.516165822744369507e-02,6.242049485445022583e-02,-8.820311725139617920e-02,-9.912994503974914551e-01,-1.302290260791778564e-01,-6.581364572048187256e-02,1.260215137153863907e-02,3.625988364219665527e-01,-1.045943275094032288e-01,4.777881801128387451e-01,-6.901555508375167847e-02,1.854550689458847046e-01,2.350678592920303345e-01,-2.696796357631683350e-01,-4.090019464492797852e-01,3.724105656147003174e-01,3.803547918796539307e-01,-7.220870256423950195e-02,-4.115122556686401367e-02,7.537654638290405273e-01,9.585419297218322754e-02,1.301828920841217041e-01,-6.616973131895065308e-02,7.152198553085327148e-01,5.022989213466644287e-02
-4.487379193305969238e-01,-5.875260829925537109e-01,3.227398395538330078e-01,-7.207817584276199341e-02,5.725750327110290527e-02,-1.150905787944793701e-01,-9.890806078910827637e-01,-1.144605204463005066e-01,-6.509728729724884033e-02,1.505134720355272293e-02,3.477483987808227539e-01,-2.332681417465209961e-01,6.415343880653381348e-01,-7.441570609807968140e-02,1.804332137107849121e-01,2.209710329771041870e-01,-2.736405730247497559e-01,-3.983531892299652100e-01,3.656845390796661377e-01,3.752479255199432373e-01,2.902245149016380310e-03,1.779831945896148682e-02,5.637350678443908691e-01,9.481073915958404541e-02,1.463217139244079590e-01,-9.294605255126953125e-02,5.770482420921325684e-01,4.029427841305732727e-02
-4.448651373386383057e-01,-5.898901224136352539e-01,3.216998577117919922e-01,-7.250852137804031372e-02,5.766516551375389099e-02,-1.436077803373336792e-01,-9.852887988090515137e-01,-9.684871882200241089e-02,-6.183240562677383423e-02,3.053967282176017761e-02,3.524389564990997314e-01,-3.548923134803771973e-01,8.195815682411193848e-01,-9.659900516271591187e-02,1.900322288274765015e-01,2.057231068611145020e-01,-2.809614241123199463e-01,-3.852154016494750977e-01,3.442119657993316650e-01,3.557074069976806641e-01,6.989713013172149658e-02,5.936976894736289978e-02,3.893903493881225586e-01,9.086756408214569092e-02,1.533629745244979858e-01,-1.100679859519004822e-01,4.891049861907958984e-01,3.150390088558197021e-02
-4.424466490745544434e-01,-5.899534225463867188e-01,3.201666176319122314e-01,-8.138488233089447021e-02,6.354791671037673950e-02,-1.663248687982559204e-01,-9.806498885154724121e-01,-9.544140100479125977e-02,-5.142848938703536987e-02,4.687816649675369263e-02,3.893732130527496338e-01,-3.790292441844940186e-01,8.580591678619384766e-01,-1.325041800737380981e-01,2.077250927686691284e-01,1.934958398342132568e-01,-2.788861691951751709e-01,-3.718835711479187012e-01,3.230202794075012207e-01,3.325245380401611328e-01,7.668387889862060547e-02,3.942998871207237244e-02,2.994527816772460938e-01,7.479626685380935669e-02,1.605278253555297852e-01,-1.101280078291893005e-01,3.499346673488616943e-01,4.369581490755081177e-02
-4.392873942852020264e-01,-5.912241339683532715e-01,3.168313801288604736e-01,-1.018968224525451660e-01,7.051967084407806396e-02,-1.843094676733016968e-01,-9.750251173973083496e-01,-1.132093966007232666e-01,-3.508029133081436157e-02,5.965717881917953491e-02,4.391963481903076172e-01,-3.724988698959350586e-01,7.352352142333984375e-01,-1.889154016971588135e-01,2.217812985181808472e-01,2.197693288326263428e-01,-2.676567137241363525e-01,-3.458137512207031250e-01,2.724833488464355469e-01,3.041935265064239502e-01,4.103359952569007874e-02,1.421812456101179123e-02,3.234198689460754395e-01,6.936767697334289551e-02,1.706516444683074951e-01,-1.338783651590347290e-01,3.170940279960632324e-01,8.330403268337249756e-02
-4.331090152263641357e-01,-5.940871238708496094e-01,3.138088881969451904e-01,-1.178455427289009094e-01,7.238300889730453491e-02,-2.092581242322921753e-01,-9.680310487747192383e-01,-1.193934828042984009e-01,-3.387218341231346130e-02,8.071741461753845215e-02,4.557552337646484375e-01,-3.732675313949584961e-01,5.129463076591491699e-01,-2.309874147176742554e-01,2.254880219697952271e-01,2.117536365985870361e-01,-2.607281804084777832e-01,-3.262642621994018555e-01,2.350864708423614502e-01,2.913057506084442139e-01,8.079746738076210022e-03,-3.551708941813558340e-04,3.335946798324584961e-01,7.098469138145446777e-02,1.768600493669509888e-01,-1.628056168556213379e-01,2.995926737785339355e-01,1.457119286060333252e-01
-4.238147437572479248e-01,-5.982989668846130371e-01,3.122076690196990967e-01,-1.193300038576126099e-01,6.674461066722869873e-02,-2.427086532115936279e-01,-9.604155421257019043e-01,-9.677252173423767090e-02,-5.369169265031814575e-02,1.092585995793342590e-01,4.415296316146850586e-01,-3.946157097816467285e-01,2.528844475746154785e-01,-2.418757677078247070e-01,2.150913327932357788e-01,1.700596213340759277e-01,-2.562308311462402344e-01,-3.119035959243774414e-01,2.136562615633010864e-01,2.772075831890106201e-01,-1.518598198890686035e-02,-8.884284645318984985e-03,3.245690464973449707e-01,7.613417506217956543e-02,1.811153739690780640e-01,-1.910713762044906616e-01,2.843807339668273926e-01,2.173692584037780762e-01
-4.125907123088836670e-01,-6.026730537414550781e-01,3.104668855667114258e-01,-1.095155477523803711e-01,5.748433992266654968e-02,-2.799349129199981689e-01,-9.520180225372314453e-01,-4.950302466750144958e-02,-8.554205298423767090e-02,1.449648588895797729e-01,4.164283573627471924e-01,-3.934718370437622070e-01,6.456071976572275162e-03,-2.314930856227874756e-01,1.890867203474044800e-01,1.220337077975273132e-01,-2.470006346702575684e-01,-2.964852154254913330e-01,1.881899684667587280e-01,2.589267492294311523e-01,-4.300607740879058838e-02,-2.126861177384853363e-02,3.136033713817596436e-01,7.440236955881118774e-02,1.867346167564392090e-01,-1.952319145202636719e-01,2.783607542514801025e-01,3.380152583122253418e-01
-4.012678563594818115e-01,-6.055896878242492676e-01,3.079682588577270508e-01,-1.191583722829818726e-01,4.999908059835433960e-02,-3.114801645278930664e-01,-9.414252638816833496e-01,-3.702562674880027771e-02,-1.061307117342948914e-01,1.954165101051330566e-01,4.354815185070037842e-01,-4.123837053775787354e-01,9.881605476676875392e-18,-2.522639334201812744e-01,1.733623594045639038e-01,8.747790753841400146e-02,-2.319086492061614990e-01,-2.904514968395233154e-01,1.719681471586227417e-01,2.362792938947677612e-01,-6.973244249820709229e-02,-3.757049515843391418e-02,3.000089526176452637e-01,7.413728535175323486e-02,1.924240142107009888e-01,-1.535297781229019165e-01,2.849923074245452881e-01,5.530676245689392090e-01
-3.902916312217712402e-01,-6.081976294517517090e-01,3.060893714427947998e-01,-1.261761039495468140e-01,3.987202048301696777e-02,-3.279480636119842529e-01,-9.353821873664855957e-01,-1.896395161747932434e-02,-1.106586381793022156e-01,2.021960169076919556e-01,4.464049041271209717e-01,-3.324209451675415039e-01,-2.990750862325488365e-19,-2.570054233074188232e-01,1.525615751743316650e-01,8.765120804309844971e-02,-2.204127460718154907e-01,-2.644131779670715332e-01,1.474599093198776245e-01,2.151260823011398315e-01,-8.487790077924728394e-02,-6.316675245761871338e-02,2.770442664623260498e-01,5.708477646112442017e-02,1.723629832267761230e-01,-8.599276770837605000e-04,2.913916707038879395e-01,9.460813403129577637e-01
-3.785882890224456787e-01,-6.108157038688659668e-01,3.052886128425598145e-01,-1.441431343555450439e-01,3.143550083041191101e-02,-3.431835472583770752e-01,-9.276096224784851074e-01,-3.063170425593852997e-02,-1.054305061697959900e-01,1.835445016622543335e-01,4.653822779655456543e-01,-3.153939843177795410e-01,5.593134835362434387e-02,-2.601210474967956543e-01,1.580919325351715088e-01,8.942003548145294189e-02,-2.275710999965667725e-01,-2.261909544467926025e-01,1.351222693920135498e-01,2.040960490703582764e-01,-8.090681582689285278e-02,-1.098333150148391724e-01,2.503303289413452148e-01,3.787561133503913879e-02,1.346924006938934326e-01,1.867418587207794189e-01,2.989405691623687744e-01,1.307833790779113770e+00
-3.683910667896270752e-01,-6.135274767875671387e-01,3.068175911903381348e-01,-1.522151529788970947e-01,2.583244815468788147e-03,-3.513354957103729248e-01,-9.237896203994750977e-01,-4.658363386988639832e-02,-1.651424020528793335e-01,1.883191317319869995e-01,4.680134654045104980e-01,-3.341999650001525879e-01,9.281051158905029297e-02,-2.757100462913513184e-01,1.046223193407058716e-01,1.034463718533515930e-01,-2.313221096992492676e-01,-1.951636523008346558e-01,1.046709269285202026e-01,1.978870481252670288e-01,-9.096699208021163940e-02,-1.330165565013885498e-01,2.284165471792221069e-01,2.232003211975097656e-02,5.301106721162796021e-02,3.788917362689971924e-01,3.076942265033721924e-01,1.453548431396484375e+00
-3.588609695434570312e-01,-6.162337064743041992e-01,3.100873529911041260e-01,-1.545471847057342529e-01,-5.464003421366214752e-03,-3.568105399608612061e-01,-9.212880134582519531e-01,-3.573957458138465881e-02,-1.774068623781204224e-01,1.660395711660385132e-01,4.547635316848754883e-01,-3.229614496231079102e-01,1.012591198086738586e-01,-2.731341421604156494e-01,9.103406220674514771e-02,1.531796604394912720e-01,-2.361604720354080200e-01,-1.550452560186386108e-01,5.292282253503799438e-02,1.825052201747894287e-01,-7.317313551902770996e-02,-1.517419964075088501e-01,1.867843121290206909e-01,-8.972006849944591522e-03,-3.122388944029808044e-02,5.312936902046203613e-01,3.152326345443725586e-01,1.322302579879760742e+00
-3.505191504955291748e-01,-6.195672750473022461e-01,3.134177029132843018e-01,-1.562454700469970703e-01,-7.170964498072862625e-03,-3.659453094005584717e-01,-9.173984527587890625e-01,-1.928501017391681671e-02,-1.845927685499191284e-01,1.539054512977600098e-01,4.410699307918548584e-01,-2.961559295654296875e-01,1.024481654167175293e-01,-2.705056071281433105e-01,9.725847840309143066e-02,1.959685683250427246e-01,-2.437017112970352173e-01,-1.177149489521980286e-01,-5.413363687694072723e-03,1.657099723815917969e-01,-4.433868452906608582e-02,-1.666358411312103271e-01,1.508823484182357788e-01,1.375248190015554428e-02,-9.111940860748291016e-02,5.716310143470764160e-01,3.314145803451538086e-01,1.030424356460571289e+00
-3.425457477569580078e-01,-6.213625073432922363e-01,3.157413601875305176e-01,-1.572013050317764282e-01,1.732857665047049522e-03,-3.787051737308502197e-01,-9.120674729347229004e-01,4.213104024529457092e-03,-1.990762650966644287e-01,2.198970913887023926e-01,4.282908439636230469e-01,-2.495412826538085938e-01,1.162383779883384705e-01,-2.597154974937438965e-01,1.388698965311050415e-01,2.037996053695678711e-01,-2.696703076362609863e-01,-1.027032956480979919e-01,-3.953465819358825684e-02,1.635310798883438110e-01,-1.610964909195899963e-02,-1.799998134374618530e-01,1.361213177442550659e-01,1.059858798980712891e-01,-1.298131942749023438e-01,5.025638341903686523e-01,3.516806662082672119e-01,7.832262516021728516e-01
-3.348228037357330322e-01,-6.209211945533752441e-01,3.167629837989807129e-01,-1.489226967096328735e-01,2.093365415930747986e-02,-3.943700194358825684e-01,-9.065628051757812500e-01,4.529977589845657349e-02,-2.405096292495727539e-01,3.740923106670379639e-01,4.014974236488342285e-01,-1.875940412282943726e-01,1.397072672843933105e-01,-2.227048128843307495e-01,1.961784660816192627e-01,1.713933199644088745e-01,-3.085552752017974854e-01,-1.089578717947006226e-01,-3.997850045561790466e-02,1.825538426637649536e-01,-1.283903373405337334e-03,-1.800000071525573730e-01,1.340372115373611450e-01,2.055212855339050293e-01,-1.596683263778686523e-01,3.872169852256774902e-01,3.584791123867034912e-01,6.486068964004516602e-01
-3.290923833847045898e-01,-6.198087334632873535e-01,3.168274760246276855e-01,-1.350581198930740356e-01,3.657444939017295837e-02,-4.084396958351135254e-01,-9.019970297813415527e-01,7.041949778795242310e-02,-2.859830856323242188e-01,5.284437537193298340e-01,3.670940101146697998e-01,-1.431464701890945435e-01,1.651752740144729614e-01,-1.780126392841339111e-01,2.273532599210739136e-01,1.442826986312866211e-01,-3.294261395931243896e-01,-1.172458603978157043e-01,-3.911615908145904541e-02,1.967012137174606323e-01,4.289603326469659805e-03,-1.800000071525573730e-01,1.245202198624610901e-01,2.548982501029968262e-01,-1.601118296384811401e-01,2.749789655208587646e-01,3.629601597785949707e-01,5.495125651359558105e-01
-3.259271085262298584e-01,-6.179030537605285645e-01,3.168275654315948486e-01,-1.269775480031967163e-01,4.062945023179054260e-02,-4.200586676597595215e-01,-8.976506590843200684e-01,3.313217312097549438e-02,-3.029906749725341797e-01,5.828467607498168945e-01,3.545887172222137451e-01,-1.273488253355026245e-01,1.897545158863067627e-01,-1.609950363636016846e-01,2.341535091400146484e-01,1.332317590713500977e-01,-3.404154181480407715e-01,-1.234537512063980103e-01,-4.984669387340545654e-02,1.995363086462020874e-01,5.591536872088909149e-03,-1.800000071525573730e-01,1.143527850508689880e-01,2.602325677871704102e-01,-1.437091678380966187e-01,1.934355348348617554e-01,3.699445426464080811e-01,4.515829682350158691e-01
-3.231928050518035889e-01,-6.147431135177612305e-01,3.167633712291717529e-01,-1.205303445458412170e-01,3.853198885917663574e-02,-4.290319085121154785e-01,-8.943821191787719727e-01,-2.672084234654903412e-02,-2.936050295829772949e-01,4.789993762969970703e-01,3.476215600967407227e-01,-1.231932118535041809e-01,2.059015035629272461e-01,-1.567476689815521240e-01,2.249742001295089722e-01,1.311028897762298584e-01,-3.429535031318664551e-01,-1.300197988748550415e-01,-6.683369725942611694e-02,1.947803646326065063e-01,1.719992840662598610e-03,-1.800000071525573730e-01,1.052658781409263611e-01,2.455626875162124634e-01,-1.362181901931762695e-01,1.368458420038223267e-01,3.837770819664001465e-01,3.344222009181976318e-01
-3.206129074096679688e-01,-6.098158359527587891e-01,3.168298304080963135e-01,-1.146867796778678894e-01,3.288641199469566345e-02,-4.341365993022918701e-01,-8.929114341735839844e-01,-8.303976058959960938e-02,-2.639851272106170654e-01,2.625631093978881836e-01,3.413782119750976562e-01,-1.239810436964035034e-01,2.140346020460128784e-01,-1.523047834634780884e-01,2.072752118110656738e-01,1.168518438935279846e-01,-3.471854329109191895e-01,-1.311114430427551270e-01,-8.357813954353332520e-02,1.999826878309249878e-01,-8.863050490617752075e-03,-1.800000071525573730e-01,1.046489179134368896e-01,2.325330078601837158e-01,-1.366277486085891724e-01,1.091607213020324707e-01,3.983456492424011230e-01,2.939395904541015625e-01
-3.170119225978851318e-01,-6.071480512619018555e-01,3.179046213626861572e-01,-1.055517271161079407e-01,3.453708440065383911e-02,-4.420983791351318359e-01,-8.900646567344665527e-01,-7.435499131679534912e-02,-2.277588546276092529e-01,2.002421915531158447e-01,3.191954791545867920e-01,-1.086321100592613220e-01,2.195587158203125000e-01,-1.349166333675384521e-01,2.030310183763504028e-01,9.362189471721649170e-02,-3.564498424530029297e-01,-1.224093884229660034e-01,-1.084996983408927917e-01,2.054157853126525879e-01,-1.668938621878623962e-02,-1.800000071525573730e-01,1.096147745847702026e-01,2.246081978082656860e-01,-1.372341513633728027e-01,8.587150275707244873e-02,4.088773429393768311e-01,2.653486728668212891e-01
-3.135022819042205811e-01,-6.039022803306579590e-01,3.181591331958770752e-01,-1.015742272138595581e-01,3.780133649706840515e-02,-4.528670907020568848e-01,-8.849661946296691895e-01,-5.491195991635322571e-02,-1.492271721363067627e-01,1.262694299221038818e-01,3.133370578289031982e-01,-1.018724590539932251e-01,2.445526272058486938e-01,-1.294668018817901611e-01,2.032838016748428345e-01,7.133036851882934570e-02,-3.604513108730316162e-01,-1.046181917190551758e-01,-1.495651155710220337e-01,2.039019167423248291e-01,-2.101476117968559265e-02,-1.800000071525573730e-01,9.791137278079986572e-02,2.148669958114624023e-01,-1.368233859539031982e-01,6.218124553561210632e-02,4.197863042354583740e-01,2.410860806703567505e-01
-3.093958795070648193e-01,-6.004636883735656738e-01,3.189395964145660400e-01,-9.974604845046997070e-02,3.906429931521415710e-02,-4.649968445301055908e-01,-8.788075447082519531e-01,-3.612275794148445129e-02,-1.092608198523521423e-01,8.380572497844696045e-02,3.133043646812438965e-01,-9.813654422760009766e-02,2.672910690307617188e-01,-1.330177336931228638e-01,2.013611495494842529e-01,5.818725004792213440e-02,-3.625099956989288330e-01,-7.604280859231948853e-02,-2.248905897140502930e-01,2.021150887012481689e-01,-3.216563165187835693e-02,-1.800000071525573730e-01,1.059219092130661011e-01,2.002851963043212891e-01,-1.346076726913452148e-01,4.453888908028602600e-02,4.785121381282806396e-01,2.212671339511871338e-01
-3.047996461391448975e-01,-5.964176058769226074e-01,3.200394511222839355e-01,-1.014881879091262817e-01,3.231201320886611938e-02,-4.766800999641418457e-01,-8.726007938385009766e-01,-3.672831133008003235e-02,-8.195184171199798584e-02,3.243056312203407288e-02,3.243963718414306641e-01,-9.672262519598007202e-02,2.786511182785034180e-01,-1.548108011484146118e-01,1.882465481758117676e-01,6.081655621528625488e-02,-3.644132018089294434e-01,-2.228520624339580536e-02,-3.219211399555206299e-01,2.015875726938247681e-01,-5.635184422135353088e-02,-1.800000071525573730e-01,1.685670018196105957e-01,1.814025938510894775e-01,-1.306698918342590332e-01,2.544910460710525513e-02,6.382619142532348633e-01,1.917516142129898071e-01
-3.012478649616241455e-01,-5.916701555252075195e-01,3.206322789192199707e-01,-9.941175580024719238e-02,1.982063800096511841e-02,-4.831984639167785645e-01,-8.696227073669433594e-01,-4.534265026450157166e-02,-8.152943104505538940e-02,7.690057158470153809e-03,3.307181000709533691e-01,-1.079059168696403503e-01,2.784275114536285400e-01,-1.749498546123504639e-01,1.630029678344726562e-01,7.621021568775177002e-02,-3.679190278053283691e-01,2.636667154729366302e-02,-4.002758860588073730e-01,2.030467391014099121e-01,-8.080048114061355591e-02,-1.800000071525573730e-01,3.071384727954864502e-01,1.622270345687866211e-01,-1.255086660385131836e-01,1.055373065173625946e-02,9.288082718849182129e-01,1.639305055141448975e-01
-2.989648580551147461e-01,-5.872387290000915527e-01,3.203599154949188232e-01,-8.887928724288940430e-02,1.040035951882600784e-02,-4.875368773937225342e-01,-8.685045242309570312e-01,-3.966798633337020874e-02,-9.318208694458007812e-02,4.025559406727552414e-03,3.197180032730102539e-01,-1.170196160674095154e-01,2.661312520503997803e-01,-1.747339516878128052e-01,1.409079432487487793e-01,8.758059889078140259e-02,-3.778015673160552979e-01,6.402038782835006714e-02,-4.519983530044555664e-01,2.076825797557830811e-01,-7.847493886947631836e-02,-1.800000071525573730e-01,4.760983884334564209e-01,1.439953893423080444e-01,-1.217203065752983093e-01,8.601201698184013367e-03,1.261924028396606445e+00,1.380607187747955322e-01
-2.978284955024719238e-01,-5.832480192184448242e-01,3.200062513351440430e-01,-7.697319984436035156e-02,6.930995732545852661e-03,-4.901393353939056396e-01,-8.682110905647277832e-01,-2.713585086166858673e-02,-9.731607884168624878e-02,7.141700480133295059e-03,3.045090138912200928e-01,-1.191928088665008545e-01,2.527739703655242920e-01,-1.588484197854995728e-01,1.288278549909591675e-01,9.155122190713882446e-02,-3.833593428134918213e-01,8.964680135250091553e-02,-4.760809242725372314e-01,2.085008323192596436e-01,-5.956774950027465820e-02,-1.800000071525573730e-01,6.217821836471557617e-01,1.303851008415222168e-01,-1.131341680884361267e-01,7.767881266772747040e-03,1.489167213439941406e+00,1.142797544598579407e-01
-2.986472845077514648e-01,-5.811709165573120117e-01,3.203892707824707031e-01,-6.940011680126190186e-02,1.077345199882984161e-02,-4.930294454097747803e-01,-8.671733140945434570e-01,-1.447990629822015762e-02,-9.234196692705154419e-02,1.454290840774774551e-02,2.936589121818542480e-01,-1.104103475809097290e-01,2.440217435359954834e-01,-1.249816194176673889e-01,1.289777010679244995e-01,6.522563844919204712e-02,-3.799505829811096191e-01,9.424454718828201294e-02,-4.665404558181762695e-01,2.085798382759094238e-01,-4.284041747450828552e-02,-1.800000071525573730e-01,7.303162217140197754e-01,1.249956265091896057e-01,-9.371396899223327637e-02,2.584808506071567535e-03,1.487838387489318848e+00,1.016863435506820679e-01
-3.001587986946105957e-01,-5.809544920921325684e-01,3.216038644313812256e-01,-6.795047968626022339e-02,2.098497375845909119e-02,-4.961752891540527344e-01,-8.653048276901245117e-01,-3.860311117023229599e-03,-7.479000091552734375e-02,2.041616104543209076e-02,2.895436286926269531e-01,-9.150380641222000122e-02,2.419053465127944946e-01,-8.054287731647491455e-02,1.452088356018066406e-01,3.846940770745277405e-02,-3.698922395706176758e-01,9.318679571151733398e-02,-4.340336024761199951e-01,2.003619819879531860e-01,-4.218040034174919128e-02,-1.800000071525573730e-01,7.773770689964294434e-01,1.254951953887939453e-01,-5.748135596513748169e-02,6.015693652443587780e-04,1.213714361190795898e+00,1.051897183060646057e-01
-3.011692166328430176e-01,-5.803217291831970215e-01,3.227697908878326416e-01,-7.009046524763107300e-02,2.915856987237930298e-02,-4.962664544582366943e-01,-8.648449182510375977e-01,-1.398080843500792980e-03,-5.538478493690490723e-02,2.364041097462177277e-02,2.924090623855590820e-01,-7.389196008443832397e-02,2.430856525897979736e-01,-4.327617958188056946e-02,1.605820804834365845e-01,3.417164087295532227e-02,-3.607376515865325928e-01,9.556133300065994263e-02,-3.905069530010223389e-01,1.921339929103851318e-01,-1.542518846690654755e-02,-1.700013428926467896e-01,6.535542011260986328e-01,1.299737542867660522e-01,-1.480428036302328110e-02,-7.062581833451986313e-03,7.651437520980834961e-01,1.151620000600814819e-01
-3.004493415355682373e-01,-5.769858956336975098e-01,3.229204416275024414e-01,-6.819935888051986694e-02,2.863568067550659180e-02,-4.957924187183380127e-01,-8.652853369712829590e-01,-2.862821333110332489e-03,-4.818719252943992615e-02,2.583223767578601837e-02,2.943560481071472168e-01,-6.922706216573715210e-02,2.447863966226577759e-01,-3.286774456501007080e-02,1.560097187757492065e-01,4.990825802087783813e-02,-3.670673370361328125e-01,9.231603145599365234e-02,-3.521209657192230225e-01,2.008920460939407349e-01,6.688227504491806030e-02,-1.313473135232925415e-01,4.595452845096588135e-01,1.307679861783981323e-01,4.759768024086952209e-03,-2.338720113039016724e-02,5.835641026496887207e-01,1.228665560483932495e-01
-3.009847998619079590e-01,-5.730414390563964844e-01,3.232090175151824951e-01,-6.426198035478591919e-02,2.642671018838882446e-02,-4.975743591785430908e-01,-8.646339178085327148e-01,-6.764783523976802826e-03,-5.175172165036201477e-02,3.257544711232185364e-02,2.964848577976226807e-01,-7.043343782424926758e-02,2.441337257623672485e-01,-3.678413853049278259e-02,1.495686322450637817e-01,4.221067577600479126e-02,-3.830596506595611572e-01,6.089166551828384399e-02,-3.159884810447692871e-01,2.143430560827255249e-01,1.202871352434158325e-01,-1.099667921662330627e-01,3.078693747520446777e-01,1.304204463958740234e-01,2.868011593818664551e-03,-3.086863271892070770e-02,4.997527003288269043e-01,1.324750483036041260e-01
-3.014865815639495850e-01,-5.688518285751342773e-01,3.236521780490875244e-01,-6.000462546944618225e-02,2.386243641376495361e-02,-5.002024173736572266e-01,-8.634972572326660156e-01,-1.064163260161876678e-02,-5.308457091450691223e-02,3.596443682909011841e-02,2.979389429092407227e-01,-6.942637264728546143e-02,2.392212599515914917e-01,-4.051693528890609741e-02,1.368099004030227661e-01,3.441771864891052246e-02,-3.778142035007476807e-01,3.483363613486289978e-02,-2.985981404781341553e-01,2.089111655950546265e-01,1.175062283873558044e-01,-1.166978031396865845e-01,2.381004542112350464e-01,1.178309693932533264e-01,3.420825349166989326e-03,-2.945200540125370026e-02,4.155483245849609375e-01,1.458075940608978271e-01
-3.018714785575866699e-01,-5.649495124816894531e-01,3.238964378833770752e-01,-5.469424277544021606e-02,2.075244300067424774e-02,-5.018293261528015137e-01,-8.629862070083618164e-01,-1.293331012129783630e-02,-5.536702275276184082e-02,3.788165748119354248e-02,2.967761754989624023e-01,-7.350523024797439575e-02,2.353779077529907227e-01,-4.630261659622192383e-02,1.203620359301567078e-01,3.587634861469268799e-02,-3.733286857604980469e-01,2.010060660541057587e-02,-2.887399494647979736e-01,2.077027857303619385e-01,9.557400643825531006e-02,-1.175627335906028748e-01,2.305952310562133789e-01,1.041698604822158813e-01,1.194669748656451702e-03,-2.416294254362583160e-02,3.919081389904022217e-01,1.712318509817123413e-01
-3.025936186313629150e-01,-5.611117482185363770e-01,3.239900767803192139e-01,-4.925776645541191101e-02,1.836617104709148407e-02,-5.045905113220214844e-01,-8.617568016052246094e-01,-1.462485548108816147e-02,-5.766403675079345703e-02,4.144867882132530212e-02,2.950788438320159912e-01,-7.924468815326690674e-02,2.361384183168411255e-01,-4.744689911603927612e-02,1.044271439313888550e-01,2.128302864730358124e-02,-3.701486289501190186e-01,5.901004187762737274e-04,-2.735435664653778076e-01,2.078198641538619995e-01,8.388775587081909180e-02,-1.127677485346794128e-01,2.142355442047119141e-01,9.897242486476898193e-02,-6.295788916759192944e-04,-3.263512998819351196e-02,3.791303336620330811e-01,1.897363662719726562e-01
-3.032665252685546875e-01,-5.576200485229492188e-01,3.240045011043548584e-01,-4.393475130200386047e-02,1.574286259710788727e-02,-5.073539614677429199e-01,-8.604730367660522461e-01,-1.569117791950702667e-02,-6.193847954273223877e-02,4.552179574966430664e-02,2.919465303421020508e-01,-8.634364604949951172e-02,2.388975918292999268e-01,-4.534737020730972290e-02,8.818909525871276855e-02,6.482110358774662018e-03,-3.673430085182189941e-01,-1.044702623039484024e-02,-2.560378015041351318e-01,2.053629755973815918e-01,7.492870092391967773e-02,-1.123386323451995850e-01,2.013674527406692505e-01,9.507890790700912476e-02,1.817189506255090237e-03,-4.204478114843368530e-02,3.778159618377685547e-01,2.064362764358520508e-01
-3.037493824958801270e-01,-5.545499920845031738e-01,3.239663541316986084e-01,-3.881905227899551392e-02,1.434986200183629990e-02,-5.098996162414550781e-01,-8.592377901077270508e-01,-1.468410063534975052e-02,-6.457044929265975952e-02,5.057712271809577942e-02,2.883003652095794678e-01,-9.018573909997940063e-02,2.418368607759475708e-01,-4.078212380409240723e-02,7.522115111351013184e-02,-1.429034047760069370e-03,-3.658623099327087402e-01,-2.089282125234603882e-02,-2.385344803333282471e-01,1.971989572048187256e-01,6.147164478898048401e-02,-1.173788607120513916e-01,1.981951445341110229e-01,8.813474327325820923e-02,7.632486987859010696e-03,-5.023635551333427429e-02,3.779563009738922119e-01,2.105039358139038086e-01
-3.041946887969970703e-01,-5.514775514602661133e-01,3.239547610282897949e-01,-3.403903171420097351e-02,1.382373645901679993e-02,-5.122737884521484375e-01,-8.580359816551208496e-01,-1.223151106387376785e-02,-6.610780954360961914e-02,5.651761218905448914e-02,2.848218083381652832e-01,-9.186436980962753296e-02,2.442839145660400391e-01,-3.625808283686637878e-02,6.599160283803939819e-02,-8.386041969060897827e-03,-3.658868372440338135e-01,-3.335198014974594116e-02,-2.257619649171829224e-01,1.838399320840835571e-01,5.010521039366722107e-02,-1.224943995475769043e-01,1.962138861417770386e-01,8.067273348569869995e-02,1.216365955770015717e-02,-5.838450789451599121e-02,3.817977607250213623e-01,2.053247243165969849e-01
-3.049528300762176514e-01,-5.483919382095336914e-01,3.239015638828277588e-01,-2.959477901458740234e-02,1.314000692218542099e-02,-5.137171745300292969e-01,-8.573483228683471680e-01,-1.188225951045751572e-02,-6.818524748086929321e-02,6.266802549362182617e-02,2.833355367183685303e-01,-9.519602358341217041e-02,2.463709414005279541e-01,-3.383292630314826965e-02,5.707542225718498230e-02,-1.459217723459005356e-02,-3.655210435390472412e-01,-4.542720690369606018e-02,-2.184987366199493408e-01,1.703891456127166748e-01,4.025762900710105896e-02,-1.251673996448516846e-01,1.914753615856170654e-01,7.315955311059951782e-02,1.456855796277523041e-02,-6.514582037925720215e-02,3.804244399070739746e-01,2.007952481508255005e-01
-3.060687482357025146e-01,-5.453307032585144043e-01,3.237260878086090088e-01,-2.484201081097126007e-02,1.300980057567358017e-02,-5.139613747596740723e-01,-8.573548197746276855e-01,-1.188130583614110947e-02,-7.003801316022872925e-02,7.161260396242141724e-02,2.822919487953186035e-01,-9.946362674236297607e-02,2.487994879484176636e-01,-3.168686106801033020e-02,4.827657714486122131e-02,-1.859322190284729004e-02,-3.632239997386932373e-01,-5.210911855101585388e-02,-2.114416062831878662e-01,1.577909588813781738e-01,3.075423277914524078e-02,-1.257721334695816040e-01,1.870845407247543335e-01,6.630984693765640259e-02,1.531044021248817444e-02,-7.140707969665527344e-02,3.797644376754760742e-01,1.989930868148803711e-01
-3.072634637355804443e-01,-5.424425601959228516e-01,3.235076069831848145e-01,-1.962732337415218353e-02,1.400513481348752975e-02,-5.135927796363830566e-01,-8.576952219009399414e-01,-1.016668044030666351e-02,-7.088259607553482056e-02,8.225504308938980103e-02,2.796949446201324463e-01,-1.050087213516235352e-01,2.534293830394744873e-01,-2.850173600018024445e-02,4.144620150327682495e-02,-2.016831003129482269e-02,-3.616561293601989746e-01,-5.546042323112487793e-02,-2.022525221109390259e-01,1.499736309051513672e-01,2.103173919022083282e-02,-1.252837181091308594e-01,1.847409158945083618e-01,6.074241176247596741e-02,1.488661020994186401e-02,-7.689394801855087280e-02,3.777885138988494873e-01,2.004117667675018311e-01
-3.083867728710174561e-01,-5.397823452949523926e-01,3.233149945735931396e-01,-1.486098393797874451e-02,1.466007344424724579e-02,-5.129527449607849121e-01,-8.581629991531372070e-01,-9.581727907061576843e-03,-7.109260559082031250e-02,9.117297083139419556e-02,2.771908640861511230e-01,-1.145353317260742188e-01,2.629088163375854492e-01,-2.604829147458076477e-02,3.518352285027503967e-02,-1.979084312915802002e-02,-3.605412542819976807e-01,-5.795056000351905823e-02,-1.949997097253799438e-01,1.449319869279861450e-01,1.255020499229431152e-02,-1.247165203094482422e-01,1.830078512430191040e-01,5.632396042346954346e-02,1.429920364171266556e-02,-8.204805850982666016e-02,3.757063448429107666e-01,2.029325664043426514e-01
-3.093214929103851318e-01,-5.374198555946350098e-01,3.232263922691345215e-01,-1.090082898736000061e-02,1.510172057896852493e-02,-5.128332376480102539e-01,-8.582862019538879395e-01,-9.225022979080677032e-03,-7.016549259424209595e-02,9.708622843027114868e-02,2.745731472969055176e-01,-1.301319450139999390e-01,2.831014394760131836e-01,-2.451690658926963806e-02,3.054840117692947388e-02,-2.200149931013584137e-02,-3.598445057868957520e-01,-6.003705412149429321e-02,-1.864316314458847046e-01,1.388307958841323853e-01,4.729509353637695312e-03,-1.239285990595817566e-01,1.805954724550247192e-01,5.348343029618263245e-02,1.326485909521579742e-02,-8.564992994070053101e-02,3.683046698570251465e-01,2.074287980794906616e-01
-3.098801076412200928e-01,-5.354455113410949707e-01,3.231774568557739258e-01,-7.905971258878707886e-03,1.495879981666803360e-02,-5.129708647727966309e-01,-8.582392930984497070e-01,-9.172020480036735535e-03,-6.972356140613555908e-02,1.015404537320137024e-01,2.712179720401763916e-01,-1.577896624803543091e-01,3.208361864089965820e-01,-2.496486715972423553e-02,2.660614997148513794e-02,-2.426359802484512329e-02,-3.591240048408508301e-01,-6.197803094983100891e-02,-1.793555617332458496e-01,1.340592652559280396e-01,-9.491586242802441120e-04,-1.221029236912727356e-01,1.786095649003982544e-01,5.129783600568771362e-02,1.154523435980081558e-02,-8.919376134872436523e-02,3.654454648494720459e-01,2.100859135389328003e-01
-3.098775446414947510e-01,-5.338625311851501465e-01,3.230738639831542969e-01,-7.141145877540111542e-03,1.547790132462978363e-02,-5.144025683403015137e-01,-8.573794364929199219e-01,-9.027444757521152496e-03,-6.815117597579956055e-02,1.075845956802368164e-01,2.717610299587249756e-01,-2.007637619972229004e-01,3.841649889945983887e-01,-2.765875495970249176e-02,2.651114761829376221e-02,-2.919900231063365936e-02,-3.592660129070281982e-01,-6.508541107177734375e-02,-1.769909262657165527e-01,1.321094036102294922e-01,-5.780369509011507034e-03,-1.205841749906539917e-01,1.769681572914123535e-01,5.018092691898345947e-02,1.023023482412099838e-02,-9.224514663219451904e-02,3.629922270774841309e-01,2.152204513549804688e-01
-3.091944456100463867e-01,-5.329347252845764160e-01,3.226773440837860107e-01,-9.225854650139808655e-03,1.823900453746318817e-02,-5.184698104858398438e-01,-8.548516035079956055e-01,-5.948796402662992477e-03,-6.422594934701919556e-02,1.195601224899291992e-01,2.794361114501953125e-01,-2.707543075084686279e-01,4.900249838829040527e-01,-3.185430914163589478e-02,3.424396738409996033e-02,-3.974214568734169006e-02,-3.608439564704895020e-01,-7.194685935974121094e-02,-1.753755658864974976e-01,1.295606791973114014e-01,-7.480696309357881546e-03,-1.197360754013061523e-01,1.761029362678527832e-01,5.201220512390136719e-02,9.653519839048385620e-03,-9.614778310060501099e-02,3.659686744213104248e-01,2.210285365581512451e-01
-3.081683516502380371e-01,-5.333189964294433594e-01,3.220735788345336914e-01,-1.148495636880397797e-02,2.288161963224411011e-02,-5.241593122482299805e-01,-8.512352705001831055e-01,5.043394863605499268e-03,-6.262322515249252319e-02,1.391813904047012329e-01,2.839883267879486084e-01,-3.418215215206146240e-01,6.237982511520385742e-01,-3.264819830656051636e-02,4.605003818869590759e-02,-5.285712331533432007e-02,-3.640593886375427246e-01,-8.090540766716003418e-02,-1.755002290010452271e-01,1.297089159488677979e-01,-5.517805460840463638e-03,-1.199199184775352478e-01,1.755732297897338867e-01,5.600577220320701599e-02,1.066739112138748169e-02,-1.011165380477905273e-01,3.704684376716613770e-01,2.227957993745803833e-01
-3.073578178882598877e-01,-5.348485708236694336e-01,3.209257125854492188e-01,-1.471917051821947098e-02,2.604422159492969513e-02,-5.274783968925476074e-01,-8.490415811538696289e-01,1.317707821726799011e-02,-6.575416773557662964e-02,1.585352271795272827e-01,2.883984148502349854e-01,-3.808866441249847412e-01,7.064412832260131836e-01,-3.462536260485649109e-02,5.327304080128669739e-02,-5.853049084544181824e-02,-3.654443621635437012e-01,-8.830392360687255859e-02,-1.784158796072006226e-01,1.300226449966430664e-01,-5.167996976524591446e-03,-1.206753328442573547e-01,1.765937954187393188e-01,5.792950466275215149e-02,1.179473102092742920e-02,-1.040814295411109924e-01,3.754458129405975342e-01,2.264169752597808838e-01
-3.060529828071594238e-01,-5.343959927558898926e-01,3.204779028892517090e-01,-3.027878515422344208e-02,4.720403254032135010e-02,-5.281022787094116211e-01,-8.473269343376159668e-01,2.561184950172901154e-02,4.833000246435403824e-03,1.295699328184127808e-01,3.115161359310150146e-01,-3.234336078166961670e-01,6.224382519721984863e-01,-3.581633418798446655e-02,1.190899536013603210e-01,-5.629990994930267334e-02,-3.785684704780578613e-01,-8.933448046445846558e-02,-1.786174029111862183e-01,1.262865215539932251e-01,1.008915342390537262e-02,-1.227200999855995178e-01,1.724304258823394775e-01,7.354582101106643677e-02,1.407687738537788391e-02,-1.092035397887229919e-01,3.721226155757904053e-01,2.236112058162689209e-01
-3.045322000980377197e-01,-5.351911783218383789e-01,3.184718489646911621e-01,-3.970144689083099365e-02,3.990159556269645691e-02,-5.301905870437622070e-01,-8.460080623626708984e-01,3.211524803191423416e-03,-6.269120611250400543e-03,1.492496877908706665e-01,3.228497505187988281e-01,-3.309582769870758057e-01,4.831243455410003662e-01,-6.102871149778366089e-02,1.093006581068038940e-01,-5.661222711205482483e-02,-3.759352862834930420e-01,-9.797656536102294922e-02,-1.869873553514480591e-01,1.249266117811203003e-01,3.238300094380974770e-03,-1.196972578763961792e-01,1.735131442546844482e-01,6.855142116546630859e-02,1.103222928941249847e-02,-1.124614179134368896e-01,3.797009289264678955e-01,2.321034669876098633e-01
-3.012067675590515137e-01,-5.357061624526977539e-01,3.171653449535369873e-01,-3.986985236406326294e-02,3.091881424188613892e-02,-5.355372428894042969e-01,-8.430031538009643555e-01,-5.559126730076968670e-04,-3.412600606679916382e-02,1.724068075418472290e-01,2.988443970680236816e-01,-3.252403438091278076e-01,2.708140611648559570e-01,-7.332645356655120850e-02,8.587124198675155640e-02,-6.559473276138305664e-02,-3.690193593502044678e-01,-9.936309605836868286e-02,-1.938405036926269531e-01,1.232885643839836121e-01,-9.227943606674671173e-03,-1.164193898439407349e-01,1.720797419548034668e-01,5.768395960330963135e-02,6.923864129930734634e-03,-1.167004108428955078e-01,3.800360560417175293e-01,2.364894747734069824e-01
-2.989355921745300293e-01,-5.354753136634826660e-01,3.170155286788940430e-01,-4.287417978048324585e-02,2.925630100071430206e-02,-5.402458310127258301e-01,-8.399049639701843262e-01,1.150396303273737431e-03,-3.844106197357177734e-02,1.853715926408767700e-01,3.012584745883941650e-01,-3.128104507923126221e-01,2.308558225631713867e-01,-8.172221481800079346e-02,8.631966263055801392e-02,-7.290798425674438477e-02,-3.696280419826507568e-01,-9.908201545476913452e-02,-2.018483877182006836e-01,1.228939816355705261e-01,-1.222806051373481750e-02,-1.154403761029243469e-01,1.698542684316635132e-01,5.616102740168571472e-02,5.157065112143754959e-03,-1.202775388956069946e-01,3.793523907661437988e-01,2.417173981666564941e-01
-2.969463169574737549e-01,-5.350134372711181641e-01,3.167992532253265381e-01,-4.853278771042823792e-02,3.031276166439056396e-02,-5.412228703498840332e-01,-8.389299511909484863e-01,1.991541823372244835e-03,-3.074957616627216339e-02,1.927231997251510620e-01,3.106106817722320557e-01,-2.683766484260559082e-01,2.091241627931594849e-01,-8.715070784091949463e-02,9.374983608722686768e-02,-6.930607557296752930e-02,-3.692269325256347656e-01,-9.384553134441375732e-02,-2.075828462839126587e-01,1.234926506876945496e-01,-1.381573826074600220e-02,-1.179719865322113037e-01,1.669623404741287231e-01,5.294244363903999329e-02,7.303886581212282181e-03,-1.222491785883903503e-01,3.783485591411590576e-01,2.437509149312973022e-01
-2.952235043048858643e-01,-5.346173644065856934e-01,3.169631063938140869e-01,-5.795237049460411072e-02,2.840914763510227203e-02,-5.405572652816772461e-01,-8.388279080390930176e-01,-8.878435939550399780e-03,-2.181127481162548065e-02,1.883366107940673828e-01,3.274089097976684570e-01,-2.383525222539901733e-01,1.869033426046371460e-01,-1.001532375812530518e-01,1.007649675011634827e-01,-6.088070571422576904e-02,-3.696985542774200439e-01,-8.794946223497390747e-02,-2.071501612663269043e-01,1.252369135618209839e-01,-1.465286500751972198e-02,-1.216427013278007507e-01,1.637548953294754028e-01,5.064265429973602295e-02,1.025210972875356674e-02,-1.268235146999359131e-01,3.770220279693603516e-01,2.407226264476776123e-01
-2.938166856765747070e-01,-5.339975357055664062e-01,3.176104426383972168e-01,-6.223985180258750916e-02,2.566461823880672455e-02,-5.383149385452270508e-01,-8.400503396987915039e-01,-1.536035444587469101e-02,-1.863476447761058807e-02,1.778429001569747925e-01,3.341493010520935059e-01,-2.273855209350585938e-01,1.685504615306854248e-01,-1.069509312510490417e-01,1.013558581471443176e-01,-4.888445511460304260e-02,-3.716351389884948730e-01,-8.394820243120193481e-02,-2.092292010784149170e-01,1.250207126140594482e-01,-1.552296988666057587e-02,-1.239836812019348145e-01,1.609864234924316406e-01,4.943291842937469482e-02,1.186682377010583878e-02,-1.344225108623504639e-01,3.760948181152343750e-01,2.342339158058166504e-01
-2.924086451530456543e-01,-5.333248376846313477e-01,3.184680640697479248e-01,-6.131039559841156006e-02,2.228360250592231750e-02,-5.361165404319763184e-01,-8.416196107864379883e-01,-1.471055857837200165e-02,-2.405345439910888672e-02,1.689945757389068604e-01,3.308607339859008789e-01,-2.243171185255050659e-01,1.463261842727661133e-01,-1.074653938412666321e-01,9.546729922294616699e-02,-3.844982013106346130e-02,-3.725043237209320068e-01,-8.386795967817306519e-02,-2.146431654691696167e-01,1.228789687156677246e-01,-1.706171035766601562e-02,-1.242822483181953430e-01,1.587348580360412598e-01,4.974660649895668030e-02,1.224373374134302139e-02,-1.438420116901397705e-01,3.742576241493225098e-01,2.286667227745056152e-01
-2.908267676830291748e-01,-5.328460931777954102e-01,3.192068040370941162e-01,-6.056078895926475525e-02,2.019724994897842407e-02,-5.356798171997070312e-01,-8.420044779777526855e-01,-1.136123668402433395e-02,-2.550290152430534363e-02,1.602333635091781616e-01,3.276320695877075195e-01,-2.166860848665237427e-01,1.273417770862579346e-01,-1.089790165424346924e-01,9.265984594821929932e-02,-3.352643176913261414e-02,-3.725613951683044434e-01,-8.406311273574829102e-02,-2.230420857667922974e-01,1.219547465443611145e-01,-1.898496598005294800e-02,-1.223659887909889221e-01,1.583130657672882080e-01,4.913228005170822144e-02,9.348645806312561035e-03,-1.483912020921707153e-01,3.722280561923980713e-01,2.278176844120025635e-01
-2.891892194747924805e-01,-5.326995253562927246e-01,3.196803927421569824e-01,-6.230319291353225708e-02,1.932286657392978668e-02,-5.365842580795288086e-01,-8.413217663764953613e-01,-9.404362179338932037e-03,-2.065068110823631287e-02,1.523954123258590698e-01,3.280310928821563721e-01,-2.024123370647430420e-01,1.141077205538749695e-01,-1.135661303997039795e-01,9.521348774433135986e-02,-3.184555843472480774e-02,-3.718079030513763428e-01,-8.076574653387069702e-02,-2.298737615346908569e-01,1.236689463257789612e-01,-2.003207802772521973e-02,-1.199974939227104187e-01,1.595340222120285034e-01,4.725825786590576172e-02,6.128728389739990234e-03,-1.475226432085037231e-01,3.713578283786773682e-01,2.292604744434356689e-01
-2.877901792526245117e-01,-5.326845049858093262e-01,3.199379146099090576e-01,-6.657427549362182617e-02,1.827917434275150299e-02,-5.369064807891845703e-01,-8.408122062683105469e-01,-1.285262592136859894e-02,-1.579132303595542908e-02,1.480778008699417114e-01,3.332180976867675781e-01,-1.917039155960083008e-01,1.109675094485282898e-01,-1.211730614304542542e-01,9.996397048234939575e-02,-2.795635350048542023e-02,-3.692357242107391357e-01,-7.233458757400512695e-02,-2.347940355539321899e-01,1.262745559215545654e-01,-2.050273492932319641e-02,-1.188936010003089905e-01,1.615976691246032715e-01,4.468445479869842529e-02,4.523631650954484940e-03,-1.449721306562423706e-01,3.715452551841735840e-01,2.285981029272079468e-01
-2.866315841674804688e-01,-5.327820777893066406e-01,3.201130032539367676e-01,-7.026548683643341064e-02,1.728218235075473785e-02,-5.366342067718505859e-01,-8.407067656517028809e-01,-1.675168052315711975e-02,-1.278289128094911575e-02,1.458628773689270020e-01,3.376943767070770264e-01,-1.876057535409927368e-01,1.136682704091072083e-01,-1.266442239284515381e-01,1.039133518934249878e-01,-2.315644733607769012e-02,-3.667986392974853516e-01,-6.555074453353881836e-02,-2.362797111272811890e-01,1.296445280313491821e-01,-1.969965919852256775e-02,-1.189196631312370300e-01,1.623241603374481201e-01,4.171049967408180237e-02,3.853666363283991814e-03,-1.417801678180694580e-01,3.705143928527832031e-01,2.267065197229385376e-01
-2.855948507785797119e-01,-5.328893065452575684e-01,3.203117847442626953e-01,-7.225307077169418335e-02,1.649100705981254578e-02,-5.360421538352966309e-01,-8.409318327903747559e-01,-1.809108816087245941e-02,-1.173275336623191833e-02,1.448585540056228638e-01,3.393398523330688477e-01,-1.854633837938308716e-01,1.140622943639755249e-01,-1.284520924091339111e-01,1.062855720520019531e-01,-1.803421787917613983e-02,-3.652204573154449463e-01,-6.234531849622726440e-02,-2.360156774520874023e-01,1.309378892183303833e-01,-2.018849179148674011e-02,-1.194760128855705261e-01,1.645025908946990967e-01,3.969167917966842651e-02,4.015535581856966019e-03,-1.404329836368560791e-01,3.697638809680938721e-01,2.227839082479476929e-01
-2.846440970897674561e-01,-5.329892635345458984e-01,3.205140829086303711e-01,-7.383833825588226318e-02,1.526166964322328568e-02,-5.356538891792297363e-01,-8.410647511482238770e-01,-1.917500793933868408e-02,-1.126063521951436996e-02,1.415246278047561646e-01,3.405101299285888672e-01,-1.834326833486557007e-01,1.124291568994522095e-01,-1.300881206989288330e-01,1.069448515772819519e-01,-1.473543792963027954e-02,-3.634658753871917725e-01,-6.016810238361358643e-02,-2.350376248359680176e-01,1.308364272117614746e-01,-2.189071103930473328e-02,-1.198596879839897156e-01,1.674161404371261597e-01,3.834498301148414612e-02,4.545860923826694489e-03,-1.412082612514495850e-01,3.698430359363555908e-01,2.186421006917953491e-01
-2.838280200958251953e-01,-5.330620408058166504e-01,3.206484615802764893e-01,-7.549935579299926758e-02,1.376755442470312119e-02,-5.355657935142517090e-01,-8.409991264343261719e-01,-2.088352292776107788e-02,-1.035493891686201096e-02,1.362277865409851074e-01,3.422003090381622314e-01,-1.820494532585144043e-01,1.122179776430130005e-01,-1.317946016788482666e-01,1.066910549998283386e-01,-1.417700760066509247e-02,-3.627233505249023438e-01,-5.939260125160217285e-02,-2.335274368524551392e-01,1.307239085435867310e-01,-2.409458160400390625e-02,-1.210412159562110901e-01,1.690220385789871216e-01,3.831930831074714661e-02,5.383763462305068970e-03,-1.434898227453231812e-01,3.668968975543975830e-01,2.159896343946456909e-01
-2.831386625766754150e-01,-5.330945849418640137e-01,3.207122087478637695e-01,-7.716234773397445679e-02,1.233886647969484329e-02,-5.354480147361755371e-01,-8.409454226493835449e-01,-2.320179156959056854e-02,-8.985608816146850586e-03,1.315507888793945312e-01,3.442790508270263672e-01,-1.830256581306457520e-01,1.154064834117889404e-01,-1.333234310150146484e-01,1.059144213795661926e-01,-1.467593666166067123e-02,-3.619134128093719482e-01,-5.906166881322860718e-02,-2.296046316623687744e-01,1.305010616779327393e-01,-2.550874650478363037e-02,-1.217435970902442932e-01,1.694299280643463135e-01,3.902128711342811584e-02,6.340645253658294678e-03,-1.458832323551177979e-01,3.664650321006774902e-01,2.166163027286529541e-01
-2.826026082038879395e-01,-5.331522822380065918e-01,3.207167088985443115e-01,-7.815343141555786133e-02,1.164671126753091812e-02,-5.352008342742919922e-01,-8.410210609436035156e-01,-2.367592416703701019e-02,-7.220966275781393051e-03,1.286881566047668457e-01,3.446424603462219238e-01,-1.844554692506790161e-01,1.195827722549438477e-01,-1.330471038818359375e-01,1.054046228528022766e-01,-1.589509658515453339e-02,-3.612549304962158203e-01,-5.930066481232643127e-02,-2.237102985382080078e-01,1.299091577529907227e-01,-2.590481564402580261e-02,-1.222906261682510376e-01,1.686001420021057129e-01,4.001686722040176392e-02,7.206497248262166977e-03,-1.476218253374099731e-01,3.662281334400177002e-01,2.181787490844726562e-01
-2.821865677833557129e-01,-5.332263112068176270e-01,3.207243382930755615e-01,-7.891077548265457153e-02,1.112009771168231964e-02,-5.349469780921936035e-01,-8.411189913749694824e-01,-2.423378266394138336e-02,-6.036051083356142044e-03,1.266822367906570435e-01,3.446138799190521240e-01,-1.852422505617141724e-01,1.225612908601760864e-01,-1.327185183763504028e-01,1.049896627664566040e-01,-1.732625998556613922e-02,-3.607453703880310059e-01,-6.014033406972885132e-02,-2.168853580951690674e-01,1.290634423494338989e-01,-2.540630660951137543e-02,-1.225855275988578796e-01,1.670739650726318359e-01,4.002184793353080750e-02,7.344689685851335526e-03,-1.478063315153121948e-01,3.669368922710418701e-01,2.189513444900512695e-01
-2.817707955837249756e-01,-5.333549380302429199e-01,3.207445442676544189e-01,-7.874470204114913940e-02,1.047174073755741119e-02,-5.348932743072509766e-01,-8.411770462989807129e-01,-2.324403077363967896e-02,-5.275906529277563095e-03,1.237173825502395630e-01,3.430037796497344971e-01,-1.867877691984176636e-01,1.237905174493789673e-01,-1.320390999317169189e-01,1.033710315823554993e-01,-1.807181350886821747e-02,-3.602552711963653564e-01,-6.198324263095855713e-02,-2.116816192865371704e-01,1.263857036828994751e-01,-2.587696723639965057e-02,-1.221812143921852112e-01,1.651564687490463257e-01,3.780979663133621216e-02,6.595192942768335342e-03,-1.459696590900421143e-01,3.635264635086059570e-01,2.177595198154449463e-01
-2.814400196075439453e-01,-5.334427356719970703e-01,3.207477927207946777e-01,-7.811486721038818359e-02,1.007854845374822617e-02,-5.347939133644104004e-01,-8.413037657737731934e-01,-2.125231735408306122e-02,-4.681481048464775085e-03,1.209513470530509949e-01,3.408361375331878662e-01,-1.877083629369735718e-01,1.234465315937995911e-01,-1.308301836252212524e-01,1.016004681587219238e-01,-1.830929331481456757e-02,-3.588119447231292725e-01,-6.403876841068267822e-02,-2.093922346830368042e-01,1.226532459259033203e-01,-2.777300402522087097e-02,-1.218645945191383362e-01,1.657920628786087036e-01,3.449443727731704712e-02,5.588821135461330414e-03,-1.439303457736968994e-01,3.619111180305480957e-01,2.142752557992935181e-01
-2.811797559261322021e-01,-5.334579944610595703e-01,3.207583427429199219e-01,-7.789047062397003174e-02,9.229866787791252136e-03,-5.345386266708374023e-01,-8.414964675903320312e-01,-2.113748900592327118e-02,-4.469006787985563278e-03,1.174906492233276367e-01,3.400303125381469727e-01,-1.883511692285537720e-01,1.222443655133247375e-01,-1.308025568723678589e-01,9.908049553632736206e-02,-1.812729053199291229e-02,-3.575427830219268799e-01,-6.473255157470703125e-02,-2.096455097198486328e-01,1.209093555808067322e-01,-2.960594929754734039e-02,-1.212663799524307251e-01,1.656779497861862183e-01,3.172149136662483215e-02,4.943704698234796524e-03,-1.426929235458374023e-01,3.604919314384460449e-01,2.124002873897552490e-01
-2.809866964817047119e-01,-5.333842039108276367e-01,3.207769989967346191e-01,-7.810434699058532715e-02,8.550139144062995911e-03,-5.342836976051330566e-01,-8.416457176208496094e-01,-2.194346487522125244e-02,-3.257130971178412437e-03,1.143397092819213867e-01,3.404216170310974121e-01,-1.887780129909515381e-01,1.220887750387191772e-01,-1.309911310672760010e-01,9.758044779300689697e-02,-1.843329146504402161e-02,-3.571322858333587646e-01,-6.535888463258743286e-02,-2.084942460060119629e-01,1.202874556183815002e-01,-3.017712011933326721e-02,-1.212680339813232422e-01,1.642949581146240234e-01,3.096122108399868011e-02,4.736386705189943314e-03,-1.426602452993392944e-01,3.593518137931823730e-01,2.135380059480667114e-01
-2.808243632316589355e-01,-5.332388281822204590e-01,3.208104074001312256e-01,-7.813692837953567505e-02,8.295886218547821045e-03,-5.339436531066894531e-01,-8.418610095977783203e-01,-2.215377241373062134e-02,-2.734950976446270943e-03,1.133520305156707764e-01,3.404228985309600830e-01,-1.893030256032943726e-01,1.223498061299324036e-01,-1.307107806205749512e-01,9.688699990510940552e-02,-1.854182966053485870e-02,-3.574158549308776855e-01,-6.680984795093536377e-02,-2.059590667486190796e-01,1.205315068364143372e-01,-2.964508906006813049e-02,-1.207877993583679199e-01,1.627853512763977051e-01,3.113022632896900177e-02,4.437619820237159729e-03,-1.435858607292175293e-01,3.614733815193176270e-01,2.144421339035034180e-01
-2.806564271450042725e-01,-5.331347584724426270e-01,3.208480179309844971e-01,-7.808198779821395874e-02,8.127459324896335602e-03,-5.336393713951110840e-01,-8.420606851577758789e-01,-2.209354192018508911e-02,-2.337656449526548386e-03,1.125902086496353149e-01,3.401080965995788574e-01,-1.894323229789733887e-01,1.223528385162353516e-01,-1.301174461841583252e-01,9.654724597930908203e-02,-1.801176182925701141e-02,-3.572538793087005615e-01,-6.782486289739608765e-02,-2.021780610084533691e-01,1.191282719373703003e-01,-2.899556607007980347e-02,-1.205912008881568909e-01,1.616172641515731812e-01,3.154282644391059875e-02,4.504587966948747635e-03,-1.450761109590530396e-01,3.624875545501708984e-01,2.142379581928253174e-01
-2.805183529853820801e-01,-5.330498218536376953e-01,3.209070265293121338e-01,-7.815679907798767090e-02,8.196149952709674835e-03,-5.332971215248107910e-01,-8.422698378562927246e-01,-2.202486060559749603e-02,-1.907546189613640308e-03,1.121689304709434509e-01,3.399824202060699463e-01,-1.884931772947311401e-01,1.218302920460700989e-01,-1.293100267648696899e-01,9.708353132009506226e-02,-1.760205253958702087e-02,-3.572771847248077393e-01,-7.029656320810317993e-02,-1.989456415176391602e-01,1.174761876463890076e-01,-2.825679443776607513e-02,-1.207240745425224304e-01,1.605783551931381226e-01,3.126227483153343201e-02,4.544933792203664780e-03,-1.452542543411254883e-01,3.622088730335235596e-01,2.128671258687973022e-01
-2.803770899772644043e-01,-5.329741835594177246e-01,3.209742307662963867e-01,-7.826257497072219849e-02,7.965601980686187744e-03,-5.328687429428100586e-01,-8.425333499908447266e-01,-2.241513319313526154e-02,-2.158934250473976135e-03,1.118764579296112061e-01,3.399959504604339600e-01,-1.885608285665512085e-01,1.212532147765159607e-01,-1.290766447782516479e-01,9.697338938713073730e-02,-1.688798516988754272e-02,-3.570303618907928467e-01,-7.340927422046661377e-02,-1.944454312324523926e-01,1.151716783642768860e-01,-2.831015549600124359e-02,-1.204717233777046204e-01,1.602163314819335938e-01,3.045530617237091064e-02,4.221777431666851044e-03,-1.448151022195816040e-01,3.620207011699676514e-01,2.117624878883361816e-01
-2.802400887012481689e-01,-5.329297184944152832e-01,3.210455775260925293e-01,-7.868320494890213013e-02,7.594125811010599136e-03,-5.324012041091918945e-01,-8.427931070327758789e-01,-2.353515848517417908e-02,-1.873725559562444687e-03,1.105305925011634827e-01,3.407133519649505615e-01,-1.883359402418136597e-01,1.203921437263488770e-01,-1.293822824954986572e-01,9.699609130620956421e-02,-1.595156267285346985e-02,-3.568488955497741699e-01,-7.538719475269317627e-02,-1.902717202901840210e-01,1.141190007328987122e-01,-2.816322073340415955e-02,-1.204409599304199219e-01,1.599309295415878296e-01,2.983254939317703247e-02,3.914901986718177795e-03,-1.445243656635284424e-01,3.615457713603973389e-01,2.106988430023193359e-01
-2.801049351692199707e-01,-5.328850746154785156e-01,3.210964500904083252e-01,-7.879415899515151978e-02,7.257564924657344818e-03,-5.320549011230468750e-01,-8.430043458938598633e-01,-2.402348630130290985e-02,-1.499543548561632633e-03,1.089496538043022156e-01,3.407871425151824951e-01,-1.882218867540359497e-01,1.193249896168708801e-01,-1.294269561767578125e-01,9.646485745906829834e-02,-1.595257036387920380e-02,-3.568389415740966797e-01,-7.757632434368133545e-02,-1.860200762748718262e-01,1.136180907487869263e-01,-2.794310264289379120e-02,-1.199412420392036438e-01,1.588202118873596191e-01,2.929929643869400024e-02,3.329495200887322426e-03,-1.443152427673339844e-01,3.616480529308319092e-01,2.102681249380111694e-01
-2.799479961395263672e-01,-5.328639745712280273e-01,3.211145997047424316e-01,-7.866537570953369141e-02,7.177563384175300598e-03,-5.318059921264648438e-01,-8.431741595268249512e-01,-2.344891242682933807e-02,-8.953462820500135422e-04,1.078805550932884216e-01,3.402504622936248779e-01,-1.881873011589050293e-01,1.189827769994735718e-01,-1.288808286190032959e-01,9.599263966083526611e-02,-1.625825837254524231e-02,-3.567414879798889160e-01,-7.928839325904846191e-02,-1.801823228597640991e-01,1.140791773796081543e-01,-2.807271666824817657e-02,-1.193208321928977966e-01,1.579722166061401367e-01,2.882233634591102600e-02,2.590887481346726418e-03,-1.441168487071990967e-01,3.611815273761749268e-01,2.105513811111450195e-01
-2.798017561435699463e-01,-5.328367352485656738e-01,3.211071193218231201e-01,-7.870274037122726440e-02,7.068636827170848846e-03,-5.314971804618835449e-01,-8.433662652969360352e-01,-2.320006303489208221e-02,-2.924723667092621326e-04,1.069785729050636292e-01,3.400086164474487305e-01,-1.877564042806625366e-01,1.187549829483032227e-01,-1.281947046518325806e-01,9.557525813579559326e-02,-1.630637422204017639e-02,-3.567252755165100098e-01,-7.972076535224914551e-02,-1.738641560077667236e-01,1.145898476243019104e-01,-2.880525961518287659e-02,-1.195046827197074890e-01,1.576192378997802734e-01,2.870442159473896027e-02,2.537357155233621597e-03,-1.450591683387756348e-01,3.599454164505004883e-01,2.094835191965103149e-01
-2.796553969383239746e-01,-5.327664613723754883e-01,3.211063146591186523e-01,-7.872567325830459595e-02,6.967711728066205978e-03,-5.312486886978149414e-01,-8.435215353965759277e-01,-2.285536378622055054e-02,-6.281243258854374290e-05,1.066530346870422363e-01,3.398903608322143555e-01,-1.868952512741088867e-01,1.182508468627929688e-01,-1.272173821926116943e-01,9.523445367813110352e-02,-1.681871525943279266e-02,-3.566612899303436279e-01,-8.083032816648483276e-02,-1.680472195148468018e-01,1.152483895421028137e-01,-2.971618995070457458e-02,-1.194347962737083435e-01,1.577796638011932373e-01,2.863051369786262512e-02,2.974764443933963776e-03,-1.463754773139953613e-01,3.600222170352935791e-01,2.077706158161163330e-01
-2.795495390892028809e-01,-5.326793789863586426e-01,3.211075365543365479e-01,-7.900859415531158447e-02,7.045752368867397308e-03,-5.310225486755371094e-01,-8.436368107795715332e-01,-2.278476394712924957e-02,6.582726491615176201e-04,1.064216792583465576e-01,3.404483199119567871e-01,-1.861778944730758667e-01,1.184596270322799683e-01,-1.266247928142547607e-01,9.558495879173278809e-02,-1.733563467860221863e-02,-3.566998839378356934e-01,-8.273459970951080322e-02,-1.608296483755111694e-01,1.155532896518707275e-01,-3.102914057672023773e-02,-1.194191873073577881e-01,1.585054993629455566e-01,2.855970896780490875e-02,3.543630475178360939e-03,-1.471858024597167969e-01,3.592132627964019775e-01,2.067729383707046509e-01
-2.795687913894653320e-01,-5.325935482978820801e-01,3.211116790771484375e-01,-7.931460440158843994e-02,7.076331414282321930e-03,-5.305507183074951172e-01,-8.439046144485473633e-01,-2.332650125026702881e-02,1.059369067661464214e-03,1.064468696713447571e-01,3.412539064884185791e-01,-1.857682317495346069e-01,1.181373149156570435e-01,-1.264277547597885132e-01,9.582597017288208008e-02,-1.747672073543071747e-02,-3.566556274890899658e-01,-8.537463098764419556e-02,-1.547816991806030273e-01,1.162389516830444336e-01,-3.192950785160064697e-02,-1.194476932287216187e-01,1.590853035449981689e-01,2.895553968846797943e-02,3.818292403593659401e-03,-1.479651033878326416e-01,3.589228987693786621e-01,2.065471112728118896e-01
-2.795850336551666260e-01,-5.325500369071960449e-01,3.211489617824554443e-01,-7.957908511161804199e-02,7.170534227043390274e-03,-5.301388502120971680e-01,-8.441377282142639160e-01,-2.383781969547271729e-02,1.477612764574587345e-03,1.061065346002578735e-01,3.419009149074554443e-01,-1.857739537954330444e-01,1.177793443202972412e-01,-1.261442154645919800e-01,9.635665267705917358e-02,-1.748711243271827698e-02,-3.566003739833831787e-01,-8.733801543712615967e-02,-1.487732976675033569e-01,1.158500984311103821e-01,-3.164703398942947388e-02,-1.192299947142601013e-01,1.583367139101028442e-01,2.933087199926376343e-02,4.133443813771009445e-03,-1.477206051349639893e-01,3.583285510540008545e-01,2.074904590845108032e-01
-2.796181440353393555e-01,-5.325378179550170898e-01,3.211945593357086182e-01,-7.963957637548446655e-02,7.206372451037168503e-03,-5.299052000045776367e-01,-8.442784547805786133e-01,-2.411659620702266693e-02,1.364411553367972374e-03,1.056988984346389771e-01,3.420884907245635986e-01,-1.861552298069000244e-01,1.172831058502197266e-01,-1.258846670389175415e-01,9.662789851427078247e-02,-1.765467226505279541e-02,-3.568724095821380615e-01,-8.895899355411529541e-02,-1.445860266685485840e-01,1.150589957833290100e-01,-3.104301728308200836e-02,-1.189525276422500610e-01,1.576830893754959106e-01,2.931258268654346466e-02,4.276385065168142319e-03,-1.473255902528762817e-01,3.580348491668701172e-01,2.069147080183029175e-01
-2.796628773212432861e-01,-5.325383543968200684e-01,3.212233483791351318e-01,-7.973764091730117798e-02,7.018944248557090759e-03,-5.296978950500488281e-01,-8.444008231163024902e-01,-2.475822716951370239e-02,1.393146580085158348e-03,1.046797111630439758e-01,3.424000442028045654e-01,-1.865582466125488281e-01,1.166641339659690857e-01,-1.261262893676757812e-01,9.640262275934219360e-02,-1.785524934530258179e-02,-3.570588529109954834e-01,-8.846617490053176880e-02,-1.418068110942840576e-01,1.141542717814445496e-01,-3.069959022104740143e-02,-1.187816411256790161e-01,1.570206582546234131e-01,2.840602770447731018e-02,3.999823704361915588e-03,-1.460625827312469482e-01,3.580560386180877686e-01,2.062236219644546509e-01
-2.796553969383239746e-01,-5.325703620910644531e-01,3.212196230888366699e-01,-7.976275682449340820e-02,6.809109821915626526e-03,-5.295802354812622070e-01,-8.444740176200866699e-01,-2.512907423079013824e-02,1.772321877069771290e-03,1.037623658776283264e-01,3.424321413040161133e-01,-1.871961355209350586e-01,1.164909899234771729e-01,-1.263493150472640991e-01,9.586636722087860107e-02,-1.770418882369995117e-02,-3.575867414474487305e-01,-8.818240463733673096e-02,-1.398162841796875000e-01,1.140737831592559814e-01,-3.104123100638389587e-02,-1.185805797576904297e-01,1.569633185863494873e-01,2.764840610325336456e-02,3.788097528740763664e-03,-1.453879028558731079e-01,3.578987121582031250e-01,2.053060978651046753e-01
-2.796514332294464111e-01,-5.325770378112792969e-01,3.212069869041442871e-01,-8.007362484931945801e-02,6.695741321891546249e-03,-5.294908285140991211e-01,-8.445015549659729004e-01,-2.574619092047214508e-02,2.390038920566439629e-03,1.030176728963851929e-01,3.431574404239654541e-01,-1.877231895923614502e-01,1.168526560068130493e-01,-1.269349306821823120e-01,9.564448148012161255e-02,-1.786744967103004456e-02,-3.581824898719787598e-01,-8.770643919706344604e-02,-1.378122121095657349e-01,1.140641197562217712e-01,-3.130544722080230713e-02,-1.182695999741554260e-01,1.566627770662307739e-01,2.749139443039894104e-02,3.738815663382411003e-03,-1.454074382781982422e-01,3.574091196060180664e-01,2.062351852655410767e-01
-2.795975506305694580e-01,-5.325610041618347168e-01,3.212164342403411865e-01,-8.031840622425079346e-02,6.480589043349027634e-03,-5.295763015747070312e-01,-8.444263935089111328e-01,-2.627061493694782257e-02,2.949503250420093536e-03,1.017862036824226379e-01,3.438069224357604980e-01,-1.877302676439285278e-01,1.165821403264999390e-01,-1.272465288639068604e-01,9.527850896120071411e-02,-1.837871223688125610e-02,-3.589686751365661621e-01,-8.697792142629623413e-02,-1.365687996149063110e-01,1.136346757411956787e-01,-3.038273938000202179e-02,-1.184467300772666931e-01,1.553669422864913940e-01,2.805811353027820587e-02,3.905376419425010681e-03,-1.463799029588699341e-01,3.592368066310882568e-01,2.069820314645767212e-01
-2.795374393463134766e-01,-5.325216650962829590e-01,3.212683200836181641e-01,-8.050191402435302734e-02,6.175887770950794220e-03,-5.297285914421081543e-01,-8.443156480789184570e-01,-2.682767063379287720e-02,2.553087659180164337e-03,1.007980108261108398e-01,3.443750739097595215e-01,-1.885611265897750854e-01,1.169375553727149963e-01,-1.275980621576309204e-01,9.487500041723251343e-02,-1.911397278308868408e-02,-3.596460521221160889e-01,-8.795485645532608032e-02,-1.365119665861129761e-01,1.129369288682937622e-01,-2.862243354320526123e-02,-1.186492443084716797e-01,1.535271108150482178e-01,2.867460809648036957e-02,3.977986518293619156e-03,-1.472404301166534424e-01,3.617511987686157227e-01,2.074166238307952881e-01
-2.795047461986541748e-01,-5.324887633323669434e-01,3.213178217411041260e-01,-8.026694506406784058e-02,5.722288973629474640e-03,-5.297077298164367676e-01,-8.443542718887329102e-01,-2.720085345208644867e-02,1.588023267686367035e-03,9.972489625215530396e-02,3.439211249351501465e-01,-1.899778395891189575e-01,1.166671887040138245e-01,-1.276428550481796265e-01,9.388247877359390259e-02,-1.923142373561859131e-02,-3.605884909629821777e-01,-9.018583595752716064e-02,-1.360075473785400391e-01,1.120065972208976746e-01,-2.679764665663242340e-02,-1.187095120549201965e-01,1.510556340217590332e-01,2.881455235183238983e-02,3.591977525502443314e-03,-1.475174576044082642e-01,3.622671365737915039e-01,2.078796923160552979e-01
-2.794562280178070068e-01,-5.325518846511840820e-01,3.213001489639282227e-01,-8.011542260646820068e-02,5.071716383099555969e-03,-5.295880436897277832e-01,-8.444479107856750488e-01,-2.795280702412128448e-02,3.085648058913648129e-04,9.926970303058624268e-02,3.435247540473937988e-01,-1.906653195619583130e-01,1.158633306622505188e-01,-1.278088688850402832e-01,9.242904186248779297e-02,-1.796272955834865570e-02,-3.606518507003784180e-01,-9.219240397214889526e-02,-1.362565606832504272e-01,1.107600331306457520e-01,-2.677457965910434723e-02,-1.192374601960182190e-01,1.507920473814010620e-01,2.826337702572345734e-02,3.599089337512850761e-03,-1.481571644544601440e-01,3.620847165584564209e-01,2.061088383197784424e-01
-2.793472707271575928e-01,-5.326342582702636719e-01,3.212273716926574707e-01,-8.023304492235183716e-02,4.408942535519599915e-03,-5.296989679336547852e-01,-8.443709015846252441e-01,-2.855796553194522858e-02,-2.607195347081869841e-04,9.814545512199401855e-02,3.438196182250976562e-01,-1.912223547697067261e-01,1.160860508680343628e-01,-1.284443736076354980e-01,9.095058590173721313e-02,-1.704787090420722961e-02,-3.596763312816619873e-01,-9.265236556529998779e-02,-1.380001902580261230e-01,1.102418005466461182e-01,-2.858502417802810669e-02,-1.198898553848266602e-01,1.516750007867813110e-01,2.678252756595611572e-02,3.895064117386937141e-03,-1.481458991765975952e-01,3.596059381961822510e-01,2.042214870452880859e-01
-2.792562246322631836e-01,-5.326288938522338867e-01,3.211780786514282227e-01,-8.017068356275558472e-02,3.906263969838619232e-03,-5.296401381492614746e-01,-8.444162011146545410e-01,-2.882558479905128479e-02,-2.140909782610833645e-04,9.723529219627380371e-02,3.437483906745910645e-01,-1.915666460990905762e-01,1.160660758614540100e-01,-1.286285817623138428e-01,8.945161104202270508e-02,-1.680515706539154053e-02,-3.585724234580993652e-01,-9.328473359346389771e-02,-1.389293074607849121e-01,1.107058674097061157e-01,-3.043422102928161621e-02,-1.200681477785110474e-01,1.523219943046569824e-01,2.579591795802116394e-02,3.788517555221915245e-03,-1.484001427888870239e-01,3.579994738101959229e-01,2.034017145633697510e-01
-2.791537940502166748e-01,-5.325532555580139160e-01,3.211697041988372803e-01,-8.006390929222106934e-02,3.604357829317450523e-03,-5.295557379722595215e-01,-8.444805741310119629e-01,-2.885074354708194733e-02,-6.764467252651229501e-05,9.644876420497894287e-02,3.435792624950408936e-01,-1.916634291410446167e-01,1.159822195768356323e-01,-1.287139803171157837e-01,8.846667408943176270e-02,-1.678341999650001526e-02,-3.575949370861053467e-01,-9.298489242792129517e-02,-1.384034752845764160e-01,1.117106080055236816e-01,-3.121345676481723785e-02,-1.198218762874603271e-01,1.525377482175827026e-01,2.559560164809226990e-02,3.663685405626893044e-03,-1.488329619169235229e-01,3.590047359466552734e-01,2.041675299406051636e-01
-2.790720462799072266e-01,-5.324594378471374512e-01,3.212145864963531494e-01,-7.984973490238189697e-02,3.667609766125679016e-03,-5.295697450637817383e-01,-8.444918394088745117e-01,-2.820657193660736084e-02,-1.457814068999141455e-04,9.675698727369308472e-02,3.428447544574737549e-01,-1.915722042322158813e-01,1.159293800592422485e-01,-1.285898089408874512e-01,8.848985284566879272e-02,-1.729977875947952271e-02,-3.567973375320434570e-01,-9.373529255390167236e-02,-1.368272006511688232e-01,1.127859652042388916e-01,-3.094598650932312012e-02,-1.193801537156105042e-01,1.520792543888092041e-01,2.556679211556911469e-02,3.167073708027601242e-03,-1.487976163625717163e-01,3.590130805969238281e-01,2.048712372779846191e-01
-2.789596617221832275e-01,-5.324073433876037598e-01,3.212751150131225586e-01,-7.987783849239349365e-02,3.714320715516805649e-03,-5.296245813369750977e-01,-8.444545865058898926e-01,-2.786754630506038666e-02,1.701925502857193351e-04,9.639586508274078369e-02,3.425941765308380127e-01,-1.910215616226196289e-01,1.158579215407371521e-01,-1.284809559583663940e-01,8.900111168622970581e-02,-1.771036349236965179e-02,-3.562458455562591553e-01,-9.483803808689117432e-02,-1.356078386306762695e-01,1.135048717260360718e-01,-3.055860288441181183e-02,-1.192003637552261353e-01,1.518885493278503418e-01,2.540196664631366730e-02,3.047367557883262634e-03,-1.482810080051422119e-01,3.595100343227386475e-01,2.048407047986984253e-01
-2.788327634334564209e-01,-5.323697924613952637e-01,3.213568925857543945e-01,-8.009761571884155273e-02,3.956529311835765839e-03,-5.296107530593872070e-01,-8.444413542747497559e-01,-2.745566144585609436e-02,1.220561563968658447e-03,9.600927680730819702e-02,3.425793945789337158e-01,-1.900614351034164429e-01,1.160010471940040588e-01,-1.285022795200347900e-01,9.043244272470474243e-02,-1.716352812945842743e-02,-3.557154536247253418e-01,-9.486895799636840820e-02,-1.359566599130630493e-01,1.138031929731369019e-01,-3.040814027190208435e-02,-1.190926805138587952e-01,1.529228985309600830e-01,2.513594552874565125e-02,2.755073597654700279e-03,-1.471330523490905762e-01,3.602857887744903564e-01,2.043975889682769775e-01
-2.787544727325439453e-01,-5.323367714881896973e-01,3.214333057403564453e-01,-8.018222451210021973e-02,3.983856178820133209e-03,-5.296261310577392578e-01,-8.444235324859619141e-01,-2.750536426901817322e-02,1.526337000541388988e-03,9.557113796472549438e-02,3.423976302146911621e-01,-1.896706372499465942e-01,1.157963424921035767e-01,-1.286837756633758545e-01,9.124238789081573486e-02,-1.715688221156597137e-02,-3.551948964595794678e-01,-9.627276659011840820e-02,-1.375043094158172607e-01,1.140607446432113647e-01,-2.983279339969158173e-02,-1.190072149038314819e-01,1.530040800571441650e-01,2.503031864762306213e-02,2.414435148239135742e-03,-1.460809558629989624e-01,3.600496649742126465e-01,2.047688066959381104e-01
-2.786867320537567139e-01,-5.323257446289062500e-01,3.214793503284454346e-01,-8.029083907604217529e-02,3.943631891161203384e-03,-5.295571088790893555e-01,-8.444566726684570312e-01,-2.766287699341773987e-02,2.149056643247604370e-03,9.459932893514633179e-02,3.424419164657592773e-01,-1.893856972455978394e-01,1.154920235276222229e-01,-1.287554055452346802e-01,9.172787517309188843e-02,-1.687747985124588013e-02,-3.547700047492980957e-01,-9.601089358329772949e-02,-1.392757892608642578e-01,1.151591241359710693e-01,-3.023077547550201416e-02,-1.190531253814697266e-01,1.540475785732269287e-01,2.507709898054599762e-02,2.295184182003140450e-03,-1.456847935914993286e-01,3.599950671195983887e-01,2.046676278114318848e-01
-2.785935401916503906e-01,-5.323544740676879883e-01,3.214747011661529541e-01,-8.027469366788864136e-02,3.894294379279017448e-03,-5.296244621276855469e-01,-8.444162011146545410e-01,-2.726442366838455200e-02,2.301746513694524765e-03,9.410397708415985107e-02,3.422518968582153320e-01,-1.885813623666763306e-01,1.146347597241401672e-01,-1.285870224237442017e-01,9.169888496398925781e-02,-1.659544743597507477e-02,-3.545608222484588623e-01,-9.460912644863128662e-02,-1.404197663068771362e-01,1.167095303535461426e-01,-3.053428232669830322e-02,-1.192214116454124451e-01,1.540377289056777954e-01,2.481961064040660858e-02,2.311916789039969444e-03,-1.459158807992935181e-01,3.588061928749084473e-01,2.039992511272430420e-01
-2.785137891769409180e-01,-5.323361754417419434e-01,3.214731812477111816e-01,-8.054281771183013916e-02,3.763266140595078468e-03,-5.295642018318176270e-01,-8.444290757179260254e-01,-2.743453159928321838e-02,3.013549838215112686e-03,9.308493137359619141e-02,3.427893817424774170e-01,-1.878371834754943848e-01,1.140820235013961792e-01,-1.288779824972152710e-01,9.173440188169479370e-02,-1.612579450011253357e-02,-3.542169332504272461e-01,-9.247630089521408081e-02,-1.436742842197418213e-01,1.175335422158241272e-01,-3.107633627951145172e-02,-1.193812564015388489e-01,1.539315134286880493e-01,2.439896762371063232e-02,2.554372185841202736e-03,-1.461521983146667480e-01,3.578411340713500977e-01,2.031623572111129761e-01
-2.784709036350250244e-01,-5.322812199592590332e-01,3.214986026287078857e-01,-8.085269480943679810e-02,3.789202310144901276e-03,-5.297205448150634766e-01,-8.443012237548828125e-01,-2.757923491299152374e-02,3.462282242253422737e-03,9.265828877687454224e-02,3.435276746749877930e-01,-1.873007267713546753e-01,1.142028495669364929e-01,-1.291471421718597412e-01,9.227113425731658936e-02,-1.708113402128219604e-02,-3.542089760303497314e-01,-9.274980425834655762e-02,-1.436843127012252808e-01,1.181041970849037170e-01,-3.145290911197662354e-02,-1.195522323250770569e-01,1.539285331964492798e-01,2.400152385234832764e-02,2.788124838843941689e-03,-1.456391513347625732e-01,3.568001091480255127e-01,2.024883180856704712e-01
-2.784250080585479736e-01,-5.322271585464477539e-01,3.215408027172088623e-01,-8.124875277280807495e-02,3.822467522695660591e-03,-5.296862125396728516e-01,-8.442845940589904785e-01,-2.799772471189498901e-02,3.998428117483854294e-03,9.215389192104339600e-02,3.443045318126678467e-01,-1.869665980339050293e-01,1.145642548799514771e-01,-1.292920261621475220e-01,9.292725473642349243e-02,-1.754242740571498871e-02,-3.543285727500915527e-01,-9.232388436794281006e-02,-1.465203464031219482e-01,1.187173426151275635e-01,-3.159476816654205322e-02,-1.196250244975090027e-01,1.545716375112533569e-01,2.411332540214061737e-02,3.171339863911271095e-03,-1.453570574522018433e-01,3.579563498497009277e-01,2.031476497650146484e-01
-2.783578932285308838e-01,-5.322294831275939941e-01,3.216069042682647705e-01,-8.150145411491394043e-02,3.856013529002666473e-03,-5.298393964767456055e-01,-8.441640138626098633e-01,-2.815351262688636780e-02,4.266858100891113281e-03,9.149977564811706543e-02,3.447231650352478027e-01,-1.866840273141860962e-01,1.145219355821609497e-01,-1.294196993112564087e-01,9.366851300001144409e-02,-1.807596348226070404e-02,-3.545652329921722412e-01,-9.163632243871688843e-02,-1.506937891244888306e-01,1.189384758472442627e-01,-3.049449808895587921e-02,-1.196752786636352539e-01,1.539428532123565674e-01,2.482960559427738190e-02,3.440076950937509537e-03,-1.452992409467697144e-01,3.587611317634582520e-01,2.038855105638504028e-01
-2.783251106739044189e-01,-5.322546958923339844e-01,3.216301500797271729e-01,-8.162313699722290039e-02,3.784795291721820831e-03,-5.299747586250305176e-01,-8.440675735473632812e-01,-2.823772840201854706e-02,4.025926813483238220e-03,9.083580970764160156e-02,3.449264168739318848e-01,-1.870463192462921143e-01,1.147557944059371948e-01,-1.294873654842376709e-01,9.375379979610443115e-02,-1.875484175980091095e-02,-3.548828065395355225e-01,-9.172374755144119263e-02,-1.523875743150711060e-01,1.180312484502792358e-01,-2.960009686648845673e-02,-1.197017282247543335e-01,1.527361869812011719e-01,2.530596032738685608e-02,3.541338024660944939e-03,-1.456221640110015869e-01,3.584488332271575928e-01,2.041781991720199585e-01
-2.783212363719940186e-01,-5.322949290275573730e-01,3.216145038604736328e-01,-8.157507330179214478e-02,3.323887940496206284e-03,-5.299810767173767090e-01,-8.440701961517333984e-01,-2.874173037707805634e-02,3.614468732848763466e-03,8.950501680374145508e-02,3.449119031429290771e-01,-1.880179196596145630e-01,1.146059781312942505e-01,-1.295590996742248535e-01,9.241815656423568726e-02,-1.910693384706974030e-02,-3.553101718425750732e-01,-9.207399934530258179e-02,-1.538485586643218994e-01,1.177766025066375732e-01,-2.980072982609272003e-02,-1.199372783303260803e-01,1.521694809198379517e-01,2.498144656419754028e-02,3.826738568022847176e-03,-1.458412259817123413e-01,3.586969673633575439e-01,2.039825022220611572e-01
-2.783427238464355469e-01,-5.322996973991394043e-01,3.215689063072204590e-01,-8.143098652362823486e-02,2.675478113815188408e-03,-5.298310518264770508e-01,-8.441805839538574219e-01,-2.961042709648609161e-02,2.578139072284102440e-03,8.883635699748992920e-02,3.449879586696624756e-01,-1.895195394754409790e-01,1.145319491624832153e-01,-1.297252327203750610e-01,9.045491367578506470e-02,-1.909695379436016083e-02,-3.557245433330535889e-01,-9.366147965192794800e-02,-1.557973474264144897e-01,1.176173537969589233e-01,-3.040842153131961823e-02,-1.200613528490066528e-01,1.514054238796234131e-01,2.448394708335399628e-02,3.956657368689775467e-03,-1.466412097215652466e-01,3.580986857414245605e-01,2.034000009298324585e-01
-2.783453762531280518e-01,-5.323042273521423340e-01,3.215288519859313965e-01,-8.143432438373565674e-02,2.433591755107045174e-03,-5.296902060508728027e-01,-8.442693948745727539e-01,-3.002546541392803192e-02,1.622098032385110855e-03,8.959110826253890991e-02,3.450318276882171631e-01,-1.898897886276245117e-01,1.143624633550643921e-01,-1.294634342193603516e-01,8.968720585107803345e-02,-1.929154619574546814e-02,-3.561291992664337158e-01,-9.461939334869384766e-02,-1.570456027984619141e-01,1.167329102754592896e-01,-3.071051836013793945e-02,-1.203745082020759583e-01,1.509310156106948853e-01,2.438525110483169556e-02,4.238472785800695419e-03,-1.473638862371444702e-01,3.573775887489318848e-01,2.023107856512069702e-01
-2.783213555812835693e-01,-5.323104262351989746e-01,3.215095400810241699e-01,-8.161424100399017334e-02,2.113423310220241547e-03,-5.295549035072326660e-01,-8.443377614021301270e-01,-3.073556721210479736e-02,9.002517326734960079e-04,9.001516550779342651e-02,3.453921079635620117e-01,-1.904526352882385254e-01,1.145030856132507324e-01,-1.297540515661239624e-01,8.905074745416641235e-02,-1.923356391489505768e-02,-3.568255901336669922e-01,-9.613056480884552002e-02,-1.602793782949447632e-01,1.179967746138572693e-01,-3.117362968623638153e-02,-1.205126717686653137e-01,1.505721807479858398e-01,2.417059242725372314e-02,4.302504006773233414e-03,-1.477009654045104980e-01,3.562032878398895264e-01,2.022889554500579834e-01
-2.782872319221496582e-01,-5.323415994644165039e-01,3.215124607086181641e-01,-8.188807964324951172e-02,2.038695150986313820e-03,-5.294814705848693848e-01,-8.443574905395507812e-01,-3.116036951541900635e-02,3.689414297696202993e-04,9.034469723701477051e-02,3.458334207534790039e-01,-1.906403899192810059e-01,1.150325313210487366e-01,-1.299677640199661255e-01,8.926305174827575684e-02,-1.922720298171043396e-02,-3.575754463672637939e-01,-9.680190682411193848e-02,-1.619261354207992554e-01,1.183808296918869019e-01,-3.135255724191665649e-02,-1.205921024084091187e-01,1.505436450242996216e-01,2.453676983714103699e-02,4.420328419655561447e-03,-1.480858325958251953e-01,3.551018536090850830e-01,2.019083648920059204e-01
-2.782690227031707764e-01,-5.323821306228637695e-01,3.215287327766418457e-01,-8.215116709470748901e-02,1.999532338231801987e-03,-5.294565558433532715e-01,-8.443476557731628418e-01,-3.164400532841682434e-02,-1.592181797605007887e-04,9.069406986236572266e-02,3.463380634784698486e-01,-1.907885223627090454e-01,1.150906309485435486e-01,-1.301272511482238770e-01,8.953988552093505859e-02,-1.952173374593257904e-02,-3.581340610980987549e-01,-9.754440933465957642e-02,-1.627527624368667603e-01,1.185188814997673035e-01,-3.092409111559391022e-02,-1.206402406096458435e-01,1.504077464342117310e-01,2.499667368829250336e-02,4.592347424477338791e-03,-1.483299583196640015e-01,3.558336198329925537e-01,2.020613253116607666e-01
-2.782697975635528564e-01,-5.324544310569763184e-01,3.215460181236267090e-01,-8.221051096916198730e-02,1.725915353745222092e-03,-5.293349027633666992e-01,-8.444187641143798828e-01,-3.214174881577491760e-02,-1.235074712894856930e-03,9.082582592964172363e-02,3.462629318237304688e-01,-1.915409862995147705e-01,1.149090081453323364e-01,-1.302207857370376587e-01,8.899015188217163086e-02,-1.985511928796768188e-02,-3.587313890457153320e-01,-9.762843698263168335e-02,-1.622096598148345947e-01,1.184361055493354797e-01,-3.059268556535243988e-02,-1.204917728900909424e-01,1.497239917516708374e-01,2.542499266564846039e-02,4.608678631484508514e-03,-1.483106762170791626e-01,3.548204004764556885e-01,2.033082693815231323e-01
-2.782551944255828857e-01,-5.325593352317810059e-01,3.215344846248626709e-01,-8.222335577011108398e-02,1.752920099534094334e-03,-5.293081998825073242e-01,-8.444341421127319336e-01,-3.196867555379867554e-02,-1.055400352925062180e-03,9.031686931848526001e-02,3.460842370986938477e-01,-1.919044405221939087e-01,1.148781478404998779e-01,-1.301429122686386108e-01,8.895230293273925781e-02,-1.972555741667747498e-02,-3.592362105846405029e-01,-9.818357229232788086e-02,-1.620854288339614868e-01,1.182031705975532532e-01,-3.033748827874660492e-02,-1.204634755849838257e-01,1.493136733770370483e-01,2.556652203202247620e-02,4.495733883231878281e-03,-1.482081413269042969e-01,3.544132411479949951e-01,2.033008188009262085e-01
-2.782199978828430176e-01,-5.326550006866455078e-01,3.215423822402954102e-01,-8.229216933250427246e-02,1.940099871717393398e-03,-5.292251706123352051e-01,-8.444790840148925781e-01,-3.162062540650367737e-02,-6.641899235546588898e-04,9.038297832012176514e-02,3.457684218883514404e-01,-1.918822377920150757e-01,1.149421632289886475e-01,-1.299706101417541504e-01,8.948158472776412964e-02,-1.941816508769989014e-02,-3.603167235851287842e-01,-9.910668432712554932e-02,-1.638621240854263306e-01,1.181380897760391235e-01,-2.965537831187248230e-02,-1.202487424015998840e-01,1.491463929414749146e-01,2.584950812160968781e-02,4.279681481420993805e-03,-1.482594013214111328e-01,3.548927903175354004e-01,2.028865665197372437e-01
-2.782258689403533936e-01,-5.327584147453308105e-01,3.215530812740325928e-01,-8.248107135295867920e-02,1.923239207826554775e-03,-5.291109681129455566e-01,-8.445322513580322266e-01,-3.190717473626136780e-02,-8.706278167665004730e-04,9.019650518894195557e-02,3.459315896034240723e-01,-1.917382031679153442e-01,1.143433153629302979e-01,-1.301065832376480103e-01,8.981566131114959717e-02,-1.957538165152072906e-02,-3.614416122436523438e-01,-9.970877319574356079e-02,-1.663706749677658081e-01,1.185107752680778503e-01,-2.910907566547393799e-02,-1.198992133140563965e-01,1.494129002094268799e-01,2.649519778788089752e-02,4.138325341045856476e-03,-1.482096463441848755e-01,3.556141257286071777e-01,2.031248062849044800e-01
-2.782046496868133545e-01,-5.329092144966125488e-01,3.215576410293579102e-01,-8.267394453287124634e-02,1.964061986654996872e-03,-5.290117859840393066e-01,-8.445754051208496094e-01,-3.189754858613014221e-02,-7.894454174675047398e-04,8.978193253278732300e-02,3.459618687629699707e-01,-1.915375292301177979e-01,1.136419177055358887e-01,-1.302735060453414917e-01,9.009848535060882568e-02,-1.928792521357536316e-02,-3.620807230472564697e-01,-9.990464895963668823e-02,-1.689411550760269165e-01,1.186290457844734192e-01,-2.873964048922061920e-02,-1.196943148970603943e-01,1.492101401090621948e-01,2.711846865713596344e-02,3.876714035868644714e-03,-1.483567655086517334e-01,3.550822436809539795e-01,2.035657763481140137e-01
-2.782015502452850342e-01,-5.330618023872375488e-01,3.215259015560150146e-01,-8.280570060014724731e-02,2.129408065229654312e-03,-5.288717746734619141e-01,-8.446497917175292969e-01,-3.146653622388839722e-02,-1.542994286864995956e-04,8.930451422929763794e-02,3.458737432956695557e-01,-1.910002082586288452e-01,1.129553765058517456e-01,-1.302998065948486328e-01,9.039778262376785278e-02,-1.905299164354801178e-02,-3.625814616680145264e-01,-9.894491732120513916e-02,-1.710311770439147949e-01,1.183113008737564087e-01,-2.827352285385131836e-02,-1.191842406988143921e-01,1.494060605764389038e-01,2.740026637911796570e-02,3.556502517312765121e-03,-1.485807299613952637e-01,3.560675084590911865e-01,2.028497904539108276e-01
-2.781788110733032227e-01,-5.332281589508056641e-01,3.215122818946838379e-01,-8.289194107055664062e-02,2.189677208662033081e-03,-5.287553071975708008e-01,-8.447141647338867188e-01,-3.121994435787200928e-02,8.546975732315331697e-05,8.897152543067932129e-02,3.455529510974884033e-01,-1.903859823942184448e-01,1.117375567555427551e-01,-1.302773207426071167e-01,9.055662900209426880e-02,-1.891494169831275940e-02,-3.630138039588928223e-01,-9.871925413608551025e-02,-1.721504330635070801e-01,1.177950501441955566e-01,-2.801257371902465820e-02,-1.187518909573554993e-01,1.492455899715423584e-01,2.709145843982696533e-02,3.242867300286889076e-03,-1.478749364614486694e-01,3.550112247467041016e-01,2.022772133350372314e-01
-2.781312167644500732e-01,-5.334107279777526855e-01,3.215132057666778564e-01,-8.283698558807373047e-02,2.213516738265752792e-03,-5.287154316902160645e-01,-8.447444438934326172e-01,-3.072395734488964081e-02,6.301067332969978452e-05,8.828622847795486450e-02,3.449170887470245361e-01,-1.898073405027389526e-01,1.101747676730155945e-01,-1.302259415388107300e-01,9.054106473922729492e-02,-1.834487169981002808e-02,-3.631781935691833496e-01,-9.714610874652862549e-02,-1.751267760992050171e-01,1.172605007886886597e-01,-2.842834778130054474e-02,-1.184356734156608582e-01,1.504375487565994263e-01,2.665023319423198700e-02,2.813966711983084679e-03,-1.470241397619247437e-01,3.550937473773956299e-01,2.014713287353515625e-01
-2.781016528606414795e-01,-5.336143970489501953e-01,3.215278983116149902e-01,-8.277492970228195190e-02,2.070388291031122208e-03,-5.288076400756835938e-01,-8.446931242942810059e-01,-3.044129721820354462e-02,-7.884938968345522881e-04,8.775454759597778320e-02,3.444259464740753174e-01,-1.899003535509109497e-01,1.087416186928749084e-01,-1.300441473722457886e-01,9.014072269201278687e-02,-1.896096765995025635e-02,-3.632100224494934082e-01,-9.668584913015365601e-02,-1.770493537187576294e-01,1.174379512667655945e-01,-2.819794602692127228e-02,-1.181330978870391846e-01,1.506236344575881958e-01,2.700882405042648315e-02,2.690163441002368927e-03,-1.468775868415832520e-01,3.544581830501556396e-01,2.014852017164230347e-01
-2.780774235725402832e-01,-5.337985754013061523e-01,3.215379118919372559e-01,-8.290116488933563232e-02,1.980227651074528694e-03,-5.288046598434448242e-01,-8.446828722953796387e-01,-3.049682825803756714e-02,-9.695293847471475601e-04,8.680654317140579224e-02,3.443568646907806396e-01,-1.901060193777084351e-01,1.080308109521865845e-01,-1.299720555543899536e-01,9.008704125881195068e-02,-1.913136616349220276e-02,-3.637227714061737061e-01,-9.622848033905029297e-02,-1.779705435037612915e-01,1.177368536591529846e-01,-2.726327255368232727e-02,-1.180264651775360107e-01,1.504836827516555786e-01,2.781159617006778717e-02,2.785747172310948372e-03,-1.468584835529327393e-01,3.555461168289184570e-01,2.023389488458633423e-01
-2.780743539333343506e-01,-5.339687466621398926e-01,3.215519189834594727e-01,-8.311173319816589355e-02,1.985272159799933434e-03,-5.288283228874206543e-01,-8.446473479270935059e-01,-3.056464530527591705e-02,-1.395688857883214951e-03,8.628519624471664429e-02,3.443999588489532471e-01,-1.899151951074600220e-01,1.073492392897605896e-01,-1.301974505186080933e-01,9.038897603750228882e-02,-1.945430040359497070e-02,-3.641158640384674072e-01,-9.646050631999969482e-02,-1.785899698734283447e-01,1.171502843499183655e-01,-2.580893039703369141e-02,-1.177636086940765381e-01,1.498469710350036621e-01,2.853860147297382355e-02,2.591570839285850525e-03,-1.467131972312927246e-01,3.566643297672271729e-01,2.029498964548110962e-01
-2.780878841876983643e-01,-5.341340899467468262e-01,3.215761482715606689e-01,-8.310644328594207764e-02,2.090313239023089409e-03,-5.287779569625854492e-01,-8.446791172027587891e-01,-3.038596920669078827e-02,-1.841966994106769562e-03,8.636449277400970459e-02,3.439062833786010742e-01,-1.899583041667938232e-01,1.064940169453620911e-01,-1.298230886459350586e-01,9.080496430397033691e-02,-1.965926773846149445e-02,-3.645210266113281250e-01,-9.667333960533142090e-02,-1.793046742677688599e-01,1.157482191920280457e-01,-2.437479980289936066e-02,-1.176954805850982666e-01,1.494526267051696777e-01,2.931617759168148041e-02,2.517289714887738228e-03,-1.463497728109359741e-01,3.577621579170227051e-01,2.033906728029251099e-01
-2.781284749507904053e-01,-5.343165993690490723e-01,3.215814530849456787e-01,-8.306898921728134155e-02,2.147794235497713089e-03,-5.286693572998046875e-01,-8.447506427764892578e-01,-3.023439086973667145e-02,-2.536013023927807808e-03,8.652969449758529663e-02,3.433752655982971191e-01,-1.900494247674942017e-01,1.055011004209518433e-01,-1.295992434024810791e-01,9.100259095430374146e-02,-1.972731016576290131e-02,-3.651604652404785156e-01,-9.672029316425323486e-02,-1.802700012922286987e-01,1.150765568017959595e-01,-2.295075356960296631e-02,-1.176046803593635559e-01,1.485829204320907593e-01,2.914058417081832886e-02,1.942396978847682476e-03,-1.450132131576538086e-01,3.578602969646453857e-01,2.032210081815719604e-01
-2.781448662281036377e-01,-5.345290899276733398e-01,3.215552568435668945e-01,-8.309380710124969482e-02,2.025594236329197884e-03,-5.285562276840209961e-01,-8.448193073272705078e-01,-3.033613413572311401e-02,-2.946489490568637848e-03,8.615185320377349854e-02,3.430160582065582275e-01,-1.904078722000122070e-01,1.048345863819122314e-01,-1.297539472579956055e-01,9.084858000278472900e-02,-1.930634677410125732e-02,-3.652665615081787109e-01,-9.659192711114883423e-02,-1.812091171741485596e-01,1.141640841960906982e-01,-2.233770489692687988e-02,-1.174575984477996826e-01,1.485780477523803711e-01,2.858248353004455566e-02,1.348577090539038181e-03,-1.440587639808654785e-01,3.576346933841705322e-01,2.018224745988845825e-01
-2.781302928924560547e-01,-5.347225069999694824e-01,3.215143382549285889e-01,-8.313322067260742188e-02,1.990710385143756866e-03,-5.284785628318786621e-01,-8.448640704154968262e-01,-3.010063059628009796e-02,-2.652443246915936470e-03,8.548420667648315430e-02,3.426551222801208496e-01,-1.897082626819610596e-01,1.036895364522933960e-01,-1.296226084232330322e-01,9.076350182294845581e-02,-1.893629506230354309e-02,-3.645959794521331787e-01,-9.553472697734832764e-02,-1.830807030200958252e-01,1.132219731807708740e-01,-2.269709296524524689e-02,-1.175041645765304565e-01,1.490176618099212646e-01,2.780298143625259399e-02,1.119224121794104576e-03,-1.429662555456161499e-01,3.556278049945831299e-01,2.006680816411972046e-01
-2.781127095222473145e-01,-5.348403453826904297e-01,3.214769959449768066e-01,-8.330328762531280518e-02,1.919282134622335434e-03,-5.284096598625183105e-01,-8.448905944824218750e-01,-3.017692640423774719e-02,-2.445062389597296715e-03,8.506701141595840454e-02,3.428392708301544189e-01,-1.889934688806533813e-01,1.030109152197837830e-01,-1.294657588005065918e-01,9.070952236652374268e-02,-1.922110281884670258e-02,-3.641273975372314453e-01,-9.480973333120346069e-02,-1.836418211460113525e-01,1.132527515292167664e-01,-2.290993928909301758e-02,-1.177041754126548767e-01,1.495673656463623047e-01,2.769653126597404480e-02,1.226066495291888714e-03,-1.427264213562011719e-01,3.554135560989379883e-01,2.001642882823944092e-01
-2.780537605285644531e-01,-5.349227190017700195e-01,3.214727044105529785e-01,-8.342284709215164185e-02,1.912889885716140270e-03,-5.284671187400817871e-01,-8.448428511619567871e-01,-3.003101050853729248e-02,-2.575306687504053116e-03,8.508063852787017822e-02,3.426476120948791504e-01,-1.887886822223663330e-01,1.030670404434204102e-01,-1.293377876281738281e-01,9.087722748517990112e-02,-1.958348602056503296e-02,-3.637863099575042725e-01,-9.438921511173248291e-02,-1.838514655828475952e-01,1.138669252395629883e-01,-2.302840352058410645e-02,-1.178303509950637817e-01,1.500717848539352417e-01,2.830396033823490143e-02,1.333154970780014992e-03,-1.431207805871963501e-01,3.554943203926086426e-01,2.003033608198165894e-01
-2.779740989208221436e-01,-5.350015163421630859e-01,3.214964568614959717e-01,-8.347479254007339478e-02,1.967646414414048195e-03,-5.285193324089050293e-01,-8.448049426078796387e-01,-2.968907915055751801e-02,-2.343343105167150497e-03,8.458824455738067627e-02,3.423113822937011719e-01,-1.887567341327667236e-01,1.031690239906311035e-01,-1.290802210569381714e-01,9.128887951374053955e-02,-1.965051889419555664e-02,-3.636864125728607178e-01,-9.417093545198440552e-02,-1.838545501232147217e-01,1.142031475901603699e-01,-2.230036817491054535e-02,-1.178553476929664612e-01,1.500501036643981934e-01,2.916059829294681549e-02,1.409985357895493507e-03,-1.435769945383071899e-01,3.562868535518646240e-01,2.007959634065628052e-01
-2.779051363468170166e-01,-5.350715517997741699e-01,3.215445280075073242e-01,-8.372959494590759277e-02,2.084125066176056862e-03,-5.285440683364868164e-01,-8.447639942169189453e-01,-2.964266389608383179e-02,-2.100290032103657722e-03,8.410868793725967407e-02,3.424020409584045410e-01,-1.880803555250167847e-01,1.027954369783401489e-01,-1.291339248418807983e-01,9.228464961051940918e-02,-1.951624639332294464e-02,-3.636682033538818359e-01,-9.386358410120010376e-02,-1.843260675668716431e-01,1.141987070441246033e-01,-2.147788554430007935e-02,-1.178696602582931519e-01,1.501968652009963989e-01,2.948117069900035858e-02,1.445395057089626789e-03,-1.431111544370651245e-01,3.566535115242004395e-01,2.007209360599517822e-01
-2.778602540493011475e-01,-5.351388454437255859e-01,3.216002583503723145e-01,-8.380120247602462769e-02,2.015464706346392632e-03,-5.286006331443786621e-01,-8.447216749191284180e-01,-2.973926812410354614e-02,-1.762762316502630711e-03,8.278524875640869141e-02,3.423190414905548096e-01,-1.882279217243194580e-01,1.024233922362327576e-01,-1.293605417013168335e-01,9.259726107120513916e-02,-1.978761702775955200e-02,-3.633265197277069092e-01,-9.348855167627334595e-02,-1.848583966493606567e-01,1.145121082663536072e-01,-2.081565745174884796e-02,-1.176514998078346252e-01,1.501605659723281860e-01,2.943884581327438354e-02,1.090619363822042942e-03,-1.419623494148254395e-01,3.568323850631713867e-01,2.012518942356109619e-01
-2.778266370296478271e-01,-5.351875424385070801e-01,3.216437101364135742e-01,-8.379448950290679932e-02,1.961877336725592613e-03,-5.285289287567138672e-01,-8.447673320770263672e-01,-2.966353110969066620e-02,-1.679585780948400497e-03,8.198832720518112183e-02,3.419654667377471924e-01,-1.884046047925949097e-01,1.018412038683891296e-01,-1.295665949583053589e-01,9.271586686372756958e-02,-1.953649334609508514e-02,-3.631958365440368652e-01,-9.375282377004623413e-02,-1.850020885467529297e-01,1.145262047648429871e-01,-2.000424824655056000e-02,-1.172026917338371277e-01,1.496789753437042236e-01,2.924159914255142212e-02,7.211547344923019409e-04,-1.414355337619781494e-01,3.573211729526519775e-01,2.008012384176254272e-01
-2.778097689151763916e-01,-5.352190136909484863e-01,3.216560482978820801e-01,-8.379226922988891602e-02,1.880392897874116898e-03,-5.284752249717712402e-01,-8.448013067245483398e-01,-2.978480793535709381e-02,-1.638396293856203556e-03,8.156535029411315918e-02,3.418562412261962891e-01,-1.883955895900726318e-01,1.012551188468933105e-01,-1.297029405832290649e-01,9.263732284307479858e-02,-1.965069398283958435e-02,-3.627089560031890869e-01,-9.342616796493530273e-02,-1.845621317625045776e-01,1.144892424345016479e-01,-1.962880231440067291e-02,-1.169784516096115112e-01,1.494729220867156982e-01,2.880053594708442688e-02,3.903530014213174582e-04,-1.406965702772140503e-01,3.575233817100524902e-01,2.004576027393341064e-01
-2.777702212333679199e-01,-5.352740883827209473e-01,3.216400146484375000e-01,-8.368966728448867798e-02,1.757855527102947235e-03,-5.284717082977294922e-01,-8.448139429092407227e-01,-2.957739122211933136e-02,-1.708321156911551952e-03,8.114024996757507324e-02,3.415493369102478027e-01,-1.878672838211059570e-01,1.003951281309127808e-01,-1.296412348747253418e-01,9.217505156993865967e-02,-1.971901580691337585e-02,-3.622690141201019287e-01,-9.334301948547363281e-02,-1.844069212675094604e-01,1.152328178286552429e-01,-2.012243680655956268e-02,-1.168771237134933472e-01,1.498100906610488892e-01,2.830452099442481995e-02,5.371900988393463194e-05,-1.401812285184860229e-01,3.571841716766357422e-01,2.001517117023468018e-01
-2.777038514614105225e-01,-5.353402495384216309e-01,3.215946555137634277e-01,-8.386798948049545288e-02,1.760037499479949474e-03,-5.284788608551025391e-01,-8.447917699813842773e-01,-2.954553253948688507e-02,-1.162250642664730549e-03,8.085887134075164795e-02,3.417161405086517334e-01,-1.872774213552474976e-01,1.003570109605789185e-01,-1.295822709798812866e-01,9.228201210498809814e-02,-1.991874910891056061e-02,-3.620149791240692139e-01,-9.224905818700790405e-02,-1.834876537322998047e-01,1.165455207228660583e-01,-2.039653621613979340e-02,-1.168275326490402222e-01,1.498199105262756348e-01,2.845862321555614471e-02,1.177702215500175953e-04,-1.407551318407058716e-01,3.563578724861145020e-01,1.996551901102066040e-01
-2.776357233524322510e-01,-5.353955626487731934e-01,3.215563595294952393e-01,-8.397058397531509399e-02,1.751090399920940399e-03,-5.284851789474487305e-01,-8.447776436805725098e-01,-2.916422672569751740e-02,-9.381632553413510323e-04,8.076938986778259277e-02,3.417873680591583252e-01,-1.863916218280792236e-01,9.980338066816329956e-02,-1.295973956584930420e-01,9.219770878553390503e-02,-1.960215531289577484e-02,-3.619482517242431641e-01,-9.109379351139068604e-02,-1.823669821023941040e-01,1.174120232462882996e-01,-2.126406691968441010e-02,-1.167970597743988037e-01,1.500248610973358154e-01,2.805992402136325836e-02,4.283619637135416269e-04,-1.410401016473770142e-01,3.543904721736907959e-01,1.985381245613098145e-01
-2.776023745536804199e-01,-5.353885293006896973e-01,3.215509355068206787e-01,-8.430881053209304810e-02,1.682338421232998371e-03,-5.284046530723571777e-01,-8.447944521903991699e-01,-2.950683236122131348e-02,-2.123054764524567872e-05,7.975226640701293945e-02,3.425328135490417480e-01,-1.860815286636352539e-01,9.961825609207153320e-02,-1.302217245101928711e-01,9.229127317667007446e-02,-1.941671967506408691e-02,-3.613958656787872314e-01,-9.072251617908477783e-02,-1.811131387948989868e-01,1.180424466729164124e-01,-2.244601026177406311e-02,-1.166057065129280090e-01,1.509190052747726440e-01,2.745388448238372803e-02,5.653906264342367649e-04,-1.410420089960098267e-01,3.536832928657531738e-01,1.976179927587509155e-01
-2.776159942150115967e-01,-5.353721380233764648e-01,3.215902447700500488e-01,-8.437998592853546143e-02,1.997377490624785423e-03,-5.282139778137207031e-01,-8.449059128761291504e-01,-2.915867604315280914e-02,3.551324480213224888e-04,7.974532991647720337e-02,3.425654768943786621e-01,-1.850000917911529541e-01,9.809171408414840698e-02,-1.300341039896011353e-01,9.289102256298065186e-02,-1.910915598273277283e-02,-3.612167239189147949e-01,-9.002494812011718750e-02,-1.776629835367202759e-01,1.190124303102493286e-01,-2.294822409749031067e-02,-1.163954362273216248e-01,1.516264528036117554e-01,2.747427858412265778e-02,6.338660023175179958e-04,-1.403958201408386230e-01,3.536116778850555420e-01,1.984354704618453979e-01
-2.776133418083190918e-01,-5.353806018829345703e-01,3.216556012630462646e-01,-8.459082245826721191e-02,2.467236481606960297e-03,-5.281038880348205566e-01,-8.449524044990539551e-01,-2.865948714315891266e-02,1.067478209733963013e-03,7.933174818754196167e-02,3.427964448928833008e-01,-1.842935532331466675e-01,9.737388044595718384e-02,-1.296914517879486084e-01,9.426974505186080933e-02,-1.944239251315593719e-02,-3.615485131740570068e-01,-9.035529941320419312e-02,-1.760120987892150879e-01,1.194574534893035889e-01,-2.151406928896903992e-02,-1.159240826964378357e-01,1.508238166570663452e-01,2.855305373668670654e-02,8.662954787723720074e-04,-1.402875036001205444e-01,3.549111485481262207e-01,2.000258713960647583e-01
-2.776331901550292969e-01,-5.354427099227905273e-01,3.217078149318695068e-01,-8.480951189994812012e-02,2.639538841322064400e-03,-5.280377864837646484e-01,-8.449712991714477539e-01,-2.872651629149913788e-02,1.177694648504257202e-03,7.890509814023971558e-02,3.429585397243499756e-01,-1.842191815376281738e-01,9.685745090246200562e-02,-1.298572868108749390e-01,9.517256915569305420e-02,-1.943773590028285980e-02,-3.622199296951293945e-01,-8.968833833932876587e-02,-1.733098328113555908e-01,1.191575303673744202e-01,-1.996869407594203949e-02,-1.156102940440177917e-01,1.500886529684066772e-01,2.914659678936004639e-02,8.455275674350559711e-04,-1.398899257183074951e-01,3.561032116413116455e-01,2.005660533905029297e-01
-2.776426970958709717e-01,-5.355496406555175781e-01,3.216959238052368164e-01,-8.474321663379669189e-02,2.539824927225708961e-03,-5.280895233154296875e-01,-8.449459075927734375e-01,-2.864170260727405548e-02,1.125036505982279778e-03,7.797058671712875366e-02,3.427022099494934082e-01,-1.848300844430923462e-01,9.656843543052673340e-02,-1.298732608556747437e-01,9.475008398294448853e-02,-1.954699121415615082e-02,-3.628733754158020020e-01,-8.915695548057556152e-02,-1.708980947732925415e-01,1.192385181784629822e-01,-1.920223236083984375e-02,-1.153891161084175110e-01,1.493662893772125244e-01,2.890066057443618774e-02,7.378252921625971794e-04,-1.394650042057037354e-01,3.566946387290954590e-01,2.000474184751510620e-01
-2.777162790298461914e-01,-5.356294512748718262e-01,3.216502368450164795e-01,-8.477303385734558105e-02,2.389368601143360138e-03,-5.279833078384399414e-01,-8.450097441673278809e-01,-2.907338738441467285e-02,1.019890885800123215e-03,7.786998152732849121e-02,3.428027927875518799e-01,-1.848700791597366333e-01,9.591737389564514160e-02,-1.301015317440032959e-01,9.412232786417007446e-02,-1.963045261800289154e-02,-3.627232611179351807e-01,-8.910164237022399902e-02,-1.708868145942687988e-01,1.181387081742286682e-01,-1.954552903771400452e-02,-1.152757108211517334e-01,1.495520174503326416e-01,2.840683422982692719e-02,6.796286324970424175e-04,-1.392617821693420410e-01,3.564490079879760742e-01,1.992602348327636719e-01
-2.777479588985443115e-01,-5.356289148330688477e-01,3.216467201709747314e-01,-8.480976521968841553e-02,2.195808338001370430e-03,-5.279049873352050781e-01,-8.450554609298706055e-01,-2.954066917300224304e-02,5.880877142772078514e-04,7.786862552165985107e-02,3.430089056491851807e-01,-1.851461380720138550e-01,9.557506442070007324e-02,-1.302958130836486816e-01,9.371159225702285767e-02,-1.966609247028827667e-02,-3.625332415103912354e-01,-8.685662597417831421e-02,-1.724523305892944336e-01,1.171585544943809509e-01,-1.962771452963352203e-02,-1.154443025588989258e-01,1.495956927537918091e-01,2.816664427518844604e-02,6.578866741620004177e-04,-1.389643102884292603e-01,3.564513325691223145e-01,1.992756575345993042e-01
-2.777077555656433105e-01,-5.355954766273498535e-01,3.216809928417205811e-01,-8.470021188259124756e-02,2.092019189149141312e-03,-5.279597043991088867e-01,-8.450325727462768555e-01,-2.955729700624942780e-02,3.950284735765308142e-05,7.824998348951339722e-02,3.428252935409545898e-01,-1.850309222936630249e-01,9.521666914224624634e-02,-1.301053911447525024e-01,9.359729290008544922e-02,-1.984451338648796082e-02,-3.623801767826080322e-01,-8.623953163623809814e-02,-1.749465912580490112e-01,1.162103563547134399e-01,-1.905553787946701050e-02,-1.156946495175361633e-01,1.491649150848388672e-01,2.772635780274868011e-02,4.200469993520528078e-04,-1.381521672010421753e-01,3.571438193321228027e-01,1.995154619216918945e-01
-2.776625454425811768e-01,-5.356145501136779785e-01,3.216888010501861572e-01,-8.470121026039123535e-02,1.798395998775959015e-03,-5.280194282531738281e-01,-8.449958562850952148e-01,-2.995837293565273285e-02,-8.004686096683144569e-04,7.829277217388153076e-02,3.427452743053436279e-01,-1.856016963720321655e-01,9.561911970376968384e-02,-1.303535997867584229e-01,9.335553646087646484e-02,-1.959704607725143433e-02,-3.622986376285552979e-01,-8.597792685031890869e-02,-1.768081784248352051e-01,1.163862943649291992e-01,-1.913070306181907654e-02,-1.160513907670974731e-01,1.493655294179916382e-01,2.743672020733356476e-02,1.461577776353806257e-04,-1.377908885478973389e-01,3.565595448017120361e-01,1.989807188510894775e-01
-2.775934636592864990e-01,-5.356540679931640625e-01,3.216534554958343506e-01,-8.466549217700958252e-02,1.311592641286551952e-03,-5.281012058258056641e-01,-8.449491858482360840e-01,-3.037718683481216431e-02,-1.460910891182720661e-03,7.760462164878845215e-02,3.426998555660247803e-01,-1.862840205430984497e-01,9.577748179435729980e-02,-1.305941492319107056e-01,9.228178858757019043e-02,-1.877951622009277344e-02,-3.617162108421325684e-01,-8.594709634780883789e-02,-1.777782142162322998e-01,1.176165193319320679e-01,-2.029808424413204193e-02,-1.167745515704154968e-01,1.496507674455642700e-01,2.657776884734630585e-02,2.590554358903318644e-04,-1.380896121263504028e-01,3.542088568210601807e-01,1.974637955427169800e-01
-2.775155305862426758e-01,-5.356384515762329102e-01,3.216097354888916016e-01,-8.453883975744247437e-02,5.899335374124348164e-04,-5.282868146896362305e-01,-8.448466658592224121e-01,-3.099211677908897400e-02,-2.208450343459844589e-03,7.654741406440734863e-02,3.427275121212005615e-01,-1.869001239538192749e-01,9.575634449720382690e-02,-1.308972835540771484e-01,9.038078039884567261e-02,-1.897100359201431274e-02,-3.609709739685058594e-01,-8.623091876506805420e-02,-1.784073263406753540e-01,1.186052113771438599e-01,-2.153185568749904633e-02,-1.172262504696846008e-01,1.497085690498352051e-01,2.547153085470199585e-02,4.995777271687984467e-04,-1.383610367774963379e-01,3.532459735870361328e-01,1.965040117502212524e-01
-2.774588167667388916e-01,-5.355252623558044434e-01,3.215949237346649170e-01,-8.442036062479019165e-02,2.954655210487544537e-04,-5.283644199371337891e-01,-8.448101282119750977e-01,-3.112840093672275543e-02,-2.124763792380690575e-03,7.613351941108703613e-02,3.427850604057312012e-01,-1.871443241834640503e-01,9.634215384721755981e-02,-1.308817267417907715e-01,8.941847085952758789e-02,-1.950357668101787567e-02,-3.603046238422393799e-01,-8.744145929813385010e-02,-1.778298914432525635e-01,1.191795915365219116e-01,-2.204849198460578918e-02,-1.173891276121139526e-01,1.491840034723281860e-01,2.550168894231319427e-02,6.055876729078590870e-04,-1.395923048257827759e-01,3.529650568962097168e-01,1.965579092502593994e-01
-2.774040699005126953e-01,-5.353680849075317383e-01,3.216214179992675781e-01,-8.439848572015762329e-02,3.007584600709378719e-04,-5.283186435699462891e-01,-8.448409438133239746e-01,-3.118838556110858917e-02,-2.259143628180027008e-03,7.679741829633712769e-02,3.427067101001739502e-01,-1.868837922811508179e-01,9.694280475378036499e-02,-1.307540088891983032e-01,8.948253095149993896e-02,-1.946926862001419067e-02,-3.601874113082885742e-01,-8.744894713163375854e-02,-1.772081404924392700e-01,1.193271055817604065e-01,-2.210390008985996246e-02,-1.175102293491363525e-01,1.485997140407562256e-01,2.581708133220672607e-02,7.875230512581765652e-04,-1.402153819799423218e-01,3.527612090110778809e-01,1.974057406187057495e-01
-2.773506045341491699e-01,-5.352016687393188477e-01,3.216769993305206299e-01,-8.427064120769500732e-02,3.981634217780083418e-04,-5.283478498458862305e-01,-8.448354005813598633e-01,-3.092836216092109680e-02,-2.168852835893630981e-03,7.689961791038513184e-02,3.425733745098114014e-01,-1.866769194602966309e-01,9.715802222490310669e-02,-1.306543797254562378e-01,8.979199081659317017e-02,-1.966273225843906403e-02,-3.603246808052062988e-01,-8.726677298545837402e-02,-1.770643889904022217e-01,1.191101297736167908e-01,-2.163954824209213257e-02,-1.173132732510566711e-01,1.478905826807022095e-01,2.557673864066600800e-02,5.467662704177200794e-04,-1.399449557065963745e-01,3.535047769546508789e-01,1.980140060186386108e-01
-2.773394286632537842e-01,-5.350523591041564941e-01,3.217349946498870850e-01,-8.420372754335403442e-02,5.197256687097251415e-04,-5.282816886901855469e-01,-8.448833823204040527e-01,-3.076392225921154022e-02,-1.881512813270092010e-03,7.684112340211868286e-02,3.426209092140197754e-01,-1.863873302936553955e-01,9.709741920232772827e-02,-1.305993646383285522e-01,9.025313705205917358e-02,-1.965848542749881744e-02,-3.602952361106872559e-01,-8.747665584087371826e-02,-1.778784394264221191e-01,1.181214228272438049e-01,-2.159654162824153900e-02,-1.170390322804450989e-01,1.480986475944519043e-01,2.556148916482925415e-02,4.166061698924750090e-04,-1.397904157638549805e-01,3.545949161052703857e-01,1.980318427085876465e-01
-2.773632109165191650e-01,-5.349301099777221680e-01,3.217670321464538574e-01,-8.431261032819747925e-02,4.603582783602178097e-04,-5.281490683555603027e-01,-8.449554443359375000e-01,-3.144892305135726929e-02,-1.737450715154409409e-03,7.709973305463790894e-02,3.431458175182342529e-01,-1.861049830913543701e-01,9.703750163316726685e-02,-1.309812963008880615e-01,9.044130891561508179e-02,-1.968873105943202972e-02,-3.602630794048309326e-01,-8.722459524869918823e-02,-1.778768897056579590e-01,1.184558272361755371e-01,-2.127662301063537598e-02,-1.169977635145187378e-01,1.475732624530792236e-01,2.555693499743938446e-02,1.606455334695056081e-04,-1.395169496536254883e-01,3.545997142791748047e-01,1.989837139844894409e-01
-2.773755490779876709e-01,-5.348394513130187988e-01,3.217713534832000732e-01,-8.430561423301696777e-02,4.855380102526396513e-04,-5.281297564506530762e-01,-8.449681997299194336e-01,-3.155897185206413269e-02,-1.368340454064309597e-03,7.696246355772018433e-02,3.433015644550323486e-01,-1.860583126544952393e-01,9.721097350120544434e-02,-1.310311555862426758e-01,9.054129570722579956e-02,-1.987050287425518036e-02,-3.604191541671752930e-01,-8.724796026945114136e-02,-1.774094253778457642e-01,1.192817017436027527e-01,-2.138013765215873718e-02,-1.169228106737136841e-01,1.472202390432357788e-01,2.570498175919055939e-02,7.157165964599698782e-05,-1.400210261344909668e-01,3.543305993080139160e-01,1.985387057065963745e-01
-2.773997783660888672e-01,-5.347688794136047363e-01,3.217520713806152344e-01,-8.427250385284423828e-02,3.592033754102885723e-04,-5.280260443687438965e-01,-8.450363874435424805e-01,-3.184495493769645691e-02,-1.324605545960366726e-03,7.729101181030273438e-02,3.435138463973999023e-01,-1.860778480768203735e-01,9.741349518299102783e-02,-1.311580985784530640e-01,9.022958576679229736e-02,-1.948795467615127563e-02,-3.604407310485839844e-01,-8.715265244245529175e-02,-1.775409579277038574e-01,1.196435317397117615e-01,-2.167939022183418274e-02,-1.171104162931442261e-01,1.471596658229827881e-01,2.523251250386238098e-02,3.358811954967677593e-05,-1.403675973415374756e-01,3.542742729187011719e-01,1.973404139280319214e-01
-2.774079740047454834e-01,-5.347014665603637695e-01,3.217347562313079834e-01,-8.420604467391967773e-02,4.185379948467016220e-04,-5.280082225799560547e-01,-8.450541496276855469e-01,-3.168305754661560059e-02,-1.037303474731743336e-03,7.762743532657623291e-02,3.435578942298889160e-01,-1.859360188245773315e-01,9.763673692941665649e-02,-1.310328245162963867e-01,9.022541344165802002e-02,-1.947922445833683014e-02,-3.603903055191040039e-01,-8.652936667203903198e-02,-1.789008527994155884e-01,1.191416829824447632e-01,-2.262404002249240875e-02,-1.172883957624435425e-01,1.472707092761993408e-01,2.460107393562793732e-02,-7.929659477667883039e-05,-1.401257365942001343e-01,3.519063889980316162e-01,1.965338885784149170e-01
-2.774252593517303467e-01,-5.346314311027526855e-01,3.217141926288604736e-01,-8.425123244524002075e-02,2.545385505072772503e-04,-5.279043316841125488e-01,-8.451145887374877930e-01,-3.209642320871353149e-02,-7.790509262122213840e-04,7.720584422349929810e-02,3.439355194568634033e-01,-1.859146952629089355e-01,9.744061529636383057e-02,-1.310233026742935181e-01,8.952406048774719238e-02,-1.940283365547657013e-02,-3.597694635391235352e-01,-8.583229780197143555e-02,-1.785865724086761475e-01,1.195268630981445312e-01,-2.352390810847282410e-02,-1.174666881561279297e-01,1.476204097270965576e-01,2.413121052086353302e-02,3.062516334466636181e-04,-1.403024047613143921e-01,3.524836003780364990e-01,1.969394981861114502e-01
-2.774389088153839111e-01,-5.345621705055236816e-01,3.217162191867828369e-01,-8.449946343898773193e-02,1.329776277998462319e-04,-5.279073715209960938e-01,-8.450879454612731934e-01,-3.281212970614433289e-02,-4.561786481644958258e-04,7.637143135070800781e-02,3.447853624820709229e-01,-1.857020258903503418e-01,9.749543666839599609e-02,-1.311903744935989380e-01,8.936451375484466553e-02,-1.991637423634529114e-02,-3.596500456333160400e-01,-8.480428904294967651e-02,-1.788547486066818237e-01,1.207316443324089050e-01,-2.364006452262401581e-02,-1.177806928753852844e-01,1.470920741558074951e-01,2.462843619287014008e-02,8.464622078463435173e-04,-1.410641819238662720e-01,3.525304794311523438e-01,1.978551596403121948e-01
-2.774200439453125000e-01,-5.345196723937988281e-01,3.217376172542572021e-01,-8.448008447885513306e-02,1.908979902509599924e-04,-5.280742049217224121e-01,-8.449856042861938477e-01,-3.250552341341972351e-02,-2.267499949084594846e-04,7.619389146566390991e-02,3.447981178760528564e-01,-1.857288926839828491e-01,9.777179360389709473e-02,-1.310252100229263306e-01,8.957427740097045898e-02,-2.056819200515747070e-02,-3.601154983043670654e-01,-8.460560441017150879e-02,-1.800420433282852173e-01,1.213787570595741272e-01,-2.300759963691234589e-02,-1.179231181740760803e-01,1.465205699205398560e-01,2.522188052535057068e-02,1.141220680437982082e-03,-1.416173577308654785e-01,3.533295989036560059e-01,1.980962008237838745e-01
-2.774192094802856445e-01,-5.344802737236022949e-01,3.217618167400360107e-01,-8.436756581068038940e-02,1.543027901789173484e-04,-5.281592011451721191e-01,-8.449437618255615234e-01,-3.241739049553871155e-02,-2.278399551869370043e-05,7.548167556524276733e-02,3.445870280265808105e-01,-1.860402971506118774e-01,9.789604693651199341e-02,-1.309396922588348389e-01,8.949694037437438965e-02,-2.084838226437568665e-02,-3.602569401264190674e-01,-8.410577476024627686e-02,-1.809496581554412842e-01,1.203610971570014954e-01,-2.289305068552494049e-02,-1.179477795958518982e-01,1.466245651245117188e-01,2.543233148753643036e-02,1.189557602629065514e-03,-1.416172832250595093e-01,3.544130921363830566e-01,1.986066699028015137e-01
-2.774353325366973877e-01,-5.344725251197814941e-01,3.217745721340179443e-01,-8.425097167491912842e-02,1.143208937719464302e-04,-5.281128287315368652e-01,-8.449843525886535645e-01,-3.235187754034996033e-02,-1.340291637461632490e-04,7.538844645023345947e-02,3.444073200225830078e-01,-1.861442774534225464e-01,9.738896787166595459e-02,-1.307980865240097046e-01,8.936200290918350220e-02,-2.061682008206844330e-02,-3.604536652565002441e-01,-8.413986861705780029e-02,-1.816405057907104492e-01,1.195045635104179382e-01,-2.275885827839374542e-02,-1.180517375469207764e-01,1.465856283903121948e-01,2.505745925009250641e-02,1.247225096449255943e-03,-1.413514316082000732e-01,3.548653721809387207e-01,1.975697875022888184e-01
-2.774606943130493164e-01,-5.344818830490112305e-01,3.217557668685913086e-01,-8.423653990030288696e-02,1.775103592080995440e-04,-5.280917882919311523e-01,-8.449989557266235352e-01,-3.223114833235740662e-02,-1.342853938695043325e-04,7.538268715143203735e-02,3.444925844669342041e-01,-1.860492080450057983e-01,9.710692614316940308e-02,-1.307918578386306763e-01,8.935365825891494751e-02,-2.083378471434116364e-02,-3.601086437702178955e-01,-8.406183868646621704e-02,-1.834328919649124146e-01,1.186306476593017578e-01,-2.302714996039867401e-02,-1.178379654884338379e-01,1.464340388774871826e-01,2.466070279479026794e-02,1.164178713224828243e-03,-1.412448585033416748e-01,3.535377085208892822e-01,1.969944685697555542e-01
-2.774609923362731934e-01,-5.344930887222290039e-01,3.217343688011169434e-01,-8.431403338909149170e-02,5.276537922327406704e-05,-5.280035138130187988e-01,-8.450464010238647461e-01,-3.245770558714866638e-02,-1.924827956827357411e-04,7.544017583131790161e-02,3.447301387786865234e-01,-1.861795037984848022e-01,9.689132869243621826e-02,-1.310931593179702759e-01,8.894821256399154663e-02,-2.024719864130020142e-02,-3.599280118942260742e-01,-8.384116739034652710e-02,-1.845988035202026367e-01,1.187356561422348022e-01,-2.354104444384574890e-02,-1.178076788783073425e-01,1.464585959911346436e-01,2.449958398938179016e-02,1.196434837765991688e-03,-1.416361033916473389e-01,3.532730340957641602e-01,1.968439817428588867e-01
-2.774679660797119141e-01,-5.344969630241394043e-01,3.217236697673797607e-01,-8.444126695394515991e-02,1.324792719969991595e-05,-5.279122591018676758e-01,-8.450907468795776367e-01,-3.277853131294250488e-02,8.191329834517091513e-05,7.524831593036651611e-02,3.449064791202545166e-01,-1.864053755998611450e-01,9.707916527986526489e-02,-1.312168091535568237e-01,8.884450793266296387e-02,-2.032834663987159729e-02,-3.602666258811950684e-01,-8.458310365676879883e-02,-1.861618757247924805e-01,1.204832121729850769e-01,-2.351934090256690979e-02,-1.177812516689300537e-01,1.463743448257446289e-01,2.466847747564315796e-02,1.294938963837921619e-03,-1.420019865036010742e-01,3.539040684700012207e-01,1.968384832143783569e-01
-2.774443924427032471e-01,-5.345634222030639648e-01,3.217318356037139893e-01,-8.447422087192535400e-02,6.169186963234096766e-05,-5.279487967491149902e-01,-8.450645804405212402e-01,-3.251484781503677368e-02,-1.483247033320367336e-04,7.520942389965057373e-02,3.447971045970916748e-01,-1.863227635622024536e-01,9.673599898815155029e-02,-1.311530172824859619e-01,8.904905617237091064e-02,-2.038195542991161346e-02,-3.608280420303344727e-01,-8.546747267246246338e-02,-1.862723380327224731e-01,1.203660145401954651e-01,-2.305985987186431885e-02,-1.177370473742485046e-01,1.458950340747833252e-01,2.497949264943599701e-02,1.311518717557191849e-03,-1.422042101621627808e-01,3.532748818397521973e-01,1.963844597339630127e-01
-2.774047553539276123e-01,-5.346149802207946777e-01,3.217389583587646484e-01,-8.462019264698028564e-02,-3.535675568855367601e-05,-5.278987288475036621e-01,-8.450812697410583496e-01,-3.263297304511070251e-02,-7.090250437613576651e-05,7.453525066375732422e-02,3.449496030807495117e-01,-1.863296777009963989e-01,9.621122479438781738e-02,-1.313910931348800659e-01,8.893719315528869629e-02,-2.023488283157348633e-02,-3.608720302581787109e-01,-8.676625043153762817e-02,-1.862380504608154297e-01,1.203882545232772827e-01,-2.291584387421607971e-02,-1.175853759050369263e-01,1.458188742399215698e-01,2.489710785448551178e-02,1.219803816638886929e-03,-1.421058177947998047e-01,3.539940714836120605e-01,1.966300755739212036e-01
-2.773585021495819092e-01,-5.347202420234680176e-01,3.217545747756958008e-01,-8.472742885351181030e-02,-2.745249366853386164e-04,-5.278924107551574707e-01,-8.450744152069091797e-01,-3.296900540590286255e-02,3.235288022551685572e-05,7.328715920448303223e-02,3.449804186820983887e-01,-1.865717768669128418e-01,9.557908773422241211e-02,-1.317048221826553345e-01,8.859482407569885254e-02,-1.978451386094093323e-02,-3.611952364444732666e-01,-8.761580288410186768e-02,-1.874920725822448730e-01,1.207873523235321045e-01,-2.274672873318195343e-02,-1.175665259361267090e-01,1.455585062503814697e-01,2.495346590876579285e-02,1.282146316953003407e-03,-1.422612071037292480e-01,3.532997369766235352e-01,1.961175948381423950e-01
-2.773283123970031738e-01,-5.348084568977355957e-01,3.217507600784301758e-01,-8.477935194969177246e-02,-3.157951578032225370e-04,-5.278903841972351074e-01,-8.450704813003540039e-01,-3.278140351176261902e-02,-3.640920622274279594e-04,7.315677404403686523e-02,3.448690772056579590e-01,-1.863365173339843750e-01,9.488365799188613892e-02,-1.316667795181274414e-01,8.855285495519638062e-02,-1.981225423514842987e-02,-3.616210520267486572e-01,-8.839690685272216797e-02,-1.878899782896041870e-01,1.212114095687866211e-01,-2.251699939370155334e-02,-1.176060065627098083e-01,1.454213708639144897e-01,2.507677115499973297e-02,1.351312152110040188e-03,-1.424450576305389404e-01,3.528564572334289551e-01,1.959207653999328613e-01
-2.772728502750396729e-01,-5.348755121231079102e-01,3.217610418796539307e-01,-8.500181138515472412e-02,-3.422040608711540699e-04,-5.278601646423339844e-01,-8.450669646263122559e-01,-3.282718732953071594e-02,-4.012219869764521718e-05,7.244942337274551392e-02,3.449882566928863525e-01,-1.860582828521728516e-01,9.450162947177886963e-02,-1.319455653429031372e-01,8.878445625305175781e-02,-1.961018331348896027e-02,-3.618980050086975098e-01,-8.827157318592071533e-02,-1.878897994756698608e-01,1.211217790842056274e-01,-2.221593447029590607e-02,-1.174806877970695496e-01,1.453362703323364258e-01,2.522091194987297058e-02,1.316660665906965733e-03,-1.425618380308151245e-01,3.532798588275909424e-01,1.954471021890640259e-01
-2.772407829761505127e-01,-5.349562764167785645e-01,3.217665851116180420e-01,-8.515772968530654907e-02,-3.297034709248691797e-04,-5.278066992759704590e-01,-8.450846672058105469e-01,-3.293201327323913574e-02,-1.998415973503142595e-05,7.203409075736999512e-02,3.450338542461395264e-01,-1.856205165386199951e-01,9.392997622489929199e-02,-1.320147961378097534e-01,8.902346342802047729e-02,-1.956512033939361572e-02,-3.623880445957183838e-01,-8.804503828287124634e-02,-1.898632496595382690e-01,1.216839626431465149e-01,-2.195362374186515808e-02,-1.173636317253112793e-01,1.452723741531372070e-01,2.581304311752319336e-02,1.307668746449053288e-03,-1.428088098764419556e-01,3.529813587665557861e-01,1.961300522089004517e-01
-2.771766185760498047e-01,-5.350565910339355469e-01,3.217729926109313965e-01,-8.523962646722793579e-02,-3.776005469262599945e-04,-5.278272032737731934e-01,-8.450636267662048340e-01,-3.270666301250457764e-02,-7.700196147197857499e-05,7.155025750398635864e-02,3.449383378028869629e-01,-1.855150759220123291e-01,9.331970661878585815e-02,-1.320929825305938721e-01,8.896701037883758545e-02,-1.947958953678607941e-02,-3.626536726951599121e-01,-8.822612464427947998e-02,-1.903336942195892334e-01,1.212702170014381409e-01,-2.180064469575881958e-02,-1.172583103179931641e-01,1.451737135648727417e-01,2.587265521287918091e-02,1.238810014910995960e-03,-1.427990943193435669e-01,3.527662754058837891e-01,1.959743797779083252e-01
-2.770993113517761230e-01,-5.351343750953674316e-01,3.217879533767700195e-01,-8.542509377002716064e-02,-3.758349339477717876e-04,-5.278494954109191895e-01,-8.450309634208679199e-01,-3.259439393877983093e-02,-3.049712358915712684e-05,7.115346193313598633e-02,3.449700176715850830e-01,-1.851077526807785034e-01,9.307856857776641846e-02,-1.322250813245773315e-01,8.932542055845260620e-02,-1.946560107171535492e-02,-3.633866310119628906e-01,-8.809204399585723877e-02,-1.913323700428009033e-01,1.211310103535652161e-01,-2.150106430053710938e-02,-1.172190234065055847e-01,1.452171504497528076e-01,2.618226222693920135e-02,1.257019583135843277e-03,-1.429813802242279053e-01,3.529278934001922607e-01,1.956798434257507324e-01
-2.770510315895080566e-01,-5.352086424827575684e-01,3.218036890029907227e-01,-8.557257056236267090e-02,-4.140687233302742243e-04,-5.278394222259521484e-01,-8.450223207473754883e-01,-3.260205313563346863e-02,-4.363082916825078428e-05,7.070368528366088867e-02,3.450173735618591309e-01,-1.848183870315551758e-01,9.250728785991668701e-02,-1.324711740016937256e-01,8.960863202810287476e-02,-1.948859542608261108e-02,-3.636807799339294434e-01,-8.895528316497802734e-02,-1.927423626184463501e-01,1.203881874680519104e-01,-2.151686511933803558e-02,-1.170589625835418701e-01,1.456080675125122070e-01,2.612906694412231445e-02,1.050104852765798569e-03,-1.426744461059570312e-01,3.526815772056579590e-01,1.949681639671325684e-01
-2.769784033298492432e-01,-5.353167057037353516e-01,3.218257725238800049e-01,-8.573172241449356079e-02,-3.633656306192278862e-04,-5.278046727180480957e-01,-8.450279235839843750e-01,-3.241847455501556396e-02,2.411009336356073618e-04,7.025589048862457275e-02,3.448189795017242432e-01,-1.846363842487335205e-01,9.232614189386367798e-02,-1.325432062149047852e-01,8.996312320232391357e-02,-1.902619749307632446e-02,-3.638279438018798828e-01,-8.878999948501586914e-02,-1.948530972003936768e-01,1.200374588370323181e-01,-2.140550315380096436e-02,-1.168828308582305908e-01,1.458437442779541016e-01,2.593326382339000702e-02,9.440061985515058041e-04,-1.419579088687896729e-01,3.518653213977813721e-01,1.949155479669570923e-01
-2.769301235675811768e-01,-5.354085564613342285e-01,3.218469321727752686e-01,-8.592396974563598633e-02,-4.925382090732455254e-04,-5.278521776199340820e-01,-8.449786305427551270e-01,-3.263868764042854309e-02,1.472328003728762269e-04,6.945674121379852295e-02,3.449227809906005859e-01,-1.848384290933609009e-01,9.214620292186737061e-02,-1.327321976423263550e-01,8.989308774471282959e-02,-1.940825395286083221e-02,-3.638981282711029053e-01,-8.868982642889022827e-02,-1.954790502786636353e-01,1.200938895344734192e-01,-2.093409188091754913e-02,-1.168328523635864258e-01,1.457318812608718872e-01,2.635070495307445526e-02,1.018244540318846703e-03,-1.418957114219665527e-01,3.528611361980438232e-01,1.958673894405364990e-01
-2.768970131874084473e-01,-5.355076789855957031e-01,3.218424320220947266e-01,-8.602298796176910400e-02,-4.973509931005537510e-04,-5.278630256652832031e-01,-8.449617624282836914e-01,-3.254310414195060730e-02,2.498214598745107651e-04,6.886340677738189697e-02,3.448410928249359131e-01,-1.845703125000000000e-01,9.178657829761505127e-02,-1.327401995658874512e-01,8.999224007129669189e-02,-1.947529427707195282e-02,-3.639342486858367920e-01,-8.798807114362716675e-02,-1.953838616609573364e-01,1.202643066644668579e-01,-1.966332457959651947e-02,-1.168843358755111694e-01,1.448673009872436523e-01,2.641378343105316162e-02,8.398911450058221817e-04,-1.413086503744125366e-01,3.539102971553802490e-01,1.963740587234497070e-01
-2.768159210681915283e-01,-5.356012582778930664e-01,3.218288719654083252e-01,-8.588817715644836426e-02,-7.128285360522568226e-04,-5.278939008712768555e-01,-8.449560403823852539e-01,-3.231058269739151001e-02,-1.668882468948140740e-04,6.832851469516754150e-02,3.442489206790924072e-01,-1.852544844150543213e-01,9.169519692659378052e-02,-1.326367855072021484e-01,8.934216201305389404e-02,-1.936483010649681091e-02,-3.639729321002960205e-01,-8.751969784498214722e-02,-1.948463320732116699e-01,1.199798211455345154e-01,-1.887643523514270782e-02,-1.167255416512489319e-01,1.440823525190353394e-01,2.588296867907047272e-02,3.345846198499202728e-04,-1.407302320003509521e-01,3.549952805042266846e-01,1.961548030376434326e-01
-2.767755389213562012e-01,-5.356818437576293945e-01,3.217995762825012207e-01,-8.580408990383148193e-02,-9.253280004486441612e-04,-5.278605818748474121e-01,-8.449852466583251953e-01,-3.225569054484367371e-02,-5.667780642397701740e-04,6.804155558347702026e-02,3.439700305461883545e-01,-1.855504512786865234e-01,9.146578609943389893e-02,-1.325667500495910645e-01,8.876073360443115234e-02,-1.922163553535938263e-02,-3.638080060482025146e-01,-8.713880926370620728e-02,-1.953861117362976074e-01,1.192634776234626770e-01,-1.925751380622386932e-02,-1.168936043977737427e-01,1.445108950138092041e-01,2.511411532759666443e-02,2.385908373980782926e-05,-1.404104232788085938e-01,3.546794950962066650e-01,1.946347653865814209e-01
-2.766904830932617188e-01,-5.357404947280883789e-01,3.217685818672180176e-01,-8.577405661344528198e-02,-1.129792537540197372e-03,-5.278427004814147949e-01,-8.449991941452026367e-01,-3.213355317711830139e-02,-7.654690998606383801e-04,6.775961816310882568e-02,3.436823785305023193e-01,-1.854958534240722656e-01,9.151740372180938721e-02,-1.324488371610641479e-01,8.824360370635986328e-02,-1.895377039909362793e-02,-3.632962107658386230e-01,-8.701156824827194214e-02,-1.964104771614074707e-01,1.184410750865936279e-01,-2.008325792849063873e-02,-1.169817745685577393e-01,1.447213590145111084e-01,2.439228072762489319e-02,-1.228828768944367766e-04,-1.402903348207473755e-01,3.528298735618591309e-01,1.934283226728439331e-01
-2.766256332397460938e-01,-5.357341170310974121e-01,3.217693269252777100e-01,-8.589988201856613159e-02,-1.275704475119709969e-03,-5.278030037879943848e-01,-8.450109958648681641e-01,-3.239513561129570007e-02,-7.663386641070246696e-04,6.757051497697830200e-02,3.438650965690612793e-01,-1.854140758514404297e-01,9.155487269163131714e-02,-1.325773745775222778e-01,8.811779320240020752e-02,-1.914016157388687134e-02,-3.631030023097991943e-01,-8.777387440204620361e-02,-1.966892778873443604e-01,1.181112006306648254e-01,-2.066056430339813232e-02,-1.169946938753128052e-01,1.452510207891464233e-01,2.413245849311351776e-02,-2.484252036083489656e-04,-1.402317285537719727e-01,3.524607717990875244e-01,1.931935697793960571e-01
-2.765760719776153564e-01,-5.357316732406616211e-01,3.217892944812774658e-01,-8.605820685625076294e-02,-1.309086917899549007e-03,-5.275946259498596191e-01,-8.451249599456787109e-01,-3.267627581954002380e-02,-8.358391351066529751e-04,6.785061955451965332e-02,3.440382182598114014e-01,-1.852138042449951172e-01,9.157847613096237183e-02,-1.325762122869491577e-01,8.832768350839614868e-02,-1.855223253369331360e-02,-3.627324998378753662e-01,-8.806020766496658325e-02,-1.963994055986404419e-01,1.187466755509376526e-01,-2.043968811631202698e-02,-1.170309484004974365e-01,1.453988254070281982e-01,2.449780888855457306e-02,-2.566621697042137384e-04,-1.405538171529769897e-01,3.526723682880401611e-01,1.935347169637680054e-01
-2.765009999275207520e-01,-5.357327461242675781e-01,3.218232393264770508e-01,-8.623178303241729736e-02,-1.356079825200140476e-03,-5.274713635444641113e-01,-8.451841473579406738e-01,-3.288964927196502686e-02,-7.294851820915937424e-04,6.766807287931442261e-02,3.441600501537322998e-01,-1.852730959653854370e-01,9.181801229715347290e-02,-1.326263993978500366e-01,8.863709121942520142e-02,-1.831427589058876038e-02,-3.624666929244995117e-01,-8.814219385385513306e-02,-1.958313137292861938e-01,1.196408048272132874e-01,-1.966862753033638000e-02,-1.169014126062393188e-01,1.446499973535537720e-01,2.487853914499282837e-02,-3.381867718417197466e-04,-1.408081203699111938e-01,3.532061278820037842e-01,1.937172859907150269e-01
-2.764276266098022461e-01,-5.357349514961242676e-01,3.218641877174377441e-01,-8.637643605470657349e-02,-1.243424369022250175e-03,-5.274198651313781738e-01,-8.452016711235046387e-01,-3.279289230704307556e-02,-5.053285276517271996e-04,6.747101247310638428e-02,3.441869616508483887e-01,-1.849347203969955444e-01,9.200467914342880249e-02,-1.327008903026580811e-01,8.936351537704467773e-02,-1.826300099492073059e-02,-3.624007999897003174e-01,-8.788634836673736572e-02,-1.950076371431350708e-01,1.200057193636894226e-01,-1.946648396551609039e-02,-1.167336851358413696e-01,1.452643275260925293e-01,2.506558410823345184e-02,-7.707279291935265064e-04,-1.404222548007965088e-01,3.538864552974700928e-01,1.938494443893432617e-01
-2.763564288616180420e-01,-5.357457399368286133e-01,3.218929171562194824e-01,-8.638480305671691895e-02,-1.266437931917607784e-03,-5.273222923278808594e-01,-8.452616930007934570e-01,-3.268815949559211731e-02,-5.787030677311122417e-04,6.743115931749343872e-02,3.438583314418792725e-01,-1.849287599325180054e-01,9.186519682407379150e-02,-1.326145827770233154e-01,8.950390666723251343e-02,-1.830757968127727509e-02,-3.622697293758392334e-01,-8.727666735649108887e-02,-1.940566599369049072e-01,1.203215122222900391e-01,-1.922777295112609863e-02,-1.163595020771026611e-01,1.451139748096466064e-01,2.468094415962696075e-02,-1.076374785043299198e-03,-1.396106183528900146e-01,3.537374436855316162e-01,1.938233375549316406e-01
-2.762891352176666260e-01,-5.357430577278137207e-01,3.218995332717895508e-01,-8.638153970241546631e-02,-1.274017151445150375e-03,-5.272536873817443848e-01,-8.453047871589660645e-01,-3.258834406733512878e-02,-6.500387680716812611e-04,6.747383624315261841e-02,3.437262773513793945e-01,-1.848735660314559937e-01,9.201139211654663086e-02,-1.326575726270675659e-01,8.954471349716186523e-02,-1.809918135404586792e-02,-3.621227443218231201e-01,-8.723532408475875854e-02,-1.931216418743133545e-01,1.198100671172142029e-01,-1.921229809522628784e-02,-1.161707714200019836e-01,1.453061848878860474e-01,2.449206635355949402e-02,-1.534713665023446083e-03,-1.393391489982604980e-01,3.545127809047698975e-01,1.940807700157165527e-01
-2.762127816677093506e-01,-5.357804894447326660e-01,3.218876719474792480e-01,-8.628328889608383179e-02,-1.375831780023872852e-03,-5.272037982940673828e-01,-8.453457355499267578e-01,-3.229251131415367126e-02,-6.769595202058553696e-04,6.727845221757888794e-02,3.432400822639465332e-01,-1.850171983242034912e-01,9.210925549268722534e-02,-1.324318498373031616e-01,8.918577432632446289e-02,-1.813326962292194366e-02,-3.616805374622344971e-01,-8.710620552301406860e-02,-1.924913227558135986e-01,1.198542043566703796e-01,-1.933857612311840057e-02,-1.158776953816413879e-01,1.451980620622634888e-01,2.406495437026023865e-02,-1.755504286848008633e-03,-1.392429322004318237e-01,3.543999791145324707e-01,1.935100704431533813e-01
-2.761543691158294678e-01,-5.358421802520751953e-01,3.218521475791931152e-01,-8.624984323978424072e-02,-1.468549831770360470e-03,-5.271159410476684570e-01,-8.454037904739379883e-01,-3.210951387882232666e-02,-1.014644978567957878e-03,6.771154701709747314e-02,3.429900407791137695e-01,-1.847980022430419922e-01,9.185338020324707031e-02,-1.322647631168365479e-01,8.872631937265396118e-02,-1.782800815999507904e-02,-3.614787757396697998e-01,-8.633147925138473511e-02,-1.912431120872497559e-01,1.206138432025909424e-01,-1.981518231332302094e-02,-1.158235371112823486e-01,1.451690196990966797e-01,2.341175451874732971e-02,-1.927018747664988041e-03,-1.391141265630722046e-01,3.535341620445251465e-01,1.925044804811477661e-01
-2.761071026325225830e-01,-5.358518362045288086e-01,3.218056559562683105e-01,-8.641391992568969727e-02,-1.506597967818379402e-03,-5.270022153854370117e-01,-8.454579114913940430e-01,-3.218788281083106995e-02,-1.307565951719880104e-03,6.819166243076324463e-02,3.432048261165618896e-01,-1.845535337924957275e-01,9.207982569932937622e-02,-1.322030276060104370e-01,8.854886144399642944e-02,-1.781527884304523468e-02,-3.612662255764007568e-01,-8.584498614072799683e-02,-1.893802285194396973e-01,1.215649470686912537e-01,-2.019732072949409485e-02,-1.158856749534606934e-01,1.452156752347946167e-01,2.323033288121223450e-02,-1.779883168637752533e-03,-1.394318193197250366e-01,3.536365628242492676e-01,1.922329664230346680e-01
-2.760714888572692871e-01,-5.358828902244567871e-01,3.217734694480895996e-01,-8.666321635246276855e-02,-1.469762064516544342e-03,-5.269312858581542969e-01,-8.454766273498535156e-01,-3.220630064606666565e-02,-4.234504885971546173e-04,6.772124767303466797e-02,3.436565995216369629e-01,-1.842083483934402466e-01,9.230653941631317139e-02,-1.321917176246643066e-01,8.864291012287139893e-02,-1.798546500504016876e-02,-3.614643812179565430e-01,-8.566743880510330200e-02,-1.882521808147430420e-01,1.227729171514511108e-01,-2.077233046293258667e-02,-1.157173663377761841e-01,1.454472988843917847e-01,2.370235510170459747e-02,-1.410098513588309288e-03,-1.404486447572708130e-01,3.528384566307067871e-01,1.921313703060150146e-01
-2.760781943798065186e-01,-5.358844995498657227e-01,3.217701613903045654e-01,-8.670217543840408325e-02,-1.233726274222135544e-03,-5.267760753631591797e-01,-8.455697298049926758e-01,-3.194589167833328247e-02,1.533947215648368001e-04,6.788619607686996460e-02,3.436940908432006836e-01,-1.836375147104263306e-01,9.193640947341918945e-02,-1.318504512310028076e-01,8.906575292348861694e-02,-1.804858818650245667e-02,-3.612349927425384521e-01,-8.573768287897109985e-02,-1.877855956554412842e-01,1.232487708330154419e-01,-2.111835777759552002e-02,-1.154687404632568359e-01,1.458573639392852783e-01,2.397908642888069153e-02,-1.244341372512280941e-03,-1.406473368406295776e-01,3.527713418006896973e-01,1.919168233871459961e-01
-2.761240005493164062e-01,-5.358842015266418457e-01,3.218260407447814941e-01,-8.685310930013656616e-02,-9.371115011163055897e-04,-5.265632271766662598e-01,-8.456872105598449707e-01,-3.192495182156562805e-02,5.651001119986176491e-04,6.798950582742691040e-02,3.438584208488464355e-01,-1.833974272012710571e-01,9.124083817005157471e-02,-1.318062245845794678e-01,9.016387164592742920e-02,-1.805352233350276947e-02,-3.618016242980957031e-01,-8.563861995935440063e-02,-1.870439946651458740e-01,1.233253479003906250e-01,-2.087608724832534790e-02,-1.151780411601066589e-01,1.462098509073257446e-01,2.415567822754383087e-02,-1.381521113216876984e-03,-1.398609429597854614e-01,3.522161245346069336e-01,1.919004321098327637e-01
-2.761602699756622314e-01,-5.359416604042053223e-01,3.218923509120941162e-01,-8.688695728778839111e-02,-6.376898963935673237e-04,-5.264396667480468750e-01,-8.457609415054321289e-01,-3.164188191294670105e-02,9.018879500217735767e-04,6.738954037427902222e-02,3.437704145908355713e-01,-1.831637918949127197e-01,9.035304933786392212e-02,-1.316279619932174683e-01,9.113966673612594604e-02,-1.798181794583797455e-02,-3.620632886886596680e-01,-8.441135287284851074e-02,-1.865893155336380005e-01,1.230326145887374878e-01,-2.032648399472236633e-02,-1.146932020783424377e-01,1.465466618537902832e-01,2.410377375781536102e-02,-1.669458346441388130e-03,-1.385657042264938354e-01,3.523308336734771729e-01,1.920279711484909058e-01
-2.761956453323364258e-01,-5.360199809074401855e-01,3.219334185123443604e-01,-8.690611273050308228e-02,-5.033775814808905125e-04,-5.263589620590209961e-01,-8.458092808723449707e-01,-3.155359253287315369e-02,9.337374358437955379e-04,6.683583557605743408e-02,3.436322808265686035e-01,-1.830643415451049805e-01,8.945430815219879150e-02,-1.315121948719024658e-01,9.148845076560974121e-02,-1.816540770232677460e-02,-3.620030283927917480e-01,-8.370833098888397217e-02,-1.865817308425903320e-01,1.231607869267463684e-01,-1.937883161008358002e-02,-1.143232285976409912e-01,1.458324790000915527e-01,2.414495684206485748e-02,-1.846670988015830517e-03,-1.375769674777984619e-01,3.524977266788482666e-01,1.926454454660415649e-01
-2.762237787246704102e-01,-5.361024141311645508e-01,3.219359517097473145e-01,-8.684580028057098389e-02,-5.076931556686758995e-04,-5.262062549591064453e-01,-8.459104895591735840e-01,-3.137753903865814209e-02,1.131732366047799587e-03,6.611134856939315796e-02,3.434160351753234863e-01,-1.832032054662704468e-01,8.839446306228637695e-02,-1.311931163072586060e-01,9.129088371992111206e-02,-1.816612668335437775e-02,-3.625425994396209717e-01,-8.281545341014862061e-02,-1.844823807477951050e-01,1.236511766910552979e-01,-1.888405904173851013e-02,-1.141713187098503113e-01,1.455698609352111816e-01,2.443282864987850189e-02,-1.853475929237902164e-03,-1.375843882560729980e-01,3.533740937709808350e-01,1.926306337118148804e-01
-2.762248814105987549e-01,-5.361762642860412598e-01,3.218951821327209473e-01,-8.673172444105148315e-02,-6.400915444828569889e-04,-5.261187553405761719e-01,-8.459764719009399414e-01,-3.129088878631591797e-02,8.749609114602208138e-04,6.569497287273406982e-02,3.431246280670166016e-01,-1.833971440792083740e-01,8.754667639732360840e-02,-1.311274021863937378e-01,9.046284109354019165e-02,-1.806231215596199036e-02,-3.622455000877380371e-01,-8.219810575246810913e-02,-1.844822168350219727e-01,1.221913024783134460e-01,-1.870330236852169037e-02,-1.137701272964477539e-01,1.450018882751464844e-01,2.437408268451690674e-02,-2.017996273934841156e-03,-1.380446404218673706e-01,3.539477288722991943e-01,1.922734081745147705e-01
-2.762189805507659912e-01,-5.362175703048706055e-01,3.218808174133300781e-01,-8.673760294914245605e-02,-7.585983257740736008e-04,-5.259084701538085938e-01,-8.461065888404846191e-01,-3.152199462056159973e-02,2.968831104226410389e-04,6.600005924701690674e-02,3.430100083351135254e-01,-1.837585568428039551e-01,8.731785416603088379e-02,-1.308699995279312134e-01,8.995541185140609741e-02,-1.764131337404251099e-02,-3.629712462425231934e-01,-8.136740326881408691e-02,-1.838990747928619385e-01,1.218161284923553467e-01,-1.896887086331844330e-02,-1.139580383896827698e-01,1.449647247791290283e-01,2.471091784536838531e-02,-1.847725012339651585e-03,-1.388411968946456909e-01,3.535423576831817627e-01,1.922937780618667603e-01
-2.761956155300140381e-01,-5.362278819084167480e-01,3.218958377838134766e-01,-8.674753457307815552e-02,-8.589504286646842957e-04,-5.258963704109191895e-01,-8.461129665374755859e-01,-3.173075616359710693e-02,-9.598019823897629976e-05,6.595689803361892700e-02,3.429631590843200684e-01,-1.842330545186996460e-01,8.760158717632293701e-02,-1.306367367506027222e-01,8.980239182710647583e-02,-1.815734058618545532e-02,-3.637738227844238281e-01,-8.067107945680618286e-02,-1.850831806659698486e-01,1.212984845042228699e-01,-1.829616539180278778e-02,-1.141171008348464966e-01,1.441887766122817993e-01,2.500434033572673798e-02,-1.842179568484425545e-03,-1.390047520399093628e-01,3.540056049823760986e-01,1.924760341644287109e-01
-2.761249840259552002e-01,-5.362458825111389160e-01,3.219167590141296387e-01,-8.672683686017990112e-02,-1.002006116323173046e-03,-5.259160995483398438e-01,-8.461026549339294434e-01,-3.171869367361068726e-02,-8.568689809180796146e-04,6.615802645683288574e-02,3.426858782768249512e-01,-1.846201568841934204e-01,8.804490417242050171e-02,-1.305143833160400391e-01,8.968135714530944824e-02,-1.840415410697460175e-02,-3.644857406616210938e-01,-8.041659742593765259e-02,-1.873591691255569458e-01,1.205168217420578003e-01,-1.782875135540962219e-02,-1.140368729829788208e-01,1.437703371047973633e-01,2.512595057487487793e-02,-2.085828455165028572e-03,-1.389163136482238770e-01,3.542364835739135742e-01,1.928252279758453369e-01
-2.760546207427978516e-01,-5.363168716430664062e-01,3.219075798988342285e-01,-8.675502240657806396e-02,-1.200740691274404526e-03,-5.258945822715759277e-01,-8.461129069328308105e-01,-3.188506513833999634e-02,-1.130701275542378426e-03,6.576722115278244019e-02,3.425628840923309326e-01,-1.848688274621963501e-01,8.832311630249023438e-02,-1.305762231349945068e-01,8.940677344799041748e-02,-1.791122555732727051e-02,-3.643480241298675537e-01,-7.959955185651779175e-02,-1.878424733877182007e-01,1.192842647433280945e-01,-1.728943921625614166e-02,-1.141112968325614929e-01,1.431101709604263306e-01,2.466538734734058380e-02,-2.348142908886075020e-03,-1.385582983493804932e-01,3.537880778312683105e-01,1.922141462564468384e-01
-2.759790420532226562e-01,-5.363719463348388672e-01,3.218676149845123291e-01,-8.675198256969451904e-02,-1.502193044871091843e-03,-5.258646607398986816e-01,-8.461313247680664062e-01,-3.196075558662414551e-02,-1.376519678160548210e-03,6.542061269283294678e-02,3.423756062984466553e-01,-1.852902173995971680e-01,8.849055320024490356e-02,-1.305032670497894287e-01,8.863188326358795166e-02,-1.780132390558719635e-02,-3.641331791877746582e-01,-7.997260242700576782e-02,-1.863517761230468750e-01,1.190577596426010132e-01,-1.800902746617794037e-02,-1.144169047474861145e-01,1.434722691774368286e-01,2.406331337988376617e-02,-2.365514170378446579e-03,-1.386878490447998047e-01,3.535385429859161377e-01,1.908284127712249756e-01
-2.759141325950622559e-01,-5.363720059394836426e-01,3.218259811401367188e-01,-8.669185638427734375e-02,-1.686373958364129066e-03,-5.258198976516723633e-01,-8.461649417877197266e-01,-3.182330355048179626e-02,-1.662623952142894268e-03,6.562779098749160767e-02,3.422105312347412109e-01,-1.852494031190872192e-01,8.867382258176803589e-02,-1.304061263799667358e-01,8.781431615352630615e-02,-1.790585182607173920e-02,-3.636988699436187744e-01,-8.075284957885742188e-02,-1.861315518617630005e-01,1.194839179515838623e-01,-1.881022751331329346e-02,-1.144863814115524292e-01,1.435362100601196289e-01,2.331576868891716003e-02,-2.516580745577812195e-03,-1.385885030031204224e-01,3.529672324657440186e-01,1.907932311296463013e-01
-2.758306562900543213e-01,-5.363416075706481934e-01,3.218061625957489014e-01,-8.660547435283660889e-02,-1.852070447057485580e-03,-5.258066654205322266e-01,-8.461816906929016113e-01,-3.171922266483306885e-02,-1.740098232403397560e-03,6.569022685289382935e-02,3.419567048549652100e-01,-1.854044795036315918e-01,8.898456394672393799e-02,-1.302092224359512329e-01,8.718558400869369507e-02,-1.799635216593742371e-02,-3.635353446006774902e-01,-8.186136186122894287e-02,-1.872910410165786743e-01,1.201669797301292419e-01,-1.879802159965038300e-02,-1.144734993577003479e-01,1.428076624870300293e-01,2.305562235414981842e-02,-2.593512181192636490e-03,-1.390315294265747070e-01,3.532086312770843506e-01,1.907397955656051636e-01
-2.757475972175598145e-01,-5.362879633903503418e-01,3.218292891979217529e-01,-8.667606860399246216e-02,-1.891616149805486202e-03,-5.256975889205932617e-01,-8.462421298027038574e-01,-3.183498606085777283e-02,-1.600232557393610477e-03,6.569422036409378052e-02,3.419631421566009521e-01,-1.852292716503143311e-01,8.909742534160614014e-02,-1.301693320274353027e-01,8.739864081144332886e-02,-1.758433133363723755e-02,-3.635956943035125732e-01,-8.246845006942749023e-02,-1.875617951154708862e-01,1.199960410594940186e-01,-1.851743459701538086e-02,-1.145350411534309387e-01,1.427166759967803955e-01,2.304480038583278656e-02,-2.667076187208294868e-03,-1.391957104206085205e-01,3.537479341030120850e-01,1.906815171241760254e-01
-2.756767570972442627e-01,-5.362507700920104980e-01,3.218674957752227783e-01,-8.673720806837081909e-02,-1.945518655702471733e-03,-5.256402492523193359e-01,-8.462713360786437988e-01,-3.189624845981597900e-02,-1.477760961279273033e-03,6.528849899768829346e-02,3.420068621635437012e-01,-1.852039247751235962e-01,8.927329629659652710e-02,-1.301760673522949219e-01,8.758434653282165527e-02,-1.731977425515651703e-02,-3.633803427219390869e-01,-8.249889314174652100e-02,-1.880908906459808350e-01,1.197068318724632263e-01,-1.849587820470333099e-02,-1.144377514719963074e-01,1.428311467170715332e-01,2.280359715223312378e-02,-2.809535944834351540e-03,-1.389393806457519531e-01,3.540091514587402344e-01,1.906030774116516113e-01
-2.756419181823730469e-01,-5.361981987953186035e-01,3.218969106674194336e-01,-8.690122514963150024e-02,-1.974426908418536186e-03,-5.255647301673889160e-01,-8.463013172149658203e-01,-3.225567564368247986e-02,-1.867236336693167686e-03,6.560535728931427002e-02,3.423788845539093018e-01,-1.850318461656570435e-01,8.919076621532440186e-02,-1.304389834403991699e-01,8.794263750314712524e-02,-1.728799380362033844e-02,-3.633900284767150879e-01,-8.392421901226043701e-02,-1.884094774723052979e-01,1.197053194046020508e-01,-1.817194186151027679e-02,-1.144635677337646484e-01,1.425005644559860229e-01,2.277598716318607330e-02,-2.997323637828230858e-03,-1.386025398969650269e-01,3.538005352020263672e-01,1.910984367132186890e-01
-2.756164968013763428e-01,-5.361641049385070801e-01,3.219308257102966309e-01,-8.703531324863433838e-02,-2.017855877056717873e-03,-5.254808068275451660e-01,-8.463395833969116211e-01,-3.270252421498298645e-02,-1.904734410345554352e-03,6.553310900926589966e-02,3.425721228122711182e-01,-1.850549578666687012e-01,8.943123370409011841e-02,-1.307592689990997314e-01,8.822955191135406494e-02,-1.732110790908336639e-02,-3.632970750331878662e-01,-8.464761823415756226e-02,-1.869411766529083252e-01,1.202977821230888367e-01,-1.795332320034503937e-02,-1.142196431756019592e-01,1.425594687461853027e-01,2.268631756305694580e-02,-3.353116102516651154e-03,-1.383178979158401489e-01,3.539813458919525146e-01,1.909216493368148804e-01
-2.755805253982543945e-01,-5.361511111259460449e-01,3.219478726387023926e-01,-8.708802610635757446e-02,-2.209177240729331970e-03,-5.253693461418151855e-01,-8.464028835296630859e-01,-3.321847319602966309e-02,-1.790857291780412197e-03,6.492950022220611572e-02,3.426307439804077148e-01,-1.854145079851150513e-01,8.942060172557830811e-02,-1.309600919485092163e-01,8.795209228992462158e-02,-1.713622920215129852e-02,-3.629033267498016357e-01,-8.469723165035247803e-02,-1.864274889230728149e-01,1.202872619032859802e-01,-1.756608672440052032e-02,-1.140817180275917053e-01,1.420301049947738647e-01,2.252668701112270355e-02,-3.543289843946695328e-03,-1.381360888481140137e-01,3.544246554374694824e-01,1.911185085773468018e-01
-2.755230665206909180e-01,-5.361624360084533691e-01,3.219435214996337891e-01,-8.716882020235061646e-02,-2.207180717960000038e-03,-5.253039002418518066e-01,-8.464351892471313477e-01,-3.316713869571685791e-02,-1.694993814453482628e-03,6.510511040687561035e-02,3.425916135311126709e-01,-1.854189187288284302e-01,8.988873660564422607e-02,-1.308757066726684570e-01,8.809600770473480225e-02,-1.693560928106307983e-02,-3.624241948127746582e-01,-8.475244045257568359e-02,-1.862311065196990967e-01,1.197613403201103210e-01,-1.733363606035709381e-02,-1.141154095530509949e-01,1.417327374219894409e-01,2.240072563290596008e-02,-3.606499405577778816e-03,-1.382247507572174072e-01,3.542021811008453369e-01,1.905317902565002441e-01
-2.754536867141723633e-01,-5.361605286598205566e-01,3.219360709190368652e-01,-8.713597804307937622e-02,-2.368450863286852837e-03,-5.253356695175170898e-01,-8.464184403419494629e-01,-3.303056210279464722e-02,-2.095281379297375679e-03,6.520443409681320190e-02,3.424522280693054199e-01,-1.853360533714294434e-01,8.993792533874511719e-02,-1.308480203151702881e-01,8.772543072700500488e-02,-1.709856092929840088e-02,-3.625628650188446045e-01,-8.566027879714965820e-02,-1.857359260320663452e-01,1.202996745705604553e-01,-1.765001937747001648e-02,-1.141226589679718018e-01,1.416149884462356567e-01,2.187816984951496124e-02,-3.640448674559593201e-03,-1.380844712257385254e-01,3.537867069244384766e-01,1.897164881229400635e-01
-2.753770053386688232e-01,-5.361734628677368164e-01,3.219157755374908447e-01,-8.716968446969985962e-02,-2.358481055125594139e-03,-5.253626108169555664e-01,-8.463982343673706055e-01,-3.269997984170913696e-02,-1.380430185236036777e-03,6.467863917350769043e-02,3.423741459846496582e-01,-1.849932223558425903e-01,8.991764485836029053e-02,-1.307588517665863037e-01,8.777158707380294800e-02,-1.692375354468822479e-02,-3.624907135963439941e-01,-8.532515168190002441e-02,-1.857611238956451416e-01,1.206234693527221680e-01,-1.846354454755783081e-02,-1.142227649688720703e-01,1.419548839330673218e-01,2.125427685678005219e-02,-3.624921431764960289e-03,-1.379840970039367676e-01,3.520876467227935791e-01,1.886648535728454590e-01
-2.753155529499053955e-01,-5.361742377281188965e-01,3.218989372253417969e-01,-8.720707893371582031e-02,-2.391087589785456657e-03,-5.253509879112243652e-01,-8.464015126228332520e-01,-3.249128535389900208e-02,-8.497663075104355812e-04,6.399876624345779419e-02,3.424392640590667725e-01,-1.845631897449493408e-01,8.968450129032135010e-02,-1.307632327079772949e-01,8.740613609552383423e-02,-1.688102446496486664e-02,-3.619071245193481445e-01,-8.440663665533065796e-02,-1.863333880901336670e-01,1.215378791093826294e-01,-1.960586197674274445e-02,-1.139807999134063721e-01,1.427536308765411377e-01,2.085768058896064758e-02,-3.393945051357150078e-03,-1.382589787244796753e-01,3.521775007247924805e-01,1.883527636528015137e-01
-2.752886116504669189e-01,-5.361609458923339844e-01,3.219000697135925293e-01,-8.735421299934387207e-02,-2.224730560556054115e-03,-5.253439545631408691e-01,-8.463912010192871094e-01,-3.209695219993591309e-02,2.959414450742769986e-05,6.332661211490631104e-02,3.427773714065551758e-01,-1.837115734815597534e-01,8.920294791460037231e-02,-1.307803839445114136e-01,8.761204779148101807e-02,-1.721011660993099213e-02,-3.615646362304687500e-01,-8.467513322830200195e-02,-1.842435151338577271e-01,1.226325929164886475e-01,-1.960486546158790588e-02,-1.136754900217056274e-01,1.425620615482330322e-01,2.137619629502296448e-02,-3.094347193837165833e-03,-1.390912681818008423e-01,3.528068363666534424e-01,1.885835379362106323e-01
-2.753181755542755127e-01,-5.361496210098266602e-01,3.219220340251922607e-01,-8.751099556684494019e-02,-1.780694467015564442e-03,-5.251758694648742676e-01,-8.464803099632263184e-01,-3.169874846935272217e-02,7.137081702239811420e-04,6.370921432971954346e-02,3.428801894187927246e-01,-1.831288635730743408e-01,8.878957480192184448e-02,-1.303819268941879272e-01,8.871569484472274780e-02,-1.751739718019962311e-02,-3.616668283939361572e-01,-8.420271426439285278e-02,-1.820883005857467651e-01,1.232992112636566162e-01,-1.888455636799335480e-02,-1.133134737610816956e-01,1.423446685075759888e-01,2.221120707690715790e-02,-2.747144550085067749e-03,-1.394153982400894165e-01,3.542329967021942139e-01,1.888432502746582031e-01
-2.753559350967407227e-01,-5.362053513526916504e-01,3.219695091247558594e-01,-8.763998001813888550e-02,-1.564136822707951069e-03,-5.250665545463562012e-01,-8.465352058410644531e-01,-3.170257061719894409e-02,5.782695370726287365e-04,6.391470879316329956e-02,3.430066704750061035e-01,-1.829577088356018066e-01,8.799833804368972778e-02,-1.303868889808654785e-01,8.947930485010147095e-02,-1.727638021111488342e-02,-3.616737425327301025e-01,-8.380187302827835083e-02,-1.816629320383071899e-01,1.234817281365394592e-01,-1.807095482945442200e-02,-1.131065562367439270e-01,1.423680186271667480e-01,2.293817326426506042e-02,-2.657034667208790779e-03,-1.392708122730255127e-01,3.548634648323059082e-01,1.893915235996246338e-01
-2.754031121730804443e-01,-5.363098978996276855e-01,3.219964504241943359e-01,-8.765500038862228394e-02,-1.482737367041409016e-03,-5.250089168548583984e-01,-8.465695977210998535e-01,-3.158703818917274475e-02,4.967327113263309002e-04,6.328733265399932861e-02,3.428407609462738037e-01,-1.829619407653808594e-01,8.691687881946563721e-02,-1.303440183401107788e-01,8.980136364698410034e-02,-1.703287847340106964e-02,-3.621405959129333496e-01,-8.181281387805938721e-02,-1.832576990127563477e-01,1.253129988908767700e-01,-1.752221211791038513e-02,-1.129015535116195679e-01,1.423794478178024292e-01,2.307636663317680359e-02,-2.666647080332040787e-03,-1.387080103158950806e-01,3.549281358718872070e-01,1.891962736845016479e-01
-2.754628658294677734e-01,-5.364378094673156738e-01,3.219864070415496826e-01,-8.766619116067886353e-02,-1.469907001592218876e-03,-5.249834060668945312e-01,-8.465842604637145996e-01,-3.159509599208831787e-02,1.318053546128794551e-04,6.308653950691223145e-02,3.427241146564483643e-01,-1.829119473695755005e-01,8.613610267639160156e-02,-1.304679512977600098e-01,8.983858674764633179e-02,-1.710088551044464111e-02,-3.622717261314392090e-01,-8.039286732673645020e-02,-1.871152371168136597e-01,1.269560307264328003e-01,-1.784108579158782959e-02,-1.126298978924751282e-01,1.433705836534500122e-01,2.305155061185359955e-02,-2.731822431087493896e-03,-1.381419748067855835e-01,3.547016084194183350e-01,1.886992603540420532e-01
-2.755110859870910645e-01,-5.365236401557922363e-01,3.219684362411499023e-01,-8.780672401189804077e-02,-1.463851309381425381e-03,-5.248487591743469238e-01,-8.466532230377197266e-01,-3.188135847449302673e-02,3.997131134383380413e-04,6.286468356847763062e-02,3.428789675235748291e-01,-1.831999123096466064e-01,8.591638505458831787e-02,-1.307514458894729614e-01,8.993544429540634155e-02,-1.676703430712223053e-02,-3.625637292861938477e-01,-8.058000355958938599e-02,-1.901548653841018677e-01,1.280802786350250244e-01,-1.786202006042003632e-02,-1.125843822956085205e-01,1.436775773763656616e-01,2.265320718288421631e-02,-2.949883462861180305e-03,-1.371950507164001465e-01,3.545446097850799561e-01,1.886588633060455322e-01
-2.755251824855804443e-01,-5.365663170814514160e-01,3.219875693321228027e-01,-8.782479912042617798e-02,-1.457772566936910152e-03,-5.248759388923645020e-01,-8.466345071792602539e-01,-3.202674165368080139e-02,8.530743070878088474e-05,6.311849504709243774e-02,3.428074717521667480e-01,-1.833403259515762329e-01,8.583106100559234619e-02,-1.306738257408142090e-01,9.010646492242813110e-02,-1.730963587760925293e-02,-3.626634180545806885e-01,-7.959927618503570557e-02,-1.921772062778472900e-01,1.295010745525360107e-01,-1.726409420371055603e-02,-1.126448512077331543e-01,1.437657177448272705e-01,2.282938361167907715e-02,-3.060755087062716484e-03,-1.367063820362091064e-01,3.555459678173065186e-01,1.889688819646835327e-01
-2.754748165607452393e-01,-5.365840792655944824e-01,3.220267295837402344e-01,-8.784945309162139893e-02,-1.522017177194356918e-03,-5.250117778778076172e-01,-8.465476036071777344e-01,-3.207251057028770447e-02,-4.790579550899565220e-04,6.334034353494644165e-02,3.426379263401031494e-01,-1.834739148616790771e-01,8.593118190765380859e-02,-1.306232213973999023e-01,9.033932536840438843e-02,-1.771067641675472260e-02,-3.627013564109802246e-01,-7.991151511669158936e-02,-1.956744492053985596e-01,1.307525932788848877e-01,-1.618838123977184296e-02,-1.129237860441207886e-01,1.429455578327178955e-01,2.286137640476226807e-02,-3.221690189093351364e-03,-1.359591186046600342e-01,3.557656705379486084e-01,1.895566433668136597e-01
-2.754001319408416748e-01,-5.366562604904174805e-01,3.220216035842895508e-01,-8.784141391515731812e-02,-1.824694685637950897e-03,-5.252161026000976562e-01,-8.464210629463195801e-01,-3.213595598936080933e-02,-1.114823506213724613e-03,6.281974911689758301e-02,3.424310386180877686e-01,-1.840346902608871460e-01,8.643102645874023438e-02,-1.308217644691467285e-01,9.007232636213302612e-02,-1.781037449836730957e-02,-3.626993894577026367e-01,-7.926312834024429321e-02,-1.991399824619293213e-01,1.322732418775558472e-01,-1.641784235835075378e-02,-1.132658123970031738e-01,1.433775573968887329e-01,2.244075201451778412e-02,-3.542355261743068695e-03,-1.355070173740386963e-01,3.546004295349121094e-01,1.885129213333129883e-01
-2.753043770790100098e-01,-5.367188453674316406e-01,3.219836950302124023e-01,-8.777652680873870850e-02,-2.391957445070147514e-03,-5.254570245742797852e-01,-8.462768197059631348e-01,-3.243253380060195923e-02,-1.559426425956189632e-03,6.168770045042037964e-02,3.423821628093719482e-01,-1.844742447137832642e-01,8.635726571083068848e-02,-1.309821903705596924e-01,8.881245553493499756e-02,-1.762734912335872650e-02,-3.616369962692260742e-01,-7.765308767557144165e-02,-2.014645040035247803e-01,1.335030645132064819e-01,-1.737331785261631012e-02,-1.138382852077484131e-01,1.438426375389099121e-01,2.144043147563934326e-02,-3.206089837476611137e-03,-1.355305910110473633e-01,3.540180623531341553e-01,1.869819164276123047e-01
-2.752329111099243164e-01,-5.366893410682678223e-01,3.219572901725769043e-01,-8.772635459899902344e-02,-2.840452129021286964e-03,-5.255296230316162109e-01,-8.462355732917785645e-01,-3.268857672810554504e-02,-1.601128606125712395e-03,6.059980764985084534e-02,3.424412608146667480e-01,-1.848197281360626221e-01,8.645183593034744263e-02,-1.309834420680999756e-01,8.768571913242340088e-02,-1.770745404064655304e-02,-3.607303500175476074e-01,-7.718193531036376953e-02,-2.021516114473342896e-01,1.348806768655776978e-01,-1.793436147272586823e-02,-1.143630221486091614e-01,1.436729282140731812e-01,2.081183157861232758e-02,-2.930999733507633209e-03,-1.360405385494232178e-01,3.537869453430175781e-01,1.860922873020172119e-01
-2.751884162425994873e-01,-5.365858674049377441e-01,3.219667375087738037e-01,-8.775819092988967896e-02,-2.981593133881688118e-03,-5.256306529045104980e-01,-8.461690545082092285e-01,-3.286434710025787354e-02,-1.697670901194214821e-03,6.033030524849891663e-02,3.426670432090759277e-01,-1.845599412918090820e-01,8.670239895582199097e-02,-1.312136054039001465e-01,8.742220699787139893e-02,-1.819602958858013153e-02,-3.601665794849395752e-01,-7.741663604974746704e-02,-2.027400732040405273e-01,1.364798247814178467e-01,-1.854206062853336334e-02,-1.146313250064849854e-01,1.437413394451141357e-01,2.091056108474731445e-02,-2.821388188749551773e-03,-1.366688758134841919e-01,3.530619442462921143e-01,1.864353567361831665e-01
-2.751237154006958008e-01,-5.364775657653808594e-01,3.220070600509643555e-01,-8.774045109748840332e-02,-3.231863491237163544e-03,-5.256049036979675293e-01,-8.461859226226806641e-01,-3.338180109858512878e-02,-1.524697290733456612e-03,5.976600199937820435e-02,3.426634967327117920e-01,-1.850437968969345093e-01,8.714143931865692139e-02,-1.314237415790557861e-01,8.707533031702041626e-02,-1.818730868399143219e-02,-3.596531748771667480e-01,-7.692174613475799561e-02,-2.048421651124954224e-01,1.378844082355499268e-01,-1.864415220916271210e-02,-1.144733205437660217e-01,1.439173817634582520e-01,2.098409458994865417e-02,-2.812854247167706490e-03,-1.369622349739074707e-01,3.540919125080108643e-01,1.868816316127777100e-01
-2.750761508941650391e-01,-5.363932847976684570e-01,3.220415115356445312e-01,-8.790320158004760742e-02,-3.188168862834572792e-03,-5.256059765815734863e-01,-8.461685776710510254e-01,-3.368652984499931335e-02,-1.525207771919667721e-03,6.020371615886688232e-02,3.429798781871795654e-01,-1.847239136695861816e-01,8.768708258867263794e-02,-1.316419988870620728e-01,8.761697262525558472e-02,-1.805333606898784637e-02,-3.593784868717193604e-01,-7.611609250307083130e-02,-2.069192975759506226e-01,1.389477252960205078e-01,-1.785504259169101715e-02,-1.146132349967956543e-01,1.428133249282836914e-01,2.104651369154453278e-02,-2.830731449648737907e-03,-1.368724554777145386e-01,3.540536761283874512e-01,1.872543096542358398e-01
-2.750372290611267090e-01,-5.363422632217407227e-01,3.220693767070770264e-01,-8.810074627399444580e-02,-3.177045146003365517e-03,-5.256429314613342285e-01,-8.461250662803649902e-01,-3.390575945377349854e-02,-1.364018069580197334e-03,6.036808341741561890e-02,3.434607088565826416e-01,-1.845079511404037476e-01,8.811871707439422607e-02,-1.319971382617950439e-01,8.817635476589202881e-02,-1.807046681642532349e-02,-3.591519892215728760e-01,-7.498018443584442139e-02,-2.075076103210449219e-01,1.402975022792816162e-01,-1.758554391562938690e-02,-1.145727410912513733e-01,1.429077237844467163e-01,2.110531739890575409e-02,-2.967696171253919601e-03,-1.367037892341613770e-01,3.545957505702972412e-01,1.873720735311508179e-01
-2.750164568424224854e-01,-5.363202095031738281e-01,3.220679461956024170e-01,-8.825477212667465210e-02,-3.148949472233653069e-03,-5.256407856941223145e-01,-8.461104631423950195e-01,-3.410046920180320740e-02,-5.779319908469915390e-04,5.993184074759483337e-02,3.437808752059936523e-01,-1.841304600238800049e-01,8.822130411863327026e-02,-1.324482709169387817e-01,8.862871676683425903e-02,-1.774322614073753357e-02,-3.590646684169769287e-01,-7.372271269559860229e-02,-2.097336202859878540e-01,1.422318071126937866e-01,-1.799229159951210022e-02,-1.145230606198310852e-01,1.433154791593551636e-01,2.085768617689609528e-02,-3.266438841819763184e-03,-1.365205645561218262e-01,3.535532057285308838e-01,1.869262903928756714e-01
-2.749908268451690674e-01,-5.362919569015502930e-01,3.220600783824920654e-01,-8.827216178178787231e-02,-3.012025263160467148e-03,-5.255504250526428223e-01,-8.461652994155883789e-01,-3.372931107878684998e-02,6.733709597028791904e-05,5.981875956058502197e-02,3.437784016132354736e-01,-1.835623830556869507e-01,8.789601176977157593e-02,-1.324675977230072021e-01,8.888927847146987915e-02,-1.712382957339286804e-02,-3.587911128997802734e-01,-7.182283699512481689e-02,-2.106379866600036621e-01,1.439751684665679932e-01,-1.907434687018394470e-02,-1.143996566534042358e-01,1.439756900072097778e-01,2.025297656655311584e-02,-3.274727147072553635e-03,-1.364142596721649170e-01,3.518641889095306396e-01,1.858141571283340454e-01
-2.749762833118438721e-01,-5.362640619277954102e-01,3.220391869544982910e-01,-8.845008164644241333e-02,-2.964767627418041229e-03,-5.254401564598083496e-01,-8.462153673171997070e-01,-3.364460915327072144e-02,9.129890240728855133e-04,5.923277512192726135e-02,3.441975116729736328e-01,-1.830274164676666260e-01,8.755534142255783081e-02,-1.326972991228103638e-01,8.873669058084487915e-02,-1.685262657701969147e-02,-3.579972684383392334e-01,-7.081983238458633423e-02,-2.106315195560455322e-01,1.455092579126358032e-01,-2.012569084763526917e-02,-1.141057237982749939e-01,1.449727565050125122e-01,1.986641250550746918e-02,-2.980852965265512466e-03,-1.367316395044326782e-01,3.526144921779632568e-01,1.855451017618179321e-01
-2.749944329261779785e-01,-5.362409353256225586e-01,3.220481276512145996e-01,-8.879723399877548218e-02,-2.867127535864710808e-03,-5.253681540489196777e-01,-8.462240695953369141e-01,-3.405825421214103699e-02,1.405177172273397446e-03,5.899913609027862549e-02,3.450853228569030762e-01,-1.825548559427261353e-01,8.731246739625930786e-02,-1.329319924116134644e-01,8.912029862403869629e-02,-1.725361682474613190e-02,-3.580756187438964844e-01,-6.974992901086807251e-02,-2.091666758060455322e-01,1.478207260370254517e-01,-1.983168162405490875e-02,-1.140811741352081299e-01,1.443670839071273804e-01,2.074855193495750427e-02,-2.499242080375552177e-03,-1.375229805707931519e-01,3.529309332370758057e-01,1.865833252668380737e-01
-2.749810814857482910e-01,-5.362865328788757324e-01,3.220708668231964111e-01,-8.903475850820541382e-02,-2.739275339990854263e-03,-5.254722833633422852e-01,-8.461348414421081543e-01,-3.394951671361923218e-02,1.588193001225590706e-03,5.857953056693077087e-02,3.454089760780334473e-01,-1.823450773954391479e-01,8.722819387912750244e-02,-1.331032216548919678e-01,8.970400691032409668e-02,-1.753861270844936371e-02,-3.583799600601196289e-01,-6.886636465787887573e-02,-2.073157131671905518e-01,1.488790065050125122e-01,-1.865732669830322266e-02,-1.140831932425498962e-01,1.436818391084671021e-01,2.180438488721847534e-02,-2.189020859077572823e-03,-1.382316499948501587e-01,3.542033731937408447e-01,1.872121244668960571e-01
-2.749714553356170654e-01,-5.364115238189697266e-01,3.220897316932678223e-01,-8.910169452428817749e-02,-2.843462163582444191e-03,-5.255089998245239258e-01,-8.461046218872070312e-01,-3.413080424070358276e-02,1.154911704361438751e-03,5.823590233922004700e-02,3.452282249927520752e-01,-1.828074306249618530e-01,8.701724559068679810e-02,-1.331657916307449341e-01,8.964308351278305054e-02,-1.744311861693859100e-02,-3.590212166309356689e-01,-6.855336576700210571e-02,-2.067514210939407349e-01,1.495262980461120605e-01,-1.780879870057106018e-02,-1.141133606433868408e-01,1.430709362030029297e-01,2.219991385936737061e-02,-1.990925753489136696e-03,-1.381477862596511841e-01,3.539861738681793213e-01,1.872783601284027100e-01
-2.749805152416229248e-01,-5.365372896194458008e-01,3.220861256122589111e-01,-8.909877389669418335e-02,-2.878126921132206917e-03,-5.255917310714721680e-01,-8.460534214973449707e-01,-3.396168351173400879e-02,1.026834710501134396e-03,5.751229077577590942e-02,3.449557125568389893e-01,-1.828315556049346924e-01,8.643929660320281982e-02,-1.333312243223190308e-01,8.953011035919189453e-02,-1.779173873364925385e-02,-3.589383065700531006e-01,-6.796897947788238525e-02,-2.065307945013046265e-01,1.498204022645950317e-01,-1.754250936210155487e-02,-1.138723045587539673e-01,1.429945230484008789e-01,2.201580256223678589e-02,-2.181286923587322235e-03,-1.376791447401046753e-01,3.538667261600494385e-01,1.866870373487472534e-01
-2.749773263931274414e-01,-5.366532206535339355e-01,3.220585882663726807e-01,-8.905414491891860962e-02,-2.906358335167169571e-03,-5.255659222602844238e-01,-8.460741043090820312e-01,-3.365559503436088562e-02,7.291012443602085114e-04,5.755306035280227661e-02,3.445993065834045410e-01,-1.831220239400863647e-01,8.604951947927474976e-02,-1.334363669157028198e-01,8.923658728599548340e-02,-1.759222149848937988e-02,-3.587973117828369141e-01,-6.716922670602798462e-02,-2.071882039308547974e-01,1.498515456914901733e-01,-1.815626025199890137e-02,-1.136272475123405457e-01,1.439618468284606934e-01,2.170938067138195038e-02,-2.465522615239024162e-03,-1.372319459915161133e-01,3.535966277122497559e-01,1.865026950836181641e-01
-2.749513387680053711e-01,-5.367258191108703613e-01,3.220539093017578125e-01,-8.900315314531326294e-02,-3.008051076903939247e-03,-5.255804061889648438e-01,-8.460701107978820801e-01,-3.356535732746124268e-02,7.644839934073388577e-05,5.795751884579658508e-02,3.443211019039154053e-01,-1.830023676156997681e-01,8.556969463825225830e-02,-1.334325075149536133e-01,8.890973776578903198e-02,-1.769329421222209930e-02,-3.585556149482727051e-01,-6.658612191677093506e-02,-2.077529579401016235e-01,1.503186076879501343e-01,-1.811681501567363739e-02,-1.136668249964714050e-01,1.441602259874343872e-01,2.143486775457859039e-02,-2.635403070598840714e-03,-1.366983652114868164e-01,3.540620207786560059e-01,1.863201707601547241e-01
-2.748689055442810059e-01,-5.367721319198608398e-01,3.220641314983367920e-01,-8.914332836866378784e-02,-3.063454525545239449e-03,-5.258112549781799316e-01,-8.459116816520690918e-01,-3.351943567395210266e-02,-2.072799397865310311e-04,5.787003412842750549e-02,3.443760275840759277e-01,-1.830897331237792969e-01,8.615825325250625610e-02,-1.334922760725021362e-01,8.910122513771057129e-02,-1.830987073481082916e-02,-3.584662675857543945e-01,-6.724844872951507568e-02,-2.091875970363616943e-01,1.507477313280105591e-01,-1.752608269453048706e-02,-1.138940602540969849e-01,1.438211053609848022e-01,2.139278128743171692e-02,-2.785463584586977959e-03,-1.362322568893432617e-01,3.545367717742919922e-01,1.866795718669891357e-01
-2.747884392738342285e-01,-5.368176698684692383e-01,3.220499455928802490e-01,-8.911582082509994507e-02,-3.319784067571163177e-03,-5.259628295898437500e-01,-8.458193540573120117e-01,-3.350793570280075073e-02,-4.529837751761078835e-04,5.738827586174011230e-02,3.441565930843353271e-01,-1.832794547080993652e-01,8.633785694837570190e-02,-1.334947794675827026e-01,8.884389698505401611e-02,-1.868761144578456879e-02,-3.582359254360198975e-01,-6.672591716051101685e-02,-2.095531970262527466e-01,1.515188962221145630e-01,-1.723344065248966217e-02,-1.140468269586563110e-01,1.437638401985168457e-01,2.105330862104892731e-02,-2.929906826466321945e-03,-1.358258426189422607e-01,3.550751805305480957e-01,1.863004714250564575e-01
-2.746870219707489014e-01,-5.368866920471191406e-01,3.220394849777221680e-01,-8.918713778257369995e-02,-3.688119351863861084e-03,-5.260624289512634277e-01,-8.457483649253845215e-01,-3.377015516161918640e-02,-7.999994559213519096e-04,5.679588392376899719e-02,3.441290557384490967e-01,-1.835281252861022949e-01,8.645450323820114136e-02,-1.336028724908828735e-01,8.836670964956283569e-02,-1.810376532375812531e-02,-3.577547073364257812e-01,-6.634288281202316284e-02,-2.095240056514739990e-01,1.515771299600601196e-01,-1.806473731994628906e-02,-1.147597357630729675e-01,1.445703357458114624e-01,2.038432098925113678e-02,-2.708696760237216949e-03,-1.356967836618423462e-01,3.534429073333740234e-01,1.849808841943740845e-01
-2.746053338050842285e-01,-5.368669629096984863e-01,3.220304846763610840e-01,-8.920136839151382446e-02,-3.988292533904314041e-03,-5.261404514312744141e-01,-8.456969857215881348e-01,-3.395328298211097717e-02,-8.064956055022776127e-04,5.586083605885505676e-02,3.441826105117797852e-01,-1.836169362068176270e-01,8.659876137971878052e-02,-1.337618529796600342e-01,8.781213313341140747e-02,-1.787137985229492188e-02,-3.566567599773406982e-01,-6.540674716234207153e-02,-2.084574550390243530e-01,1.516899168491363525e-01,-1.850431971251964569e-02,-1.151820048689842224e-01,1.444867104291915894e-01,1.989128440618515015e-02,-2.574237296357750893e-03,-1.359978020191192627e-01,3.522434234619140625e-01,1.841954886913299561e-01
-2.745244801044464111e-01,-5.368043184280395508e-01,3.220596015453338623e-01,-8.928016573190689087e-02,-4.168249201029539108e-03,-5.262597203254699707e-01,-8.456135988235473633e-01,-3.414015471935272217e-02,-5.503369611687958241e-04,5.499255284667015076e-02,3.443765938282012939e-01,-1.834314912557601929e-01,8.661958575248718262e-02,-1.338965892791748047e-01,8.769985288381576538e-02,-1.821760088205337524e-02,-3.557111620903015137e-01,-6.440507620573043823e-02,-2.067510932683944702e-01,1.511406302452087402e-01,-1.840713806450366974e-02,-1.153056100010871887e-01,1.442070007324218750e-01,1.995918340981006622e-02,-2.367696492001414299e-03,-1.362415105104446411e-01,3.524917960166931152e-01,1.844436526298522949e-01
-2.744684219360351562e-01,-5.366995334625244141e-01,3.221195340156555176e-01,-8.946673572063446045e-02,-4.322682507336139679e-03,-5.262750983238220215e-01,-8.455835580825805664e-01,-3.477471694350242615e-02,-7.191690383478999138e-04,5.471218377351760864e-02,3.448242247104644775e-01,-1.835158020257949829e-01,8.695103973150253296e-02,-1.343798041343688965e-01,8.799090236425399780e-02,-1.834850758314132690e-02,-3.557839989662170410e-01,-6.478407979011535645e-02,-2.051164507865905762e-01,1.509073674678802490e-01,-1.792502216994762421e-02,-1.154301241040229797e-01,1.440999805927276611e-01,2.000488527119159698e-02,-2.399784978479146957e-03,-1.360482126474380493e-01,3.533413410186767578e-01,1.848572194576263428e-01
-2.744159996509552002e-01,-5.366229414939880371e-01,3.221708536148071289e-01,-8.963663130998611450e-02,-4.286484327167272568e-03,-5.262151360511779785e-01,-8.456030488014221191e-01,-3.504243120551109314e-02,-4.669134505093097687e-04,5.477992445230484009e-02,3.450499773025512695e-01,-1.833479702472686768e-01,8.742403239011764526e-02,-1.346069425344467163e-01,8.870863914489746094e-02,-1.834020949900150299e-02,-3.555432558059692383e-01,-6.389037519693374634e-02,-2.038487792015075684e-01,1.504201442003250122e-01,-1.758482865989208221e-02,-1.153456345200538635e-01,1.442973315715789795e-01,2.025484107434749603e-02,-2.615128178149461746e-03,-1.358799934387207031e-01,3.539249897003173828e-01,1.851882785558700562e-01
-2.743820548057556152e-01,-5.366129875183105469e-01,3.221805989742279053e-01,-8.971153944730758667e-02,-4.156520590186119080e-03,-5.262501835823059082e-01,-8.455739617347717285e-01,-3.489559888839721680e-02,-3.515198477543890476e-04,5.524573475122451782e-02,3.450387418270111084e-01,-1.829860359430313110e-01,8.780120313167572021e-02,-1.345397233963012695e-01,8.935604244470596313e-02,-1.849660649895668030e-02,-3.553885519504547119e-01,-6.319317221641540527e-02,-2.017686963081359863e-01,1.506196409463882446e-01,-1.751613616943359375e-02,-1.154729649424552917e-01,1.446462273597717285e-01,2.040589787065982819e-02,-2.765253884717822075e-03,-1.355253607034683228e-01,3.537372648715972900e-01,1.855937391519546509e-01
-2.743719220161437988e-01,-5.366246700286865234e-01,3.221358656883239746e-01,-8.980865776538848877e-02,-4.136815201491117477e-03,-5.261462330818176270e-01,-8.456284403800964355e-01,-3.480924665927886963e-02,1.408846583217382431e-04,5.546505004167556763e-02,3.451648354530334473e-01,-1.827263534069061279e-01,8.779691904783248901e-02,-1.348289698362350464e-01,8.940985053777694702e-02,-1.774313114583492279e-02,-3.549686372280120850e-01,-6.235003098845481873e-02,-2.005676776170730591e-01,1.512277871370315552e-01,-1.819130592048168182e-02,-1.152712777256965637e-01,1.449493318796157837e-01,2.007662132382392883e-02,-2.869147341698408127e-03,-1.360042989253997803e-01,3.527070879936218262e-01,1.841282248497009277e-01
-2.743667066097259521e-01,-5.366469025611877441e-01,3.220926225185394287e-01,-8.991044759750366211e-02,-4.032827448099851608e-03,-5.259854793548583984e-01,-8.457181453704833984e-01,-3.452268987894058228e-02,1.146143069490790367e-03,5.488056316971778870e-02,3.453681766986846924e-01,-1.819499284029006958e-01,8.725249022245407104e-02,-1.350743770599365234e-01,8.932531625032424927e-02,-1.688815839588642120e-02,-3.544101715087890625e-01,-6.143702939152717590e-02,-1.989281177520751953e-01,1.513462662696838379e-01,-1.937111280858516693e-02,-1.149263754487037659e-01,1.453926116228103638e-01,1.915252767503261566e-02,-2.792736282572150230e-03,-1.360052973031997681e-01,3.515109717845916748e-01,1.823942810297012329e-01
-2.743692696094512939e-01,-5.366365909576416016e-01,3.221015930175781250e-01,-9.002642333507537842e-02,-4.019673448055982590e-03,-5.258314013481140137e-01,-8.458016514778137207e-01,-3.459585458040237427e-02,1.658370019868016243e-03,5.403864011168479919e-02,3.457560837268829346e-01,-1.816811412572860718e-01,8.628089725971221924e-02,-1.351168453693389893e-01,8.905862271785736084e-02,-1.663553714752197266e-02,-3.540109395980834961e-01,-6.114786118268966675e-02,-1.957070976495742798e-01,1.517197936773300171e-01,-2.015981264412403107e-02,-1.146798282861709595e-01,1.460770815610885620e-01,1.924372091889381409e-02,-2.464839955791831017e-03,-1.363464295864105225e-01,3.520574569702148438e-01,1.830310225486755371e-01
