1.144682802259922028e-02,1.322471420280635357e-03,3.201941251754760742e-01,-7.083439081907272339e-02,1.823963411152362823e-02,1.762827485799789429e-01,9.816181659698486328e-01,-2.685233056545257568e-01,-1.871979087591171265e-01,-8.383992910385131836e-01,4.525111317634582520e-01,6.864914894104003906e-01,-1.416877388954162598e+00,-1.301511973142623901e-01,8.982418775558471680e-01,-1.149960875511169434e+00,2.014171928167343140e-01,1.014382362365722656e+00,-1.309409737586975098e+00
1.398252416402101517e-02,2.621358493342995644e-03,3.255861401557922363e-01,-7.828588038682937622e-02,3.198499232530593872e-02,1.813531517982482910e-01,9.797751307487487793e-01,-2.775764465332031250e-01,-2.147685140371322632e-01,-8.377615809440612793e-01,4.624280929565429688e-01,6.773357987403869629e-01,-1.451442241668701172e+00,-1.080745458602905273e-01,8.042795658111572266e-01,-1.032446503639221191e+00,2.145689576864242554e-01,9.006300568580627441e-01,-1.236076831817626953e+00
1.637426950037479401e-02,4.096603486686944962e-03,3.287552893161773682e-01,-8.017718791961669922e-02,4.124177992343902588e-02,1.847809851169586182e-01,9.786351323127746582e-01,-2.894001901149749756e-01,-2.295324653387069702e-01,-8.377600312232971191e-01,4.668247401714324951e-01,6.875308752059936523e-01,-1.503267645835876465e+00,-1.015206128358840942e-01,7.420874238014221191e-01,-9.455458521842956543e-01,2.184789925813674927e-01,8.208679556846618652e-01,-1.194988131523132324e+00
1.876759342849254608e-02,5.539285484701395035e-03,3.307678699493408203e-01,-7.899460196495056152e-02,4.715966433286666870e-02,1.871351003646850586e-01,9.780164957046508789e-01,-3.020488023757934570e-01,-2.352435290813446045e-01,-8.377599716186523438e-01,4.678223431110382080e-01,7.089679837226867676e-01,-1.562486648559570312e+00,-1.021718829870223999e-01,7.016323804855346680e-01,-8.821557164192199707e-01,2.188206315040588379e-01,7.626432180404663086e-01,-1.173765897750854492e+00
2.096503786742687225e-02,6.915776524692773819e-03,3.319604694843292236e-01,-7.649392634630203247e-02,5.040620639920234680e-02,1.892848908901214600e-01,9.776395559310913086e-01,-3.139115273952484131e-01,-2.343398183584213257e-01,-8.377599716186523438e-01,4.681460559368133545e-01,7.362279295921325684e-01,-1.626367807388305664e+00,-1.063543856143951416e-01,6.786089539527893066e-01,-8.394789099693298340e-01,2.176883071660995483e-01,7.194201350212097168e-01,-1.164739251136779785e+00
2.279669791460037231e-02,8.190681226551532745e-03,3.320029079914093018e-01,-7.380918413400650024e-02,5.004451051354408264e-02,1.905533671379089355e-01,9.776180982589721680e-01,-3.210390508174896240e-01,-2.263612151145935059e-01,-8.377599716186523438e-01,4.710079431533813477e-01,7.669919729232788086e-01,-1.691487193107604980e+00,-1.119818687438964844e-01,6.849949955940246582e-01,-8.377643227577209473e-01,2.185784131288528442e-01,6.930972933769226074e-01,-1.169815897941589355e+00
2.477304637432098389e-02,9.479491971433162689e-03,3.318254947662353516e-01,-6.971102952957153320e-02,4.874587431550025940e-02,1.914621740579605103e-01,9.778069853782653809e-01,-3.281498849391937256e-01,-2.143658250570297241e-01,-8.377599716186523438e-01,4.697578251361846924e-01,7.928854823112487793e-01,-1.752330899238586426e+00,-1.201593503355979919e-01,6.955577731132507324e-01,-8.377600312232971191e-01,2.172740250825881958e-01,6.738322377204895020e-01,-1.178450822830200195e+00
2.672914043068885803e-02,1.076609082520008087e-02,3.315147757530212402e-01,-6.447318941354751587e-02,4.713705554604530334e-02,1.920919120311737061e-01,9.781216979026794434e-01,-3.368733823299407959e-01,-2.008064389228820801e-01,-8.377599716186523438e-01,4.650761187076568604e-01,8.110314607620239258e-01,-1.807053089141845703e+00,-1.305738538503646851e-01,7.075819969177246094e-01,-8.377599716186523438e-01,2.142407000064849854e-01,6.576482653617858887e-01,-1.186276793479919434e+00
2.860405296087265015e-02,1.202910952270030975e-02,3.310815393924713135e-01,-5.843164026737213135e-02,4.572042822837829590e-02,1.925995051860809326e-01,9.784685969352722168e-01,-3.472992479801177979e-01,-1.876953989267349243e-01,-8.377599716186523438e-01,4.552950263023376465e-01,8.187458515167236328e-01,-1.850915908813476562e+00,-1.426386088132858276e-01,7.192564606666564941e-01,-8.377599716186523438e-01,2.089997828006744385e-01,6.427395939826965332e-01,-1.192356705665588379e+00
3.046190179884433746e-02,1.334554236382246017e-02,3.305683434009552002e-01,-5.176004394888877869e-02,4.445779696106910706e-02,1.923736631870269775e-01,9.789467453956604004e-01,-3.578239977359771729e-01,-1.750213056802749634e-01,-8.377599716186523438e-01,4.399940073490142822e-01,8.176366090774536133e-01,-1.883721828460693359e+00,-1.560761183500289917e-01,7.311767339706420898e-01,-8.377599716186523438e-01,2.028019279241561890e-01,6.292248964309692383e-01,-1.197629809379577637e+00
3.227750957012176514e-02,1.461001485586166382e-02,3.299478292465209961e-01,-4.431560263037681580e-02,4.324824362993240356e-02,1.919350177049636841e-01,9.794522523880004883e-01,-3.693763017654418945e-01,-1.624772697687149048e-01,-8.377599716186523438e-01,4.184884727001190186e-01,8.070356249809265137e-01,-1.902774453163146973e+00,-1.709170341491699219e-01,7.434640526771545410e-01,-8.377599716186523438e-01,1.947189718484878540e-01,6.180778145790100098e-01,-1.203768968582153320e+00
3.410586342215538025e-02,1.586416736245155334e-02,3.292600810527801514e-01,-3.628848493099212646e-02,4.197423905134201050e-02,1.913062036037445068e-01,9.799608588218688965e-01,-3.814115524291992188e-01,-1.496593952178955078e-01,-8.377599716186523438e-01,3.907785117626190186e-01,7.881492376327514648e-01,-1.908087015151977539e+00,-1.869381070137023926e-01,7.562177777290344238e-01,-8.377599716186523438e-01,1.854282319545745850e-01,6.101187467575073242e-01,-1.211402893066406250e+00
3.579887002706527710e-02,1.702804304659366608e-02,3.285680115222930908e-01,-2.773282304406166077e-02,4.055307805538177490e-02,1.906135529279708862e-01,9.804350137710571289e-01,-3.940272331237792969e-01,-1.356930136680603027e-01,-8.377599716186523438e-01,3.564921319484710693e-01,7.616621255874633789e-01,-1.898319363594055176e+00,-2.039730548858642578e-01,7.692984342575073242e-01,-8.377599716186523438e-01,1.748276799917221069e-01,6.053603887557983398e-01,-1.222307682037353516e+00
3.754587844014167786e-02,1.822925917804241180e-02,3.277606666088104248e-01,-1.881921105086803436e-02,3.920346125960350037e-02,1.895506381988525391e-01,9.809074997901916504e-01,-4.072912633419036865e-01,-1.226619631052017212e-01,-8.377599716186523438e-01,3.174200057983398438e-01,7.289451956748962402e-01,-1.874379396438598633e+00,-2.221182733774185181e-01,7.826523780822753906e-01,-8.377599716186523438e-01,1.635834127664566040e-01,6.039590239524841309e-01,-1.235618591308593750e+00
3.926566988229751587e-02,1.939916983246803284e-02,3.269354104995727539e-01,-9.640108793973922729e-03,3.767450898885726929e-02,1.882940381765365601e-01,9.813424944877624512e-01,-4.202435910701751709e-01,-1.085542812943458557e-01,-8.377599716186523438e-01,2.743238508701324463e-01,6.889411807060241699e-01,-1.835525155067443848e+00,-2.408381998538970947e-01,7.965145111083984375e-01,-8.377599716186523438e-01,1.527677029371261597e-01,6.064805388450622559e-01,-1.249322414398193359e+00
4.098806157708168030e-02,2.066316269338130951e-02,3.260529339313507080e-01,-7.886370294727385044e-04,3.609192371368408203e-02,1.866502165794372559e-01,9.817629456520080566e-01,-4.323057830333709717e-01,-9.560821205377578735e-02,-8.377599716186523438e-01,2.285005450248718262e-01,6.433827877044677734e-01,-1.785252928733825684e+00,-2.595973610877990723e-01,8.106378912925720215e-01,-8.377599716186523438e-01,1.430424600839614868e-01,6.132373809814453125e-01,-1.261887669563293457e+00
4.228143021464347839e-02,2.207105420529842377e-02,3.255047202110290527e-01,5.888717714697122574e-03,3.422310203313827515e-02,1.828535795211791992e-01,9.825266599655151367e-01,-4.358527362346649170e-01,-8.352047950029373169e-02,-8.377599716186523438e-01,1.865347623825073242e-01,5.854516625404357910e-01,-1.716350197792053223e+00,-2.778828144073486328e-01,8.233358860015869141e-01,-8.377599716186523438e-01,1.356258690357208252e-01,6.204723715782165527e-01,-1.268159389495849609e+00
4.400159046053886414e-02,2.355869300663471222e-02,3.248350322246551514e-01,1.286371052265167236e-02,3.198684006929397583e-02,1.798706650733947754e-01,9.830859303474426270e-01,-4.414647221565246582e-01,-7.004443556070327759e-02,-8.377599716186523438e-01,1.403293609619140625e-01,5.278202295303344727e-01,-1.641929149627685547e+00,-2.937738001346588135e-01,8.385486006736755371e-01,-8.377599716186523438e-01,1.312400400638580322e-01,6.396712064743041992e-01,-1.280237674713134766e+00
4.535124823451042175e-02,2.506989426910877228e-02,3.243147432804107666e-01,1.813489571213722229e-02,2.984903194010257721e-02,1.769595295190811157e-01,9.835982322692871094e-01,-4.447786211967468262e-01,-5.857914313673973083e-02,-8.377599716186523438e-01,9.468153119087219238e-02,4.631519913673400879e-01,-1.557719111442565918e+00,-3.072170615196228027e-01,8.517200946807861328e-01,-8.377599716186523438e-01,1.285575628280639648e-01,6.579223871231079102e-01,-1.285776495933532715e+00
4.668643698096275330e-02,2.662859112024307251e-02,3.239858746528625488e-01,2.174982242286205292e-02,2.762336097657680511e-02,1.725973635911941528e-01,9.843648076057434082e-01,-4.421752393245697021e-01,-4.788040369749069214e-02,-8.377599716186523438e-01,5.303167924284934998e-02,3.911092877388000488e-01,-1.463984489440917969e+00,-3.172061443328857422e-01,8.641278147697448730e-01,-8.377599716186523438e-01,1.283832937479019165e-01,6.717503666877746582e-01,-1.288454651832580566e+00
4.789276793599128723e-02,2.822889015078544617e-02,3.237570524215698242e-01,2.363982424139976501e-02,2.534975670278072357e-02,1.671140640974044800e-01,9.853280782699584961e-01,-4.349441528320312500e-01,-3.879050910472869873e-02,-8.377599716186523438e-01,1.556339208036661148e-02,3.143113553524017334e-01,-1.364916205406188965e+00,-3.246160149574279785e-01,8.759106993675231934e-01,-8.377599716186523438e-01,1.292577832937240601e-01,6.813172101974487305e-01,-1.292558670043945312e+00
4.897592961788177490e-02,2.986990474164485931e-02,3.236858248710632324e-01,2.522442117333412170e-02,2.309938520193099976e-02,1.617922484874725342e-01,9.862319231033325195e-01,-4.273363649845123291e-01,-2.916980907320976257e-02,-8.377599716186523438e-01,-2.178825624287128448e-02,2.371127605438232422e-01,-1.265015006065368652e+00,-3.318944871425628662e-01,8.871147632598876953e-01,-8.377599716186523438e-01,1.289974302053451538e-01,6.903089284896850586e-01,-1.295021533966064453e+00
5.016234889626502991e-02,3.157424926757812500e-02,3.236846327781677246e-01,2.639911510050296783e-02,2.102497220039367676e-02,1.559531092643737793e-01,9.871877431869506836e-01,-4.188871085643768311e-01,-2.042458392679691315e-02,-8.377599716186523438e-01,-5.508594587445259094e-02,1.653897613286972046e-01,-1.174637436866760254e+00,-3.391571044921875000e-01,8.977652192115783691e-01,-8.377599716186523438e-01,1.289902031421661377e-01,6.994928717613220215e-01,-1.296512842178344727e+00
5.126277729868888855e-02,3.338233754038810730e-02,3.238261342048645020e-01,2.676751278340816498e-02,1.922467350959777832e-02,1.496211737394332886e-01,9.881939888000488281e-01,-4.088606238365173340e-01,-1.331032719463109970e-02,-8.377599716186523438e-01,-8.367216587066650391e-02,1.028462424874305725e-01,-1.097995162010192871e+00,-3.459729850292205811e-01,9.070013165473937988e-01,-8.377599716186523438e-01,1.286704242229461670e-01,7.066442966461181641e-01,-1.296413183212280273e+00
5.247249826788902283e-02,3.527596220374107361e-02,3.242269158363342285e-01,2.612906321883201599e-02,1.744584925472736359e-02,1.426334232091903687e-01,9.892768263816833496e-01,-3.956390917301177979e-01,-5.409992765635251999e-03,-8.377599716186523438e-01,-1.057292595505714417e-01,5.255378410220146179e-02,-1.037212610244750977e+00,-3.509816229343414307e-01,9.155680537223815918e-01,-8.377599716186523438e-01,1.300021260976791382e-01,7.121059894561767578e-01,-1.292616367340087891e+00
5.373033136129379272e-02,3.730518743395805359e-02,3.248161673545837402e-01,2.421224303543567657e-02,1.582936197519302368e-02,1.350969672203063965e-01,9.904100298881530762e-01,-3.798894584178924561e-01,1.578667084686458111e-03,-8.377599716186523438e-01,-1.220081299543380737e-01,1.506330538541078568e-02,-9.924542307853698730e-01,-3.545829355716705322e-01,9.230863451957702637e-01,-8.377599716186523438e-01,1.333910524845123291e-01,7.153337001800537109e-01,-1.285404682159423828e+00
5.500490590929985046e-02,3.943305462598800659e-02,3.255989849567413330e-01,2.195901237428188324e-02,1.463444344699382782e-02,1.268691420555114746e-01,9.915683865547180176e-01,-3.628853857517242432e-01,7.882075384259223938e-03,-8.377599716186523438e-01,-1.344376504421234131e-01,-1.228199340403079987e-02,-9.619717001914978027e-01,-3.583867847919464111e-01,9.286051392555236816e-01,-8.377813100814819336e-01,1.365626752376556396e-01,7.161246538162231445e-01,-1.275388598442077637e+00
5.609990656375885010e-02,4.161190614104270935e-02,3.261644840240478516e-01,1.734357886016368866e-02,1.188575662672519684e-02,1.181360334157943726e-01,9.927747845649719238e-01,-3.400138318538665771e-01,1.694745011627674103e-02,-8.377599716186523438e-01,-1.393931508064270020e-01,-3.371663391590118408e-02,-9.326149821281433105e-01,-3.591159284114837646e-01,9.465726613998413086e-01,-8.567038178443908691e-01,1.450531631708145142e-01,7.213140130043029785e-01,-1.269831061363220215e+00
5.717401579022407532e-02,4.377112910151481628e-02,3.264447748661041260e-01,1.205402333289384842e-02,8.247062563896179199e-03,1.092075258493423462e-01,9.939116835594177246e-01,-3.153260946273803711e-01,2.790505066514015198e-02,-8.377599716186523438e-01,-1.415201574563980103e-01,-5.347423627972602844e-02,-9.004380106925964355e-01,-3.593869805335998535e-01,9.723623991012573242e-01,-8.867918848991394043e-01,1.555742323398590088e-01,7.309307456016540527e-01,-1.269367814064025879e+00
5.826775729656219482e-02,4.593875631690025330e-02,3.266249001026153564e-01,6.655517965555191040e-03,4.394153598695993423e-03,1.000350192189216614e-01,9.949519634246826172e-01,-2.902157306671142578e-01,3.973373025655746460e-02,-8.377599716186523438e-01,-1.428486108779907227e-01,-7.426301389932632446e-02,-8.624895811080932617e-01,-3.601372241973876953e-01,1.000322341918945312e+00,-9.195226430892944336e-01,1.663978248834609985e-01,7.419861555099487305e-01,-1.270977377891540527e+00
5.950595438480377197e-02,4.798167198896408081e-02,3.266044259071350098e-01,3.713957034051418304e-03,1.536696334369480610e-03,8.994579315185546875e-02,9.959385395050048828e-01,-2.685733437538146973e-01,5.052300170063972473e-02,-8.377599716186523438e-01,-1.459705829620361328e-01,-8.893205225467681885e-02,-8.377984166145324707e-01,-3.665200769901275635e-01,1.024701595306396484e+00,-9.484081864356994629e-01,1.710233390331268311e-01,7.518301010131835938e-01,-1.273499131202697754e+00
6.101523712277412415e-02,4.971658810973167419e-02,3.262227475643157959e-01,4.140174947679042816e-03,1.916999754030257463e-04,7.754973322153091431e-02,9.969798922538757324e-01,-2.495752424001693726e-01,5.945659056305885315e-02,-8.377599716186523438e-01,-1.496612578630447388e-01,-9.488051384687423706e-02,-8.377600312232971191e-01,-3.819116055965423584e-01,1.044817566871643066e+00,-9.747408628463745117e-01,1.676134467124938965e-01,7.592586874961853027e-01,-1.277284145355224609e+00
6.245326250791549683e-02,5.148731917142868042e-02,3.257888555526733398e-01,5.176572129130363464e-03,-1.335141365416347980e-03,6.507079303264617920e-02,9.978663325309753418e-01,-2.319799214601516724e-01,6.931667029857635498e-02,-8.377599716186523438e-01,-1.532251238822937012e-01,-9.787148237228393555e-02,-8.377599716186523438e-01,-3.982243239879608154e-01,1.067429780960083008e+00,-1.006708860397338867e+00,1.629988104104995728e-01,7.672787308692932129e-01,-1.282452464103698730e+00
6.378979235887527466e-02,5.326313897967338562e-02,3.252654671669006348e-01,5.444024223834276199e-03,-3.636335255578160286e-03,5.263165384531021118e-02,9.985925555229187012e-01,-2.133918851613998413e-01,8.103857189416885376e-02,-8.377599716186523438e-01,-1.541502922773361206e-01,-9.549778699874877930e-02,-8.377599716186523438e-01,-4.126383066177368164e-01,1.095187306404113770e+00,-1.047350406646728516e+00,1.604588925838470459e-01,7.776879668235778809e-01,-1.290484905242919922e+00
6.501321494579315186e-02,5.512715876102447510e-02,3.246502280235290527e-01,5.016122013330459595e-03,-6.386927329003810883e-03,4.030586406588554382e-02,9.991543889045715332e-01,-1.942365318536758423e-01,9.353245794773101807e-02,-8.377599716186523438e-01,-1.533252745866775513e-01,-8.946611732244491577e-02,-8.377599716186523438e-01,-4.262107908725738525e-01,1.126407146453857422e+00,-1.094264984130859375e+00,1.594028472900390625e-01,7.893323898315429688e-01,-1.300056815147399902e+00
6.616800278425216675e-02,5.698953568935394287e-02,3.239554464817047119e-01,4.317400045692920685e-03,-9.363259188830852509e-03,2.762932889163494110e-02,9.995650649070739746e-01,-1.745361834764480591e-01,1.071287989616394043e-01,-8.377599716186523438e-01,-1.507308632135391235e-01,-8.176293969154357910e-02,-8.377599716186523438e-01,-4.400140047073364258e-01,1.158289194107055664e+00,-1.141090750694274902e+00,1.590799391269683838e-01,8.022306561470031738e-01,-1.312225937843322754e+00
6.728044897317886353e-02,5.890367925167083740e-02,3.232089281082153320e-01,3.542421618476510048e-03,-1.214568037539720535e-02,1.523403450846672058e-02,9.998039007186889648e-01,-1.558436602354049683e-01,1.200606375932693481e-01,-8.377599716186523438e-01,-1.480791270732879639e-01,-7.277678698301315308e-02,-8.377599716186523438e-01,-4.527396261692047119e-01,1.188614606857299805e+00,-1.187824130058288574e+00,1.584736108779907227e-01,8.141319751739501953e-01,-1.323557496070861816e+00
6.832048296928405762e-02,6.085191667079925537e-02,3.224057257175445557e-01,3.125701099634170532e-03,-1.482434477657079697e-02,2.247376600280404091e-03,9.998826980590820312e-01,-1.374504119157791138e-01,1.331645101308822632e-01,-8.377599716186523438e-01,-1.451628208160400391e-01,-6.371502578258514404e-02,-8.377599716186523438e-01,-4.652102589607238770e-01,1.217010021209716797e+00,-1.237977862358093262e+00,1.565170586109161377e-01,8.254143595695495605e-01,-1.335225224494934082e+00
6.940473616123199463e-02,6.273350119590759277e-02,3.216176629066467285e-01,2.764276228845119476e-03,-1.751555688679218292e-02,-1.099772006273269653e-02,9.997822642326354980e-01,-1.189667284488677979e-01,1.474769115447998047e-01,-8.377599716186523438e-01,-1.416084021329879761e-01,-5.371581763029098511e-02,-8.377599716186523438e-01,-4.743908643722534180e-01,1.241723656654357910e+00,-1.292806029319763184e+00,1.540621817111968994e-01,8.362616300582885742e-01,-1.346371293067932129e+00
7.046491652727127075e-02,6.460363417863845825e-02,3.208668231964111328e-01,2.407027408480644226e-03,-2.007720060646533966e-02,-2.448025159537792206e-02,9.994958043098449707e-01,-1.006470173597335815e-01,1.617449671030044556e-01,-8.377599716186523438e-01,-1.375484168529510498e-01,-4.312926530838012695e-02,-8.377599716186523438e-01,-4.787877202033996582e-01,1.260775089263916016e+00,-1.350672483444213867e+00,1.516564637422561646e-01,8.466042280197143555e-01,-1.357433438301086426e+00
7.139380276203155518e-02,6.648837774991989136e-02,3.201715648174285889e-01,1.712915371172130108e-03,-2.242230437695980072e-02,-3.758112341165542603e-02,9.990405440330505371e-01,-8.305446803569793701e-02,1.752768158912658691e-01,-8.377599716186523438e-01,-1.330015808343887329e-01,-3.124774806201457977e-02,-8.377599716186523438e-01,-4.755748510360717773e-01,1.273156404495239258e+00,-1.413295745849609375e+00,1.499815881252288818e-01,8.554496169090270996e-01,-1.367305040359497070e+00
7.236871123313903809e-02,6.832549721002578735e-02,3.196034133434295654e-01,1.130974036641418934e-03,-2.440129220485687256e-02,-5.075527727603912354e-02,9.984123110771179199e-01,-6.597741693258285522e-02,1.885806322097778320e-01,-8.377599716186523438e-01,-1.287357807159423828e-01,-1.939745619893074036e-02,-8.377599716186523438e-01,-4.657400846481323242e-01,1.275929450988769531e+00,-1.474060058593750000e+00,1.485520303249359131e-01,8.628121018409729004e-01,-1.375767827033996582e+00
7.333368808031082153e-02,7.018212974071502686e-02,3.191598951816558838e-01,5.101157512399367988e-05,-2.620461210608482361e-02,-6.392200291156768799e-02,9.976108074188232422e-01,-4.848605766892433167e-02,2.022259086370468140e-01,-8.377599716186523438e-01,-1.231086328625679016e-01,-6.517900619655847549e-03,-8.377599716186523438e-01,-4.492271542549133301e-01,1.271779060363769531e+00,-1.531383991241455078e+00,1.480644643306732178e-01,8.690444827079772949e-01,-1.382795691490173340e+00
7.427471131086349487e-02,7.206689566373825073e-02,3.187971115112304688e-01,-9.903779719024896622e-04,-2.794321998953819275e-02,-7.717016339302062988e-02,9.966257810592651367e-01,-3.130217641592025757e-02,2.160877436399459839e-01,-8.377599716186523438e-01,-1.166472360491752625e-01,6.869265343993902206e-03,-8.377599716186523438e-01,-4.284342527389526367e-01,1.259442925453186035e+00,-1.581556320190429688e+00,1.477750539779663086e-01,8.746977448463439941e-01,-1.389122366905212402e+00
7.534774392843246460e-02,7.388916611671447754e-02,3.185637295246124268e-01,-1.278578769415616989e-03,-2.931167557835578918e-02,-9.022866934537887573e-02,9.954888224601745605e-01,-1.584277488291263580e-02,2.297726273536682129e-01,-8.377599716186523438e-01,-1.117362305521965027e-01,2.030642516911029816e-02,-8.377599716186523438e-01,-4.044732451438903809e-01,1.237604022026062012e+00,-1.622054576873779297e+00,1.455873250961303711e-01,8.787136673927307129e-01,-1.393625736236572266e+00
7.615460455417633057e-02,7.582912594079971313e-02,3.183092772960662842e-01,-7.588765001855790615e-04,-3.086681291460990906e-02,-1.030229255557060242e-01,9.941996335983276367e-01,-3.071487881243228912e-03,2.431282252073287964e-01,-8.377599716186523438e-01,-1.079603880643844604e-01,3.417062759399414062e-02,-8.377599716186523438e-01,-3.787207305431365967e-01,1.210486531257629395e+00,-1.656618475914001465e+00,1.417952328920364380e-01,8.828699588775634766e-01,-1.399614334106445312e+00
7.708768546581268311e-02,7.773552834987640381e-02,3.181421458721160889e-01,7.147892611101269722e-04,-3.220878168940544128e-02,-1.156293302774429321e-01,9.927698373794555664e-01,7.084944285452365875e-03,2.565965056419372559e-01,-8.377599716186523438e-01,-1.064139977097511292e-01,4.810161888599395752e-02,-8.377599716186523438e-01,-3.520032167434692383e-01,1.174804329872131348e+00,-1.679103851318359375e+00,1.349785327911376953e-01,8.859079480171203613e-01,-1.404445767402648926e+00
7.793642580509185791e-02,7.960050553083419800e-02,3.180273175239562988e-01,2.928660949692130089e-03,-3.340687975287437439e-02,-1.276289373636245728e-01,9.912548661231994629e-01,1.526235416531562805e-02,2.695680856704711914e-01,-8.377599716186523438e-01,-1.060043498873710632e-01,6.209720671176910400e-02,-8.377599716186523438e-01,-3.247786462306976318e-01,1.133180260658264160e+00,-1.692759633064270020e+00,1.264192014932632446e-01,8.876325488090515137e-01,-1.408909201622009277e+00
7.901601493358612061e-02,8.144938200712203979e-02,3.180924057960510254e-01,5.818468518555164337e-03,-3.444918617606163025e-02,-1.393315494060516357e-01,9.896292686462402344e-01,2.145761437714099884e-02,2.826258242130279541e-01,-8.377599716186523438e-01,-1.064228788018226624e-01,7.696888595819473267e-02,-8.377599716186523438e-01,-2.973626852035522461e-01,1.087181806564331055e+00,-1.695132851600646973e+00,1.164759993553161621e-01,8.882411122322082520e-01,-1.411776185035705566e+00
7.986482232809066772e-02,8.332619816064834595e-02,3.181371390819549561e-01,8.589852601289749146e-03,-3.584752976894378662e-02,-1.506555080413818359e-01,9.878988265991210938e-01,2.710830420255661011e-02,2.956803441047668457e-01,-8.377599716186523438e-01,-1.050419062376022339e-01,9.364379942417144775e-02,-8.377599716186523438e-01,-2.694073021411895752e-01,1.039555907249450684e+00,-1.688933372497558594e+00,1.069628074765205383e-01,8.893738389015197754e-01,-1.415467023849487305e+00
8.085347712039947510e-02,8.517625182867050171e-02,3.182499110698699951e-01,1.132572814822196960e-02,-3.737067431211471558e-02,-1.621163934469223022e-01,9.859986901283264160e-01,3.249023482203483582e-02,3.097171783447265625e-01,-8.377599716186523438e-01,-1.015095338225364685e-01,1.120585948228836060e-01,-8.377599716186523438e-01,-2.420820444822311401e-01,9.919962882995605469e-01,-1.673004388809204102e+00,9.722623974084854126e-02,8.904816508293151855e-01,-1.419119715690612793e+00
8.185409009456634521e-02,8.714000135660171509e-02,3.183219432830810547e-01,1.295865885913372040e-02,-3.952556103467941284e-02,-1.733314543962478638e-01,9.839847683906555176e-01,3.924877569079399109e-02,3.250416219234466553e-01,-8.377599716186523438e-01,-9.393754601478576660e-02,1.353165805339813232e-01,-8.377599716186523438e-01,-2.139982432126998901e-01,9.482312798500061035e-01,-1.650595188140869141e+00,8.920433372259140015e-02,8.939779996871948242e-01,-1.424043059349060059e+00
8.266774564981460571e-02,8.923916518688201904e-02,3.182989358901977539e-01,1.356557663530111313e-02,-4.267568141222000122e-02,-1.840601861476898193e-01,9.818943738937377930e-01,4.680232703685760498e-02,3.415445983409881592e-01,-8.377599716186523438e-01,-8.252771943807601929e-02,1.642560660839080811e-01,-8.377599716186523438e-01,-1.863548606634140015e-01,9.094241857528686523e-01,-1.622566819190979004e+00,8.369861543178558350e-02,9.012261629104614258e-01,-1.433111190795898438e+00
8.383745700120925903e-02,9.119401872158050537e-02,3.181797862052917480e-01,1.476710382848978043e-02,-4.556884244084358215e-02,-1.958425045013427734e-01,9.794647097587585449e-01,5.467232689261436462e-02,3.591650128364562988e-01,-8.377599716186523438e-01,-7.011447846889495850e-02,1.893190145492553711e-01,-8.377599716186523438e-01,-1.645994484424591064e-01,8.754754662513732910e-01,-1.588853597640991211e+00,7.484973967075347900e-02,9.072124361991882324e-01,-1.440918803215026855e+00
8.537080883979797363e-02,9.257286787033081055e-02,3.175098896026611328e-01,2.024661935865879059e-02,-4.695370793342590332e-02,-2.111107409000396729e-01,9.761238098144531250e-01,6.035364419221878052e-02,3.763979673385620117e-01,-8.377599716186523438e-01,-5.935006961226463318e-02,1.910042911767959595e-01,-8.377599716186523438e-01,-1.570058465003967285e-01,8.452947139739990234e-01,-1.550165057182312012e+00,5.343763530254364014e-02,9.058197736740112305e-01,-1.447105050086975098e+00
8.736369013786315918e-02,9.381204843521118164e-02,3.161333799362182617e-01,2.732186764478683472e-02,-4.510737955570220947e-02,-2.263692766427993774e-01,9.726128578186035156e-01,6.458272784948348999e-02,4.014703333377838135e-01,-8.654285073280334473e-01,-5.505190044641494751e-02,1.670680791139602661e-01,-8.377599716186523438e-01,-1.550220400094985962e-01,8.154070377349853516e-01,-1.507934093475341797e+00,3.002342954277992249e-02,8.951064348220825195e-01,-1.447651147842407227e+00
8.938140422105789185e-02,9.579942375421524048e-02,3.151448369026184082e-01,3.022048622369766235e-02,-4.396287351846694946e-02,-2.361183911561965942e-01,9.702587723731994629e-01,6.737900525331497192e-02,4.298659563064575195e-01,-9.080370068550109863e-01,-4.750523343682289124e-02,1.569712758064270020e-01,-8.377599716186523438e-01,-1.464410424232482910e-01,7.967016696929931641e-01,-1.469664573669433594e+00,2.020219154655933380e-02,8.904026746749877930e-01,-1.448396801948547363e+00
9.139790385961532593e-02,9.774031490087509155e-02,3.143452107906341553e-01,3.271854296326637268e-02,-4.404630511999130249e-02,-2.448929399251937866e-01,9.679962992668151855e-01,6.929064542055130005e-02,4.560939967632293701e-01,-9.468828439712524414e-01,-4.152729734778404236e-02,1.519564837217330933e-01,-8.377599716186523438e-01,-1.412805467844009399e-01,7.955374121665954590e-01,-1.441959381103515625e+00,1.302587613463401794e-02,8.905690312385559082e-01,-1.452749490737915039e+00
9.354108572006225586e-02,9.945435076951980591e-02,3.135136663913726807e-01,3.634506091475486755e-02,-4.499937966465950012e-02,-2.536087632179260254e-01,9.655758142471313477e-01,6.940221041440963745e-02,4.798154830932617188e-01,-9.825571179389953613e-01,-4.083936661481857300e-02,1.454538255929946899e-01,-8.377599716186523438e-01,-1.451718956232070923e-01,8.081158399581909180e-01,-1.433907032012939453e+00,3.353551728650927544e-03,8.929737806320190430e-01,-1.459225416183471680e+00
9.557291865348815918e-02,1.010268628597259521e-01,3.126818835735321045e-01,4.135089740157127380e-02,-4.701391234993934631e-02,-2.615233659744262695e-01,9.631642103195190430e-01,6.579010933637619019e-02,5.014724731445312500e-01,-1.016986846923828125e+00,-4.367261007428169250e-02,1.411333382129669189e-01,-8.377599716186523438e-01,-1.567636430263519287e-01,8.236675858497619629e-01,-1.440181136131286621e+00,-9.525082074105739594e-03,8.981071710586547852e-01,-1.467826724052429199e+00
9.757408499717712402e-02,1.024641990661621094e-01,3.120601475238800049e-01,4.745335131883621216e-02,-4.982082918286323547e-02,-2.688130438327789307e-01,9.607318043708801270e-01,5.922975763678550720e-02,5.181314349174499512e-01,-1.047340512275695801e+00,-4.904695972800254822e-02,1.383801698684692383e-01,-8.377599716186523438e-01,-1.718127876520156860e-01,8.326216340065002441e-01,-1.443460345268249512e+00,-2.470211125910282135e-02,9.046349525451660156e-01,-1.477115750312805176e+00
9.949923306703567505e-02,1.039308160543441772e-01,3.116017878055572510e-01,5.292424932122230530e-02,-5.233161523938179016e-02,-2.750063836574554443e-01,9.585571885108947754e-01,5.338103696703910828e-02,5.318167805671691895e-01,-1.080645322799682617e+00,-5.379340797662734985e-02,1.362973600625991821e-01,-8.377599716186523438e-01,-1.870049387216567993e-01,8.360728621482849121e-01,-1.440260529518127441e+00,-3.916006162762641907e-02,9.097388982772827148e-01,-1.484115123748779297e+00
1.013719588518142700e-01,1.054137349128723145e-01,3.113394677639007568e-01,5.596554279327392578e-02,-5.323420837521553040e-02,-2.806126475334167480e-01,9.567081928253173828e-01,5.234125629067420959e-02,5.448010563850402832e-01,-1.122182130813598633e+00,-5.409988015890121460e-02,1.329986453056335449e-01,-8.377599716186523438e-01,-1.979341804981231689e-01,8.373717665672302246e-01,-1.435203433036804199e+00,-4.840388521552085876e-02,9.102225899696350098e-01,-1.485958337783813477e+00
1.031790524721145630e-01,1.068251579999923706e-01,3.112053275108337402e-01,5.639195442199707031e-02,-5.278859660029411316e-02,-2.857585847377777100e-01,9.551833868026733398e-01,5.614329501986503601e-02,5.593758821487426758e-01,-1.173302769660949707e+00,-4.940874129533767700e-02,1.293106377124786377e-01,-8.377599716186523438e-01,-2.037788629531860352e-01,8.396387696266174316e-01,-1.434853076934814453e+00,-5.166685953736305237e-02,9.079111814498901367e-01,-1.483472943305969238e+00
1.050701141357421875e-01,1.081619858741760254e-01,3.111928701400756836e-01,5.452588573098182678e-02,-5.148284509778022766e-02,-2.906837761402130127e-01,9.538759589195251465e-01,6.294641643762588501e-02,5.796791315078735352e-01,-1.237202286720275879e+00,-3.977226465940475464e-02,1.261926144361495972e-01,-8.377599716186523438e-01,-2.052375227212905884e-01,8.424242138862609863e-01,-1.435043454170227051e+00,-4.997073486447334290e-02,9.045197367668151855e-01,-1.478319644927978516e+00
1.068651899695396423e-01,1.088622882962226868e-01,3.112880587577819824e-01,5.196184664964675903e-02,-5.269076302647590637e-02,-2.960086166858673096e-01,9.523143172264099121e-01,7.012266665697097778e-02,6.040333509445190430e-01,-1.298247575759887695e+00,-2.781789004802703857e-02,1.299480050802230835e-01,-8.377599716186523438e-01,-2.066003382205963135e-01,8.544796109199523926e-01,-1.440402626991271973e+00,-4.765051975846290588e-02,9.111144542694091797e-01,-1.481127977371215820e+00
1.088061332702636719e-01,1.099068671464920044e-01,3.112604916095733643e-01,4.976977780461311340e-02,-5.208905413746833801e-02,-3.010235428810119629e-01,9.508914351463317871e-01,7.239475846290588379e-02,6.281912326812744141e-01,-1.372038841247558594e+00,-1.713526807725429535e-02,1.289774775505065918e-01,-8.377599716186523438e-01,-2.070393264293670654e-01,8.602049350738525391e-01,-1.441927313804626465e+00,-4.532806202769279480e-02,9.115499854087829590e-01,-1.478610754013061523e+00
1.108211874961853027e-01,1.109494119882583618e-01,3.114544451236724854e-01,4.732180014252662659e-02,-5.058971419930458069e-02,-3.055001497268676758e-01,9.496688842773437500e-01,7.065152376890182495e-02,6.483260989189147949e-01,-1.446773409843444824e+00,-6.373970769345760345e-03,1.269946694374084473e-01,-8.377599716186523438e-01,-2.054252028465270996e-01,8.626194596290588379e-01,-1.440525412559509277e+00,-4.215946048498153687e-02,9.085525870323181152e-01,-1.471980094909667969e+00
1.128727868199348450e-01,1.119257211685180664e-01,3.117622733116149902e-01,4.475531727075576782e-02,-4.868838936090469360e-02,-3.094504475593566895e-01,9.486131072044372559e-01,6.239461526274681091e-02,6.582618951797485352e-01,-1.511190533638000488e+00,4.651786759495735168e-03,1.247865483164787292e-01,-8.377599716186523438e-01,-2.025670558214187622e-01,8.633859157562255859e-01,-1.436882734298706055e+00,-3.879111260175704956e-02,9.040710926055908203e-01,-1.463305950164794922e+00
1.149196848273277283e-01,1.127925738692283630e-01,3.122329413890838623e-01,4.219295084476470947e-02,-4.676402360200881958e-02,-3.130241632461547852e-01,9.476543664932250977e-01,4.868559166789054871e-02,6.598592400550842285e-01,-1.565300583839416504e+00,1.507825497537851334e-02,1.236502304673194885e-01,-8.377599716186523438e-01,-1.996250301599502563e-01,8.631566762924194336e-01,-1.431178689002990723e+00,-3.542348369956016541e-02,8.994207978248596191e-01,-1.454110622406005859e+00
1.169507727026939392e-01,1.135622188448905945e-01,3.128177225589752197e-01,3.979479148983955383e-02,-4.487807303667068481e-02,-3.162070810794830322e-01,9.467921853065490723e-01,2.973151579499244690e-02,6.544139385223388672e-01,-1.609953522682189941e+00,2.465262636542320251e-02,1.231266558170318604e-01,-8.377599716186523438e-01,-1.968537122011184692e-01,8.626546263694763184e-01,-1.424680829048156738e+00,-3.212198242545127869e-02,8.952075242996215820e-01,-1.443768739700317383e+00
1.189437061548233032e-01,1.142489016056060791e-01,3.134692609310150146e-01,3.711184859275817871e-02,-4.298682510852813721e-02,-3.193642795085906982e-01,9.459288120269775391e-01,8.659245446324348450e-03,6.417037248611450195e-01,-1.642633676528930664e+00,3.432851657271385193e-02,1.234366744756698608e-01,-8.377599716186523438e-01,-1.932514458894729614e-01,8.622476458549499512e-01,-1.418090462684631348e+00,-2.805179543793201447e-02,8.909143209457397461e-01,-1.433253645896911621e+00
1.209630817174911499e-01,1.148947849869728088e-01,3.142135143280029297e-01,3.422965481877326965e-02,-4.103356227278709412e-02,-3.226999938488006592e-01,9.449917078018188477e-01,-1.387389842420816422e-02,6.214969754219055176e-01,-1.661541461944580078e+00,4.439133778214454651e-02,1.240109428763389587e-01,-8.377599716186523438e-01,-1.890656054019927979e-01,8.617523908615112305e-01,-1.410852432250976562e+00,-2.361571788787841797e-02,8.865049481391906738e-01,-1.421982288360595703e+00
1.229414492845535278e-01,1.154622063040733337e-01,3.150714635848999023e-01,3.118763118982315063e-02,-3.906571120023727417e-02,-3.261961936950683594e-01,9.439795017242431641e-01,-3.701351210474967957e-02,5.961772799491882324e-01,-1.669228434562683105e+00,5.451178550720214844e-02,1.256557852029800415e-01,-8.377599716186523438e-01,-1.842549145221710205e-01,8.608270287513732910e-01,-1.402391195297241211e+00,-1.887118443846702576e-02,8.815168142318725586e-01,-1.409875631332397461e+00
1.248352602124214172e-01,1.159283369779586792e-01,3.160330653190612793e-01,2.836089953780174255e-02,-3.727437555789947510e-02,-3.298700153827667236e-01,9.428637623786926270e-01,-6.133674085140228271e-02,5.655789971351623535e-01,-1.664246201515197754e+00,6.468833982944488525e-02,1.278329342603683472e-01,-8.377599716186523438e-01,-1.795075833797454834e-01,8.598902225494384766e-01,-1.393071651458740234e+00,-1.411963067948818207e-02,8.766203522682189941e-01,-1.397790670394897461e+00
1.265653520822525024e-01,1.163696646690368652e-01,3.174965977668762207e-01,2.701389603316783905e-02,-3.400844335556030273e-02,-3.332913219928741455e-01,9.418230056762695312e-01,-8.826094120740890503e-02,5.272678732872009277e-01,-1.650286793708801270e+00,7.217480987310409546e-02,1.252969801425933838e-01,-8.377599716186523438e-01,-1.752644926309585571e-01,8.485844731330871582e-01,-1.373631477355957031e+00,-1.053645461797714233e-02,8.630259633064270020e-01,-1.377698898315429688e+00
1.283382922410964966e-01,1.165839210152626038e-01,3.185950219631195068e-01,2.490036748349666595e-02,-3.225090354681015015e-02,-3.374180197715759277e-01,9.404727220535278320e-01,-1.134324148297309875e-01,4.894549548625946045e-01,-1.624316334724426270e+00,8.150830119848251343e-02,1.266653090715408325e-01,-8.377599716186523438e-01,-1.716891080141067505e-01,8.462400436401367188e-01,-1.362180948257446289e+00,-6.520325783640146255e-03,8.569749593734741211e-01,-1.365229606628417969e+00
1.300800144672393799e-01,1.166692599654197693e-01,3.196438848972320557e-01,2.361266501247882843e-02,-3.125040233135223389e-02,-3.416798412799835205e-01,9.389998316764831543e-01,-1.399677395820617676e-01,4.515888094902038574e-01,-1.591473340988159180e+00,8.953808248043060303e-02,1.290706098079681396e-01,-8.377599716186523438e-01,-1.701321601867675781e-01,8.455573320388793945e-01,-1.351538658142089844e+00,-4.205754026770591736e-03,8.532750606536865234e-01,-1.355257749557495117e+00
1.317947506904602051e-01,1.166205480694770813e-01,3.206531107425689697e-01,2.280182391405105591e-02,-3.060948476195335388e-02,-3.457379639148712158e-01,9.375544786453247070e-01,-1.700035482645034790e-01,4.073870182037353516e-01,-1.543237209320068359e+00,9.644381701946258545e-02,1.317968517541885376e-01,-8.377599716186523438e-01,-1.696705222129821777e-01,8.455948233604431152e-01,-1.341767311096191406e+00,-2.307239454239606857e-03,8.507637977600097656e-01,-1.346273064613342285e+00
1.334862112998962402e-01,1.164630800485610962e-01,3.216289281845092773e-01,2.247741259634494781e-02,-3.014858625829219818e-02,-3.499461114406585693e-01,9.360147118568420410e-01,-2.007375955581665039e-01,3.627188801765441895e-01,-1.490163087844848633e+00,1.027381122112274170e-01,1.342376768589019775e-01,-8.377599716186523438e-01,-1.698887050151824951e-01,8.455925583839416504e-01,-1.331612467765808105e+00,-9.636218892410397530e-04,8.489050269126892090e-01,-1.338312983512878418e+00
1.351160556077957153e-01,1.162094250321388245e-01,3.225537240505218506e-01,2.297329716384410858e-02,-3.018557839095592499e-02,-3.537226915359497070e-01,9.345808029174804688e-01,-2.349699139595031738e-01,3.141398131847381592e-01,-1.427121281623840332e+00,1.068334728479385376e-01,1.369329690933227539e-01,-8.377599716186523438e-01,-1.711346060037612915e-01,8.456510901451110840e-01,-1.320599555969238281e+00,-1.536533120088279247e-03,8.481067419052124023e-01,-1.331466794013977051e+00
1.366832852363586426e-01,1.158688217401504517e-01,3.233691155910491943e-01,2.370394766330718994e-02,-3.033178672194480896e-02,-3.571500182151794434e-01,9.332534074783325195e-01,-2.723644673824310303e-01,2.605144083499908447e-01,-1.353802442550659180e+00,1.102465838193893433e-01,1.392022818326950073e-01,-8.377599716186523438e-01,-1.722484230995178223e-01,8.458998799324035645e-01,-1.309545636177062988e+00,-2.257194370031356812e-03,8.478267192840576172e-01,-1.325788259506225586e+00
1.381955742835998535e-01,1.154550388455390930e-01,3.242144584655761719e-01,2.460070885717868805e-02,-3.075321204960346222e-02,-3.604319989681243896e-01,9.319537878036499023e-01,-3.118790388107299805e-01,2.010223716497421265e-01,-1.267373919486999512e+00,1.132357716560363770e-01,1.427970081567764282e-01,-8.377599716186523438e-01,-1.736909151077270508e-01,8.462357521057128906e-01,-1.297513365745544434e+00,-3.225966123864054680e-03,8.478116393089294434e-01,-1.320346713066101074e+00
1.396883875131607056e-01,1.149349212646484375e-01,3.248580694198608398e-01,2.539442293345928192e-02,-3.131245449185371399e-02,-3.637420535087585449e-01,9.306268692016601562e-01,-3.535686731338500977e-01,1.395198404788970947e-01,-1.175440311431884766e+00,1.161184832453727722e-01,1.460177898406982422e-01,-8.377599716186523438e-01,-1.752673834562301636e-01,8.482255339622497559e-01,-1.287340164184570312e+00,-3.780768718570470810e-03,8.492820262908935547e-01,-1.316698431968688965e+00
1.411856710910797119e-01,1.142921000719070435e-01,3.254900872707366943e-01,2.580560185015201569e-02,-3.172633051872253418e-02,-3.670776486396789551e-01,9.292908906936645508e-01,-3.948200941085815430e-01,7.360087335109710693e-02,-1.075161218643188477e+00,1.201135367155075073e-01,1.497282087802886963e-01,-8.377599716186523438e-01,-1.764502078294754028e-01,8.504406809806823730e-01,-1.277772545814514160e+00,-3.375745378434658051e-03,8.509104251861572266e-01,-1.313132405281066895e+00
1.424264013767242432e-01,1.138198003172874451e-01,3.259739279747009277e-01,2.661108039319515228e-02,-3.292987868189811707e-02,-3.701152503490447998e-01,9.280205965042114258e-01,-4.387356042861938477e-01,3.513097297400236130e-03,-9.658618569374084473e-01,1.233182400465011597e-01,1.538195163011550903e-01,-8.377599716186523438e-01,-1.800046563148498535e-01,8.546978235244750977e-01,-1.272015810012817383e+00,-4.244908690452575684e-03,8.550407886505126953e-01,-1.313524603843688965e+00
1.438578814268112183e-01,1.130512505769729614e-01,3.264997899532318115e-01,2.734310366213321686e-02,-3.382116183638572693e-02,-3.737218379974365234e-01,9.265206456184387207e-01,-4.806492328643798828e-01,-6.403796374797821045e-02,-8.596012592315673828e-01,1.267425715923309326e-01,1.583608239889144897e-01,-8.377599716186523438e-01,-1.830545365810394287e-01,8.584444522857666016e-01,-1.264940857887268066e+00,-4.322271328419446945e-03,8.584242463111877441e-01,-1.311698794364929199e+00
1.456562131643295288e-01,1.114218756556510925e-01,3.261266052722930908e-01,2.149529941380023956e-02,-2.860506623983383179e-02,-3.828984200954437256e-01,9.230972528457641602e-01,-4.977669119834899902e-01,-9.687979519367218018e-02,-8.381028175354003906e-01,1.571561843156814575e-01,1.549973189830780029e-01,-8.377599716186523438e-01,-1.779212802648544312e-01,8.636197447776794434e-01,-1.261887788772583008e+00,3.993695136159658432e-03,8.466308116912841797e-01,-1.298484921455383301e+00
1.473167687654495239e-01,1.096647828817367554e-01,3.260223269462585449e-01,1.623812317848205566e-02,-2.278107404708862305e-02,-3.924914002418518066e-01,9.193301200866699219e-01,-5.114580988883972168e-01,-1.178902164101600647e-01,-8.377608656883239746e-01,1.890373677015304565e-01,1.508039087057113647e-01,-8.377599716186523438e-01,-1.739000678062438965e-01,8.646758794784545898e-01,-1.253566145896911621e+00,1.056773960590362549e-02,8.296372294425964355e-01,-1.279702186584472656e+00
1.487515270709991455e-01,1.080246344208717346e-01,3.260852396488189697e-01,1.258681342005729675e-02,-1.844775862991809845e-02,-4.011493027210235596e-01,9.157404303550720215e-01,-5.256311297416687012e-01,-1.334850788116455078e-01,-8.377600312232971191e-01,2.154646366834640503e-01,1.484103500843048096e-01,-8.377599716186523438e-01,-1.727691441774368286e-01,8.657440543174743652e-01,-1.244392514228820801e+00,1.395515538752079010e-02,8.158405423164367676e-01,-1.263246893882751465e+00
1.500768363475799561e-01,1.064325720071792603e-01,3.262495994567871094e-01,9.791539050638675690e-03,-1.529278699308633804e-02,-4.090184867382049561e-01,9.123454093933105469e-01,-5.383086800575256348e-01,-1.436506956815719604e-01,-8.377599716186523438e-01,2.379466295242309570e-01,1.483065336942672729e-01,-8.377599716186523438e-01,-1.728306561708450317e-01,8.678376674652099609e-01,-1.235504746437072754e+00,1.562553271651268005e-02,8.053346872329711914e-01,-1.249192476272583008e+00
1.512636691331863403e-01,1.049678847193717957e-01,3.264847099781036377e-01,7.669007871299982071e-03,-1.311854273080825806e-02,-4.159023761749267578e-01,9.092822670936584473e-01,-5.490495562553405762e-01,-1.472631990909576416e-01,-8.377599716186523438e-01,2.574713528156280518e-01,1.500263214111328125e-01,-8.377599716186523438e-01,-1.736133098602294922e-01,8.705563545227050781e-01,-1.227020502090454102e+00,1.590752042829990387e-02,7.977392673492431641e-01,-1.237915754318237305e+00
1.523874700069427490e-01,1.037125512957572937e-01,3.270433843135833740e-01,5.714493338018655777e-03,-9.999216534197330475e-03,-4.226350486278533936e-01,9.062267541885375977e-01,-5.557478666305541992e-01,-1.495036631822586060e-01,-8.377599716186523438e-01,2.764407396316528320e-01,1.495983600616455078e-01,-8.377599716186523438e-01,-1.736766099929809570e-01,8.673657178878784180e-01,-1.212962627410888672e+00,1.619295403361320496e-02,7.839464545249938965e-01,-1.219362020492553711e+00
1.534688174724578857e-01,1.023385077714920044e-01,3.273326456546783447e-01,3.486899426206946373e-03,-8.253464475274085999e-03,-4.286302328109741211e-01,9.034355878829956055e-01,-5.594336986541748047e-01,-1.460683196783065796e-01,-8.377599716186523438e-01,2.938438057899475098e-01,1.529003679752349854e-01,-8.377599716186523438e-01,-1.737329810857772827e-01,8.704977631568908691e-01,-1.205270528793334961e+00,1.694757677614688873e-02,7.777938842773437500e-01,-1.208071827888488770e+00
1.545201838016510010e-01,1.010008230805397034e-01,3.275672793388366699e-01,1.311539788730442524e-03,-6.855836603790521622e-03,-4.341202080249786377e-01,9.008278846740722656e-01,-5.598047375679016113e-01,-1.394981741905212402e-01,-8.377599716186523438e-01,3.096891641616821289e-01,1.573091149330139160e-01,-8.378137946128845215e-01,-1.737874895334243774e-01,8.746944069862365723e-01,-1.198900461196899414e+00,1.792816817760467529e-02,7.736272811889648438e-01,-1.198279619216918945e+00
1.556174606084823608e-01,9.963352233171463013e-02,3.274249732494354248e-01,7.907383842393755913e-04,-6.362497806549072266e-03,-4.372411072254180908e-01,8.993214964866638184e-01,-5.657786130905151367e-01,-1.293234527111053467e-01,-8.377599716186523438e-01,3.183598518371582031e-01,1.688359826803207397e-01,-8.513609766960144043e-01,-1.739178895950317383e-01,8.789871335029602051e-01,-1.194012522697448730e+00,1.857684925198554993e-02,7.758890390396118164e-01,-1.196137309074401855e+00
1.567013412714004517e-01,9.843856096267700195e-02,3.274228274822235107e-01,-1.176104633486829698e-04,-5.132856778800487518e-03,-4.406337141990661621e-01,8.976722955703735352e-01,-5.665391087532043457e-01,-1.192580386996269226e-01,-8.377599716186523438e-01,3.284897208213806152e-01,1.789320856332778931e-01,-8.645859360694885254e-01,-1.734705418348312378e-01,8.805165886878967285e-01,-1.186798334121704102e+00,1.983294636011123657e-02,7.745790481567382812e-01,-1.190700411796569824e+00
1.578298062086105347e-01,9.738085418939590454e-02,3.274956643581390381e-01,-1.345205586403608322e-03,-3.589674597606062889e-03,-4.434920847415924072e-01,8.962700963020324707e-01,-5.644255280494689941e-01,-1.078600138425827026e-01,-8.377599716186523438e-01,3.382125496864318848e-01,1.889188736677169800e-01,-8.783509135246276855e-01,-1.710319072008132935e-01,8.807175159454345703e-01,-1.178805351257324219e+00,2.290818281471729279e-02,7.726396918296813965e-01,-1.184111714363098145e+00
1.590067148208618164e-01,9.640272706747055054e-02,3.276894986629486084e-01,-2.800240647047758102e-03,-2.088194014504551888e-03,-4.459046721458435059e-01,8.950736522674560547e-01,-5.598233342170715332e-01,-9.476072341203689575e-02,-8.377599716186523438e-01,3.478071093559265137e-01,1.997298002243041992e-01,-8.922495245933532715e-01,-1.675912588834762573e-01,8.805232644081115723e-01,-1.170340299606323242e+00,2.702509611845016479e-02,7.712955474853515625e-01,-1.176836609840393066e+00
1.601799279451370239e-01,9.546744078397750854e-02,3.278992176055908203e-01,-4.461398813873529434e-03,-5.867372965440154076e-04,-4.479928612709045410e-01,8.940258026123046875e-01,-5.523914098739624023e-01,-8.028808236122131348e-02,-8.377599716186523438e-01,3.564064502716064453e-01,2.105238884687423706e-01,-9.051322937011718750e-01,-1.632182449102401733e-01,8.803911209106445312e-01,-1.162294030189514160e+00,3.243385627865791321e-02,7.706211209297180176e-01,-1.170147299766540527e+00
1.614155471324920654e-01,9.476606547832489014e-02,3.283358216285705566e-01,-6.631636992096900940e-03,2.774570137262344360e-03,-4.499734044075012207e-01,8.930130004882812500e-01,-5.405279994010925293e-01,-6.808509677648544312e-02,-8.377599716186523438e-01,3.682562112808227539e-01,2.181888818740844727e-01,-9.196626543998718262e-01,-1.556123048067092896e-01,8.731014132499694824e-01,-1.148341655731201172e+00,4.055742174386978149e-02,7.624063491821289062e-01,-1.155084848403930664e+00
1.625688374042510986e-01,9.387683868408203125e-02,3.285977840423583984e-01,-8.466683328151702881e-03,4.381955135613679886e-03,-4.517940580844879150e-01,8.920713067054748535e-01,-5.264978408813476562e-01,-5.072194710373878479e-02,-8.377599716186523438e-01,3.774308264255523682e-01,2.275877743959426880e-01,-9.309551119804382324e-01,-1.494803875684738159e-01,8.721957206726074219e-01,-1.139837265014648438e+00,4.783039167523384094e-02,7.619429230690002441e-01,-1.147848486900329590e+00
1.637091040611267090e-01,9.306240081787109375e-02,3.288361132144927979e-01,-1.051620114594697952e-02,5.728228483349084854e-03,-4.534091353416442871e-01,8.912220597267150879e-01,-5.086689591407775879e-01,-3.117401897907257080e-02,-8.377599716186523438e-01,3.862892687320709229e-01,2.367157787084579468e-01,-9.404986500740051270e-01,-1.428220421075820923e-01,8.726177215576171875e-01,-1.132859587669372559e+00,5.526667460799217224e-02,7.626525759696960449e-01,-1.141785144805908203e+00
1.648424416780471802e-01,9.178835153579711914e-02,3.285684585571289062e-01,-1.193215139210224152e-02,7.477462291717529297e-03,-4.562792479991912842e-01,8.897252082824707031e-01,-4.900090396404266357e-01,-1.848559454083442688e-02,-8.377599716186523438e-01,3.975586295127868652e-01,2.482993900775909424e-01,-9.569422006607055664e-01,-1.383008658885955811e-01,8.743768930435180664e-01,-1.127016901969909668e+00,6.073312833905220032e-02,7.628673911094665527e-01,-1.136385440826416016e+00
1.659892648458480835e-01,9.042870253324508667e-02,3.279950320720672607e-01,-1.335908658802509308e-02,1.187529973685741425e-02,-4.603418111801147461e-01,8.875617980957031250e-01,-4.723528325557708740e-01,-1.919400691986083984e-02,-8.377599716186523438e-01,4.149977564811706543e-01,2.602744698524475098e-01,-9.840590953826904297e-01,-1.329589784145355225e-01,8.697772026062011719e-01,-1.117091178894042969e+00,6.647536903619766235e-02,7.532829642295837402e-01,-1.123107433319091797e+00
1.671244651079177856e-01,8.911864459514617920e-02,3.278040885925292969e-01,-1.442056428641080856e-02,1.570308208465576172e-02,-4.638643264770507812e-01,8.856496810913085938e-01,-4.585563540458679199e-01,-2.025126107037067413e-02,-8.377599716186523438e-01,4.308871924877166748e-01,2.725419998168945312e-01,-1.009473919868469238e+00,-1.272474378347396851e-01,8.635555505752563477e-01,-1.104019045829772949e+00,7.208399474620819092e-02,7.436628937721252441e-01,-1.108034968376159668e+00
1.682611405849456787e-01,8.781570941209793091e-02,3.279156684875488281e-01,-1.512401551008224487e-02,1.833107694983482361e-02,-4.669855237007141113e-01,8.839455842971801758e-01,-4.475318789482116699e-01,-2.047222480177879333e-02,-8.377599716186523438e-01,4.433532357215881348e-01,2.857678234577178955e-01,-1.032318472862243652e+00,-1.226510107517242432e-01,8.586505651473999023e-01,-1.090274453163146973e+00,7.649024575948715210e-02,7.366133928298950195e-01,-1.094395041465759277e+00
1.692607849836349487e-01,8.653677254915237427e-02,3.280336856842041016e-01,-1.559757068753242493e-02,2.052552811801433563e-02,-4.702239036560058594e-01,8.821705579757690430e-01,-4.381714761257171631e-01,-2.276049926877021790e-02,-8.377599716186523438e-01,4.550502598285675049e-01,2.996323406696319580e-01,-1.056363105773925781e+00,-1.192985102534294128e-01,8.545734882354736328e-01,-1.077040433883666992e+00,8.020840585231781006e-02,7.305778861045837402e-01,-1.082880735397338867e+00
1.702455580234527588e-01,8.520780503749847412e-02,3.281836807727813721e-01,-1.580798253417015076e-02,2.230665460228919983e-02,-4.732238352298736572e-01,8.805178999900817871e-01,-4.293151795864105225e-01,-2.371250465512275696e-02,-8.377599716186523438e-01,4.645579159259796143e-01,3.147685527801513672e-01,-1.082001328468322754e+00,-1.165345013141632080e-01,8.510802388191223145e-01,-1.063720345497131348e+00,8.389832079410552979e-02,7.260999083518981934e-01,-1.072518944740295410e+00
1.711979955434799194e-01,8.390513062477111816e-02,3.283265233039855957e-01,-1.557637564837932587e-02,2.356489375233650208e-02,-4.761380851268768311e-01,8.789167404174804688e-01,-4.210816025733947754e-01,-2.365703694522380829e-02,-8.377599716186523438e-01,4.716498851776123047e-01,3.302744626998901367e-01,-1.109248518943786621e+00,-1.148670315742492676e-01,8.480064272880554199e-01,-1.050737619400024414e+00,8.687506616115570068e-02,7.229267954826354980e-01,-1.063813805580139160e+00
1.720845699310302734e-01,8.261135965585708618e-02,3.284649550914764404e-01,-1.540106255561113358e-02,2.464342489838600159e-02,-4.790074229240417480e-01,8.773297071456909180e-01,-4.124498665332794189e-01,-2.339081466197967529e-02,-8.377599716186523438e-01,4.762122929096221924e-01,3.486870527267456055e-01,-1.141224265098571777e+00,-1.134152263402938843e-01,8.459053039550781250e-01,-1.039037823677062988e+00,8.986975997686386108e-02,7.208186984062194824e-01,-1.057000041007995605e+00
1.729553043842315674e-01,8.133833110332489014e-02,3.286153376102447510e-01,-1.545973680913448334e-02,2.533046156167984009e-02,-4.818840324878692627e-01,8.757323622703552246e-01,-4.032430052757263184e-01,-2.236642874777317047e-02,-8.377599716186523438e-01,4.812696576118469238e-01,3.694895207881927490e-01,-1.177621603012084961e+00,-1.120042055845260620e-01,8.455106019973754883e-01,-1.029175519943237305e+00,9.294267743825912476e-02,7.204234600067138672e-01,-1.051611065864562988e+00
1.737833321094512939e-01,8.013628423213958740e-02,3.287675082683563232e-01,-1.580125279724597931e-02,2.582458592951297760e-02,-4.843458533287048340e-01,8.743526339530944824e-01,-3.943915665149688721e-01,-2.064560540020465851e-02,-8.377599716186523438e-01,4.865112006664276123e-01,3.969706594944000244e-01,-1.225142121315002441e+00,-1.106127277016639709e-01,8.460651040077209473e-01,-1.020434141159057617e+00,9.600986540317535400e-02,7.210027575492858887e-01,-1.047112941741943359e+00
1.745565831661224365e-01,7.897014915943145752e-02,3.289014399051666260e-01,-1.629069447517395020e-02,2.621481381356716156e-02,-4.867405295372009277e-01,8.730011582374572754e-01,-3.858801424503326416e-01,-1.859750039875507355e-02,-8.377599716186523438e-01,4.920870065689086914e-01,4.244710505008697510e-01,-1.276374459266662598e+00,-1.085911765694618225e-01,8.473979830741882324e-01,-1.013389587402343750e+00,9.921786189079284668e-02,7.221151590347290039e-01,-1.042819142341613770e+00
1.752965748310089111e-01,7.786516100168228149e-02,3.290149569511413574e-01,-1.666585169732570648e-02,2.650354430079460144e-02,-4.891269207000732422e-01,8.716505169868469238e-01,-3.782002627849578857e-01,-1.671571470797061920e-02,-8.377599716186523438e-01,4.971696734428405762e-01,4.483956098556518555e-01,-1.326928853988647461e+00,-1.067141741514205933e-01,8.489194512367248535e-01,-1.007215619087219238e+00,1.021659448742866516e-01,7.233742475509643555e-01,-1.039165019989013672e+00
1.760278791189193726e-01,7.683044672012329102e-02,3.291457891464233398e-01,-1.699542440474033356e-02,2.663056366145610809e-02,-4.914142489433288574e-01,8.703528046607971191e-01,-3.713057637214660645e-01,-1.439693849533796310e-02,-8.377599716186523438e-01,5.017060637474060059e-01,4.723205566406250000e-01,-1.380033969879150391e+00,-1.054466366767883301e-01,8.507609367370605469e-01,-1.001571416854858398e+00,1.045977398753166199e-01,7.247490286827087402e-01,-1.035494089126586914e+00
1.767671406269073486e-01,7.574675977230072021e-02,3.292911350727081299e-01,-1.706501469016075134e-02,2.659652940928936005e-02,-4.939230084419250488e-01,8.689312338829040527e-01,-3.647800683975219727e-01,-1.217570621520280838e-02,-8.377599716186523438e-01,5.056539177894592285e-01,4.965494275093078613e-01,-1.434077024459838867e+00,-1.043118312954902649e-01,8.526021242141723633e-01,-9.958454966545104980e-01,1.067836508154869080e-01,7.262455821037292480e-01,-1.031950592994689941e+00
1.772948503494262695e-01,7.491202652454376221e-02,3.293732404708862305e-01,-1.711557060480117798e-02,2.635718882083892822e-02,-4.961960911750793457e-01,8.676415085792541504e-01,-3.592984974384307861e-01,-1.011602021753787994e-02,-8.377599716186523438e-01,5.059008598327636719e-01,5.155537128448486328e-01,-1.480986118316650391e+00,-1.036541387438774109e-01,8.550900816917419434e-01,-9.920235276222229004e-01,1.084433719515800476e-01,7.282097339630126953e-01,-1.030442476272583008e+00
1.778270900249481201e-01,7.400002330541610718e-02,3.294877409934997559e-01,-1.718564145267009735e-02,2.583888173103332520e-02,-4.986290931701660156e-01,8.662598133087158203e-01,-3.529571592807769775e-01,-7.034248672425746918e-03,-8.377599716186523438e-01,5.010782480239868164e-01,5.344288349151611328e-01,-1.523434996604919434e+00,-1.029940173029899597e-01,8.582547307014465332e-01,-9.880680441856384277e-01,1.104185059666633606e-01,7.313883304595947266e-01,-1.030037760734558105e+00
1.782991737127304077e-01,7.315643876791000366e-02,3.295726180076599121e-01,-1.643544621765613556e-02,2.456370554864406586e-02,-5.010912418365478516e-01,8.648896217346191406e-01,-3.478539586067199707e-01,-2.425979822874069214e-03,-8.377599716186523438e-01,4.905286133289337158e-01,5.472199916839599609e-01,-1.555826902389526367e+00,-1.040747091174125671e-01,8.610360622406005859e-01,-9.822744727134704590e-01,1.104984581470489502e-01,7.360773086547851562e-01,-1.031969189643859863e+00
1.786982715129852295e-01,7.225510478019714355e-02,3.295325636863708496e-01,-1.548756938427686691e-02,2.369443513453006744e-02,-5.038688778877258301e-01,8.633161783218383789e-01,-3.438390493392944336e-01,-7.403801428154110909e-04,-8.377599716186523438e-01,4.751932024955749512e-01,5.528337359428405762e-01,-1.576186537742614746e+00,-1.053121536970138550e-01,8.631299734115600586e-01,-9.768662452697753906e-01,1.102271974086761475e-01,7.394574880599975586e-01,-1.033773541450500488e+00
1.790262013673782349e-01,7.140690833330154419e-02,3.295756578445434570e-01,-1.451326813548803329e-02,2.239275351166725159e-02,-5.066184997558593750e-01,8.617572784423828125e-01,-3.398273587226867676e-01,3.478914499282836914e-03,-8.377599716186523438e-01,4.531281292438507080e-01,5.553668737411499023e-01,-1.586418151855468750e+00,-1.069175601005554199e-01,8.657737970352172852e-01,-9.714835286140441895e-01,1.099755465984344482e-01,7.441173195838928223e-01,-1.036956667900085449e+00
1.793351769447326660e-01,7.056151330471038818e-02,3.295978307723999023e-01,-1.339824125170707703e-02,2.086602151393890381e-02,-5.094600915908813477e-01,8.601369261741638184e-01,-3.363017439842224121e-01,7.718278560787439346e-03,-8.377599716186523438e-01,4.281533956527709961e-01,5.552651882171630859e-01,-1.587359786033630371e+00,-1.090953126549720764e-01,8.688185214996337891e-01,-9.663841128349304199e-01,1.092384681105613708e-01,7.491710782051086426e-01,-1.040563225746154785e+00
1.796243935823440552e-01,6.969331949949264526e-02,3.295768499374389648e-01,-1.234635524451732635e-02,1.954450085759162903e-02,-5.123708844184875488e-01,8.584530353546142578e-01,-3.324443697929382324e-01,1.126983016729354858e-02,-8.377599716186523438e-01,4.013756811618804932e-01,5.493363738059997559e-01,-1.578003525733947754e+00,-1.111038923263549805e-01,8.715032339096069336e-01,-9.610627293586730957e-01,1.088957339525222778e-01,7.538176774978637695e-01,-1.044296383857727051e+00
1.799015402793884277e-01,6.873688101768493652e-02,3.293987214565277100e-01,-1.120135094970464706e-02,1.900145225226879120e-02,-5.153137445449829102e-01,8.567177057266235352e-01,-3.283785879611968994e-01,1.040798425674438477e-02,-8.377599716186523438e-01,3.744085431098937988e-01,5.325231552124023438e-01,-1.555167198181152344e+00,-1.128020212054252625e-01,8.725511431694030762e-01,-9.554593563079833984e-01,1.084907799959182739e-01,7.560586929321289062e-01,-1.045848727226257324e+00
1.802351772785186768e-01,6.767444312572479248e-02,3.294297754764556885e-01,-1.022911444306373596e-02,1.801140792667865753e-02,-5.179152488708496094e-01,8.551810979843139648e-01,-3.230338990688323975e-01,1.351111661642789841e-02,-8.377599716186523438e-01,3.487340807914733887e-01,5.081126689910888672e-01,-1.524999976158142090e+00,-1.138409823179244995e-01,8.738861680030822754e-01,-9.483067393302917480e-01,1.082899495959281921e-01,7.595655322074890137e-01,-1.046629905700683594e+00
1.804445385932922363e-01,6.685788929462432861e-02,3.298104107379913330e-01,-1.001573540270328522e-02,1.627199351787567139e-02,-5.202632546424865723e-01,8.537921905517578125e-01,-3.180374801158905029e-01,2.104564942419528961e-02,-8.377599716186523438e-01,3.229625821113586426e-01,4.784505069255828857e-01,-1.481485962867736816e+00,-1.146087199449539185e-01,8.775116801261901855e-01,-9.432325363159179688e-01,1.086538508534431458e-01,7.647949457168579102e-01,-1.047996044158935547e+00
1.806680858135223389e-01,6.590720266103744507e-02,3.298420608043670654e-01,-9.533153846859931946e-03,1.530085690319538116e-02,-5.224608182907104492e-01,8.524727225303649902e-01,-3.127526640892028809e-01,2.453733794391155243e-02,-8.377599716186523438e-01,2.972485423088073730e-01,4.481505155563354492e-01,-1.440957188606262207e+00,-1.152800321578979492e-01,8.801774382591247559e-01,-9.386854767799377441e-01,1.089379489421844482e-01,7.687990665435791016e-01,-1.049271821975708008e+00
1.809079349040985107e-01,6.492613255977630615e-02,3.298688530921936035e-01,-8.517802692949771881e-03,1.425754092633724213e-02,-5.248621702194213867e-01,8.510252237319946289e-01,-3.087090849876403809e-01,2.730457857251167297e-02,-8.377599716186523438e-01,2.739325761795043945e-01,4.196529388427734375e-01,-1.407905697822570801e+00,-1.171595007181167603e-01,8.817091584205627441e-01,-9.327218532562255859e-01,1.082429513335227966e-01,7.720273733139038086e-01,-1.050544500350952148e+00
1.811024397611618042e-01,6.395124644041061401e-02,3.299453854560852051e-01,-7.812601514160633087e-03,1.313762273639440536e-02,-5.271821022033691406e-01,8.496148586273193359e-01,-3.043918013572692871e-01,3.119105286896228790e-02,-8.377599716186523438e-01,2.504231333732604980e-01,3.960882425308227539e-01,-1.379216194152832031e+00,-1.185031533241271973e-01,8.841499686241149902e-01,-9.276694059371948242e-01,1.077943071722984314e-01,7.758404612541198730e-01,-1.051703929901123047e+00
1.812000125646591187e-01,6.310783326625823975e-02,3.299191594123840332e-01,-7.177947089076042175e-03,1.175816636532545090e-02,-5.292211771011352539e-01,8.483720421791076660e-01,-3.006169497966766357e-01,3.543933480978012085e-02,-8.377599716186523438e-01,2.261346280574798584e-01,3.731309175491333008e-01,-1.351681232452392578e+00,-1.199300885200500488e-01,8.879203796386718750e-01,-9.245781302452087402e-01,1.074430942535400391e-01,7.811239957809448242e-01,-1.054799675941467285e+00
1.814286261796951294e-01,6.201582401990890503e-02,3.301537930965423584e-01,-6.744039244949817657e-03,1.108837872743606567e-02,-5.316468477249145508e-01,8.468666672706604004e-01,-2.954071164131164551e-01,3.903352841734886169e-02,-8.377599716186523438e-01,2.027423381805419922e-01,3.506896793842315674e-01,-1.324304223060607910e+00,-1.200901940464973450e-01,8.880566954612731934e-01,-9.152542352676391602e-01,1.079287156462669373e-01,7.831437587738037109e-01,-1.053201317787170410e+00
1.816034018993377686e-01,6.102896854281425476e-02,3.302106261253356934e-01,-6.354095414280891418e-03,9.866540320217609406e-03,-5.337082147598266602e-01,8.455872535705566406e-01,-2.911567389965057373e-01,4.357219487428665161e-02,-8.377599716186523438e-01,1.780373007059097290e-01,3.305034041404724121e-01,-1.299137592315673828e+00,-1.208187863230705261e-01,8.915656208992004395e-01,-9.108095169067382812e-01,1.087403520941734314e-01,7.884705066680908203e-01,-1.055848956108093262e+00
1.816956251859664917e-01,6.020041927695274353e-02,3.304365277290344238e-01,-6.760278716683387756e-03,9.232568554580211639e-03,-5.357506871223449707e-01,8.442986607551574707e-01,-2.849076092243194580e-01,4.817954823374748230e-02,-8.377599716186523438e-01,1.552999913692474365e-01,3.091696500778198242e-01,-1.271394968032836914e+00,-1.198696047067642212e-01,8.941450119018554688e-01,-9.058683514595031738e-01,1.110434234142303467e-01,7.919004559516906738e-01,-1.056460738182067871e+00
1.818900555372238159e-01,5.914540588855743408e-02,3.306271731853485107e-01,-6.917739287018775940e-03,8.502461947500705719e-03,-5.381143689155578613e-01,8.428005576133728027e-01,-2.785944342613220215e-01,5.286546796560287476e-02,-8.377599716186523438e-01,1.302230507135391235e-01,2.893327474594116211e-01,-1.243327140808105469e+00,-1.191639527678489685e-01,8.965181708335876465e-01,-8.993768095970153809e-01,1.128530949354171753e-01,7.958120107650756836e-01,-1.056820631027221680e+00
1.820470243692398071e-01,5.822456255555152893e-02,3.307681381702423096e-01,-7.378390524536371231e-03,7.896581664681434631e-03,-5.402801632881164551e-01,8.414158225059509277e-01,-2.723284661769866943e-01,5.730065703392028809e-02,-8.377599716186523438e-01,1.060289964079856873e-01,2.708638906478881836e-01,-1.216977715492248535e+00,-1.181901991367340088e-01,8.994540572166442871e-01,-8.942913413047790527e-01,1.148780137300491333e-01,7.997136712074279785e-01,-1.057411789894104004e+00
1.821941435337066650e-01,5.731131508946418762e-02,3.309333324432373047e-01,-8.175328373908996582e-03,7.374189794063568115e-03,-5.424927473068237305e-01,8.399883508682250977e-01,-2.652240693569183350e-01,6.224152818322181702e-02,-8.377599716186523438e-01,8.293915539979934692e-02,2.549407780170440674e-01,-1.192829251289367676e+00,-1.166584715247154236e-01,9.032217860221862793e-01,-8.904163837432861328e-01,1.175287365913391113e-01,8.038156032562255859e-01,-1.057886481285095215e+00
1.823214739561080933e-01,5.641028657555580139e-02,3.310903906822204590e-01,-9.230379946529865265e-03,7.038256619125604630e-03,-5.447601675987243652e-01,8.385115265846252441e-01,-2.573972344398498535e-01,6.701969355344772339e-02,-8.377599716186523438e-01,6.009538099169731140e-02,2.408327907323837280e-01,-1.169753789901733398e+00,-1.148162931203842163e-01,9.072442650794982910e-01,-8.872908949851989746e-01,1.208813413977622986e-01,8.076537251472473145e-01,-1.058223009109497070e+00
1.824287325143814087e-01,5.552792549133300781e-02,3.312350213527679443e-01,-1.043609529733657837e-02,6.813788786530494690e-03,-5.471938252449035645e-01,8.369131088256835938e-01,-2.489636242389678955e-01,7.150560617446899414e-02,-8.377599716186523438e-01,3.832401707768440247e-02,2.286774516105651855e-01,-1.148356676101684570e+00,-1.125316545367240906e-01,9.112504124641418457e-01,-8.839536905288696289e-01,1.244964078068733215e-01,8.112581968307495117e-01,-1.058648943901062012e+00
1.824758797883987427e-01,5.476242303848266602e-02,3.313534557819366455e-01,-1.180765591561794281e-02,6.598449312150478363e-03,-5.495494604110717773e-01,8.353517055511474609e-01,-2.402758896350860596e-01,7.590088248252868652e-02,-8.377599716186523438e-01,1.793240755796432495e-02,2.172874957323074341e-01,-1.126821756362915039e+00,-1.102635934948921204e-01,9.161065816879272461e-01,-8.823506832122802734e-01,1.283240318298339844e-01,8.151656389236450195e-01,-1.059420108795166016e+00
1.825908124446868896e-01,5.379247292876243591e-02,3.315336108207702637e-01,-1.307530980557203293e-02,6.336876191198825836e-03,-5.523213148117065430e-01,8.335046768188476562e-01,-2.307996749877929688e-01,8.097533136606216431e-02,-8.377599716186523438e-01,-2.444439160171896219e-04,2.038790434598922729e-01,-1.101279854774475098e+00,-1.080441847443580627e-01,9.203538894653320312e-01,-8.785507082939147949e-01,1.322793215513229370e-01,8.190830945968627930e-01,-1.059110641479492188e+00
1.825626194477081299e-01,5.303209275007247925e-02,3.316856026649475098e-01,-1.485944446176290512e-02,6.119556259363889694e-03,-5.547135472297668457e-01,8.318861722946166992e-01,-2.207931131124496460e-01,8.608834445476531982e-02,-8.377599716186523438e-01,-1.945059932768344879e-02,1.886824816465377808e-01,-1.068925857543945312e+00,-1.049274653196334839e-01,9.261833429336547852e-01,-8.777071237564086914e-01,1.373414397239685059e-01,8.239024281501770020e-01,-1.060639739036560059e+00
1.825456172227859497e-01,5.221323668956756592e-02,3.318281173706054688e-01,-1.618809998035430908e-02,5.559364799410104752e-03,-5.573434829711914062e-01,8.301056027412414551e-01,-2.112496495246887207e-01,9.158443659543991089e-02,-8.377599716186523438e-01,-3.892997279763221741e-02,1.695390641689300537e-01,-1.028585314750671387e+00,-1.030640900135040283e-01,9.321542382240295410e-01,-8.766483068466186523e-01,1.411010026931762695e-01,8.293349146842956543e-01,-1.062813282012939453e+00
1.825259327888488770e-01,5.132965743541717529e-02,3.319923579692840576e-01,-1.727149449288845062e-02,4.886771086603403091e-03,-5.601589679718017578e-01,8.281906843185424805e-01,-2.019832432270050049e-01,9.727935492992401123e-02,-8.377599716186523438e-01,-5.786683410406112671e-02,1.444648206233978271e-01,-9.779959321022033691e-01,-1.018574312329292297e-01,9.379434585571289062e-01,-8.752257823944091797e-01,1.443644762039184570e-01,8.345571756362915039e-01,-1.064570188522338867e+00
1.824708431959152222e-01,5.037486180663108826e-02,3.321719765663146973e-01,-1.860553398728370667e-02,4.128708038479089737e-03,-5.631822347640991211e-01,8.261129260063171387e-01,-1.919495761394500732e-01,1.038416549563407898e-01,-8.377599716186523438e-01,-7.629492133855819702e-02,1.157762706279754639e-01,-9.182875156402587891e-01,-1.002184227108955383e-01,9.449117183685302734e-01,-8.747602105140686035e-01,1.481725424528121948e-01,8.405961990356445312e-01,-1.066768288612365723e+00
1.823104918003082275e-01,4.965483769774436951e-02,3.322748839855194092e-01,-1.989922113716602325e-02,3.165837610140442848e-03,-5.659460425376892090e-01,8.241960406303405762e-01,-1.826032102108001709e-01,1.101668328046798706e-01,-8.377599716186523438e-01,-9.532304853200912476e-02,8.047772943973541260e-02,-8.459387421607971191e-01,-9.918018430471420288e-02,9.534699916839599609e-01,-8.780431747436523438e-01,1.517599225044250488e-01,8.471194505691528320e-01,-1.069976210594177246e+00
1.814626455307006836e-01,4.807305335998535156e-02,3.317832946777343750e-01,-1.202724501490592957e-02,1.003263518214225769e-03,-5.738877058029174805e-01,8.188450932502746582e-01,-1.772077828645706177e-01,1.101874709129333496e-01,-8.377599716186523438e-01,-1.179485097527503967e-01,6.160133704543113708e-02,-8.377804756164550781e-01,-1.234638690948486328e-01,9.458436965942382812e-01,-8.619385361671447754e-01,1.314209103584289551e-01,8.412128090858459473e-01,-1.070289850234985352e+00
1.803749054670333862e-01,4.659892246127128601e-02,3.312315344810485840e-01,-2.972020534798502922e-03,-1.410671393387019634e-03,-5.825665593147277832e-01,8.127763867378234863e-01,-1.717643141746520996e-01,1.094592884182929993e-01,-8.377599716186523438e-01,-1.370091140270233154e-01,4.266551136970520020e-02,-8.377600312232971191e-01,-1.521078795194625854e-01,9.360734820365905762e-01,-8.449630141258239746e-01,1.068687364459037781e-01,8.320400714874267578e-01,-1.069274663925170898e+00
1.794373542070388794e-01,4.513942822813987732e-02,3.306166231632232666e-01,4.612620919942855835e-03,-4.280580673366785049e-03,-5.915836095809936523e-01,8.062191009521484375e-01,-1.636232435703277588e-01,1.117689758539199829e-01,-8.377599716186523438e-01,-1.537431925535202026e-01,2.885656245052814484e-02,-8.377599716186523438e-01,-1.795686185359954834e-01,9.336730837821960449e-01,-8.377745747566223145e-01,8.429507166147232056e-02,8.259102106094360352e-01,-1.070164442062377930e+00
1.786486208438873291e-01,4.373778402805328369e-02,3.297549486160278320e-01,9.089643135666847229e-03,-4.384579136967658997e-03,-5.986974239349365234e-01,8.009117245674133301e-01,-1.521717458963394165e-01,1.206422075629234314e-01,-8.546388149261474609e-01,-1.633028239011764526e-01,1.889440789818763733e-02,-8.377599716186523438e-01,-1.939969807863235474e-01,9.332111477851867676e-01,-8.377600312232971191e-01,7.360856980085372925e-02,8.198856115341186523e-01,-1.070077061653137207e+00
1.781360507011413574e-01,4.251067712903022766e-02,3.289916217327117920e-01,1.279795449227094650e-02,-3.300135256722569466e-03,-6.050094962120056152e-01,7.961085438728332520e-01,-1.405808329582214355e-01,1.306337267160415649e-01,-8.777478933334350586e-01,-1.697680205106735229e-01,1.133324950933456421e-02,-8.377599716186523438e-01,-2.033679336309432983e-01,9.305446743965148926e-01,-8.377599716186523438e-01,6.698723137378692627e-02,8.106791973114013672e-01,-1.065755963325500488e+00
1.777431964874267578e-01,4.135594889521598816e-02,3.285843431949615479e-01,1.573127508163452148e-02,-2.114156726747751236e-03,-6.107791066169738770e-01,7.916419506072998047e-01,-1.287944018840789795e-01,1.389474868774414062e-01,-8.957771062850952148e-01,-1.739222258329391479e-01,9.532292373478412628e-03,-8.377599716186523438e-01,-2.093899548053741455e-01,9.280947446823120117e-01,-8.377599716186523438e-01,6.294003874063491821e-02,8.011782765388488770e-01,-1.059206962585449219e+00
1.774437427520751953e-01,4.027976840734481812e-02,3.283675312995910645e-01,1.804218813776969910e-02,-9.495864505879580975e-04,-6.165093183517456055e-01,7.871403098106384277e-01,-1.160570532083511353e-01,1.464320868253707886e-01,-9.097007513046264648e-01,-1.740699559450149536e-01,1.078528445214033127e-02,-8.377599716186523438e-01,-2.135685384273529053e-01,9.281873703002929688e-01,-8.430837988853454590e-01,6.059145554900169373e-02,7.921108603477478027e-01,-1.051929116249084473e+00
1.772855520248413086e-01,3.928498178720474243e-02,3.280680179595947266e-01,1.918684691190719604e-02,8.605346374679356813e-05,-6.226624250411987305e-01,7.822552919387817383e-01,-1.011029705405235291e-01,1.552968174219131470e-01,-9.216662645339965820e-01,-1.698645800352096558e-01,1.476639974862337112e-02,-8.377599716186523438e-01,-2.163078486919403076e-01,9.371371269226074219e-01,-8.635767102241516113e-01,5.984196811914443970e-02,7.860763669013977051e-01,-1.047500729560852051e+00
1.774034351110458374e-01,3.829635679721832275e-02,3.276264071464538574e-01,1.948250457644462585e-02,1.219298224896192551e-03,-6.296072006225585938e-01,7.766683101654052734e-01,-8.353451639413833618e-02,1.660845428705215454e-01,-9.338478446006774902e-01,-1.612328588962554932e-01,1.958881318569183350e-02,-8.377599716186523438e-01,-2.194635421037673950e-01,9.528022408485412598e-01,-8.961224555969238281e-01,5.988650768995285034e-02,7.815954089164733887e-01,-1.044303178787231445e+00
1.774168610572814941e-01,3.757097199559211731e-02,3.270857930183410645e-01,1.971929520368576050e-02,1.174361328594386578e-03,-6.365481019020080566e-01,7.709839940071105957e-01,-6.746447831392288208e-02,1.753409206867218018e-01,-9.393714666366577148e-01,-1.516485065221786499e-01,2.608554437756538391e-02,-8.377599716186523438e-01,-2.248736023902893066e-01,9.734594821929931641e-01,-9.387150406837463379e-01,5.873025208711624146e-02,7.818106412887573242e-01,-1.047115921974182129e+00
1.776607185602188110e-01,3.675436601042747498e-02,3.266218304634094238e-01,2.004653774201869965e-02,6.578546017408370972e-04,-6.440449953079223633e-01,7.647246122360229492e-01,-5.157969146966934204e-02,1.855453997850418091e-01,-9.429213404655456543e-01,-1.411295980215072632e-01,3.425440564751625061e-02,-8.377599716186523438e-01,-2.319747954607009888e-01,9.950819015502929688e-01,-9.867567420005798340e-01,5.673661455512046814e-02,7.829430699348449707e-01,-1.050523400306701660e+00
1.781412363052368164e-01,3.581501916050910950e-02,3.262664973735809326e-01,2.039646171033382416e-02,-3.904082113876938820e-04,-6.515744328498840332e-01,7.583103775978088379e-01,-3.694422170519828796e-02,1.965820640325546265e-01,-9.445380568504333496e-01,-1.296613216400146484e-01,4.512875154614448547e-02,-8.377599716186523438e-01,-2.400934696197509766e-01,1.016512513160705566e+00,-1.040279507637023926e+00,5.391478538513183594e-02,7.852759361267089844e-01,-1.053141474723815918e+00
1.786447614431381226e-01,3.519781678915023804e-02,3.258112668991088867e-01,2.199099026620388031e-02,-1.939985202625393867e-03,-6.595565080642700195e-01,7.513307332992553711e-01,-2.445638924837112427e-02,2.058504074811935425e-01,-9.449558258056640625e-01,-1.197479814291000366e-01,5.168670043349266052e-02,-8.377599716186523438e-01,-2.530238032341003418e-01,1.033421516418457031e+00,-1.095444560050964355e+00,4.740821197628974915e-02,7.860123515129089355e-01,-1.057523250579833984e+00
1.789727509021759033e-01,3.401492536067962646e-02,3.252600729465484619e-01,2.488007955253124237e-02,-2.513873158022761345e-03,-6.674408912658691406e-01,7.442427873611450195e-01,-1.254420261830091476e-02,2.165750712156295776e-01,-9.522979259490966797e-01,-1.107434034347534180e-01,4.804704710841178894e-02,-8.377599716186523438e-01,-2.626192867755889893e-01,1.039446473121643066e+00,-1.148135542869567871e+00,4.137280583381652832e-02,7.828471064567565918e-01,-1.057642221450805664e+00
1.793970465660095215e-01,3.274411335587501526e-02,3.243973255157470703e-01,2.900309115648269653e-02,-2.582140034064650536e-03,-6.758695840835571289e-01,7.364458441734313965e-01,-5.780385690741240978e-04,2.289693951606750488e-01,-9.662202596664428711e-01,-1.027164533734321594e-01,3.251975402235984802e-02,-8.377599716186523438e-01,-2.740120291709899902e-01,1.038465738296508789e+00,-1.201501727104187012e+00,3.296484053134918213e-02,7.756221890449523926e-01,-1.056089997291564941e+00
1.800514161586761475e-01,3.153000026941299438e-02,3.238950669765472412e-01,3.183424845337867737e-02,-2.813407918438315392e-03,-6.836221218109130859e-01,7.291361093521118164e-01,1.104246266186237335e-02,2.416336238384246826e-01,-9.761126637458801270e-01,-8.941181749105453491e-02,1.761723309755325317e-02,-8.377599716186523438e-01,-2.812221348285675049e-01,1.033596158027648926e+00,-1.252308726310729980e+00,2.734403870999813080e-02,7.705447673797607422e-01,-1.053260326385498047e+00
1.810863614082336426e-01,3.065659664571285248e-02,3.238477408885955811e-01,3.407835960388183594e-02,-2.750937826931476593e-03,-6.909956932067871094e-01,7.220498919486999512e-01,2.251066081225872040e-02,2.519354820251464844e-01,-9.824593067169189453e-01,-7.194983959197998047e-02,5.748602561652660370e-03,-8.377599716186523438e-01,-2.853605151176452637e-01,1.021096825599670410e+00,-1.296990633010864258e+00,2.250653691589832306e-02,7.622196674346923828e-01,-1.045336723327636719e+00
1.819316148757934570e-01,2.941473387181758881e-02,3.241001665592193604e-01,3.497617691755294800e-02,-3.272782312706112862e-03,-6.974676847457885742e-01,7.157546877861022949e-01,3.352985158562660217e-02,2.618120908737182617e-01,-9.820458889007568359e-01,-5.559644103050231934e-02,-2.411908644717186689e-04,-8.377599716186523438e-01,-2.840513885021209717e-01,1.003893256187438965e+00,-1.332309842109680176e+00,2.076702192425727844e-02,7.595265507698059082e-01,-1.040239334106445312e+00
1.826271712779998779e-01,2.845841832458972931e-02,3.243373632431030273e-01,3.613952919840812683e-02,-4.726495128124952316e-03,-7.041822075843811035e-01,7.090831995010375977e-01,4.352163150906562805e-02,2.712933421134948730e-01,-9.786847233772277832e-01,-4.241862893104553223e-02,-5.860599689185619354e-03,-8.377599716186523438e-01,-2.824743688106536865e-01,9.808688163757324219e-01,-1.361103415489196777e+00,1.748319342732429504e-02,7.590081691741943359e-01,-1.038815379142761230e+00
1.834096163511276245e-01,2.731262706220149994e-02,3.246484100818634033e-01,3.785190358757972717e-02,-6.291121244430541992e-03,-7.105695605278015137e-01,7.025799155235290527e-01,5.159915611147880554e-02,2.818831503391265869e-01,-9.782087802886962891e-01,-3.151553496718406677e-02,-1.121283322572708130e-02,-8.377599716186523438e-01,-2.804899215698242188e-01,9.507244229316711426e-01,-1.380298018455505371e+00,1.304269675165414810e-02,7.574869394302368164e-01,-1.035585165023803711e+00
1.842409819364547729e-01,2.613464742898941040e-02,3.249723613262176514e-01,3.991344198584556580e-02,-7.841438055038452148e-03,-7.164492011070251465e-01,6.964523792266845703e-01,5.739864706993103027e-02,2.935839891433715820e-01,-9.819775223731994629e-01,-2.172027155756950378e-02,-1.676575839519500732e-02,-8.377599716186523438e-01,-2.775214016437530518e-01,9.147857427597045898e-01,-1.391322493553161621e+00,8.132611401379108429e-03,7.549949288368225098e-01,-1.031653285026550293e+00
1.851074248552322388e-01,2.487816289067268372e-02,3.253287076950073242e-01,4.165592789649963379e-02,-9.344975464046001434e-03,-7.220640182495117188e-01,6.905078291893005371e-01,6.276234984397888184e-02,3.074103295803070068e-01,-9.888058304786682129e-01,-1.082939468324184418e-02,-2.130044065415859222e-02,-8.377599716186523438e-01,-2.728290259838104248e-01,8.758928775787353516e-01,-1.396245241165161133e+00,3.713452722877264023e-03,7.530437707901000977e-01,-1.026822924613952637e+00
1.860857009887695312e-01,2.362781390547752380e-02,3.256737589836120605e-01,4.301062598824501038e-02,-1.065825112164020538e-02,-7.277249097824096680e-01,6.844362020492553711e-01,6.804080307483673096e-02,3.226093351840972900e-01,-9.980177879333496094e-01,6.108973757363855839e-04,-2.493529766798019409e-02,-8.377599716186523438e-01,-2.670279443264007568e-01,8.358693718910217285e-01,-1.395213603973388672e+00,-3.057442081626504660e-04,7.515799403190612793e-01,-1.023242354393005371e+00
1.871462464332580566e-01,2.232729643583297729e-02,3.259495198726654053e-01,4.326431453227996826e-02,-1.141605898737907410e-02,-7.331686615943908691e-01,6.785731911659240723e-01,7.466927170753479004e-02,3.397027552127838135e-01,-1.010156750679016113e+00,1.330103725194931030e-02,-2.649295516312122345e-02,-8.377599716186523438e-01,-2.594746053218841553e-01,7.967211008071899414e-01,-1.390058159828186035e+00,-2.526344964280724525e-03,7.510832548141479492e-01,-1.019655227661132812e+00
1.882776767015457153e-01,2.098624408245086670e-02,3.261659145355224609e-01,4.239179939031600952e-02,-1.162494905292987823e-02,-7.388306260108947754e-01,6.724560260772705078e-01,8.309113979339599609e-02,3.586777448654174805e-01,-1.024438977241516113e+00,2.821831591427326202e-02,-2.613244205713272095e-02,-8.377599716186523438e-01,-2.497894465923309326e-01,7.590369582176208496e-01,-1.379918217658996582e+00,-2.393919043242931366e-03,7.522506713867187500e-01,-1.016510128974914551e+00
1.895664632320404053e-01,1.961928233504295349e-02,3.262650370597839355e-01,4.083463549613952637e-02,-1.126466691493988037e-02,-7.444875836372375488e-01,6.662911176681518555e-01,9.254346787929534912e-02,3.797550499439239502e-01,-1.043213963508605957e+00,4.479127004742622375e-02,-2.522242441773414612e-02,-8.377599716186523438e-01,-2.396228760480880737e-01,7.225247621536254883e-01,-1.364592313766479492e+00,-1.274233567528426647e-03,7.536753416061401367e-01,-1.014551997184753418e+00
1.909374147653579712e-01,1.815116219222545624e-02,3.262239992618560791e-01,3.825041279196739197e-02,-9.941532276570796967e-03,-7.501076459884643555e-01,6.601337790489196777e-01,1.034641787409782410e-01,4.025560021400451660e-01,-1.067383527755737305e+00,6.356940418481826782e-02,-2.326283045113086700e-02,-8.377599716186523438e-01,-2.273566871881484985e-01,6.899820566177368164e-01,-1.348586320877075195e+00,2.471185754984617233e-03,7.557278871536254883e-01,-1.012721657752990723e+00
1.923696398735046387e-01,1.664071716368198395e-02,3.260348737239837646e-01,3.512205928564071655e-02,-7.835720665752887726e-03,-7.554685473442077637e-01,6.541959643363952637e-01,1.153287589550018311e-01,4.251666069030761719e-01,-1.096586108207702637e+00,8.336594700813293457e-02,-2.122192457318305969e-02,-8.377599716186523438e-01,-2.138514667749404907e-01,6.624339818954467773e-01,-1.335656046867370605e+00,7.199347484856843948e-03,7.577658295631408691e-01,-1.010821223258972168e+00
1.938395500183105469e-01,1.503056939691305161e-02,3.257704377174377441e-01,3.174167871475219727e-02,-5.588413216173648834e-03,-7.606731653213500977e-01,6.483345031738281250e-01,1.269576251506805420e-01,4.468666613101959229e-01,-1.129434227943420410e+00,1.031736060976982117e-01,-1.794958114624023438e-02,-8.377599716186523438e-01,-2.004896700382232666e-01,6.409518718719482422e-01,-1.324838280677795410e+00,1.250498369336128235e-02,7.608500719070434570e-01,-1.010114908218383789e+00
1.953560262918472290e-01,1.331537403166294098e-02,3.253754377365112305e-01,2.806464768946170807e-02,-3.750327043235301971e-03,-7.657406330108642578e-01,6.425259709358215332e-01,1.374067813158035278e-01,4.686199724674224854e-01,-1.165862321853637695e+00,1.224535703659057617e-01,-1.333918794989585876e-02,-8.377599716186523438e-01,-1.884216219186782837e-01,6.273164749145507812e-01,-1.313862442970275879e+00,1.711410842835903168e-02,7.668083310127258301e-01,-1.011718392372131348e+00
1.968454569578170776e-01,1.145670842379331589e-02,3.248120546340942383e-01,2.410173788666725159e-02,-2.407125430181622505e-03,-7.709252834320068359e-01,6.364648938179016113e-01,1.460012793540954590e-01,4.937286376953125000e-01,-1.210202813148498535e+00,1.416207253932952881e-01,-7.120852824300527573e-03,-8.377599716186523438e-01,-1.768169999122619629e-01,6.224381327629089355e-01,-1.295333981513977051e+00,2.089607343077659607e-02,7.757499814033508301e-01,-1.016787171363830566e+00
1.982298791408538818e-01,9.424379095435142517e-03,3.240956366062164307e-01,1.972363516688346863e-02,-1.572759239934384823e-03,-7.759953141212463379e-01,6.304282546043395996e-01,1.513819396495819092e-01,5.213557481765747070e-01,-1.263214707374572754e+00,1.602885574102401733e-01,1.330798375420272350e-03,-8.377599716186523438e-01,-1.656733602285385132e-01,6.295692920684814453e-01,-1.276141047477722168e+00,2.430888824164867401e-02,7.885722517967224121e-01,-1.024168610572814941e+00
1.993613094091415405e-01,7.264614570885896683e-03,3.236044049263000488e-01,1.568588614463806152e-02,-2.769224578514695168e-03,-7.815988063812255859e-01,6.235780715942382812e-01,1.520037949085235596e-01,5.489524602890014648e-01,-1.315580606460571289e+00,1.771233379840850830e-01,1.301853545010089874e-02,-8.377599716186523438e-01,-1.629175245761871338e-01,6.518292427062988281e-01,-1.283681750297546387e+00,2.299563214182853699e-02,8.046249747276306152e-01,-1.034652948379516602e+00
2.006955295801162720e-01,5.171628203243017197e-03,3.230206370353698730e-01,1.335651334375143051e-02,-5.011561326682567596e-03,-7.859555482864379883e-01,6.181184649467468262e-01,1.429699659347534180e-01,5.809307098388671875e-01,-1.387912631034851074e+00,1.860982924699783325e-01,2.329442463815212250e-02,-8.377599716186523438e-01,-1.649587303400039673e-01,6.764509081840515137e-01,-1.301632523536682129e+00,1.898593083024024963e-02,8.208323121070861816e-01,-1.045349597930908203e+00
2.020271867513656616e-01,3.052346408367156982e-03,3.223019540309906006e-01,1.123887673020362854e-02,-8.158263750374317169e-03,-7.899690270423889160e-01,6.129894852638244629e-01,1.297400444746017456e-01,6.145539879798889160e-01,-1.471009254455566406e+00,1.912629157304763794e-01,3.460714221000671387e-02,-8.377599716186523438e-01,-1.692031919956207275e-01,6.954079270362854004e-01,-1.312748432159423828e+00,1.297501567751169205e-02,8.395149111747741699e-01,-1.058967947959899902e+00
2.033126205205917358e-01,9.429453639313578606e-04,3.216017782688140869e-01,9.039700031280517578e-03,-1.045437809079885483e-02,-7.933193445205688477e-01,6.086488366127014160e-01,1.131356433033943176e-01,6.437484622001647949e-01,-1.559288620948791504e+00,1.960156708955764771e-01,4.516927152872085571e-02,-8.377599716186523438e-01,-1.731579601764678955e-01,7.094336152076721191e-01,-1.319659352302551270e+00,8.978209458291530609e-03,8.567991256713867188e-01,-1.071001410484313965e+00
2.045395970344543457e-01,-1.117099076509475708e-03,3.210198283195495605e-01,6.199043244123458862e-03,-1.091906055808067322e-02,-7.964114546775817871e-01,6.046248078346252441e-01,9.435278177261352539e-02,6.632955074310302734e-01,-1.643286585807800293e+00,2.037218213081359863e-01,5.485314503312110901e-02,-8.377599716186523438e-01,-1.736861914396286011e-01,7.231810092926025391e-01,-1.326686382293701172e+00,8.598420768976211548e-03,8.710880875587463379e-01,-1.080499887466430664e+00
2.056917995214462280e-01,-3.190738381817936897e-03,3.206206262111663818e-01,3.153821453452110291e-03,-1.043452043086290359e-02,-7.994824647903442383e-01,6.005905270576477051e-01,7.197145372629165649e-02,6.678713560104370117e-01,-1.710403919219970703e+00,2.128395587205886841e-01,6.418415158987045288e-02,-8.377599716186523438e-01,-1.724203079938888550e-01,7.386654615402221680e-01,-1.336899518966674805e+00,1.059734728187322617e-02,8.829523921012878418e-01,-1.086945652961730957e+00
2.066709697246551514e-01,-5.269586574286222458e-03,3.204464018344879150e-01,3.484551270958036184e-04,-1.001297030597925186e-02,-8.022795319557189941e-01,5.968644022941589355e-01,4.548090696334838867e-02,6.573398709297180176e-01,-1.754973530769348145e+00,2.214675098657608032e-01,7.352281361818313599e-02,-8.377599716186523438e-01,-1.708684861660003662e-01,7.528514266014099121e-01,-1.344785451889038086e+00,1.299942564219236374e-02,8.944897651672363281e-01,-1.091695904731750488e+00
2.074671387672424316e-01,-7.342156954109668732e-03,3.205094337463378906e-01,-1.984340604394674301e-03,-9.659493342041969299e-03,-8.048847913742065430e-01,5.933491587638854980e-01,1.545148808509111404e-02,6.346231102943420410e-01,-1.778133153915405273e+00,2.294735163450241089e-01,8.233994245529174805e-02,-8.377599716186523438e-01,-1.697968989610671997e-01,7.642545104026794434e-01,-1.347961068153381348e+00,1.555544510483741760e-02,9.049784541130065918e-01,-1.095416545867919922e+00
2.080409675836563110e-01,-9.401278570294380188e-03,3.207994699478149414e-01,-3.705639624968171120e-03,-9.621381759643554688e-03,-8.072434067726135254e-01,5.901286602020263672e-01,-1.742242649197578430e-02,6.027765274047851562e-01,-1.782321810722351074e+00,2.361734211444854736e-01,9.062861651182174683e-02,-8.377599716186523438e-01,-1.695415973663330078e-01,7.737880945205688477e-01,-1.348013877868652344e+00,1.744701527059078217e-02,9.143455624580383301e-01,-1.098597288131713867e+00
2.084140479564666748e-01,-1.144962664693593979e-02,3.212791681289672852e-01,-4.995623603463172913e-03,-9.950175881385803223e-03,-8.093240857124328613e-01,5.872567892074584961e-01,-5.178948491811752319e-02,5.636352896690368652e-01,-1.767733097076416016e+00,2.418015599250793457e-01,9.913659840822219849e-02,-8.377599716186523438e-01,-1.700961291790008545e-01,7.822806239128112793e-01,-1.346233725547790527e+00,1.893359795212745667e-02,9.238231182098388672e-01,-1.102091312408447266e+00
2.085920870304107666e-01,-1.352994609624147415e-02,3.218632936477661133e-01,-5.810099653899669647e-03,-1.101909391582012177e-02,-8.109876513481140137e-01,5.849306583404541016e-01,-8.850865066051483154e-02,5.178850293159484863e-01,-1.734458327293395996e+00,2.449258118867874146e-01,1.082879900932312012e-01,-8.377599716186523438e-01,-1.724043786525726318e-01,7.903245091438293457e-01,-1.342855930328369141e+00,1.921170204877853394e-02,9.344180822372436523e-01,-1.105125546455383301e+00
2.085643708705902100e-01,-1.550940144807100296e-02,3.226524591445922852e-01,-5.233110859990119934e-03,-1.335350796580314636e-02,-8.121740818023681641e-01,5.832388401031494141e-01,-1.286688148975372314e-01,4.643366932868957520e-01,-1.681858062744140625e+00,2.428885996341705322e-01,1.161643490195274353e-01,-8.377599716186523438e-01,-1.770025640726089478e-01,7.943640947341918945e-01,-1.333501696586608887e+00,1.769763231277465820e-02,9.455115199089050293e-01,-1.109253644943237305e+00
2.083751708269119263e-01,-1.756568253040313721e-02,3.233463764190673828e-01,-5.725570488721132278e-03,-1.547561492770910263e-02,-8.133554458618164062e-01,5.815330147743225098e-01,-1.653214097023010254e-01,4.071482717990875244e-01,-1.612793684005737305e+00,2.427097111940383911e-01,1.267891079187393188e-01,-8.377599716186523438e-01,-1.806786358356475830e-01,8.026981949806213379e-01,-1.328138709068298340e+00,1.748042367398738861e-02,9.598442316055297852e-01,-1.115156412124633789e+00
2.080330848693847656e-01,-1.965493336319923401e-02,3.240614831447601318e-01,-6.142077501863241196e-03,-1.782965660095214844e-02,-8.144758939743041992e-01,5.798908472061157227e-01,-2.021121233701705933e-01,3.421081602573394775e-01,-1.524324774742126465e+00,2.421514689922332764e-01,1.377574801445007324e-01,-8.377599716186523438e-01,-1.842445582151412964e-01,8.109384775161743164e-01,-1.321875691413879395e+00,1.789975538849830627e-02,9.752841591835021973e-01,-1.121966600418090820e+00
2.075819522142410278e-01,-2.176700346171855927e-02,3.247747123241424561e-01,-6.555624771863222122e-03,-2.063574083149433136e-02,-8.152986168861389160e-01,5.786357522010803223e-01,-2.405778169631958008e-01,2.698267102241516113e-01,-1.418667078018188477e+00,2.403192669153213501e-01,1.492886543273925781e-01,-8.377599716186523438e-01,-1.885274201631546021e-01,8.202610611915588379e-01,-1.316366672515869141e+00,1.895826868712902069e-02,9.933956861495971680e-01,-1.130985379219055176e+00
2.069506496191024780e-01,-2.392936870455741882e-02,3.254594206809997559e-01,-6.960991770029067993e-03,-2.361376769840717316e-02,-8.159426450729370117e-01,5.776084661483764648e-01,-2.806594073772430420e-01,1.861983537673950195e-01,-1.290250897407531738e+00,2.379247844219207764e-01,1.607409268617630005e-01,-8.377599716186523438e-01,-1.925898492336273193e-01,8.299823999404907227e-01,-1.310891985893249512e+00,2.120110392570495605e-02,1.013542056083679199e+00,-1.142143726348876953e+00
2.061969637870788574e-01,-2.609336003661155701e-02,3.261311650276184082e-01,-7.498447783291339874e-03,-2.683621458709239960e-02,-8.163307309150695801e-01,5.769122242927551270e-01,-3.231658935546875000e-01,8.920993655920028687e-02,-1.136527419090270996e+00,2.355251610279083252e-01,1.732375621795654297e-01,-8.377599716186523438e-01,-1.971294283866882324e-01,8.404676914215087891e-01,-1.305886507034301758e+00,2.436549589037895203e-02,1.036032438278198242e+00,-1.155924320220947266e+00
2.053347527980804443e-01,-2.828549034893512726e-02,3.267892301082611084e-01,-8.235506713390350342e-03,-2.992475032806396484e-02,-8.166466355323791504e-01,5.763028264045715332e-01,-3.664625287055969238e-01,-2.339708991348743439e-02,-9.542691111564636230e-01,2.333577275276184082e-01,1.863485425710678101e-01,-8.377599716186523438e-01,-2.012084275484085083e-01,8.515436649322509766e-01,-1.301456332206726074e+00,2.884651906788349152e-02,1.059939146041870117e+00,-1.171806335449218750e+00
2.037034928798675537e-01,-3.150298446416854858e-02,3.266721367835998535e-01,-1.025130972266197205e-02,-2.003671787679195404e-02,-8.213571310043334961e-01,5.699701309204101562e-01,-3.812589347362518311e-01,-1.214574053883552551e-01,-8.379641175270080566e-01,2.662061452865600586e-01,1.859043836593627930e-01,-8.377599716186523438e-01,-1.910442709922790527e-01,8.529584407806396484e-01,-1.291662693023681641e+00,4.177891463041305542e-02,1.051654338836669922e+00,-1.161658406257629395e+00
2.007121145725250244e-01,-3.604171797633171082e-02,3.251807093620300293e-01,-1.242454070597887039e-02,-1.170530100353062153e-03,-8.312151432037353516e-01,5.558108091354370117e-01,-3.668976128101348877e-01,-1.757206022739410400e-01,-8.377605080604553223e-01,3.307788968086242676e-01,1.822481602430343628e-01,-8.460248112678527832e-01,-1.784926503896713257e-01,8.539984822273254395e-01,-1.281921386718750000e+00,5.094302445650100708e-02,1.020738840103149414e+00,-1.139361262321472168e+00
1.980847716331481934e-01,-4.016633704304695129e-02,3.232100903987884521e-01,-6.354635581374168396e-03,1.106901001185178757e-02,-8.368918895721435547e-01,5.472194552421569824e-01,-3.857031762599945068e-01,-2.348050326108932495e-01,-8.377599716186523438e-01,3.701257705688476562e-01,2.039459645748138428e-01,-9.189746379852294922e-01,-1.753098815679550171e-01,8.366822004318237305e-01,-1.259468197822570801e+00,5.374244973063468933e-02,9.910448789596557617e-01,-1.124757289886474609e+00
1.956531852483749390e-01,-4.387563839554786682e-02,3.219183385372161865e-01,2.864411217160522938e-04,1.837856881320476532e-02,-8.409669995307922363e-01,5.407741665840148926e-01,-4.131269454956054688e-01,-2.802264094352722168e-01,-8.377599716186523438e-01,3.975679278373718262e-01,2.241244167089462280e-01,-9.795635342597961426e-01,-1.773916482925415039e-01,8.196665644645690918e-01,-1.233816981315612793e+00,5.265580490231513977e-02,9.692982435226440430e-01,-1.120011925697326660e+00
1.935040354728698730e-01,-4.708925634622573853e-02,3.213554918766021729e-01,5.666418466717004776e-03,2.268817648291587830e-02,-8.441178798675537109e-01,5.356473922729492188e-01,-4.403820037841796875e-01,-3.083666265010833740e-01,-8.377599716186523438e-01,4.171955585479736328e-01,2.415888309478759766e-01,-1.023119091987609863e+00,-1.806327104568481445e-01,8.060233592987060547e-01,-1.208961367607116699e+00,5.051359906792640686e-02,9.540495276451110840e-01,-1.125072956085205078e+00
1.916222870349884033e-01,-4.989688098430633545e-02,3.212518692016601562e-01,9.654148481786251068e-03,2.545797266066074371e-02,-8.465297818183898926e-01,5.316446423530578613e-01,-4.643911719322204590e-01,-3.233400583267211914e-01,-8.377599716186523438e-01,4.320558011531829834e-01,2.559899091720581055e-01,-1.053614139556884766e+00,-1.832804232835769653e-01,7.954283952713012695e-01,-1.185739278793334961e+00,4.872710257768630981e-02,9.426685571670532227e-01,-1.139017701148986816e+00
1.899660378694534302e-01,-5.244597792625427246e-02,3.214225471019744873e-01,1.236330531537532806e-02,2.740019373595714569e-02,-8.483031988143920898e-01,5.286568999290466309e-01,-4.832485020160675049e-01,-3.273711204528808594e-01,-8.377599716186523438e-01,4.434958696365356445e-01,2.696183025836944580e-01,-1.075963497161865234e+00,-1.847324520349502563e-01,7.876917719841003418e-01,-1.164825797080993652e+00,4.747856780886650085e-02,9.329718947410583496e-01,-1.158466339111328125e+00
1.884384006261825562e-01,-5.485339462757110596e-02,3.217104673385620117e-01,1.409330405294895172e-02,2.890661358833312988e-02,-8.496528863906860352e-01,5.263608694076538086e-01,-4.967116117477416992e-01,-3.241978883743286133e-01,-8.377599716186523438e-01,4.529343247413635254e-01,2.830494642257690430e-01,-1.093355655670166016e+00,-1.850561201572418213e-01,7.826214432716369629e-01,-1.146347403526306152e+00,4.641953110694885254e-02,9.229459762573242188e-01,-1.180447936058044434e+00
1.869682669639587402e-01,-5.719814822077751160e-02,3.220200240612030029e-01,1.508731115609407425e-02,3.009111806750297546e-02,-8.506097197532653809e-01,5.247189998626708984e-01,-5.058636069297790527e-01,-3.162221610546112061e-01,-8.377599716186523438e-01,4.606473445892333984e-01,2.958799600601196289e-01,-1.106895446777343750e+00,-1.843061000108718872e-01,7.799915075302124023e-01,-1.130268692970275879e+00,4.568313062191009521e-02,9.115432500839233398e-01,-1.202175974845886230e+00
1.855919957160949707e-01,-5.947334319353103638e-02,3.224191963672637939e-01,1.530387252569198608e-02,3.091086633503437042e-02,-8.511133193969726562e-01,5.238476991653442383e-01,-5.109002590179443359e-01,-3.031842112541198730e-01,-8.377599716186523438e-01,4.664531350135803223e-01,3.089798390865325928e-01,-1.117575049400329590e+00,-1.827512085437774658e-01,7.795110344886779785e-01,-1.116137027740478516e+00,4.481992125511169434e-02,8.984752893447875977e-01,-1.222293853759765625e+00
1.846566945314407349e-01,-6.132520735263824463e-02,3.230679929256439209e-01,1.703206636011600494e-02,3.446554020047187805e-02,-8.524522185325622559e-01,5.213897824287414551e-01,-5.075404644012451172e-01,-2.976258695125579834e-01,-8.377599716186523438e-01,4.792418777942657471e-01,3.184625208377838135e-01,-1.134240150451660156e+00,-1.801148205995559692e-01,7.659296393394470215e-01,-1.091231346130371094e+00,4.287530481815338135e-02,8.655527830123901367e-01,-1.226073026657104492e+00
1.833555102348327637e-01,-6.350500881671905518e-02,3.237735033035278320e-01,1.706276461482048035e-02,3.523467481136322021e-02,-8.523627519607543945e-01,5.214835405349731445e-01,-5.075479149818420410e-01,-2.805706560611724854e-01,-8.377599716186523438e-01,4.826046228408813477e-01,3.319380581378936768e-01,-1.143932580947875977e+00,-1.764325648546218872e-01,7.632888555526733398e-01,-1.074128985404968262e+00,4.200920462608337402e-02,8.433803319931030273e-01,-1.234455108642578125e+00
1.820299923419952393e-01,-6.562759727239608765e-02,3.243512809276580811e-01,1.612183079123497009e-02,3.509978577494621277e-02,-8.519485592842102051e-01,5.221989154815673828e-01,-5.041963458061218262e-01,-2.584162056446075439e-01,-8.377599716186523438e-01,4.842573702335357666e-01,3.463798463344573975e-01,-1.150748491287231445e+00,-1.726703047752380371e-01,7.660152912139892578e-01,-1.062480449676513672e+00,4.133544117212295532e-02,8.238744735717773438e-01,-1.243388295173645020e+00
1.806802004575729370e-01,-6.768336147069931030e-02,3.248844444751739502e-01,1.456156373023986816e-02,3.439290449023246765e-02,-8.512329459190368652e-01,5.234572887420654297e-01,-4.979088306427001953e-01,-2.321021258831024170e-01,-8.377599716186523438e-01,4.846130013465881348e-01,3.617204725742340088e-01,-1.156261444091796875e+00,-1.682791709899902344e-01,7.720490097999572754e-01,-1.054324150085449219e+00,4.096002504229545593e-02,8.056862354278564453e-01,-1.252294898033142090e+00
1.791251450777053833e-01,-6.984969973564147949e-02,3.250603675842285156e-01,1.339662447571754456e-02,3.376582264900207520e-02,-8.506090044975280762e-01,5.245423316955566406e-01,-4.899590611457824707e-01,-2.093005776405334473e-01,-8.377599716186523438e-01,4.861955940723419189e-01,3.786910176277160645e-01,-1.166000008583068848e+00,-1.643557548522949219e-01,7.785658836364746094e-01,-1.047152757644653320e+00,3.960266336798667908e-02,7.855134010314941406e-01,-1.258227825164794922e+00
1.773494631052017212e-01,-7.215029746294021606e-02,3.249137699604034424e-01,1.302873808890581131e-02,3.373160585761070251e-02,-8.502388596534729004e-01,5.251535773277282715e-01,-4.825968742370605469e-01,-1.931654959917068481e-01,-8.377599716186523438e-01,4.909340143203735352e-01,3.976911008358001709e-01,-1.182529926300048828e+00,-1.608051359653472900e-01,7.833228707313537598e-01,-1.039090394973754883e+00,3.733307123184204102e-02,7.614189982414245605e-01,-1.260125160217285156e+00
1.754367202520370483e-01,-7.448443025350570679e-02,3.246079981327056885e-01,1.339458674192428589e-02,3.334541991353034973e-02,-8.498795032501220703e-01,5.257503986358642578e-01,-4.757666587829589844e-01,-1.800817698240280151e-01,-8.377599716186523438e-01,4.942588508129119873e-01,4.156566262245178223e-01,-1.199806809425354004e+00,-1.582686156034469604e-01,7.864977717399597168e-01,-1.029125332832336426e+00,3.341053798794746399e-02,7.359360456466674805e-01,-1.260056257247924805e+00
1.734388470649719238e-01,-7.684304565191268921e-02,3.242264091968536377e-01,1.397308055311441422e-02,3.286342322826385498e-02,-8.496399521827697754e-01,5.261526703834533691e-01,-4.689929485321044922e-01,-1.699067354202270508e-01,-8.377599716186523438e-01,4.995511770248413086e-01,4.357711970806121826e-01,-1.220777988433837891e+00,-1.558922976255416870e-01,7.894498109817504883e-01,-1.018477678298950195e+00,2.906452119350433350e-02,7.095313668251037598e-01,-1.257077813148498535e+00
1.712708026170730591e-01,-7.926983386278152466e-02,3.237565159797668457e-01,1.483158487826585770e-02,3.204429149627685547e-02,-8.495029211044311523e-01,5.264009237289428711e-01,-4.655135571956634521e-01,-1.647506505250930786e-01,-8.377599716186523438e-01,5.040408372879028320e-01,4.572360515594482422e-01,-1.243964910507202148e+00,-1.546801775693893433e-01,7.923721671104431152e-01,-1.007172703742980957e+00,2.320293523371219635e-02,6.836789846420288086e-01,-1.253759145736694336e+00
1.691483557224273682e-01,-8.160514384508132935e-02,3.234554827213287354e-01,1.524096447974443436e-02,3.033591993153095245e-02,-8.493413329124450684e-01,5.267511010169982910e-01,-4.634702205657958984e-01,-1.575869619846343994e-01,-8.377599716186523438e-01,5.064982175827026367e-01,4.781929254531860352e-01,-1.263362646102905273e+00,-1.539566367864608765e-01,7.969963550567626953e-01,-9.964802265167236328e-01,1.664407178759574890e-02,6.608451604843139648e-01,-1.251621127128601074e+00
1.670093089342117310e-01,-8.384238183498382568e-02,3.232017457485198975e-01,1.536678802222013474e-02,2.783781476318836212e-02,-8.491455912590026855e-01,5.272007584571838379e-01,-4.615702033042907715e-01,-1.476843953132629395e-01,-8.377599716186523438e-01,5.076692104339599609e-01,5.006406307220458984e-01,-1.283106684684753418e+00,-1.535966247320175171e-01,8.034239411354064941e-01,-9.867690801620483398e-01,9.389228187501430511e-03,6.416514515876770020e-01,-1.253377437591552734e+00
1.648110598325729370e-01,-8.602446317672729492e-02,3.228855729103088379e-01,1.557081844657659531e-02,2.485179901123046875e-02,-8.489007353782653809e-01,5.277380347251892090e-01,-4.606610536575317383e-01,-1.369222849607467651e-01,-8.377599716186523438e-01,5.081400275230407715e-01,5.250554084777832031e-01,-1.306022763252258301e+00,-1.538740396499633789e-01,8.105838298797607422e-01,-9.779071211814880371e-01,1.206313958391547203e-03,6.251894831657409668e-01,-1.257314443588256836e+00
1.625683456659317017e-01,-8.813601732254028320e-02,3.224931359291076660e-01,1.605728082358837128e-02,2.086077816784381866e-02,-8.487280607223510742e-01,5.281738638877868652e-01,-4.610304534435272217e-01,-1.254605203866958618e-01,-8.377599716186523438e-01,5.062376856803894043e-01,5.518527030944824219e-01,-1.332667827606201172e+00,-1.558181047439575195e-01,8.186530470848083496e-01,-9.698133468627929688e-01,-8.473574183881282806e-03,6.124534606933593750e-01,-1.264544129371643066e+00
1.602626740932464600e-01,-9.021244198083877563e-02,3.220435380935668945e-01,1.674856618046760559e-02,1.611818186938762665e-02,-8.485426306724548340e-01,5.286161899566650391e-01,-4.633550941944122314e-01,-1.138652339577674866e-01,-8.377599716186523438e-01,5.000125169754028320e-01,5.797975063323974609e-01,-1.361062765121459961e+00,-1.590424925088882446e-01,8.274391889572143555e-01,-9.621953368186950684e-01,-1.890150085091590881e-02,6.038647890090942383e-01,-1.274416446685791016e+00
1.578972339630126953e-01,-9.222457557916641235e-02,3.215478658676147461e-01,1.749945059418678284e-02,1.067234389483928680e-02,-8.483182787895202637e-01,5.290897488594055176e-01,-4.668211638927459717e-01,-1.016003042459487915e-01,-8.377599716186523438e-01,4.919410347938537598e-01,6.106514334678649902e-01,-1.393928408622741699e+00,-1.631607711315155029e-01,8.371955156326293945e-01,-9.553400278091430664e-01,-2.982491441071033478e-02,5.998861193656921387e-01,-1.285346388816833496e+00
1.554660946130752563e-01,-9.419178217649459839e-02,3.209752738475799561e-01,1.822064444422721863e-02,4.913151264190673828e-03,-8.479646444320678711e-01,5.297167301177978516e-01,-4.710235595703125000e-01,-8.880133926868438721e-02,-8.377599716186523438e-01,4.829131364822387695e-01,6.448416709899902344e-01,-1.432503223419189453e+00,-1.675893366336822510e-01,8.478300571441650391e-01,-9.496958255767822266e-01,-4.077627137303352356e-02,5.996252894401550293e-01,-1.295906782150268555e+00
1.529435068368911743e-01,-9.613896906375885010e-02,3.203413486480712891e-01,1.912320405244827271e-02,-1.357089262455701828e-03,-8.476756811141967773e-01,5.301682949066162109e-01,-4.759572744369506836e-01,-7.554057240486145020e-02,-8.377599716186523438e-01,4.752261936664581299e-01,6.871301531791687012e-01,-1.484919309616088867e+00,-1.727743893861770630e-01,8.590451478958129883e-01,-9.441754221916198730e-01,-5.166082084178924561e-02,6.031231284141540527e-01,-1.304517865180969238e+00
1.503580808639526367e-01,-9.804508090019226074e-02,3.196471035480499268e-01,1.996521465480327606e-02,-7.905554026365280151e-03,-8.473984003067016602e-01,5.305231213569641113e-01,-4.810777008533477783e-01,-6.196137517690658569e-02,-8.377599716186523438e-01,4.686416685581207275e-01,7.319780588150024414e-01,-1.546723365783691406e+00,-1.779501438140869141e-01,8.709788918495178223e-01,-9.391790628433227539e-01,-6.174191087484359741e-02,6.100735068321228027e-01,-1.308978676795959473e+00
1.473617106676101685e-01,-1.000371426343917847e-01,3.193689286708831787e-01,1.887296140193939209e-02,-1.587683334946632385e-02,-8.469828963279724121e-01,5.310477018356323242e-01,-4.845003783702850342e-01,-4.127327352762222290e-02,-8.377599716186523438e-01,4.613340497016906738e-01,7.789563536643981934e-01,-1.609760165214538574e+00,-1.812970489263534546e-01,8.909960985183715820e-01,-9.381879568099975586e-01,-6.888900697231292725e-02,6.281683444976806641e-01,-1.312949776649475098e+00
1.445770859718322754e-01,-1.017302051186561584e-01,3.184575438499450684e-01,1.886555179953575134e-02,-2.282255142927169800e-02,-8.471132516860961914e-01,5.305868387222290039e-01,-4.863477647304534912e-01,-2.647429518401622772e-02,-8.377599716186523438e-01,4.594110250473022461e-01,8.233259320259094238e-01,-1.689197540283203125e+00,-1.848439872264862061e-01,9.073672294616699219e-01,-9.372043609619140625e-01,-7.485307753086090088e-02,6.445078253746032715e-01,-1.312898397445678711e+00
1.418902128934860229e-01,-1.031702384352684021e-01,3.177206814289093018e-01,1.941892318427562714e-02,-2.852961234748363495e-02,-8.477801680564880371e-01,5.292236804962158203e-01,-4.856443405151367188e-01,-1.533113513141870499e-02,-8.377599716186523438e-01,4.586185514926910400e-01,8.580023050308227539e-01,-1.770198106765747070e+00,-1.866064220666885376e-01,9.182834029197692871e-01,-9.317243099212646484e-01,-7.923773676156997681e-02,6.617885231971740723e-01,-1.322109580039978027e+00
1.391464173793792725e-01,-1.045379415154457092e-01,3.170842230319976807e-01,2.008636482059955597e-02,-3.357530757784843445e-02,-8.486062288284301758e-01,5.275762081146240234e-01,-4.837706983089447021e-01,-5.613569170236587524e-03,-8.377599716186523438e-01,4.525696337223052979e-01,8.815712332725524902e-01,-1.844711184501647949e+00,-1.866135895252227783e-01,9.260597229003906250e-01,-9.230106472969055176e-01,-8.166811615228652954e-02,6.820436120033264160e-01,-1.337175369262695312e+00
1.362855881452560425e-01,-1.058961078524589539e-01,3.164410591125488281e-01,2.054047212004661560e-02,-3.863497823476791382e-02,-8.490327000617980957e-01,5.265252590179443359e-01,-4.822708964347839355e-01,4.728621337562799454e-03,-8.377599716186523438e-01,4.381547868251800537e-01,8.960831165313720703e-01,-1.905987143516540527e+00,-1.854305416345596313e-01,9.339391589164733887e-01,-9.138471484184265137e-01,-8.243033289909362793e-02,7.015515565872192383e-01,-1.347716927528381348e+00
1.333335489034652710e-01,-1.072824299335479736e-01,3.159513175487518311e-01,2.092431671917438507e-02,-4.349178820848464966e-02,-8.493657708168029785e-01,5.255934000015258789e-01,-4.804450571537017822e-01,1.572518236935138702e-02,-8.377599716186523438e-01,4.168067276477813721e-01,8.933355808258056641e-01,-1.953018784523010254e+00,-1.839652955532073975e-01,9.410695433616638184e-01,-9.033411741256713867e-01,-8.238752931356430054e-02,7.187680006027221680e-01,-1.362090468406677246e+00
1.303076297044754028e-01,-1.086143404245376587e-01,3.156189024448394775e-01,2.123867347836494446e-02,-4.826120659708976746e-02,-8.497787714004516602e-01,5.244958400726318359e-01,-4.782174825668334961e-01,2.685462310910224915e-02,-8.377599716186523438e-01,3.883619010448455811e-01,8.776036500930786133e-01,-1.983251333236694336e+00,-1.827382147312164307e-01,9.475399255752563477e-01,-8.919228911399841309e-01,-8.015518635511398315e-02,7.361119985580444336e-01,-1.376477956771850586e+00
1.272490471601486206e-01,-1.099420040845870972e-01,3.154708445072174072e-01,2.155854366719722748e-02,-5.279068276286125183e-02,-8.503147959709167480e-01,5.231759548187255859e-01,-4.749736487865447998e-01,3.786136209964752197e-02,-8.377599716186523438e-01,3.551075160503387451e-01,8.498498797416687012e-01,-1.994535207748413086e+00,-1.817189455032348633e-01,9.528301954269409180e-01,-8.789113163948059082e-01,-7.633309811353683472e-02,7.538138628005981445e-01,-1.390254735946655273e+00
1.242238432168960571e-01,-1.112669110298156738e-01,3.155924081802368164e-01,2.148740179836750031e-02,-5.645646899938583374e-02,-8.512200713157653809e-01,5.213208198547363281e-01,-4.690290093421936035e-01,4.878207296133041382e-02,-8.377599716186523438e-01,3.192932307720184326e-01,8.110772967338562012e-01,-1.984884619712829590e+00,-1.797413975000381470e-01,9.570210576057434082e-01,-8.644099831581115723e-01,-7.061686366796493530e-02,7.703475952148437500e-01,-1.402349710464477539e+00
1.212038919329643250e-01,-1.125882789492607117e-01,3.159143030643463135e-01,2.118956297636032104e-02,-5.962821096181869507e-02,-8.520891666412353516e-01,5.195569992065429688e-01,-4.624080061912536621e-01,6.010606512427330017e-02,-8.377599716186523438e-01,2.810563743114471436e-01,7.610013484954833984e-01,-1.951652050018310547e+00,-1.771788001060485840e-01,9.606157541275024414e-01,-8.495565652847290039e-01,-6.446845829486846924e-02,7.856556177139282227e-01,-1.410505533218383789e+00
1.182430610060691833e-01,-1.139719560742378235e-01,3.163407444953918457e-01,2.039679139852523804e-02,-6.214663386344909668e-02,-8.529435396194458008e-01,5.178890824317932129e-01,-4.542538523674011230e-01,7.175152748823165894e-02,-8.377599716186523438e-01,2.410641163587570190e-01,6.997353434562683105e-01,-1.891122937202453613e+00,-1.740779727697372437e-01,9.660872817039489746e-01,-8.379610180854797363e-01,-5.739923566579818726e-02,8.004308342933654785e-01,-1.416224241256713867e+00
1.155361831188201904e-01,-1.152146086096763611e-01,3.168938755989074707e-01,1.744733937084674835e-02,-6.226228922605514526e-02,-8.540470600128173828e-01,5.161613821983337402e-01,-4.402534663677215576e-01,8.393149077892303467e-02,-8.377599716186523438e-01,2.049323767423629761e-01,6.274031996726989746e-01,-1.800803542137145996e+00,-1.663818508386611938e-01,9.786106348037719727e-01,-8.377599716186523438e-01,-4.435350745916366577e-02,8.145997524261474609e-01,-1.419361710548400879e+00
1.126630976796150208e-01,-1.167219877243041992e-01,3.173688054084777832e-01,1.504757162183523178e-02,-6.370306015014648438e-02,-8.550284504890441895e-01,5.144335031509399414e-01,-4.290271103382110596e-01,9.761615842580795288e-02,-8.377599716186523438e-01,1.643835306167602539e-01,5.465864539146423340e-01,-1.691164016723632812e+00,-1.621198654174804688e-01,9.924416542053222656e-01,-8.377599716186523438e-01,-3.396094590425491333e-02,8.315530419349670410e-01,-1.424753904342651367e+00
1.098165586590766907e-01,-1.182617172598838806e-01,3.180010020732879639e-01,1.266046799719333649e-02,-6.480241566896438599e-02,-8.560442328453063965e-01,5.126681327819824219e-01,-4.174765050411224365e-01,1.114747822284698486e-01,-8.377599716186523438e-01,1.212938204407691956e-01,4.516311287879943848e-01,-1.556284546852111816e+00,-1.575725376605987549e-01,1.005477070808410645e+00,-8.377599716186523438e-01,-2.307790890336036682e-02,8.473219871520996094e-01,-1.428230881690979004e+00
1.068650782108306885e-01,-1.200363710522651672e-01,3.186993896961212158e-01,1.011885330080986023e-02,-6.566420197486877441e-02,-8.572726845741271973e-01,5.105578303337097168e-01,-4.048722386360168457e-01,1.258553266525268555e-01,-8.377599716186523438e-01,7.672484219074249268e-02,3.423781692981719971e-01,-1.396959543228149414e+00,-1.530198752880096436e-01,1.019453763961791992e+00,-8.377599716186523438e-01,-1.185267698019742966e-02,8.630765676498413086e-01,-1.430284142494201660e+00
1.041075885295867920e-01,-1.214700862765312195e-01,3.195260465145111084e-01,8.019617758691310883e-03,-6.608305871486663818e-02,-8.582434058189392090e-01,5.089076161384582520e-01,-3.935749828815460205e-01,1.380978971719741821e-01,-8.377599716186523438e-01,2.641453966498374939e-02,2.132061123847961426e-01,-1.207368850708007812e+00,-1.483224332332611084e-01,1.030487298965454102e+00,-8.377599716186523438e-01,-1.340377377346158028e-03,8.750464916229248047e-01,-1.429385185241699219e+00
1.012168601155281067e-01,-1.231114566326141357e-01,3.204235136508941650e-01,6.033015903085470200e-03,-6.664133071899414062e-02,-8.596192598342895508e-01,5.065345764160156250e-01,-3.816715478897094727e-01,1.509908288717269897e-01,-8.377599716186523438e-01,-2.588758058845996857e-02,6.958774477243423462e-02,-9.926412701606750488e-01,-1.445193439722061157e-01,1.041884064674377441e+00,-8.377599716186523438e-01,8.443897590041160583e-03,8.870801925659179688e-01,-1.427636504173278809e+00
9.760450571775436401e-02,-1.250613480806350708e-01,3.199870884418487549e-01,1.118142437189817429e-02,-7.386617362499237061e-02,-8.616380691528320312e-01,5.019946098327636719e-01,-3.837389051914215088e-01,1.588488370180130005e-01,-8.377599716186523438e-01,-8.680072426795959473e-02,-5.468917638063430786e-02,-8.377740383148193359e-01,-1.637706756591796875e-01,1.049153089523315430e+00,-8.377599716186523438e-01,-2.954892348498106003e-03,8.968836665153503418e-01,-1.431407451629638672e+00
9.219242632389068604e-02,-1.278163343667984009e-01,3.175715506076812744e-01,2.443346939980983734e-02,-8.904461562633514404e-02,-8.651149272918701172e-01,4.930012822151184082e-01,-3.973271250724792480e-01,1.637374013662338257e-01,-8.377599716186523438e-01,-1.464343667030334473e-01,-1.118628680706024170e-01,-8.377600312232971191e-01,-2.133221626281738281e-01,1.055130600929260254e+00,-8.377599716186523438e-01,-3.935902193188667297e-02,9.076443314552307129e-01,-1.445527076721191406e+00
8.712852001190185547e-02,-1.305922418832778931e-01,3.153310716152191162e-01,3.384372591972351074e-02,-9.473071992397308350e-02,-8.696227669715881348e-01,4.833600223064422607e-01,-3.937383592128753662e-01,1.906596124172210693e-01,-8.903805613517761230e-01,-1.797794848680496216e-01,-1.675329953432083130e-01,-8.377599716186523438e-01,-2.444277703762054443e-01,1.057277917861938477e+00,-8.377599716186523438e-01,-5.659901350736618042e-02,9.066430926322937012e-01,-1.446046471595764160e+00
8.245737850666046143e-02,-1.334168165922164917e-01,3.135500550270080566e-01,4.052187502384185791e-02,-9.515447169542312622e-02,-8.741208314895629883e-01,4.745696783065795898e-01,-3.818742632865905762e-01,2.218678444623947144e-01,-9.522078037261962891e-01,-1.994330585002899170e-01,-2.153222560882568359e-01,-8.377599716186523438e-01,-2.621400952339172363e-01,1.057382583618164062e+00,-8.377599716186523438e-01,-6.049620360136032104e-02,9.012308120727539062e-01,-1.439029812812805176e+00
7.804727554321289062e-02,-1.362386643886566162e-01,3.123442828655242920e-01,4.556944966316223145e-02,-9.380033612251281738e-02,-8.785055279731750488e-01,4.662112891674041748e-01,-3.662979602813720703e-01,2.503188848495483398e-01,-1.004654407501220703e+00,-2.107390612363815308e-01,-2.534224390983581543e-01,-8.377599716186523438e-01,-2.739527225494384766e-01,1.057308435440063477e+00,-8.377599716186523438e-01,-5.830010771751403809e-02,8.949044346809387207e-01,-1.427628040313720703e+00
7.384272664785385132e-02,-1.390528976917266846e-01,3.115628659725189209e-01,4.992273822426795959e-02,-9.176874160766601562e-02,-8.829042315483093262e-01,4.577841162681579590e-01,-3.490619063377380371e-01,2.766713201999664307e-01,-1.049728631973266602e+00,-2.168704122304916382e-01,-2.841006815433502197e-01,-8.377599716186523438e-01,-2.838102281093597412e-01,1.056280612945556641e+00,-8.377599716186523438e-01,-5.314213782548904419e-02,8.873888254165649414e-01,-1.413131117820739746e+00
6.985055655241012573e-02,-1.418551653623580933e-01,3.110933005809783936e-01,5.397100001573562622e-02,-8.944333344697952271e-02,-8.873513936996459961e-01,4.491041302680969238e-01,-3.310649096965789795e-01,3.002395033836364746e-01,-1.088281989097595215e+00,-2.190315574407577515e-01,-3.084756135940551758e-01,-8.377599716186523438e-01,-2.933984100818634033e-01,1.054147720336914062e+00,-8.377599716186523438e-01,-4.687933623790740967e-02,8.787897825241088867e-01,-1.396332144737243652e+00
6.606838852167129517e-02,-1.446665674448013306e-01,3.109080791473388672e-01,5.820979550480842590e-02,-8.726995438337326050e-02,-8.916395306587219238e-01,4.404254257678985596e-01,-3.136959075927734375e-01,3.217679560184478760e-01,-1.121874809265136719e+00,-2.196555435657501221e-01,-3.283194601535797119e-01,-8.377599716186523438e-01,-3.039881885051727295e-01,1.049323081970214844e+00,-8.377599716186523438e-01,-4.144441336393356323e-02,8.683820366859436035e-01,-1.376396179199218750e+00
6.257200986146926880e-02,-1.474680751562118530e-01,3.110859990119934082e-01,6.250076740980148315e-02,-8.532708883285522461e-02,-8.958844542503356934e-01,4.315135478973388672e-01,-2.970646619796752930e-01,3.416530191898345947e-01,-1.150760293006896973e+00,-2.174549400806427002e-01,-3.436072170734405518e-01,-8.377599716186523438e-01,-3.155055940151214600e-01,1.041809797286987305e+00,-8.377599716186523438e-01,-3.670747578144073486e-02,8.557716012001037598e-01,-1.353040575981140137e+00
5.933088436722755432e-02,-1.503068506717681885e-01,3.117683231830596924e-01,6.695630401372909546e-02,-8.354654908180236816e-02,-9.000974893569946289e-01,4.223284721374511719e-01,-2.809796631336212158e-01,3.588814139366149902e-01,-1.173880696296691895e+00,-2.134212851524353027e-01,-3.544554412364959717e-01,-8.377599716186523438e-01,-3.279127180576324463e-01,1.029473662376403809e+00,-8.377599716186523438e-01,-3.333380445837974548e-02,8.397914767265319824e-01,-1.324395298957824707e+00
5.628297105431556702e-02,-1.531420201063156128e-01,3.130709230899810791e-01,7.170704007148742676e-02,-8.188273012638092041e-02,-9.043515920639038086e-01,4.126760661602020264e-01,-2.652421593666076660e-01,3.737475574016571045e-01,-1.191544294357299805e+00,-2.064647525548934937e-01,-3.615667223930358887e-01,-8.377599716186523438e-01,-3.398553133010864258e-01,1.010470032691955566e+00,-8.377599716186523438e-01,-3.122230619192123413e-02,8.193607330322265625e-01,-1.290060877799987793e+00
5.340337008237838745e-02,-1.560396850109100342e-01,3.149634897708892822e-01,7.687680423259735107e-02,-8.040407299995422363e-02,-9.086613655090332031e-01,4.024421572685241699e-01,-2.504729330539703369e-01,3.861933648586273193e-01,-1.204017281532287598e+00,-1.977904587984085083e-01,-3.666298389434814453e-01,-8.377599716186523438e-01,-3.517727851867675781e-01,9.837668538093566895e-01,-8.377599716186523438e-01,-3.073205985128879547e-02,7.937481403350830078e-01,-1.248657941818237305e+00
5.062993243336677551e-02,-1.589575856924057007e-01,3.173467218875885010e-01,8.229742199182510376e-02,-7.904686778783798218e-02,-9.128589034080505371e-01,3.920042514801025391e-01,-2.367064505815505981e-01,3.962482213973999023e-01,-1.211959481239318848e+00,-1.876548379659652710e-01,-3.700697422027587891e-01,-8.377599716186523438e-01,-3.631602227687835693e-01,9.508901238441467285e-01,-8.378211259841918945e-01,-3.157685697078704834e-02,7.639544606208801270e-01,-1.201125621795654297e+00
4.884329065680503845e-02,-1.615151911973953247e-01,3.200539946556091309e-01,9.194529801607131958e-02,-7.558609545230865479e-02,-9.173030257225036621e-01,3.799841105937957764e-01,-2.226527184247970581e-01,4.001736044883728027e-01,-1.231731295585632324e+00,-1.739054620265960693e-01,-3.885197639465332031e-01,-8.377599716186523438e-01,-3.746305406093597412e-01,9.004077315330505371e-01,-8.394578695297241211e-01,-3.640750423073768616e-02,7.055672407150268555e-01,-1.126691460609436035e+00
4.670879244804382324e-02,-1.640270650386810303e-01,3.218027949333190918e-01,9.544597566127777100e-02,-7.244507223367691040e-02,-9.213824272155761719e-01,3.697244524955749512e-01,-2.056733220815658569e-01,4.120401442050933838e-01,-1.241819500923156738e+00,-1.564456671476364136e-01,-3.901396393775939941e-01,-8.377599716186523438e-01,-3.800196051597595215e-01,8.803575038909912109e-01,-8.763170838356018066e-01,-3.260313719511032104e-02,6.758937835693359375e-01,-1.078286290168762207e+00
4.445978999137878418e-02,-1.665558815002441406e-01,3.229651153087615967e-01,9.618537127971649170e-02,-7.019228488206863403e-02,-9.253659248352050781e-01,3.598879575729370117e-01,-1.889461725950241089e-01,4.286371767520904541e-01,-1.247513413429260254e+00,-1.382338851690292358e-01,-3.833665251731872559e-01,-8.377599716186523438e-01,-3.841240704059600830e-01,8.729332089424133301e-01,-9.283631443977355957e-01,-2.732770703732967377e-02,6.610699892044067383e-01,-1.044861316680908203e+00
4.217099398374557495e-02,-1.691291034221649170e-01,3.238096535205841064e-01,9.543041139841079712e-02,-6.871616095304489136e-02,-9.291813969612121582e-01,3.504183888435363770e-01,-1.739330589771270752e-01,4.485562741756439209e-01,-1.251136183738708496e+00,-1.196996197104454041e-01,-3.711178004741668701e-01,-8.377599716186523438e-01,-3.872860670089721680e-01,8.683782219886779785e-01,-9.830790758132934570e-01,-2.214493788778781891e-02,6.552667021751403809e-01,-1.021273374557495117e+00
3.978341817855834961e-02,-1.717112213373184204e-01,3.244959712028503418e-01,9.371107816696166992e-02,-6.779059022665023804e-02,-9.328719973564147949e-01,3.411341905593872070e-01,-1.602390259504318237e-01,4.700569212436676025e-01,-1.252701878547668457e+00,-1.019006744027137756e-01,-3.537170588970184326e-01,-8.377599716186523438e-01,-3.890860974788665771e-01,8.623719215393066406e-01,-1.035935759544372559e+00,-1.752009242773056030e-02,6.552214622497558594e-01,-1.002862215042114258e+00
3.745578974485397339e-02,-1.743461489677429199e-01,3.251352906227111816e-01,9.170438349246978760e-02,-6.737372279167175293e-02,-9.363299608230590820e-01,3.321706056594848633e-01,-1.481184959411621094e-01,4.922925531864166260e-01,-1.253383159637451172e+00,-8.557641506195068359e-02,-3.320947587490081787e-01,-8.377599716186523438e-01,-3.896059989929199219e-01,8.518263101577758789e-01,-1.083125114440917969e+00,-1.407025195658206940e-02,6.576905846595764160e-01,-9.873755574226379395e-01
3.492917120456695557e-02,-1.771170496940612793e-01,3.255432546138763428e-01,9.022010862827301025e-02,-6.745751202106475830e-02,-9.395723342895507812e-01,3.232856392860412598e-01,-1.382568776607513428e-01,5.158000588417053223e-01,-1.256220102310180664e+00,-7.055010646581649780e-02,-3.117490708827972412e-01,-8.377599716186523438e-01,-3.892857432365417480e-01,8.349769115447998047e-01,-1.123749971389770508e+00,-1.249313540756702423e-02,6.605058312416076660e-01,-9.726431369781494141e-01
3.171383216977119446e-02,-1.803292036056518555e-01,3.251731097698211670e-01,9.136945754289627075e-02,-6.814829260110855103e-02,-9.421669244766235352e-01,3.151648938655853271e-01,-1.324002146720886230e-01,5.426939725875854492e-01,-1.271431207656860352e+00,-5.588948726654052734e-02,-3.089530467987060547e-01,-8.377599716186523438e-01,-3.883742690086364746e-01,8.084580302238464355e-01,-1.155464768409729004e+00,-1.369235664606094360e-02,6.604900360107421875e-01,-9.562306404113769531e-01
2.839830890297889709e-02,-1.837212741374969482e-01,3.247500956058502197e-01,9.282444417476654053e-02,-6.871782988309860229e-02,-9.445466399192810059e-01,3.073972761631011963e-01,-1.272499710321426392e-01,5.707497596740722656e-01,-1.289447665214538574e+00,-4.007431492209434509e-02,-3.145902454853057861e-01,-8.377599716186523438e-01,-3.850658535957336426e-01,7.775092124938964844e-01,-1.179827094078063965e+00,-1.466139405965805054e-02,6.590840220451354980e-01,-9.371163845062255859e-01
2.564823441207408905e-02,-1.869828701019287109e-01,3.250568807125091553e-01,9.187593311071395874e-02,-6.857698410749435425e-02,-9.469332098960876465e-01,3.002889752388000488e-01,-1.207048520445823669e-01,5.969365239143371582e-01,-1.299474239349365234e+00,-1.959746144711971283e-02,-3.076829910278320312e-01,-8.377599716186523438e-01,-3.779218196868896484e-01,7.471569776535034180e-01,-1.203583002090454102e+00,-1.331423036754131317e-02,6.601599454879760742e-01,-9.175499081611633301e-01
2.292177639901638031e-02,-1.902825385332107544e-01,3.253352940082550049e-01,9.020710736513137817e-02,-6.798125803470611572e-02,-9.493592381477355957e-01,2.931864857673645020e-01,-1.133851185441017151e-01,6.241623163223266602e-01,-1.309939026832580566e+00,2.549021737650036812e-03,-2.999385297298431396e-01,-8.377599716186523438e-01,-3.685107529163360596e-01,7.168268561363220215e-01,-1.225611925125122070e+00,-1.096253469586372375e-02,6.633693575859069824e-01,-9.006353616714477539e-01
2.017947472631931305e-02,-1.936034411191940308e-01,3.255223035812377930e-01,8.761102706193923950e-02,-6.681637465953826904e-02,-9.519073367118835449e-01,2.858887016773223877e-01,-1.045502051711082458e-01,6.536216735839843750e-01,-1.321460485458374023e+00,2.430259995162487030e-02,-2.901096642017364502e-01,-8.377599716186523438e-01,-3.572098910808563232e-01,6.877425909042358398e-01,-1.244794845581054688e+00,-7.614037953317165375e-03,6.688941121101379395e-01,-8.850088715553283691e-01
1.744329184293746948e-02,-1.969788819551467896e-01,3.255800902843475342e-01,8.450802415609359741e-02,-6.491466611623764038e-02,-9.544814229011535645e-01,2.785850763320922852e-01,-9.468135982751846313e-02,6.852977275848388672e-01,-1.336828231811523438e+00,4.649101197719573975e-02,-2.791505157947540283e-01,-8.377599716186523438e-01,-3.436463475227355957e-01,6.587644219398498535e-01,-1.260052442550659180e+00,-3.371161641553044319e-03,6.759014725685119629e-01,-8.713560700416564941e-01
1.470785960555076599e-02,-2.003561556339263916e-01,3.255367577075958252e-01,8.066999167203903198e-02,-6.207782402634620667e-02,-9.570223093032836914e-01,2.715638875961303711e-01,-8.348885178565979004e-02,7.178225517272949219e-01,-1.354969382286071777e+00,7.084673643112182617e-02,-2.660495936870574951e-01,-8.377599716186523438e-01,-3.267033696174621582e-01,6.311239600181579590e-01,-1.271674513816833496e+00,2.788661047816276550e-03,6.849194765090942383e-01,-8.599505424499511719e-01
1.201053243130445480e-02,-2.036876976490020752e-01,3.253410756587982178e-01,7.628922164440155029e-02,-5.845325440168380737e-02,-9.595875144004821777e-01,2.644899785518646240e-01,-7.171142846345901489e-02,7.509208321571350098e-01,-1.377445816993713379e+00,9.726744145154953003e-02,-2.516154050827026367e-01,-8.377599716186523438e-01,-3.056978583335876465e-01,6.051043868064880371e-01,-1.279313802719116211e+00,1.057050470262765884e-02,6.956067085266113281e-01,-8.510575294494628906e-01
9.272752329707145691e-03,-2.069973796606063843e-01,3.250493109226226807e-01,7.144667208194732666e-02,-5.376212298870086670e-02,-9.620896577835083008e-01,2.576595842838287354e-01,-5.989636108279228210e-02,7.846592068672180176e-01,-1.405967235565185547e+00,1.251260191202163696e-01,-2.354677021503448486e-01,-8.377599716186523438e-01,-2.806991040706634521e-01,5.803412795066833496e-01,-1.283090591430664062e+00,2.017899230122566223e-02,7.072163820266723633e-01,-8.430163264274597168e-01
6.548026110976934433e-03,-2.102554589509963989e-01,3.246013522148132324e-01,6.616228818893432617e-02,-4.848146438598632812e-02,-9.644699692726135254e-01,2.511370778083801270e-01,-4.805473238229751587e-02,8.194766044616699219e-01,-1.442343831062316895e+00,1.520977020263671875e-01,-2.179251462221145630e-01,-8.377599716186523438e-01,-2.527258396148681641e-01,5.594986081123352051e-01,-1.286666631698608398e+00,3.089331462979316711e-02,7.213752865791320801e-01,-8.380610942840576172e-01
3.871562192216515541e-03,-2.134798318147659302e-01,3.239224553108215332e-01,6.045521423220634460e-02,-4.282651469111442566e-02,-9.667994379997253418e-01,2.445605993270874023e-01,-3.647079691290855408e-02,8.597276210784912109e-01,-1.494040369987487793e+00,1.782057583332061768e-01,-1.992536336183547974e-01,-8.377599716186523438e-01,-2.231362909078598022e-01,5.439448952674865723e-01,-1.291886448860168457e+00,4.211349412798881531e-02,7.389295697212219238e-01,-8.378553390502929688e-01
1.191956573165953159e-03,-2.167875766754150391e-01,3.231559097766876221e-01,5.482591316103935242e-02,-3.700757771730422974e-02,-9.690227508544921875e-01,2.379484474658966064e-01,-2.752841822803020477e-02,9.046221971511840820e-01,-1.565687775611877441e+00,2.023628354072570801e-01,-1.806722134351730347e-01,-8.377599716186523438e-01,-1.940524280071258545e-01,5.331601500511169434e-01,-1.297447323799133301e+00,5.205929651856422424e-02,7.559790611267089844e-01,-8.377600312232971191e-01
-2.059913240373134613e-03,-2.201966941356658936e-01,3.227851986885070801e-01,4.752994701266288757e-02,-3.362252563238143921e-02,-9.717169404029846191e-01,2.288594543933868408e-01,-2.121351845562458038e-02,9.451118111610412598e-01,-1.633359193801879883e+00,2.262988239526748657e-01,-1.543921977281570435e-01,-8.377599716186523438e-01,-1.724090278148651123e-01,5.377380251884460449e-01,-1.305889725685119629e+00,5.361944809556007385e-02,7.786784172058105469e-01,-8.377599716186523438e-01
-4.775697831064462662e-03,-2.237562686204910278e-01,3.218970596790313721e-01,4.199459776282310486e-02,-2.989917434751987457e-02,-9.738013744354248047e-01,2.214800566434860229e-01,-1.808015070855617523e-02,9.805318713188171387e-01,-1.719497084617614746e+00,2.448051869869232178e-01,-1.340439468622207642e-01,-8.377599716186523438e-01,-1.533069759607315063e-01,5.426760911941528320e-01,-1.310416579246520996e+00,5.632331967353820801e-02,7.973955869674682617e-01,-8.377599716186523438e-01
-7.442014757543802261e-03,-2.273457795381546021e-01,3.209633231163024902e-01,3.699268028140068054e-02,-2.719143964350223541e-02,-9.756333231925964355e-01,2.145503163337707520e-01,-1.599744521081447601e-02,1.005440711975097656e+00,-1.808408856391906738e+00,2.592516839504241943e-01,-1.144433617591857910e-01,-8.377599716186523438e-01,-1.399971246719360352e-01,5.525687336921691895e-01,-1.308961153030395508e+00,5.652315169572830200e-02,8.158796429634094238e-01,-8.377599716186523438e-01
-1.025524921715259552e-02,-2.309308946132659912e-01,3.200488090515136719e-01,3.196631371974945068e-02,-2.548373676836490631e-02,-9.772673249244689941e-01,2.080319523811340332e-01,-1.484496612101793289e-02,1.020509243011474609e+00,-1.897873640060424805e+00,2.706010341644287109e-01,-9.356320649385452271e-02,-8.377599716186523438e-01,-1.308545470237731934e-01,5.677038431167602539e-01,-1.297040462493896484e+00,5.395624041557312012e-02,8.354029059410095215e-01,-8.377599716186523438e-01
-1.308993995189666748e-02,-2.344440966844558716e-01,3.191879391670227051e-01,2.736671455204486847e-02,-2.438402734696865082e-02,-9.786021113395690918e-01,2.024706900119781494e-01,-1.859728991985321045e-02,1.018518686294555664e+00,-1.978381633758544922e+00,2.790980339050292969e-01,-7.334972918033599854e-02,-8.377599716186523438e-01,-1.249243468046188354e-01,5.872238874435424805e-01,-1.286327958106994629e+00,4.972815886139869690e-02,8.544682860374450684e-01,-8.377599716186523438e-01
-1.591341383755207062e-02,-2.378590703010559082e-01,3.184538483619689941e-01,2.317845076322555542e-02,-2.414749562740325928e-02,-9.795265197753906250e-01,1.985129714012145996e-01,-2.773188240826129913e-02,9.924253225326538086e-01,-2.035937070846557617e+00,2.825778424739837646e-01,-5.346905067563056946e-02,-8.377599716186523438e-01,-1.230908408761024475e-01,6.147109866142272949e-01,-1.299972534179687500e+00,4.428226873278617859e-02,8.736484050750732422e-01,-8.377599716186523438e-01
-1.881319284439086914e-02,-2.412632703781127930e-01,3.177766501903533936e-01,1.864418014883995056e-02,-2.378917299211025238e-02,-9.803486466407775879e-01,1.949435770511627197e-01,-3.807800263166427612e-02,9.439237117767333984e-01,-2.057961940765380859e+00,2.855315804481506348e-01,-3.221882507205009460e-02,-8.377599716186523438e-01,-1.243960708379745483e-01,6.461790204048156738e-01,-1.317627191543579102e+00,3.874357789754867554e-02,8.937150835990905762e-01,-8.377599716186523438e-01
-2.183598279953002930e-02,-2.446181923151016235e-01,3.171961009502410889e-01,1.392711605876684189e-02,-2.292751334607601166e-02,-9.810721278190612793e-01,1.917754560708999634e-01,-4.786129668354988098e-02,8.829130530357360840e-01,-2.049024581909179688e+00,2.882318496704101562e-01,-1.016120519489049911e-02,-8.377599716186523438e-01,-1.274380534887313843e-01,6.743462681770324707e-01,-1.335939526557922363e+00,3.471473231911659241e-02,9.145605564117431641e-01,-8.377599716186523438e-01
-2.490687556564807892e-02,-2.478355020284652710e-01,3.167208433151245117e-01,9.190560318529605865e-03,-2.115302905440330505e-02,-9.816868901252746582e-01,1.891002207994461060e-01,-5.636927857995033264e-02,8.147860169410705566e-01,-2.017388820648193359e+00,2.918151319026947021e-01,1.156591903418302536e-02,-8.377599716186523438e-01,-1.312379688024520874e-01,7.018615603446960449e-01,-1.352117180824279785e+00,3.368644416332244873e-02,9.355671405792236328e-01,-8.377599716186523438e-01
-2.801791019737720490e-02,-2.509610950946807861e-01,3.165509402751922607e-01,4.877650644630193710e-03,-1.913991384208202362e-02,-9.821707606315612793e-01,1.869505643844604492e-01,-6.522674858570098877e-02,7.418773770332336426e-01,-1.966028332710266113e+00,2.947871387004852295e-01,3.278727829456329346e-02,-8.377599716186523438e-01,-1.355256140232086182e-01,7.286503314971923828e-01,-1.366817474365234375e+00,3.398882970213890076e-02,9.551621675491333008e-01,-8.377599716186523438e-01
-3.112216293811798096e-02,-2.538384497165679932e-01,3.168371915817260742e-01,1.392368925735354424e-03,-1.924677751958370209e-02,-9.825227260589599609e-01,1.851396113634109497e-01,-7.772630453109741211e-02,6.608367562294006348e-01,-1.890484333038330078e+00,2.934256792068481445e-01,5.296145379543304443e-02,-8.377599716186523438e-01,-1.426900327205657959e-01,7.526068687438964844e-01,-1.377008199691772461e+00,3.132172301411628723e-02,9.739634394645690918e-01,-8.377599716186523438e-01
-3.441794961690902710e-02,-2.566421627998352051e-01,3.173783719539642334e-01,-1.818601973354816437e-03,-1.867268979549407959e-02,-9.827993512153625488e-01,1.837212145328521729e-01,-8.922278136014938354e-02,5.721268057823181152e-01,-1.795231223106384277e+00,2.928936779499053955e-01,7.346837222576141357e-02,-8.377599716186523438e-01,-1.474737077951431274e-01,7.744202613830566406e-01,-1.382425069808959961e+00,3.114079311490058899e-02,9.923666715621948242e-01,-8.377599716186523438e-01
-3.793622180819511414e-02,-2.593440115451812744e-01,3.181951344013214111e-01,-4.184113815426826477e-03,-1.882639713585376740e-02,-9.829944968223571777e-01,1.826196014881134033e-01,-1.008793562650680542e-01,4.726796150207519531e-01,-1.676036119461059570e+00,2.912796437740325928e-01,9.222782403230667114e-02,-8.377599716186523438e-01,-1.524828523397445679e-01,7.922894954681396484e-01,-1.380297422409057617e+00,3.074968419969081879e-02,1.009174704551696777e+00,-8.377599716186523438e-01
-4.165301471948623657e-02,-2.618813514709472656e-01,3.192729949951171875e-01,-6.155049428343772888e-03,-1.980808749794960022e-02,-9.831141233444213867e-01,1.818140745162963867e-01,-1.129781454801559448e-01,3.608706593513488770e-01,-1.531216740608215332e+00,2.880705296993255615e-01,1.110222786664962769e-01,-8.377599716186523438e-01,-1.581254303455352783e-01,8.080032467842102051e-01,-1.373331904411315918e+00,3.048403002321720123e-02,1.025825500488281250e+00,-8.377599716186523438e-01
-4.564002156257629395e-02,-2.643217444419860840e-01,3.205932080745697021e-01,-7.799583021551370621e-03,-2.182493172585964203e-02,-9.831170439720153809e-01,1.815041750669479370e-01,-1.276390105485916138e-01,2.310543209314346313e-01,-1.353637576103210449e+00,2.824707925319671631e-01,1.303103715181350708e-01,-8.377599716186523438e-01,-1.654851436614990234e-01,8.221563100814819336e-01,-1.362374067306518555e+00,2.946267277002334595e-02,1.042698621749877930e+00,-8.377599716186523438e-01
-4.991924390196800232e-02,-2.666113972663879395e-01,3.221234381198883057e-01,-9.117202833294868469e-03,-2.425454556941986084e-02,-9.829424023628234863e-01,1.820792704820632935e-01,-1.434833407402038574e-01,7.747402787208557129e-02,-1.134334325790405273e+00,2.753858268260955811e-01,1.496336311101913452e-01,-8.377599716186523438e-01,-1.734361052513122559e-01,8.340328931808471680e-01,-1.347079992294311523e+00,2.980823069810867310e-02,1.059080839157104492e+00,-8.377599716186523438e-01
-5.447660014033317566e-02,-2.687465846538543701e-01,3.237695693969726562e-01,-1.024298276752233505e-02,-2.699119038879871368e-02,-9.825296401977539062e-01,1.838534623384475708e-01,-1.612597256898880005e-01,-1.113066524267196655e-01,-8.546159267425537109e-01,2.663571834564208984e-01,1.692487597465515137e-01,-8.377599716186523438e-01,-1.816369295120239258e-01,8.446600437164306641e-01,-1.329924583435058594e+00,3.225125744938850403e-02,1.075912594795227051e+00,-8.377599716186523438e-01
-6.176041811704635620e-02,-2.722722291946411133e-01,3.184847533702850342e-01,2.986450213938951492e-03,-6.133627146482467651e-03,-9.830875992774963379e-01,1.830088347196578979e-01,-1.494643688201904297e-01,-2.254260927438735962e-01,-8.378021121025085449e-01,3.118409514427185059e-01,1.998339444398880005e-01,-9.380382299423217773e-01,-1.547120809555053711e-01,8.340423703193664551e-01,-1.324067234992980957e+00,6.704058498144149780e-02,1.054337978363037109e+00,-8.377599716186523438e-01
-6.977867335081100464e-02,-2.757152616977691650e-01,3.131018579006195068e-01,1.952316984534263611e-02,1.808197703212499619e-03,-9.829603433609008789e-01,1.827690452337265015e-01,-1.651109606027603149e-01,-3.303628861904144287e-01,-8.377600908279418945e-01,3.353875875473022461e-01,2.498622685670852661e-01,-1.079541802406311035e+00,-1.540345847606658936e-01,8.161719441413879395e-01,-1.304568648338317871e+00,7.475658506155014038e-02,1.033436059951782227e+00,-8.377599716186523438e-01
-7.764080911874771118e-02,-2.787446975708007812e-01,3.099120557308197021e-01,3.157637268304824829e-02,2.954919124022126198e-03,-9.826081395149230957e-01,1.829629987478256226e-01,-1.925004720687866211e-01,-4.027235507965087891e-01,-8.377599716186523438e-01,3.444744050502777100e-01,2.909005880355834961e-01,-1.174262285232543945e+00,-1.644744724035263062e-01,8.049216270446777344e-01,-1.278714776039123535e+00,7.234874367713928223e-02,1.023950815200805664e+00,-8.377599716186523438e-01
-8.484160900115966797e-02,-2.812618911266326904e-01,3.084286153316497803e-01,4.071442037820816040e-02,1.342521049082279205e-03,-9.821155667304992676e-01,1.838193386793136597e-01,-2.251821160316467285e-01,-4.464775323867797852e-01,-8.377599716186523438e-01,3.457503914833068848e-01,3.246224224567413330e-01,-1.239748835563659668e+00,-1.778366118669509888e-01,7.942860126495361328e-01,-1.247297883033752441e+00,6.731202453374862671e-02,1.018039226531982422e+00,-8.377599716186523438e-01
-9.141321480274200439e-02,-2.833926975727081299e-01,3.081252574920654297e-01,4.841986671090126038e-02,-1.196538563817739487e-03,-9.814382791519165039e-01,1.855613440275192261e-01,-2.583708167076110840e-01,-4.699328243732452393e-01,-8.377599716186523438e-01,3.427460491657257080e-01,3.523818254470825195e-01,-1.287385821342468262e+00,-1.906575113534927368e-01,7.807723283767700195e-01,-1.210813045501708984e+00,6.293430924415588379e-02,1.011301159858703613e+00,-8.377599716186523438e-01
-9.780900925397872925e-02,-2.854838669300079346e-01,3.086076974868774414e-01,5.562083795666694641e-02,-3.371420782059431076e-03,-9.805154204368591309e-01,1.883732080459594727e-01,-2.894002497196197510e-01,-4.835366606712341309e-01,-8.377599716186523438e-01,3.374956548213958740e-01,3.767062723636627197e-01,-1.324956893920898438e+00,-2.009012997150421143e-01,7.632195353507995605e-01,-1.167787790298461914e+00,6.071455404162406921e-02,9.998636841773986816e-01,-8.377599716186523438e-01
-1.038797870278358459e-01,-2.874595820903778076e-01,3.098698258399963379e-01,6.250761449337005615e-02,-4.170213360339403152e-03,-9.793745875358581543e-01,1.920959204435348511e-01,-3.167691826820373535e-01,-4.906140863895416260e-01,-8.377599716186523438e-01,3.330028057098388672e-01,3.968053162097930908e-01,-1.353649020195007324e+00,-2.064096480607986450e-01,7.403432726860046387e-01,-1.118287920951843262e+00,6.199122220277786255e-02,9.803988337516784668e-01,-8.377599716186523438e-01
-1.096292808651924133e-01,-2.893799543380737305e-01,3.119119405746459961e-01,6.902007013559341431e-02,-3.248435445129871368e-03,-9.780268669128417969e-01,1.966955065727233887e-01,-3.408680558204650879e-01,-4.935550391674041748e-01,-8.377599716186523438e-01,3.295259475708007812e-01,4.121726751327514648e-01,-1.373253703117370605e+00,-2.069756537675857544e-01,7.121881246566772461e-01,-1.062349796295166016e+00,6.660835444927215576e-02,9.519731402397155762e-01,-8.377599716186523438e-01
-1.153124719858169556e-01,-2.914503514766693115e-01,3.145553767681121826e-01,7.512075453996658325e-02,-9.739727247506380081e-04,-9.764869809150695801e-01,2.020622193813323975e-01,-3.617012202739715576e-01,-4.929533302783966064e-01,-8.377599716186523438e-01,3.266093432903289795e-01,4.252645373344421387e-01,-1.386710286140441895e+00,-2.034468650817871094e-01,6.794791817665100098e-01,-9.996207356452941895e-01,7.380654662847518921e-02,9.174650907516479492e-01,-8.378110527992248535e-01
-1.203806772828102112e-01,-2.932147383689880371e-01,3.169632256031036377e-01,8.004748821258544922e-02,1.433711149729788303e-03,-9.749633073806762695e-01,2.074533551931381226e-01,-3.787372112274169922e-01,-4.897943139076232910e-01,-8.377599716186523438e-01,3.240572810173034668e-01,4.379703104496002197e-01,-1.397237181663513184e+00,-1.984895765781402588e-01,6.485492587089538574e-01,-9.390484094619750977e-01,8.205375820398330688e-02,8.918468356132507324e-01,-8.614113330841064453e-01
-1.252183616161346436e-01,-2.948784232139587402e-01,3.189730942249298096e-01,8.353969454765319824e-02,3.492117393761873245e-03,-9.734748005867004395e-01,2.129688709974288940e-01,-3.924559950828552246e-01,-4.821830987930297852e-01,-8.377599716186523438e-01,3.215097784996032715e-01,4.526928663253784180e-01,-1.406157016754150391e+00,-1.931992918252944946e-01,6.229684948921203613e-01,-8.843848109245300293e-01,8.991426229476928711e-02,8.744711875915527344e-01,-9.024212956428527832e-01
-1.299646645784378052e-01,-2.965949475765228271e-01,3.204694986343383789e-01,8.562238514423370361e-02,5.593303591012954712e-03,-9.719793796539306641e-01,2.188460230827331543e-01,-4.014851748943328857e-01,-4.698255658149719238e-01,-8.377599716186523438e-01,3.192931115627288818e-01,4.709509313106536865e-01,-1.415219068527221680e+00,-1.875305920839309692e-01,6.052720546722412109e-01,-8.395665287971496582e-01,9.722292423248291016e-02,8.612060546875000000e-01,-9.508467912673950195e-01
-1.337563246488571167e-01,-2.978592514991760254e-01,3.204278945922851562e-01,8.454544842243194580e-02,1.130601484328508377e-02,-9.709525108337402344e-01,2.235517948865890503e-01,-3.905712068080902100e-01,-4.526833295822143555e-01,-8.377599716186523438e-01,3.291729986667633057e-01,4.914439022541046143e-01,-1.426520824432373047e+00,-1.770220696926116943e-01,6.133272051811218262e-01,-8.377602100372314453e-01,1.093919724225997925e-01,8.596819639205932617e-01,-1.020425677299499512e+00
-1.384418308734893799e-01,-2.996438145637512207e-01,3.204850852489471436e-01,8.125513792037963867e-02,1.482742652297019958e-02,-9.698267579078674316e-01,2.293769419193267822e-01,-3.812420666217803955e-01,-4.246998131275177002e-01,-8.377599716186523438e-01,3.320209681987762451e-01,5.187662243843078613e-01,-1.430754780769348145e+00,-1.678958386182785034e-01,6.305169463157653809e-01,-8.377599716186523438e-01,1.185988411307334900e-01,8.595156073570251465e-01,-1.080895662307739258e+00
-1.434054374694824219e-01,-3.015515506267547607e-01,3.202117681503295898e-01,7.845322042703628540e-02,1.874209381639957428e-02,-9.687926173210144043e-01,2.343816161155700684e-01,-3.721284270286560059e-01,-4.036978781223297119e-01,-8.377599716186523438e-01,3.374822139739990234e-01,5.473310351371765137e-01,-1.438766717910766602e+00,-1.586233824491500854e-01,6.474880576133728027e-01,-8.377599716186523438e-01,1.249912753701210022e-01,8.513742089271545410e-01,-1.131852865219116211e+00
-1.484770476818084717e-01,-3.034608960151672363e-01,3.199072480201721191e-01,7.544499635696411133e-02,2.247747033834457397e-02,-9.678775072097778320e-01,2.387802004814147949e-01,-3.659939765930175781e-01,-3.879719674587249756e-01,-8.377599716186523438e-01,3.442486226558685303e-01,5.768275856971740723e-01,-1.446879148483276367e+00,-1.496662050485610962e-01,6.652928590774536133e-01,-8.377599716186523438e-01,1.283238381147384644e-01,8.376488089561462402e-01,-1.174792408943176270e+00
-1.533263176679611206e-01,-3.051961660385131836e-01,3.199030160903930664e-01,7.136896252632141113e-02,2.487019076943397522e-02,-9.669618606567382812e-01,2.434597760438919067e-01,-3.631565272808074951e-01,-3.679745197296142578e-01,-8.377599716186523438e-01,3.484389185905456543e-01,6.063362360000610352e-01,-1.450638771057128906e+00,-1.421639025211334229e-01,6.852457523345947266e-01,-8.377599716186523438e-01,1.286633610725402832e-01,8.229328989982604980e-01,-1.214570283889770508e+00
-1.581372767686843872e-01,-3.068254590034484863e-01,3.199397027492523193e-01,6.685806810855865479e-02,2.619681879878044128e-02,-9.660314321517944336e-01,2.482478022575378418e-01,-3.621424436569213867e-01,-3.462846279144287109e-01,-8.377599716186523438e-01,3.512184917926788330e-01,6.374030113220214844e-01,-1.454825401306152344e+00,-1.359074860811233521e-01,7.063208222389221191e-01,-8.377599716186523438e-01,1.261878609657287598e-01,8.064756393432617188e-01,-1.249020576477050781e+00
-1.629457026720046997e-01,-3.084061443805694580e-01,3.199201226234436035e-01,6.232578679919242859e-02,2.647591382265090942e-02,-9.650136828422546387e-01,2.533043622970581055e-01,-3.631819188594818115e-01,-3.233704864978790283e-01,-8.377599716186523438e-01,3.513912260532379150e-01,6.688518524169921875e-01,-1.459901332855224609e+00,-1.306363195180892944e-01,7.276645898818969727e-01,-8.377599716186523438e-01,1.205849125981330872e-01,7.875619530677795410e-01,-1.277343511581420898e+00
-1.677542328834533691e-01,-3.099366724491119385e-01,3.197599053382873535e-01,5.767689645290374756e-02,2.585423365235328674e-02,-9.640035629272460938e-01,2.582673728466033936e-01,-3.655629456043243408e-01,-3.000496625900268555e-01,-8.377599716186523438e-01,3.506138324737548828e-01,7.026121616363525391e-01,-1.468240380287170410e+00,-1.267303973436355591e-01,7.500666379928588867e-01,-8.377599716186523438e-01,1.122233867645263672e-01,7.676153182983398438e-01,-1.300581574440002441e+00
-1.725382059812545776e-01,-3.113898634910583496e-01,3.195280730724334717e-01,5.300922691822052002e-02,2.445225045084953308e-02,-9.629210829734802246e-01,2.633915245532989502e-01,-3.690360486507415771e-01,-2.762439548969268799e-01,-8.377599716186523438e-01,3.494541645050048828e-01,7.393606305122375488e-01,-1.481316447257995605e+00,-1.235593408346176147e-01,7.726078629493713379e-01,-8.377599716186523438e-01,1.021615713834762573e-01,7.467559576034545898e-01,-1.317794203758239746e+00
-1.772439777851104736e-01,-3.127988576889038086e-01,3.192354738712310791e-01,4.829283058643341064e-02,2.240873873233795166e-02,-9.618368744850158691e-01,2.683942317962646484e-01,-3.725045025348663330e-01,-2.516520619392395020e-01,-8.377599716186523438e-01,3.468781411647796631e-01,7.780943512916564941e-01,-1.498818516731262207e+00,-1.207422316074371338e-01,7.954062819480895996e-01,-8.377599716186523438e-01,9.047753363847732544e-02,7.252405881881713867e-01,-1.329938650131225586e+00
-1.818829923868179321e-01,-3.141423463821411133e-01,3.188903033733367920e-01,4.353517666459083557e-02,1.978342980146408081e-02,-9.607147574424743652e-01,2.733870446681976318e-01,-3.766137659549713135e-01,-2.263983786106109619e-01,-8.377599716186523438e-01,3.434306383132934570e-01,8.199326395988464355e-01,-1.522857069969177246e+00,-1.184031665325164795e-01,8.183456063270568848e-01,-8.377599716186523438e-01,7.732952386140823364e-02,7.039180397987365723e-01,-1.338616728782653809e+00
-1.864780634641647339e-01,-3.154596686363220215e-01,3.184473514556884766e-01,3.896957263350486755e-02,1.645186543464660645e-02,-9.595687985420227051e-01,2.782776653766632080e-01,-3.815640807151794434e-01,-2.013219296932220459e-01,-8.377599716186523438e-01,3.391213119029998779e-01,8.667151331901550293e-01,-1.556942820549011230e+00,-1.170035973191261292e-01,8.410140275955200195e-01,-8.377599716186523438e-01,6.232176721096038818e-02,6.836895942687988281e-01,-1.346092820167541504e+00
-1.913396716117858887e-01,-3.169337809085845947e-01,3.181807696819305420e-01,3.349075838923454285e-02,1.091769710183143616e-02,-9.580353498458862305e-01,2.844775021076202393e-01,-3.921082913875579834e-01,-1.709883511066436768e-01,-8.377599716186523438e-01,3.319946229457855225e-01,9.221319556236267090e-01,-1.600096344947814941e+00,-1.157327368855476379e-01,8.671925067901611328e-01,-8.377599716186523438e-01,4.544829949736595154e-02,6.730850338935852051e-01,-1.357844233512878418e+00
-1.959195584058761597e-01,-3.181779086589813232e-01,3.175497055053710938e-01,2.859387546777725220e-02,6.957932841032743454e-03,-9.569725990295410156e-01,2.886822521686553955e-01,-3.952905535697937012e-01,-1.451137810945510864e-01,-8.377599716186523438e-01,3.332649767398834229e-01,9.873250126838684082e-01,-1.671030044555664062e+00,-1.141712814569473267e-01,8.914649486541748047e-01,-8.377599716186523438e-01,2.908931113779544830e-02,6.585202217102050781e-01,-1.368024468421936035e+00
-2.003764808177947998e-01,-3.193258941173553467e-01,3.168050646781921387e-01,2.417791634798049927e-02,3.015645546838641167e-03,-9.558986425399780273e-01,2.926844358444213867e-01,-3.984108865261077881e-01,-1.212107613682746887e-01,-8.377599716186523438e-01,3.376301229000091553e-01,1.054019212722778320e+00,-1.760712504386901855e+00,-1.119329780340194702e-01,9.140461683273315430e-01,-8.377599716186523438e-01,1.232615020126104355e-02,6.446664929389953613e-01,-1.378900289535522461e+00
-2.047863304615020752e-01,-3.203296065330505371e-01,3.158771097660064697e-01,2.008548006415367126e-02,-1.792586524970829487e-03,-9.547035098075866699e-01,2.968745827674865723e-01,-4.035554826259613037e-01,-9.783843904733657837e-02,-8.377599716186523438e-01,3.447403907775878906e-01,1.115273594856262207e+00,-1.863077044486999512e+00,-1.102623939514160156e-01,9.363105297088623047e-01,-8.377599716186523438e-01,-5.982862319797277451e-03,6.342380046844482422e-01,-1.392683148384094238e+00
-2.091641128063201904e-01,-3.211835324764251709e-01,3.147733211517333984e-01,1.641299389302730560e-02,-7.497224025428295135e-03,-9.534913897514343262e-01,3.008796274662017822e-01,-4.092560112476348877e-01,-7.494180649518966675e-02,-8.377599716186523438e-01,3.449324071407318115e-01,1.161618471145629883e+00,-1.963256597518920898e+00,-1.094556823372840881e-01,9.580175876617431641e-01,-8.377599716186523438e-01,-2.465304359793663025e-02,6.280258893966674805e-01,-1.409839630126953125e+00
-2.135805934667587280e-01,-3.219258487224578857e-01,3.134740293025970459e-01,1.293804682791233063e-02,-1.432560663670301437e-02,-9.522134661674499512e-01,3.048226833343505859e-01,-4.175442755222320557e-01,-5.201905593276023865e-02,-8.377599716186523438e-01,3.355837464332580566e-01,1.186965107917785645e+00,-2.047799825668334961e+00,-1.103648841381072998e-01,9.802916646003723145e-01,-8.377599716186523438e-01,-4.408604651689529419e-02,6.277633309364318848e-01,-1.429531693458557129e+00
-2.180563807487487793e-01,-3.226136565208435059e-01,3.121102154254913330e-01,9.404881857335567474e-03,-2.172978594899177551e-02,-9.508886933326721191e-01,3.086261749267578125e-01,-4.256636798381805420e-01,-2.867359854280948639e-02,-8.377599716186523438e-01,3.164829015731811523e-01,1.192556500434875488e+00,-2.115086555480957031e+00,-1.114753335714340210e-01,1.003243327140808105e+00,-8.377599716186523438e-01,-6.222048401832580566e-02,6.342609524726867676e-01,-1.449524998664855957e+00
-2.225378453731536865e-01,-3.232071101665496826e-01,3.107131123542785645e-01,5.723700392991304398e-03,-2.958748489618301392e-02,-9.495936632156372070e-01,3.120316267013549805e-01,-4.336791336536407471e-01,-3.916948568075895309e-03,-8.377599716186523438e-01,2.879992723464965820e-01,1.175484180450439453e+00,-2.158356428146362305e+00,-1.126044988632202148e-01,1.026814818382263184e+00,-8.377599716186523438e-01,-7.808775454759597778e-02,6.470842361450195312e-01,-1.468490839004516602e+00
-2.270904779434204102e-01,-3.237908184528350830e-01,3.092195689678192139e-01,1.867260085418820381e-03,-3.747541084885597229e-02,-9.484599232673645020e-01,3.146678507328033447e-01,-4.401481747627258301e-01,2.021596021950244904e-02,-8.377599716186523438e-01,2.535105943679809570e-01,1.140985608100891113e+00,-2.176642894744873047e+00,-1.132786124944686890e-01,1.051334738731384277e+00,-8.377599716186523438e-01,-9.011483937501907349e-02,6.651201248168945312e-01,-1.484753727912902832e+00
-2.316751778125762939e-01,-3.243402540683746338e-01,3.077029585838317871e-01,-2.193877939134836197e-03,-4.541816934943199158e-02,-9.473788738250732422e-01,3.168684840202331543e-01,-4.457432925701141357e-01,4.488046839833259583e-02,-8.377599716186523438e-01,2.143028974533081055e-01,1.093452095985412598e+00,-2.168040275573730469e+00,-1.133531033992767334e-01,1.076586961746215820e+00,-8.377599716186523438e-01,-9.920541942119598389e-02,6.868422627449035645e-01,-1.495014190673828125e+00
-2.362645268440246582e-01,-3.248400390148162842e-01,3.061667382717132568e-01,-6.292309146374464035e-03,-5.381688848137855530e-02,-9.463939666748046875e-01,3.184377253055572510e-01,-4.511529803276062012e-01,7.038496434688568115e-02,-8.377599716186523438e-01,1.722839921712875366e-01,1.036920070648193359e+00,-2.132357835769653320e+00,-1.136372536420822144e-01,1.102355718612670898e+00,-8.377599716186523438e-01,-1.063446700572967529e-01,7.110462188720703125e-01,-1.497711777687072754e+00
-2.407981008291244507e-01,-3.252340555191040039e-01,3.047181665897369385e-01,-1.027589105069637299e-02,-6.175112724304199219e-02,-9.456523060798645020e-01,3.190970420837402344e-01,-4.541848003864288330e-01,9.466028213500976562e-02,-8.377599716186523438e-01,1.317899227142333984e-01,9.738897085189819336e-01,-2.074622869491577148e+00,-1.132798790931701660e-01,1.127405762672424316e+00,-8.377599716186523438e-01,-1.117589771747589111e-01,7.371320724487304688e-01,-1.502615928649902344e+00
-2.452289611101150513e-01,-3.254371285438537598e-01,3.034679293632507324e-01,-1.421653106808662415e-02,-6.828970462083816528e-02,-9.453693032264709473e-01,3.184514641761779785e-01,-4.527446329593658447e-01,1.171218156814575195e-01,-8.377599716186523438e-01,9.467902779579162598e-02,8.996060490608215332e-01,-1.993493318557739258e+00,-1.113303229212760925e-01,1.151330590248107910e+00,-8.377599716186523438e-01,-1.149717345833778381e-01,7.691016793251037598e-01,-1.529863715171813965e+00
-2.496985346078872681e-01,-3.256153166294097900e-01,3.024281263351440430e-01,-1.937673613429069519e-02,-7.260463386774063110e-02,-9.448886513710021973e-01,3.186511397361755371e-01,-4.479088187217712402e-01,1.406672894954681396e-01,-8.377599716186523438e-01,6.037998571991920471e-02,8.143699765205383301e-01,-1.885045409202575684e+00,-1.011636778712272644e-01,1.175592899322509766e+00,-8.377599716186523438e-01,-1.089867874979972839e-01,8.123890161514282227e-01,-1.560922503471374512e+00
-2.542349398136138916e-01,-3.257420957088470459e-01,3.014676868915557861e-01,-2.322125434875488281e-02,-7.892693579196929932e-02,-9.445374608039855957e-01,3.179313540458679199e-01,-4.460717439651489258e-01,1.637796312570571899e-01,-8.377599716186523438e-01,2.053613215684890747e-02,7.188870310783386230e-01,-1.759612321853637695e+00,-9.888581931591033936e-02,1.198567867279052734e+00,-8.377599716186523438e-01,-1.087876260280609131e-01,8.479302525520324707e-01,-1.588912963867187500e+00
-2.587654292583465576e-01,-3.258986771106719971e-01,3.007479012012481689e-01,-2.672840096056461334e-02,-8.434788137674331665e-02,-9.443323016166687012e-01,3.168714642524719238e-01,-4.427407681941986084e-01,1.848985254764556885e-01,-8.377599716186523438e-01,-2.061446756124496460e-02,6.093871593475341797e-01,-1.611500620841979980e+00,-9.683097153902053833e-02,1.220046162605285645e+00,-8.377599716186523438e-01,-1.069036424160003662e-01,8.784229159355163574e-01,-1.613628864288330078e+00
-2.633308768272399902e-01,-3.261126875877380371e-01,3.003248870372772217e-01,-2.970121428370475769e-02,-8.958887308835983276e-02,-9.441908597946166992e-01,3.155872225761413574e-01,-4.394645690917968750e-01,2.052826881408691406e-01,-8.377599716186523438e-01,-6.514039635658264160e-02,4.827611148357391357e-01,-1.436135411262512207e+00,-9.662686288356781006e-02,1.239719033241271973e+00,-8.377599716186523438e-01,-1.024804860353469849e-01,9.083082675933837891e-01,-1.634502649307250977e+00
-2.678295671939849854e-01,-3.263589143753051758e-01,3.003968894481658936e-01,-3.285443037748336792e-02,-9.294425696134567261e-02,-9.444223046302795410e-01,3.136055171489715576e-01,-4.320785105228424072e-01,2.258545160293579102e-01,-8.377599716186523438e-01,-1.076172590255737305e-01,3.399267792701721191e-01,-1.235646843910217285e+00,-9.497577697038650513e-02,1.258265614509582520e+00,-8.377599716186523438e-01,-9.313381463289260864e-02,9.360022544860839844e-01,-1.650951266288757324e+00
-2.723002433776855469e-01,-3.267549872398376465e-01,3.009943962097167969e-01,-3.579159453511238098e-02,-9.404206275939941406e-02,-9.451576471328735352e-01,3.107282221317291260e-01,-4.202590584754943848e-01,2.445554286241531372e-01,-8.377599716186523438e-01,-1.435931324958801270e-01,1.832710802555084229e-01,-1.014120936393737793e+00,-9.238995611667633057e-02,1.274457812309265137e+00,-8.377599716186523438e-01,-7.988765835762023926e-02,9.590516090393066406e-01,-1.659819602966308594e+00
-2.773666679859161377e-01,-3.271657526493072510e-01,3.011403083801269531e-01,-3.375006094574928284e-02,-9.945642203092575073e-02,-9.466841220855712891e-01,3.045628368854522705e-01,-4.145025312900543213e-01,2.569749653339385986e-01,-8.377599716186523438e-01,-1.777281016111373901e-01,3.883253037929534912e-02,-8.377695083618164062e-01,-1.134267821907997131e-01,1.284768700599670410e+00,-8.377599716186523438e-01,-8.129117637872695923e-02,9.717506766319274902e-01,-1.663018584251403809e+00
-2.845632731914520264e-01,-3.275566995143890381e-01,2.992389202117919922e-01,-2.271397598087787628e-02,-1.160656437277793884e-01,-9.491835832595825195e-01,2.916563153266906738e-01,-4.226380288600921631e-01,2.620000541210174561e-01,-8.377599716186523438e-01,-2.104883193969726562e-01,-3.388876840472221375e-02,-8.377600312232971191e-01,-1.846756339073181152e-01,1.290800809860229492e+00,-8.377599716186523438e-01,-1.155707910656929016e-01,9.748551249504089355e-01,-1.670109748840332031e+00
-2.912026941776275635e-01,-3.286876082420349121e-01,2.970736026763916016e-01,-1.079044304788112640e-02,-1.159124374389648438e-01,-9.523972272872924805e-01,2.817576527595520020e-01,-4.131022393703460693e-01,2.996537089347839355e-01,-9.298679828643798828e-01,-2.169549912214279175e-01,-1.083572804927825928e-01,-8.377599716186523438e-01,-2.141134738922119141e-01,1.278415441513061523e+00,-8.377599716186523438e-01,-1.149090304970741272e-01,9.575785398483276367e-01,-1.655650019645690918e+00
-2.977720201015472412e-01,-3.301822543144226074e-01,2.957824170589447021e-01,-7.306350744329392910e-04,-1.100010052323341370e-01,-9.554991722106933594e-01,2.737163305282592773e-01,-3.950328230857849121e-01,3.356425464153289795e-01,-1.015353322029113770e+00,-2.109853774309158325e-01,-1.697518229484558105e-01,-8.377599716186523438e-01,-2.250924855470657349e-01,1.262072086334228516e+00,-8.377599716186523438e-01,-9.946713596582412720e-02,9.395839571952819824e-01,-1.632764339447021484e+00
-3.042575418949127197e-01,-3.318869769573211670e-01,2.951090931892395020e-01,7.985157892107963562e-03,-1.024606004357337952e-01,-9.583438634872436523e-01,2.664866149425506592e-01,-3.743882775306701660e-01,3.695576190948486328e-01,-1.089092612266540527e+00,-2.011919617652893066e-01,-2.187255322933197021e-01,-8.377599716186523438e-01,-2.307595610618591309e-01,1.245823502540588379e+00,-8.377599716186523438e-01,-7.995942234992980957e-02,9.225035309791564941e-01,-1.605817437171936035e+00
-3.105495870113372803e-01,-3.336661756038665771e-01,2.948267459869384766e-01,1.600923947989940643e-02,-9.461411088705062866e-02,-9.609289765357971191e-01,2.596293389797210693e-01,-3.530973196029663086e-01,3.987375199794769287e-01,-1.150834679603576660e+00,-1.887910217046737671e-01,-2.595845758914947510e-01,-8.377599716186523438e-01,-2.348216474056243896e-01,1.229829788208007812e+00,-8.377599716186523438e-01,-5.946445837616920471e-02,9.058024883270263672e-01,-1.575969099998474121e+00
-3.167347609996795654e-01,-3.355922400951385498e-01,2.948069870471954346e-01,2.360706403851509094e-02,-8.717857301235198975e-02,-9.633199572563171387e-01,2.527000308036804199e-01,-3.327878713607788086e-01,4.252149462699890137e-01,-1.203575491905212402e+00,-1.747431755065917969e-01,-2.942527830600738525e-01,-8.377599716186523438e-01,-2.400732487440109253e-01,1.214382529258728027e+00,-8.377599716186523438e-01,-3.948342427611351013e-02,8.894701600074768066e-01,-1.544353365898132324e+00
-3.228185474872589111e-01,-3.376526236534118652e-01,2.951618134975433350e-01,3.104016557335853577e-02,-8.067745715379714966e-02,-9.655299186706542969e-01,2.455191463232040405e-01,-3.140215873718261719e-01,4.507657289505004883e-01,-1.249542236328125000e+00,-1.599132716655731201e-01,-3.241865634918212891e-01,-8.377599716186523438e-01,-2.472065538167953491e-01,1.197303771972656250e+00,-8.377599716186523438e-01,-2.138458006083965302e-02,8.727430105209350586e-01,-1.509902000427246094e+00
-3.288031816482543945e-01,-3.398898243904113770e-01,2.960417270660400391e-01,3.829651698470115662e-02,-7.488729804754257202e-02,-9.676443338394165039e-01,2.378859370946884155e-01,-2.959771454334259033e-01,4.741035997867584229e-01,-1.287579536437988281e+00,-1.434456259012222290e-01,-3.492278158664703369e-01,-8.377599716186523438e-01,-2.554917931556701660e-01,1.176550149917602539e+00,-8.377599716186523438e-01,-4.830914083868265152e-03,8.542864918708801270e-01,-1.471398711204528809e+00
-3.345749974250793457e-01,-3.422105014324188232e-01,2.976155579090118408e-01,4.539788514375686646e-02,-6.989788264036178589e-02,-9.696460962295532227e-01,2.298691272735595703e-01,-2.793216705322265625e-01,4.940771758556365967e-01,-1.316837549209594727e+00,-1.253161728382110596e-01,-3.683320879936218262e-01,-8.377599716186523438e-01,-2.646914720535278320e-01,1.150174140930175781e+00,-8.377599716186523438e-01,8.926968090236186981e-03,8.327518105506896973e-01,-1.427787303924560547e+00
-3.401208519935607910e-01,-3.445674777030944824e-01,2.998274564743041992e-01,5.240989476442337036e-02,-6.582912057638168335e-02,-9.715275168418884277e-01,2.214814126491546631e-01,-2.642012536525726318e-01,5.115578174591064453e-01,-1.338535189628601074e+00,-1.060544177889823914e-01,-3.824206292629241943e-01,-8.377599716186523438e-01,-2.751148641109466553e-01,1.118229985237121582e+00,-8.377599716186523438e-01,1.962316967546939850e-02,8.076064586639404297e-01,-1.378222942352294922e+00
-3.453778028488159180e-01,-3.468785881996154785e-01,3.026567399501800537e-01,5.942180007696151733e-02,-6.276319921016693115e-02,-9.732928276062011719e-01,2.126754522323608398e-01,-2.512750029563903809e-01,5.266095995903015137e-01,-1.353863835334777832e+00,-8.574886620044708252e-02,-3.918179869651794434e-01,-8.377599716186523438e-01,-2.867849469184875488e-01,1.080467581748962402e+00,-8.377599716186523438e-01,2.679430693387985229e-02,7.781784534454345703e-01,-1.323108553886413574e+00
-3.504343628883361816e-01,-3.491201996803283691e-01,3.058883547782897949e-01,6.667413562536239624e-02,-6.088340654969215393e-02,-9.749456048011779785e-01,2.032949924468994141e-01,-2.401969879865646362e-01,5.388606786727905273e-01,-1.363985896110534668e+00,-6.532156467437744141e-02,-3.986983597278594971e-01,-8.377599716186523438e-01,-2.999418675899505615e-01,1.037108421325683594e+00,-8.377599716186523438e-01,3.057544864714145660e-02,7.447162270545959473e-01,-1.263114094734191895e+00
-3.554274737834930420e-01,-3.512349426746368408e-01,3.093086779117584229e-01,7.414474338293075562e-02,-6.024642288684844971e-02,-9.764154553413391113e-01,1.936123967170715332e-01,-2.312718927860260010e-01,5.499998331069946289e-01,-1.371102094650268555e+00,-4.579073190689086914e-02,-4.032118916511535645e-01,-8.377599716186523438e-01,-3.139000535011291504e-01,9.892960786819458008e-01,-8.379584550857543945e-01,3.087597340345382690e-02,7.081826329231262207e-01,-1.199670195579528809e+00
-3.602707982063293457e-01,-3.532113432884216309e-01,3.128453493118286133e-01,8.172958344221115112e-02,-6.075370684266090393e-02,-9.777254462242126465e-01,1.835270822048187256e-01,-2.249258309602737427e-01,5.602868795394897461e-01,-1.376139879226684570e+00,-2.691204659640789032e-02,-4.047342836856842041e-01,-8.377599716186523438e-01,-3.287471532821655273e-01,9.377049803733825684e-01,-8.390107750892639160e-01,2.835975773632526398e-02,6.692781448364257812e-01,-1.133656859397888184e+00
-3.645861148834228516e-01,-3.548967838287353516e-01,3.155134022235870361e-01,8.773950487375259399e-02,-6.132661551237106323e-02,-9.789307713508605957e-01,1.738830804824829102e-01,-2.186017334461212158e-01,5.725379586219787598e-01,-1.382841706275939941e+00,-8.333615958690643311e-03,-4.026696979999542236e-01,-8.377599716186523438e-01,-3.422618210315704346e-01,9.021182656288146973e-01,-8.711658120155334473e-01,2.666462957859039307e-02,6.365620493888854980e-01,-1.075858473777770996e+00
-3.696039915084838867e-01,-3.565775454044342041e-01,3.170101344585418701e-01,9.296075254678726196e-02,-6.283514946699142456e-02,-9.798731803894042969e-01,1.651017367839813232e-01,-2.147283554077148438e-01,5.913389921188354492e-01,-1.394730210304260254e+00,9.341917000710964203e-03,-4.087600708007812500e-01,-8.377599716186523438e-01,-3.540651798248291016e-01,8.742381930351257324e-01,-9.146642684936523438e-01,2.508234232664108276e-02,6.137784719467163086e-01,-1.028397798538208008e+00
-3.747526705265045166e-01,-3.582125902175903320e-01,3.181312382221221924e-01,9.674616158008575439e-02,-6.484318524599075317e-02,-9.807041287422180176e-01,1.570188999176025391e-01,-2.123714685440063477e-01,6.132965087890625000e-01,-1.406110405921936035e+00,2.729461528360843658e-02,-4.168783128261566162e-01,-8.377599716186523438e-01,-3.636861741542816162e-01,8.502417206764221191e-01,-9.641626477241516113e-01,2.380568534135818481e-02,5.986124277114868164e-01,-9.883089065551757812e-01
-3.786205351352691650e-01,-3.598099350929260254e-01,3.196221888065338135e-01,1.020141467452049255e-01,-6.660640239715576172e-02,-9.811764955520629883e-01,1.498312801122665405e-01,-2.134376615285873413e-01,6.302591562271118164e-01,-1.423325300216674805e+00,4.497548937797546387e-02,-4.259926378726959229e-01,-8.377599716186523438e-01,-3.713695704936981201e-01,8.161194920539855957e-01,-1.009537220001220703e+00,2.110858447849750519e-02,5.692850947380065918e-01,-9.337241053581237793e-01
-3.831652402877807617e-01,-3.612719476222991943e-01,3.211497962474822998e-01,1.029703989624977112e-01,-6.882360577583312988e-02,-9.819846153259277344e-01,1.427115499973297119e-01,-2.126697450876235962e-01,6.513796448707580566e-01,-1.426872134208679199e+00,6.346707791090011597e-02,-4.219568073749542236e-01,-8.377599716186523438e-01,-3.771419227123260498e-01,7.896646857261657715e-01,-1.051143050193786621e+00,1.989482529461383820e-02,5.596176385879516602e-01,-8.970048427581787109e-01
-3.876933157444000244e-01,-3.626549243927001953e-01,3.223963975906372070e-01,1.023024395108222961e-01,-7.169046252965927124e-02,-9.828774333000183105e-01,1.354497820138931274e-01,-2.129406929016113281e-01,6.750394105911254883e-01,-1.429023385047912598e+00,7.910820841789245605e-02,-4.131169617176055908e-01,-8.377599716186523438e-01,-3.829743266105651855e-01,7.649363279342651367e-01,-1.089142084121704102e+00,1.798475533723831177e-02,5.587159395217895508e-01,-8.708128929138183594e-01
-3.922487199306488037e-01,-3.640739321708679199e-01,3.233812749385833740e-01,1.009141430258750916e-01,-7.497537136077880859e-02,-9.837445616722106934e-01,1.282248347997665405e-01,-2.149678468704223633e-01,7.003284096717834473e-01,-1.433310151100158691e+00,9.203874319791793823e-02,-4.023617208003997803e-01,-8.377599716186523438e-01,-3.883879184722900391e-01,7.396569848060607910e-01,-1.122347712516784668e+00,1.469990517944097519e-02,5.620313286781311035e-01,-8.489295244216918945e-01
-3.966707587242126465e-01,-3.654689192771911621e-01,3.240287601947784424e-01,9.856147319078445435e-02,-7.850263267755508423e-02,-9.846047163009643555e-01,1.211468726396560669e-01,-2.187112420797348022e-01,7.285817861557006836e-01,-1.442373037338256836e+00,1.039589494466781616e-01,-3.893844783306121826e-01,-8.377599716186523438e-01,-3.931473195552825928e-01,7.156499028205871582e-01,-1.153959155082702637e+00,1.104469317942857742e-02,5.725795030593872070e-01,-8.377615213394165039e-01
-4.009748995304107666e-01,-3.668696582317352295e-01,3.243765830993652344e-01,9.480968862771987915e-02,-8.192062377929687500e-02,-9.854939579963684082e-01,1.144631654024124146e-01,-2.232531905174255371e-01,7.603998780250549316e-01,-1.456810712814331055e+00,1.149619445204734802e-01,-3.720990419387817383e-01,-8.377599716186523438e-01,-3.972110152244567871e-01,6.941394209861755371e-01,-1.183927774429321289e+00,7.818542420864105225e-03,5.915591716766357422e-01,-8.377599716186523438e-01
-4.051972925662994385e-01,-3.682787120342254639e-01,3.246412873268127441e-01,9.042857587337493896e-02,-8.422689139842987061e-02,-9.864303469657897949e-01,1.080912053585052490e-01,-2.272428870201110840e-01,7.957435846328735352e-01,-1.480730772018432617e+00,1.268915832042694092e-01,-3.524355888366699219e-01,-8.377599716186523438e-01,-3.981766402721405029e-01,6.727119684219360352e-01,-1.210155248641967773e+00,6.013587117195129395e-03,6.117063164710998535e-01,-8.377599716186523438e-01
-4.093254804611206055e-01,-3.696541786193847656e-01,3.248614072799682617e-01,8.577252924442291260e-02,-8.501454442739486694e-02,-9.874221086502075195e-01,1.020447760820388794e-01,-2.296718358993530273e-01,8.354308009147644043e-01,-1.518271088600158691e+00,1.395522058010101318e-01,-3.315557539463043213e-01,-8.377599716186523438e-01,-3.965556323528289795e-01,6.495470404624938965e-01,-1.230694293975830078e+00,6.462980527430772781e-03,6.316223144531250000e-01,-8.377599716186523438e-01
-4.139144718647003174e-01,-3.708645105361938477e-01,3.252778649330139160e-01,7.914125919342041016e-02,-8.429589867591857910e-02,-9.887572526931762695e-01,9.481513500213623047e-02,-2.275244742631912231e-01,8.797153234481811523e-01,-1.561797261238098145e+00,1.576420366764068604e-01,-3.045952618122100830e-01,-8.377599716186523438e-01,-3.928181231021881104e-01,6.329356431961059570e-01,-1.252624034881591797e+00,7.860303856432437897e-03,6.559187769889831543e-01,-8.377599716186523438e-01
-4.180403649806976318e-01,-3.721424639225006104e-01,3.252461850643157959e-01,7.376234233379364014e-02,-8.267211169004440308e-02,-9.898124933242797852e-01,8.941831439733505249e-02,-2.279632091522216797e-01,9.261747598648071289e-01,-1.629184126853942871e+00,1.719717681407928467e-01,-2.814807593822479248e-01,-8.377599716186523438e-01,-3.856886029243469238e-01,6.127682328224182129e-01,-1.271788120269775391e+00,1.221180614084005356e-02,6.772815585136413574e-01,-8.377599716186523438e-01
-4.220811426639556885e-01,-3.733904957771301270e-01,3.250023722648620605e-01,6.876578927040100098e-02,-7.967663556337356567e-02,-9.908235073089599609e-01,8.480394631624221802e-02,-2.258260846138000488e-01,9.677516818046569824e-01,-1.705905079841613770e+00,1.868803054094314575e-01,-2.594816386699676514e-01,-8.377599716186523438e-01,-3.753695487976074219e-01,5.926679968833923340e-01,-1.290757536888122559e+00,1.932719536125659943e-02,6.978243589401245117e-01,-8.377599716186523438e-01
-4.260200560092926025e-01,-3.746048212051391602e-01,3.245961964130401611e-01,6.390593945980072021e-02,-7.551126182079315186e-02,-9.918338656425476074e-01,8.049654960632324219e-02,-2.192419767379760742e-01,9.981419444084167480e-01,-1.782652974128723145e+00,2.032445371150970459e-01,-2.384165078401565552e-01,-8.377599716186523438e-01,-3.614871203899383545e-01,5.742326378822326660e-01,-1.310233592987060547e+00,2.833714708685874939e-02,7.177529931068420410e-01,-8.377599716186523438e-01
-4.299445748329162598e-01,-3.758082687854766846e-01,3.240582942962646484e-01,5.896256864070892334e-02,-7.026208192110061646e-02,-9.928451180458068848e-01,7.645425945520401001e-02,-2.056504040956497192e-01,1.014817237854003906e+00,-1.851143002510070801e+00,2.204727828502655029e-01,-2.167497575283050537e-01,-8.377599716186523438e-01,-3.449709713459014893e-01,5.588572025299072266e-01,-1.331696867942810059e+00,3.917666152119636536e-02,7.378847599029541016e-01,-8.377599716186523438e-01
-4.339181482791900635e-01,-3.769814074039459229e-01,3.234380483627319336e-01,5.379888415336608887e-02,-6.446659564971923828e-02,-9.938207864761352539e-01,7.259431481361389160e-02,-1.888946294784545898e-01,1.022091746330261230e+00,-1.916324257850646973e+00,2.383836358785629272e-01,-1.946351975202560425e-01,-8.377599716186523438e-01,-3.265108764171600342e-01,5.474582314491271973e-01,-1.353677988052368164e+00,5.101294070482254028e-02,7.588061094284057617e-01,-8.377599716186523438e-01
-4.378758370876312256e-01,-3.781558871269226074e-01,3.227262198925018311e-01,4.846848919987678528e-02,-5.783223733305931091e-02,-9.947810769081115723e-01,6.867919862270355225e-02,-1.729527860879898071e-01,1.019293069839477539e+00,-1.976805329322814941e+00,2.576696574687957764e-01,-1.715858727693557739e-01,-8.377599716186523438e-01,-3.063189685344696045e-01,5.399765372276306152e-01,-1.376661658287048340e+00,6.408644467592239380e-02,7.799853086471557617e-01,-8.377599716186523438e-01
-4.418766796588897705e-01,-3.793406188488006592e-01,3.219431936740875244e-01,4.299830645322799683e-02,-5.049858987331390381e-02,-9.956870079040527344e-01,6.487235426902770996e-02,-1.561717838048934937e-01,1.003611087799072266e+00,-2.024976968765258789e+00,2.777191698551177979e-01,-1.478372216224670410e-01,-8.377599716186523438e-01,-2.847888767719268799e-01,5.373355746269226074e-01,-1.400032639503479004e+00,7.845894992351531982e-02,8.017517328262329102e-01,-8.377599716186523438e-01
-4.458990991115570068e-01,-3.805744349956512451e-01,3.210858404636383057e-01,3.739849850535392761e-02,-4.300298169255256653e-02,-9.964925050735473633e-01,6.127650663256645203e-02,-1.378025859594345093e-01,9.721482992172241211e-01,-2.049159526824951172e+00,2.969962656497955322e-01,-1.235307753086090088e-01,-8.377599716186523438e-01,-2.640892565250396729e-01,5.396689772605895996e-01,-1.421940207481384277e+00,9.281472116708755493e-02,8.242453932762145996e-01,-8.377599716186523438e-01
-4.499030113220214844e-01,-3.817920088768005371e-01,3.201925754547119141e-01,3.171333298087120056e-02,-3.577795624732971191e-02,-9.971809387207031250e-01,5.783058330416679382e-02,-1.173125505447387695e-01,9.272696375846862793e-01,-2.047039985656738281e+00,3.146713078022003174e-01,-9.901584684848785400e-02,-8.377599716186523438e-01,-2.456356883049011230e-01,5.463199019432067871e-01,-1.440039634704589844e+00,1.061979308724403381e-01,8.472739458084106445e-01,-8.377599716186523438e-01
-4.539742469787597656e-01,-3.829980492591857910e-01,3.193280696868896484e-01,2.601564861834049225e-02,-2.929075807332992554e-02,-9.977335333824157715e-01,5.470834299921989441e-02,-9.652090817689895630e-02,8.755856752395629883e-01,-2.025336027145385742e+00,3.295459151268005371e-01,-7.413495332002639771e-02,-8.377599716186523438e-01,-2.313165217638015747e-01,5.572861433029174805e-01,-1.453546881675720215e+00,1.178529262542724609e-01,8.707267045974731445e-01,-8.377599716186523438e-01
-4.580492377281188965e-01,-3.842060565948486328e-01,3.184775710105895996e-01,2.032087184488773346e-02,-2.364598028361797333e-02,-9.981560707092285156e-01,5.208012089133262634e-02,-7.778140902519226074e-02,8.180857300758361816e-01,-1.986241459846496582e+00,3.413808941841125488e-01,-4.893836006522178650e-02,-8.377599716186523438e-01,-2.226298600435256958e-01,5.721089839935302734e-01,-1.462557792663574219e+00,1.272583007812500000e-01,8.947498202323913574e-01,-8.377599716186523438e-01
-4.619399607181549072e-01,-3.852357268333435059e-01,3.178297281265258789e-01,1.488245278596878052e-02,-2.061386220157146454e-02,-9.984146952629089355e-01,5.021577328443527222e-02,-6.595620512962341309e-02,7.520750761032104492e-01,-1.928619623184204102e+00,3.465935587882995605e-01,-2.425108477473258972e-02,-8.377599716186523438e-01,-2.206764370203018188e-01,5.868934988975524902e-01,-1.464395761489868164e+00,1.327205598354339600e-01,9.184207916259765625e-01,-8.377599716186523438e-01
-4.659915566444396973e-01,-3.863592743873596191e-01,3.170918226242065430e-01,9.252347052097320557e-03,-1.705129630863666534e-02,-9.986448884010314941e-01,4.829067736864089966e-02,-5.459602922201156616e-02,6.825483441352844238e-01,-1.857994794845581055e+00,3.526406586170196533e-01,1.445111702196300030e-03,-8.377599716186523438e-01,-2.212963253259658813e-01,6.064721941947937012e-01,-1.464150667190551758e+00,1.373588144779205322e-01,9.429851174354553223e-01,-8.377599716186523438e-01
-4.701647460460662842e-01,-3.874363899230957031e-01,3.163512051105499268e-01,3.703021910041570663e-03,-1.405620481818914413e-02,-9.987930655479431152e-01,4.691586643457412720e-02,-4.631386324763298035e-02,6.054889559745788574e-01,-1.770807385444641113e+00,3.569079935550689697e-01,2.646199986338615417e-02,-8.377599716186523438e-01,-2.236634194850921631e-01,6.275071501731872559e-01,-1.459409713745117188e+00,1.411084532737731934e-01,9.681365489959716797e-01,-8.377599716186523438e-01
-4.744095206260681152e-01,-3.883824348449707031e-01,3.155672252178192139e-01,-1.786099281162023544e-03,-1.013147272169589996e-02,-9.988834857940673828e-01,4.610771313309669495e-02,-3.864672780036926270e-02,5.192059278488159180e-01,-1.667740941047668457e+00,3.626282215118408203e-01,5.084180459380149841e-02,-8.377599716186523438e-01,-2.219485342502593994e-01,6.527838706970214844e-01,-1.458521246910095215e+00,1.478876471519470215e-01,9.933055639266967773e-01,-8.377599716186523438e-01
-4.787740409374237061e-01,-3.892902135848999023e-01,3.148519098758697510e-01,-7.187016773968935013e-03,-6.558522116392850876e-03,-9.989255666732788086e-01,4.531053081154823303e-02,-3.333378210663795471e-02,4.227645993232727051e-01,-1.546549797058105469e+00,3.677846491336822510e-01,7.546962797641754150e-02,-8.377599716186523438e-01,-2.197732180356979370e-01,6.848971843719482422e-01,-1.469738125801086426e+00,1.548307090997695923e-01,1.018948912620544434e+00,-8.377599716186523438e-01
-4.831912219524383545e-01,-3.901953995227813721e-01,3.143140077590942383e-01,-1.253123395144939423e-02,-3.877826733514666557e-03,-9.989041686058044434e-01,4.492621496319770813e-02,-3.314742073416709900e-02,3.145748376846313477e-01,-1.405380010604858398e+00,3.706260323524475098e-01,1.007772758603096008e-01,-8.377599716186523438e-01,-2.194919735193252563e-01,7.204168438911437988e-01,-1.491259932518005371e+00,1.604615300893783569e-01,1.044802904129028320e+00,-8.377599716186523438e-01
-4.875918030738830566e-01,-3.910395503044128418e-01,3.139934539794921875e-01,-1.746413670480251312e-02,-2.500154078006744385e-03,-9.988228082656860352e-01,4.518639296293258667e-02,-3.823033720254898071e-02,1.909937858581542969e-01,-1.240035414695739746e+00,3.700458705425262451e-01,1.248121038079261780e-01,-8.377599716186523438e-01,-2.221671044826507568e-01,7.515712380409240723e-01,-1.507220864295959473e+00,1.644796133041381836e-01,1.070002913475036621e+00,-8.377599716186523438e-01
-4.921154081821441650e-01,-3.918220698833465576e-01,3.139320909976959229e-01,-2.215783670544624329e-02,-1.928212819620966911e-03,-9.986946582794189453e-01,4.598161950707435608e-02,-4.630769044160842896e-02,5.073815584182739258e-02,-1.046602606773376465e+00,3.669448792934417725e-01,1.494031250476837158e-01,-8.377599716186523438e-01,-2.265551835298538208e-01,7.793803215026855469e-01,-1.518073558807373047e+00,1.679194718599319458e-01,1.094851255416870117e+00,-8.377599716186523438e-01
-4.967652857303619385e-01,-3.925926387310028076e-01,3.138373494148254395e-01,-2.630373649299144745e-02,-3.835943061858415604e-04,-9.985440373420715332e-01,4.709344729781150818e-02,-5.360918119549751282e-02,-1.000170633196830750e-01,-8.377943038940429688e-01,3.655978143215179443e-01,1.727269291877746582e-01,-8.377599716186523438e-01,-2.302704453468322754e-01,8.073801398277282715e-01,-1.527989745140075684e+00,1.743144541978836060e-01,1.119114637374877930e+00,-8.377599716186523438e-01
-5.037976503372192383e-01,-3.942198455333709717e-01,3.102963864803314209e-01,-2.399598434567451477e-02,2.186814695596694946e-02,-9.984467625617980957e-01,4.527800902724266052e-02,-2.396221458911895752e-02,-1.633364856243133545e-01,-8.377600908279418945e-01,4.096875190734863281e-01,1.842136830091476440e-01,-8.377599716186523438e-01,-2.015752792358398438e-01,8.399220705032348633e-01,-1.557215571403503418e+00,2.097377181053161621e-01,1.128709673881530762e+00,-8.377599716186523438e-01
-5.106334090232849121e-01,-3.954396843910217285e-01,3.070045709609985352e-01,-1.801402494311332703e-02,2.998835034668445587e-02,-9.983240962028503418e-01,4.609917849302291870e-02,-2.491576783359050751e-02,-2.266352325677871704e-01,-8.377599716186523438e-01,4.286025464534759521e-01,2.217801362276077271e-01,-9.062594771385192871e-01,-1.953344494104385376e-01,8.549095988273620605e-01,-1.565592408180236816e+00,2.223007231950759888e-01,1.132476925849914551e+00,-8.377599716186523438e-01
-5.171562433242797852e-01,-3.962002098560333252e-01,3.046341240406036377e-01,-1.156189851462841034e-02,3.008698858320713043e-02,-9.983325004577636719e-01,4.788845032453536987e-02,-4.281935095787048340e-02,-2.770133316516876221e-01,-8.377599716186523438e-01,4.328249394893646240e-01,2.637754082679748535e-01,-9.836743474006652832e-01,-2.020548284053802490e-01,8.613889217376708984e-01,-1.559016585350036621e+00,2.208954393863677979e-01,1.134842157363891602e+00,-8.377599716186523438e-01
-5.234789252281188965e-01,-3.966962397098541260e-01,3.031924068927764893e-01,-5.850360728800296783e-03,2.690063603222370148e-02,-9.983715415000915527e-01,4.996441304683685303e-02,-6.669960170984268188e-02,-3.133612871170043945e-01,-8.377599716186523438e-01,4.301140904426574707e-01,3.008451163768768311e-01,-1.046947717666625977e+00,-2.143980711698532104e-01,8.654194474220275879e-01,-1.544747829437255859e+00,2.136849015951156616e-01,1.138164997100830078e+00,-8.377599716186523438e-01
-5.295737385749816895e-01,-3.970208764076232910e-01,3.025226294994354248e-01,-7.389140082523226738e-04,2.211039140820503235e-02,-9.983857274055480957e-01,5.231126397848129272e-02,-9.338205307722091675e-02,-3.376577496528625488e-01,-8.377599716186523438e-01,4.235879480838775635e-01,3.342595398426055908e-01,-1.098827600479125977e+00,-2.290227264165878296e-01,8.674551844596862793e-01,-1.525638937950134277e+00,2.041211128234863281e-01,1.141889214515686035e+00,-8.377599716186523438e-01
-5.356783270835876465e-01,-3.972900509834289551e-01,3.022364675998687744e-01,4.224190954118967056e-03,1.682552881538867950e-02,-9.983427524566650391e-01,5.487108975648880005e-02,-1.204158142209053040e-01,-3.559225797653198242e-01,-8.377599716186523438e-01,4.156467914581298828e-01,3.659160137176513672e-01,-1.144886374473571777e+00,-2.441501468420028687e-01,8.678494095802307129e-01,-1.503347635269165039e+00,1.940905749797821045e-01,1.145706176757812500e+00,-8.377599716186523438e-01
-5.417127609252929688e-01,-3.975028097629547119e-01,3.023273348808288574e-01,9.051699191331863403e-03,1.154358498752117157e-02,-9.982227087020874023e-01,5.775982514023780823e-02,-1.471755802631378174e-01,-3.684923052787780762e-01,-8.377599716186523438e-01,4.066792726516723633e-01,3.954783380031585693e-01,-1.185314655303955078e+00,-2.582253515720367432e-01,8.658834099769592285e-01,-1.477321147918701172e+00,1.846268773078918457e-01,1.149103283882141113e+00,-8.377599716186523438e-01
-5.478129386901855469e-01,-3.977529108524322510e-01,3.027901053428649902e-01,1.395338028669357300e-02,6.849489640444517136e-03,-9.980198740959167480e-01,6.094862893223762512e-02,-1.725998222827911377e-01,-3.779285848140716553e-01,-8.377599716186523438e-01,3.983744978904724121e-01,4.242413938045501709e-01,-1.221875429153442383e+00,-2.699768543243408203e-01,8.612299561500549316e-01,-1.447715163230895996e+00,1.763250231742858887e-01,1.150768876075744629e+00,-8.377599716186523438e-01
-5.539326071739196777e-01,-3.981010615825653076e-01,3.036567866802215576e-01,1.905854977667331696e-02,2.751067979261279106e-03,-9.977260231971740723e-01,6.459049880504608154e-02,-1.975066214799880981e-01,-3.845148086547851562e-01,-8.377599716186523438e-01,3.899202048778533936e-01,4.504138827323913574e-01,-1.254118084907531738e+00,-2.794425785541534424e-01,8.533185720443725586e-01,-1.414150476455688477e+00,1.689753830432891846e-01,1.151112675666809082e+00,-8.377599716186523438e-01
-5.600948333740234375e-01,-3.985029757022857666e-01,3.048756122589111328e-01,2.432594262063503265e-02,-5.853093462064862251e-04,-9.973453283309936523e-01,6.863064318895339966e-02,-2.214516252279281616e-01,-3.890407383441925049e-01,-8.377599716186523438e-01,3.823024332523345947e-01,4.750552773475646973e-01,-1.282660126686096191e+00,-2.862511873245239258e-01,8.422456979751586914e-01,-1.376771330833435059e+00,1.629414409399032593e-01,1.150342106819152832e+00,-8.377599716186523438e-01
-5.662838816642761230e-01,-3.989730775356292725e-01,3.064372539520263672e-01,2.973815798759460449e-02,-3.344805678352713585e-03,-9.968674778938293457e-01,7.320992648601531982e-02,-2.444713860750198364e-01,-3.914304971694946289e-01,-8.377599716186523438e-01,3.749015331268310547e-01,4.983870089054107666e-01,-1.307989358901977539e+00,-2.912302315235137939e-01,8.279936909675598145e-01,-1.335775017738342285e+00,1.585066765546798706e-01,1.147982835769653320e+00,-8.377599716186523438e-01
-5.725473761558532715e-01,-3.995088636875152588e-01,3.083287179470062256e-01,3.523017466068267822e-02,-5.441007204353809357e-03,-9.962683320045471191e-01,7.860407978296279907e-02,-2.672914564609527588e-01,-3.908451497554779053e-01,-8.377599716186523438e-01,3.673580288887023926e-01,5.197766423225402832e-01,-1.329598665237426758e+00,-2.940324246883392334e-01,8.105394244194030762e-01,-1.290555715560913086e+00,1.557071655988693237e-01,1.143194913864135742e+00,-8.377599716186523438e-01
-5.788212418556213379e-01,-4.001048505306243896e-01,3.105751574039459229e-01,4.089991003274917603e-02,-6.692163180559873581e-03,-9.955407977104187012e-01,8.474046736955642700e-02,-2.892951369285583496e-01,-3.873233795166015625e-01,-8.377599716186523438e-01,3.603419363498687744e-01,5.383088588714599609e-01,-1.346861481666564941e+00,-2.936725020408630371e-01,7.892465591430664062e-01,-1.240328073501586914e+00,1.544642299413681030e-01,1.133311510086059570e+00,-8.377599716186523438e-01
-5.851899385452270508e-01,-4.007796347141265869e-01,3.130867183208465576e-01,4.671690613031387329e-02,-6.903177127242088318e-03,-9.946555495262145996e-01,9.181600809097290039e-02,-3.098647296428680420e-01,-3.810967206954956055e-01,-8.377599716186523438e-01,3.543444871902465820e-01,5.560863018035888672e-01,-1.361698985099792480e+00,-2.899112403392791748e-01,7.646911740303039551e-01,-1.185709953308105469e+00,1.548717916011810303e-01,1.116653680801391602e+00,-8.377599716186523438e-01
-5.916179418563842773e-01,-4.015837609767913818e-01,3.158023059368133545e-01,5.277046933770179749e-02,-6.002782378345727921e-03,-9.935927391052246094e-01,9.976325184106826782e-02,-3.280083239078521729e-01,-3.712757825851440430e-01,-8.377599716186523438e-01,3.491887152194976807e-01,5.721339583396911621e-01,-1.374181032180786133e+00,-2.824828922748565674e-01,7.360921502113342285e-01,-1.125678062438964844e+00,1.564641147851943970e-01,1.091271877288818359e+00,-8.377599716186523438e-01
-5.980066657066345215e-01,-4.024648368358612061e-01,3.187530338764190674e-01,5.890704691410064697e-02,-4.234741441905498505e-03,-9.923167824745178223e-01,1.087170615792274475e-01,-3.426096141338348389e-01,-3.559939861297607422e-01,-8.377599716186523438e-01,3.445821106433868408e-01,5.868797898292541504e-01,-1.384699583053588867e+00,-2.716974020004272461e-01,7.034921646118164062e-01,-1.059959411621093750e+00,1.590936183929443359e-01,1.057746291160583496e+00,-8.377713561058044434e-01
-6.044893264770507812e-01,-4.034957289695739746e-01,3.215363621711730957e-01,6.527515500783920288e-02,-1.137820887379348278e-03,-9.908901453018188477e-01,1.177906394004821777e-01,-3.533137142658233643e-01,-3.420832157135009766e-01,-8.377599716186523438e-01,3.426169753074645996e-01,6.016673445701599121e-01,-1.395950317382812500e+00,-2.584076225757598877e-01,6.684064865112304688e-01,-9.909337162971496582e-01,1.624011546373367310e-01,1.017380595207214355e+00,-8.379749655723571777e-01
-6.108573675155639648e-01,-4.044469892978668213e-01,3.230227828025817871e-01,7.075888663530349731e-02,1.843185629695653915e-03,-9.895969033241271973e-01,1.252506524324417114e-01,-3.639571070671081543e-01,-3.400692939758300781e-01,-8.377599716186523438e-01,3.443799614906311035e-01,6.215427517890930176e-01,-1.413907647132873535e+00,-2.486600130796432495e-01,6.408367156982421875e-01,-9.317314028739929199e-01,1.604568213224411011e-01,9.906499981880187988e-01,-8.709306120872497559e-01
-6.167144775390625000e-01,-4.052856564521789551e-01,3.243734538555145264e-01,7.349667698144912720e-02,3.290164517238736153e-03,-9.884750843048095703e-01,1.323042809963226318e-01,-3.752861320972442627e-01,-3.316065371036529541e-01,-8.377599716186523438e-01,3.439521193504333496e-01,6.428496241569519043e-01,-1.426468491554260254e+00,-2.422948777675628662e-01,6.230831742286682129e-01,-8.822281956672668457e-01,1.561735868453979492e-01,9.764242172241210938e-01,-9.231457114219665527e-01
-6.217567324638366699e-01,-4.058577120304107666e-01,3.252590894699096680e-01,7.550769299268722534e-02,4.430705215781927109e-03,-9.875832200050354004e-01,1.376892179250717163e-01,-3.799326419830322266e-01,-3.235310316085815430e-01,-8.377599716186523438e-01,3.464990854263305664e-01,6.653358936309814453e-01,-1.443630456924438477e+00,-2.388507574796676636e-01,6.077358126640319824e-01,-8.379403948783874512e-01,1.483878791332244873e-01,9.650819301605224609e-01,-9.877501726150512695e-01
-6.273012757301330566e-01,-4.065977931022644043e-01,3.255286216735839844e-01,7.122276723384857178e-02,6.856372579932212830e-03,-9.868962168693542480e-01,1.446241736412048340e-01,-3.801475763320922852e-01,-3.004143238067626953e-01,-8.377599716186523438e-01,3.498978018760681152e-01,6.973782777786254883e-01,-1.448800206184387207e+00,-2.317503392696380615e-01,6.298120021820068359e-01,-8.377600312232971191e-01,1.473846882581710815e-01,9.708507657051086426e-01,-1.059505105018615723e+00
-6.328299641609191895e-01,-4.073489308357238770e-01,3.257994353771209717e-01,6.624134629964828491e-02,9.982432238757610321e-03,-9.861980080604553223e-01,1.514131873846054077e-01,-3.778916597366333008e-01,-2.759659588336944580e-01,-8.377599716186523438e-01,3.560415506362915039e-01,7.316592335700988770e-01,-1.456511855125427246e+00,-2.227498441934585571e-01,6.533685326576232910e-01,-8.377599716186523438e-01,1.469224095344543457e-01,9.706237316131591797e-01,-1.123935103416442871e+00
-6.382716298103332520e-01,-4.080622494220733643e-01,3.261281251907348633e-01,6.101780012249946594e-02,1.378865540027618408e-02,-9.854586124420166016e-01,1.579809933900833130e-01,-3.738119900226593018e-01,-2.507269680500030518e-01,-8.377599716186523438e-01,3.641485273838043213e-01,7.668114304542541504e-01,-1.467860102653503418e+00,-2.115550935268402100e-01,6.768013834953308105e-01,-8.377599716186523438e-01,1.466884016990661621e-01,9.631007909774780273e-01,-1.178792595863342285e+00
-6.436429619789123535e-01,-4.087710380554199219e-01,3.264391720294952393e-01,5.573567003011703491e-02,1.734944991767406464e-02,-9.846618175506591797e-01,1.644192188978195190e-01,-3.698911666870117188e-01,-2.250144034624099731e-01,-8.377599716186523438e-01,3.728164136409759521e-01,8.057410120964050293e-01,-1.486782908439636230e+00,-2.002033740282058716e-01,7.002211213111877441e-01,-8.377599716186523438e-01,1.446270495653152466e-01,9.504671096801757812e-01,-1.229823946952819824e+00
-6.489661335945129395e-01,-4.094556868076324463e-01,3.266418874263763428e-01,5.041164532303810120e-02,1.983463019132614136e-02,-9.838615059852600098e-01,1.705337464809417725e-01,-3.671685457229614258e-01,-1.993160396814346313e-01,-8.377599716186523438e-01,3.802931606769561768e-01,8.483318686485290527e-01,-1.515193939208984375e+00,-1.903388053178787231e-01,7.240748405456542969e-01,-8.377599716186523438e-01,1.402905881404876709e-01,9.345283508300781250e-01,-1.274018049240112305e+00
-6.542705893516540527e-01,-4.100863039493560791e-01,3.266864717006683350e-01,4.508437216281890869e-02,2.134482935070991516e-02,-9.830238223075866699e-01,1.765671968460083008e-01,-3.658992350101470947e-01,-1.737302839756011963e-01,-8.377599716186523438e-01,3.887518942356109619e-01,9.002354741096496582e-01,-1.561369776725769043e+00,-1.817064434289932251e-01,7.482909560203552246e-01,-8.377599716186523438e-01,1.334598213434219360e-01,9.160725474357604980e-01,-1.313549757003784180e+00
-6.598079204559326172e-01,-4.107216596603393555e-01,3.269199430942535400e-01,3.891103342175483704e-02,2.089605294167995453e-02,-9.821562767028808594e-01,1.828066706657409668e-01,-3.678042590618133545e-01,-1.436455249786376953e-01,-8.377599716186523438e-01,3.965346217155456543e-01,9.622148871421813965e-01,-1.626023888587951660e+00,-1.751916557550430298e-01,7.752704024314880371e-01,-8.377599716186523438e-01,1.233822107315063477e-01,8.987303972244262695e-01,-1.348601460456848145e+00
-6.651108860969543457e-01,-4.111948311328887939e-01,3.267237246036529541e-01,3.352323547005653381e-02,1.977633684873580933e-02,-9.812650084495544434e-01,1.886904239654541016e-01,-3.703413605690002441e-01,-1.167302131652832031e-01,-8.377599716186523438e-01,4.103085696697235107e-01,1.033205270767211914e+00,-1.723099470138549805e+00,-1.702327281236648560e-01,8.003629446029663086e-01,-8.377599716186523438e-01,1.119295209646224976e-01,8.780525326728820801e-01,-1.377908706665039062e+00
-6.702939271926879883e-01,-4.115901589393615723e-01,3.263192772865295410e-01,2.847636304795742035e-02,1.721258088946342468e-02,-9.802902936935424805e-01,1.947401016950607300e-01,-3.759253323078155518e-01,-8.966175466775894165e-02,-8.377599716186523438e-01,4.247613847255706787e-01,1.099440217018127441e+00,-1.837601780891418457e+00,-1.672948151826858521e-01,8.251491785049438477e-01,-8.377599716186523438e-01,9.789469838142395020e-02,8.559108972549438477e-01,-1.401613950729370117e+00
-6.754335761070251465e-01,-4.118812382221221924e-01,3.256876766681671143e-01,2.399206534028053284e-02,1.324321329593658447e-02,-9.792541861534118652e-01,2.007741183042526245e-01,-3.839770257472991943e-01,-6.394772231578826904e-02,-8.377599716186523438e-01,4.310859143733978271e-01,1.146361470222473145e+00,-1.949640870094299316e+00,-1.665499359369277954e-01,8.489865064620971680e-01,-8.377599716186523438e-01,8.176573365926742554e-02,8.324600458145141602e-01,-1.419050455093383789e+00
-6.805365681648254395e-01,-4.121055901050567627e-01,3.249912559986114502e-01,1.979484781622886658e-02,8.183986879885196686e-03,-9.781796336174011230e-01,2.066536694765090942e-01,-3.935132324695587158e-01,-3.799041360616683960e-02,-8.377599716186523438e-01,4.244338274002075195e-01,1.170690417289733887e+00,-2.046368122100830078e+00,-1.673816889524459839e-01,8.723455667495727539e-01,-8.377599716186523438e-01,6.410445272922515869e-02,8.082865476608276367e-01,-1.430773258209228516e+00
-6.856609582901000977e-01,-4.122794270515441895e-01,3.241720795631408691e-01,1.570812426507472992e-02,2.389673376455903053e-03,-9.771399497985839844e-01,2.120024114847183228e-01,-4.032540023326873779e-01,-1.271692104637622833e-02,-8.377599716186523438e-01,4.058221876621246338e-01,1.167803049087524414e+00,-2.121067762374877930e+00,-1.696428954601287842e-01,8.961671590805053711e-01,-8.377599716186523438e-01,4.628080129623413086e-02,7.846146821975708008e-01,-1.438135743141174316e+00
-6.907828450202941895e-01,-4.124072492122650146e-01,3.232788145542144775e-01,1.162816677242517471e-02,-4.121132660657167435e-03,-9.761605858802795410e-01,2.166986614465713501e-01,-4.128094911575317383e-01,1.315653044730424881e-02,-8.377599716186523438e-01,3.748940825462341309e-01,1.138200998306274414e+00,-2.163584709167480469e+00,-1.728236228227615356e-01,9.206572175025939941e-01,-8.377599716186523438e-01,2.802701108157634735e-02,7.622874975204467773e-01,-1.443850755691528320e+00
-6.959277987480163574e-01,-4.124636948108673096e-01,3.222553133964538574e-01,7.620149292051792145e-03,-1.100117154419422150e-02,-9.752313494682312012e-01,2.207820415496826172e-01,-4.222191274166107178e-01,3.800993412733078003e-02,-8.377599716186523438e-01,3.338075876235961914e-01,1.088148713111877441e+00,-2.167618274688720703e+00,-1.766579002141952515e-01,9.454177021980285645e-01,-8.377599716186523438e-01,1.017033867537975311e-02,7.421223521232604980e-01,-1.449265360832214355e+00
-7.009689807891845703e-01,-4.124911129474639893e-01,3.212440013885498047e-01,3.364641219377517700e-03,-1.809208095073699951e-02,-9.743323922157287598e-01,2.243607342243194580e-01,-4.301997423171997070e-01,6.444521248340606689e-02,-8.377599716186523438e-01,2.848898768424987793e-01,1.027927398681640625e+00,-2.135607004165649414e+00,-1.803044676780700684e-01,9.709777832031250000e-01,-8.377599716186523438e-01,-6.536874920129776001e-03,7.248190045356750488e-01,-1.456505894660949707e+00
-7.060105800628662109e-01,-4.125542342662811279e-01,3.201503157615661621e-01,-9.215059108100831509e-04,-2.523577772080898285e-02,-9.735133051872253418e-01,2.272314727306365967e-01,-4.372934699058532715e-01,9.031394124031066895e-02,-8.377599716186523438e-01,2.353384792804718018e-01,9.599936008453369141e-01,-2.075685262680053711e+00,-1.834745705127716064e-01,9.968019127845764160e-01,-8.377599716186523438e-01,-2.172828093171119690e-02,7.110124230384826660e-01,-1.466708660125732422e+00
-7.110527753829956055e-01,-4.125752449035644531e-01,3.189855813980102539e-01,-5.396611522883176804e-03,-3.265504166483879089e-02,-9.726791381835937500e-01,2.297820299863815308e-01,-4.443306028842926025e-01,1.167081743478775024e-01,-8.377599716186523438e-01,1.864646226167678833e-01,8.820173144340515137e-01,-1.987850666046142578e+00,-1.864648610353469849e-01,1.023461699485778809e+00,-8.377599716186523438e-01,-3.658731654286384583e-02,7.017954587936401367e-01,-1.481787562370300293e+00
-7.159392833709716797e-01,-4.126341342926025391e-01,3.179661333560943604e-01,-1.041476707905530930e-02,-3.905378282070159912e-02,-9.719048738479614258e-01,2.318777740001678467e-01,-4.482814967632293701e-01,1.433299928903579712e-01,-8.377599716186523438e-01,1.412913948297500610e-01,7.909962534904479980e-01,-1.874738812446594238e+00,-1.879089325666427612e-01,1.050701498985290527e+00,-8.377599716186523438e-01,-4.849857091903686523e-02,6.958580613136291504e-01,-1.496358036994934082e+00
-7.211129665374755859e-01,-4.126111567020416260e-01,3.166291117668151855e-01,-1.521890424191951752e-02,-4.775077104568481445e-02,-9.709562659263610840e-01,2.339490950107574463e-01,-4.559711217880249023e-01,1.713839322328567505e-01,-8.377599716186523438e-01,9.426523000001907349e-02,6.880970597267150879e-01,-1.743633747100830078e+00,-1.921752393245697021e-01,1.079287528991699219e+00,-8.377599716186523438e-01,-6.178204715251922607e-02,7.000238299369812012e-01,-1.518646836280822754e+00
-7.263417243957519531e-01,-4.125764071941375732e-01,3.152121901512145996e-01,-1.998887211084365845e-02,-5.694214999675750732e-02,-9.698854088783264160e-01,2.359667420387268066e-01,-4.647543728351593018e-01,1.991062164306640625e-01,-8.377599716186523438e-01,4.285562038421630859e-02,5.716080069541931152e-01,-1.584951162338256836e+00,-1.972572356462478638e-01,1.108289003372192383e+00,-8.377599716186523438e-01,-7.367491722106933594e-02,7.111979722976684570e-01,-1.540652871131896973e+00
-7.315762639045715332e-01,-4.125489294528961182e-01,3.137937188148498535e-01,-2.505804225802421570e-02,-6.664736568927764893e-02,-9.687064290046691895e-01,2.377774417400360107e-01,-4.735429584980010986e-01,2.289864718914031982e-01,-8.377599716186523438e-01,-1.113061606884002686e-02,4.358039200305938721e-01,-1.394982457160949707e+00,-2.032993137836456299e-01,1.138659715652465820e+00,-8.377599716186523438e-01,-8.300734311342239380e-02,7.306815385818481445e-01,-1.561297416687011719e+00
-7.368257045745849609e-01,-4.125174283981323242e-01,3.123708069324493408e-01,-3.024081699550151825e-02,-7.612895220518112183e-02,-9.675495028495788574e-01,2.390352040529251099e-01,-4.812107682228088379e-01,2.583271563053131104e-01,-8.377599716186523438e-01,-6.608851253986358643e-02,2.776848077774047852e-01,-1.170148015022277832e+00,-2.088675796985626221e-01,1.169373512268066406e+00,-8.377599716186523438e-01,-8.830500394105911255e-02,7.565087080001831055e-01,-1.578389644622802734e+00
-7.421053051948547363e-01,-4.124437272548675537e-01,3.109632134437561035e-01,-3.558139875531196594e-02,-8.495456725358963013e-02,-9.664841294288635254e-01,2.396354377269744873e-01,-4.867724478244781494e-01,2.873082160949707031e-01,-8.377599716186523438e-01,-1.171260327100753784e-01,1.047166883945465088e-01,-9.202647209167480469e-01,-2.127535343170166016e-01,1.200201511383056641e+00,-8.377599716186523438e-01,-8.896879851818084717e-02,7.871243953704833984e-01,-1.589581489562988281e+00
-7.491818666458129883e-01,-4.122330844402313232e-01,3.064414858818054199e-01,-3.044203482568264008e-02,-1.123800426721572876e-01,-9.651137590408325195e-01,2.345195114612579346e-01,-5.236574411392211914e-01,3.055225610733032227e-01,-8.377599716186523438e-01,-1.862785965204238892e-01,-6.988249253481626511e-03,-8.377649188041687012e-01,-2.722479999065399170e-01,1.223358631134033203e+00,-8.377599716186523438e-01,-1.352663189172744751e-01,8.186218738555908203e-01,-1.626215457916259766e+00
-7.571352124214172363e-01,-4.120198190212249756e-01,3.012736737728118896e-01,-2.377025969326496124e-02,-1.305852085351943970e-01,-9.645522236824035645e-01,2.280821353197097778e-01,-5.449461340904235840e-01,3.398200571537017822e-01,-8.815281987190246582e-01,-2.270339131355285645e-01,-8.135464787483215332e-02,-8.377600312232971191e-01,-3.139942884445190430e-01,1.239922165870666504e+00,-8.377599716186523438e-01,-1.640248596668243408e-01,8.489084839820861816e-01,-1.668315768241882324e+00
-7.645024061203002930e-01,-4.121075570583343506e-01,2.965269684791564941e-01,-1.790821924805641174e-02,-1.399451047182083130e-01,-9.647842049598693848e-01,2.220048457384109497e-01,-5.542371869087219238e-01,3.928923606872558594e-01,-9.686350822448730469e-01,-2.466663420200347900e-01,-1.460705846548080444e-01,-8.377599716186523438e-01,-3.375261127948760986e-01,1.251632928848266602e+00,-8.377599716186523438e-01,-1.756620258092880249e-01,8.734936118125915527e-01,-1.696934700012207031e+00
-7.712586522102355957e-01,-4.123146831989288330e-01,2.928916513919830322e-01,-1.381853036582469940e-02,-1.440790593624114990e-01,-9.654492139816284180e-01,2.166980504989624023e-01,-5.549710988998413086e-01,4.412011206150054932e-01,-1.043592572212219238e+00,-2.515468299388885498e-01,-1.927322447299957275e-01,-8.377599716186523438e-01,-3.481106460094451904e-01,1.262267708778381348e+00,-8.377599716186523438e-01,-1.759595870971679688e-01,8.902599811553955078e-01,-1.718443036079406738e+00
-7.776773571968078613e-01,-4.125019907951354980e-01,2.902407944202423096e-01,-1.046486664563417435e-02,-1.459996700286865234e-01,-9.661850929260253906e-01,2.122757434844970703e-01,-5.517576932907104492e-01,4.848515689373016357e-01,-1.106213569641113281e+00,-2.510546147823333740e-01,-2.251118570566177368e-01,-8.377599716186523438e-01,-3.521452546119689941e-01,1.270844221115112305e+00,-8.377599716186523438e-01,-1.704349219799041748e-01,9.045054912567138672e-01,-1.731299996376037598e+00
-7.839801311492919922e-01,-4.127363264560699463e-01,2.882997989654541016e-01,-6.711271125823259354e-03,-1.473440229892730713e-01,-9.669790267944335938e-01,2.078371793031692505e-01,-5.476933121681213379e-01,5.241851210594177246e-01,-1.161325097084045410e+00,-2.484086006879806519e-01,-2.511424422264099121e-01,-8.377599716186523438e-01,-3.558310270309448242e-01,1.276404500007629395e+00,-8.377599716186523438e-01,-1.610372364521026611e-01,9.174055457115173340e-01,-1.738148689270019531e+00
-7.904741764068603516e-01,-4.130668044090270996e-01,2.869886159896850586e-01,-2.202308969572186470e-03,-1.473934203386306763e-01,-9.679999351501464844e-01,2.030922025442123413e-01,-5.413854718208312988e-01,5.623328685760498047e-01,-1.214089393615722656e+00,-2.426154911518096924e-01,-2.751050591468811035e-01,-8.377599716186523438e-01,-3.583697080612182617e-01,1.278106331825256348e+00,-8.377599716186523438e-01,-1.495905220508575439e-01,9.270879030227661133e-01,-1.738083362579345703e+00
-7.971593737602233887e-01,-4.136472642421722412e-01,2.862284183502197266e-01,3.133869031444191933e-03,-1.457143723964691162e-01,-9.694254398345947266e-01,1.974127739667892456e-01,-5.322736501693725586e-01,5.979413986206054688e-01,-1.264523983001708984e+00,-2.315371930599212646e-01,-2.996006608009338379e-01,-8.377599716186523438e-01,-3.595767319202423096e-01,1.275600910186767578e+00,-8.377599716186523438e-01,-1.345719397068023682e-01,9.321672320365905762e-01,-1.729696750640869141e+00
-8.038880228996276855e-01,-4.144862592220306396e-01,2.861599624156951904e-01,8.701921440660953522e-03,-1.420002728700637817e-01,-9.711990356445312500e-01,1.911350637674331665e-01,-5.197188854217529297e-01,6.320986747741699219e-01,-1.311760425567626953e+00,-2.142410129308700562e-01,-3.213239014148712158e-01,-8.377599716186523438e-01,-3.579854369163513184e-01,1.268812417984008789e+00,-8.377599716186523438e-01,-1.156223043799400330e-01,9.327617287635803223e-01,-1.712731361389160156e+00
-8.105297088623046875e-01,-4.155522882938385010e-01,2.866282463073730469e-01,1.438022032380104065e-02,-1.368412524461746216e-01,-9.732259511947631836e-01,1.841166019439697266e-01,-5.047615766525268555e-01,6.648800373077392578e-01,-1.355628132820129395e+00,-1.916092038154602051e-01,-3.407187759876251221e-01,-8.377599716186523438e-01,-3.546081185340881348e-01,1.258165001869201660e+00,-8.377599716186523438e-01,-9.305495768785476685e-02,9.289348721504211426e-01,-1.689680337905883789e+00
-8.170171380043029785e-01,-4.168135523796081543e-01,2.875919342041015625e-01,1.980521529912948608e-02,-1.305364519357681274e-01,-9.753429889678955078e-01,1.768445372581481934e-01,-4.886923432350158691e-01,6.953714489936828613e-01,-1.394342064857482910e+00,-1.659434586763381958e-01,-3.557803332805633545e-01,-8.377599716186523438e-01,-3.503781557083129883e-01,1.246139645576477051e+00,-8.377599716186523438e-01,-6.896729022264480591e-02,9.216929078102111816e-01,-1.660261988639831543e+00
-8.232277631759643555e-01,-4.182313382625579834e-01,2.890336215496063232e-01,2.494710125029087067e-02,-1.239989101886749268e-01,-9.774113893508911133e-01,1.693188846111297607e-01,-4.725629091262817383e-01,7.241600155830383301e-01,-1.428172588348388672e+00,-1.381845325231552124e-01,-3.661914169788360596e-01,-8.377599716186523438e-01,-3.467982709407806396e-01,1.233460307121276855e+00,-8.377599716186523438e-01,-4.479721188545227051e-02,9.117217659950256348e-01,-1.625899553298950195e+00
-8.293002843856811523e-01,-4.197820127010345459e-01,2.909409999847412109e-01,2.994316071271896362e-02,-1.175568476319313049e-01,-9.794344305992126465e-01,1.612203121185302734e-01,-4.569673240184783936e-01,7.507057785987854004e-01,-1.456768751144409180e+00,-1.091484725475311279e-01,-3.728106021881103516e-01,-8.377599716186523438e-01,-3.447074294090270996e-01,1.219159007072448730e+00,-8.377599716186523438e-01,-2.201493084430694580e-02,8.985728621482849121e-01,-1.587062716484069824e+00
-8.353534936904907227e-01,-4.214054346084594727e-01,2.933292984962463379e-01,3.499868139624595642e-02,-1.120205074548721313e-01,-9.813053607940673828e-01,1.525327414274215698e-01,-4.431844651699066162e-01,7.760396003723144531e-01,-1.480882644653320312e+00,-8.036009967327117920e-02,-3.759698271751403809e-01,-8.377599716186523438e-01,-3.447511196136474609e-01,1.200352191925048828e+00,-8.377599716186523438e-01,-3.094386076554656029e-03,8.824998736381530762e-01,-1.543120741844177246e+00
-8.414756059646606445e-01,-4.230924546718597412e-01,2.961060106754302979e-01,4.032260179519653320e-02,-1.080098748207092285e-01,-9.829330444335937500e-01,1.433549225330352783e-01,-4.325368404388427734e-01,7.992925047874450684e-01,-1.500832438468933105e+00,-5.333256721496582031e-02,-3.760117292404174805e-01,-8.377599716186523438e-01,-3.474047780036926270e-01,1.175069570541381836e+00,-8.377599716186523438e-01,9.979535825550556183e-03,8.631598949432373047e-01,-1.494334101676940918e+00
-8.476475477218627930e-01,-4.247173964977264404e-01,2.991768717765808105e-01,4.613534733653068542e-02,-1.058525368571281433e-01,-9.842746257781982422e-01,1.336793899536132812e-01,-4.255062937736511230e-01,8.221408128738403320e-01,-1.519372940063476562e+00,-2.966371364891529083e-02,-3.727279007434844971e-01,-8.377599716186523438e-01,-3.535042405128479004e-01,1.142852067947387695e+00,-8.377599716186523438e-01,1.711195334792137146e-02,8.405779600143432617e-01,-1.441847205162048340e+00
-8.540943264961242676e-01,-4.263244569301605225e-01,3.021760284900665283e-01,5.244595929980278015e-02,-1.052364557981491089e-01,-9.853181242942810059e-01,1.237858831882476807e-01,-4.218814671039581299e-01,8.442174792289733887e-01,-1.537671089172363281e+00,-8.852428756654262543e-03,-3.702862262725830078e-01,-8.377599716186523438e-01,-3.619267046451568604e-01,1.105695605278015137e+00,-8.377599716186523438e-01,1.955934613943099976e-02,8.160793185234069824e-01,-1.387670993804931641e+00
-8.612912893295288086e-01,-4.279838502407073975e-01,3.047939538955688477e-01,5.909542366862297058e-02,-1.063453629612922668e-01,-9.859228134155273438e-01,1.146936118602752686e-01,-4.230268299579620361e-01,8.686845898628234863e-01,-1.557615756988525391e+00,1.035945862531661987e-02,-3.795387148857116699e-01,-8.377599716186523438e-01,-3.710731267929077148e-01,1.065751671791076660e+00,-8.377599716186523438e-01,1.854982227087020874e-02,7.934749722480773926e-01,-1.333655834197998047e+00
-8.680183887481689453e-01,-4.295375049114227295e-01,3.080765306949615479e-01,6.469313055276870728e-02,-1.078682243824005127e-01,-9.864227175712585449e-01,1.055908054113388062e-01,-4.251318275928497314e-01,8.882180452346801758e-01,-1.571297049522399902e+00,3.177132457494735718e-02,-3.824151456356048584e-01,-8.377599716186523438e-01,-3.803642392158508301e-01,1.023089885711669922e+00,-8.377599716186523438e-01,1.552099734544754028e-02,7.688185572624206543e-01,-1.276412725448608398e+00
-8.746069073677062988e-01,-4.309811294078826904e-01,3.116502165794372559e-01,6.956472247838973999e-02,-1.097191274166107178e-01,-9.868468046188354492e-01,9.620747715234756470e-02,-4.268603920936584473e-01,9.044679403305053711e-01,-1.580811977386474609e+00,5.394307151436805725e-02,-3.820381760597229004e-01,-8.377599716186523438e-01,-3.895153701305389404e-01,9.785341024398803711e-01,-8.378013968467712402e-01,1.106452289968729019e-02,7.428968548774719238e-01,-1.215754151344299316e+00
-8.811878561973571777e-01,-4.322887957096099854e-01,3.151871263980865479e-01,7.414782792329788208e-02,-1.117552667856216431e-01,-9.871726036071777344e-01,8.662066608667373657e-02,-4.283266961574554443e-01,9.185770750045776367e-01,-1.589705348014831543e+00,7.575143873691558838e-02,-3.813751339912414551e-01,-8.377599716186523438e-01,-3.981988430023193359e-01,9.320844411849975586e-01,-8.379365205764770508e-01,5.307298153638839722e-03,7.158737182617187500e-01,-1.153892397880554199e+00
-8.877778649330139160e-01,-4.335235953330993652e-01,3.186184167861938477e-01,7.850715517997741699e-02,-1.139683797955513000e-01,-9.873782396316528320e-01,7.701949775218963623e-02,-4.299589395523071289e-01,9.328600168228149414e-01,-1.601171612739562988e+00,9.700351953506469727e-02,-3.799604177474975586e-01,-8.377599716186523438e-01,-4.055615663528442383e-01,8.833197951316833496e-01,-8.380630612373352051e-01,-1.587558770552277565e-03,6.880514621734619141e-01,-1.090421795845031738e+00
-8.939718008041381836e-01,-4.346647560596466064e-01,3.216172754764556885e-01,8.168036490678787231e-02,-1.159391552209854126e-01,-9.875500202178955078e-01,6.805451959371566772e-02,-4.313171207904815674e-01,9.497433304786682129e-01,-1.619276285171508789e+00,1.175460144877433777e-01,-3.756545186042785645e-01,-8.377599716186523438e-01,-4.111044406890869141e-01,8.426586389541625977e-01,-8.535324335098266602e-01,-7.802122272551059723e-03,6.636015176773071289e-01,-1.030526518821716309e+00
-8.999115824699401855e-01,-4.357277154922485352e-01,3.241241574287414551e-01,8.306888490915298462e-02,-1.172410026192665100e-01,-9.878281354904174805e-01,5.957908555865287781e-02,-4.322566986083984375e-01,9.733266234397888184e-01,-1.649993300437927246e+00,1.373617798089981079e-01,-3.664726316928863525e-01,-8.377599716186523438e-01,-4.139458537101745605e-01,8.119394183158874512e-01,-8.851789236068725586e-01,-1.215500105172395706e-02,6.460922956466674805e-01,-9.779593348503112793e-01
-9.057077765464782715e-01,-4.367301464080810547e-01,3.262064754962921143e-01,8.273718506097793579e-02,-1.181226447224617004e-01,-9.882020950317382812e-01,5.155760049819946289e-02,-4.333953559398651123e-01,1.002369642257690430e+00,-1.697668075561523438e+00,1.553999483585357666e-01,-3.523824512958526611e-01,-8.377599716186523438e-01,-4.147871732711791992e-01,7.880848050117492676e-01,-9.251468777656555176e-01,-1.534166187047958374e-02,6.358107328414916992e-01,-9.323162436485290527e-01
-9.113133549690246582e-01,-4.376580417156219482e-01,3.278408646583557129e-01,8.112356066703796387e-02,-1.183909401297569275e-01,-9.886645674705505371e-01,4.410117492079734802e-02,-4.353811144828796387e-01,1.030499458312988281e+00,-1.760119915008544922e+00,1.715942323207855225e-01,-3.346097171306610107e-01,-8.377599716186523438e-01,-4.129039347171783447e-01,7.679759263992309570e-01,-9.685073494911193848e-01,-1.756733655929565430e-02,6.315060853958129883e-01,-8.937010169029235840e-01
-9.167536497116088867e-01,-4.385721385478973389e-01,3.290751576423645020e-01,7.867489010095596313e-02,-1.182518079876899719e-01,-9.891712069511413574e-01,3.697469830513000488e-02,-4.365407526493072510e-01,1.052885293960571289e+00,-1.831198453903198242e+00,1.865068227052688599e-01,-3.149321973323822021e-01,-8.377599716186523438e-01,-4.089903533458709717e-01,7.490572929382324219e-01,-1.012469530105590820e+00,-1.880190335214138031e-02,6.321369409561157227e-01,-8.612236380577087402e-01
-9.219480752944946289e-01,-4.395050406455993652e-01,3.298920392990112305e-01,7.560563832521438599e-02,-1.174670904874801636e-01,-9.897330403327941895e-01,3.022891283035278320e-02,-4.327829778194427490e-01,1.060097098350524902e+00,-1.897356510162353516e+00,2.003384828567504883e-01,-2.935427129268646240e-01,-8.377599716186523438e-01,-4.029060304164886475e-01,7.306689620018005371e-01,-1.056705951690673828e+00,-1.937303692102432251e-02,6.378458738327026367e-01,-8.382164239883422852e-01
-9.269006252288818359e-01,-4.403462111949920654e-01,3.301042318344116211e-01,7.062507420778274536e-02,-1.171314194798469543e-01,-9.903134703636169434e-01,2.390834316611289978e-02,-4.209661483764648438e-01,1.058372735977172852e+00,-1.955890774726867676e+00,2.099412828683853149e-01,-2.676319181919097900e-01,-8.377599716186523438e-01,-3.969530463218688965e-01,7.180027365684509277e-01,-1.104658126831054688e+00,-2.018451318144798279e-02,6.593542695045471191e-01,-8.377611637115478516e-01
-9.318788051605224609e-01,-4.412285685539245605e-01,3.300836086273193359e-01,6.478441506624221802e-02,-1.159829497337341309e-01,-9.909704327583312988e-01,1.812602952122688293e-02,-4.053212702274322510e-01,1.048781991004943848e+00,-2.011726140975952148e+00,2.184433192014694214e-01,-2.395923435688018799e-01,-8.377599716186523438e-01,-3.889949917793273926e-01,7.061886787414550781e-01,-1.149906516075134277e+00,-1.943828165531158447e-02,6.839137673377990723e-01,-8.377600312232971191e-01
-9.367628693580627441e-01,-4.421755373477935791e-01,3.298649489879608154e-01,5.887959152460098267e-02,-1.135998368263244629e-01,-9.916979074478149414e-01,1.278716512024402618e-02,-3.860423564910888672e-01,1.025616407394409180e+00,-2.055589675903320312e+00,2.276704907417297363e-01,-2.110259830951690674e-01,-8.377599716186523438e-01,-3.785713315010070801e-01,6.930456757545471191e-01,-1.191400766372680664e+00,-1.680728979408740997e-02,7.086697816848754883e-01,-8.377599716186523438e-01
-9.416041374206542969e-01,-4.431601762771606445e-01,3.294615149497985840e-01,5.309004336595535278e-02,-1.096133291721343994e-01,-9.925263524055480957e-01,7.601151242852210999e-03,-3.618043959140777588e-01,9.834597110748291016e-01,-2.071258068084716797e+00,2.395967841148376465e-01,-1.828063875436782837e-01,-8.377599716186523438e-01,-3.646403849124908447e-01,6.777284741401672363e-01,-1.228243350982666016e+00,-1.148247718811035156e-02,7.329688072204589844e-01,-8.377599716186523438e-01
-9.464111328125000000e-01,-4.441620707511901855e-01,3.289191126823425293e-01,4.725154861807823181e-02,-1.043263599276542664e-01,-9.934165477752685547e-01,2.620983868837356567e-03,-3.337408006191253662e-01,9.281193017959594727e-01,-2.059515237808227539e+00,2.531832158565521240e-01,-1.545348465442657471e-01,-8.377599716186523438e-01,-3.478708863258361816e-01,6.613866686820983887e-01,-1.260751724243164062e+00,-3.746474627405405045e-03,7.574404478073120117e-01,-8.377599716186523438e-01
-9.511272907257080078e-01,-4.451706409454345703e-01,3.283146619796752930e-01,4.132786393165588379e-02,-9.819640219211578369e-02,-9.943059682846069336e-01,-2.268721815198659897e-03,-3.025628626346588135e-01,8.656494021415710449e-01,-2.024437427520751953e+00,2.680400907993316650e-01,-1.251912862062454224e-01,-8.377599716186523438e-01,-3.294482231140136719e-01,6.446046233177185059e-01,-1.289867043495178223e+00,5.147620569914579391e-03,7.817458510398864746e-01,-8.377599716186523438e-01
-9.558359980583190918e-01,-4.461877346038818359e-01,3.275603950023651123e-01,3.536326810717582703e-02,-9.116326272487640381e-02,-9.951835870742797852e-01,-6.950128823518753052e-03,-2.710743546485900879e-01,7.997376322746276855e-01,-1.973412990570068359e+00,2.846725881099700928e-01,-9.603057056665420532e-02,-8.377599716186523438e-01,-3.088758289813995361e-01,6.290637850761413574e-01,-1.317639470100402832e+00,1.560665015131235123e-02,8.069306612014770508e-01,-8.377599716186523438e-01
-9.605737924575805664e-01,-4.472650885581970215e-01,3.266915678977966309e-01,2.931560762226581573e-02,-8.301711827516555786e-02,-9.960505962371826172e-01,-1.148682087659835815e-02,-2.398171275854110718e-01,7.275801897048950195e-01,-1.905714392662048340e+00,3.027129769325256348e-01,-6.648491322994232178e-02,-8.377599716186523438e-01,-2.868967950344085693e-01,6.156676411628723145e-01,-1.345505237579345703e+00,2.770375274121761322e-02,8.325240612030029297e-01,-8.377599716186523438e-01
-9.651826024055480957e-01,-4.482122361660003662e-01,3.259053230285644531e-01,2.301113307476043701e-02,-7.479780912399291992e-02,-9.968200922012329102e-01,-1.501676905900239944e-02,-2.117510586977005005e-01,6.458457708358764648e-01,-1.816064119338989258e+00,3.178798556327819824e-01,-3.541078418493270874e-02,-8.377599716186523438e-01,-2.636995017528533936e-01,6.028293371200561523e-01,-1.369215846061706543e+00,4.200085997581481934e-02,8.588686585426330566e-01,-8.377599716186523438e-01
-9.700242280960083008e-01,-4.494161009788513184e-01,3.248793184757232666e-01,1.668997667729854584e-02,-6.639315187931060791e-02,-9.974610209465026855e-01,-1.961972191929817200e-02,-1.828094124794006348e-01,5.599873661994934082e-01,-1.713984489440917969e+00,3.349678516387939453e-01,-4.911799915134906769e-03,-8.377599716186523438e-01,-2.429634332656860352e-01,5.966760516166687012e-01,-1.394997239112854004e+00,5.318756401538848877e-02,8.861949443817138672e-01,-8.377599716186523438e-01
-9.749819636344909668e-01,-4.506820142269134521e-01,3.237547576427459717e-01,1.014853734523057938e-02,-5.743858218193054199e-02,-9.979977011680603027e-01,-2.446147985756397247e-02,-1.539105027914047241e-01,4.632977545261383057e-01,-1.591098666191101074e+00,3.523197472095489502e-01,2.676765061914920807e-02,-8.377599716186523438e-01,-2.228488177061080933e-01,5.967112779617309570e-01,-1.419144630432128906e+00,6.446235626935958862e-02,9.146198034286499023e-01,-8.377599716186523438e-01
-9.800550937652587891e-01,-4.519442915916442871e-01,3.225629329681396484e-01,3.437449922785162926e-03,-4.819791764020919800e-02,-9.984024167060852051e-01,-2.928828075528144836e-02,-1.251718699932098389e-01,3.555655479431152344e-01,-1.448587775230407715e+00,3.696581721305847168e-01,5.923376604914665222e-02,-8.377599716186523438e-01,-2.038436084985733032e-01,6.033674478530883789e-01,-1.440058588981628418e+00,7.623898983001708984e-02,9.444012641906738281e-01,-8.377599716186523438e-01
-9.852581620216369629e-01,-4.532356262207031250e-01,3.213761448860168457e-01,-3.504835302010178566e-03,-3.927679359912872314e-02,-9.986461997032165527e-01,-3.392361477017402649e-02,-9.657719731330871582e-02,2.332980632781982422e-01,-1.279575824737548828e+00,3.854536116123199463e-01,9.268826991319656372e-02,-8.377599716186523438e-01,-1.874653846025466919e-01,6.177912950515747070e-01,-1.458125948905944824e+00,8.664093911647796631e-02,9.750918745994567871e-01,-8.377599716186523438e-01
-9.906225204467773438e-01,-4.544678330421447754e-01,3.201625049114227295e-01,-1.068755891174077988e-02,-3.046669252216815948e-02,-9.987524747848510742e-01,-3.809325024485588074e-02,-6.725611537694931030e-02,9.693112224340438843e-02,-1.083241701126098633e+00,3.999531567096710205e-01,1.270808577537536621e-01,-8.377599716186523438e-01,-1.730587631464004517e-01,6.401607394218444824e-01,-1.472188115119934082e+00,9.677031636238098145e-02,1.007363438606262207e+00,-8.377599716186523438e-01
-9.961220622062683105e-01,-4.556756913661956787e-01,3.189020752906799316e-01,-1.796257309615612030e-02,-2.194515243172645569e-02,-9.987419247627258301e-01,-4.135651886463165283e-02,-3.747661039233207703e-02,-6.167956441640853882e-02,-8.488041162490844727e-01,4.130257964134216309e-01,1.612361967563629150e-01,-8.377599716186523438e-01,-1.610968261957168579e-01,6.687078475952148438e-01,-1.477710604667663574e+00,1.066798940300941467e-01,1.040806651115417480e+00,-8.377599716186523438e-01
-1.004302620887756348e+00,-4.575788676738739014e-01,3.133222162723541260e-01,-1.608494482934474945e-02,9.837539866566658020e-03,-9.987465739250183105e-01,-4.636617377400398254e-02,3.577810898423194885e-02,-1.289413720369338989e-01,-8.377876281738281250e-01,4.769051373004913330e-01,1.819579899311065674e-01,-8.377599716186523438e-01,-1.104013770818710327e-01,7.071366310119628906e-01,-1.500899553298950195e+00,1.553343981504440308e-01,1.060315966606140137e+00,-8.377599716186523438e-01
-1.012413263320922852e+00,-4.595822095870971680e-01,3.076435625553131104e-01,-1.160086970776319504e-02,2.666498720645904541e-02,-9.985997080802917480e-01,-4.419319331645965576e-02,6.500394642353057861e-02,-1.971535384654998779e-01,-8.377600908279418945e-01,5.082161426544189453e-01,2.366936057806015015e-01,-9.253676533699035645e-01,-8.648458123207092285e-02,7.330371737480163574e-01,-1.521647572517395020e+00,1.876767426729202271e-01,1.076704025268554688e+00,-8.377599716186523438e-01
-1.019942164421081543e+00,-4.611381292343139648e-01,3.030648529529571533e-01,-7.773538585752248764e-03,3.414915874600410461e-02,-9.985263347625732422e-01,-4.145611450076103210e-02,7.176447659730911255e-02,-2.517979145050048828e-01,-8.377599716186523438e-01,5.222038030624389648e-01,2.921603918075561523e-01,-1.014491677284240723e+00,-8.073210716247558594e-02,7.615195512771606445e-01,-1.555914640426635742e+00,2.030987292528152466e-01,1.092531919479370117e+00,-8.377599716186523438e-01
-1.026862025260925293e+00,-4.623948037624359131e-01,2.998595833778381348e-01,-6.532398983836174011e-03,3.870365768671035767e-02,-9.984455704689025879e-01,-3.957049921154975891e-02,6.949595361948013306e-02,-2.823887169361114502e-01,-8.377599716186523438e-01,5.296949148178100586e-01,3.421421945095062256e-01,-1.079620122909545898e+00,-8.291210234165191650e-02,7.898939847946166992e-01,-1.581741690635681152e+00,2.112426459789276123e-01,1.111301422119140625e+00,-8.377599716186523438e-01
-1.033548831939697266e+00,-4.634769260883331299e-01,2.974787652492523193e-01,-6.185193546116352081e-03,4.247009754180908203e-02,-9.983565211296081543e-01,-3.797683492302894592e-02,6.608512997627258301e-02,-3.021874129772186279e-01,-8.377599716186523438e-01,5.351358652114868164e-01,3.862952291965484619e-01,-1.129605770111083984e+00,-8.733678609132766724e-02,8.145106434822082520e-01,-1.599686622619628906e+00,2.180174440145492554e-01,1.130972862243652344e+00,-8.377599716186523438e-01
-1.040036797523498535e+00,-4.644099771976470947e-01,2.958123087882995605e-01,-5.714640486985445023e-03,4.498613998293876648e-02,-9.983357787132263184e-01,-3.562694787979125977e-02,5.851687863469123840e-02,-3.165768384933471680e-01,-8.377599716186523438e-01,5.374313592910766602e-01,4.289954602718353271e-01,-1.174527287483215332e+00,-9.505961090326309204e-02,8.366178870201110840e-01,-1.609996676445007324e+00,2.228117436170578003e-01,1.148842453956604004e+00,-8.377599716186523438e-01
-1.046530008316040039e+00,-4.652144908905029297e-01,2.946602702140808105e-01,-4.166075494140386581e-03,4.581996798515319824e-02,-9.984266161918640137e-01,-3.205365687608718872e-02,4.522961750626564026e-02,-3.306587040424346924e-01,-8.377599716186523438e-01,5.360217690467834473e-01,4.676412343978881836e-01,-1.217844247817993164e+00,-1.052039042115211487e-01,8.549892306327819824e-01,-1.613254785537719727e+00,2.253295481204986572e-01,1.163171768188476562e+00,-8.377599716186523438e-01
-1.053031444549560547e+00,-4.658015966415405273e-01,2.940388619899749756e-01,-1.676536398008465767e-03,4.466135427355766296e-02,-9.986202716827392578e-01,-2.757023833692073822e-02,2.552632056176662445e-02,-3.428028225898742676e-01,-8.377599716186523438e-01,5.305685997009277344e-01,5.044429898262023926e-01,-1.260250091552734375e+00,-1.183876469731330872e-01,8.689008951187133789e-01,-1.610252022743225098e+00,2.250001132488250732e-01,1.174053192138671875e+00,-8.377599716186523438e-01
-1.059666514396667480e+00,-4.661929905414581299e-01,2.938109040260314941e-01,1.518641831353306770e-03,4.180525615811347961e-02,-9.988731741905212402e-01,-2.241332828998565674e-02,2.313676755875349045e-03,-3.525950014591217041e-01,-8.377599716186523438e-01,5.226954817771911621e-01,5.414036512374877930e-01,-1.303088188171386719e+00,-1.340139955282211304e-01,8.779245018959045410e-01,-1.598033547401428223e+00,2.221228033304214478e-01,1.183007597923278809e+00,-8.377599716186523438e-01
-1.066559076309204102e+00,-4.663544297218322754e-01,2.939282357692718506e-01,5.485940724611282349e-03,3.799414262175559998e-02,-9.991264343261718750e-01,-1.651555299758911133e-02,-2.317422814667224884e-02,-3.615355789661407471e-01,-8.377599716186523438e-01,5.137547850608825684e-01,5.769744515419006348e-01,-1.345033764839172363e+00,-1.503782570362091064e-01,8.821671009063720703e-01,-1.576864838600158691e+00,2.181785851716995239e-01,1.188850045204162598e+00,-8.377599716186523438e-01
-1.073715806007385254e+00,-4.663304388523101807e-01,2.944341599941253662e-01,1.015739887952804565e-02,3.320879861712455750e-02,-9.993448257446289062e-01,-1.019712630659341812e-02,-5.012553557753562927e-02,-3.697547316551208496e-01,-8.377599716186523438e-01,5.041842460632324219e-01,6.132600903511047363e-01,-1.387157559394836426e+00,-1.667044609785079956e-01,8.815693855285644531e-01,-1.549039125442504883e+00,2.124026566743850708e-01,1.190592288970947266e+00,-8.377599716186523438e-01
-1.080921292304992676e+00,-4.660845696926116943e-01,2.954858541488647461e-01,1.531427633017301559e-02,2.748115174472332001e-02,-9.995007514953613281e-01,-2.911160234361886978e-03,-8.097604662179946899e-02,-3.745735883712768555e-01,-8.377599716186523438e-01,4.924705326557159424e-01,6.482339501380920410e-01,-1.427333831787109375e+00,-1.831448674201965332e-01,8.755210041999816895e-01,-1.513263463973999023e+00,2.050275951623916626e-01,1.188339591026306152e+00,-8.377599716186523438e-01
-1.088151693344116211e+00,-4.657407701015472412e-01,2.970152795314788818e-01,2.090096473693847656e-02,2.087757177650928497e-02,-9.995492100715637207e-01,5.355002824217081070e-03,-1.148198768496513367e-01,-3.755925893783569336e-01,-8.377599716186523438e-01,4.792911112308502197e-01,6.817755103111267090e-01,-1.465865254402160645e+00,-1.993761658668518066e-01,8.642464280128479004e-01,-1.470225572586059570e+00,1.964172720909118652e-01,1.183398962020874023e+00,-8.377599716186523438e-01
-1.095354199409484863e+00,-4.652846157550811768e-01,2.990922331809997559e-01,2.676208131015300751e-02,1.337986439466476440e-02,-9.994501471519470215e-01,1.429076492786407471e-02,-1.509847193956375122e-01,-3.706232309341430664e-01,-8.377599716186523438e-01,4.642654657363891602e-01,7.133410573005676270e-01,-1.502016901969909668e+00,-2.145653516054153442e-01,8.474277257919311523e-01,-1.420537471771240234e+00,1.866027116775512695e-01,1.175607681274414062e+00,-8.377599716186523438e-01
-1.102599620819091797e+00,-4.648056328296661377e-01,3.015966713428497314e-01,3.295085579156875610e-02,6.064069923013448715e-03,-9.991461634635925293e-01,2.417359314858913422e-02,-1.867361068725585938e-01,-3.604912459850311279e-01,-8.377599716186523438e-01,4.484712779521942139e-01,7.438694834709167480e-01,-1.536454081535339355e+00,-2.272166162729263306e-01,8.261594176292419434e-01,-1.364547133445739746e+00,1.777545213699340820e-01,1.164023637771606445e+00,-8.377599716186523438e-01
-1.109897017478942871e+00,-4.643453061580657959e-01,3.044925034046173096e-01,3.958370909094810486e-02,-2.883897104766219854e-04,-9.986016154289245605e-01,3.504134714603424072e-02,-2.196388393640518188e-01,-3.446101546287536621e-01,-8.377599716186523438e-01,4.330348968505859375e-01,7.715049386024475098e-01,-1.567996144294738770e+00,-2.353698164224624634e-01,7.999718189239501953e-01,-1.302858591079711914e+00,1.708573698997497559e-01,1.145321011543273926e+00,-8.377599716186523438e-01
-1.117775201797485352e+00,-4.640181660652160645e-01,3.072640895843505859e-01,4.702160134911537170e-02,-4.478961229324340820e-03,-9.978246092796325684e-01,4.598867893218994141e-02,-2.499314546585083008e-01,-3.366218805313110352e-01,-8.377599716186523438e-01,4.215297400951385498e-01,7.982816696166992188e-01,-1.599305748939514160e+00,-2.387913316488265991e-01,7.707676887512207031e-01,-1.236490249633789062e+00,1.644230037927627563e-01,1.116571545600891113e+00,-8.377599716186523438e-01
-1.126072883605957031e+00,-4.638263583183288574e-01,3.102716207504272461e-01,5.459776893258094788e-02,-6.414960138499736786e-03,-9.968976378440856934e-01,5.632971227169036865e-02,-2.782455086708068848e-01,-3.373920321464538574e-01,-8.377599716186523438e-01,4.147197604179382324e-01,8.244267106056213379e-01,-1.628249168395996094e+00,-2.370329350233078003e-01,7.389692664146423340e-01,-1.164663314819335938e+00,1.584785729646682739e-01,1.078574419021606445e+00,-8.377599716186523438e-01
-1.134050250053405762e+00,-4.637426435947418213e-01,3.141238987445831299e-01,6.134688109159469604e-02,-7.020806428045034409e-03,-9.958350658416748047e-01,6.708064675331115723e-02,-3.031983971595764160e-01,-3.319969773292541504e-01,-8.377599716186523438e-01,4.093886315822601318e-01,8.475527167320251465e-01,-1.651613831520080566e+00,-2.308458834886550903e-01,7.031083703041076660e-01,-1.086217164993286133e+00,1.546769589185714722e-01,1.034448504447937012e+00,-8.379761576652526855e-01
-1.141693472862243652e+00,-4.637075364589691162e-01,3.175415098667144775e-01,6.731195002794265747e-02,-6.668785121291875839e-03,-9.947394728660583496e-01,7.692898809909820557e-02,-3.235297203063964844e-01,-3.275523185729980469e-01,-8.377599716186523438e-01,4.051899313926696777e-01,8.678616881370544434e-01,-1.675149202346801758e+00,-2.237266898155212402e-01,6.684198975563049316e-01,-1.009675621986389160e+00,1.504887491464614868e-01,9.975804090499877930e-01,-8.596548438072204590e-01
-1.149039626121520996e+00,-4.636750519275665283e-01,3.204240202903747559e-01,7.084406912326812744e-02,-6.766118574887514114e-03,-9.937877058982849121e-01,8.556511998176574707e-02,-3.410315513610839844e-01,-3.178248405456542969e-01,-8.377599716186523438e-01,4.003356993198394775e-01,8.956822752952575684e-01,-1.704634904861450195e+00,-2.183925807476043701e-01,6.426774263381958008e-01,-9.410375952720642090e-01,1.441059857606887817e-01,9.780737757682800293e-01,-9.112248420715332031e-01
-1.155658125877380371e+00,-4.635055959224700928e-01,3.227281272411346436e-01,7.204336673021316528e-02,-6.999911740422248840e-03,-9.929506182670593262e-01,9.386076033115386963e-02,-3.572326898574829102e-01,-3.035666644573211670e-01,-8.377599716186523438e-01,3.977702260017395020e-01,9.311919808387756348e-01,-1.745529413223266602e+00,-2.145426571369171143e-01,6.278119087219238281e-01,-8.872681260108947754e-01,1.366730183362960815e-01,9.697071313858032227e-01,-9.786074757575988770e-01
-1.162353515625000000e+00,-4.634505510330200195e-01,3.247238993644714355e-01,7.129260152578353882e-02,-7.225129753351211548e-03,-9.921979904174804688e-01,1.020211875438690186e-01,-3.698503673076629639e-01,-2.831958234310150146e-01,-8.377599716186523438e-01,3.981150984764099121e-01,9.768306016921997070e-01,-1.801871657371520996e+00,-2.108004391193389893e-01,6.218480467796325684e-01,-8.425035476684570312e-01,1.286111027002334595e-01,9.659860730171203613e-01,-1.048992156982421875e+00
-1.168931961059570312e+00,-4.635854959487915039e-01,3.256563842296600342e-01,6.700969487428665161e-02,-6.259895861148834229e-03,-9.916946887969970703e-01,1.095999404788017273e-01,-3.745270073413848877e-01,-2.559208273887634277e-01,-8.377599716186523438e-01,4.028901457786560059e-01,1.026554822921752930e+00,-1.866389393806457520e+00,-2.055681198835372925e-01,6.438475251197814941e-01,-8.377718329429626465e-01,1.240090876817703247e-01,9.740184545516967773e-01,-1.125273942947387695e+00
-1.175230264663696289e+00,-4.636573791503906250e-01,3.264516890048980713e-01,6.128764152526855469e-02,-4.544998984783887863e-03,-9.912067055702209473e-01,1.171853840351104736e-01,-3.749686181545257568e-01,-2.254940718412399292e-01,-8.377599716186523438e-01,4.135051369667053223e-01,1.075010299682617188e+00,-1.941846251487731934e+00,-1.984878182411193848e-01,6.707519888877868652e-01,-8.377600312232971191e-01,1.198091134428977966e-01,9.810486435890197754e-01,-1.200320959091186523e+00
-1.181407332420349121e+00,-4.636802077293395996e-01,3.271034657955169678e-01,5.537881702184677124e-02,-2.698053373023867607e-03,-9.906583428382873535e-01,1.245870292186737061e-01,-3.736637234687805176e-01,-1.949873715639114380e-01,-8.377599716186523438e-01,4.233658611774444580e-01,1.112118840217590332e+00,-2.020148992538452148e+00,-1.899213194847106934e-01,6.975057721138000488e-01,-8.377599716186523438e-01,1.158421039581298828e-01,9.829363226890563965e-01,-1.267524600028991699e+00
-1.187447190284729004e+00,-4.636840522289276123e-01,3.276187181472778320e-01,4.959655180573463440e-02,-1.225923071615397930e-03,-9.900011420249938965e-01,1.320470571517944336e-01,-3.731309175491333008e-01,-1.652602404356002808e-01,-8.377599716186523438e-01,4.242681860923767090e-01,1.133612036705017090e+00,-2.089793682098388672e+00,-1.812472939491271973e-01,7.234856486320495605e-01,-8.377599716186523438e-01,1.107940822839736938e-01,9.789928793907165527e-01,-1.326697349548339844e+00
-1.193406701087951660e+00,-4.636560678482055664e-01,3.279188573360443115e-01,4.392660781741142273e-02,-4.497126210480928421e-04,-9.892607927322387695e-01,1.394034475088119507e-01,-3.734578490257263184e-01,-1.367875337600708008e-01,-8.377599716186523438e-01,4.135287106037139893e-01,1.135182142257690430e+00,-2.142671108245849609e+00,-1.731769889593124390e-01,7.490274310111999512e-01,-8.377599716186523438e-01,1.040139198303222656e-01,9.704074263572692871e-01,-1.377154827117919922e+00
-1.199242830276489258e+00,-4.635502994060516357e-01,3.281688988208770752e-01,3.817676007747650146e-02,-6.931725656613707542e-04,-9.884216785430908203e-01,1.468489468097686768e-01,-3.753521740436553955e-01,-1.068112403154373169e-01,-8.377599716186523438e-01,3.905279338359832764e-01,1.117407441139221191e+00,-2.173129558563232422e+00,-1.660899221897125244e-01,7.743306756019592285e-01,-8.377599716186523438e-01,9.505779296159744263e-02,9.583847522735595703e-01,-1.420326113700866699e+00
-1.205007076263427734e+00,-4.634124934673309326e-01,3.281992077827453613e-01,3.249126300215721130e-02,-1.951029989868402481e-03,-9.874629974365234375e-01,1.544582247734069824e-01,-3.791235983371734619e-01,-7.685539126396179199e-02,-8.377599716186523438e-01,3.567317128181457520e-01,1.085092902183532715e+00,-2.180262804031372070e+00,-1.602455526590347290e-01,7.995632290840148926e-01,-8.377599716186523438e-01,8.338619768619537354e-02,9.430101513862609863e-01,-1.454925298690795898e+00
-1.210726857185363770e+00,-4.632333219051361084e-01,3.279758989810943604e-01,2.703361585736274719e-02,-4.160773009061813354e-03,-9.864149689674377441e-01,1.619795411825180054e-01,-3.848565518856048584e-01,-4.830977320671081543e-02,-8.377599716186523438e-01,3.176419138908386230e-01,1.042474985122680664e+00,-2.166390419006347656e+00,-1.556515395641326904e-01,8.247621655464172363e-01,-8.377599716186523438e-01,6.854838877916336060e-02,9.246440529823303223e-01,-1.482056736946105957e+00
-1.216090679168701172e+00,-4.628704786300659180e-01,3.277134597301483154e-01,2.157396264374256134e-02,-7.718021050095558167e-03,-9.851219654083251953e-01,1.703222244977951050e-01,-3.941771686077117920e-01,-1.845577172935009003e-02,-8.377599716186523438e-01,2.728216648101806641e-01,9.919750094413757324e-01,-2.129984140396118164e+00,-1.527464538812637329e-01,8.488700389862060547e-01,-8.377599716186523438e-01,5.028462037444114685e-02,9.036379456520080566e-01,-1.501264452934265137e+00
-1.221969008445739746e+00,-4.626927971839904785e-01,3.272177278995513916e-01,1.612215861678123474e-02,-1.201345492154359818e-02,-9.840565323829650879e-01,1.767158061265945435e-01,-4.007119238376617432e-01,1.134955603629350662e-02,-8.377599716186523438e-01,2.285069078207015991e-01,9.387544393539428711e-01,-2.072764158248901367e+00,-1.503412425518035889e-01,8.753666877746582031e-01,-8.377599716186523438e-01,3.189731389284133911e-02,8.827288746833801270e-01,-1.513857245445251465e+00
-1.227029085159301758e+00,-4.624193906784057617e-01,3.268261551856994629e-01,1.090798061341047287e-02,-1.606350205838680267e-02,-9.827771186828613281e-01,1.837718635797500610e-01,-4.081255793571472168e-01,3.954127058386802673e-02,-8.377599716186523438e-01,1.841397434473037720e-01,8.745360374450683594e-01,-1.993211865425109863e+00,-1.484179049730300903e-01,8.992136120796203613e-01,-8.377599716186523438e-01,1.026166509836912155e-02,8.546603918075561523e-01,-1.515514135360717773e+00
-1.232634663581848145e+00,-4.620787501335144043e-01,3.260554373264312744e-01,5.294736940413713455e-03,-2.169028483331203461e-02,-9.815645217895507812e-01,1.898225098848342896e-01,-4.160321056842803955e-01,6.907816976308822632e-02,-8.377599716186523438e-01,1.403114497661590576e-01,8.072217702865600586e-01,-1.899334907531738281e+00,-1.466159522533416748e-01,9.263088703155517578e-01,-8.377599716186523438e-01,-1.056410558521747589e-02,8.331978321075439453e-01,-1.518492460250854492e+00
-1.238117218017578125e+00,-4.616582095623016357e-01,3.252725601196289062e-01,-6.298368680290877819e-04,-2.759581059217453003e-02,-9.802941679954528809e-01,1.956051886081695557e-01,-4.227682650089263916e-01,1.004757881164550781e-01,-8.377599716186523438e-01,9.747190028429031372e-02,7.294413447380065918e-01,-1.786795020103454590e+00,-1.439344286918640137e-01,9.541880488395690918e-01,-8.377599716186523438e-01,-3.020249493420124054e-02,8.132411241531372070e-01,-1.517660737037658691e+00
-1.243620753288269043e+00,-4.612081646919250488e-01,3.243510127067565918e-01,-6.699093617498874664e-03,-3.397320210933685303e-02,-9.790734052658081055e-01,2.005397528409957886e-01,-4.286237359046936035e-01,1.317784935235977173e-01,-8.377599716186523438e-01,5.480979010462760925e-02,6.420401930809020996e-01,-1.658644676208496094e+00,-1.404868513345718384e-01,9.829392433166503906e-01,-8.377599716186523438e-01,-4.897321388125419617e-02,7.959573864936828613e-01,-1.517224907875061035e+00
-1.249122619628906250e+00,-4.607427418231964111e-01,3.233082294464111328e-01,-1.292569003999233246e-02,-4.088513553142547607e-02,-9.779331088066101074e-01,2.044704109430313110e-01,-4.335828125476837158e-01,1.628569513559341431e-01,-8.377599716186523438e-01,1.075945887714624405e-02,5.434831380844116211e-01,-1.512411952018737793e+00,-1.375556141138076782e-01,1.012811779975891113e+00,-8.377599716186523438e-01,-6.596180051565170288e-02,7.822219729423522949e-01,-1.517750978469848633e+00
-1.254602074623107910e+00,-4.601883292198181152e-01,3.221928775310516357e-01,-1.905839703977108002e-02,-4.770002886652946472e-02,-9.768515825271606445e-01,2.076595574617385864e-01,-4.375866949558258057e-01,1.928132921457290649e-01,-8.377599716186523438e-01,-3.319096565246582031e-02,4.312882125377655029e-01,-1.347207903861999512e+00,-1.335588544607162476e-01,1.042288303375244141e+00,-8.377599716186523438e-01,-8.035943657159805298e-02,7.716278433799743652e-01,-1.520311355590820312e+00
-1.260124087333679199e+00,-4.595628678798675537e-01,3.210406601428985596e-01,-2.548604086041450500e-02,-5.449116230010986328e-02,-9.758509397506713867e-01,2.099907100200653076e-01,-4.399628043174743652e-01,2.237630337476730347e-01,-8.377599716186523438e-01,-7.895164936780929565e-02,3.081897199153900146e-01,-1.161289215087890625e+00,-1.297126859426498413e-01,1.072973966598510742e+00,-8.377599716186523438e-01,-9.151469916105270386e-02,7.663817405700683594e-01,-1.528073310852050781e+00
-1.265852570533752441e+00,-4.589498639106750488e-01,3.198170661926269531e-01,-3.221452236175537109e-02,-6.110800430178642273e-02,-9.750016331672668457e-01,2.111867964267730713e-01,-4.405478537082672119e-01,2.548554539680480957e-01,-8.377599716186523438e-01,-1.233128532767295837e-01,1.737019568681716919e-01,-9.552279710769653320e-01,-1.261597126722335815e-01,1.105189204216003418e+00,-8.377599716186523438e-01,-9.903551638126373291e-02,7.671297192573547363e-01,-1.541292309761047363e+00
-1.272265791893005371e+00,-4.578132331371307373e-01,3.167841434478759766e-01,-3.296371549367904663e-02,-8.000471442937850952e-02,-9.743385314941406250e-01,2.077909260988235474e-01,-4.596524536609649658e-01,2.791400551795959473e-01,-8.377599716186523438e-01,-1.791236996650695801e-01,6.913045048713684082e-02,-8.377714157104492188e-01,-1.633996367454528809e-01,1.134629249572753906e+00,-8.377599716186523438e-01,-1.356794387102127075e-01,7.659199833869934082e-01,-1.564203262329101562e+00
-1.280319213867187500e+00,-4.562360942363739014e-01,3.122554421424865723e-01,-3.078444488346576691e-02,-1.036387905478477478e-01,-9.735749363899230957e-01,2.011547088623046875e-01,-4.829519689083099365e-01,3.019193410873413086e-01,-8.377599716186523438e-01,-2.303176522254943848e-01,1.873754151165485382e-02,-8.377600312232971191e-01,-2.186724394559860229e-01,1.165760755538940430e+00,-8.377599716186523438e-01,-1.796286851167678833e-01,7.712172865867614746e-01,-1.596530914306640625e+00
-1.287908911705017090e+00,-4.551237821578979492e-01,3.075734078884124756e-01,-2.813690155744552612e-02,-1.188306510448455811e-01,-9.731885790824890137e-01,1.949143111705780029e-01,-4.969987869262695312e-01,3.512404263019561768e-01,-9.000748991966247559e-01,-2.646136879920959473e-01,-3.039611503481864929e-02,-8.377599716186523438e-01,-2.586905956268310547e-01,1.190378785133361816e+00,-8.377599716186523438e-01,-2.061262279748916626e-01,7.726200819015502930e-01,-1.617699861526489258e+00
-1.295068383216857910e+00,-4.542259871959686279e-01,3.033437132835388184e-01,-2.651499211788177490e-02,-1.291940808296203613e-01,-9.729026556015014648e-01,1.899113059043884277e-01,-5.049977302551269531e-01,4.014097452163696289e-01,-9.642946124076843262e-01,-2.874834835529327393e-01,-6.923275440931320190e-02,-8.377599716186523438e-01,-2.855418026447296143e-01,1.213224411010742188e+00,-8.377599716186523438e-01,-2.200427949428558350e-01,7.803341150283813477e-01,-1.633241653442382812e+00
-1.301649689674377441e+00,-4.533952772617340088e-01,2.997122108936309814e-01,-2.530453354120254517e-02,-1.361370384693145752e-01,-9.729546308517456055e-01,1.848937571048736572e-01,-5.077535510063171387e-01,4.479460716247558594e-01,-1.023301839828491211e+00,-3.002378344535827637e-01,-9.954861551523208618e-02,-8.377599716186523438e-01,-3.037311434745788574e-01,1.233036994934082031e+00,-8.377599716186523438e-01,-2.269446998834609985e-01,7.938950061798095703e-01,-1.655158519744873047e+00
-1.307808279991149902e+00,-4.525799751281738281e-01,2.965752780437469482e-01,-2.423334307968616486e-02,-1.413156688213348389e-01,-9.731093049049377441e-01,1.802800893783569336e-01,-5.077821016311645508e-01,4.916419684886932373e-01,-1.077230215072631836e+00,-3.075874149799346924e-01,-1.220262646675109863e-01,-8.377599716186523438e-01,-3.162029683589935303e-01,1.250124573707580566e+00,-8.377599716186523438e-01,-2.278606444597244263e-01,8.176408410072326660e-01,-1.679994463920593262e+00
-1.313727378845214844e+00,-4.517884850502014160e-01,2.938404381275177002e-01,-2.333259209990501404e-02,-1.454043835401535034e-01,-9.733167290687561035e-01,1.759762614965438843e-01,-5.063135623931884766e-01,5.328558683395385742e-01,-1.125912666320800781e+00,-3.111979663372039795e-01,-1.384635120630264282e-01,-8.377599716186523438e-01,-3.246687054634094238e-01,1.265510201454162598e+00,-8.377599716186523438e-01,-2.233233898878097534e-01,8.441818952560424805e-01,-1.703025817871093750e+00
-1.319382548332214355e+00,-4.511167109012603760e-01,2.916527390480041504e-01,-2.240412123501300812e-02,-1.476911157369613647e-01,-9.737503528594970703e-01,1.717430353164672852e-01,-5.020944476127624512e-01,5.720684528350830078e-01,-1.170886754989624023e+00,-3.093058168888092041e-01,-1.510882675647735596e-01,-8.377599716186523438e-01,-3.288725018501281738e-01,1.278529882431030273e+00,-8.377599716186523438e-01,-2.161767333745956421e-01,8.633490204811096191e-01,-1.723940372467041016e+00
-1.324904322624206543e+00,-4.505250751972198486e-01,2.900921106338500977e-01,-2.110138349235057831e-02,-1.491410434246063232e-01,-9.742258191108703613e-01,1.679157465696334839e-01,-4.972948133945465088e-01,6.093744039535522461e-01,-1.212079524993896484e+00,-3.051640689373016357e-01,-1.602178514003753662e-01,-8.377599716186523438e-01,-3.313940465450286865e-01,1.288200855255126953e+00,-8.377599716186523438e-01,-2.054341584444046021e-01,8.791719079017639160e-01,-1.737723112106323242e+00
-1.330376863479614258e+00,-4.500377178192138672e-01,2.892888188362121582e-01,-1.918692141771316528e-02,-1.498853117227554321e-01,-9.747737050056457520e-01,1.642634421586990356e-01,-4.918725490570068359e-01,6.435101628303527832e-01,-1.249140024185180664e+00,-2.985771596431732178e-01,-1.667435616254806519e-01,-8.377599716186523438e-01,-3.332338929176330566e-01,1.293949246406555176e+00,-8.377599716186523438e-01,-1.913765966892242432e-01,8.931754827499389648e-01,-1.743921637535095215e+00
-1.335834980010986328e+00,-4.496692419052124023e-01,2.893751561641693115e-01,-1.620176807045936584e-02,-1.492013186216354370e-01,-9.756566882133483887e-01,1.599077433347702026e-01,-4.841415286064147949e-01,6.742939949035644531e-01,-1.283652544021606445e+00,-2.867386639118194580e-01,-1.733144074678421021e-01,-8.377599716186523438e-01,-3.347157835960388184e-01,1.293127059936523438e+00,-8.377599716186523438e-01,-1.736393123865127563e-01,9.017140269279479980e-01,-1.742268800735473633e+00
-1.341318249702453613e+00,-4.495066702365875244e-01,2.903744280338287354e-01,-1.240303553640842438e-02,-1.468081325292587280e-01,-9.769133329391479492e-01,1.547058820724487305e-01,-4.729710519313812256e-01,7.023357152938842773e-01,-1.315802216529846191e+00,-2.681955993175506592e-01,-1.790158301591873169e-01,-8.377599716186523438e-01,-3.346404731273651123e-01,1.285550832748413086e+00,-8.377599716186523438e-01,-1.529438048601150513e-01,9.044965505599975586e-01,-1.729895353317260742e+00
-1.346670269966125488e+00,-4.496253430843353271e-01,2.921265661716461182e-01,-8.107837289571762085e-03,-1.430633366107940674e-01,-9.785214066505432129e-01,1.481993943452835083e-01,-4.589662253856658936e-01,7.282745838165283203e-01,-1.346419453620910645e+00,-2.428502440452575684e-01,-1.829750239849090576e-01,-8.377599716186523438e-01,-3.338631987571716309e-01,1.272032141685485840e+00,-8.377599716186523438e-01,-1.300541013479232788e-01,9.013966917991638184e-01,-1.708388209342956543e+00
-1.351890444755554199e+00,-4.500514268875122070e-01,2.943244278430938721e-01,-3.624459030106663704e-03,-1.384190469980239868e-01,-9.803531765937805176e-01,1.404802948236465454e-01,-4.432798922061920166e-01,7.529878020286560059e-01,-1.375808477401733398e+00,-2.122379690408706665e-01,-1.842721402645111084e-01,-8.377599716186523438e-01,-3.335284590721130371e-01,1.255460023880004883e+00,-8.377599716186523438e-01,-1.061124876141548157e-01,8.935742378234863281e-01,-1.679571747779846191e+00
-1.357012033462524414e+00,-4.507353305816650391e-01,2.969836890697479248e-01,8.583409944549202919e-04,-1.331254839897155762e-01,-9.822850823402404785e-01,1.318822056055068970e-01,-4.264940023422241211e-01,7.761538624763488770e-01,-1.403289079666137695e+00,-1.772634685039520264e-01,-1.815287619829177856e-01,-8.377599716186523438e-01,-3.346678018569946289e-01,1.236418128013610840e+00,-8.377599716186523438e-01,-8.178084343671798706e-02,8.819280862808227539e-01,-1.644753217697143555e+00
-1.362527251243591309e+00,-4.516100585460662842e-01,2.996694445610046387e-01,5.949349142611026764e-03,-1.280026137828826904e-01,-9.842131137847900391e-01,1.220838427543640137e-01,-4.094241261482238770e-01,8.003762364387512207e-01,-1.432424306869506836e+00,-1.412234902381896973e-01,-1.826806068420410156e-01,-8.377599716186523438e-01,-3.377426266670227051e-01,1.212491989135742188e+00,-8.377599716186523438e-01,-5.942958593368530273e-02,8.675166964530944824e-01,-1.605926990509033203e+00
-1.368805885314941406e+00,-4.526895284652709961e-01,3.019587397575378418e-01,1.252980343997478485e-02,-1.239397078752517700e-01,-9.859448671340942383e-01,1.113312467932701111e-01,-3.942015469074249268e-01,8.256831169128417969e-01,-1.465991258621215820e+00,-1.065835207700729370e-01,-1.973412185907363892e-01,-8.377599716186523438e-01,-3.431842029094696045e-01,1.181169271469116211e+00,-8.377599716186523438e-01,-4.076836630702018738e-02,8.504780530929565430e-01,-1.564501166343688965e+00
-1.374832630157470703e+00,-4.537953734397888184e-01,3.051026165485382080e-01,1.848199032247066498e-02,-1.205758675932884216e-01,-9.874822497367858887e-01,9.999313950538635254e-02,-3.784506618976593018e-01,8.446009159088134766e-01,-1.489612579345703125e+00,-7.142553478479385376e-02,-2.045694589614868164e-01,-8.377599716186523438e-01,-3.494425415992736816e-01,1.141944885253906250e+00,-8.377599716186523438e-01,-2.571137063205242157e-02,8.301514387130737305e-01,-1.516649246215820312e+00
-1.381017208099365234e+00,-4.548302590847015381e-01,3.087051212787628174e-01,2.482483163475990295e-02,-1.184908226132392883e-01,-9.887124300003051758e-01,8.826874196529388428e-02,-3.642299175262451172e-01,8.592382073402404785e-01,-1.507430434226989746e+00,-3.957561776041984558e-02,-2.115993052721023560e-01,-8.377599716186523438e-01,-3.568381071090698242e-01,1.093620419502258301e+00,-8.379290103912353516e-01,-1.594643481075763702e-02,8.056361675262451172e-01,-1.463550209999084473e+00
-1.386881232261657715e+00,-4.557526707649230957e-01,3.120362460613250732e-01,3.068347647786140442e-02,-1.175425276160240173e-01,-9.896214604377746582e-01,7.675732672214508057e-02,-3.525748550891876221e-01,8.718163967132568359e-01,-1.524649858474731445e+00,-1.042834669351577759e-02,-2.189040929079055786e-01,-8.377599716186523438e-01,-3.653715252876281738e-01,1.050663352012634277e+00,-8.584994673728942871e-01,-9.757539257407188416e-03,7.815612554550170898e-01,-1.411708593368530273e+00
-1.392226815223693848e+00,-4.566091895103454590e-01,3.148245513439178467e-01,3.476067259907722473e-02,-1.171886175870895386e-01,-9.903194904327392578e-01,6.577121466398239136e-02,-3.443503677845001221e-01,8.844596147537231445e-01,-1.543892621994018555e+00,1.718343235552310944e-02,-2.227047681808471680e-01,-8.377599716186523438e-01,-3.741014599800109863e-01,1.021566629409790039e+00,-9.072891473770141602e-01,-4.833588842302560806e-03,7.631640434265136719e-01,-1.366919636726379395e+00
-1.397280454635620117e+00,-4.573461413383483887e-01,3.172160387039184570e-01,3.684677183628082275e-02,-1.167663857340812683e-01,-9.909484386444091797e-01,5.503734201192855835e-02,-3.367766737937927246e-01,8.950800895690917969e-01,-1.563542723655700684e+00,4.386359453201293945e-02,-2.203921973705291748e-01,-8.377599716186523438e-01,-3.812233805656433105e-01,1.000809073448181152e+00,-9.701642990112304688e-01,-1.008531544357538223e-04,7.516469359397888184e-01,-1.329920411109924316e+00
-1.402194857597351074e+00,-4.579696357250213623e-01,3.192272484302520752e-01,3.721053525805473328e-02,-1.163053065538406372e-01,-9.915003180503845215e-01,4.489492252469062805e-02,-3.301835358142852783e-01,9.091897606849670410e-01,-1.590248942375183105e+00,6.799697130918502808e-02,-2.132572084665298462e-01,-8.377599716186523438e-01,-3.858618140220642090e-01,9.839522838592529297e-01,-1.035834431648254395e+00,4.408240318298339844e-03,7.474013566970825195e-01,-1.300966739654541016e+00
-1.406955599784851074e+00,-4.584854245185852051e-01,3.209246993064880371e-01,3.613096475601196289e-02,-1.159295514225959778e-01,-9.919621944427490234e-01,3.557991608977317810e-02,-3.244660496711730957e-01,9.268292188644409180e-01,-1.628554582595825195e+00,8.896081149578094482e-02,-2.016289979219436646e-01,-8.377599716186523438e-01,-3.877114653587341309e-01,9.673558473587036133e-01,-1.099742174148559570e+00,8.446927182376384735e-03,7.491008043289184570e-01,-1.277743101119995117e+00
-1.411562323570251465e+00,-4.589477777481079102e-01,3.223114013671875000e-01,3.418184816837310791e-02,-1.152405291795730591e-01,-9.923774600028991699e-01,2.716992981731891632e-02,-3.193875849246978760e-01,9.449212551116943359e-01,-1.678058981895446777e+00,1.075342819094657898e-01,-1.867395341396331787e-01,-8.377599716186523438e-01,-3.861979246139526367e-01,9.490860104560852051e-01,-1.157820105552673340e+00,1.208712533116340637e-02,7.551886439323425293e-01,-1.260175824165344238e+00
-1.416019082069396973e+00,-4.593487083911895752e-01,3.233986198902130127e-01,3.167990222573280334e-02,-1.141868680715560913e-01,-9.927566647529602051e-01,1.979778148233890533e-02,-3.133816123008728027e-01,9.582760930061340332e-01,-1.731725811958312988e+00,1.240057274699211121e-01,-1.704206466674804688e-01,-8.377599716186523438e-01,-3.809054195880889893e-01,9.281125664710998535e-01,-1.212136745452880859e+00,1.582556776702404022e-02,7.644128799438476562e-01,-1.246176481246948242e+00
-1.420296907424926758e+00,-4.596921205520629883e-01,3.241894841194152832e-01,2.848463132977485657e-02,-1.127105504274368286e-01,-9.931291937828063965e-01,1.339120231568813324e-02,-3.041373491287231445e-01,9.660285711288452148e-01,-1.786494612693786621e+00,1.384701132774353027e-01,-1.523550152778625488e-01,-8.377599716186523438e-01,-3.726097643375396729e-01,9.044941663742065430e-01,-1.257330179214477539e+00,1.987498812377452850e-02,7.771974802017211914e-01,-1.236201763153076172e+00
-1.424378395080566406e+00,-4.600470960140228271e-01,3.247972726821899414e-01,2.477902919054031372e-02,-1.104868650436401367e-01,-9.935388565063476562e-01,7.697071880102157593e-03,-2.892007529735565186e-01,9.694897532463073730e-01,-1.840747356414794922e+00,1.520835906267166138e-01,-1.326174885034561157e-01,-8.377599716186523438e-01,-3.616908490657806396e-01,8.784362077713012695e-01,-1.294902801513671875e+00,2.461815439164638519e-02,7.922759652137756348e-01,-1.229103088378906250e+00
-1.428228735923767090e+00,-4.604125618934631348e-01,3.252334892749786377e-01,2.060151472687721252e-02,-1.074695363640785217e-01,-9.939910769462585449e-01,2.757411450147628784e-03,-2.708724737167358398e-01,9.666099548339843750e-01,-1.891686797142028809e+00,1.650841087102890015e-01,-1.110788360238075256e-01,-8.377599716186523438e-01,-3.483977615833282471e-01,8.499696850776672363e-01,-1.326546430587768555e+00,3.016252443194389343e-02,8.093889355659484863e-01,-1.225088119506835938e+00
-1.431925535202026367e+00,-4.608471095561981201e-01,3.254356980323791504e-01,1.606518775224685669e-02,-1.031880229711532593e-01,-9.945300817489624023e-01,-2.022629370912909508e-03,-2.475840151309967041e-01,9.522988796234130859e-01,-1.928943514823913574e+00,1.793517768383026123e-01,-8.858475089073181152e-02,-8.377599716186523438e-01,-3.314723074436187744e-01,8.203940987586975098e-01,-1.353074669837951660e+00,3.800096735358238220e-02,8.283972740173339844e-01,-1.223246335983276367e+00
-1.435481548309326172e+00,-4.613515436649322510e-01,3.254001140594482422e-01,1.116002351045608521e-02,-9.753309935331344604e-02,-9.951504468917846680e-01,-6.190061569213867188e-03,-2.239293754100799561e-01,9.255756735801696777e-01,-1.947666049003601074e+00,1.947113126516342163e-01,-6.549292057752609253e-02,-8.377599716186523438e-01,-3.119381666183471680e-01,7.905469536781311035e-01,-1.374505162239074707e+00,4.829147830605506897e-02,8.494767546653747559e-01,-1.223677039146423340e+00
-1.438407182693481445e+00,-4.616459608078002930e-01,3.254851698875427246e-01,8.996569551527500153e-03,-9.009526669979095459e-02,-9.958683252334594727e-01,-6.943957880139350891e-03,-2.025601416826248169e-01,8.762317895889282227e-01,-1.947643876075744629e+00,2.078460007905960083e-01,-5.020678415894508362e-02,-8.377599716186523438e-01,-2.833191752433776855e-01,7.442521452903747559e-01,-1.380307078361511230e+00,6.685084849596023560e-02,8.591356277465820312e-01,-1.215834140777587891e+00
-1.441697716712951660e+00,-4.621935486793518066e-01,3.253038227558135986e-01,4.351753741502761841e-03,-8.197873085737228394e-02,-9.965695142745971680e-01,-1.047858316451311111e-02,-1.824072301387786865e-01,8.305724263191223145e-01,-1.927915692329406738e+00,2.257519662380218506e-01,-2.810192294418811798e-02,-8.377599716186523438e-01,-2.584513127803802490e-01,7.110885977745056152e-01,-1.391819000244140625e+00,8.193632960319519043e-02,8.784881234169006348e-01,-1.215203523635864258e+00
-1.444879651069641113e+00,-4.628760218620300293e-01,3.248256742954254150e-01,-9.594045695848762989e-04,-7.303470373153686523e-02,-9.972346425056457520e-01,-1.371611654758453369e-02,-1.658415496349334717e-01,7.822822928428649902e-01,-1.892442584037780762e+00,2.442433983087539673e-01,-4.421769641339778900e-03,-8.377599716186523438e-01,-2.339380681514739990e-01,6.831371188163757324e-01,-1.405682444572448730e+00,9.815033525228500366e-02,9.016628861427307129e-01,-1.218892574310302734e+00
-1.447963237762451172e+00,-4.636656343936920166e-01,3.241842091083526611e-01,-6.637127138674259186e-03,-6.390108913183212280e-02,-9.977923631668090820e-01,-1.682361029088497162e-02,-1.532903313636779785e-01,7.318157553672790527e-01,-1.844529628753662109e+00,2.622061073780059814e-01,1.995778828859329224e-02,-8.377599716186523438e-01,-2.107659280300140381e-01,6.606262922286987305e-01,-1.422868371009826660e+00,1.142963618040084839e-01,9.273834824562072754e-01,-1.226208209991455078e+00
-1.451035499572753906e+00,-4.645514786243438721e-01,3.233466148376464844e-01,-1.265174709260463715e-02,-5.431314557790756226e-02,-9.982466101646423340e-01,-1.984374597668647766e-02,-1.466194391250610352e-01,6.768142580986022949e-01,-1.783594369888305664e+00,2.803145349025726318e-01,4.493955150246620178e-02,-8.377599716186523438e-01,-1.898205429315567017e-01,6.460677981376647949e-01,-1.443658828735351562e+00,1.313995420932769775e-01,9.555011987686157227e-01,-1.235085844993591309e+00
-1.454096794128417969e+00,-4.655093252658843994e-01,3.223958015441894531e-01,-1.893335953354835510e-02,-4.541008919477462769e-02,-9.985312819480895996e-01,-2.268783748149871826e-02,-1.442172676324844360e-01,6.188814640045166016e-01,-1.712014794349670410e+00,2.965669929981231689e-01,7.020417600870132446e-02,-8.377599716186523438e-01,-1.737010478973388672e-01,6.402469873428344727e-01,-1.468007326126098633e+00,1.473025977611541748e-01,9.857026934623718262e-01,-1.245917081832885742e+00
-1.457155942916870117e+00,-4.663987755775451660e-01,3.213577866554260254e-01,-2.552856318652629852e-02,-3.755332902073860168e-02,-9.986520409584045410e-01,-2.514280751347541809e-02,-1.472472548484802246e-01,5.540747046470642090e-01,-1.626486301422119141e+00,3.103146255016326904e-01,9.583069384098052979e-02,-8.377599716186523438e-01,-1.642559766769409180e-01,6.446341872215270996e-01,-1.494352579116821289e+00,1.614787727594375610e-01,1.017971277236938477e+00,-1.258448481559753418e+00
-1.460262894630432129e+00,-4.672407507896423340e-01,3.202260732650756836e-01,-3.278786689043045044e-02,-3.151331841945648193e-02,-9.985867142677307129e-01,-2.750384621322154999e-02,-1.562303006649017334e-01,4.838463962078094482e-01,-1.527410745620727539e+00,3.204095065593719482e-01,1.224639564752578735e-01,-8.377599716186523438e-01,-1.597401499748229980e-01,6.597288250923156738e-01,-1.515519380569458008e+00,1.731328815221786499e-01,1.054548144340515137e+00,-1.274525046348571777e+00
-1.463458180427551270e+00,-4.680846035480499268e-01,3.189007341861724854e-01,-4.056426137685775757e-02,-2.551010809838771820e-02,-9.984043240547180176e-01,-2.987689711153507233e-02,-1.658928990364074707e-01,4.067529439926147461e-01,-1.415867567062377930e+00,3.305359482765197754e-01,1.503202468156814575e-01,-8.377599716186523438e-01,-1.568050384521484375e-01,6.853451132774353027e-01,-1.530771493911743164e+00,1.839810907840728760e-01,1.094702124595642090e+00,-1.294079422950744629e+00
-1.466654896736145020e+00,-4.688851833343505859e-01,3.174357712268829346e-01,-4.891682043671607971e-02,-2.040211483836174011e-02,-9.980829954147338867e-01,-3.195751085877418518e-02,-1.774729937314987183e-01,3.250756859779357910e-01,-1.293483853340148926e+00,3.382787108421325684e-01,1.796484291553497314e-01,-8.377599716186523438e-01,-1.559333950281143188e-01,7.191154360771179199e-01,-1.538827896118164062e+00,1.934370696544647217e-01,1.138374686241149902e+00,-1.316288709640502930e+00
-1.469858646392822266e+00,-4.696760475635528564e-01,3.158908784389495850e-01,-5.677850544452667236e-02,-1.537372265011072159e-02,-9.977079629898071289e-01,-3.344571962952613831e-02,-1.888369321823120117e-01,2.378598004579544067e-01,-1.165137290954589844e+00,3.453086316585540771e-01,2.069398313760757446e-01,-8.377599716186523438e-01,-1.539150178432464600e-01,7.564634084701538086e-01,-1.550377964973449707e+00,2.024906873703002930e-01,1.181212544441223145e+00,-1.337473511695861816e+00
-1.473007082939147949e+00,-4.704658687114715576e-01,3.143964409828186035e-01,-6.435501575469970703e-02,-1.112417504191398621e-02,-9.972847104072570801e-01,-3.402810543775558472e-02,-2.010244876146316528e-01,1.488689780235290527e-01,-1.034084320068359375e+00,3.497703373432159424e-01,2.328471988439559937e-01,-8.377599716186523438e-01,-1.537139713764190674e-01,7.950349450111389160e-01,-1.583643674850463867e+00,2.095749825239181519e-01,1.223545670509338379e+00,-1.357984781265258789e+00
-1.476114034652709961e+00,-4.712233543395996094e-01,3.129966557025909424e-01,-7.155120372772216797e-02,-7.259597536176443100e-03,-9.968293905258178711e-01,-3.404317796230316162e-02,-2.142954766750335693e-01,6.785950064659118652e-02,-9.133620262145996094e-01,3.534434735774993896e-01,2.575610280036926270e-01,-8.377599716186523438e-01,-1.547585427761077881e-01,8.349243998527526855e-01,-1.616806983947753906e+00,2.162530869245529175e-01,1.265048623085021973e+00,-1.378050208091735840e+00
-1.479513645172119141e+00,-4.719211459159851074e-01,3.116055428981781006e-01,-7.619458436965942383e-02,-8.035260252654552460e-04,-9.964630603790283203e-01,-3.542776033282279968e-02,-2.208637446165084839e-01,1.047328859567642212e-02,-8.379200100898742676e-01,3.646515905857086182e-01,2.773545682430267334e-01,-8.377599716186523438e-01,-1.514994949102401733e-01,8.633245229721069336e-01,-1.642585396766662598e+00,2.244011163711547852e-01,1.296217083930969238e+00,-1.390427470207214355e+00
-1.483482837677001953e+00,-4.723953604698181152e-01,3.100419640541076660e-01,-7.706529647111892700e-02,1.023146975785493851e-02,-9.961860179901123047e-01,-3.961936011910438538e-02,-2.155808657407760620e-01,-1.054271217435598373e-02,-8.377600312232971191e-01,3.899436891078948975e-01,2.909291982650756836e-01,-8.377599716186523438e-01,-1.401062160730361938e-01,8.861430883407592773e-01,-1.660862088203430176e+00,2.343900799751281738e-01,1.311500668525695801e+00,-1.392032623291015625e+00
-1.487138390541076660e+00,-4.727271795272827148e-01,3.090299963951110840e-01,-7.879475504159927368e-02,1.808283664286136627e-02,-9.958136677742004395e-01,-4.265613481402397156e-02,-2.154497504234313965e-01,-2.265325747430324554e-02,-8.377599716186523438e-01,4.082330167293548584e-01,3.059451282024383545e-01,-8.377599716186523438e-01,-1.340034902095794678e-01,9.106630682945251465e-01,-1.679283022880554199e+00,2.399576008319854736e-01,1.328721046447753906e+00,-1.394944548606872559e+00
-1.490635752677917480e+00,-4.729240834712982178e-01,3.084577918052673340e-01,-8.097646385431289673e-02,2.320995181798934937e-02,-9.954345822334289551e-01,-4.487848281860351562e-02,-2.190827429294586182e-01,-2.778555452823638916e-02,-8.377599716186523438e-01,4.204252958297729492e-01,3.222050964832305908e-01,-8.377599716186523438e-01,-1.315847039222717285e-01,9.364931583404541016e-01,-1.696263670921325684e+00,2.406977564096450806e-01,1.346920013427734375e+00,-1.398042440414428711e+00
-1.494004130363464355e+00,-4.728394448757171631e-01,3.082001805305480957e-01,-8.283893764019012451e-02,2.610823139548301697e-02,-9.951535463333129883e-01,-4.610285162925720215e-02,-2.262902259826660156e-01,-2.864642627537250519e-02,-8.377599716186523438e-01,4.281210899353027344e-01,3.364930450916290283e-01,-8.377599716186523438e-01,-1.323265433311462402e-01,9.590044021606445312e-01,-1.707990169525146484e+00,2.382327318191528320e-01,1.363359928131103516e+00,-1.401006221771240234e+00
-1.497441291809082031e+00,-4.724042415618896484e-01,3.082027435302734375e-01,-8.415009081363677979e-02,2.875247038900852203e-02,-9.949460625648498535e-01,-4.663063585758209229e-02,-2.325376421213150024e-01,-2.753185853362083435e-02,-8.377599716186523438e-01,4.355821907520294189e-01,3.497960269451141357e-01,-8.377599716186523438e-01,-1.347228288650512695e-01,9.792404770851135254e-01,-1.716024041175842285e+00,2.349761426448822021e-01,1.376338362693786621e+00,-1.403143882751464844e+00
-1.500771164894104004e+00,-4.717894792556762695e-01,3.081481754779815674e-01,-8.369804918766021729e-02,2.925552800297737122e-02,-9.950301647186279297e-01,-4.531760141253471375e-02,-2.450162470340728760e-01,-2.829677797853946686e-02,-8.377599716186523438e-01,4.393385350704193115e-01,3.686139881610870361e-01,-8.577081561088562012e-01,-1.398430913686752319e-01,9.912457466125488281e-01,-1.717533349990844727e+00,2.303386777639389038e-01,1.383289098739624023e+00,-1.404281616210937500e+00
-1.504099130630493164e+00,-4.709476828575134277e-01,3.079644441604614258e-01,-8.207450062036514282e-02,2.826559171080589294e-02,-9.953327178955078125e-01,-4.216217994689941406e-02,-2.620120346546173096e-01,-3.045619837939739227e-02,-8.377599716186523438e-01,4.397726356983184814e-01,3.921414613723754883e-01,-8.926187157630920410e-01,-1.462945640087127686e-01,9.977380037307739258e-01,-1.715178370475769043e+00,2.263538688421249390e-01,1.387312054634094238e+00,-1.407209992408752441e+00
-1.507273554801940918e+00,-4.700196981430053711e-01,3.079216182231903076e-01,-7.938124239444732666e-02,2.615994028747081757e-02,-9.957691431045532227e-01,-3.818483650684356689e-02,-2.811680138111114502e-01,-3.316065669059753418e-02,-8.377599716186523438e-01,4.386845529079437256e-01,4.156932532787322998e-01,-9.332666397094726562e-01,-1.546097993850708008e-01,9.984906315803527832e-01,-1.707595229148864746e+00,2.200343161821365356e-01,1.385917425155639648e+00,-1.411020755767822266e+00
-1.510382771492004395e+00,-4.690294265747070312e-01,3.080533742904663086e-01,-7.607949525117874146e-02,2.406736277043819427e-02,-9.962381720542907715e-01,-3.379612043499946594e-02,-2.997408509254455566e-01,-3.545419871807098389e-02,-8.377599716186523438e-01,4.373516142368316650e-01,4.370914995670318604e-01,-9.727345108985900879e-01,-1.622760742902755737e-01,9.961336851119995117e-01,-1.696748971939086914e+00,2.120902836322784424e-01,1.379754781723022461e+00,-1.417274355888366699e+00
-1.513378381729125977e+00,-4.680563807487487793e-01,3.084113597869873047e-01,-7.264836132526397705e-02,2.179160155355930328e-02,-9.966825842857360840e-01,-2.951488457620143890e-02,-3.166122436523437500e-01,-3.562543913722038269e-02,-8.377599716186523438e-01,4.355430006980895996e-01,4.560731351375579834e-01,-1.008536219596862793e+00,-1.688750535249710083e-01,9.918115735054016113e-01,-1.683268189430236816e+00,2.032606899738311768e-01,1.370568633079528809e+00,-1.425628185272216797e+00
-1.516331195831298828e+00,-4.672044217586517334e-01,3.089255988597869873e-01,-6.919900327920913696e-02,1.936701871454715729e-02,-9.970920681953430176e-01,-2.537486329674720764e-02,-3.314484059810638428e-01,-3.370004147291183472e-02,-8.377599716186523438e-01,4.327872693538665771e-01,4.720673859119415283e-01,-1.039110660552978516e+00,-1.744280010461807251e-01,9.866020083427429199e-01,-1.668209195137023926e+00,1.904583424329757690e-01,1.357245564460754395e+00,-1.438395738601684570e+00
-1.519284367561340332e+00,-4.664381742477416992e-01,3.095285296440124512e-01,-6.552691012620925903e-02,1.661036349833011627e-02,-9.974752664566040039e-01,-2.175784669816493988e-02,-3.442471027374267578e-01,-3.016940876841545105e-02,-8.377599716186523438e-01,4.293175935745239258e-01,4.863149523735046387e-01,-1.066764473915100098e+00,-1.797875612974166870e-01,9.802143573760986328e-01,-1.651881575584411621e+00,1.735575199127197266e-01,1.339524269104003906e+00,-1.454482555389404297e+00
-1.522176623344421387e+00,-4.658297896385192871e-01,3.102540373802185059e-01,-6.184044107794761658e-02,1.407056953758001328e-02,-9.978106617927551270e-01,-1.875289715826511383e-02,-3.531721830368041992e-01,-2.382548525929450989e-02,-8.377599716186523438e-01,4.266108572483062744e-01,4.977975189685821533e-01,-1.089441895484924316e+00,-1.836406737565994263e-01,9.730857610702514648e-01,-1.634224772453308105e+00,1.538201421499252319e-01,1.317918539047241211e+00,-1.475797176361083984e+00
-1.525033831596374512e+00,-4.654210209846496582e-01,3.111332058906555176e-01,-5.834768712520599365e-02,1.179969497025012970e-02,-9.980896711349487305e-01,-1.653171144425868988e-02,-3.578132092952728271e-01,-1.445558387786149979e-02,-8.377599716186523438e-01,4.249713420867919922e-01,5.089209675788879395e-01,-1.109486579895019531e+00,-1.859888434410095215e-01,9.660528898239135742e-01,-1.615280508995056152e+00,1.320268362760543823e-01,1.293841242790222168e+00,-1.502523183822631836e+00
-1.527455091476440430e+00,-4.653507769107818604e-01,3.125369846820831299e-01,-5.246118828654289246e-02,9.177473373711109161e-03,-9.984513521194458008e-01,-1.607777364552021027e-02,-3.588268756866455078e-01,-9.313787333667278290e-03,-8.377599716186523438e-01,4.257506132125854492e-01,5.148627758026123047e-01,-1.131946563720703125e+00,-1.894397884607315063e-01,9.468178749084472656e-01,-1.585786342620849609e+00,1.052940636873245239e-01,1.253475666046142578e+00,-1.522296309471130371e+00
-1.530116081237792969e+00,-4.652469456195831299e-01,3.137498497962951660e-01,-4.926931113004684448e-02,8.297214284539222717e-03,-9.986389875411987305e-01,-1.496070716530084610e-02,-3.536790013313293457e-01,4.421897232532501221e-03,-8.377599716186523438e-01,4.266190230846405029e-01,5.218154788017272949e-01,-1.143646955490112305e+00,-1.886219382286071777e-01,9.390686154365539551e-01,-1.566082954406738281e+00,8.483016490936279297e-02,1.223377227783203125e+00,-1.547931313514709473e+00
-1.533018589019775391e+00,-4.651563465595245361e-01,3.145903944969177246e-01,-4.514434561133384705e-02,9.046668186783790588e-03,-9.988310337066650391e-01,-1.472215075045824051e-02,-3.446663618087768555e-01,1.250365190207958221e-02,-8.377599716186523438e-01,4.320437908172607422e-01,5.300412774085998535e-01,-1.159841895103454590e+00,-1.852366775274276733e-01,9.308893084526062012e-01,-1.547316551208496094e+00,6.638782471418380737e-02,1.188258886337280273e+00,-1.567640066146850586e+00
-1.535898208618164062e+00,-4.650828242301940918e-01,3.154062926769256592e-01,-4.113381356000900269e-02,1.057858020067214966e-02,-9.989838004112243652e-01,-1.508195698261260986e-02,-3.357619643211364746e-01,1.769966259598731995e-02,-8.377599716186523438e-01,4.400561451911926270e-01,5.380816459655761719e-01,-1.175228595733642578e+00,-1.805512607097625732e-01,9.233226776123046875e-01,-1.529201984405517578e+00,4.918879643082618713e-02,1.150465250015258789e+00,-1.579269766807556152e+00
-1.538736939430236816e+00,-4.649727046489715576e-01,3.161865770816802979e-01,-3.772278130054473877e-02,1.240234356373548508e-02,-9.990907311439514160e-01,-1.552152633666992188e-02,-3.283337950706481934e-01,2.152451314032077789e-02,-8.377599716186523438e-01,4.483633041381835938e-01,5.458411574363708496e-01,-1.188644051551818848e+00,-1.756830811500549316e-01,9.179612398147583008e-01,-1.513481736183166504e+00,3.234431892633438110e-02,1.112083554267883301e+00,-1.582700610160827637e+00
-1.541503310203552246e+00,-4.648177921772003174e-01,3.168817460536956787e-01,-3.511328250169754028e-02,1.425103656947612762e-02,-9.991499185562133789e-01,-1.622865907847881317e-02,-3.218571841716766357e-01,2.425247244536876678e-02,-8.377599716186523438e-01,4.568447172641754150e-01,5.561947822570800781e-01,-1.203372716903686523e+00,-1.707664728164672852e-01,9.152113795280456543e-01,-1.499417066574096680e+00,1.619002968072891235e-02,1.074872732162475586e+00,-1.577890157699584961e+00
-1.544143438339233398e+00,-4.646165668964385986e-01,3.175169229507446289e-01,-3.347717225551605225e-02,1.601222157478332520e-02,-9.991664290428161621e-01,-1.701018027961254120e-02,-3.166653513908386230e-01,2.787702158093452454e-02,-8.377599716186523438e-01,4.639006257057189941e-01,5.676429271697998047e-01,-1.218097805976867676e+00,-1.660909652709960938e-01,9.155868291854858398e-01,-1.487956762313842773e+00,8.027342264540493488e-04,1.038657188415527344e+00,-1.564670205116271973e+00
-1.546671271324157715e+00,-4.643731117248535156e-01,3.179986476898193359e-01,-3.238605707883834839e-02,1.776099763810634613e-02,-9.991585016250610352e-01,-1.783205009996891022e-02,-3.116068243980407715e-01,3.174636885523796082e-02,-8.377599716186523438e-01,4.692137241363525391e-01,5.794656276702880859e-01,-1.234515547752380371e+00,-1.611974537372589111e-01,9.178326725959777832e-01,-1.478579163551330566e+00,-1.307493634521961212e-02,1.002627730369567871e+00,-1.541689395904541016e+00
-1.549050807952880859e+00,-4.640651047229766846e-01,3.183800876140594482e-01,-3.184666857123374939e-02,1.924983970820903778e-02,-9.991366267204284668e-01,-1.847297884523868561e-02,-3.069187700748443604e-01,3.719144687056541443e-02,-8.377599716186523438e-01,4.717528522014617920e-01,5.906283259391784668e-01,-1.252001523971557617e+00,-1.564100980758666992e-01,9.216516017913818359e-01,-1.471220016479492188e+00,-2.557530626654624939e-02,9.675151109695434570e-01,-1.510381698608398438e+00
-1.551264405250549316e+00,-4.637658596038818359e-01,3.186598718166351318e-01,-3.164600953459739685e-02,2.044819109141826630e-02,-9.991072416305541992e-01,-1.910948008298873901e-02,-3.022795021533966064e-01,4.308439418673515320e-02,-8.377599716186523438e-01,4.733259975910186768e-01,6.054534912109375000e-01,-1.277117967605590820e+00,-1.522363126277923584e-01,9.262760281562805176e-01,-1.465038537979125977e+00,-3.640721365809440613e-02,9.339132308959960938e-01,-1.473114252090454102e+00
-1.553290963172912598e+00,-4.634418189525604248e-01,3.188450038433074951e-01,-3.158295899629592896e-02,2.206748351454734802e-02,-9.990542531013488770e-01,-2.015331946313381195e-02,-2.956878244876861572e-01,4.854057729244232178e-02,-8.377599716186523438e-01,4.772663116455078125e-01,6.254676580429077148e-01,-1.313868880271911621e+00,-1.467142403125762939e-01,9.313658475875854492e-01,-1.460965752601623535e+00,-4.330253973603248596e-02,9.024835228919982910e-01,-1.433668971061706543e+00
-1.555156826972961426e+00,-4.630771577358245850e-01,3.189932107925415039e-01,-3.190413489937782288e-02,2.396366372704505920e-02,-9.989745020866394043e-01,-2.139542065560817719e-02,-2.877197265625000000e-01,5.427072942256927490e-02,-8.377599716186523438e-01,4.829517602920532227e-01,6.515494585037231445e-01,-1.362522840499877930e+00,-1.399844586849212646e-01,9.373641014099121094e-01,-1.458029270172119141e+00,-4.725199192762374878e-02,8.756513595581054688e-01,-1.397741556167602539e+00
-1.556909084320068359e+00,-4.625883102416992188e-01,3.190197348594665527e-01,-3.263897076249122620e-02,2.630591019988059998e-02,-9.988735914230346680e-01,-2.223043702542781830e-02,-2.786148786544799805e-01,6.033240631222724915e-02,-8.377599716186523438e-01,4.906716048717498779e-01,6.785426735877990723e-01,-1.417382836341857910e+00,-1.319907754659652710e-01,9.447956085205078125e-01,-1.456543684005737305e+00,-4.866709932684898376e-02,8.540428280830383301e-01,-1.368797659873962402e+00
-1.558553695678710938e+00,-4.619836211204528809e-01,3.188857734203338623e-01,-3.398612886667251587e-02,2.875026687979698181e-02,-9.987446665763854980e-01,-2.296747080981731415e-02,-2.689477801322937012e-01,6.723001599311828613e-02,-8.377599716186523438e-01,4.988834559917449951e-01,7.056597471237182617e-01,-1.475206255912780762e+00,-1.234505325555801392e-01,9.545633196830749512e-01,-1.458203196525573730e+00,-4.825731366872787476e-02,8.384451270103454590e-01,-1.349287271499633789e+00
-1.560115814208984375e+00,-4.612123072147369385e-01,3.185748159885406494e-01,-3.591282665729522705e-02,3.056801855564117432e-02,-9.986153244972229004e-01,-2.330770716071128845e-02,-2.611221075057983398e-01,7.517750561237335205e-02,-8.377599716186523438e-01,5.040968656539916992e-01,7.313020825386047363e-01,-1.533528208732604980e+00,-1.160250529646873474e-01,9.663434028625488281e-01,-1.462374806404113770e+00,-4.794391244649887085e-02,8.308087587356567383e-01,-1.339963793754577637e+00
-1.561563372611999512e+00,-4.603356420993804932e-01,3.180793821811676025e-01,-3.831070661544799805e-02,3.123661503195762634e-02,-9.984968900680541992e-01,-2.367546781897544861e-02,-2.556692957878112793e-01,8.351785689592361450e-02,-8.377599716186523438e-01,5.053068995475769043e-01,7.508100867271423340e-01,-1.585214614868164062e+00,-1.109215244650840759e-01,9.797511696815490723e-01,-1.468112826347351074e+00,-4.915880039334297180e-02,8.337242603302001953e-01,-1.340440869331359863e+00
-1.562900543212890625e+00,-4.593626558780670166e-01,3.174464404582977295e-01,-4.102444276213645935e-02,3.082904964685440063e-02,-9.983860850334167480e-01,-2.432792447507381439e-02,-2.517336606979370117e-01,9.235475957393646240e-02,-8.377599716186523438e-01,5.011743307113647461e-01,7.627393603324890137e-01,-1.626521706581115723e+00,-1.077578812837600708e-01,9.941170215606689453e-01,-1.474882006645202637e+00,-5.096409469842910767e-02,8.463010191917419434e-01,-1.347856044769287109e+00
-1.564140677452087402e+00,-4.582915604114532471e-01,3.167483806610107422e-01,-4.393377527594566345e-02,2.940010465681552887e-02,-9.982852935791015625e-01,-2.513783797621726990e-02,-2.492462843656539917e-01,1.013426631689071655e-01,-8.377599716186523438e-01,4.925211668014526367e-01,7.675411105155944824e-01,-1.658414006233215332e+00,-1.061093956232070923e-01,1.008794307708740234e+00,-1.482360005378723145e+00,-5.258259177207946777e-02,8.644648194313049316e-01,-1.355709195137023926e+00
-1.565284609794616699e+00,-4.570955336093902588e-01,3.159787058830261230e-01,-4.693609848618507385e-02,2.759412489831447601e-02,-9.981729984283447266e-01,-2.619590237736701965e-02,-2.470787614583969116e-01,1.102886721491813660e-01,-8.377599716186523438e-01,4.787301719188690186e-01,7.640070319175720215e-01,-1.677813053131103516e+00,-1.047860756516456604e-01,1.023844361305236816e+00,-1.490182280540466309e+00,-5.251936987042427063e-02,8.815499544143676758e-01,-1.357441544532775879e+00
-1.566348671913146973e+00,-4.557720720767974854e-01,3.152439892292022705e-01,-4.964584112167358398e-02,2.557383663952350616e-02,-9.980627894401550293e-01,-2.742119319736957550e-02,-2.446243464946746826e-01,1.186729520559310913e-01,-8.377599716186523438e-01,4.603715837001800537e-01,7.526910305023193359e-01,-1.684301137924194336e+00,-1.030204594135284424e-01,1.037301421165466309e+00,-1.497188091278076172e+00,-5.069598183035850525e-02,8.940537571907043457e-01,-1.359772443771362305e+00
-1.567299962043762207e+00,-4.543502628803253174e-01,3.145815134048461914e-01,-5.166352540254592896e-02,2.323062904179096222e-02,-9.979692101478576660e-01,-2.913103066384792328e-02,-2.417947649955749512e-01,1.252075284719467163e-01,-8.377599716186523438e-01,4.387936890125274658e-01,7.320506572723388672e-01,-1.676957011222839355e+00,-1.010003089904785156e-01,1.047342777252197266e+00,-1.500791907310485840e+00,-4.900482669472694397e-02,9.041283726692199707e-01,-1.370478272438049316e+00
-1.568167090415954590e+00,-4.528483450412750244e-01,3.140151202678680420e-01,-5.326997116208076477e-02,1.993795670568943024e-02,-9.978950023651123047e-01,-3.114981763064861298e-02,-2.400559186935424805e-01,1.308712959289550781e-01,-8.377599716186523438e-01,4.145978391170501709e-01,7.025693058967590332e-01,-1.656884312629699707e+00,-1.003082990646362305e-01,1.054604649543762207e+00,-1.501271843910217285e+00,-4.843565076589584351e-02,9.153978228569030762e-01,-1.386481046676635742e+00
-1.568983316421508789e+00,-4.513161480426788330e-01,3.135294318199157715e-01,-5.487029626965522766e-02,1.556874625384807587e-02,-9.978322982788085938e-01,-3.282687440514564514e-02,-2.403183132410049438e-01,1.370016485452651978e-01,-8.377599716186523438e-01,3.847763836383819580e-01,6.651367545127868652e-01,-1.620715498924255371e+00,-1.016848608851432800e-01,1.060907125473022461e+00,-1.500643014907836914e+00,-4.980185255408287048e-02,9.267088174819946289e-01,-1.401484608650207520e+00
-1.569759845733642578e+00,-4.497289061546325684e-01,3.131798505783081055e-01,-5.620798468589782715e-02,1.122850179672241211e-02,-9.977577328681945801e-01,-3.455494716763496399e-02,-2.407051622867584229e-01,1.422990113496780396e-01,-8.377599716186523438e-01,3.542014658451080322e-01,6.225777268409729004e-01,-1.575662732124328613e+00,-1.030231118202209473e-01,1.065814733505249023e+00,-1.498249411582946777e+00,-5.131380259990692139e-02,9.366765022277832031e-01,-1.415636777877807617e+00
-1.570500731468200684e+00,-4.481509923934936523e-01,3.129963278770446777e-01,-5.747969448566436768e-02,6.973186042159795761e-03,-9.976635575294494629e-01,-3.626205399632453918e-02,-2.407634109258651733e-01,1.477355062961578369e-01,-8.377599716186523438e-01,3.214264810085296631e-01,5.736439228057861328e-01,-1.518438220024108887e+00,-1.043635904788970947e-01,1.069952607154846191e+00,-1.494458556175231934e+00,-5.271111801266670227e-02,9.460102915763854980e-01,-1.427525639533996582e+00
-1.571231365203857422e+00,-4.466601610183715820e-01,3.129664063453674316e-01,-5.849504470825195312e-02,3.437195671722292900e-03,-9.975671768188476562e-01,-3.776636719703674316e-02,-2.402677536010742188e-01,1.526487469673156738e-01,-8.377599716186523438e-01,2.901489436626434326e-01,5.207805633544921875e-01,-1.456109166145324707e+00,-1.049385592341423035e-01,1.073078036308288574e+00,-1.489876151084899902e+00,-5.340815708041191101e-02,9.539731144905090332e-01,-1.436266541481018066e+00
-1.571983695030212402e+00,-4.452764093875885010e-01,3.131744861602783203e-01,-5.902099981904029846e-02,1.051383558660745621e-03,-9.974767565727233887e-01,-3.943967819213867188e-02,-2.382987737655639648e-01,1.564484685659408569e-01,-8.377599716186523438e-01,2.590125501155853271e-01,4.632030725479125977e-01,-1.386177420616149902e+00,-1.039478853344917297e-01,1.074187397956848145e+00,-1.483376264572143555e+00,-5.195389315485954285e-02,9.591796398162841797e-01,-1.440787315368652344e+00
-1.572791457176208496e+00,-4.440015852451324463e-01,3.135362565517425537e-01,-6.011259555816650391e-02,1.039395065163262188e-04,-9.973291158676147461e-01,-4.148555174469947815e-02,-2.327560335397720337e-01,1.630105078220367432e-01,-8.377599716186523438e-01,2.308005839586257935e-01,4.027920663356781006e-01,-1.308418631553649902e+00,-1.000510677695274353e-01,1.077712893486022949e+00,-1.477246403694152832e+00,-4.751022160053253174e-02,9.658793210983276367e-01,-1.444874644279479980e+00
-1.573660969734191895e+00,-4.428043365478515625e-01,3.140184283256530762e-01,-6.082172319293022156e-02,4.868709656875580549e-04,-9.972069859504699707e-01,-4.334473982453346252e-02,-2.254835665225982666e-01,1.682334542274475098e-01,-8.377599716186523438e-01,2.047973573207855225e-01,3.417171835899353027e-01,-1.229531884193420410e+00,-9.442802518606185913e-02,1.080561280250549316e+00,-1.471474289894104004e+00,-4.068735986948013306e-02,9.708203673362731934e-01,-1.446266174316406250e+00
-1.574586629867553711e+00,-4.416619837284088135e-01,3.146303594112396240e-01,-6.151001155376434326e-02,1.877587637864053249e-03,-9.970699548721313477e-01,-4.543610662221908569e-02,-2.162546813488006592e-01,1.738004535436630249e-01,-8.377599716186523438e-01,1.805836558341979980e-01,2.794243395328521729e-01,-1.147163629531860352e+00,-8.678980171680450439e-02,1.083578109741210938e+00,-1.465400457382202148e+00,-3.189762309193611145e-02,9.750697016716003418e-01,-1.446428537368774414e+00
-1.575545072555541992e+00,-4.405674934387207031e-01,3.153561353683471680e-01,-6.180779263377189636e-02,3.276116913184523582e-03,-9.969666600227355957e-01,-4.718568548560142517e-02,-2.072302997112274170e-01,1.786394566297531128e-01,-8.377599716186523438e-01,1.576059013605117798e-01,2.165743112564086914e-01,-1.065964579582214355e+00,-7.882414758205413818e-02,1.084241867065429688e+00,-1.456895828247070312e+00,-2.337956614792346954e-02,9.776542186737060547e-01,-1.444328427314758301e+00
-1.576505064964294434e+00,-4.394472837448120117e-01,3.161320686340332031e-01,-6.191097199916839600e-02,4.295718390494585037e-03,-9.968807101249694824e-01,-4.875903576612472534e-02,-1.991599947214126587e-01,1.829829514026641846e-01,-8.377599716186523438e-01,1.344878971576690674e-01,1.575475335121154785e-01,-9.904388785362243652e-01,-7.151914387941360474e-02,1.083792448043823242e+00,-1.447478175163269043e+00,-1.561313029378652573e-02,9.794842004776000977e-01,-1.441246509552001953e+00
-1.577443599700927734e+00,-4.383370280265808105e-01,3.169384896755218506e-01,-6.177779659628868103e-02,5.071315448731184006e-03,-9.968247413635253906e-01,-4.998224601149559021e-02,-1.919906884431838989e-01,1.865393519401550293e-01,-8.377599716186523438e-01,1.118444502353668213e-01,1.038120836019515991e-01,-9.231362342834472656e-01,-6.472826004028320312e-02,1.081943631172180176e+00,-1.436553359031677246e+00,-8.651295676827430725e-03,9.804732203483581543e-01,-1.437010407447814941e+00
-1.578399777412414551e+00,-4.372029006481170654e-01,3.177540302276611328e-01,-6.158531829714775085e-02,5.642098374664783478e-03,-9.967908263206481934e-01,-5.082831904292106628e-02,-1.856068223714828491e-01,1.898239850997924805e-01,-8.377599716186523438e-01,8.973133563995361328e-02,5.820219591259956360e-02,-8.667545318603515625e-01,-5.845961719751358032e-02,1.079880833625793457e+00,-1.426314830780029297e+00,-2.511457772925496101e-03,9.811738133430480957e-01,-1.432117938995361328e+00
-1.579489350318908691e+00,-4.358715415000915527e-01,3.183367848396301270e-01,-6.051766127347946167e-02,3.991945646703243256e-03,-9.967819452285766602e-01,-5.241626501083374023e-02,-1.814696192741394043e-01,1.913570761680603027e-01,-8.377599716186523438e-01,6.622704118490219116e-02,2.658169716596603394e-02,-8.378116488456726074e-01,-5.700425058603286743e-02,1.075110554695129395e+00,-1.413567304611206055e+00,-1.017788890749216080e-03,9.798373579978942871e-01,-1.427796006202697754e+00
-1.580748200416564941e+00,-4.343478679656982422e-01,3.185762166976928711e-01,-5.927790701389312744e-02,-1.104555963138409425e-06,-9.967454671859741211e-01,-5.463181063532829285e-02,-1.803178340196609497e-01,1.928601264953613281e-01,-8.377599716186523438e-01,4.185467958450317383e-02,1.069548260420560837e-02,-8.377601504325866699e-01,-6.126251071691513062e-02,1.070817828178405762e+00,-1.401185035705566406e+00,-5.205912981182336807e-03,9.792974591255187988e-01,-1.426263332366943359e+00
-1.581851243972778320e+00,-4.328396022319793701e-01,3.190517425537109375e-01,-5.791335925459861755e-02,-2.967447973787784576e-03,-9.966816902160644531e-01,-5.712166056036949158e-02,-1.769931763410568237e-01,1.941501796245574951e-01,-8.377599716186523438e-01,1.945420354604721069e-02,-2.023958368226885796e-03,-8.377599716186523438e-01,-6.382170319557189941e-02,1.065061330795288086e+00,-1.386699438095092773e+00,-7.824545726180076599e-03,9.761519432067871094e-01,-1.421538472175598145e+00
-1.582879543304443359e+00,-4.313282072544097900e-01,3.195043802261352539e-01,-5.650909245014190674e-02,-5.322362296283245087e-03,-9.965735673904418945e-01,-6.016216054558753967e-02,-1.719550788402557373e-01,1.949755251407623291e-01,-8.377599716186523438e-01,-1.141517655923962593e-03,-1.339789386838674545e-02,-8.377599716186523438e-01,-6.536317616701126099e-02,1.059680819511413574e+00,-1.373043417930603027e+00,-9.196209721267223358e-03,9.721736907958984375e-01,-1.416133046150207520e+00
-1.583940505981445312e+00,-4.296811223030090332e-01,3.198325335979461670e-01,-5.486996844410896301e-02,-8.404696360230445862e-03,-9.964188337326049805e-01,-6.378226727247238159e-02,-1.670291423797607422e-01,1.959035247564315796e-01,-8.377599716186523438e-01,-2.211378887295722961e-02,-2.519440837204456329e-02,-8.377599716186523438e-01,-6.902652978897094727e-02,1.054047226905822754e+00,-1.358752250671386719e+00,-1.236530765891075134e-02,9.675256609916687012e-01,-1.411365270614624023e+00
-1.584939122200012207e+00,-4.279635548591613770e-01,3.203425407409667969e-01,-5.175345763564109802e-02,-1.300740987062454224e-02,-9.962215423583984375e-01,-6.852023303508758545e-02,-1.629901528358459473e-01,1.937577128410339355e-01,-8.377599716186523438e-01,-4.466980323195457458e-02,-4.066014662384986877e-02,-8.377599716186523438e-01,-7.644697278738021851e-02,1.041163086891174316e+00,-1.336537837982177734e+00,-1.938141137361526489e-02,9.553499221801757812e-01,-1.401658296585083008e+00
-1.586087107658386230e+00,-4.260742664337158203e-01,3.204280436038970947e-01,-4.935696721076965332e-02,-1.860112696886062622e-02,-9.958696365356445312e-01,-7.390262186527252197e-02,-1.592105031013488770e-01,1.939579695463180542e-01,-8.377599716186523438e-01,-6.818162649869918823e-02,-5.466937646269798279e-02,-8.377599716186523438e-01,-8.706103265285491943e-02,1.033025145530700684e+00,-1.318431973457336426e+00,-2.878755331039428711e-02,9.472618699073791504e-01,-1.397350788116455078e+00
-1.587228059768676758e+00,-4.240956902503967285e-01,3.203989565372467041e-01,-4.704988002777099609e-02,-2.459781989455223083e-02,-9.953590035438537598e-01,-8.026009052991867065e-02,-1.542512476444244385e-01,1.948252916336059570e-01,-8.377599716186523438e-01,-9.076803922653198242e-02,-6.767208129167556763e-02,-8.377599716186523438e-01,-9.905835241079330444e-02,1.025379419326782227e+00,-1.299685835838317871e+00,-3.914652019739151001e-02,9.392035603523254395e-01,-1.394513249397277832e+00
-1.588306427001953125e+00,-4.221162796020507812e-01,3.203004598617553711e-01,-4.481813684105873108e-02,-3.024463728070259094e-02,-9.947786927223205566e-01,-8.655618876218795776e-02,-1.486836671829223633e-01,1.952967345714569092e-01,-8.377599716186523438e-01,-1.113390773534774780e-01,-7.835023105144500732e-02,-8.377599716186523438e-01,-1.104904934763908386e-01,1.018106698989868164e+00,-1.281438589096069336e+00,-4.838098585605621338e-02,9.314029812812805176e-01,-1.392082571983337402e+00
-1.589282393455505371e+00,-4.201872646808624268e-01,3.201611340045928955e-01,-4.299850761890411377e-02,-3.533743321895599365e-02,-9.940848350524902344e-01,-9.326147288084030151e-02,-1.415683478116989136e-01,1.970996707677841187e-01,-8.377599716186523438e-01,-1.298017203807830811e-01,-8.543460816144943237e-02,-8.377599716186523438e-01,-1.210759058594703674e-01,1.012369513511657715e+00,-1.264746546745300293e+00,-5.611101165413856506e-02,9.248068332672119141e-01,-1.390997409820556641e+00
-1.590155601501464844e+00,-4.183220863342285156e-01,3.200234770774841309e-01,-4.155833274126052856e-02,-3.958921879529953003e-02,-9.933453202247619629e-01,-9.985328465700149536e-02,-1.333340406417846680e-01,1.996869146823883057e-01,-8.377599716186523438e-01,-1.456714719533920288e-01,-8.792046457529067993e-02,-8.377599716186523438e-01,-1.296784132719039917e-01,1.008038163185119629e+00,-1.249971151351928711e+00,-6.166226044297218323e-02,9.193038344383239746e-01,-1.390771150588989258e+00
-1.590903520584106445e+00,-4.165702164173126221e-01,3.198633790016174316e-01,-4.059589654207229614e-02,-4.302171617746353149e-02,-9.925544857978820801e-01,-1.064740493893623352e-01,-1.241639032959938049e-01,2.034778594970703125e-01,-8.377599716186523438e-01,-1.583361923694610596e-01,-8.565381169319152832e-02,-8.377599716186523438e-01,-1.365774869918823242e-01,1.005546450614929199e+00,-1.237336397171020508e+00,-6.527292728424072266e-02,9.154062867164611816e-01,-1.391789436340332031e+00
-1.591582417488098145e+00,-4.148534536361694336e-01,3.196791708469390869e-01,-3.969746828079223633e-02,-4.576232284307479858e-02,-9.917462468147277832e-01,-1.130012422800064087e-01,-1.140209138393402100e-01,2.075455933809280396e-01,-8.377599716186523438e-01,-1.693655848503112793e-01,-8.069802075624465942e-02,-8.377599716186523438e-01,-1.420303434133529663e-01,1.003478407859802246e+00,-1.225453138351440430e+00,-6.755525618791580200e-02,9.118009209632873535e-01,-1.392760515213012695e+00
-1.592192530632019043e+00,-4.132402837276458740e-01,3.194606006145477295e-01,-3.873252496123313904e-02,-4.782054200768470764e-02,-9.909664988517761230e-01,-1.191571950912475586e-01,-1.035579591989517212e-01,2.132251858711242676e-01,-8.410089015960693359e-01,-1.783560216426849365e-01,-7.269970327615737915e-02,-8.377599716186523438e-01,-1.454946547746658325e-01,1.001182913780212402e+00,-1.214119911193847656e+00,-6.815044581890106201e-02,9.080951213836669922e-01,-1.393176794052124023e+00
-1.592721700668334961e+00,-4.117075204849243164e-01,3.192462325096130371e-01,-3.760444745421409607e-02,-4.910660535097122192e-02,-9.902500510215759277e-01,-1.248170584440231323e-01,-9.228364378213882446e-02,2.186936289072036743e-01,-8.459599018096923828e-01,-1.856635063886642456e-01,-6.204858422279357910e-02,-8.377599716186523438e-01,-1.465697586536407471e-01,9.983164072036743164e-01,-1.203005671501159668e+00,-6.684925407171249390e-02,9.042093157768249512e-01,-1.392802596092224121e+00
-1.593192934989929199e+00,-4.102024435997009277e-01,3.190851509571075439e-01,-3.655039146542549133e-02,-5.027282610535621643e-02,-9.895062446594238281e-01,-1.304382085800170898e-01,-8.048074692487716675e-02,2.238211333751678467e-01,-8.499063849449157715e-01,-1.911474913358688354e-01,-4.964670166373252869e-02,-8.377599716186523438e-01,-1.469727009534835815e-01,9.952559471130371094e-01,-1.191515207290649414e+00,-6.513720750808715820e-02,9.004274010658264160e-01,-1.392155647277832031e+00
-1.593644261360168457e+00,-4.087360203266143799e-01,3.189511001110076904e-01,-3.560798615217208862e-02,-5.135909467935562134e-02,-9.887394905090332031e-01,-1.359724551439285278e-01,-6.876661628484725952e-02,2.289211153984069824e-01,-8.533005118370056152e-01,-1.945366561412811279e-01,-3.557845205068588257e-02,-8.377599716186523438e-01,-1.467392444610595703e-01,9.924339056015014648e-01,-1.180150866508483887e+00,-6.301754713058471680e-02,8.969999551773071289e-01,-1.391352772712707520e+00
-1.594054102897644043e+00,-4.073128104209899902e-01,3.188927769660949707e-01,-3.503098711371421814e-02,-5.238980799913406372e-02,-9.879844784736633301e-01,-1.411200016736984253e-01,-5.775342136621475220e-02,2.352367937564849854e-01,-8.568772077560424805e-01,-1.963741630315780640e-01,-1.864795573055744171e-02,-8.377599716186523438e-01,-1.457763016223907471e-01,9.903554320335388184e-01,-1.169352889060974121e+00,-6.048657000064849854e-02,8.949510455131530762e-01,-1.391476273536682129e+00
-1.594494104385375977e+00,-4.058839678764343262e-01,3.188118338584899902e-01,-3.433858975768089294e-02,-5.388630554080009460e-02,-9.871994853019714355e-01,-1.461312770843505859e-01,-4.785270243883132935e-02,2.404935508966445923e-01,-8.595305085182189941e-01,-1.977424621582031250e-01,-1.686941715888679028e-03,-8.377599716186523438e-01,-1.454568207263946533e-01,9.875134229660034180e-01,-1.157573819160461426e+00,-5.846342071890830994e-02,8.928153514862060547e-01,-1.391885042190551758e+00
-1.594902873039245605e+00,-4.044775962829589844e-01,3.188057243824005127e-01,-3.378078714013099670e-02,-5.543961375951766968e-02,-9.864209890365600586e-01,-1.508605629205703735e-01,-3.846550360321998596e-02,2.461622059345245361e-01,-8.621469140052795410e-01,-1.973764598369598389e-01,1.652226038277149200e-02,-8.377599716186523438e-01,-1.448941975831985474e-01,9.841068387031555176e-01,-1.145175576210021973e+00,-5.589166656136512756e-02,8.912357687950134277e-01,-1.392322897911071777e+00
-1.595315456390380859e+00,-4.031280577182769775e-01,3.188738524913787842e-01,-3.346218168735504150e-02,-5.736974626779556274e-02,-9.856064319610595703e-01,-1.554638445377349854e-01,-3.004330210387706757e-02,2.525836229324340820e-01,-8.645420670509338379e-01,-1.951953768730163574e-01,3.551452979445457458e-02,-8.377599716186523438e-01,-1.448366343975067139e-01,9.805268049240112305e-01,-1.131711363792419434e+00,-5.370358377695083618e-02,8.903740048408508301e-01,-1.393053889274597168e+00
-1.595723748207092285e+00,-4.018031954765319824e-01,3.189978301525115967e-01,-3.326720371842384338e-02,-5.928872898221015930e-02,-9.848195910453796387e-01,-1.597138643264770508e-01,-2.230863459408283234e-02,2.576315402984619141e-01,-8.653418421745300293e-01,-1.906845420598983765e-01,5.570540204644203186e-02,-8.377599716186523438e-01,-1.443142741918563843e-01,9.770758152008056641e-01,-1.118681073188781738e+00,-5.120710283517837524e-02,8.900421857833862305e-01,-1.393641471862792969e+00
-1.596249461174011230e+00,-4.003767371177673340e-01,3.189823031425476074e-01,-3.219604119658470154e-02,-6.207003816962242126e-02,-9.838585853576660156e-01,-1.647208631038665771e-01,-1.486727874726057053e-02,2.628335058689117432e-01,-8.695226311683654785e-01,-1.857811659574508667e-01,6.919918954372406006e-02,-8.377599716186523438e-01,-1.457665413618087769e-01,9.703491926193237305e-01,-1.102619767189025879e+00,-5.023144930601119995e-02,8.867067694664001465e-01,-1.392480015754699707e+00
-1.597114205360412598e+00,-3.986757099628448486e-01,3.184680044651031494e-01,-2.836065366864204407e-02,-6.646721065044403076e-02,-9.826959371566772461e-01,-1.705477386713027954e-01,-7.634223904460668564e-03,2.727382481098175049e-01,-8.909373879432678223e-01,-1.804370880126953125e-01,6.282217800617218018e-02,-8.377599716186523438e-01,-1.502136141061782837e-01,9.544970989227294922e-01,-1.079330325126647949e+00,-5.245869234204292297e-02,8.748967647552490234e-01,-1.386219143867492676e+00
-1.598228216171264648e+00,-3.968102037906646729e-01,3.177379369735717773e-01,-2.301871776580810547e-02,-7.160804420709609985e-02,-9.813243150711059570e-01,-1.770451366901397705e-01,2.558351843617856503e-04,2.833538353443145752e-01,-9.184324145317077637e-01,-1.778772771358489990e-01,3.926240280270576477e-02,-8.377599716186523438e-01,-1.563589274883270264e-01,9.332168698310852051e-01,-1.050216794013977051e+00,-5.584571138024330139e-02,8.584279417991638184e-01,-1.376662015914916992e+00
-1.599191188812255859e+00,-3.953093588352203369e-01,3.177856206893920898e-01,-2.062579616904258728e-02,-7.516167312860488892e-02,-9.802426099777221680e-01,-1.817958503961563110e-01,6.538628134876489639e-03,2.900403439998626709e-01,-9.291686415672302246e-01,-1.704242825508117676e-01,2.742643095552921295e-02,-8.377599716186523438e-01,-1.580272614955902100e-01,9.193938374519348145e-01,-1.025783419609069824e+00,-5.467981845140457153e-02,8.509753942489624023e-01,-1.369961261749267578e+00
-1.600052356719970703e+00,-3.939457237720489502e-01,3.181267082691192627e-01,-2.022251114249229431e-02,-7.830093055963516235e-02,-9.791771173477172852e-01,-1.862048357725143433e-01,1.171818096190690994e-02,2.956190109252929688e-01,-9.301543831825256348e-01,-1.618758589029312134e-01,2.350637875497341156e-02,-8.377599716186523438e-01,-1.591435223817825317e-01,9.123147130012512207e-01,-1.007062911987304688e+00,-5.251920595765113831e-02,8.497648835182189941e-01,-1.367174148559570312e+00
-1.600957274436950684e+00,-3.925484418869018555e-01,3.184425234794616699e-01,-2.014450915157794952e-02,-8.165089786052703857e-02,-9.779092073440551758e-01,-1.913659274578094482e-01,1.676421239972114563e-02,3.015818893909454346e-01,-9.296425580978393555e-01,-1.549547612667083740e-01,1.748076640069484711e-02,-8.377599716186523438e-01,-1.618969589471817017e-01,9.075089097023010254e-01,-9.911320209503173828e-01,-5.104652047157287598e-02,8.492178916931152344e-01,-1.365633130073547363e+00
-1.601879835128784180e+00,-3.912013173103332520e-01,3.187730908393859863e-01,-2.039925754070281982e-02,-8.544460684061050415e-02,-9.764232039451599121e-01,-1.971821784973144531e-01,2.103217318654060364e-02,3.078753352165222168e-01,-9.280977845191955566e-01,-1.483342498540878296e-01,1.169615983963012695e-02,-8.377599716186523438e-01,-1.660025715827941895e-01,9.040901660919189453e-01,-9.767776727676391602e-01,-5.076914280652999878e-02,8.490638136863708496e-01,-1.364555716514587402e+00
-1.602816820144653320e+00,-3.899606168270111084e-01,3.191814422607421875e-01,-2.089714258909225464e-02,-8.948513120412826538e-02,-9.747741818428039551e-01,-2.033986151218414307e-01,2.404083311557769775e-02,3.147103786468505859e-01,-9.272077679634094238e-01,-1.409800946712493896e-01,6.110687740147113800e-03,-8.377599716186523438e-01,-1.710138767957687378e-01,9.018217921257019043e-01,-9.642381668090820312e-01,-5.112871155142784119e-02,8.489684462547302246e-01,-1.363052368164062500e+00
-1.603753685951232910e+00,-3.887454867362976074e-01,3.196465373039245605e-01,-2.169979922473430634e-02,-9.349268674850463867e-02,-9.730517864227294922e-01,-2.096626162528991699e-01,2.578349597752094269e-02,3.223426342010498047e-01,-9.274411797523498535e-01,-1.331091821193695068e-01,1.608411665074527264e-03,-8.377599716186523438e-01,-1.764091253280639648e-01,9.016483426094055176e-01,-9.551407098770141602e-01,-5.190743505954742432e-02,8.493214249610900879e-01,-1.361434698104858398e+00
-1.604724287986755371e+00,-3.876324892044067383e-01,3.201435506343841553e-01,-2.270296216011047363e-02,-9.703896194696426392e-02,-9.711917638778686523e-01,-2.164591699838638306e-01,2.751694433391094208e-02,3.301546573638916016e-01,-9.278466701507568359e-01,-1.235638484358787537e-01,-1.826170831918716431e-03,-8.377599716186523438e-01,-1.813944876194000244e-01,9.040204286575317383e-01,-9.504771232604980469e-01,-5.207442492246627808e-02,8.498376011848449707e-01,-1.359673261642456055e+00
-1.605724334716796875e+00,-3.865897655487060547e-01,3.206433355808258057e-01,-2.397071756422519684e-02,-1.000508591532707214e-01,-9.692555665969848633e-01,-2.235148996114730835e-01,2.886774763464927673e-02,3.394082784652709961e-01,-9.301624298095703125e-01,-1.128197759389877319e-01,-4.371406976133584976e-03,-8.377599716186523438e-01,-1.862165033817291260e-01,9.100799560546875000e-01,-9.535436034202575684e-01,-5.193439871072769165e-02,8.511209487915039062e-01,-1.358031034469604492e+00
-1.606795787811279297e+00,-3.856464624404907227e-01,3.211402893066406250e-01,-2.559860050678253174e-02,-1.024027466773986816e-01,-9.671095013618469238e-01,-2.314251661300659180e-01,3.025104291737079620e-02,3.505467474460601807e-01,-9.329349398612976074e-01,-9.975290298461914062e-02,-5.666302982717752457e-03,-8.377599716186523438e-01,-1.910989135503768921e-01,9.200571775436401367e-01,-9.639922380447387695e-01,-5.089216306805610657e-02,8.530265092849731445e-01,-1.356445789337158203e+00
-1.607931613922119141e+00,-3.848253488540649414e-01,3.216342031955718994e-01,-2.742207422852516174e-02,-1.037688851356506348e-01,-9.649139642715454102e-01,-2.396269440650939941e-01,3.260534256696701050e-02,3.625601828098297119e-01,-9.362806081771850586e-01,-8.477265387773513794e-02,-4.834165330976247787e-03,-8.377599716186523438e-01,-1.958041042089462280e-01,9.340503811836242676e-01,-9.846007823944091797e-01,-4.886855557560920715e-02,8.557345867156982422e-01,-1.354977846145629883e+00
-1.609131336212158203e+00,-3.841030597686767578e-01,3.221019506454467773e-01,-2.953212335705757141e-02,-1.043652817606925964e-01,-9.625436067581176758e-01,-2.484864741563796997e-01,3.622319549322128296e-02,3.727979362010955811e-01,-9.367627501487731934e-01,-6.785789132118225098e-02,-2.556031104177236557e-03,-8.377599716186523438e-01,-2.012389153242111206e-01,9.518621563911437988e-01,-1.014993429183959961e+00,-4.583321884274482727e-02,8.593010902404785156e-01,-1.353685855865478516e+00
-1.610408186912536621e+00,-3.835399746894836426e-01,3.225710391998291016e-01,-3.190373256802558899e-02,-1.048450767993927002e-01,-9.600373506546020508e-01,-2.575226128101348877e-01,3.932578116655349731e-02,3.810546398162841797e-01,-9.363028407096862793e-01,-5.113667994737625122e-02,9.527561487630009651e-04,-8.377599716186523438e-01,-2.088715285062789917e-01,9.711332917213439941e-01,-1.054316997528076172e+00,-4.365946352481842041e-02,8.636158704757690430e-01,-1.352783322334289551e+00
-1.611736178398132324e+00,-3.830900490283966064e-01,3.230265676975250244e-01,-3.437666594982147217e-02,-1.052014678716659546e-01,-9.574181437492370605e-01,-2.666484117507934570e-01,4.175475984811782837e-02,3.867060244083404541e-01,-9.355537295341491699e-01,-3.490684553980827332e-02,5.336449015885591507e-03,-8.377599716186523438e-01,-2.182586044073104858e-01,9.903538227081298828e-01,-1.101263284683227539e+00,-4.224939644336700439e-02,8.680192232131958008e-01,-1.351506114006042480e+00
-1.613138556480407715e+00,-3.827112019062042236e-01,3.234732449054718018e-01,-3.692476823925971985e-02,-1.058079451322555542e-01,-9.546228647232055664e-01,-2.759281992912292480e-01,4.310024157166481018e-02,3.914977610111236572e-01,-9.371351003646850586e-01,-1.938349008560180664e-02,1.004572212696075439e-02,-8.377599716186523438e-01,-2.295361906290054321e-01,1.007073640823364258e+00,-1.151940107345581055e+00,-4.198455810546875000e-02,8.723894357681274414e-01,-1.350525021553039551e+00
-1.614589214324951172e+00,-3.823739290237426758e-01,3.239007890224456787e-01,-3.950649127364158630e-02,-1.062593087553977966e-01,-9.518059492111206055e-01,-2.849800884723663330e-01,4.314774274826049805e-02,3.988195061683654785e-01,-9.464441537857055664e-01,-4.298728890717029572e-03,1.547231152653694153e-02,-8.377599716186523438e-01,-2.412940859794616699e-01,1.020417332649230957e+00,-1.204241752624511719e+00,-4.190295189619064331e-02,8.773160576820373535e-01,-1.349733471870422363e+00
-1.616112947463989258e+00,-3.816179633140563965e-01,3.245022892951965332e-01,-4.257524013519287109e-02,-1.057262793183326721e-01,-9.489936828613281250e-01,-2.939732372760772705e-01,4.325193539261817932e-02,4.116075932979583740e-01,-9.620774984359741211e-01,1.281965337693691254e-02,2.401837520301342010e-02,-8.377599716186523438e-01,-2.508768737316131592e-01,1.029458880424499512e+00,-1.251431703567504883e+00,-3.949461504817008972e-02,8.850415945053100586e-01,-1.349675893783569336e+00
-1.617542266845703125e+00,-3.812348544597625732e-01,3.249150812625885010e-01,-4.527067393064498901e-02,-1.051361858844757080e-01,-9.459968209266662598e-01,-3.032934963703155518e-01,4.127099737524986267e-02,4.315939545631408691e-01,-9.943265914916992188e-01,2.969926036894321442e-02,3.145778924226760864e-02,-8.377599716186523438e-01,-2.613680958747863770e-01,1.033835291862487793e+00,-1.296493768692016602e+00,-3.831739351153373718e-02,8.908905386924743652e-01,-1.349722743034362793e+00
-1.618999242782592773e+00,-3.808594644069671631e-01,3.253413438796997070e-01,-4.785893857479095459e-02,-1.040631681680679321e-01,-9.430441856384277344e-01,-3.123267292976379395e-01,3.765960410237312317e-02,4.618387818336486816e-01,-1.045174002647399902e+00,4.647816345095634460e-02,4.005745798349380493e-02,-8.377599716186523438e-01,-2.707232832908630371e-01,1.031931638717651367e+00,-1.334968924522399902e+00,-3.662250936031341553e-02,8.969600796699523926e-01,-1.349792122840881348e+00
-1.620515942573547363e+00,-3.804986178874969482e-01,3.257205486297607422e-01,-5.013239011168479919e-02,-1.027428656816482544e-01,-9.402425885200500488e-01,-3.207406103610992432e-01,3.174026682972908020e-02,5.000211000442504883e-01,-1.113510131835937500e+00,6.235130503773689270e-02,4.833129048347473145e-02,-8.377599716186523438e-01,-2.782309651374816895e-01,1.023242950439453125e+00,-1.366050004959106445e+00,-3.485239297151565552e-02,9.028952717781066895e-01,-1.349588274955749512e+00
-1.622086763381958008e+00,-3.802020251750946045e-01,3.260702192783355713e-01,-5.172995850443840027e-02,-1.008015647530555725e-01,-9.377211332321166992e-01,-3.283932507038116455e-01,2.355371974408626556e-02,5.406768918037414551e-01,-1.193279623985290527e+00,7.816890627145767212e-02,5.625965073704719543e-02,-8.377599716186523438e-01,-2.833022773265838623e-01,1.008129954338073730e+00,-1.391727805137634277e+00,-3.128621727228164673e-02,9.077769517898559570e-01,-1.348721861839294434e+00
-1.623705744743347168e+00,-3.799755573272705078e-01,3.263351619243621826e-01,-5.273244529962539673e-02,-9.802921116352081299e-02,-9.354758262634277344e-01,-3.354020714759826660e-01,1.411433238536119461e-02,5.757359266281127930e-01,-1.271376609802246094e+00,9.428727626800537109e-02,6.424047052860260010e-02,-8.377599716186523438e-01,-2.853378653526306152e-01,9.873350262641906738e-01,-1.411140084266662598e+00,-2.579228021204471588e-02,9.119315147399902344e-01,-1.346070885658264160e+00
-1.625340461730957031e+00,-3.797640204429626465e-01,3.265962600708007812e-01,-5.333311110734939575e-02,-9.490726888179779053e-02,-9.334812164306640625e-01,-3.417031764984130859e-01,1.582223805598914623e-03,6.030130982398986816e-01,-1.343512892723083496e+00,1.097351685166358948e-01,7.207091897726058960e-02,-8.377599716186523438e-01,-2.857583165168762207e-01,9.625856280326843262e-01,-1.426724076271057129e+00,-1.980122737586498260e-02,9.155446887016296387e-01,-1.343029141426086426e+00
-1.626953601837158203e+00,-3.795151412487030029e-01,3.267937302589416504e-01,-5.354457721114158630e-02,-9.109061211347579956e-02,-9.316899776458740234e-01,-3.475474715232849121e-01,-1.180275529623031616e-02,6.202637553215026855e-01,-1.403949379920959473e+00,1.258222609758377075e-01,7.992306351661682129e-02,-8.377599716186523438e-01,-2.844195067882537842e-01,9.349521994590759277e-01,-1.439122200012207031e+00,-1.270637009292840958e-02,9.190645217895507812e-01,-1.340023159980773926e+00
-1.628582596778869629e+00,-3.792535364627838135e-01,3.269209563732147217e-01,-5.373559147119522095e-02,-8.689268678426742554e-02,-9.300294518470764160e-01,-3.529976308345794678e-01,-2.707054838538169861e-02,6.292528510093688965e-01,-1.454183697700500488e+00,1.417982280254364014e-01,8.831018954515457153e-02,-8.377599716186523438e-01,-2.824999392032623291e-01,9.066846966743469238e-01,-1.449791669845581055e+00,-5.446834955364465714e-03,9.231073856353759766e-01,-1.336554765701293945e+00
-1.630212903022766113e+00,-3.789504170417785645e-01,3.269490301609039307e-01,-5.378371849656105042e-02,-8.237472921609878540e-02,-9.284909963607788086e-01,-3.580868244171142578e-01,-4.298551753163337708e-02,6.316155195236206055e-01,-1.495375514030456543e+00,1.576982289552688599e-01,9.634902328252792358e-02,-8.377599716186523438e-01,-2.796833813190460205e-01,8.774210810661315918e-01,-1.457494974136352539e+00,1.765882829204201698e-03,9.277239441871643066e-01,-1.334419250488281250e+00
-1.631836175918579102e+00,-3.786508142948150635e-01,3.268700242042541504e-01,-5.372315645217895508e-02,-7.702428847551345825e-02,-9.269543290138244629e-01,-3.632309138774871826e-01,-5.778030678629875183e-02,6.277244091033935547e-01,-1.526473879814147949e+00,1.752710044384002686e-01,1.056495308876037598e-01,-8.377599716186523438e-01,-2.751523554325103760e-01,8.488016128540039062e-01,-1.461430072784423828e+00,1.025626435875892639e-02,9.328126907348632812e-01,-1.332590103149414062e+00
-1.633460998535156250e+00,-3.782975375652313232e-01,3.266178667545318604e-01,-5.339254066348075867e-02,-7.058225572109222412e-02,-9.255800247192382812e-01,-3.680610954761505127e-01,-7.127585262060165405e-02,6.161594986915588379e-01,-1.544876933097839355e+00,1.942993551492691040e-01,1.154614835977554321e-01,-8.377599716186523438e-01,-2.674028575420379639e-01,8.219534754753112793e-01,-1.460472226142883301e+00,2.044165879487991333e-02,9.390153288841247559e-01,-1.331120967864990234e+00
-1.635094404220581055e+00,-3.778869211673736572e-01,3.262434303760528564e-01,-5.299517139792442322e-02,-6.349531561136245728e-02,-9.242394566535949707e-01,-3.727483153343200684e-01,-8.343860507011413574e-02,5.999014377593994141e-01,-1.554516673088073730e+00,2.135222703218460083e-01,1.258513331413269043e-01,-8.377599716186523438e-01,-2.571647465229034424e-01,7.975900769233703613e-01,-1.456289410591125488e+00,3.165239095687866211e-02,9.464038014411926270e-01,-1.330713510513305664e+00
-1.636729359626770020e+00,-3.773963749408721924e-01,3.257291615009307861e-01,-5.224755406379699707e-02,-5.537908896803855896e-02,-9.229270219802856445e-01,-3.773712515830993652e-01,-9.371445327997207642e-02,5.782691836357116699e-01,-1.553843140602111816e+00,2.338857948780059814e-01,1.369723528623580933e-01,-8.377599716186523438e-01,-2.435993403196334839e-01,7.771189808845520020e-01,-1.449598550796508789e+00,4.535863175988197327e-02,9.546133875846862793e-01,-1.331690549850463867e+00
-1.638220310211181641e+00,-3.768756687641143799e-01,3.254447579383850098e-01,-5.023917555809020996e-02,-4.757696017622947693e-02,-9.223561882972717285e-01,-3.800940811634063721e-01,-1.075609698891639709e-01,5.475030541419982910e-01,-1.544848084449768066e+00,2.518913745880126953e-01,1.449492126703262329e-01,-8.377599716186523438e-01,-2.268923819065093994e-01,7.551766037940979004e-01,-1.436162829399108887e+00,6.238136813044548035e-02,9.581071734428405762e-01,-1.327079772949218750e+00
-1.639927387237548828e+00,-3.762020766735076904e-01,3.247081637382507324e-01,-4.989925771951675415e-02,-3.883847594261169434e-02,-9.212390780448913574e-01,-3.838230669498443604e-01,-1.188775375485420227e-01,5.183324217796325684e-01,-1.525618791580200195e+00,2.714891433715820312e-01,1.575032472610473633e-01,-8.377599716186523438e-01,-2.118933796882629395e-01,7.522314786911010742e-01,-1.430154204368591309e+00,7.760194689035415649e-02,9.707639813423156738e-01,-1.330463409423828125e+00
-1.641574025154113770e+00,-3.753061592578887939e-01,3.238246440887451172e-01,-5.020295083522796631e-02,-3.026484511792659760e-02,-9.202800393104553223e-01,-3.868440389633178711e-01,-1.320633739233016968e-01,4.833921194076538086e-01,-1.492789268493652344e+00,2.895299196243286133e-01,1.716075539588928223e-01,-8.377599716186523438e-01,-1.964051872491836548e-01,7.624289989471435547e-01,-1.424208641052246094e+00,9.283015131950378418e-02,9.871786236763000488e-01,-1.336963176727294922e+00
-1.643251538276672363e+00,-3.743464648723602295e-01,3.228889107704162598e-01,-5.136942490935325623e-02,-2.274703234434127808e-02,-9.193454980850219727e-01,-3.894195258617401123e-01,-1.488482207059860229e-01,4.434585273265838623e-01,-1.448055267333984375e+00,3.043071925640106201e-01,1.866962164640426636e-01,-8.377599716186523438e-01,-1.853708177804946899e-01,7.859243750572204590e-01,-1.430056214332580566e+00,1.052192971110343933e-01,1.006118178367614746e+00,-1.345598578453063965e+00
-1.644915103912353516e+00,-3.734111785888671875e-01,3.220838010311126709e-01,-5.390311032533645630e-02,-1.738491654396057129e-02,-9.185338616371154785e-01,-3.912643194198608398e-01,-1.723001748323440552e-01,3.978316187858581543e-01,-1.389283299446105957e+00,3.134502172470092773e-01,2.031954675912857056e-01,-8.377599716186523438e-01,-1.820428073406219482e-01,8.165063858032226562e-01,-1.454392313957214355e+00,1.119673252105712891e-01,1.027290582656860352e+00,-1.355530381202697754e+00
-1.646480321884155273e+00,-3.724024593830108643e-01,3.213033080101013184e-01,-5.715378001332283020e-02,-1.392686460167169571e-02,-9.179089665412902832e-01,-3.924061954021453857e-01,-2.002401798963546753e-01,3.441683351993560791e-01,-1.315265297889709473e+00,3.179635703563690186e-01,2.181938886642456055e-01,-8.377599716186523438e-01,-1.824790388345718384e-01,8.420988321304321289e-01,-1.474956274032592773e+00,1.149697750806808472e-01,1.049252152442932129e+00,-1.366187453269958496e+00
-1.647956252098083496e+00,-3.714105188846588135e-01,3.206914663314819336e-01,-6.023919582366943359e-02,-1.092535257339477539e-02,-9.175766110420227051e-01,-3.928167521953582764e-01,-2.310350090265274048e-01,2.821979522705078125e-01,-1.227980971336364746e+00,3.208885490894317627e-01,2.326218187808990479e-01,-8.377599716186523438e-01,-1.841128021478652954e-01,8.585100769996643066e-01,-1.487624883651733398e+00,1.170503720641136169e-01,1.069682002067565918e+00,-1.374913096427917480e+00
-1.649359464645385742e+00,-3.704346120357513428e-01,3.202503621578216553e-01,-6.248513609170913696e-02,-7.490019313991069794e-03,-9.176422953605651855e-01,-3.923927843570709229e-01,-2.622093260288238525e-01,2.119401097297668457e-01,-1.128033518791198730e+00,3.246597647666931152e-01,2.456586062908172607e-01,-8.377599716186523438e-01,-1.835801452398300171e-01,8.731187582015991211e-01,-1.496106624603271484e+00,1.206313371658325195e-01,1.087364673614501953e+00,-1.380813598632812500e+00
-1.650690436363220215e+00,-3.694483637809753418e-01,3.199511766433715820e-01,-6.394895166158676147e-02,-3.792482661083340645e-03,-9.177933931350708008e-01,-3.918563425540924072e-01,-2.916729748249053955e-01,1.354578137397766113e-01,-1.017513751983642578e+00,3.296905457973480225e-01,2.570290863513946533e-01,-8.377599716186523438e-01,-1.809316575527191162e-01,8.881859779357910156e-01,-1.505792856216430664e+00,1.259223520755767822e-01,1.102380275726318359e+00,-1.384402036666870117e+00
-1.651978015899658203e+00,-3.684271275997161865e-01,3.199078142642974854e-01,-6.559166312217712402e-02,-8.497631060890853405e-04,-9.180536866188049316e-01,-3.909915685653686523e-01,-3.218172192573547363e-01,5.359366536140441895e-02,-8.940716385841369629e-01,3.330224752426147461e-01,2.684595286846160889e-01,-8.377599716186523438e-01,-1.789445877075195312e-01,9.032326936721801758e-01,-1.514641284942626953e+00,1.299394071102142334e-01,1.116503477096557617e+00,-1.386582493782043457e+00
-1.653559446334838867e+00,-3.663979470729827881e-01,3.194622099399566650e-01,-5.896127596497535706e-02,7.045018486678600311e-03,-9.163238406181335449e-01,-3.960107862949371338e-01,-3.288511037826538086e-01,-5.790378432720899582e-03,-8.378554582595825195e-01,3.620586693286895752e-01,2.702826559543609619e-01,-8.377599716186523438e-01,-1.661641746759414673e-01,9.091718196868896484e-01,-1.516207695007324219e+00,1.394671350717544556e-01,1.105239748954772949e+00,-1.369518876075744629e+00
-1.655319690704345703e+00,-3.634255230426788330e-01,3.185361623764038086e-01,-4.944087192416191101e-02,1.578252576291561127e-02,-9.127368330955505371e-01,-4.052382111549377441e-01,-3.229744434356689453e-01,-3.960488364100456238e-02,-8.377602100372314453e-01,4.025286734104156494e-01,2.691605687141418457e-01,-8.377599716186523438e-01,-1.550655663013458252e-01,9.156480431556701660e-01,-1.516530394554138184e+00,1.448543965816497803e-01,1.085711240768432617e+00,-1.347888588905334473e+00
-1.656915545463562012e+00,-3.604083359241485596e-01,3.181911110877990723e-01,-4.176292568445205688e-02,2.159725502133369446e-02,-9.093471765518188477e-01,-4.133728146553039551e-01,-3.215846419334411621e-01,-6.728274375200271606e-02,-8.377599716186523438e-01,4.357118010520935059e-01,2.704299390316009521e-01,-8.377599716186523438e-01,-1.489918977022171021e-01,9.198773503303527832e-01,-1.511492013931274414e+00,1.465447843074798584e-01,1.067786812782287598e+00,-1.326061725616455078e+00
-1.658461332321166992e+00,-3.576963841915130615e-01,3.176552951335906982e-01,-3.549829497933387756e-02,2.125946991145610809e-02,-9.075768589973449707e-01,-4.178422093391418457e-01,-3.378877937793731689e-01,-9.403978288173675537e-02,-8.377599716186523438e-01,4.536505043506622314e-01,2.855468094348907471e-01,-8.727884292602539062e-01,-1.504756808280944824e-01,9.151791930198669434e-01,-1.500738024711608887e+00,1.431667506694793701e-01,1.051163792610168457e+00,-1.306815147399902344e+00
-1.659898400306701660e+00,-3.551594018936157227e-01,3.172867298126220703e-01,-3.067424893379211426e-02,1.848547346889972687e-02,-9.065212607383728027e-01,-4.206382632255554199e-01,-3.602496385574340820e-01,-1.160103678703308105e-01,-8.377599716186523438e-01,4.638206660747528076e-01,3.026151657104492188e-01,-9.125915169715881348e-01,-1.553415358066558838e-01,9.074753522872924805e-01,-1.486071825027465820e+00,1.375798285007476807e-01,1.037277936935424805e+00,-1.290223598480224609e+00
-1.661247134208679199e+00,-3.527374565601348877e-01,3.171385526657104492e-01,-2.707740291953086853e-02,1.484720595180988312e-02,-9.058375954627990723e-01,-4.224981069564819336e-01,-3.839171528816223145e-01,-1.323958337306976318e-01,-8.377599716186523438e-01,4.702500104904174805e-01,3.188187777996063232e-01,-9.483538269996643066e-01,-1.614926159381866455e-01,8.996630907058715820e-01,-1.470543146133422852e+00,1.313225179910659790e-01,1.026537179946899414e+00,-1.275743365287780762e+00
-1.662586688995361328e+00,-3.504774868488311768e-01,3.172382116317749023e-01,-2.449216879904270172e-02,1.126871816813945770e-02,-9.053120613098144531e-01,-4.238905906677246094e-01,-4.054070413112640381e-01,-1.425300091505050659e-01,-8.377599716186523438e-01,4.742148816585540771e-01,3.327438831329345703e-01,-9.762893915176391602e-01,-1.673230975866317749e-01,8.931311964988708496e-01,-1.455179572105407715e+00,1.253826469182968140e-01,1.019142627716064453e+00,-1.263522982597351074e+00
-1.663890600204467773e+00,-3.483222424983978271e-01,3.175528943538665771e-01,-2.252349257469177246e-02,8.324701339006423950e-03,-9.050002694129943848e-01,-4.247327744960784912e-01,-4.242540597915649414e-01,-1.478654891252517700e-01,-8.377599716186523438e-01,4.776450395584106445e-01,3.453899919986724854e-01,-9.987049102783203125e-01,-1.723129600286483765e-01,8.879188299179077148e-01,-1.440318346023559570e+00,1.211486086249351501e-01,1.014531135559082031e+00,-1.252720117568969727e+00
-1.665215492248535156e+00,-3.462186157703399658e-01,3.180176019668579102e-01,-2.087233774363994598e-02,5.996461492031812668e-03,-9.047733545303344727e-01,-4.253394007682800293e-01,-4.395699799060821533e-01,-1.493998467922210693e-01,-8.377599716186523438e-01,4.811360239982604980e-01,3.574043214321136475e-01,-1.017218708992004395e+00,-1.757936775684356689e-01,8.837322592735290527e-01,-1.425828814506530762e+00,1.183374673128128052e-01,1.012248754501342773e+00,-1.243489503860473633e+00
-1.666627287864685059e+00,-3.441683351993560791e-01,3.185648024082183838e-01,-1.933443360030651093e-02,4.348937887698411942e-03,-9.046455621719360352e-01,-4.257037341594696045e-01,-4.517098665237426758e-01,-1.479340940713882446e-01,-8.377599716186523438e-01,4.845980405807495117e-01,3.680575489997863770e-01,-1.032018184661865234e+00,-1.781254410743713379e-01,8.803421854972839355e-01,-1.411858677864074707e+00,1.175014004111289978e-01,1.011781215667724609e+00,-1.234965324401855469e+00
-1.668072700500488281e+00,-3.421229124069213867e-01,3.191338777542114258e-01,-1.772569119930267334e-02,3.523893887177109718e-03,-9.046350121498107910e-01,-4.258038103580474854e-01,-4.606567323207855225e-01,-1.444101035594940186e-01,-8.377599716186523438e-01,4.889204800128936768e-01,3.788498342037200928e-01,-1.045275688171386719e+00,-1.786569654941558838e-01,8.779090642929077148e-01,-1.398621678352355957e+00,1.182489767670631409e-01,1.012798190116882324e+00,-1.227949500083923340e+00
-1.669508218765258789e+00,-3.404307961463928223e-01,3.200405538082122803e-01,-1.375936530530452728e-02,2.540453569963574409e-03,-9.045636057853698730e-01,-4.261091053485870361e-01,-4.662529826164245605e-01,-1.441670209169387817e-01,-8.377599716186523438e-01,4.957719743251800537e-01,3.868159055709838867e-01,-1.063165903091430664e+00,-1.774690300226211548e-01,8.646464347839355469e-01,-1.376359939575195312e+00,1.192941218614578247e-01,1.002616643905639648e+00,-1.212730884552001953e+00
-1.671000599861145020e+00,-3.384858071804046631e-01,3.206738531589508057e-01,-1.192346680909395218e-02,2.522170310840010643e-03,-9.048532843589782715e-01,-4.255490899085998535e-01,-4.687366783618927002e-01,-1.349437683820724487e-01,-8.377599716186523438e-01,5.004310607910156250e-01,3.975305855274200439e-01,-1.075941920280456543e+00,-1.753470599651336670e-01,8.614809513092041016e-01,-1.362830519676208496e+00,1.231332942843437195e-01,1.005900621414184570e+00,-1.210944771766662598e+00
-1.672511458396911621e+00,-3.365527987480163574e-01,3.210859894752502441e-01,-1.044090650975704193e-02,3.090960904955863953e-03,-9.051627516746520996e-01,-4.249256551265716553e-01,-4.654538035392761230e-01,-1.222968176007270813e-01,-8.377599716186523438e-01,5.056272149085998535e-01,4.091924428939819336e-01,-1.088609576225280762e+00,-1.721421033143997192e-01,8.613253831863403320e-01,-1.352757096290588379e+00,1.282125860452651978e-01,1.013554453849792480e+00,-1.215806603431701660e+00
-1.674003601074218750e+00,-3.346972465515136719e-01,3.213988542556762695e-01,-9.525702334940433502e-03,3.920869436115026474e-03,-9.056482911109924316e-01,-4.239045083522796631e-01,-4.580786526203155518e-01,-1.051734462380409241e-01,-8.377599716186523438e-01,5.099408626556396484e-01,4.220339357852935791e-01,-1.101390600204467773e+00,-1.683033406734466553e-01,8.631719946861267090e-01,-1.344902515411376953e+00,1.338483989238739014e-01,1.025244474411010742e+00,-1.226732969284057617e+00
-1.675544500350952148e+00,-3.328921198844909668e-01,3.215847909450531006e-01,-9.147859178483486176e-03,4.558653570711612701e-03,-9.063276648521423340e-01,-4.224519729614257812e-01,-4.479820728302001953e-01,-8.467121422290802002e-02,-8.377599716186523438e-01,5.128986239433288574e-01,4.363797903060913086e-01,-1.115627408027648926e+00,-1.648452877998352051e-01,8.665416240692138672e-01,-1.339034914970397949e+00,1.393006592988967896e-01,1.039838671684265137e+00,-1.242269635200500488e+00
-1.677125573158264160e+00,-3.309280872344970703e-01,3.214771151542663574e-01,-7.815732620656490326e-03,5.054946523159742355e-03,-9.065964221954345703e-01,-4.218961000442504883e-01,-4.358999133110046387e-01,-7.033760845661163330e-02,-8.377599716186523438e-01,5.187755227088928223e-01,4.523615241050720215e-01,-1.135522365570068359e+00,-1.608235090970993042e-01,8.684192895889282227e-01,-1.332098603248596191e+00,1.424476355314254761e-01,1.050923943519592285e+00,-1.259343862533569336e+00
-1.678757429122924805e+00,-3.288069665431976318e-01,3.211886286735534668e-01,-6.159666925668716431e-03,4.966316744685173035e-03,-9.065318703651428223e-01,-4.220632314682006836e-01,-4.277375638484954834e-01,-6.322487443685531616e-02,-8.377599716186523438e-01,5.262951850891113281e-01,4.702691733837127686e-01,-1.160076856613159180e+00,-1.585112214088439941e-01,8.695364594459533691e-01,-1.324191927909851074e+00,1.412997394800186157e-01,1.059166073799133301e+00,-1.276953816413879395e+00
-1.680341601371765137e+00,-3.267441689968109131e-01,3.210692703723907471e-01,-5.033927969634532928e-03,4.939356353133916855e-03,-9.063429236412048340e-01,-4.224840998649597168e-01,-4.211631417274475098e-01,-5.703845247626304626e-02,-8.377599716186523438e-01,5.335277318954467773e-01,4.883967339992523193e-01,-1.183099508285522461e+00,-1.560312062501907349e-01,8.713906407356262207e-01,-1.315491676330566406e+00,1.356558054685592651e-01,1.065022230148315430e+00,-1.299178004264831543e+00
-1.681884884834289551e+00,-3.246949017047882080e-01,3.210693001747131348e-01,-4.723518621176481247e-03,4.558409564197063446e-03,-9.061462283134460449e-01,-4.229136407375335693e-01,-4.159609079360961914e-01,-5.074195936322212219e-02,-8.377599716186523438e-01,5.385369062423706055e-01,5.072080492973327637e-01,-1.205083847045898438e+00,-1.545694768428802490e-01,8.743695616722106934e-01,-1.307172775268554688e+00,1.256969273090362549e-01,1.069147467613220215e+00,-1.326491713523864746e+00
-1.683415532112121582e+00,-3.226139247417449951e-01,3.210960924625396729e-01,-4.782571922987699509e-03,4.019189625978469849e-03,-9.056343436241149902e-01,-4.240134060382843018e-01,-4.124039113521575928e-01,-4.584775120019912720e-02,-8.377599716186523438e-01,5.428551435470581055e-01,5.266276001930236816e-01,-1.226915121078491211e+00,-1.534443944692611694e-01,8.785133957862854004e-01,-1.299080252647399902e+00,1.107726097106933594e-01,1.068808436393737793e+00,-1.355930685997009277e+00
-1.684869050979614258e+00,-3.205702900886535645e-01,3.212366402149200439e-01,-5.580524448305368423e-03,3.136126324534416199e-03,-9.050106406211853027e-01,-4.253408014774322510e-01,-4.097777903079986572e-01,-3.906751796603202820e-02,-8.377599716186523438e-01,5.450302958488464355e-01,5.473484992980957031e-01,-1.249229907989501953e+00,-1.531309485435485840e-01,8.835037350654602051e-01,-1.290229558944702148e+00,9.148277342319488525e-02,1.064525365829467773e+00,-1.384902954101562500e+00
-1.686271190643310547e+00,-3.185602128505706787e-01,3.214412927627563477e-01,-6.662615109235048294e-03,2.000365871936082840e-03,-9.043165445327758789e-01,-4.268057942390441895e-01,-4.075390100479125977e-01,-3.145177289843559265e-02,-8.377599716186523438e-01,5.447725653648376465e-01,5.680852532386779785e-01,-1.271884799003601074e+00,-1.531046777963638306e-01,8.884785175323486328e-01,-1.281423807144165039e+00,6.825462728738784790e-02,1.054511308670043945e+00,-1.409979462623596191e+00
-1.687589406967163086e+00,-3.165309727191925049e-01,3.216790258884429932e-01,-8.174774236977100372e-03,2.418090880382806063e-04,-9.034900665283203125e-01,-4.285309910774230957e-01,-4.056795835494995117e-01,-2.331537194550037384e-02,-8.377599716186523438e-01,5.424917340278625488e-01,5.899153947830200195e-01,-1.297106027603149414e+00,-1.538488566875457764e-01,8.931977748870849609e-01,-1.271132707595825195e+00,4.153371974825859070e-02,1.039090275764465332e+00,-1.431342244148254395e+00
-1.688854813575744629e+00,-3.144961595535278320e-01,3.219411373138427734e-01,-9.686266072094440460e-03,-1.843616832047700882e-03,-9.025438427925109863e-01,-4.304850697517395020e-01,-4.032733142375946045e-01,-1.612657681107521057e-02,-8.377599716186523438e-01,5.380327701568603516e-01,6.124049425125122070e-01,-1.325217247009277344e+00,-1.547251343727111816e-01,8.971723318099975586e-01,-1.260401248931884766e+00,1.310910563915967941e-02,1.017489194869995117e+00,-1.446867346763610840e+00
-1.690018415451049805e+00,-3.124013841152191162e-01,3.221473991870880127e-01,-1.114040799438953400e-02,-4.297841805964708328e-03,-9.014376997947692871e-01,-4.327441453933715820e-01,-4.006892740726470947e-01,-1.018409524112939835e-02,-8.377599716186523438e-01,5.334421396255493164e-01,6.388211250305175781e-01,-1.361038565635681152e+00,-1.558014750480651855e-01,8.999268412590026855e-01,-1.247867345809936523e+00,-1.518558524549007416e-02,9.905646443367004395e-01,-1.456395030021667480e+00
-1.691057920455932617e+00,-3.102416098117828369e-01,3.223403096199035645e-01,-1.263430435210466385e-02,-7.137792184948921204e-03,-9.003375768661499023e-01,-4.349502027034759521e-01,-3.982752561569213867e-01,-4.542160313576459885e-03,-8.377599716186523438e-01,5.292749404907226562e-01,6.689473986625671387e-01,-1.405199646949768066e+00,-1.570560485124588013e-01,9.016526341438293457e-01,-1.234271526336669922e+00,-4.208873957395553589e-02,9.599732756614685059e-01,-1.458968877792358398e+00
-1.691922545433044434e+00,-3.080050647258758545e-01,3.225213885307312012e-01,-1.407816074788570404e-02,-9.843127802014350891e-03,-8.992314338684082031e-01,-4.371358156204223633e-01,-3.952794373035430908e-01,9.868136839941143990e-04,-8.377599716186523438e-01,5.263157486915588379e-01,6.995855569839477539e-01,-1.454408288002014160e+00,-1.572488844394683838e-01,9.031293392181396484e-01,-1.220765352249145508e+00,-6.537818163633346558e-02,9.268569946289062500e-01,-1.455462098121643066e+00
-1.692600131034851074e+00,-3.052789568901062012e-01,3.225460946559906006e-01,-1.877286285161972046e-02,-1.112964190542697906e-02,-8.986800909042358398e-01,-4.380613565444946289e-01,-3.922566175460815430e-01,1.631713658571243286e-02,-8.377599716186523438e-01,5.203720331192016602e-01,7.328385710716247559e-01,-1.498283743858337402e+00,-1.552213430404663086e-01,9.183285832405090332e-01,-1.217838287353515625e+00,-8.388578146696090698e-02,9.093449115753173828e-01,-1.458351731300354004e+00
-1.693113565444946289e+00,-3.028476238250732422e-01,3.223012983798980713e-01,-2.190515957772731781e-02,-1.296954881399869919e-02,-8.979179859161376953e-01,-4.394260048866271973e-01,-3.890767395496368408e-01,2.601695619523525238e-02,-8.377599716186523438e-01,5.185758471488952637e-01,7.648337483406066895e-01,-1.554791569709777832e+00,-1.547130942344665527e-01,9.284060597419738770e-01,-1.213485598564147949e+00,-1.007708683609962463e-01,8.837478160858154297e-01,-1.450622558593750000e+00
-1.693445801734924316e+00,-3.004587888717651367e-01,3.220826387405395508e-01,-2.443349920213222504e-02,-1.503100618720054626e-02,-8.972762823104858398e-01,-4.405364692211151123e-01,-3.866356909275054932e-01,3.361915796995162964e-02,-8.377599716186523438e-01,5.145222544670104980e-01,7.908850908279418945e-01,-1.609297037124633789e+00,-1.535488665103912354e-01,9.351689815521240234e-01,-1.206988215446472168e+00,-1.145686209201812744e-01,8.559321761131286621e-01,-1.434546947479248047e+00
-1.693600177764892578e+00,-2.980555593967437744e-01,3.219371736049652100e-01,-2.675994113087654114e-02,-1.711996085941791534e-02,-8.968261480331420898e-01,-4.412410855293273926e-01,-3.846335709095001221e-01,4.072077572345733643e-02,-8.377599716186523438e-01,5.061278343200683594e-01,8.114049434661865234e-01,-1.659467220306396484e+00,-1.517900079488754272e-01,9.401248693466186523e-01,-1.199467539787292480e+00,-1.250525712966918945e-01,8.284555077552795410e-01,-1.413941144943237305e+00
-1.693603396415710449e+00,-2.956041693687438965e-01,3.217396438121795654e-01,-2.912094257771968842e-02,-1.926091127097606659e-02,-8.966091275215148926e-01,-4.414442777633666992e-01,-3.835450410842895508e-01,4.761845245957374573e-02,-8.377599716186523438e-01,4.929842054843902588e-01,8.248727321624755859e-01,-1.701840281486511230e+00,-1.495827287435531616e-01,9.447097778320312500e-01,-1.192026257514953613e+00,-1.335015296936035156e-01,8.035179376602172852e-01,-1.391729354858398438e+00
-1.693481087684631348e+00,-2.930882275104522705e-01,3.214743435382843018e-01,-3.185255080461502075e-02,-2.155495434999465942e-02,-8.963770866394042969e-01,-4.416207373142242432e-01,-3.826703429222106934e-01,5.516474321484565735e-02,-8.377599716186523438e-01,4.740474522113800049e-01,8.308981060981750488e-01,-1.735343456268310547e+00,-1.476562619209289551e-01,9.501626491546630859e-01,-1.185067534446716309e+00,-1.400122642517089844e-01,7.831983566284179688e-01,-1.372532963752746582e+00
-1.693225264549255371e+00,-2.904673516750335693e-01,3.210981786251068115e-01,-3.478064760565757751e-02,-2.355328202247619629e-02,-8.963339328765869141e-01,-4.413852989673614502e-01,-3.819627165794372559e-01,6.338901072740554810e-02,-8.377599716186523438e-01,4.527688324451446533e-01,8.300346732139587402e-01,-1.762055993080139160e+00,-1.451544761657714844e-01,9.569641351699829102e-01,-1.179592728614807129e+00,-1.441628932952880859e-01,7.693607807159423828e-01,-1.359207630157470703e+00
-1.692839980125427246e+00,-2.877481281757354736e-01,3.205896914005279541e-01,-3.808545321226119995e-02,-2.532223798334598541e-02,-8.963095545768737793e-01,-4.410639703273773193e-01,-3.807506561279296875e-01,7.281933724880218506e-02,-8.377599716186523438e-01,4.271312355995178223e-01,8.258237838745117188e-01,-1.781657457351684570e+00,-1.422701030969619751e-01,9.658020734786987305e-01,-1.176591515541076660e+00,-1.461193561553955078e-01,7.645815610885620117e-01,-1.353414058685302734e+00
-1.692401885986328125e+00,-2.849521040916442871e-01,3.199225068092346191e-01,-4.194218292832374573e-02,-2.720004506409168243e-02,-8.962566256523132324e-01,-4.407097101211547852e-01,-3.800744712352752686e-01,8.366207033395767212e-02,-8.377599716186523438e-01,3.982112109661102295e-01,8.168100118637084961e-01,-1.795377135276794434e+00,-1.400005817413330078e-01,9.768546223640441895e-01,-1.175613880157470703e+00,-1.475747823715209961e-01,7.729225754737854004e-01,-1.355778098106384277e+00
-1.691921114921569824e+00,-2.820944190025329590e-01,3.191252946853637695e-01,-4.606787115335464478e-02,-2.912721224129199982e-02,-8.960824608802795410e-01,-4.405288100242614746e-01,-3.794069290161132812e-01,9.452725201845169067e-02,-8.377599716186523438e-01,3.664548695087432861e-01,8.007877469062805176e-01,-1.797463536262512207e+00,-1.382471621036529541e-01,9.893529415130615234e-01,-1.176386594772338867e+00,-1.482012271881103516e-01,7.939311265945434570e-01,-1.367145299911499023e+00
-1.691330790519714355e+00,-2.792411148548126221e-01,3.183338344097137451e-01,-5.017471686005592346e-02,-3.031503595411777496e-02,-8.958352804183959961e-01,-4.405026733875274658e-01,-3.768607378005981445e-01,1.062281057238578796e-01,-8.377599716186523438e-01,3.319065570831298828e-01,7.765683531761169434e-01,-1.784477472305297852e+00,-1.349012851715087891e-01,1.003296971321105957e+00,-1.178850173950195312e+00,-1.459357887506484985e-01,8.191881775856018066e-01,-1.384748697280883789e+00
-1.690569162368774414e+00,-2.765218019485473633e-01,3.176957070827484131e-01,-5.303787067532539368e-02,-2.969161793589591980e-02,-8.957040309906005859e-01,-4.404766559600830078e-01,-3.697929084300994873e-01,1.165376305580139160e-01,-8.377599716186523438e-01,2.999789118766784668e-01,7.435817718505859375e-01,-1.757976055145263672e+00,-1.255736202001571655e-01,1.015035390853881836e+00,-1.179667830467224121e+00,-1.374222785234451294e-01,8.393891453742980957e-01,-1.404600143432617188e+00
-1.689793705940246582e+00,-2.737546861171722412e-01,3.171576857566833496e-01,-5.607137084007263184e-02,-2.931533753871917725e-02,-8.951749205589294434e-01,-4.412011504173278809e-01,-3.615138530731201172e-01,1.274006664752960205e-01,-8.377599716186523438e-01,2.663847208023071289e-01,7.027282714843750000e-01,-1.716639876365661621e+00,-1.177851483225822449e-01,1.026692509651184082e+00,-1.179153800010681152e+00,-1.292562633752822876e-01,8.560882210731506348e-01,-1.421634674072265625e+00
-1.688979864120483398e+00,-2.710465192794799805e-01,3.167193233966827393e-01,-5.906141549348831177e-02,-2.983878552913665771e-02,-8.944976329803466797e-01,-4.421485960483551025e-01,-3.542159497737884521e-01,1.371632367372512817e-01,-8.377599716186523438e-01,2.310954779386520386e-01,6.570815443992614746e-01,-1.668681144714355469e+00,-1.121399030089378357e-01,1.035893559455871582e+00,-1.175992250442504883e+00,-1.218263059854507446e-01,8.716831207275390625e-01,-1.436173677444458008e+00
-1.688085079193115234e+00,-2.683762609958648682e-01,3.164794743061065674e-01,-6.177839264273643494e-02,-3.069790638983249664e-02,-8.935952782630920410e-01,-4.435408711433410645e-01,-3.464901745319366455e-01,1.459992080926895142e-01,-8.377599716186523438e-01,1.940818876028060913e-01,6.041060686111450195e-01,-1.607574224472045898e+00,-1.074586808681488037e-01,1.042883992195129395e+00,-1.170716166496276855e+00,-1.147303432226181030e-01,8.858707547187805176e-01,-1.450559377670288086e+00
-1.687160611152648926e+00,-2.657783925533294678e-01,3.164953589439392090e-01,-6.390613317489624023e-02,-3.125267475843429565e-02,-8.924779295921325684e-01,-4.454462826251983643e-01,-3.371561765670776367e-01,1.539577096700668335e-01,-8.377599716186523438e-01,1.571618169546127319e-01,5.449070930480957031e-01,-1.536548495292663574e+00,-1.028153300285339355e-01,1.047898411750793457e+00,-1.163465499877929688e+00,-1.069554463028907776e-01,8.977204561233520508e-01,-1.461736679077148438e+00
-1.686235547065734863e+00,-2.632827460765838623e-01,3.168344497680664062e-01,-6.546243280172348022e-02,-3.146282583475112915e-02,-8.911259770393371582e-01,-4.479053616523742676e-01,-3.260497748851776123e-01,1.617004871368408203e-01,-8.377599716186523438e-01,1.213172376155853271e-01,4.778314530849456787e-01,-1.453151345252990723e+00,-9.803163260221481323e-02,1.050852417945861816e+00,-1.154206275939941406e+00,-9.845057874917984009e-02,9.063774347305297852e-01,-1.467593073844909668e+00
-1.685387134552001953e+00,-2.608645856380462646e-01,3.173261284828186035e-01,-6.684592366218566895e-02,-3.168382495641708374e-02,-8.894311785697937012e-01,-4.510431587696075439e-01,-3.147574663162231445e-01,1.693463474512100220e-01,-8.377599716186523438e-01,8.497952669858932495e-02,4.044672250747680664e-01,-1.359902024269104004e+00,-9.491598606109619141e-02,1.053490519523620605e+00,-1.144205093383789062e+00,-9.040760248899459839e-02,9.132724404335021973e-01,-1.470617532730102539e+00
-1.684675931930541992e+00,-2.585173547267913818e-01,3.179713189601898193e-01,-6.758529692888259888e-02,-3.105320967733860016e-02,-8.876416683197021484e-01,-4.544889628887176514e-01,-3.014636933803558350e-01,1.768944859504699707e-01,-8.377599716186523438e-01,4.980637878179550171e-02,3.224654793739318848e-01,-1.253436088562011719e+00,-9.091577678918838501e-02,1.056116938591003418e+00,-1.134387373924255371e+00,-7.965112477540969849e-02,9.184086918830871582e-01,-1.471126437187194824e+00
-1.684084773063659668e+00,-2.562079727649688721e-01,3.187486827373504639e-01,-6.777127087116241455e-02,-2.923870831727981567e-02,-8.859483599662780762e-01,-4.578729867935180664e-01,-2.868987619876861572e-01,1.846575886011123657e-01,-8.377599716186523438e-01,1.798820495605468750e-02,2.400938123464584351e-01,-1.144393920898437500e+00,-8.504325896501541138e-02,1.059681296348571777e+00,-1.125995516777038574e+00,-6.592755019664764404e-02,9.235771894454956055e-01,-1.470971941947937012e+00
-1.683596968650817871e+00,-2.538878917694091797e-01,3.196097016334533691e-01,-6.783879548311233521e-02,-2.704185433685779572e-02,-8.842177391052246094e-01,-4.613302350044250488e-01,-2.719430327415466309e-01,1.931314617395401001e-01,-8.377599716186523438e-01,-1.159175485372543335e-02,1.599110811948776245e-01,-1.036811709403991699e+00,-7.838078588247299194e-02,1.063963174819946289e+00,-1.118793249130249023e+00,-5.160256475210189819e-02,9.288407564163208008e-01,-1.470276951789855957e+00
-1.683142304420471191e+00,-2.515656948089599609e-01,3.205300867557525635e-01,-6.778907030820846558e-02,-2.453645132482051849e-02,-8.825820684432983398e-01,-4.645981788635253906e-01,-2.568363547325134277e-01,2.019858360290527344e-01,-8.377599716186523438e-01,-3.943301737308502197e-02,8.642884343862533569e-02,-9.349778890609741211e-01,-7.060015201568603516e-02,1.068601012229919434e+00,-1.112133979797363281e+00,-3.700815141201019287e-02,9.341932535171508789e-01,-1.468768596649169922e+00
-1.682673454284667969e+00,-2.492360621690750122e-01,3.214414119720458984e-01,-6.779427826404571533e-02,-2.232260629534721375e-02,-8.807604312896728516e-01,-4.681524038314819336e-01,-2.419631332159042358e-01,2.107200324535369873e-01,-8.377599716186523438e-01,-6.327865272760391235e-02,2.466423623263835907e-02,-8.465080261230468750e-01,-6.323468685150146484e-02,1.073328852653503418e+00,-1.105484008789062500e+00,-2.358165755867958069e-02,9.390494823455810547e-01,-1.466750144958496094e+00
-1.682002305984497070e+00,-2.458605617284774780e-01,3.215572237968444824e-01,-6.864771991968154907e-02,-2.983649075031280518e-02,-8.768153786659240723e-01,-4.749653637409210205e-01,-2.363745719194412231e-01,2.143572568893432617e-01,-8.377599716186523438e-01,-9.062854200601577759e-02,-5.429482553154230118e-03,-8.377818465232849121e-01,-8.005552738904953003e-02,1.067206382751464844e+00,-1.087024807929992676e+00,-3.340828418731689453e-02,9.336825609207153320e-01,-1.462531208992004395e+00
-1.681276082992553711e+00,-2.424488067626953125e-01,3.218502998352050781e-01,-6.925220042467117310e-02,-3.741971030831336975e-02,-8.724156618118286133e-01,-4.823844730854034424e-01,-2.295640408992767334e-01,2.180270105600357056e-01,-8.377599716186523438e-01,-1.143415644764900208e-01,-2.749721333384513855e-02,-8.377600312232971191e-01,-9.809408336877822876e-02,1.059035897254943848e+00,-1.065414071083068848e+00,-4.470584914088249207e-02,9.253512620925903320e-01,-1.454898953437805176e+00
-1.680523276329040527e+00,-2.390818595886230469e-01,3.224287927150726318e-01,-6.976417452096939087e-02,-4.501778259873390198e-02,-8.677358627319335938e-01,-4.900417029857635498e-01,-2.224955707788467407e-01,2.218516021966934204e-01,-8.377599716186523438e-01,-1.355669200420379639e-01,-4.563031345605850220e-02,-8.377599716186523438e-01,-1.163509190082550049e-01,1.048015117645263672e+00,-1.040399670600891113e+00,-5.681981518864631653e-02,9.141792654991149902e-01,-1.443460941314697266e+00
-1.679733157157897949e+00,-2.357130944728851318e-01,3.226920962333679199e-01,-7.100984454154968262e-02,-5.114255100488662720e-02,-8.629865050315856934e-01,-4.975905120372772217e-01,-2.140359133481979370e-01,2.286010235548019409e-01,-8.377599716186523438e-01,-1.528555005788803101e-01,-5.750494077801704407e-02,-8.377599716186523438e-01,-1.322079598903656006e-01,1.043917536735534668e+00,-1.021874547004699707e+00,-6.641577929258346558e-02,9.088903665542602539e-01,-1.437397360801696777e+00
-1.679031252861022949e+00,-2.324705570936203003e-01,3.225611746311187744e-01,-7.116505503654479980e-02,-5.516653880476951599e-02,-8.587129712104797363e-01,-5.044841170310974121e-01,-2.030276805162429810e-01,2.415177673101425171e-01,-8.499881625175476074e-01,-1.662541776895523071e-01,-6.535987555980682373e-02,-8.377599716186523438e-01,-1.421593278646469116e-01,1.043444037437438965e+00,-1.011304378509521484e+00,-7.002345472574234009e-02,9.056734442710876465e-01,-1.434052944183349609e+00
-1.678494572639465332e+00,-2.294825762510299683e-01,3.223428130149841309e-01,-6.979282200336456299e-02,-5.921737849712371826e-02,-8.544570803642272949e-01,-5.113955736160278320e-01,-1.919378191232681274e-01,2.573970258235931396e-01,-8.748622536659240723e-01,-1.779757738113403320e-01,-7.380222529172897339e-02,-8.377599716186523438e-01,-1.503022164106369019e-01,1.037985801696777344e+00,-9.991924166679382324e-01,-7.160855829715728760e-02,8.973054885864257812e-01,-1.426460027694702148e+00
-1.678011655807495117e+00,-2.266073971986770630e-01,3.221430778503417969e-01,-6.801040470600128174e-02,-6.284941732883453369e-02,-8.499559760093688965e-01,-5.186514258384704590e-01,-1.799323558807373047e-01,2.737687528133392334e-01,-9.005573987960815430e-01,-1.877993345260620117e-01,-8.066374063491821289e-02,-8.377599716186523438e-01,-1.574279069900512695e-01,1.032264351844787598e+00,-9.884346723556518555e-01,-7.109364867210388184e-02,8.877922296524047852e-01,-1.418438196182250977e+00
-1.677604675292968750e+00,-2.238303869962692261e-01,3.219699859619140625e-01,-6.614940613508224487e-02,-6.577676534652709961e-02,-8.453360795974731445e-01,-5.260271430015563965e-01,-1.666275262832641602e-01,2.891391217708587646e-01,-9.234039783477783203e-01,-1.948557794094085693e-01,-8.487138897180557251e-02,-8.377599716186523438e-01,-1.641729176044464111e-01,1.028775095939636230e+00,-9.821870923042297363e-01,-6.901635974645614624e-02,8.789118528366088867e-01,-1.410315990447998047e+00
-1.677253961563110352e+00,-2.211920171976089478e-01,3.219479322433471680e-01,-6.460271030664443970e-02,-6.787499785423278809e-02,-8.406757116317749023e-01,-5.333701968193054199e-01,-1.523018181324005127e-01,3.048001527786254883e-01,-9.424938559532165527e-01,-1.991221159696578979e-01,-8.491236716508865356e-02,-8.377599716186523438e-01,-1.703421920537948608e-01,1.028249621391296387e+00,-9.815519452095031738e-01,-6.525698304176330566e-02,8.717459440231323242e-01,-1.402499437332153320e+00
-1.677001237869262695e+00,-2.186838388442993164e-01,3.219973742961883545e-01,-6.347377598285675049e-02,-6.965510547161102295e-02,-8.358676433563232422e-01,-5.407814383506774902e-01,-1.380263119935989380e-01,3.195879757404327393e-01,-9.577737450599670410e-01,-2.011511474847793579e-01,-8.230990171432495117e-02,-8.377599716186523438e-01,-1.772770881652832031e-01,1.030163645744323730e+00,-9.859058856964111328e-01,-6.136385351419448853e-02,8.659686446189880371e-01,-1.395322680473327637e+00
-1.676915407180786133e+00,-2.164111137390136719e-01,3.221672475337982178e-01,-6.143354251980781555e-02,-7.229471951723098755e-02,-8.306080698966979980e-01,-5.487163662910461426e-01,-1.238959878683090210e-01,3.345133066177368164e-01,-9.772167205810546875e-01,-2.008427679538726807e-01,-8.292069286108016968e-02,-8.377599716186523438e-01,-1.873636990785598755e-01,1.026874423027038574e+00,-9.883406758308410645e-01,-5.991996824741363525e-02,8.534523248672485352e-01,-1.381918430328369141e+00
-1.676783919334411621e+00,-2.139610648155212402e-01,3.221828639507293701e-01,-6.041745841503143311e-02,-7.466518133878707886e-02,-8.255298733711242676e-01,-5.561252832412719727e-01,-1.109748184680938721e-01,3.484019339084625244e-01,-9.907921552658081055e-01,-1.995197385549545288e-01,-7.966714352369308472e-02,-8.377599716186523438e-01,-1.972175240516662598e-01,1.028136610984802246e+00,-9.982559680938720703e-01,-5.831194669008255005e-02,8.467618823051452637e-01,-1.372867941856384277e+00
-1.676705956459045410e+00,-2.115565836429595947e-01,3.221707046031951904e-01,-5.991501361131668091e-02,-7.701189815998077393e-02,-8.203433752059936523e-01,-5.634856224060058594e-01,-9.909871220588684082e-02,3.627266585826873779e-01,-1.002509713172912598e+00,-1.958473026752471924e-01,-7.353990525007247925e-02,-8.377599716186523438e-01,-2.087895870208740234e-01,1.030468821525573730e+00,-1.011566877365112305e+00,-5.658778175711631775e-02,8.417910337448120117e-01,-1.365131735801696777e+00
-1.676727890968322754e+00,-2.092328965663909912e-01,3.222293853759765625e-01,-5.982420220971107483e-02,-7.956664264202117920e-02,-8.153040409088134766e-01,-5.704117417335510254e-01,-8.891671150922775269e-02,3.766084015369415283e-01,-1.012375473976135254e+00,-1.913086920976638794e-01,-6.474185734987258911e-02,-8.377599716186523438e-01,-2.215082496404647827e-01,1.032787680625915527e+00,-1.030056238174438477e+00,-5.609530955553054810e-02,8.378121256828308105e-01,-1.358135223388671875e+00
-1.676852941513061523e+00,-2.068224698305130005e-01,3.221571147441864014e-01,-5.959102883934974670e-02,-8.319037407636642456e-02,-8.099192380905151367e-01,-5.775457620620727539e-01,-8.057422190904617310e-02,3.902095556259155273e-01,-1.024096965789794922e+00,-1.853026300668716431e-01,-6.149793043732643127e-02,-8.377599716186523438e-01,-2.360118627548217773e-01,1.031809806823730469e+00,-1.051820039749145508e+00,-5.698125436902046204e-02,8.317575454711914062e-01,-1.349492907524108887e+00
-1.677019476890563965e+00,-2.040679156780242920e-01,3.216830193996429443e-01,-5.824306607246398926e-02,-8.850874006748199463e-02,-8.041893839836120605e-01,-5.848532915115356445e-01,-7.329436391592025757e-02,4.047918617725372314e-01,-1.043545365333557129e+00,-1.765022277832031250e-01,-7.340411096811294556e-02,-8.377599716186523438e-01,-2.527429163455963135e-01,1.022883534431457520e+00,-1.071353435516357422e+00,-5.910337716341018677e-02,8.214060068130493164e-01,-1.338783264160156250e+00
-1.677310824394226074e+00,-2.013407349586486816e-01,3.214831054210662842e-01,-5.740565434098243713e-02,-9.370685368776321411e-02,-7.986495494842529297e-01,-5.916776657104492188e-01,-6.780935823917388916e-02,4.178143441677093506e-01,-1.058215618133544922e+00,-1.663771271705627441e-01,-8.917465806007385254e-02,-8.377599716186523438e-01,-2.675035297870635986e-01,1.012176036834716797e+00,-1.092691421508789062e+00,-6.079412996768951416e-02,8.118195533752441406e-01,-1.326906085014343262e+00
-1.677679300308227539e+00,-1.990247964859008789e-01,3.219530284404754639e-01,-5.803376808762550354e-02,-9.655658155679702759e-02,-7.938726544380187988e-01,-5.975576043128967285e-01,-6.323001533746719360e-02,4.285340309143066406e-01,-1.060838937759399414e+00,-1.504765450954437256e-01,-9.369754791259765625e-02,-8.377599716186523438e-01,-2.780841588973999023e-01,1.005534410476684570e+00,-1.120458126068115234e+00,-5.929492041468620300e-02,8.083600401878356934e-01,-1.317227363586425781e+00
-1.678031206130981445e+00,-1.967523694038391113e-01,3.225022852420806885e-01,-5.933865159749984741e-02,-9.869674593210220337e-02,-7.889848947525024414e-01,-6.035236120223999023e-01,-5.831973627209663391e-02,4.386233389377593994e-01,-1.058406710624694824e+00,-1.349474191665649414e-01,-9.572049230337142944e-02,-8.377599716186523438e-01,-2.889308333396911621e-01,9.990347027778625488e-01,-1.148425459861755371e+00,-5.766680091619491577e-02,8.076056838035583496e-01,-1.309167861938476562e+00
-1.678353190422058105e+00,-1.944251060485839844e-01,3.229796588420867920e-01,-6.060026958584785461e-02,-1.009825766086578369e-01,-7.837951183319091797e-01,-6.097502112388610840e-01,-5.316132307052612305e-02,4.491764605045318604e-01,-1.057041525840759277e+00,-1.211711838841438293e-01,-1.001834347844123840e-01,-8.377599716186523438e-01,-3.002792596817016602e-01,9.893868565559387207e-01,-1.173907518386840820e+00,-5.696197599172592163e-02,8.065214753150939941e-01,-1.300916314125061035e+00
-1.678722262382507324e+00,-1.921166777610778809e-01,3.234289586544036865e-01,-6.172899901866912842e-02,-1.030849516391754150e-01,-7.784347534179687500e-01,-6.161187887191772461e-01,-4.837314411997795105e-02,4.600135385990142822e-01,-1.057222127914428711e+00,-1.062802001833915710e-01,-1.048891171813011169e-01,-8.377599716186523438e-01,-3.104279935359954834e-01,9.765469431877136230e-01,-1.198151230812072754e+00,-5.545315518975257874e-02,8.050321340560913086e-01,-1.293385267257690430e+00
-1.679113626480102539e+00,-1.899083703756332397e-01,3.239240348339080811e-01,-6.295894831418991089e-02,-1.049167141318321228e-01,-7.731232643127441406e-01,-6.223416328430175781e-01,-4.430520161986351013e-02,4.719997942447662354e-01,-1.059088468551635742e+00,-9.058748930692672729e-02,-1.079510152339935303e-01,-8.377599716186523438e-01,-3.199267983436584473e-01,9.604991674423217773e-01,-1.217895865440368652e+00,-5.407587066292762756e-02,8.038486838340759277e-01,-1.284827232360839844e+00
-1.679530382156372070e+00,-1.877350211143493652e-01,3.244526684284210205e-01,-6.376112252473831177e-02,-1.060445159673690796e-01,-7.679362893104553223e-01,-6.284607052803039551e-01,-3.989433497190475464e-02,4.840209186077117920e-01,-1.062238812446594238e+00,-7.311465591192245483e-02,-1.102237328886985779e-01,-8.377599716186523438e-01,-3.262507319450378418e-01,9.409959912300109863e-01,-1.236798048019409180e+00,-5.141410604119300842e-02,8.026231527328491211e-01,-1.276516318321228027e+00
-1.679951667785644531e+00,-1.856514364480972290e-01,3.250082433223724365e-01,-6.479796022176742554e-02,-1.066874340176582336e-01,-7.628062963485717773e-01,-6.344648003578186035e-01,-3.662643209099769592e-02,4.961861968040466309e-01,-1.065715909004211426e+00,-5.562597140669822693e-02,-1.101610362529754639e-01,-8.377599716186523438e-01,-3.313972353935241699e-01,9.197429418563842773e-01,-1.252942085266113281e+00,-4.893028363585472107e-02,8.024795651435852051e-01,-1.268878936767578125e+00
-1.680410504341125488e+00,-1.836622357368469238e-01,3.255136907100677490e-01,-6.579007208347320557e-02,-1.066931039094924927e-01,-7.577970027923583984e-01,-6.403374075889587402e-01,-3.327448666095733643e-02,5.077852606773376465e-01,-1.069347977638244629e+00,-3.785444051027297974e-02,-1.087285280227661133e-01,-8.377599716186523438e-01,-3.351054191589355469e-01,8.971058130264282227e-01,-1.267037749290466309e+00,-4.608428850769996643e-02,8.030719161033630371e-01,-1.260922670364379883e+00
-1.680863618850708008e+00,-1.817485541105270386e-01,3.259619474411010742e-01,-6.669190526008605957e-02,-1.060696616768836975e-01,-7.528792619705200195e-01,-6.461224555969238281e-01,-2.953065931797027588e-02,5.199455022811889648e-01,-1.074324965476989746e+00,-2.032782509922981262e-02,-1.060343831777572632e-01,-8.377599716186523438e-01,-3.367992341518402100e-01,8.732124567031860352e-01,-1.280645370483398438e+00,-4.303730651736259460e-02,8.046095371246337891e-01,-1.253280639648437500e+00
-1.681326508522033691e+00,-1.799238920211791992e-01,3.263562917709350586e-01,-6.747449934482574463e-02,-1.045999377965927124e-01,-7.482047080993652344e-01,-6.516868472099304199e-01,-2.571641094982624054e-02,5.300792455673217773e-01,-1.079156279563903809e+00,-2.504353877156972885e-03,-1.005739569664001465e-01,-8.377599716186523438e-01,-3.368269503116607666e-01,8.492310047149658203e-01,-1.292275309562683105e+00,-3.878500685095787048e-02,8.077940940856933594e-01,-1.247834801673889160e+00
-1.681812763214111328e+00,-1.781374663114547729e-01,3.266188502311706543e-01,-6.792125105857849121e-02,-1.023097261786460876e-01,-7.438266277313232422e-01,-6.569942235946655273e-01,-2.097189053893089294e-02,5.397821664810180664e-01,-1.086510062217712402e+00,1.546734850853681564e-02,-9.433461725711822510e-02,-8.377599716186523438e-01,-3.349286019802093506e-01,8.253211975097656250e-01,-1.302962541580200195e+00,-3.308691084384918213e-02,8.122288584709167480e-01,-1.243320822715759277e+00
-1.682345151901245117e+00,-1.764357089996337891e-01,3.267409205436706543e-01,-6.819222122430801392e-02,-9.934419393539428711e-02,-7.396734952926635742e-01,-6.620904207229614258e-01,-1.566819660365581512e-02,5.491392612457275391e-01,-1.096700072288513184e+00,3.353062272071838379e-02,-8.693689852952957153e-02,-8.377599716186523438e-01,-3.318794071674346924e-01,8.019562363624572754e-01,-1.313086867332458496e+00,-2.633700147271156311e-02,8.187466263771057129e-01,-1.241102933883666992e+00
-1.682873010635375977e+00,-1.747600436210632324e-01,3.267072737216949463e-01,-6.808909773826599121e-02,-9.563663601875305176e-02,-7.357863783836364746e-01,-6.669601798057556152e-01,-9.800604544579982758e-03,5.601701140403747559e-01,-1.112855672836303711e+00,5.226646363735198975e-02,-7.905394583940505981e-02,-8.377599716186523438e-01,-3.265261948108673096e-01,7.789386510848999023e-01,-1.322471976280212402e+00,-1.780374348163604736e-02,8.264015913009643555e-01,-1.240377187728881836e+00
-1.683424592018127441e+00,-1.731734573841094971e-01,3.265860378742218018e-01,-6.743298470973968506e-02,-9.101700782775878906e-02,-7.323107123374938965e-01,-6.714832186698913574e-01,-3.106057411059737206e-03,5.741487145423889160e-01,-1.137334227561950684e+00,7.183331251144409180e-02,-6.904249638319015503e-02,-8.377599716186523438e-01,-3.193478584289550781e-01,7.571818828582763672e-01,-1.331445217132568359e+00,-7.591292727738618851e-03,8.353114724159240723e-01,-1.241638660430908203e+00
-1.684000849723815918e+00,-1.716135442256927490e-01,3.263447582721710205e-01,-6.640267372131347656e-02,-8.589606732130050659e-02,-7.291290760040283203e-01,-6.757094860076904297e-01,2.219088375568389893e-03,5.910906791687011719e-01,-1.171342492103576660e+00,9.142082929611206055e-02,-5.909823253750801086e-02,-8.377599716186523438e-01,-3.108568489551544189e-01,7.366192340850830078e-01,-1.340417027473449707e+00,3.869433887302875519e-03,8.452093005180358887e-01,-1.243323326110839844e+00
-1.684579491615295410e+00,-1.701085865497589111e-01,3.260139226913452148e-01,-6.496819108724594116e-02,-8.015722036361694336e-02,-7.262921929359436035e-01,-6.795980930328369141e-01,6.897933781147003174e-03,6.097357273101806641e-01,-1.212321400642395020e+00,1.109267398715019226e-01,-4.816527664661407471e-02,-8.377599716186523438e-01,-3.007746040821075439e-01,7.181072235107421875e-01,-1.349694848060607910e+00,1.658677496016025543e-02,8.561496734619140625e-01,-1.246311426162719727e+00
-1.685171008110046387e+00,-1.686241179704666138e-01,3.255999982357025146e-01,-6.328909099102020264e-02,-7.412035018205642700e-02,-7.237273454666137695e-01,-6.831685900688171387e-01,1.036983449012041092e-02,6.298435926437377930e-01,-1.260119199752807617e+00,1.303698420524597168e-01,-3.717379644513130188e-02,-8.377599716186523438e-01,-2.896779477596282959e-01,7.021617889404296875e-01,-1.360253930091857910e+00,3.012779727578163147e-02,8.675635457038879395e-01,-1.249946475028991699e+00
-1.685727357864379883e+00,-1.671402603387832642e-01,3.251369595527648926e-01,-6.153653934597969055e-02,-6.782308965921401978e-02,-7.212515473365783691e-01,-6.865926384925842285e-01,1.311757508665323257e-02,6.521142125129699707e-01,-1.314069986343383789e+00,1.498534530401229858e-01,-2.550609596073627472e-02,-8.377599716186523438e-01,-2.783595025539398193e-01,6.895613670349121094e-01,-1.371454358100891113e+00,4.392798990011215210e-02,8.799570798873901367e-01,-1.254469275474548340e+00
-1.686250686645507812e+00,-1.656813472509384155e-01,3.246113657951354980e-01,-5.994307622313499451e-02,-6.148955598473548889e-02,-7.188342809677124023e-01,-6.898573040962219238e-01,1.378722302615642548e-02,6.763823032379150391e-01,-1.374839901924133301e+00,1.682439297437667847e-01,-1.348487567156553268e-02,-8.377599716186523438e-01,-2.673484981060028076e-01,6.812289953231811523e-01,-1.385877013206481934e+00,5.701743811368942261e-02,8.932396769523620605e-01,-1.260026693344116211e+00
-1.686752200126647949e+00,-1.642592847347259521e-01,3.240641653537750244e-01,-5.878110975027084351e-02,-5.528148636221885681e-02,-7.163551449775695801e-01,-6.930541992187500000e-01,1.212177984416484833e-02,6.977702379226684570e-01,-1.434658527374267578e+00,1.849660277366638184e-01,-2.591678930912166834e-04,-8.377599716186523438e-01,-2.574422657489776611e-01,6.777688264846801758e-01,-1.401557326316833496e+00,6.876827776432037354e-02,9.073017239570617676e-01,-1.265984296798706055e+00
-1.687199950218200684e+00,-1.628476530313491821e-01,3.234669864177703857e-01,-5.818918347358703613e-02,-4.950606822967529297e-02,-7.138723731040954590e-01,-6.960958242416381836e-01,6.901417393237352371e-03,7.102063894271850586e-01,-1.485134363174438477e+00,2.000250518321990967e-01,1.278515160083770752e-02,-8.377599716186523438e-01,-2.496267408132553101e-01,6.785547733306884766e-01,-1.417019009590148926e+00,7.913156598806381226e-02,9.226440787315368652e-01,-1.273725152015686035e+00
-1.687571287155151367e+00,-1.614312827587127686e-01,3.228325843811035156e-01,-5.796551331877708435e-02,-4.386077448725700378e-02,-7.114160656929016113e-01,-6.990017294883728027e-01,-1.721290318528190255e-04,7.131737470626831055e-01,-1.523040652275085449e+00,2.140119671821594238e-01,2.609985508024692535e-02,-8.377599716186523438e-01,-2.429520487785339355e-01,6.836756467819213867e-01,-1.430306077003479004e+00,8.869486302137374878e-02,9.388712048530578613e-01,-1.281918883323669434e+00
-1.687905430793762207e+00,-1.600360274314880371e-01,3.222034573554992676e-01,-5.820822343230247498e-02,-3.858122602105140686e-02,-7.089393734931945801e-01,-7.018035650253295898e-01,-1.050828769803047180e-02,7.080332040786743164e-01,-1.550020575523376465e+00,2.263417690992355347e-01,3.996326401829719543e-02,-8.377599716186523438e-01,-2.384994328022003174e-01,6.919587254524230957e-01,-1.440928459167480469e+00,9.669303148984909058e-02,9.557377696037292480e-01,-1.291196465492248535e+00
-1.688209176063537598e+00,-1.586719453334808350e-01,3.215827345848083496e-01,-5.883818864822387695e-02,-3.377771377563476562e-02,-7.065658569335937500e-01,-7.043875455856323242e-01,-2.206583134829998016e-02,6.959806680679321289e-01,-1.566088438034057617e+00,2.369399666786193848e-01,5.340358987450599670e-02,-8.377599716186523438e-01,-2.358725368976593018e-01,7.026996612548828125e-01,-1.448382735252380371e+00,1.034133508801460266e-01,9.726045131683349609e-01,-1.300416231155395508e+00
-1.688443779945373535e+00,-1.573301702737808228e-01,3.209992349147796631e-01,-5.946352332830429077e-02,-2.930154465138912201e-02,-7.044438123703002930e-01,-7.066572308540344238e-01,-3.459798917174339294e-02,6.768686771392822266e-01,-1.571564912796020508e+00,2.465258240699768066e-01,6.619444489479064941e-02,-8.377599716186523438e-01,-2.337994575500488281e-01,7.152438759803771973e-01,-1.452740907669067383e+00,1.096296235918998718e-01,9.889147877693176270e-01,-1.309063196182250977e+00
-1.688610792160034180e+00,-1.560391783714294434e-01,3.205071389675140381e-01,-6.001007184386253357e-02,-2.519249729812145233e-02,-7.025461196899414062e-01,-7.086558341979980469e-01,-4.637867957353591919e-02,6.535997390747070312e-01,-1.569619774818420410e+00,2.549902796745300293e-01,7.826465368270874023e-02,-8.377599716186523438e-01,-2.317957729101181030e-01,7.295362353324890137e-01,-1.458290100097656250e+00,1.154376044869422913e-01,1.003859996795654297e+00,-1.316559553146362305e+00
-1.688714146614074707e+00,-1.547736078500747681e-01,3.201130032539367676e-01,-6.033114716410636902e-02,-2.130823396146297455e-02,-7.009115219116210938e-01,-7.103725075721740723e-01,-5.878302454948425293e-02,6.248401403427124023e-01,-1.559804320335388184e+00,2.630535960197448730e-01,8.988649398088455200e-02,-8.377599716186523438e-01,-2.288972884416580200e-01,7.459926605224609375e-01,-1.466514110565185547e+00,1.209232360124588013e-01,1.017010450363159180e+00,-1.322535753250122070e+00
-1.688804507255554199e+00,-1.535411775112152100e-01,3.198440968990325928e-01,-6.097358092665672302e-02,-1.808412745594978333e-02,-6.994294524192810059e-01,-7.118663191795349121e-01,-7.137844711542129517e-02,5.928737521171569824e-01,-1.542784214019775391e+00,2.695872485637664795e-01,1.007080525159835815e-01,-8.377599716186523438e-01,-2.271253466606140137e-01,7.623147368431091309e-01,-1.474276423454284668e+00,1.250829249620437622e-01,1.029291391372680664e+00,-1.327897787094116211e+00
-1.688869118690490723e+00,-1.523226350545883179e-01,3.196804523468017578e-01,-6.168856471776962280e-02,-1.547962334007024765e-02,-6.982316970825195312e-01,-7.130409479141235352e-01,-8.531790971755981445e-02,5.590176582336425781e-01,-1.522436499595642090e+00,2.748179137706756592e-01,1.102256625890731812e-01,-8.377599716186523438e-01,-2.256740778684616089e-01,7.757666110992431641e-01,-1.477068901062011719e+00,1.280706375837326050e-01,1.040137410163879395e+00,-1.331720232963562012e+00
-1.688921451568603516e+00,-1.511853039264678955e-01,3.196619451045989990e-01,-6.269571930170059204e-02,-1.335271913558244705e-02,-6.970421671867370605e-01,-7.141590714454650879e-01,-1.013287976384162903e-01,5.213097333908081055e-01,-1.494958043098449707e+00,2.788067162036895752e-01,1.199811995029449463e-01,-8.377599716186523438e-01,-2.249096035957336426e-01,7.860493063926696777e-01,-1.475945591926574707e+00,1.295965164899826050e-01,1.049902319908142090e+00,-1.334415674209594727e+00
-1.688946962356567383e+00,-1.500361859798431396e-01,3.197206258773803711e-01,-6.336159259080886841e-02,-1.141223683953285217e-02,-6.960840225219726562e-01,-7.150679230690002441e-01,-1.162449419498443604e-01,4.820607304573059082e-01,-1.462660074234008789e+00,2.827455401420593262e-01,1.287178844213485718e-01,-8.377599716186523438e-01,-2.234826236963272095e-01,7.938815355300903320e-01,-1.474483489990234375e+00,1.314151436090469360e-01,1.058017253875732422e+00,-1.335508108139038086e+00
-1.688933610916137695e+00,-1.488714814186096191e-01,3.198158144950866699e-01,-6.346081197261810303e-02,-9.579382836818695068e-03,-6.953254938125610352e-01,-7.158235907554626465e-01,-1.322205811738967896e-01,4.400306344032287598e-01,-1.426023960113525391e+00,2.870590388774871826e-01,1.359372287988662720e-01,-8.377599716186523438e-01,-2.215491533279418945e-01,8.006926178932189941e-01,-1.475156784057617188e+00,1.336718052625656128e-01,1.064148545265197754e+00,-1.333906769752502441e+00
-1.688914179801940918e+00,-1.477180421352386475e-01,3.200332522392272949e-01,-6.353359669446945190e-02,-7.805039640516042709e-03,-6.946505904197692871e-01,-7.164936661720275879e-01,-1.489465981721878052e-01,3.950029909610748291e-01,-1.381749749183654785e+00,2.909534573554992676e-01,1.436474919319152832e-01,-8.377599716186523438e-01,-2.199687361717224121e-01,8.077759146690368652e-01,-1.476228475570678711e+00,1.354490518569946289e-01,1.069429755210876465e+00,-1.331519842147827148e+00
-1.688858270645141602e+00,-1.465262025594711304e-01,3.202972412109375000e-01,-6.338696181774139404e-02,-6.581648252904415131e-03,-6.941877603530883789e-01,-7.169672846794128418e-01,-1.676502376794815063e-01,3.457858264446258545e-01,-1.330193877220153809e+00,2.943728268146514893e-01,1.491119414567947388e-01,-8.377599716186523438e-01,-2.187508493661880493e-01,8.132494688034057617e-01,-1.475818634033203125e+00,1.368045955896377563e-01,1.072815656661987305e+00,-1.327245473861694336e+00
-1.688751459121704102e+00,-1.453366130590438843e-01,3.206987082958221436e-01,-6.331816315650939941e-02,-5.541608203202486038e-03,-6.940157413482666016e-01,-7.171486616134643555e-01,-1.884947419166564941e-01,2.943538725376129150e-01,-1.272781491279602051e+00,2.972133457660675049e-01,1.551543176174163818e-01,-8.377599716186523438e-01,-2.177081406116485596e-01,8.180985450744628906e-01,-1.474623799324035645e+00,1.378500014543533325e-01,1.075598478317260742e+00,-1.322188735008239746e+00
-1.688611626625061035e+00,-1.441477984189987183e-01,3.212612271308898926e-01,-6.353253871202468872e-02,-5.173005163669586182e-03,-6.940132975578308105e-01,-7.171348333358764648e-01,-2.115060389041900635e-01,2.371493130922317505e-01,-1.204571962356567383e+00,2.983480989933013916e-01,1.604517251253128052e-01,-8.377599716186523438e-01,-2.180067300796508789e-01,8.210090398788452148e-01,-1.471034884452819824e+00,1.373589634895324707e-01,1.076768040657043457e+00,-1.315831184387207031e+00
-1.688461422920227051e+00,-1.429027169942855835e-01,3.217792212963104248e-01,-6.365823000669479370e-02,-5.080234259366989136e-03,-6.941276192665100098e-01,-7.170137166976928711e-01,-2.357251048088073730e-01,1.760024726390838623e-01,-1.128839135169982910e+00,2.985322177410125732e-01,1.644860357046127319e-01,-8.377599716186523438e-01,-2.185411453247070312e-01,8.237562775611877441e-01,-1.467724204063415527e+00,1.367948502302169800e-01,1.077509284019470215e+00,-1.308841347694396973e+00
-1.688287019729614258e+00,-1.416619122028350830e-01,3.223918974399566650e-01,-6.412557512521743774e-02,-5.109716672450304031e-03,-6.943417191505432129e-01,-7.167645692825317383e-01,-2.599027156829833984e-01,1.124547794461250305e-01,-1.045755863189697266e+00,2.984937727451324463e-01,1.695560067892074585e-01,-8.377599716186523438e-01,-2.197267115116119385e-01,8.267152309417724609e-01,-1.463812351226806641e+00,1.350111663341522217e-01,1.078258275985717773e+00,-1.301970839500427246e+00
-1.688121914863586426e+00,-1.403930038213729858e-01,3.230310976505279541e-01,-6.470794975757598877e-02,-5.627479404211044312e-03,-6.945192813873291016e-01,-7.165362238883972168e-01,-2.846523821353912354e-01,4.604787752032279968e-02,-9.569067955017089844e-01,2.974874377250671387e-01,1.735817342996597290e-01,-8.377599716186523438e-01,-2.216703593730926514e-01,8.287860751152038574e-01,-1.458916068077087402e+00,1.323376297950744629e-01,1.078094720840454102e+00,-1.294271588325500488e+00
-1.687922716140747070e+00,-1.391303092241287231e-01,3.237026035785675049e-01,-6.550179421901702881e-02,-6.135692819952964783e-03,-6.945091485977172852e-01,-7.164697647094726562e-01,-3.080359697341918945e-01,-1.855191215872764587e-02,-8.668161630630493164e-01,2.970770001411437988e-01,1.786292046308517456e-01,-8.377599716186523438e-01,-2.233258485794067383e-01,8.312071561813354492e-01,-1.453789472579956055e+00,1.297485530376434326e-01,1.078291773796081543e+00,-1.286762833595275879e+00
-1.687695860862731934e+00,-1.372540146112442017e-01,3.238543272018432617e-01,-5.879848822951316833e-02,-4.807957448065280914e-03,-6.923561096191406250e-01,-7.191401720046997070e-01,-3.136758506298065186e-01,-5.903109163045883179e-02,-8.378002047538757324e-01,3.157993853092193604e-01,1.759559661149978638e-01,-8.377599716186523438e-01,-2.157466560602188110e-01,8.282362818717956543e-01,-1.447162985801696777e+00,1.324150413274765015e-01,1.061525344848632812e+00,-1.266031980514526367e+00
-1.687385916709899902e+00,-1.351381093263626099e-01,3.236499726772308350e-01,-5.148481950163841248e-02,-2.983336802572011948e-03,-6.889765262603759766e-01,-7.229465842247009277e-01,-3.134543895721435547e-01,-8.145456016063690186e-02,-8.377600908279418945e-01,3.392574489116668701e-01,1.736777424812316895e-01,-8.377599716186523438e-01,-2.085472941398620605e-01,8.284606337547302246e-01,-1.443415641784667969e+00,1.343527287244796753e-01,1.045778512954711914e+00,-1.247213363647460938e+00
-1.687124252319335938e+00,-1.332423686981201172e-01,3.238601982593536377e-01,-4.552408680319786072e-02,-2.072718692943453789e-03,-6.864170432090759277e-01,-7.257788181304931641e-01,-3.163840174674987793e-01,-9.904029220342636108e-02,-8.377599716186523438e-01,3.568572700023651123e-01,1.717718094587326050e-01,-8.377599716186523438e-01,-2.029989063739776611e-01,8.259752392768859863e-01,-1.435695171356201172e+00,1.354808062314987183e-01,1.029857754707336426e+00,-1.226437449455261230e+00
-1.686902642250061035e+00,-1.315196454524993896e-01,3.242195844650268555e-01,-4.089692980051040649e-02,-1.329549355432391167e-03,-6.842282414436340332e-01,-7.281190752983093262e-01,-3.197892904281616211e-01,-1.111177727580070496e-01,-8.377599716186523438e-01,3.709931671619415283e-01,1.715905666351318359e-01,-8.377599716186523438e-01,-1.986746639013290405e-01,8.240627646446228027e-01,-1.427578926086425781e+00,1.359823346138000488e-01,1.017102241516113281e+00,-1.208384513854980469e+00
-1.686789989471435547e+00,-1.300245225429534912e-01,3.249986171722412109e-01,-3.631665557622909546e-02,-1.473025069572031498e-03,-6.825150847434997559e-01,-7.299671769142150879e-01,-3.230937123298645020e-01,-1.204141005873680115e-01,-8.377599716186523438e-01,3.829503357410430908e-01,1.694556623697280884e-01,-8.377599716186523438e-01,-1.941556334495544434e-01,8.164268732070922852e-01,-1.412784814834594727e+00,1.362921744585037231e-01,9.994586706161499023e-01,-1.184771180152893066e+00
-1.686756014823913574e+00,-1.285818219184875488e-01,3.254331946372985840e-01,-3.328389674425125122e-02,-7.697985274717211723e-04,-6.811424493789672852e-01,-7.313935756683349609e-01,-3.247338235378265381e-01,-1.220742464065551758e-01,-8.377599716186523438e-01,3.923483490943908691e-01,1.706027239561080933e-01,-8.377599716186523438e-01,-1.906979978084564209e-01,8.151320815086364746e-01,-1.404616236686706543e+00,1.373494863510131836e-01,9.913021922111511230e-01,-1.170079708099365234e+00
-1.686833262443542480e+00,-1.271785348653793335e-01,3.258365690708160400e-01,-3.070002794265747070e-02,6.939928425708785653e-05,-6.800627708435058594e-01,-7.325108051300048828e-01,-3.254916369915008545e-01,-1.199932545423507690e-01,-8.377599716186523438e-01,4.004748165607452393e-01,1.724966168403625488e-01,-8.377599716186523438e-01,-1.882086992263793945e-01,8.149936199188232422e-01,-1.397619128227233887e+00,1.383673548698425293e-01,9.854112863540649414e-01,-1.157357096672058105e+00
-1.686936497688293457e+00,-1.257604807615280151e-01,3.261776268482208252e-01,-2.802638709545135498e-02,1.195989199914038181e-03,-6.789759993553161621e-01,-7.336243391036987305e-01,-3.235906064510345459e-01,-1.159175038337707520e-01,-8.377599716186523438e-01,4.088807404041290283e-01,1.746812909841537476e-01,-8.377599716186523438e-01,-1.855946332216262817e-01,8.159042596817016602e-01,-1.392310380935668945e+00,1.402429193258285522e-01,9.802872538566589355e-01,-1.145545721054077148e+00
-1.687115311622619629e+00,-1.243471577763557434e-01,3.264737725257873535e-01,-2.524459548294544220e-02,2.608852228149771690e-03,-6.778552532196044922e-01,-7.347572445869445801e-01,-3.193516135215759277e-01,-1.102879643440246582e-01,-8.377599716186523438e-01,4.171943366527557373e-01,1.773320436477661133e-01,-8.377599716186523438e-01,-1.831284165382385254e-01,8.174999952316284180e-01,-1.388812541961669922e+00,1.425159722566604614e-01,9.757038354873657227e-01,-1.134347200393676758e+00
-1.687303066253662109e+00,-1.229183077812194824e-01,3.267503380775451660e-01,-2.230408228933811188e-02,4.186314530670642853e-03,-6.768536567687988281e-01,-7.357677221298217773e-01,-3.135215640068054199e-01,-1.036784872412681580e-01,-8.377599716186523438e-01,4.262095391750335693e-01,1.799168288707733154e-01,-8.377599716186523438e-01,-1.803475320339202881e-01,8.189501166343688965e-01,-1.385348439216613770e+00,1.458883583545684814e-01,9.712894558906555176e-01,-1.122927665710449219e+00
-1.687523961067199707e+00,-1.215008348226547241e-01,3.269915282726287842e-01,-1.928628794848918915e-02,5.970721598714590073e-03,-6.758977174758911133e-01,-7.367188334465026855e-01,-3.057677745819091797e-01,-9.608727693557739258e-02,-8.377599716186523438e-01,4.358620047569274902e-01,1.827293336391448975e-01,-8.377599716186523438e-01,-1.770739108324050903e-01,8.206751942634582520e-01,-1.382528185844421387e+00,1.496057063341140747e-01,9.671281576156616211e-01,-1.111277341842651367e+00
-1.687843680381774902e+00,-1.201537698507308960e-01,3.271524012088775635e-01,-1.679774373769760132e-02,6.911091972142457962e-03,-6.754890680313110352e-01,-7.371462583541870117e-01,-3.002713918685913086e-01,-8.798989653587341309e-02,-8.377599716186523438e-01,4.420877993106842041e-01,1.884439289569854736e-01,-8.453510999679565430e-01,-1.744454354047775269e-01,8.203909397125244141e-01,-1.378284811973571777e+00,1.530627757310867310e-01,9.631372690200805664e-01,-1.100801825523376465e+00
-1.688218712806701660e+00,-1.188615337014198303e-01,3.273114562034606934e-01,-1.458689384162425995e-02,7.779790088534355164e-03,-6.751884818077087402e-01,-7.374599575996398926e-01,-2.937788367271423340e-01,-7.837584614753723145e-02,-8.377599716186523438e-01,4.475610852241516113e-01,1.944964826107025146e-01,-8.534624576568603516e-01,-1.717265546321868896e-01,8.200952410697937012e-01,-1.373717904090881348e+00,1.562376320362091064e-01,9.597539901733398438e-01,-1.090987920761108398e+00
-1.688620090484619141e+00,-1.176825165748596191e-01,3.275172412395477295e-01,-1.306764036417007446e-02,9.071022272109985352e-03,-6.750855445861816406e-01,-7.375679612159729004e-01,-2.861087620258331299e-01,-6.410242617130279541e-02,-8.377599716186523438e-01,4.511581659317016602e-01,2.001672536134719849e-01,-8.580321073532104492e-01,-1.685392111539840698e-01,8.218170404434204102e-01,-1.370402097702026367e+00,1.597776859998703003e-01,9.592271447181701660e-01,-1.083230018615722656e+00
-1.689061760902404785e+00,-1.165066063404083252e-01,3.276722729206085205e-01,-1.163905672729015350e-02,1.028038002550601959e-02,-6.749055385589599609e-01,-7.377406954765319824e-01,-2.767468094825744629e-01,-4.880313202738761902e-02,-8.377599716186523438e-01,4.546133279800415039e-01,2.054085880517959595e-01,-8.622308969497680664e-01,-1.650605946779251099e-01,8.237642645835876465e-01,-1.367479562759399414e+00,1.634460091590881348e-01,9.589272737503051758e-01,-1.076450705528259277e+00
-1.689419388771057129e+00,-1.151270419359207153e-01,3.274082541465759277e-01,-1.003504730761051178e-02,1.089896447956562042e-02,-6.741557121276855469e-01,-7.384406924247741699e-01,-2.672608792781829834e-01,-3.869571536779403687e-02,-8.377599716186523438e-01,4.594866633415222168e-01,2.133976668119430542e-01,-8.728450536727905273e-01,-1.624560207128524780e-01,8.262661695480346680e-01,-1.365534186363220215e+00,1.655266135931015015e-01,9.591178894042968750e-01,-1.071665287017822266e+00
-1.689789652824401855e+00,-1.137606725096702576e-01,3.272086083889007568e-01,-7.697369903326034546e-03,1.117697544395923615e-02,-6.733276247978210449e-01,-7.392196655273437500e-01,-2.585321664810180664e-01,-3.336237743496894836e-02,-8.377599716186523438e-01,4.660239815711975098e-01,2.210170328617095947e-01,-8.863835334777832031e-01,-1.589787602424621582e-01,8.258371353149414062e-01,-1.361151576042175293e+00,1.682592034339904785e-01,9.553896188735961914e-01,-1.063523173332214355e+00
-1.690142989158630371e+00,-1.124273613095283508e-01,3.271705210208892822e-01,-5.810186732560396194e-03,1.136620063334703445e-02,-6.723097562789916992e-01,-7.401598691940307617e-01,-2.519709467887878418e-01,-2.854897826910018921e-02,-8.377599716186523438e-01,4.717232584953308105e-01,2.293267548084259033e-01,-8.992344141006469727e-01,-1.560234129428863525e-01,8.255415558815002441e-01,-1.356022596359252930e+00,1.704543381929397583e-01,9.519165754318237305e-01,-1.054375648498535156e+00
-1.690466046333312988e+00,-1.110585555434226990e-01,3.271308541297912598e-01,-4.012827295809984207e-03,1.118507888168096542e-02,-6.713121533393859863e-01,-7.410794496536254883e-01,-2.470271140336990356e-01,-2.527675963938236237e-02,-8.377599716186523438e-01,4.754150211811065674e-01,2.369283884763717651e-01,-9.117062091827392578e-01,-1.539506316184997559e-01,8.245864510536193848e-01,-1.350405216217041016e+00,1.717870235443115234e-01,9.476801753044128418e-01,-1.045112133026123047e+00
-1.690751910209655762e+00,-1.096991524100303650e-01,3.271171450614929199e-01,-2.303158165886998177e-03,1.083481591194868088e-02,-6.702513694763183594e-01,-7.420514822006225586e-01,-2.429413944482803345e-01,-2.261961065232753754e-02,-8.377599716186523438e-01,4.790704250335693359e-01,2.433886677026748657e-01,-9.228618144989013672e-01,-1.521416455507278442e-01,8.232102394104003906e-01,-1.344200253486633301e+00,1.725617349147796631e-01,9.431219696998596191e-01,-1.035582900047302246e+00
-1.691015839576721191e+00,-1.083094403147697449e-01,3.271488845348358154e-01,-5.019916570745408535e-04,1.046316605061292648e-02,-6.691499352455139160e-01,-7.430535554885864258e-01,-2.394903749227523804e-01,-2.131116203963756561e-02,-8.377599716186523438e-01,4.834609329700469971e-01,2.502042651176452637e-01,-9.355617165565490723e-01,-1.504384279251098633e-01,8.216026425361633301e-01,-1.337350130081176758e+00,1.727756559848785400e-01,9.375026226043701172e-01,-1.024426341056823730e+00
-1.691267967224121094e+00,-1.069391965866088867e-01,3.272691369056701660e-01,1.079402165487408638e-03,1.009134016931056976e-02,-6.681489944458007812e-01,-7.439582943916320801e-01,-2.368747740983963013e-01,-2.045654505491256714e-02,-8.377599716186523438e-01,4.875769615173339844e-01,2.575429677963256836e-01,-9.499602913856506348e-01,-1.492205858230590820e-01,8.200072050094604492e-01,-1.330235958099365234e+00,1.729034781455993652e-01,9.321098327636718750e-01,-1.013438582420349121e+00
-1.691498875617980957e+00,-1.055795475840568542e-01,3.274463415145874023e-01,2.672311617061495781e-03,9.801572188735008240e-03,-6.671348214149475098e-01,-7.448676824569702148e-01,-2.332371175289154053e-01,-1.920516602694988251e-02,-8.377599716186523438e-01,4.899289309978485107e-01,2.664033472537994385e-01,-9.672352671623229980e-01,-1.476525664329528809e-01,8.184970021247863770e-01,-1.323125243186950684e+00,1.730511039495468140e-01,9.263055324554443359e-01,-1.001757502555847168e+00
-1.691715359687805176e+00,-1.042073592543601990e-01,3.276764750480651855e-01,4.332618322223424911e-03,9.609214961528778076e-03,-6.662075519561767578e-01,-7.456918358802795410e-01,-2.294432967901229858e-01,-1.756479218602180481e-02,-8.377599716186523438e-01,4.902983307838439941e-01,2.777882516384124756e-01,-9.880980253219604492e-01,-1.458298712968826294e-01,8.168795704841613770e-01,-1.316090464591979980e+00,1.733274608850479126e-01,9.200027585029602051e-01,-9.886444211006164551e-01
-1.691931247711181641e+00,-1.028636246919631958e-01,3.279617726802825928e-01,5.996001418679952621e-03,9.474352933466434479e-03,-6.652882099151611328e-01,-7.465024590492248535e-01,-2.249931544065475464e-01,-1.558413542807102203e-02,-8.377599716186523438e-01,4.907474219799041748e-01,2.927610278129577637e-01,-1.015278935432434082e+00,-1.438460648059844971e-01,8.150209188461303711e-01,-1.308624982833862305e+00,1.739254146814346313e-01,9.137401580810546875e-01,-9.755195379257202148e-01
-1.692119359970092773e+00,-1.015224456787109375e-01,3.281936645507812500e-01,7.818758487701416016e-03,9.174741804599761963e-03,-6.644335985183715820e-01,-7.472500801086425781e-01,-2.207745760679244995e-01,-1.507225632667541504e-02,-8.377599716186523438e-01,4.913616478443145752e-01,3.104113936424255371e-01,-1.051536321640014648e+00,-1.417666524648666382e-01,8.123568296432495117e-01,-1.300266623497009277e+00,1.748722195625305176e-01,9.067889451980590820e-01,-9.624665379524230957e-01
-1.692283153533935547e+00,-1.002110242843627930e-01,3.284300863742828369e-01,9.609753265976905823e-03,8.707305416464805603e-03,-6.636967658996582031e-01,-7.478893399238586426e-01,-2.165086716413497925e-01,-1.470564864575862885e-02,-8.377599716186523438e-01,4.916393458843231201e-01,3.302919864654541016e-01,-1.096027970314025879e+00,-1.394614428281784058e-01,8.089878559112548828e-01,-1.290930151939392090e+00,1.756565123796463013e-01,8.995413184165954590e-01,-9.487496018409729004e-01
-1.692405700683593750e+00,-9.891635924577713013e-02,3.286294341087341309e-01,1.124610193073749542e-02,7.849557325243949890e-03,-6.629373431205749512e-01,-7.485492825508117676e-01,-2.129956334829330444e-01,-1.517780870199203491e-02,-8.377599716186523438e-01,4.912413060665130615e-01,3.482024967670440674e-01,-1.141548156738281250e+00,-1.373106837272644043e-01,8.049024343490600586e-01,-1.281359076499938965e+00,1.763449162244796753e-01,8.918800950050354004e-01,-9.350367784500122070e-01
-1.692541480064392090e+00,-9.765881299972534180e-02,3.288543224334716797e-01,1.285364571958780289e-02,7.115270476788282394e-03,-6.623314619064331055e-01,-7.490668892860412598e-01,-2.100513130426406860e-01,-1.595124416053295135e-02,-8.377599716186523438e-01,4.900772571563720703e-01,3.678049743175506592e-01,-1.189030528068542480e+00,-1.354295313358306885e-01,8.009955286979675293e-01,-1.271981000900268555e+00,1.772854924201965332e-01,8.846040964126586914e-01,-9.216285943984985352e-01
-1.692612290382385254e+00,-9.642533212900161743e-02,3.290760517120361328e-01,1.412904169410467148e-02,6.305110175162553787e-03,-6.617051362991333008e-01,-7.496045231819152832e-01,-2.068661153316497803e-01,-1.624993793666362762e-02,-8.377599716186523438e-01,4.896789193153381348e-01,3.895256817340850830e-01,-1.237954378128051758e+00,-1.339802891016006470e-01,7.974607944488525391e-01,-1.263011813163757324e+00,1.776387542486190796e-01,8.775988221168518066e-01,-9.082622528076171875e-01
-1.692623376846313477e+00,-9.521166235208511353e-02,3.292428553104400635e-01,1.541083771735429764e-02,5.413699429482221603e-03,-6.610558032989501953e-01,-7.501589655876159668e-01,-2.041522562503814697e-01,-1.788512989878654480e-02,-8.377599716186523438e-01,4.900268912315368652e-01,4.105904996395111084e-01,-1.285032033920288086e+00,-1.326558291912078857e-01,7.938609123229980469e-01,-1.254508495330810547e+00,1.779267489910125732e-01,8.704115748405456543e-01,-8.951211571693420410e-01
-1.692580819129943848e+00,-9.407880902290344238e-02,3.294764757156372070e-01,1.638748496770858765e-02,4.701712168753147125e-03,-6.605313420295715332e-01,-7.506048679351806641e-01,-2.017257511615753174e-01,-1.791550591588020325e-02,-8.377599716186523438e-01,4.913520216941833496e-01,4.302681982517242432e-01,-1.328034043312072754e+00,-1.315048336982727051e-01,7.908379435539245605e-01,-1.246666908264160156e+00,1.778177618980407715e-01,8.639563918113708496e-01,-8.825414180755615234e-01
-1.692465186119079590e+00,-9.297496825456619263e-02,3.296377658843994141e-01,1.720128953456878662e-02,3.759770886972546577e-03,-6.599736213684082031e-01,-7.510824203491210938e-01,-2.000316530466079712e-01,-1.862570643424987793e-02,-8.377599716186523438e-01,4.940108954906463623e-01,4.482170939445495605e-01,-1.369150400161743164e+00,-1.309362053871154785e-01,7.877060770988464355e-01,-1.239064216613769531e+00,1.773331612348556519e-01,8.574072122573852539e-01,-8.700684309005737305e-01
-1.692320704460144043e+00,-9.194277971982955933e-02,3.297879397869110107e-01,1.772478222846984863e-02,2.580146305263042450e-03,-6.595094799995422363e-01,-7.514827847480773926e-01,-1.993567645549774170e-01,-1.938700489699840546e-02,-8.377599716186523438e-01,4.971900582313537598e-01,4.636482298374176025e-01,-1.408412098884582520e+00,-1.310540437698364258e-01,7.845212817192077637e-01,-1.231753945350646973e+00,1.758733242750167847e-01,8.510606288909912109e-01,-8.583078384399414062e-01
-1.692088365554809570e+00,-9.093979001045227051e-02,3.298710584640502930e-01,1.789215207099914551e-02,1.112774712964892387e-03,-6.592988371849060059e-01,-7.516672611236572266e-01,-2.001656144857406616e-01,-2.048427984118461609e-02,-8.377599716186523438e-01,4.969128966331481934e-01,4.721119701862335205e-01,-1.439645409584045410e+00,-1.319731771945953369e-01,7.811817526817321777e-01,-1.224637269973754883e+00,1.741974502801895142e-01,8.452004194259643555e-01,-8.474304080009460449e-01
-1.691808342933654785e+00,-9.000947326421737671e-02,3.299312591552734375e-01,1.760293915867805481e-02,-5.890270695090293884e-04,-6.590195298194885254e-01,-7.519196271896362305e-01,-2.016504853963851929e-01,-2.142981626093387604e-02,-8.377599716186523438e-01,4.945668578147888184e-01,4.784680306911468506e-01,-1.468362689018249512e+00,-1.336257159709930420e-01,7.781366705894470215e-01,-1.217577219009399414e+00,1.716614365577697754e-01,8.402979969978332520e-01,-8.380951285362243652e-01
-1.691492319107055664e+00,-8.921713382005691528e-02,3.297936916351318359e-01,1.580736413598060608e-02,-2.352572046220302582e-03,-6.587644815444946289e-01,-7.521794438362121582e-01,-2.044363617897033691e-01,-1.943309418857097626e-02,-8.377599716186523438e-01,4.858227074146270752e-01,4.799056947231292725e-01,-1.488501906394958496e+00,-1.372696757316589355e-01,7.787631750106811523e-01,-1.214819550514221191e+00,1.676464825868606567e-01,8.425701856613159180e-01,-8.377608656883239746e-01
-1.691092371940612793e+00,-8.840753883123397827e-02,3.296340405941009521e-01,1.403784751892089844e-02,-4.085246939212083817e-03,-6.583029627799987793e-01,-7.526111006736755371e-01,-2.069322168827056885e-01,-1.804071664810180664e-02,-8.377599716186523438e-01,4.773041605949401855e-01,4.841937422752380371e-01,-1.513282895088195801e+00,-1.406642496585845947e-01,7.800204753875732422e-01,-1.212685942649841309e+00,1.640517413616180420e-01,8.447575569152832031e-01,-8.377600312232971191e-01
-1.690663337707519531e+00,-8.760801702737808228e-02,3.295131623744964600e-01,1.175425015389919281e-02,-6.139094009995460510e-03,-6.579007506370544434e-01,-7.529878616333007812e-01,-2.106226533651351929e-01,-1.579612866044044495e-02,-8.377599716186523438e-01,4.628854393959045410e-01,4.748525619506835938e-01,-1.521356105804443359e+00,-1.450894922018051147e-01,7.810393571853637695e-01,-1.210118651390075684e+00,1.592858284711837769e-01,8.471489548683166504e-01,-8.377599716186523438e-01
-1.690183043479919434e+00,-8.681353181600570679e-02,3.294206559658050537e-01,9.372388944029808044e-03,-8.578108623623847961e-03,-6.572554707527160645e-01,-7.535607814788818359e-01,-2.142529040575027466e-01,-1.421059481799602509e-02,-8.377599716186523438e-01,4.469034969806671143e-01,4.671521484851837158e-01,-1.530285716056823730e+00,-1.499332934617996216e-01,7.811212539672851562e-01,-1.207005143165588379e+00,1.537714451551437378e-01,8.487485051155090332e-01,-8.377599716186523438e-01
-1.689670801162719727e+00,-8.603961020708084106e-02,3.293166458606719971e-01,6.639251485466957092e-03,-1.149221137166023254e-02,-6.566451191902160645e-01,-7.540829181671142578e-01,-2.190555930137634277e-01,-1.286486722528934479e-02,-8.377599716186523438e-01,4.279006421566009521e-01,4.519866108894348145e-01,-1.531295895576477051e+00,-1.556046307086944580e-01,7.806245684623718262e-01,-1.203390359878540039e+00,1.475069224834442139e-01,8.499438762664794922e-01,-8.377599716186523438e-01
-1.689120411872863770e+00,-8.527760952711105347e-02,3.292052447795867920e-01,3.602418117225170135e-03,-1.455807033926248550e-02,-6.560327410697937012e-01,-7.545833587646484375e-01,-2.247346192598342896e-01,-1.120860129594802856e-02,-8.377599716186523438e-01,4.065525531768798828e-01,4.311093688011169434e-01,-1.523495078086853027e+00,-1.614177227020263672e-01,7.801790237426757812e-01,-1.199099659919738770e+00,1.404656618833541870e-01,8.517129421234130859e-01,-8.377599716186523438e-01
-1.688535809516906738e+00,-8.451920747756958008e-02,3.291437625885009766e-01,5.524541484192013741e-04,-1.781793870031833649e-02,-6.554635763168334961e-01,-7.550163865089416504e-01,-2.304870486259460449e-01,-9.585659950971603394e-03,-8.377599716186523438e-01,3.828058540821075439e-01,4.045891761779785156e-01,-1.506974101066589355e+00,-1.669197827577590942e-01,7.789110541343688965e-01,-1.193506956100463867e+00,1.333371102809906006e-01,8.528093099594116211e-01,-8.377599716186523438e-01
-1.687940001487731934e+00,-8.374979346990585327e-02,3.290916979312896729e-01,-2.293656580150127411e-03,-2.086619660258293152e-02,-6.548751592636108398e-01,-7.554454803466796875e-01,-2.361471801996231079e-01,-8.452522568404674530e-03,-8.377599716186523438e-01,3.566330969333648682e-01,3.716953396797180176e-01,-1.479699730873107910e+00,-1.715016365051269531e-01,7.779032588005065918e-01,-1.187826991081237793e+00,1.265288293361663818e-01,8.539762496948242188e-01,-8.377599716186523438e-01
-1.687329649925231934e+00,-8.300127089023590088e-02,3.291223943233489990e-01,-4.969175439327955246e-03,-2.373778820037841797e-02,-6.543053388595581055e-01,-7.558414936065673828e-01,-2.406642735004425049e-01,-6.712805479764938354e-03,-8.377599716186523438e-01,3.290110230445861816e-01,3.331381082534790039e-01,-1.443004727363586426e+00,-1.758778542280197144e-01,7.765228748321533203e-01,-1.181470632553100586e+00,1.201048791408538818e-01,8.551907539367675781e-01,-8.377599716186523438e-01
-1.686734795570373535e+00,-8.220198750495910645e-02,3.291505873203277588e-01,-7.584823761135339737e-03,-2.595330588519573212e-02,-6.538932919502258301e-01,-7.561034560203552246e-01,-2.441637963056564331e-01,-3.189656184986233711e-03,-8.377599716186523438e-01,2.988350689411163330e-01,2.893361151218414307e-01,-1.395500898361206055e+00,-1.790636181831359863e-01,7.772874236106872559e-01,-1.177402138710021973e+00,1.150760650634765625e-01,8.577459454536437988e-01,-8.377599716186523438e-01
-1.686162114143371582e+00,-8.135452121496200562e-02,3.291199803352355957e-01,-9.797407314181327820e-03,-2.795845828950405121e-02,-6.536032557487487793e-01,-7.562572956085205078e-01,-2.470734864473342896e-01,-6.988131208345293999e-04,-8.377599716186523438e-01,2.667855918407440186e-01,2.403888255357742310e-01,-1.339987754821777344e+00,-1.814513206481933594e-01,7.781084775924682617e-01,-1.173693537712097168e+00,1.106381267309188843e-01,8.601665496826171875e-01,-8.377599716186523438e-01
-1.685595750808715820e+00,-8.049396425485610962e-02,3.291017413139343262e-01,-1.162919029593467712e-02,-2.947276458144187927e-02,-6.534138917922973633e-01,-7.563374638557434082e-01,-2.492043673992156982e-01,2.112137386575341225e-03,-8.377599716186523438e-01,2.342485189437866211e-01,1.915352195501327515e-01,-1.282832145690917969e+00,-1.831156164407730103e-01,7.797382473945617676e-01,-1.171237945556640625e+00,1.073353141546249390e-01,8.629976511001586914e-01,-8.377599716186523438e-01
-1.685051798820495605e+00,-7.964413613080978394e-02,3.290835618972778320e-01,-1.316866651177406311e-02,-3.062888979911804199e-02,-6.532285213470458984e-01,-7.564264535903930664e-01,-2.503924667835235596e-01,4.928093403577804565e-03,-8.377599716186523438e-01,2.022360116243362427e-01,1.412930190563201904e-01,-1.222211480140686035e+00,-1.841246932744979858e-01,7.819207310676574707e-01,-1.169837713241577148e+00,1.048216298222541809e-01,8.659018278121948242e-01,-8.377599716186523438e-01
-1.684544205665588379e+00,-7.876703888177871704e-02,3.290826976299285889e-01,-1.450469717383384705e-02,-3.140082582831382751e-02,-6.530283093452453613e-01,-7.565431594848632812e-01,-2.506071031093597412e-01,8.593861944973468781e-03,-8.377599716186523438e-01,1.694110035896301270e-01,9.061908721923828125e-02,-1.157118201255798340e+00,-1.848753541707992554e-01,7.849587798118591309e-01,-1.169774532318115234e+00,1.031501069664955139e-01,8.692498207092285156e-01,-8.377599716186523438e-01
-1.684055685997009277e+00,-7.785766571760177612e-02,3.290673196315765381e-01,-1.554930582642555237e-02,-3.190725669264793396e-02,-6.527649760246276855e-01,-7.567284703254699707e-01,-2.499537020921707153e-01,1.188283599913120270e-02,-8.377599716186523438e-01,1.374706178903579712e-01,4.172722622752189636e-02,-1.090525865554809570e+00,-1.852134913206100464e-01,7.883632779121398926e-01,-1.170434355735778809e+00,1.022462844848632812e-01,8.725968003273010254e-01,-8.377599716186523438e-01
-1.683609843254089355e+00,-7.696946710348129272e-02,3.290611803531646729e-01,-1.645299978554248810e-02,-3.195115923881530762e-02,-6.524094343185424805e-01,-7.570140957832336426e-01,-2.484274059534072876e-01,1.599041745066642761e-02,-8.377599716186523438e-01,1.058794930577278137e-01,-8.553293533623218536e-03,-1.015768527984619141e+00,-1.851155012845993042e-01,7.928700447082519531e-01,-1.172405362129211426e+00,1.019955053925514221e-01,8.765968680381774902e-01,-8.377599716186523438e-01
-1.683199524879455566e+00,-7.608035951852798462e-02,3.290641605854034424e-01,-1.700838655233383179e-02,-3.170078247785568237e-02,-6.518754959106445312e-01,-7.574722170829772949e-01,-2.456072866916656494e-01,1.999914273619651794e-02,-8.377599716186523438e-01,7.706315070390701294e-02,-5.577224493026733398e-02,-9.394528269767761230e-01,-1.845580339431762695e-01,7.974581718444824219e-01,-1.174358963966369629e+00,1.024537831544876099e-01,8.802457451820373535e-01,-8.377599716186523438e-01
-1.682847261428833008e+00,-7.520602643489837646e-02,3.290837705135345459e-01,-1.748217642307281494e-02,-3.115448728203773499e-02,-6.511117219924926758e-01,-7.581406831741333008e-01,-2.419416755437850952e-01,2.443045563995838165e-02,-8.377599716186523438e-01,5.189079418778419495e-02,-9.633520990610122681e-02,-8.658431768417358398e-01,-1.838812530040740967e-01,8.026131391525268555e-01,-1.176944494247436523e+00,1.033200770616531372e-01,8.841363191604614258e-01,-8.377599716186523438e-01
-1.682174324989318848e+00,-7.409430295228958130e-02,3.285732567310333252e-01,-2.011204324662685394e-02,-3.540856391191482544e-02,-6.495345234870910645e-01,-7.592408657073974609e-01,-2.455152124166488647e-01,2.424660697579383850e-02,-8.377599716186523438e-01,2.392672561109066010e-02,-1.152452901005744934e-01,-8.382487893104553223e-01,-1.922418624162673950e-01,7.998420596122741699e-01,-1.171119928359985352e+00,9.379940479993820190e-02,8.839316964149475098e-01,-8.377599716186523438e-01
-1.681320071220397949e+00,-7.287533581256866455e-02,3.279039263725280762e-01,-2.363249473273754120e-02,-4.168237745761871338e-02,-6.470406055450439453e-01,-7.609484195709228516e-01,-2.506644129753112793e-01,2.234763652086257935e-02,-8.377599716186523438e-01,-1.498520374298095703e-03,-1.180722340941429138e-01,-8.377612233161926270e-01,-2.053355872631072998e-01,7.932015657424926758e-01,-1.160111546516418457e+00,7.885359227657318115e-02,8.813343048095703125e-01,-8.377599716186523438e-01
-1.680518865585327148e+00,-7.176288217306137085e-02,3.273711204528808594e-01,-2.686683647334575653e-02,-4.688653349876403809e-02,-6.441619992256164551e-01,-7.629777789115905762e-01,-2.534997165203094482e-01,2.204167470335960388e-02,-8.377599716186523438e-01,-2.159409597516059875e-02,-1.145340502262115479e-01,-8.377600312232971191e-01,-2.172883898019790649e-01,7.882907986640930176e-01,-1.149857640266418457e+00,6.502714008092880249e-02,8.797575831413269043e-01,-8.377599716186523438e-01
-1.679719209671020508e+00,-7.064586877822875977e-02,3.269385099411010742e-01,-3.008247725665569305e-02,-5.166459083557128906e-02,-6.409595012664794922e-01,-7.652429342269897461e-01,-2.548966705799102783e-01,2.313400246202945709e-02,-8.377599716186523438e-01,-3.865315765142440796e-02,-1.072829812765121460e-01,-8.377599716186523438e-01,-2.290711104869842529e-01,7.844185233116149902e-01,-1.140392184257507324e+00,5.151782929897308350e-02,8.783239722251892090e-01,-8.377599716186523438e-01
-1.678931236267089844e+00,-6.957154721021652222e-02,3.264673650264739990e-01,-3.307533264160156250e-02,-5.619538575410842896e-02,-6.375288963317871094e-01,-7.676620483398437500e-01,-2.552195191383361816e-01,2.374271862208843231e-02,-8.377599716186523438e-01,-5.307882279157638550e-02,-9.805270284414291382e-02,-8.377599716186523438e-01,-2.404954880475997925e-01,7.809969782829284668e-01,-1.131909251213073730e+00,3.814121708273887634e-02,8.769616484642028809e-01,-8.377599716186523438e-01
-1.678013086318969727e+00,-6.839428842067718506e-02,3.258207142353057861e-01,-3.640038147568702698e-02,-6.195041909813880920e-02,-6.334633827209472656e-01,-7.704292535781860352e-01,-2.564769387245178223e-01,2.264139428734779358e-02,-8.377599716186523438e-01,-6.693839281797409058e-02,-9.496024250984191895e-02,-8.377599716186523438e-01,-2.542373239994049072e-01,7.751770019531250000e-01,-1.120511054992675781e+00,2.192003093659877777e-02,8.733955621719360352e-01,-8.377599716186523438e-01
-1.677231311798095703e+00,-6.720609962940216064e-02,3.247493505477905273e-01,-3.783174231648445129e-02,-6.750988960266113281e-02,-6.298684477806091309e-01,-7.728369235992431641e-01,-2.569980621337890625e-01,2.823916450142860413e-02,-8.571788072586059570e-01,-7.497286051511764526e-02,-1.007471159100532532e-01,-8.377599716186523438e-01,-2.641032636165618896e-01,7.672849893569946289e-01,-1.109695315361022949e+00,9.705436415970325470e-03,8.680519461631774902e-01,-8.377599716186523438e-01
-1.676597356796264648e+00,-6.594233214855194092e-02,3.234891593456268311e-01,-3.771420195698738098e-02,-7.207749038934707642e-02,-6.268622875213623047e-01,-7.748716473579406738e-01,-2.558426856994628906e-01,3.960407152771949768e-02,-8.889503479003906250e-01,-7.969742268323898315e-02,-1.147317662835121155e-01,-8.377599716186523438e-01,-2.694654464721679688e-01,7.598917484283447266e-01,-1.100457310676574707e+00,2.422105753794312477e-03,8.627033233642578125e-01,-8.377599716186523438e-01
-1.676254034042358398e+00,-6.479353457689285278e-02,3.228549659252166748e-01,-3.760425373911857605e-02,-7.389079034328460693e-02,-6.249905824661254883e-01,-7.762169837951660156e-01,-2.535006999969482422e-01,4.791785404086112976e-02,-9.064683914184570312e-01,-7.609599828720092773e-02,-1.242988258600234985e-01,-8.377599716186523438e-01,-2.706427574157714844e-01,7.578146457672119141e-01,-1.094567656517028809e+00,5.246248911134898663e-04,8.620649576187133789e-01,-8.377599716186523438e-01
-1.676131963729858398e+00,-6.383780390024185181e-02,3.227875530719757080e-01,-3.796668350696563721e-02,-7.359607517719268799e-02,-6.235758066177368164e-01,-7.773643732070922852e-01,-2.498577982187271118e-01,5.484649911522865295e-02,-9.118253588676452637e-01,-6.781849265098571777e-02,-1.245545595884323120e-01,-8.377599716186523438e-01,-2.696715891361236572e-01,7.604406476020812988e-01,-1.091655135154724121e+00,1.059972913935780525e-03,8.652864694595336914e-01,-8.377599716186523438e-01
-1.676037788391113281e+00,-6.293443590402603149e-02,3.229057788848876953e-01,-3.829428926110267639e-02,-7.251507043838500977e-02,-6.223890781402587891e-01,-7.784002423286437988e-01,-2.450458258390426636e-01,6.078602373600006104e-02,-9.127430915832519531e-01,-5.951553210616111755e-02,-1.216680034995079041e-01,-8.377599716186523438e-01,-2.677675485610961914e-01,7.646418213844299316e-01,-1.089661598205566406e+00,2.467007376253604889e-03,8.694098591804504395e-01,-8.377599716186523438e-01
-1.676008105278015137e+00,-6.211766228079795837e-02,3.231024444103240967e-01,-3.878745436668395996e-02,-7.111015915870666504e-02,-6.210227012634277344e-01,-7.795958518981933594e-01,-2.400517612695693970e-01,6.713744997978210449e-02,-9.124534726142883301e-01,-5.322898179292678833e-02,-1.156194061040878296e-01,-8.377599716186523438e-01,-2.662755548954010010e-01,7.696925401687622070e-01,-1.087373375892639160e+00,3.319996176287531853e-03,8.739791512489318848e-01,-8.377599716186523438e-01
-1.675935506820678711e+00,-6.125237047672271729e-02,3.231408596038818359e-01,-3.907371312379837036e-02,-7.009363919496536255e-02,-6.194591522216796875e-01,-7.809164524078369141e-01,-2.348779588937759399e-01,7.444523274898529053e-02,-9.159850478172302246e-01,-4.800212010741233826e-02,-1.121269538998603821e-01,-8.377599716186523438e-01,-2.649554610252380371e-01,7.737674117088317871e-01,-1.084626913070678711e+00,3.781002247706055641e-03,8.778351545333862305e-01,-8.377599716186523438e-01
-1.675896406173706055e+00,-6.033429503440856934e-02,3.230403065681457520e-01,-3.911406174302101135e-02,-6.937988847494125366e-02,-6.177010536193847656e-01,-7.823694348335266113e-01,-2.300619035959243774e-01,8.221567422151565552e-02,-9.225139617919921875e-01,-4.323681816458702087e-02,-1.108754798769950867e-01,-8.377599716186523438e-01,-2.640535831451416016e-01,7.770226597785949707e-01,-1.081120848655700684e+00,3.910675179213285446e-03,8.807799816131591797e-01,-8.377599716186523438e-01
-1.675856113433837891e+00,-5.938459187746047974e-02,3.229012787342071533e-01,-3.898903355002403259e-02,-6.863632798194885254e-02,-6.157679557800292969e-01,-7.839634418487548828e-01,-2.247206717729568481e-01,9.110244363546371460e-02,-9.311150312423706055e-01,-3.763544186949729919e-02,-1.103085428476333618e-01,-8.377599716186523438e-01,-2.626809775829315186e-01,7.802253365516662598e-01,-1.078201174736022949e+00,4.234632942825555801e-03,8.835054636001586914e-01,-8.377599716186523438e-01
-1.675933837890625000e+00,-5.845098197460174561e-02,3.227791786193847656e-01,-3.867806121706962585e-02,-6.759158521890640259e-02,-6.138949990272521973e-01,-7.855369448661804199e-01,-2.192864865064620972e-01,9.984977543354034424e-02,-9.394501447677612305e-01,-3.026637993752956390e-02,-1.086874455213546753e-01,-8.377599716186523438e-01,-2.608848512172698975e-01,7.839309573173522949e-01,-1.075941205024719238e+00,4.981403704732656479e-03,8.864729404449462891e-01,-8.377599716186523438e-01
-1.676028966903686523e+00,-5.752271786332130432e-02,3.226405084133148193e-01,-3.820104897022247314e-02,-6.641241908073425293e-02,-6.119291186332702637e-01,-7.871930003166198730e-01,-2.132530063390731812e-01,1.094805970788002014e-01,-9.486952424049377441e-01,-2.227009087800979614e-02,-1.073112040758132935e-01,-8.377599716186523438e-01,-2.587390244007110596e-01,7.877482175827026367e-01,-1.073956966400146484e+00,6.130240857601165771e-03,8.894958496093750000e-01,-8.377599716186523438e-01
-1.676177620887756348e+00,-5.662091821432113647e-02,3.225433230400085449e-01,-3.750638291239738464e-02,-6.489052623510360718e-02,-6.099653840065002441e-01,-7.888755798339843750e-01,-2.068067193031311035e-01,1.186287999153137207e-01,-9.572904706001281738e-01,-1.330221630632877350e-02,-1.053148508071899414e-01,-8.377599716186523438e-01,-2.560926079750061035e-01,7.920188307762145996e-01,-1.072582244873046875e+00,8.036779239773750305e-03,8.926820755004882812e-01,-8.377599716186523438e-01
-1.676374912261962891e+00,-5.570652708411216736e-02,3.224739730358123779e-01,-3.670315444469451904e-02,-6.314521282911300659e-02,-6.080034375190734863e-01,-7.905677556991577148e-01,-1.998231112957000732e-01,1.285173743963241577e-01,-9.661501049995422363e-01,-4.059099126607179642e-03,-1.028480976819992065e-01,-8.377599716186523438e-01,-2.532809376716613770e-01,7.968145608901977539e-01,-1.071989536285400391e+00,1.035519130527973175e-02,8.962189555168151855e-01,-8.377599716186523438e-01
-1.676613688468933105e+00,-5.483192577958106995e-02,3.224196732044219971e-01,-3.584018349647521973e-02,-6.121004745364189148e-02,-6.059319972991943359e-01,-7.923479080200195312e-01,-1.927110403776168823e-01,1.383274495601654053e-01,-9.745267629623413086e-01,5.479393061250448227e-03,-9.983902424573898315e-02,-8.377599716186523438e-01,-2.503311634063720703e-01,8.019317984580993652e-01,-1.071607589721679688e+00,1.268725469708442688e-02,8.996558189392089844e-01,-8.377599716186523438e-01
-1.676848769187927246e+00,-5.398404970765113831e-02,3.223364651203155518e-01,-3.479989245533943176e-02,-5.922232940793037415e-02,-6.039502024650573730e-01,-7.940565943717956543e-01,-1.849133074283599854e-01,1.473927795886993408e-01,-9.822764992713928223e-01,1.472109928727149963e-02,-9.704923629760742188e-02,-8.377599716186523438e-01,-2.472808808088302612e-01,8.069412112236022949e-01,-1.071448802947998047e+00,1.544449664652347565e-02,9.031286239624023438e-01,-8.377599716186523438e-01
-1.677105426788330078e+00,-5.314583703875541687e-02,3.222620785236358643e-01,-3.373151272535324097e-02,-5.721862986683845520e-02,-6.019189953804016113e-01,-7.957900166511535645e-01,-1.770678609609603882e-01,1.567823290824890137e-01,-9.903224110603332520e-01,2.378660067915916443e-02,-9.395881742238998413e-02,-8.377599716186523438e-01,-2.442907541990280151e-01,8.120100498199462891e-01,-1.071419596672058105e+00,1.799168623983860016e-02,9.063783288002014160e-01,-8.377599716186523438e-01
-1.677369952201843262e+00,-5.236083641648292542e-02,3.221610784530639648e-01,-3.248335421085357666e-02,-5.516836047172546387e-02,-5.999251604080200195e-01,-7.974904775619506836e-01,-1.695360541343688965e-01,1.656313389539718628e-01,-9.985786080360412598e-01,3.300682082772254944e-02,-9.119126200675964355e-02,-8.377599716186523438e-01,-2.410861551761627197e-01,8.171515464782714844e-01,-1.072115421295166016e+00,2.085251174867153168e-02,9.095531702041625977e-01,-8.377599716186523438e-01
-1.677632808685302734e+00,-5.161056295037269592e-02,3.220646977424621582e-01,-3.118073008954524994e-02,-5.321241915225982666e-02,-5.979428291320800781e-01,-7.991624474525451660e-01,-1.613162010908126831e-01,1.740197092294692993e-01,-1.006005167961120605e+00,4.239095374941825867e-02,-8.882363885641098022e-02,-8.377599716186523438e-01,-2.378287762403488159e-01,8.219305276870727539e-01,-1.072707056999206543e+00,2.364557050168514252e-02,9.121346473693847656e-01,-8.377599716186523438e-01
-1.677917361259460449e+00,-5.084704980254173279e-02,3.219687640666961670e-01,-3.006394766271114349e-02,-5.135489627718925476e-02,-5.961019396781921387e-01,-8.007005453109741211e-01,-1.543450951576232910e-01,1.822015494108200073e-01,-1.013078212738037109e+00,5.078303813934326172e-02,-8.611381798982620239e-02,-8.377599716186523438e-01,-2.353063374757766724e-01,8.268539309501647949e-01,-1.073535799980163574e+00,2.601670846343040466e-02,9.150398373603820801e-01,-8.377599716186523438e-01
-1.678189873695373535e+00,-5.012060701847076416e-02,3.218845129013061523e-01,-2.907234057784080505e-02,-4.965028539299964905e-02,-5.942708253860473633e-01,-8.022043108940124512e-01,-1.475055366754531860e-01,1.898005604743957520e-01,-1.019107341766357422e+00,5.867405980825424194e-02,-8.353263884782791138e-02,-8.377599716186523438e-01,-2.332637310028076172e-01,8.314983248710632324e-01,-1.074210524559020996e+00,2.805441431701183319e-02,9.176501631736755371e-01,-8.377599716186523438e-01
-1.678457021713256836e+00,-4.942233115434646606e-02,3.218250274658203125e-01,-2.816183120012283325e-02,-4.803139716386795044e-02,-5.924273133277893066e-01,-8.036975860595703125e-01,-1.413512825965881348e-01,1.975804120302200317e-01,-1.025307536125183105e+00,6.639149785041809082e-02,-8.102805167436599731e-02,-8.377599716186523438e-01,-2.316470593214035034e-01,8.358734250068664551e-01,-1.074669361114501953e+00,3.003012388944625854e-02,9.199944734573364258e-01,-8.377599716186523438e-01
-1.678702831268310547e+00,-4.874262586236000061e-02,3.217595219612121582e-01,-2.737050130963325500e-02,-4.650668054819107056e-02,-5.906409621238708496e-01,-8.051280975341796875e-01,-1.359763145446777344e-01,2.041693925857543945e-01,-1.030600309371948242e+00,7.350306957960128784e-02,-7.852593064308166504e-02,-8.377599716186523438e-01,-2.302307635545730591e-01,8.403495550155639648e-01,-1.075376272201538086e+00,3.162281960248947144e-02,9.226494431495666504e-01,-8.377599716186523438e-01
-1.678938865661621094e+00,-4.807931557297706604e-02,3.217324316501617432e-01,-2.668965980410575867e-02,-4.516422376036643982e-02,-5.888688564300537109e-01,-8.065242171287536621e-01,-1.309345662593841553e-01,2.118387222290039062e-01,-1.037084937095642090e+00,8.011139184236526489e-02,-7.609395682811737061e-02,-8.377599716186523438e-01,-2.293356060981750488e-01,8.441141843795776367e-01,-1.075348496437072754e+00,3.287475928664207458e-02,9.248225092887878418e-01,-8.377599716186523438e-01
-1.679156899452209473e+00,-4.742744937539100647e-02,3.217287957668304443e-01,-2.606592699885368347e-02,-4.392480850219726562e-02,-5.871142745018005371e-01,-8.078910708427429199e-01,-1.265306472778320312e-01,2.191609740257263184e-01,-1.043416261672973633e+00,8.643454313278198242e-02,-7.370596379041671753e-02,-8.377599716186523438e-01,-2.286921292543411255e-01,8.473830819129943848e-01,-1.074297547340393066e+00,3.394760191440582275e-02,9.268773794174194336e-01,-8.377599716186523438e-01
-1.679358959197998047e+00,-4.677874222397804260e-02,3.217428326606750488e-01,-2.564951032400131226e-02,-4.279049113392829895e-02,-5.854474902153015137e-01,-8.091738820075988770e-01,-1.224654540419578552e-01,2.264677286148071289e-01,-1.049031257629394531e+00,9.193994849920272827e-02,-7.100120931863784790e-02,-8.377599716186523438e-01,-2.287366092205047607e-01,8.504778146743774414e-01,-1.072922587394714355e+00,3.478038311004638672e-02,9.289819598197937012e-01,-8.377599716186523438e-01
-1.679524183273315430e+00,-4.612616822123527527e-02,3.217492997646331787e-01,-2.535052783787250519e-02,-4.180258512496948242e-02,-5.837937593460083008e-01,-8.104287385940551758e-01,-1.188123524188995361e-01,2.323339879512786865e-01,-1.053267359733581543e+00,9.720412641763687134e-02,-6.878652423620223999e-02,-8.377599716186523438e-01,-2.289380431175231934e-01,8.534411191940307617e-01,-1.072010159492492676e+00,3.541706129908561707e-02,9.310965538024902344e-01,-8.377599716186523438e-01
-1.679639220237731934e+00,-4.548005759716033936e-02,3.217712044715881348e-01,-2.521760948002338409e-02,-4.089093208312988281e-02,-5.822898745536804199e-01,-8.115605711936950684e-01,-1.162388026714324951e-01,2.385724484920501709e-01,-1.057588696479797363e+00,1.017965897917747498e-01,-6.627158820629119873e-02,-8.377599716186523438e-01,-2.293652743101119995e-01,8.564655780792236328e-01,-1.071369767189025879e+00,3.589051216840744019e-02,9.336985349655151367e-01,-8.377599716186523438e-01
-1.679716110229492188e+00,-4.479974508285522461e-02,3.218002617359161377e-01,-2.509803324937820435e-02,-4.010000079870223999e-02,-5.808941125869750977e-01,-8.126032948493957520e-01,-1.135473102331161499e-01,2.449362576007843018e-01,-1.062088847160339355e+00,1.057237908244132996e-01,-6.387142091989517212e-02,-8.377599716186523438e-01,-2.295884042978286743e-01,8.591525554656982422e-01,-1.070271849632263184e+00,3.624767810106277466e-02,9.359667897224426270e-01,-8.377599716186523438e-01
-1.679773688316345215e+00,-4.415175318717956543e-02,3.218539357185363770e-01,-2.504600770771503448e-02,-3.937765583395957947e-02,-5.796999931335449219e-01,-8.134924769401550293e-01,-1.114284992218017578e-01,2.502061426639556885e-01,-1.065259575843811035e+00,1.092275306582450867e-01,-6.118717044591903687e-02,-8.377599716186523438e-01,-2.296797782182693481e-01,8.610393404960632324e-01,-1.067424774169921875e+00,3.668336570262908936e-02,9.383739829063415527e-01,-8.377599716186523438e-01
-1.679821729660034180e+00,-4.352352395653724670e-02,3.219273686408996582e-01,-2.496737800538539886e-02,-3.874108567833900452e-02,-5.787854790687561035e-01,-8.141763210296630859e-01,-1.095243021845817566e-01,2.543785870075225830e-01,-1.067230582237243652e+00,1.123521476984024048e-01,-5.885994434356689453e-02,-8.377599716186523438e-01,-2.293497771024703979e-01,8.621124029159545898e-01,-1.063394188880920410e+00,3.715095669031143188e-02,9.408513903617858887e-01,-8.377599716186523438e-01
-1.679815411567687988e+00,-4.292025044560432434e-02,3.220367729663848877e-01,-2.488163858652114868e-02,-3.821187838912010193e-02,-5.781181454658508301e-01,-8.146779537200927734e-01,-1.081246957182884216e-01,2.584238648414611816e-01,-1.069019794464111328e+00,1.144328638911247253e-01,-5.645086988806724548e-02,-8.377599716186523438e-01,-2.285351157188415527e-01,8.627752065658569336e-01,-1.058751225471496582e+00,3.792820870876312256e-02,9.431470036506652832e-01,-8.377599716186523438e-01
-1.679778456687927246e+00,-4.231615737080574036e-02,3.221914172172546387e-01,-2.471284195780754089e-02,-3.782932087779045105e-02,-5.776689648628234863e-01,-8.150194883346557617e-01,-1.072605699300765991e-01,2.615079581737518311e-01,-1.070356845855712891e+00,1.161873936653137207e-01,-5.438349023461341858e-02,-8.377599716186523438e-01,-2.273584902286529541e-01,8.627583384513854980e-01,-1.053372859954833984e+00,3.885488584637641907e-02,9.449324607849121094e-01,-8.377599716186523438e-01
-1.679705142974853516e+00,-4.170668497681617737e-02,3.223783373832702637e-01,-2.459959872066974640e-02,-3.758752346038818359e-02,-5.775105953216552734e-01,-8.151463270187377930e-01,-1.072213575243949890e-01,2.641044557094573975e-01,-1.071429610252380371e+00,1.168541759252548218e-01,-5.228234082460403442e-02,-8.377599716186523438e-01,-2.261393219232559204e-01,8.622399568557739258e-01,-1.047419905662536621e+00,3.962601721286773682e-02,9.468687772750854492e-01,-8.377599716186523438e-01
-1.679587364196777344e+00,-4.112293571233749390e-02,3.226247131824493408e-01,-2.452361397445201874e-02,-3.746611252427101135e-02,-5.775108337402343750e-01,-8.151540160179138184e-01,-1.074040383100509644e-01,2.665896415710449219e-01,-1.072304606437683105e+00,1.174151375889778137e-01,-5.034722015261650085e-02,-8.377599716186523438e-01,-2.249520570039749146e-01,8.611585497856140137e-01,-1.040713787078857422e+00,4.079798609018325806e-02,9.488365650177001953e-01,-8.377599716186523438e-01
-1.679421663284301758e+00,-4.053271189332008362e-02,3.229008018970489502e-01,-2.459311857819557190e-02,-3.746016323566436768e-02,-5.775747299194335938e-01,-8.151069283485412598e-01,-1.079201772809028625e-01,2.688021957874298096e-01,-1.072654485702514648e+00,1.174674183130264282e-01,-4.833739623427391052e-02,-8.377599716186523438e-01,-2.242637425661087036e-01,8.596121668815612793e-01,-1.033206105232238770e+00,4.188991710543632507e-02,9.508885145187377930e-01,-8.377599716186523438e-01
-1.679216384887695312e+00,-3.994780406355857849e-02,3.232102096080780029e-01,-2.490015327930450439e-02,-3.756620734930038452e-02,-5.778403878211975098e-01,-8.149044513702392578e-01,-1.090525835752487183e-01,2.708829045295715332e-01,-1.072364687919616699e+00,1.166835203766822815e-01,-4.592264443635940552e-02,-8.377599716186523438e-01,-2.243727296590805054e-01,8.582884669303894043e-01,-1.026513934135437012e+00,4.279602691531181335e-02,9.529578685760498047e-01,-8.377599716186523438e-01
-1.678987264633178711e+00,-3.938540816307067871e-02,3.235365152359008789e-01,-2.522847056388854980e-02,-3.774307295680046082e-02,-5.782440304756164551e-01,-8.145998120307922363e-01,-1.104991137981414795e-01,2.722929716110229492e-01,-1.071698546409606934e+00,1.157804802060127258e-01,-4.371360316872596741e-02,-8.377599716186523438e-01,-2.248172163963317871e-01,8.568352460861206055e-01,-1.020239114761352539e+00,4.335861280560493469e-02,9.548134207725524902e-01,-8.377599716186523438e-01
-1.678716897964477539e+00,-3.884100541472434998e-02,3.239065110683441162e-01,-2.540896087884902954e-02,-3.793271258473396301e-02,-5.787366628646850586e-01,-8.142354488372802734e-01,-1.112227663397789001e-01,2.741439342498779297e-01,-1.071696519851684570e+00,1.147026270627975464e-01,-4.161849990487098694e-02,-8.377599716186523438e-01,-2.252647876739501953e-01,8.549101352691650391e-01,-1.013871073722839355e+00,4.404824972152709961e-02,9.563701152801513672e-01,-8.377599716186523438e-01
-1.678408622741699219e+00,-3.830741718411445618e-02,3.243333101272583008e-01,-2.542648091912269592e-02,-3.820518404245376587e-02,-5.792903304100036621e-01,-8.138283491134643555e-01,-1.121020019054412842e-01,2.751133739948272705e-01,-1.071412205696105957e+00,1.138445809483528137e-01,-3.976800665259361267e-02,-8.377599716186523438e-01,-2.254434973001480103e-01,8.519429564476013184e-01,-1.006352901458740234e+00,4.494986683130264282e-02,9.576222896575927734e-01,-8.377599716186523438e-01
-1.678092956542968750e+00,-3.776482120156288147e-02,3.247995972633361816e-01,-2.532643638551235199e-02,-3.859635815024375916e-02,-5.800566673278808594e-01,-8.132669925689697266e-01,-1.136451587080955505e-01,2.766353785991668701e-01,-1.072572231292724609e+00,1.124975234270095825e-01,-3.823881596326828003e-02,-8.377599716186523438e-01,-2.255849540233612061e-01,8.480698466300964355e-01,-9.980899095535278320e-01,4.649894684553146362e-02,9.587233662605285645e-01,-8.377599716186523438e-01
-1.677789211273193359e+00,-3.719561919569969177e-02,3.253059387207031250e-01,-2.502248622477054596e-02,-3.923449292778968811e-02,-5.809518098831176758e-01,-8.126066327095031738e-01,-1.151548251509666443e-01,2.778553664684295654e-01,-1.074607253074645996e+00,1.109719946980476379e-01,-3.756230324506759644e-02,-8.377599716186523438e-01,-2.256612181663513184e-01,8.425696492195129395e-01,-9.882556200027465820e-01,4.829308018088340759e-02,9.590399861335754395e-01,-8.377599716186523438e-01
-1.677495479583740234e+00,-3.660899028182029724e-02,3.258115947246551514e-01,-2.482385560870170593e-02,-3.991359844803810120e-02,-5.818594694137573242e-01,-8.119299411773681641e-01,-1.170504763722419739e-01,2.779662013053894043e-01,-1.075332641601562500e+00,1.090218871831893921e-01,-3.651427477598190308e-02,-8.377599716186523438e-01,-2.260663956403732300e-01,8.369719386100769043e-01,-9.778822660446166992e-01,5.051781237125396729e-02,9.599925279617309570e-01,-8.377599716186523438e-01
-1.677197933197021484e+00,-3.599964082241058350e-02,3.263204991817474365e-01,-2.473855204880237579e-02,-4.080871865153312683e-02,-5.829578638076782227e-01,-8.110997080802917480e-01,-1.202879101037979126e-01,2.795854508876800537e-01,-1.078271985054016113e+00,1.062229275703430176e-01,-3.595750778913497925e-02,-8.377599716186523438e-01,-2.266918271780014038e-01,8.306696414947509766e-01,-9.669933319091796875e-01,5.272368341684341431e-02,9.607161879539489746e-01,-8.377599716186523438e-01
-1.676910042762756348e+00,-3.536429256200790405e-02,3.268550932407379150e-01,-2.462553232908248901e-02,-4.180058836936950684e-02,-5.843083858489990234e-01,-8.100802898406982422e-01,-1.240759417414665222e-01,2.805114984512329102e-01,-1.080909967422485352e+00,1.026834845542907715e-01,-3.507256507873535156e-02,-8.377599716186523438e-01,-2.273926138877868652e-01,8.231826424598693848e-01,-9.542346000671386719e-01,5.542185530066490173e-02,9.610135555267333984e-01,-8.377599716186523438e-01
-1.676588177680969238e+00,-3.471726551651954651e-02,3.274531960487365723e-01,-2.447550557553768158e-02,-4.315370321273803711e-02,-5.858861804008483887e-01,-8.088733553886413574e-01,-1.283104717731475830e-01,2.812893986701965332e-01,-1.083963871002197266e+00,9.818726032972335815e-02,-3.489651158452033997e-02,-8.377599716186523438e-01,-2.279370576143264771e-01,8.136314749717712402e-01,-9.385673999786376953e-01,5.788546800613403320e-02,9.601027965545654297e-01,-8.377599716186523438e-01
-1.676250934600830078e+00,-3.405027836561203003e-02,3.281451463699340820e-01,-2.401518076658248901e-02,-4.483651369810104370e-02,-5.877681374549865723e-01,-8.074290156364440918e-01,-1.331423670053482056e-01,2.805305719375610352e-01,-1.086607098579406738e+00,9.284271299839019775e-02,-3.534406796097755432e-02,-8.377599716186523438e-01,-2.278771549463272095e-01,8.016761541366577148e-01,-9.206808209419250488e-01,6.043826043605804443e-02,9.570064544677734375e-01,-8.377599716186523438e-01
-1.675891876220703125e+00,-3.333221003413200378e-02,3.289220333099365234e-01,-2.337520383298397064e-02,-4.693170264363288879e-02,-5.899664759635925293e-01,-8.057236075401306152e-01,-1.390183568000793457e-01,2.786302864551544189e-01,-1.089568734169006348e+00,8.662154525518417358e-02,-3.676161542534828186e-02,-8.377599716186523438e-01,-2.277220040559768677e-01,7.868590950965881348e-01,-8.994604945182800293e-01,6.208448857069015503e-02,9.514263868331909180e-01,-8.377599716186523438e-01
-1.675533533096313477e+00,-3.255909308791160583e-02,3.297846615314483643e-01,-2.250439673662185669e-02,-4.929375275969505310e-02,-5.923123359680175781e-01,-8.038842082023620605e-01,-1.455504745244979858e-01,2.766962945461273193e-01,-1.093546032905578613e+00,7.999055832624435425e-02,-3.874824196100234985e-02,-8.377599716186523438e-01,-2.273151278495788574e-01,7.696418762207031250e-01,-8.754629492759704590e-01,6.326156109571456909e-02,9.437758326530456543e-01,-8.377599716186523438e-01
-1.675179004669189453e+00,-3.174950182437896729e-02,3.307107090950012207e-01,-2.158728055655956268e-02,-5.195219814777374268e-02,-5.946617722511291504e-01,-8.020052313804626465e-01,-1.526480764150619507e-01,2.742630839347839355e-01,-1.097871065139770508e+00,7.289227098226547241e-02,-4.118170589208602905e-02,-8.377599716186523438e-01,-2.270145714282989502e-01,7.505388259887695312e-01,-8.490539789199829102e-01,6.241684779524803162e-02,9.335278272628784180e-01,-8.377988338470458984e-01
-1.674814820289611816e+00,-3.140222281217575073e-02,3.307237923145294189e-01,-2.460066229104995728e-02,-5.356786772608757019e-02,-5.970295071601867676e-01,-8.000506758689880371e-01,-1.637528836727142334e-01,2.745145559310913086e-01,-1.096070528030395508e+00,6.091045215725898743e-02,-3.782967850565910339e-02,-8.377599716186523438e-01,-2.324757874011993408e-01,7.491614818572998047e-01,-8.438671231269836426e-01,5.766579508781433105e-02,9.515089988708496094e-01,-8.801103234291076660e-01
-1.674389719963073730e+00,-3.116682358086109161e-02,3.303015828132629395e-01,-2.937351353466510773e-02,-5.436596646904945374e-02,-5.992994904518127441e-01,-7.981364130973815918e-01,-1.758161038160324097e-01,2.769338786602020264e-01,-1.091018199920654297e+00,4.731288924813270569e-02,-3.092296421527862549e-02,-8.377599716186523438e-01,-2.404667735099792480e-01,7.578964829444885254e-01,-8.507854938507080078e-01,5.060666427016258240e-02,9.798769950866699219e-01,-9.388145208358764648e-01
-1.673948884010314941e+00,-3.098913282155990601e-02,3.297122418880462646e-01,-3.470803424715995789e-02,-5.480778217315673828e-02,-6.013205647468566895e-01,-7.963699102401733398e-01,-1.877995282411575317e-01,2.794832885265350342e-01,-1.084179282188415527e+00,3.403731808066368103e-02,-2.302652038633823395e-02,-8.377599716186523438e-01,-2.491039782762527466e-01,7.713903784751892090e-01,-8.641577959060668945e-01,4.099694639444351196e-02,1.009295582771301270e+00,-1.005050301551818848e+00
-1.673485279083251953e+00,-3.085105493664741516e-02,3.290813565254211426e-01,-4.011141881346702576e-02,-5.500055104494094849e-02,-6.030493378639221191e-01,-7.947939634323120117e-01,-1.989270448684692383e-01,2.832903265953063965e-01,-1.077871680259704590e+00,2.161052078008651733e-02,-1.454790774732828140e-02,-8.377599716186523438e-01,-2.577221095561981201e-01,7.863039970397949219e-01,-8.787053823471069336e-01,2.981320209801197052e-02,1.036290526390075684e+00,-1.073174834251403809e+00
-1.673007488250732422e+00,-3.073968365788459778e-02,3.284541964530944824e-01,-4.502698034048080444e-02,-5.493681877851486206e-02,-6.044886708259582520e-01,-7.934405803680419922e-01,-2.078013122081756592e-01,2.873316705226898193e-01,-1.072192549705505371e+00,1.128643192350864410e-02,-6.477100308984518051e-03,-8.377599716186523438e-01,-2.650165259838104248e-01,8.011436462402343750e-01,-8.933482766151428223e-01,1.729218848049640656e-02,1.058606028556823730e+00,-1.139523744583129883e+00
-1.672541499137878418e+00,-3.063828311860561371e-02,3.278614282608032227e-01,-4.950142651796340942e-02,-5.482591688632965088e-02,-6.057850122451782227e-01,-7.921920418739318848e-01,-2.160246968269348145e-01,2.902024686336517334e-01,-1.066302418708801270e+00,2.208595396950840950e-03,8.998792036436498165e-04,-8.377599716186523438e-01,-2.714734971523284912e-01,8.148742318153381348e-01,-9.064599871635437012e-01,3.370494581758975983e-03,1.075228929519653320e+00,-1.201213479042053223e+00
-1.672065138816833496e+00,-3.054907545447349548e-02,3.273396790027618408e-01,-5.341092869639396667e-02,-5.460835993289947510e-02,-6.069255471229553223e-01,-7.910793423652648926e-01,-2.224525958299636841e-01,2.930476069450378418e-01,-1.060869455337524414e+00,-5.051406100392341614e-03,7.542843464761972427e-03,-8.377599716186523438e-01,-2.766747772693634033e-01,8.271689414978027344e-01,-9.174458384513854980e-01,-1.123090460896492004e-02,1.085399270057678223e+00,-1.256506443023681641e+00
-1.671576023101806641e+00,-3.048603236675262451e-02,3.269003629684448242e-01,-5.686651915311813354e-02,-5.444102734327316284e-02,-6.077691316604614258e-01,-7.902019023895263672e-01,-2.274680137634277344e-01,2.963185310363769531e-01,-1.056605577468872070e+00,-1.106096897274255753e-02,1.340936217457056046e-02,-8.377599716186523438e-01,-2.810088992118835449e-01,8.378562927246093750e-01,-9.273041486740112305e-01,-2.726453542709350586e-02,1.088910222053527832e+00,-1.303441762924194336e+00
-1.671094059944152832e+00,-3.044176846742630005e-02,3.265455663204193115e-01,-5.987476557493209839e-02,-5.429856106638908386e-02,-6.083099246025085449e-01,-7.895731329917907715e-01,-2.314054816961288452e-01,2.983092665672302246e-01,-1.051686406135559082e+00,-1.566261798143386841e-02,1.847651787102222443e-02,-8.377599716186523438e-01,-2.846797406673431396e-01,8.468052148818969727e-01,-9.349404573440551758e-01,-4.357114806771278381e-02,1.085523605346679688e+00,-1.340628981590270996e+00
-1.670618057250976562e+00,-3.043692186474800110e-02,3.262982666492462158e-01,-6.239897385239601135e-02,-5.427047237753868103e-02,-6.086558699607849121e-01,-7.891128659248352051e-01,-2.344124466180801392e-01,2.996256649494171143e-01,-1.047000885009765625e+00,-1.911111362278461456e-02,2.261729910969734192e-02,-8.377599716186523438e-01,-2.874579429626464844e-01,8.538736104965209961e-01,-9.410124421119689941e-01,-6.002248078584671021e-02,1.075199365615844727e+00,-1.368018150329589844e+00
-1.670128226280212402e+00,-3.046115860342979431e-02,3.261294960975646973e-01,-6.444624066352844238e-02,-5.424923077225685120e-02,-6.088227629661560059e-01,-7.888209819793701172e-01,-2.365140318870544434e-01,3.006940484046936035e-01,-1.043031454086303711e+00,-2.110824361443519592e-02,2.599859423935413361e-02,-8.377599716186523438e-01,-2.893931269645690918e-01,8.591148257255554199e-01,-9.451098442077636719e-01,-7.658210396766662598e-02,1.059121251106262207e+00,-1.385642170906066895e+00
-1.669639229774475098e+00,-3.050371259450912476e-02,3.260134458541870117e-01,-6.603529304265975952e-02,-5.436152964830398560e-02,-6.088035106658935547e-01,-7.886966466903686523e-01,-2.379221916198730469e-01,3.016412556171417236e-01,-1.040366888046264648e+00,-2.266636863350868225e-02,2.802094444632530212e-02,-8.377599716186523438e-01,-2.907083630561828613e-01,8.628114461898803711e-01,-9.480075836181640625e-01,-9.219940006732940674e-02,1.037469983100891113e+00,-1.392523407936096191e+00
-1.669156670570373535e+00,-3.056691773235797882e-02,3.259592056274414062e-01,-6.740126013755798340e-02,-5.446254834532737732e-02,-6.087064146995544434e-01,-7.886490821838378906e-01,-2.390629351139068604e-01,3.022041022777557373e-01,-1.037707209587097168e+00,-2.365258894860744476e-02,3.009781427681446075e-02,-8.377599716186523438e-01,-2.915226519107818604e-01,8.654727935791015625e-01,-9.496907591819763184e-01,-1.070731803774833679e-01,1.012294888496398926e+00,-1.390581607818603516e+00
-1.668645381927490234e+00,-3.062299825251102448e-02,3.259299695491790771e-01,-6.865756213665008545e-02,-5.457172170281410217e-02,-6.086416244506835938e-01,-7.885831594467163086e-01,-2.400379925966262817e-01,3.027135729789733887e-01,-1.035124301910400391e+00,-2.420050278306007385e-02,3.213340789079666138e-02,-8.377599716186523438e-01,-2.920932769775390625e-01,8.675104975700378418e-01,-9.505017399787902832e-01,-1.205297634005546570e-01,9.843943715095520020e-01,-1.379409432411193848e+00
-1.668080925941467285e+00,-3.070632368326187134e-02,3.259068429470062256e-01,-6.974936276674270630e-02,-5.460625514388084412e-02,-6.085656881332397461e-01,-7.885435819625854492e-01,-2.405547499656677246e-01,3.038010001182556152e-01,-1.033288598060607910e+00,-2.465825155377388000e-02,3.410647809505462646e-02,-8.377599716186523438e-01,-2.921376526355743408e-01,8.693627119064331055e-01,-9.509251117706298828e-01,-1.323196440935134888e-01,9.550617933273315430e-01,-1.359261631965637207e+00
-1.667451500892639160e+00,-3.080092370510101318e-02,3.258754611015319824e-01,-7.035066932439804077e-02,-5.444938316941261292e-02,-6.086530685424804688e-01,-7.884335517883300781e-01,-2.402579039335250854e-01,3.045866191387176514e-01,-1.031893014907836914e+00,-2.427727542817592621e-02,3.585496544837951660e-02,-8.377599716186523438e-01,-2.909471690654754639e-01,8.709002733230590820e-01,-9.515375494956970215e-01,-1.414265632629394531e-01,9.250522255897521973e-01,-1.331177830696105957e+00
-1.666711211204528809e+00,-3.094815462827682495e-02,3.258239626884460449e-01,-7.045456767082214355e-02,-5.404315516352653503e-02,-6.088154315948486328e-01,-7.883268594741821289e-01,-2.387368381023406982e-01,3.051361739635467529e-01,-1.030918240547180176e+00,-2.249162271618843079e-02,3.719672560691833496e-02,-8.377599716186523438e-01,-2.881989479064941406e-01,8.722739219665527344e-01,-9.523369073867797852e-01,-1.462986469268798828e-01,8.962951898574829102e-01,-1.297974944114685059e+00
-1.665915846824645996e+00,-3.110560961067676544e-02,3.257394731044769287e-01,-7.017700374126434326e-02,-5.337503924965858459e-02,-6.092005968093872070e-01,-7.880995869636535645e-01,-2.367682307958602905e-01,3.059131801128387451e-01,-1.030833482742309570e+00,-1.986044645309448242e-02,3.856091573834419250e-02,-8.377599716186523438e-01,-2.841645181179046631e-01,8.738269209861755371e-01,-9.536827206611633301e-01,-1.487411558628082275e-01,8.716583251953125000e-01,-1.261818885803222656e+00
-1.664991140365600586e+00,-3.127297013998031616e-02,3.256225585937500000e-01,-6.999576091766357422e-02,-5.254920944571495056e-02,-6.098925471305847168e-01,-7.876358628273010254e-01,-2.349361777305603027e-01,3.078388869762420654e-01,-1.031421661376953125e+00,-1.779310591518878937e-02,4.109926894307136536e-02,-8.377599716186523438e-01,-2.796531319618225098e-01,8.761869668960571289e-01,-9.555960893630981445e-01,-1.496950536966323853e-01,8.615563511848449707e-01,-1.231777906417846680e+00
-1.663979887962341309e+00,-3.143684938549995422e-02,3.254540562629699707e-01,-6.998033076524734497e-02,-5.162747949361801147e-02,-6.109587550163269043e-01,-7.868714928627014160e-01,-2.336338311433792114e-01,3.093038797378540039e-01,-1.031149625778198242e+00,-1.649577915668487549e-02,4.432161524891853333e-02,-8.377599716186523438e-01,-2.750560343265533447e-01,8.794180154800415039e-01,-9.585838913917541504e-01,-1.493923813104629517e-01,8.679977059364318848e-01,-1.220637798309326172e+00
-1.662960171699523926e+00,-3.160395845770835876e-02,3.253119587898254395e-01,-6.930809468030929565e-02,-5.027913674712181091e-02,-6.119470000267028809e-01,-7.862501144409179688e-01,-2.307308763265609741e-01,3.110185265541076660e-01,-1.031723618507385254e+00,-1.309110783040523529e-02,4.742059856653213501e-02,-8.377599716186523438e-01,-2.690292000770568848e-01,8.826413750648498535e-01,-9.615789651870727539e-01,-1.472021341323852539e-01,8.799073696136474609e-01,-1.225651502609252930e+00
-1.662012338638305664e+00,-3.177811950445175171e-02,3.251916766166687012e-01,-6.785155087709426880e-02,-4.861482605338096619e-02,-6.127107739448547363e-01,-7.858869433403015137e-01,-2.260854989290237427e-01,3.130601644515991211e-01,-1.033895492553710938e+00,-7.820527069270610809e-03,4.951206222176551819e-02,-8.377599716186523438e-01,-2.612240612506866455e-01,8.850640654563903809e-01,-9.646096229553222656e-01,-1.444787085056304932e-01,8.846586942672729492e-01,-1.225208759307861328e+00
-1.661038875579833984e+00,-3.196343779563903809e-02,3.251398205757141113e-01,-6.617479026317596436e-02,-4.692621156573295593e-02,-6.135736107826232910e-01,-7.854592800140380859e-01,-2.209033668041229248e-01,3.151898086071014404e-01,-1.036386728286743164e+00,-2.137857489287853241e-03,5.170596018433570862e-02,-8.377599716186523438e-01,-2.528612315654754639e-01,8.869331479072570801e-01,-9.674007296562194824e-01,-1.398619264364242554e-01,8.808107972145080566e-01,-1.214887022972106934e+00
-1.659998059272766113e+00,-3.217814117670059204e-02,3.251652717590332031e-01,-6.463098526000976562e-02,-4.559055343270301819e-02,-6.145822405815124512e-01,-7.848777174949645996e-01,-2.165339142084121704e-01,3.160655498504638672e-01,-1.037746191024780273e+00,2.636758610606193542e-03,5.370169878005981445e-02,-8.377599716186523438e-01,-2.450234293937683105e-01,8.873599767684936523e-01,-9.682509303092956543e-01,-1.343766897916793823e-01,8.756894469261169434e-01,-1.202841997146606445e+00
-1.658904314041137695e+00,-3.240795806050300598e-02,3.252552449703216553e-01,-6.365817040205001831e-02,-4.495985805988311768e-02,-6.154835820198059082e-01,-7.842870950698852539e-01,-2.135507017374038696e-01,3.161002695560455322e-01,-1.038010597229003906e+00,5.987055599689483643e-03,5.494477599859237671e-02,-8.377599716186523438e-01,-2.389783114194869995e-01,8.860685229301452637e-01,-9.667714238166809082e-01,-1.298125982284545898e-01,8.736678957939147949e-01,-1.198458671569824219e+00
-1.657841324806213379e+00,-3.264995664358139038e-02,3.253942430019378662e-01,-6.320652365684509277e-02,-4.479264095425605774e-02,-6.164320111274719238e-01,-7.835879921913146973e-01,-2.120260298252105713e-01,3.159458339214324951e-01,-1.037694096565246582e+00,7.626785896718502045e-03,5.598954856395721436e-02,-8.377599716186523438e-01,-2.344015985727310181e-01,8.843393325805664062e-01,-9.651176929473876953e-01,-1.259038150310516357e-01,8.735257387161254883e-01,-1.197660207748413086e+00
-1.656767368316650391e+00,-3.288481384515762329e-02,3.256079256534576416e-01,-6.322653591632843018e-02,-4.485518485307693481e-02,-6.170746684074401855e-01,-7.830768227577209473e-01,-2.109017968177795410e-01,3.145557343959808350e-01,-1.034575343132019043e+00,8.865229785442352295e-03,5.716355144977569580e-02,-8.377599716186523438e-01,-2.310392558574676514e-01,8.824318051338195801e-01,-9.624037146568298340e-01,-1.226387023925781250e-01,8.734802007675170898e-01,-1.196641206741333008e+00
-1.655752778053283691e+00,-3.311051800847053528e-02,3.259057700634002686e-01,-6.311147660017013550e-02,-4.494683444499969482e-02,-6.176089048385620117e-01,-7.826595306396484375e-01,-2.096072882413864136e-01,3.133622109889984131e-01,-1.031677365303039551e+00,1.043416466563940048e-02,5.811039358377456665e-02,-8.377599716186523438e-01,-2.278161048889160156e-01,8.799793720245361328e-01,-9.591433405876159668e-01,-1.194210126996040344e-01,8.726934790611267090e-01,-1.194346904754638672e+00
-1.654798269271850586e+00,-3.331181406974792480e-02,3.262742161750793457e-01,-6.274943798780441284e-02,-4.515227675437927246e-02,-6.179255843162536621e-01,-7.824268341064453125e-01,-2.079383432865142822e-01,3.113077878952026367e-01,-1.028375387191772461e+00,1.248311344534158707e-02,5.838233605027198792e-02,-8.377599716186523438e-01,-2.247279584407806396e-01,8.763578534126281738e-01,-9.543527960777282715e-01,-1.161444857716560364e-01,8.707634806632995605e-01,-1.190633654594421387e+00
-1.653888106346130371e+00,-3.346031159162521362e-02,3.266839087009429932e-01,-6.231869012117385864e-02,-4.550756514072418213e-02,-6.180788278579711914e-01,-7.823196053504943848e-01,-2.059981375932693481e-01,3.095960319042205811e-01,-1.025478363037109375e+00,1.462069619446992874e-02,5.805626139044761658e-02,-8.377599716186523438e-01,-2.218021005392074585e-01,8.718290328979492188e-01,-9.482744336128234863e-01,-1.125650256872177124e-01,8.678391575813293457e-01,-1.186129212379455566e+00
-1.653006196022033691e+00,-3.355969861149787903e-02,3.271252214908599854e-01,-6.195805966854095459e-02,-4.597370699048042297e-02,-6.181899309158325195e-01,-7.822331786155700684e-01,-2.042640000581741333e-01,3.077056407928466797e-01,-1.022085428237915039e+00,1.645064540207386017e-02,5.785189941525459290e-02,-8.377599716186523438e-01,-2.191060930490493774e-01,8.671025633811950684e-01,-9.418570995330810547e-01,-1.088902056217193604e-01,8.650491833686828613e-01,-1.182125091552734375e+00
-1.652165532112121582e+00,-3.360714390873908997e-02,3.275720179080963135e-01,-6.148666888475418091e-02,-4.655077680945396423e-02,-6.185047626495361328e-01,-7.819874286651611328e-01,-2.030070424079895020e-01,3.054468929767608643e-01,-1.018881082534790039e+00,1.785334385931491852e-02,5.726097896695137024e-02,-8.377599716186523438e-01,-2.164786607027053833e-01,8.617661595344543457e-01,-9.349101185798645020e-01,-1.052811890840530396e-01,8.620217442512512207e-01,-1.177825450897216797e+00
-1.651342034339904785e+00,-3.360843658447265625e-02,3.280281126499176025e-01,-6.098521128296852112e-02,-4.716531932353973389e-02,-6.187487840652465820e-01,-7.817967534065246582e-01,-2.015853226184844971e-01,3.033437132835388184e-01,-1.015452384948730469e+00,1.934677548706531525e-02,5.652306228876113892e-02,-8.377599716186523438e-01,-2.137061953544616699e-01,8.560050725936889648e-01,-9.271523356437683105e-01,-1.017276495695114136e-01,8.588699698448181152e-01,-1.173496603965759277e+00
-1.650529742240905762e+00,-3.358460962772369385e-02,3.284683525562286377e-01,-6.046045199036598206e-02,-4.773294553160667419e-02,-6.190647482872009277e-01,-7.815529108047485352e-01,-2.006212174892425537e-01,2.998692691326141357e-01,-1.010551095008850098e+00,2.077156119048595428e-02,5.599392950534820557e-02,-8.377599716186523438e-01,-2.107058614492416382e-01,8.503283262252807617e-01,-9.191695451736450195e-01,-9.820467233657836914e-02,8.558717370033264160e-01,-1.169288039207458496e+00
-1.649699687957763672e+00,-3.352928906679153442e-02,3.288695216178894043e-01,-6.011030450463294983e-02,-4.835002869367599487e-02,-6.195006966590881348e-01,-7.811964154243469238e-01,-1.999509483575820923e-01,2.969061732292175293e-01,-1.005709886550903320e+00,2.149957604706287384e-02,5.550926923751831055e-02,-8.377599716186523438e-01,-2.080150246620178223e-01,8.451641798019409180e-01,-9.121634960174560547e-01,-9.527868777513504028e-02,8.533843755722045898e-01,-1.165356636047363281e+00
-1.648886680603027344e+00,-3.345435485243797302e-02,3.292229771614074707e-01,-5.998371541500091553e-02,-4.895637184381484985e-02,-6.199682950973510742e-01,-7.807973623275756836e-01,-1.996449977159500122e-01,2.945325076580047607e-01,-1.001088500022888184e+00,2.165558934211730957e-02,5.547896772623062134e-02,-8.377599716186523438e-01,-2.057445049285888672e-01,8.405752182006835938e-01,-9.051108956336975098e-01,-9.301225095987319946e-02,8.514880537986755371e-01,-1.161474227905273438e+00
-1.648083448410034180e+00,-3.337819129228591919e-02,3.295156955718994141e-01,-6.001247838139533997e-02,-4.937694221735000610e-02,-6.203558444976806641e-01,-7.804608345031738281e-01,-1.992799639701843262e-01,2.921036779880523682e-01,-9.958124160766601562e-01,2.190851606428623199e-02,5.600854381918907166e-02,-8.377599716186523438e-01,-2.033660411834716797e-01,8.371464610099792480e-01,-8.992803692817687988e-01,-9.118133038282394409e-02,8.504998683929443359e-01,-1.158599138259887695e+00
-1.647286295890808105e+00,-3.329240530729293823e-02,3.297558426856994629e-01,-6.011907756328582764e-02,-4.967494681477546692e-02,-6.207717657089233398e-01,-7.801029086112976074e-01,-1.990303993225097656e-01,2.907134890556335449e-01,-9.916124343872070312e-01,2.205356769263744354e-02,5.681123957037925720e-02,-8.377599716186523438e-01,-2.010874748229980469e-01,8.347101211547851562e-01,-8.949070572853088379e-01,-8.953600376844406128e-02,8.502309322357177734e-01,-1.156222343444824219e+00
-1.646509885787963867e+00,-3.321134299039840698e-02,3.299297094345092773e-01,-6.028326600790023804e-02,-4.984363168478012085e-02,-6.211892962455749512e-01,-7.797470092773437500e-01,-1.986971795558929443e-01,2.894527316093444824e-01,-9.876375198364257812e-01,2.244732342660427094e-02,5.765764042735099792e-02,-8.377599716186523438e-01,-1.987738907337188721e-01,8.331027626991271973e-01,-8.912251591682434082e-01,-8.809909969568252563e-02,8.506683111190795898e-01,-1.154723048210144043e+00
-1.645748019218444824e+00,-3.312335908412933350e-02,3.300804197788238525e-01,-6.043498590588569641e-02,-4.981436207890510559e-02,-6.215966343879699707e-01,-7.794124484062194824e-01,-1.980227679014205933e-01,2.886306345462799072e-01,-9.839091300964355469e-01,2.280192077159881592e-02,5.926194414496421814e-02,-8.377599716186523438e-01,-1.963480263948440552e-01,8.323505520820617676e-01,-8.884531855583190918e-01,-8.650662004947662354e-02,8.515972495079040527e-01,-1.153568506240844727e+00
-1.645009875297546387e+00,-3.304563462734222412e-02,3.301819264888763428e-01,-6.049715355038642883e-02,-4.967100173234939575e-02,-6.220000982284545898e-01,-7.790948748588562012e-01,-1.972672194242477417e-01,2.877871692180633545e-01,-9.807152748107910156e-01,2.325861342251300812e-02,6.080931425094604492e-02,-8.377599716186523438e-01,-1.938644051551818848e-01,8.320021033287048340e-01,-8.863539099693298340e-01,-8.474777638912200928e-02,8.526324629783630371e-01,-1.152718305587768555e+00
-1.644298315048217773e+00,-3.295608609914779663e-02,3.302462399005889893e-01,-6.062984094023704529e-02,-4.937092214822769165e-02,-6.223856210708618164e-01,-7.787956595420837402e-01,-1.963328421115875244e-01,2.876258194446563721e-01,-9.778375625610351562e-01,2.385813929140567780e-02,6.275765597820281982e-02,-8.377599716186523438e-01,-1.913567781448364258e-01,8.324491381645202637e-01,-8.849110603332519531e-01,-8.300410956144332886e-02,8.543621301651000977e-01,-1.152481555938720703e+00
-1.643619537353515625e+00,-3.287730738520622253e-02,3.302874565124511719e-01,-6.076350808143615723e-02,-4.898217320442199707e-02,-6.226758360862731934e-01,-7.785777449607849121e-01,-1.950548589229583740e-01,2.875756621360778809e-01,-9.747588038444519043e-01,2.489900588989257812e-02,6.480499356985092163e-02,-8.377599716186523438e-01,-1.889913976192474365e-01,8.333529829978942871e-01,-8.838566541671752930e-01,-8.103951811790466309e-02,8.564022183418273926e-01,-1.152857065200805664e+00
-1.642969369888305664e+00,-3.280429914593696594e-02,3.303061425685882568e-01,-6.093664467334747314e-02,-4.847877472639083862e-02,-6.228470802307128906e-01,-7.784587740898132324e-01,-1.935453563928604126e-01,2.873353958129882812e-01,-9.708982706069946289e-01,2.591994591057300568e-02,6.719095259904861450e-02,-8.377599716186523438e-01,-1.866937279701232910e-01,8.349328637123107910e-01,-8.840947151184082031e-01,-7.882563769817352295e-02,8.588793277740478516e-01,-1.154050827026367188e+00
-1.642353177070617676e+00,-3.274067863821983337e-02,3.302929997444152832e-01,-6.114232912659645081e-02,-4.793271794915199280e-02,-6.229559779167175293e-01,-7.783893346786499023e-01,-1.921154707670211792e-01,2.873734831809997559e-01,-9.671976566314697266e-01,2.720280364155769348e-02,6.950820237398147583e-02,-8.377599716186523438e-01,-1.846591681241989136e-01,8.366875648498535156e-01,-8.841761350631713867e-01,-7.648026943206787109e-02,8.617246747016906738e-01,-1.155757665634155273e+00
-1.641757488250732422e+00,-3.268330171704292297e-02,3.302325904369354248e-01,-6.132684648036956787e-02,-4.736652970314025879e-02,-6.230570077896118164e-01,-7.783285975456237793e-01,-1.905728429555892944e-01,2.871963083744049072e-01,-9.634667038917541504e-01,2.840876765549182892e-02,7.164894044399261475e-02,-8.377599716186523438e-01,-1.825879663228988647e-01,8.387494087219238281e-01,-8.848326802253723145e-01,-7.378924638032913208e-02,8.647072315216064453e-01,-1.157864093780517578e+00
-1.641203165054321289e+00,-3.262661024928092957e-02,3.301807045936584473e-01,-6.153962016105651855e-02,-4.681307449936866760e-02,-6.230873465538024902e-01,-7.783210277557373047e-01,-1.890019327402114868e-01,2.878670394420623779e-01,-9.606360197067260742e-01,3.005634993314743042e-02,7.355948537588119507e-02,-8.377599716186523438e-01,-1.807283908128738403e-01,8.408049941062927246e-01,-8.855455517768859863e-01,-7.121782004833221436e-02,8.677020668983459473e-01,-1.160120606422424316e+00
-1.640662550926208496e+00,-3.257219865918159485e-02,3.301232457160949707e-01,-6.169768422842025757e-02,-4.623185098171234131e-02,-6.230865120887756348e-01,-7.783439159393310547e-01,-1.874467432498931885e-01,2.880679965019226074e-01,-9.576147198677062988e-01,3.128485009074211121e-02,7.579450309276580811e-02,-8.377599716186523438e-01,-1.788350194692611694e-01,8.429121375083923340e-01,-8.864576816558837891e-01,-6.852576136589050293e-02,8.707642555236816406e-01,-1.162683606147766113e+00
-1.640153646469116211e+00,-3.252627700567245483e-02,3.300634324550628662e-01,-6.173958629369735718e-02,-4.561690241098403931e-02,-6.231870651245117188e-01,-7.782963514328002930e-01,-1.858648061752319336e-01,2.881957888603210449e-01,-9.551539421081542969e-01,3.296285495162010193e-02,7.760848104953765869e-02,-8.377599716186523438e-01,-1.766765117645263672e-01,8.448358178138732910e-01,-8.870499134063720703e-01,-6.554583460092544556e-02,8.736069798469543457e-01,-1.164819836616516113e+00
-1.639665126800537109e+00,-3.247801959514617920e-02,3.300110101699829102e-01,-6.165909767150878906e-02,-4.497041180729866028e-02,-6.232314705848693848e-01,-7.783048152923583984e-01,-1.840817183256149292e-01,2.887573540210723877e-01,-9.535093307495117188e-01,3.479052707552909851e-02,7.942019402980804443e-02,-8.377599716186523438e-01,-1.743013262748718262e-01,8.466250896453857422e-01,-8.878314495086669922e-01,-6.257271021604537964e-02,8.760961294174194336e-01,-1.166773557662963867e+00
-1.639195561408996582e+00,-3.240555897355079651e-02,3.299646675586700439e-01,-6.150729581713676453e-02,-4.432227462530136108e-02,-6.233168840408325195e-01,-7.782856225967407227e-01,-1.823244988918304443e-01,2.892161011695861816e-01,-9.519433379173278809e-01,3.663191571831703186e-02,8.118866384029388428e-02,-8.377599716186523438e-01,-1.719121187925338745e-01,8.482087254524230957e-01,-8.882536292076110840e-01,-5.959718301892280579e-02,8.783785104751586914e-01,-1.168319225311279297e+00
-1.638737082481384277e+00,-3.232658281922340393e-02,3.299201428890228271e-01,-6.122022122144699097e-02,-4.371342062950134277e-02,-6.234182119369506836e-01,-7.782615423202514648e-01,-1.804175376892089844e-01,2.897374033927917480e-01,-9.508743286132812500e-01,3.853663057088851929e-02,8.249744027853012085e-02,-8.377599716186523438e-01,-1.693535149097442627e-01,8.493660092353820801e-01,-8.882077336311340332e-01,-5.662966519594192505e-02,8.802154064178466797e-01,-1.169448137283325195e+00
-1.638290405273437500e+00,-3.222790732979774475e-02,3.298802375793457031e-01,-6.091750785708427429e-02,-4.317053407430648804e-02,-6.235567927360534668e-01,-7.782045006752014160e-01,-1.787324249744415283e-01,2.896595597267150879e-01,-9.494358301162719727e-01,4.031167924404144287e-02,8.389031141996383667e-02,-8.377599716186523438e-01,-1.669241786003112793e-01,8.502308726310729980e-01,-8.880358934402465820e-01,-5.389799922704696655e-02,8.818103075027465820e-01,-1.170205950736999512e+00
-1.637849688529968262e+00,-3.211739659309387207e-02,3.298394381999969482e-01,-6.056203320622444153e-02,-4.279860481619834900e-02,-6.237190365791320801e-01,-7.781227827072143555e-01,-1.771093457937240601e-01,2.904420197010040283e-01,-9.493710398674011230e-01,4.178905859589576721e-02,8.473055064678192139e-02,-8.377599716186523438e-01,-1.645912677049636841e-01,8.504649996757507324e-01,-8.874725103378295898e-01,-5.146921053528785706e-02,8.826561570167541504e-01,-1.170103907585144043e+00
-1.637420654296875000e+00,-3.201197460293769836e-02,3.298109769821166992e-01,-6.008626520633697510e-02,-4.244994372129440308e-02,-6.238253712654113770e-01,-7.780935764312744141e-01,-1.752480864524841309e-01,2.908756136894226074e-01,-9.493227601051330566e-01,4.350097849965095520e-02,8.533737808465957642e-02,-8.377599716186523438e-01,-1.621338427066802979e-01,8.502391576766967773e-01,-8.863300681114196777e-01,-4.913234710693359375e-02,8.829293847084045410e-01,-1.169369578361511230e+00
-1.637007832527160645e+00,-3.191084787249565125e-02,3.297974467277526855e-01,-5.966380611062049866e-02,-4.223784059286117554e-02,-6.239498853683471680e-01,-7.780377268791198730e-01,-1.737727969884872437e-01,2.912818491458892822e-01,-9.495637416839599609e-01,4.487500339746475220e-02,8.560746908187866211e-02,-8.377599716186523438e-01,-1.599665284156799316e-01,8.496579527854919434e-01,-8.850195407867431641e-01,-4.717874899506568909e-02,8.827710151672363281e-01,-1.168244481086730957e+00
-1.636611104011535645e+00,-3.183668851852416992e-02,3.298190832138061523e-01,-5.929834023118019104e-02,-4.201316088438034058e-02,-6.240931153297424316e-01,-7.779629826545715332e-01,-1.723677664995193481e-01,2.913220524787902832e-01,-9.492781758308410645e-01,4.606897756457328796e-02,8.627067506313323975e-02,-8.377599716186523438e-01,-1.578895300626754761e-01,8.490127921104431152e-01,-8.836612701416015625e-01,-4.539048299193382263e-02,8.826274871826171875e-01,-1.167108058929443359e+00
-1.636214852333068848e+00,-3.176521882414817810e-02,3.298404812812805176e-01,-5.893665179610252380e-02,-4.188565909862518311e-02,-6.243220567703247070e-01,-7.778136134147644043e-01,-1.712227314710617065e-01,2.913007140159606934e-01,-9.495174884796142578e-01,4.719805717468261719e-02,8.643765002489089966e-02,-8.377599716186523438e-01,-1.558618098497390747e-01,8.480760455131530762e-01,-8.819296360015869141e-01,-4.365804418921470642e-02,8.823747038841247559e-01,-1.166039586067199707e+00
-1.635853767395019531e+00,-3.171050548553466797e-02,3.298907577991485596e-01,-5.882191285490989685e-02,-4.190071672201156616e-02,-6.245606541633605957e-01,-7.776299118995666504e-01,-1.705872863531112671e-01,2.917771935462951660e-01,-9.498702883720397949e-01,4.766605421900749207e-02,8.686663210391998291e-02,-8.377599716186523438e-01,-1.544921249151229858e-01,8.471025228500366211e-01,-8.802099227905273438e-01,-4.244805872440338135e-02,8.822336792945861816e-01,-1.165110230445861816e+00
-1.635503888130187988e+00,-3.166426345705986023e-02,3.299486041069030762e-01,-5.880502238869667053e-02,-4.197543859481811523e-02,-6.247649788856506348e-01,-7.774630188941955566e-01,-1.701857894659042358e-01,2.917214632034301758e-01,-9.496338963508605957e-01,4.792507737874984741e-02,8.728977292776107788e-02,-8.377599716186523438e-01,-1.534216701984405518e-01,8.462157845497131348e-01,-8.785406351089477539e-01,-4.146087542176246643e-02,8.822329640388488770e-01,-1.164602637290954590e+00
-1.635169625282287598e+00,-3.163199126720428467e-02,3.300228118896484375e-01,-5.886377394199371338e-02,-4.210701957345008850e-02,-6.249328851699829102e-01,-7.773165106773376465e-01,-1.699300706386566162e-01,2.914228737354278564e-01,-9.489017724990844727e-01,4.813706129789352417e-02,8.768576383590698242e-02,-8.377599716186523438e-01,-1.525535136461257935e-01,8.452618718147277832e-01,-8.770332932472229004e-01,-4.056827723979949951e-02,8.821660280227661133e-01,-1.164011716842651367e+00
-1.634848117828369141e+00,-3.160844370722770691e-02,3.301065862178802490e-01,-5.901819095015525818e-02,-4.226046428084373474e-02,-6.250233054161071777e-01,-7.772237658500671387e-01,-1.697850227355957031e-01,2.916567623615264893e-01,-9.483510255813598633e-01,4.810272157192230225e-02,8.816485852003097534e-02,-8.377599716186523438e-01,-1.518500000238418579e-01,8.443773388862609863e-01,-8.752831220626831055e-01,-3.983208909630775452e-02,8.822960853576660156e-01,-1.163737535476684570e+00
-1.634544014930725098e+00,-3.157456964254379272e-02,3.301775157451629639e-01,-5.917789041996002197e-02,-4.244607314467430115e-02,-6.251255869865417480e-01,-7.771192193031311035e-01,-1.698407083749771118e-01,2.915787100791931152e-01,-9.476069808006286621e-01,4.778673127293586731e-02,8.861254155635833740e-02,-8.377599716186523438e-01,-1.512594968080520630e-01,8.435076475143432617e-01,-8.736678361892700195e-01,-3.919958695769309998e-02,8.824290633201599121e-01,-1.163585305213928223e+00
-1.634254693984985352e+00,-3.153712674975395203e-02,3.302673101425170898e-01,-5.918755754828453064e-02,-4.245907813310623169e-02,-6.251731514930725098e-01,-7.770795226097106934e-01,-1.693684309720993042e-01,2.910169064998626709e-01,-9.460999369621276855e-01,4.837246984243392944e-02,8.914041519165039062e-02,-8.377599716186523438e-01,-1.502847820520401001e-01,8.426973819732666016e-01,-8.716632127761840820e-01,-3.816174343228340149e-02,8.824137449264526367e-01,-1.163099169731140137e+00
-1.633989453315734863e+00,-3.150669857859611511e-02,3.303460180759429932e-01,-5.924655124545097351e-02,-4.250000044703483582e-02,-6.251807212829589844e-01,-7.770667076110839844e-01,-1.690127402544021606e-01,2.911549806594848633e-01,-9.453590512275695801e-01,4.882637038826942444e-02,8.967789262533187866e-02,-8.377599716186523438e-01,-1.494258344173431396e-01,8.419784903526306152e-01,-8.699275255203247070e-01,-3.741776570677757263e-02,8.824849724769592285e-01,-1.162654519081115723e+00
-1.633749842643737793e+00,-3.146907687187194824e-02,3.304261863231658936e-01,-5.924877524375915527e-02,-4.242438077926635742e-02,-6.252287030220031738e-01,-7.770320773124694824e-01,-1.685428917407989502e-01,2.909883558750152588e-01,-9.442052841186523438e-01,4.940738901495933533e-02,9.041144698858261108e-02,-8.377599716186523438e-01,-1.485474556684494019e-01,8.415533900260925293e-01,-8.684096932411193848e-01,-3.653520718216896057e-02,8.827189803123474121e-01,-1.162279129028320312e+00
-1.633527636528015137e+00,-3.143091872334480286e-02,3.304902017116546631e-01,-5.922221764922142029e-02,-4.227738827466964722e-02,-6.251935362815856934e-01,-7.770704030990600586e-01,-1.679153591394424438e-01,2.915634512901306152e-01,-9.439211487770080566e-01,5.009566992521286011e-02,9.119948744773864746e-02,-8.377599716186523438e-01,-1.476904749870300293e-01,8.414903879165649414e-01,-8.674939870834350586e-01,-3.557351231575012207e-02,8.830985426902770996e-01,-1.162016153335571289e+00
-1.633325576782226562e+00,-3.138625249266624451e-02,3.305528461933135986e-01,-5.925108492374420166e-02,-4.212020337581634521e-02,-6.251571774482727051e-01,-7.771059870719909668e-01,-1.673555672168731689e-01,2.920450270175933838e-01,-9.433730244636535645e-01,5.085272341966629028e-02,9.206768870353698730e-02,-8.377599716186523438e-01,-1.470084339380264282e-01,8.416051864624023438e-01,-8.666112422943115234e-01,-3.468680381774902344e-02,8.835511803627014160e-01,-1.161869168281555176e+00
-1.633152365684509277e+00,-3.133964538574218750e-02,3.306055963039398193e-01,-5.925120785832405090e-02,-4.190240427851676941e-02,-6.250813603401184082e-01,-7.771787047386169434e-01,-1.666128486394882202e-01,2.926511764526367188e-01,-9.428156018257141113e-01,5.164001137018203735e-02,9.304698556661605835e-02,-8.377599716186523438e-01,-1.463268846273422241e-01,8.420136570930480957e-01,-8.663254976272583008e-01,-3.378266841173171997e-02,8.841459155082702637e-01,-1.161866068840026855e+00
-1.632990479469299316e+00,-3.128556162118911743e-02,3.306315243244171143e-01,-5.915766954421997070e-02,-4.163357987999916077e-02,-6.250022649765014648e-01,-7.772638797760009766e-01,-1.657257080078125000e-01,2.933102548122406006e-01,-9.426798224449157715e-01,5.269915610551834106e-02,9.371809661388397217e-02,-8.377599716186523438e-01,-1.455435603857040405e-01,8.425619602203369141e-01,-8.662150502204895020e-01,-3.259417414665222168e-02,8.847596645355224609e-01,-1.161948323249816895e+00
-1.632855772972106934e+00,-3.124138526618480682e-02,3.306472003459930420e-01,-5.916173756122589111e-02,-4.137871414422988892e-02,-6.249430179595947266e-01,-7.773248553276062012e-01,-1.650078743696212769e-01,2.936983108520507812e-01,-9.419546723365783691e-01,5.338530987501144409e-02,9.462043642997741699e-02,-8.377599716186523438e-01,-1.449091583490371704e-01,8.433673381805419922e-01,-8.666618466377258301e-01,-3.165922313928604126e-02,8.856874108314514160e-01,-1.162478208541870117e+00
-1.632731199264526367e+00,-3.118531405925750732e-02,3.306311964988708496e-01,-5.905319750308990479e-02,-4.107558727264404297e-02,-6.248672008514404297e-01,-7.774100899696350098e-01,-1.639546751976013184e-01,2.945249378681182861e-01,-9.420325160026550293e-01,5.433860421180725098e-02,9.532125294208526611e-02,-8.377599716186523438e-01,-1.440397650003433228e-01,8.442247509956359863e-01,-8.669778704643249512e-01,-3.055202029645442963e-02,8.865030407905578613e-01,-1.162960648536682129e+00
-1.632624149322509766e+00,-3.113519400358200073e-02,3.305954635143280029e-01,-5.896067246794700623e-02,-4.079118743538856506e-02,-6.248632669448852539e-01,-7.774352431297302246e-01,-1.630588620901107788e-01,2.946992516517639160e-01,-9.415525197982788086e-01,5.503061413764953613e-02,9.596747905015945435e-02,-8.377599716186523438e-01,-1.431923359632492065e-01,8.449847698211669922e-01,-8.672302961349487305e-01,-2.948652207851409912e-02,8.874244689941406250e-01,-1.163589239120483398e+00
-1.632527709007263184e+00,-3.108666650950908661e-02,3.305446207523345947e-01,-5.878954380750656128e-02,-4.054445400834083557e-02,-6.249147057533264160e-01,-7.774198055267333984e-01,-1.622192710638046265e-01,2.953036427497863770e-01,-9.419991374015808105e-01,5.560503900051116943e-02,9.636667370796203613e-02,-8.377599716186523438e-01,-1.422198414802551270e-01,8.456212878227233887e-01,-8.677468299865722656e-01,-2.845132537186145782e-02,8.881475925445556641e-01,-1.164020538330078125e+00
-1.632446050643920898e+00,-3.104249574244022369e-02,3.304834365844726562e-01,-5.857080593705177307e-02,-4.025347903370857239e-02,-6.249843835830688477e-01,-7.773954272270202637e-01,-1.612728089094161987e-01,2.959839701652526855e-01,-9.426687359809875488e-01,5.638837814331054688e-02,9.668610244989395142e-02,-8.377599716186523438e-01,-1.411685943603515625e-01,8.462964892387390137e-01,-8.682315349578857422e-01,-2.735538408160209656e-02,8.888291120529174805e-01,-1.164484500885009766e+00
-1.632370114326477051e+00,-3.100860491394996643e-02,3.304086029529571533e-01,-5.832270905375480652e-02,-3.999107331037521362e-02,-6.251117587089538574e-01,-7.773252129554748535e-01,-1.603030711412429810e-01,2.963160574436187744e-01,-9.431873559951782227e-01,5.709719285368919373e-02,9.680653363466262817e-02,-8.377599716186523438e-01,-1.400676667690277100e-01,8.468854427337646484e-01,-8.686991333961486816e-01,-2.625304274260997772e-02,8.893830776214599609e-01,-1.164859652519226074e+00
-1.632295608520507812e+00,-3.098698146641254425e-02,3.303390741348266602e-01,-5.808057636022567749e-02,-3.970136120915412903e-02,-6.252455115318298340e-01,-7.772505879402160645e-01,-1.593325287103652954e-01,2.965677082538604736e-01,-9.435914754867553711e-01,5.777367949485778809e-02,9.712736308574676514e-02,-8.377599716186523438e-01,-1.389589309692382812e-01,8.475597500801086426e-01,-8.694067001342773438e-01,-2.517420239746570587e-02,8.899998068809509277e-01,-1.165309309959411621e+00
-1.632233500480651855e+00,-3.097546845674514771e-02,3.302664160728454590e-01,-5.781571939587593079e-02,-3.942431509494781494e-02,-6.254398822784423828e-01,-7.771280407905578613e-01,-1.584738940000534058e-01,2.971942126750946045e-01,-9.446051716804504395e-01,5.842439830303192139e-02,9.725075215101242065e-02,-8.377599716186523438e-01,-1.378441751003265381e-01,8.482826948165893555e-01,-8.704506158828735352e-01,-2.413836494088172913e-02,8.905786871910095215e-01,-1.165705800056457520e+00
-1.632173657417297363e+00,-3.098908253014087677e-02,3.301900625228881836e-01,-5.758681893348693848e-02,-3.914713859558105469e-02,-6.256188154220581055e-01,-7.770150303840637207e-01,-1.576261669397354126e-01,2.971076071262359619e-01,-9.448114633560180664e-01,5.895745754241943359e-02,9.741967916488647461e-02,-8.377599716186523438e-01,-1.368438452482223511e-01,8.490565419197082520e-01,-8.714987039566040039e-01,-2.306058444082736969e-02,8.911869525909423828e-01,-1.166147589683532715e+00
-1.632117033004760742e+00,-3.102420829236507416e-02,3.301189541816711426e-01,-5.733647942543029785e-02,-3.889719024300575256e-02,-6.258451938629150391e-01,-7.768637537956237793e-01,-1.568675637245178223e-01,2.970226109027862549e-01,-9.451556205749511719e-01,5.937216803431510925e-02,9.741819649934768677e-02,-8.377599716186523438e-01,-1.358749121427536011e-01,8.497395515441894531e-01,-8.727532029151916504e-01,-2.205586619675159454e-02,8.916345238685607910e-01,-1.166606783866882324e+00
-1.632068753242492676e+00,-3.107173182070255280e-02,3.300434947013854980e-01,-5.715534090995788574e-02,-3.871653228998184204e-02,-6.260565519332885742e-01,-7.767158746719360352e-01,-1.562470942735671997e-01,2.967823147773742676e-01,-9.453853368759155273e-01,5.962921679019927979e-02,9.730725735425949097e-02,-8.377599716186523438e-01,-1.351579427719116211e-01,8.504107594490051270e-01,-8.741551637649536133e-01,-2.126989886164665222e-02,8.920637965202331543e-01,-1.167229652404785156e+00
-1.632018208503723145e+00,-3.113175369799137115e-02,3.299691677093505859e-01,-5.699851363897323608e-02,-3.853296488523483276e-02,-6.261599063873291016e-01,-7.766531705856323242e-01,-1.555951386690139771e-01,2.962193191051483154e-01,-9.450489878654479980e-01,6.014125421643257141e-02,9.708419442176818848e-02,-8.377599716186523438e-01,-1.345137357711791992e-01,8.510701656341552734e-01,-8.754363059997558594e-01,-2.051015570759773254e-02,8.924643397331237793e-01,-1.167826533317565918e+00
-1.631992578506469727e+00,-3.120435029268264771e-02,3.299022316932678223e-01,-5.674966797232627869e-02,-3.829851001501083374e-02,-6.262550354003906250e-01,-7.766063213348388672e-01,-1.546821147203445435e-01,2.960309386253356934e-01,-9.453281760215759277e-01,6.075902283191680908e-02,9.691033512353897095e-02,-8.377599716186523438e-01,-1.337460279464721680e-01,8.516369462013244629e-01,-8.767073154449462891e-01,-1.960444264113903046e-02,8.927057981491088867e-01,-1.168629646301269531e+00
-1.631975412368774414e+00,-3.130376711487770081e-02,3.298414945602416992e-01,-5.647705495357513428e-02,-3.804489225149154663e-02,-6.263766288757324219e-01,-7.765405774116516113e-01,-1.539202779531478882e-01,2.951858639717102051e-01,-9.450419545173645020e-01,6.141208484768867493e-02,9.676391631364822388e-02,-8.377599716186523438e-01,-1.329407393932342529e-01,8.521308302879333496e-01,-8.778362870216369629e-01,-1.863797008991241455e-02,8.928804993629455566e-01,-1.169251203536987305e+00
-1.631977319717407227e+00,-3.141519054770469666e-02,3.297884166240692139e-01,-5.628522858023643494e-02,-3.786330297589302063e-02,-6.264860630035400391e-01,-7.764750719070434570e-01,-1.532590836286544800e-01,2.951536774635314941e-01,-9.455794692039489746e-01,6.188421323895454407e-02,9.649471938610076904e-02,-8.377599716186523438e-01,-1.323599368333816528e-01,8.525714278221130371e-01,-8.791180253028869629e-01,-1.791143044829368591e-02,8.929612040519714355e-01,-1.169949054718017578e+00
-1.632011294364929199e+00,-3.155668452382087708e-02,3.297289013862609863e-01,-5.609669163823127747e-02,-3.767439723014831543e-02,-6.265884041786193848e-01,-7.764153480529785156e-01,-1.526014655828475952e-01,2.943549752235412598e-01,-9.453861713409423828e-01,6.226939707994461060e-02,9.626746922731399536e-02,-8.377599716186523438e-01,-1.319132298231124878e-01,8.530995249748229980e-01,-8.806735873222351074e-01,-1.729129813611507416e-02,8.930515050888061523e-01,-1.170731425285339355e+00
-1.632037162780761719e+00,-3.171200677752494812e-02,3.296765387058258057e-01,-5.593949556350708008e-02,-3.759301453828811646e-02,-6.266145706176757812e-01,-7.764095067977905273e-01,-1.521584540605545044e-01,2.931563556194305420e-01,-9.450902342796325684e-01,6.250318884849548340e-02,9.570962190628051758e-02,-8.377599716186523438e-01,-1.316649466753005981e-01,8.532067537307739258e-01,-8.816538453102111816e-01,-1.696534268558025360e-02,8.928218483924865723e-01,-1.171395659446716309e+00
-1.632073402404785156e+00,-3.187632560729980469e-02,3.296416103839874268e-01,-5.587535351514816284e-02,-3.754972293972969055e-02,-6.265130043029785156e-01,-7.764981985092163086e-01,-1.515702307224273682e-01,2.930471003055572510e-01,-9.453639984130859375e-01,6.295169889926910400e-02,9.517617523670196533e-02,-8.377599716186523438e-01,-1.317819952964782715e-01,8.532848358154296875e-01,-8.825532197952270508e-01,-1.691229827702045441e-02,8.926113247871398926e-01,-1.172124862670898438e+00
-1.632127523422241211e+00,-3.204912692308425903e-02,3.296028971672058105e-01,-5.588548257946968079e-02,-3.766154125332832336e-02,-6.264374256134033203e-01,-7.765530347824096680e-01,-1.515195220708847046e-01,2.919888794422149658e-01,-9.448838829994201660e-01,6.299012154340744019e-02,9.435865283012390137e-02,-8.377599716186523438e-01,-1.322404891252517700e-01,8.530381917953491211e-01,-8.833035230636596680e-01,-1.722964458167552948e-02,8.921519517898559570e-01,-1.172595143318176270e+00
-1.632195591926574707e+00,-3.222556784749031067e-02,3.295680284500122070e-01,-5.598059669137001038e-02,-3.784905746579170227e-02,-6.262972354888916016e-01,-7.766501307487487793e-01,-1.516842991113662720e-01,2.911029756069183350e-01,-9.445598721504211426e-01,6.284100562334060669e-02,9.344304352998733521e-02,-8.377599716186523438e-01,-1.331302076578140259e-01,8.526248931884765625e-01,-8.839442729949951172e-01,-1.791010983288288116e-02,8.915783762931823730e-01,-1.173086524009704590e+00
-1.632281661033630371e+00,-3.241270780563354492e-02,3.295386135578155518e-01,-5.610851943492889404e-02,-3.804258257150650024e-02,-6.261563897132873535e-01,-7.767449617385864258e-01,-1.519268751144409180e-01,2.901950776576995850e-01,-9.440487027168273926e-01,6.259459257125854492e-02,9.267677366733551025e-02,-8.377599716186523438e-01,-1.339976340532302856e-01,8.523359894752502441e-01,-8.849553465843200684e-01,-1.848229207098484039e-02,8.910564184188842773e-01,-1.173772215843200684e+00
-1.632378816604614258e+00,-3.260722011327743530e-02,3.295253813266754150e-01,-5.635564774274826050e-02,-3.835146874189376831e-02,-6.260077953338623047e-01,-7.768316864967346191e-01,-1.524829417467117310e-01,2.890158295631408691e-01,-9.430644512176513672e-01,6.208225712180137634e-02,9.174922108650207520e-02,-8.377599716186523438e-01,-1.351467370986938477e-01,8.517546057701110840e-01,-8.855703473091125488e-01,-1.951590366661548615e-02,8.904829621315002441e-01,-1.174364566802978516e+00
-1.632502913475036621e+00,-3.280946984887123108e-02,3.295107185840606689e-01,-5.660685524344444275e-02,-3.872170299291610718e-02,-6.258974671363830566e-01,-7.768839001655578613e-01,-1.533228754997253418e-01,2.874261736869812012e-01,-9.419320225715637207e-01,6.116488575935363770e-02,9.074372798204421997e-02,-8.377599716186523438e-01,-1.363597512245178223e-01,8.510236144065856934e-01,-8.861626386642456055e-01,-2.061507105827331543e-02,8.897612094879150391e-01,-1.174975395202636719e+00
-1.632638931274414062e+00,-3.302339091897010803e-02,3.295034468173980713e-01,-5.691794678568840027e-02,-3.918226063251495361e-02,-6.257662177085876465e-01,-7.769438028335571289e-01,-1.544189155101776123e-01,2.857673466205596924e-01,-9.405621886253356934e-01,6.025423109531402588e-02,8.945533633232116699e-02,-8.377599716186523438e-01,-1.375668644905090332e-01,8.500224947929382324e-01,-8.862919211387634277e-01,-2.196148224174976349e-02,8.889284133911132812e-01,-1.175833940505981445e+00
-1.632782220840454102e+00,-3.324261307716369629e-02,3.295059800148010254e-01,-5.734269693493843079e-02,-3.972006216645240784e-02,-6.256853938102722168e-01,-7.769504189491271973e-01,-1.558433622121810913e-01,2.846457064151763916e-01,-9.396817684173583984e-01,5.890269950032234192e-02,8.824304491281509399e-02,-8.377599716186523438e-01,-1.388862580060958862e-01,8.487817645072937012e-01,-8.857623338699340820e-01,-2.351850271224975586e-02,8.881412148475646973e-01,-1.176410079002380371e+00
-1.632936120033264160e+00,-3.347713872790336609e-02,3.295115232467651367e-01,-5.769411846995353699e-02,-4.024547338485717773e-02,-6.255670785903930664e-01,-7.769926190376281738e-01,-1.571556478738784790e-01,2.831335961818695068e-01,-9.385874271392822266e-01,5.778175964951515198e-02,8.685392141342163086e-02,-8.377599716186523438e-01,-1.399812996387481689e-01,8.474085927009582520e-01,-8.849958181381225586e-01,-2.497254312038421631e-02,8.871656060218811035e-01,-1.177152156829833984e+00
-1.633095502853393555e+00,-3.371491655707359314e-02,3.295228481292724609e-01,-5.804974585771560669e-02,-4.071533679962158203e-02,-6.255661845207214355e-01,-7.769423127174377441e-01,-1.587018370628356934e-01,2.812868356704711914e-01,-9.372239112854003906e-01,5.657134577631950378e-02,8.569785952568054199e-02,-8.377599716186523438e-01,-1.409357339143753052e-01,8.462094664573669434e-01,-8.845977783203125000e-01,-2.643261104822158813e-02,8.863561153411865234e-01,-1.177760004997253418e+00
-1.633251428604125977e+00,-3.394300490617752075e-02,3.295365869998931885e-01,-5.841467529535293579e-02,-4.121882095932960510e-02,-6.253966093063354492e-01,-7.770249843597412109e-01,-1.598902195692062378e-01,2.806486189365386963e-01,-9.370086193084716797e-01,5.550974979996681213e-02,8.438919484615325928e-02,-8.377599716186523438e-01,-1.420200914144515991e-01,8.448847532272338867e-01,-8.838449120521545410e-01,-2.793268859386444092e-02,8.854025602340698242e-01,-1.178311228752136230e+00
-1.633414149284362793e+00,-3.415576368570327759e-02,3.295559287071228027e-01,-5.861084908246994019e-02,-4.167792946100234985e-02,-6.253880858421325684e-01,-7.769926190376281738e-01,-1.610982567071914673e-01,2.788770496845245361e-01,-9.360326528549194336e-01,5.450118705630302429e-02,8.290488272905349731e-02,-8.377599716186523438e-01,-1.429480016231536865e-01,8.432874083518981934e-01,-8.828884363174438477e-01,-2.928219549357891083e-02,8.841680884361267090e-01,-1.178366661071777344e+00
-1.633586883544921875e+00,-3.433286398649215698e-02,3.295851945877075195e-01,-5.874902755022048950e-02,-4.206537082791328430e-02,-6.253324747085571289e-01,-7.770060300827026367e-01,-1.618941575288772583e-01,2.774949967861175537e-01,-9.351531863212585449e-01,5.375361070036888123e-02,8.176683634519577026e-02,-8.377599716186523438e-01,-1.438542604446411133e-01,8.419482111930847168e-01,-8.823258280754089355e-01,-3.064193949103355408e-02,8.828608989715576172e-01,-1.178018212318420410e+00
-1.633733749389648438e+00,-3.447799384593963623e-02,3.296125233173370361e-01,-5.878376215696334839e-02,-4.247011989355087280e-02,-6.251181960105895996e-01,-7.771537899971008301e-01,-1.620879471302032471e-01,2.768858373165130615e-01,-9.350363016128540039e-01,5.334760248661041260e-02,8.031878620386123657e-02,-8.377599716186523438e-01,-1.447568982839584351e-01,8.403044342994689941e-01,-8.811706304550170898e-01,-3.174663335084915161e-02,8.811424970626831055e-01,-1.177356123924255371e+00
-1.633896827697753906e+00,-3.459542989730834961e-02,3.296392560005187988e-01,-5.864368006587028503e-02,-4.276643320918083191e-02,-6.250834465026855469e-01,-7.771760821342468262e-01,-1.622952818870544434e-01,2.759185731410980225e-01,-9.348238706588745117e-01,5.328735709190368652e-02,7.916484773159027100e-02,-8.377599716186523438e-01,-1.454157978296279907e-01,8.387450575828552246e-01,-8.805412054061889648e-01,-3.264467045664787292e-02,8.793781399726867676e-01,-1.176312923431396484e+00
-1.634031414985656738e+00,-3.468511253595352173e-02,3.296423852443695068e-01,-5.830404162406921387e-02,-4.305408522486686707e-02,-6.249749064445495605e-01,-7.772729992866516113e-01,-1.618387699127197266e-01,2.753649652004241943e-01,-9.354246854782104492e-01,5.338586121797561646e-02,7.751552760601043701e-02,-8.377599716186523438e-01,-1.457732617855072021e-01,8.367299437522888184e-01,-8.792784214019775391e-01,-3.314173221588134766e-02,8.771615028381347656e-01,-1.174699544906616211e+00
-1.634164094924926758e+00,-3.475261852145195007e-02,3.296528756618499756e-01,-5.787417292594909668e-02,-4.333450645208358765e-02,-6.247546076774597168e-01,-7.774666547775268555e-01,-1.612980812788009644e-01,2.735566198825836182e-01,-9.348571300506591797e-01,5.376388505101203918e-02,7.591656595468521118e-02,-8.377599716186523438e-01,-1.458904296159744263e-01,8.346104025840759277e-01,-8.779796957969665527e-01,-3.353390470147132874e-02,8.746908307075500488e-01,-1.173098206520080566e+00
-1.634321451187133789e+00,-3.479839116334915161e-02,3.296517133712768555e-01,-5.727034807205200195e-02,-4.364387318491935730e-02,-6.247429251670837402e-01,-7.775034308433532715e-01,-1.607988029718399048e-01,2.723302543163299561e-01,-9.355164170265197754e-01,5.366034805774688721e-02,7.391581684350967407e-02,-8.377599716186523438e-01,-1.457823365926742554e-01,8.321141600608825684e-01,-8.764757513999938965e-01,-3.376948833465576172e-02,8.718017935752868652e-01,-1.170798778533935547e+00
-1.634465217590332031e+00,-3.483238071203231812e-02,3.296463191509246826e-01,-5.671373009681701660e-02,-4.393531009554862976e-02,-6.245715618133544922e-01,-7.776654958724975586e-01,-1.600417196750640869e-01,2.712389230728149414e-01,-9.356471896171569824e-01,5.395970121026039124e-02,7.199048250913619995e-02,-8.377599716186523438e-01,-1.455777436494827271e-01,8.296271562576293945e-01,-8.746438622474670410e-01,-3.391730040311813354e-02,8.691002726554870605e-01,-1.168918013572692871e+00
-1.634606719017028809e+00,-3.485785424709320068e-02,3.296193778514862061e-01,-5.603878200054168701e-02,-4.427588358521461487e-02,-6.245992779731750488e-01,-7.776728272438049316e-01,-1.594675928354263306e-01,2.696105837821960449e-01,-9.355726838111877441e-01,5.397517979145050049e-02,6.962621212005615234e-02,-8.377599716186523438e-01,-1.450837850570678711e-01,8.267772197723388672e-01,-8.722815513610839844e-01,-3.394703567028045654e-02,8.662500381469726562e-01,-1.166732549667358398e+00
-1.634734749794006348e+00,-3.486252203583717346e-02,3.296080231666564941e-01,-5.543683841824531555e-02,-4.456697031855583191e-02,-6.245550513267517090e-01,-7.777348756790161133e-01,-1.587823480367660522e-01,2.675837576389312744e-01,-9.342277050018310547e-01,5.428062006831169128e-02,6.753577291965484619e-02,-8.377599716186523438e-01,-1.444906294345855713e-01,8.242282271385192871e-01,-8.702107667922973633e-01,-3.385989367961883545e-02,8.636283874511718750e-01,-1.164713978767395020e+00
-1.634832262992858887e+00,-3.482573851943016052e-02,3.296220898628234863e-01,-5.497052147984504700e-02,-4.481041058897972107e-02,-6.244634985923767090e-01,-7.778275012969970703e-01,-1.580110490322113037e-01,2.652550935745239258e-01,-9.315117001533508301e-01,5.449066683650016785e-02,6.618162244558334351e-02,-8.377599716186523438e-01,-1.440228372812271118e-01,8.218663334846496582e-01,-8.675113320350646973e-01,-3.385192900896072388e-02,8.614711761474609375e-01,-1.162762641906738281e+00
-1.634896874427795410e+00,-3.474693372845649719e-02,3.296509385108947754e-01,-5.459719523787498474e-02,-4.509401321411132812e-02,-6.243838667869567871e-01,-7.779013514518737793e-01,-1.574684083461761475e-01,2.618825733661651611e-01,-9.271206259727478027e-01,5.462850630283355713e-02,6.488750874996185303e-02,-8.377599716186523438e-01,-1.437088102102279663e-01,8.197171092033386230e-01,-8.650773167610168457e-01,-3.405838087201118469e-02,8.594927787780761719e-01,-1.160735607147216797e+00
-1.634922862052917480e+00,-3.461955115199089050e-02,3.297060132026672363e-01,-5.440664663910865784e-02,-4.545266181230545044e-02,-6.241908669471740723e-01,-7.780486941337585449e-01,-1.569453030824661255e-01,2.586643099784851074e-01,-9.219102859497070312e-01,5.468093231320381165e-02,6.385663151741027832e-02,-8.377599716186523438e-01,-1.438384354114532471e-01,8.175765275955200195e-01,-8.620058894157409668e-01,-3.456015884876251221e-02,8.576716184616088867e-01,-1.158533692359924316e+00
-1.634920954704284668e+00,-3.446380421519279480e-02,3.297917246818542480e-01,-5.427289754152297974e-02,-4.579626768827438354e-02,-6.239861845970153809e-01,-7.782019972801208496e-01,-1.565881967544555664e-01,2.550054788589477539e-01,-9.158975481986999512e-01,5.474920570850372314e-02,6.310197710990905762e-02,-8.377599716186523438e-01,-1.440519690513610840e-01,8.155780434608459473e-01,-8.590233325958251953e-01,-3.506588935852050781e-02,8.559753298759460449e-01,-1.156288981437683105e+00
-1.634871959686279297e+00,-3.427753597497940063e-02,3.299017250537872314e-01,-5.423962697386741638e-02,-4.617170616984367371e-02,-6.237772703170776367e-01,-7.783496379852294922e-01,-1.561643481254577637e-01,2.514428794384002686e-01,-9.092787504196166992e-01,5.481348931789398193e-02,6.258802860975265503e-02,-8.377599716186523438e-01,-1.444160938262939453e-01,8.136674165725708008e-01,-8.559513092041015625e-01,-3.564577177166938782e-02,8.545627593994140625e-01,-1.154026746749877930e+00
-1.634816169738769531e+00,-3.405056148767471313e-02,3.300514221191406250e-01,-5.415943264961242676e-02,-4.658833518624305725e-02,-6.237525343894958496e-01,-7.783502340316772461e-01,-1.560020744800567627e-01,2.485494613647460938e-01,-9.037815332412719727e-01,5.437996983528137207e-02,6.217160075902938843e-02,-8.377599716186523438e-01,-1.448009163141250610e-01,8.112750649452209473e-01,-8.519714474678039551e-01,-3.621859475970268250e-02,8.528360128402709961e-01,-1.150990605354309082e+00
-1.634732127189636230e+00,-3.383794799447059631e-02,3.302184939384460449e-01,-5.397037044167518616e-02,-4.698579385876655579e-02,-6.237554550170898438e-01,-7.783371210098266602e-01,-1.560386866331100464e-01,2.448089271783828735e-01,-8.979651927947998047e-01,5.424853041768074036e-02,6.163387745618820190e-02,-8.377599716186523438e-01,-1.447781026363372803e-01,8.085776567459106445e-01,-8.477438092231750488e-01,-3.652685880661010742e-02,8.508946895599365234e-01,-1.147817015647888184e+00
-1.634636402130126953e+00,-3.360394388437271118e-02,3.304045796394348145e-01,-5.359094217419624329e-02,-4.729750007390975952e-02,-6.238080859184265137e-01,-7.783022522926330566e-01,-1.553901880979537964e-01,2.417551726102828979e-01,-8.931966423988342285e-01,5.441470071673393250e-02,6.106966733932495117e-02,-8.377599716186523438e-01,-1.442361325025558472e-01,8.055720925331115723e-01,-8.428766727447509766e-01,-3.631746023893356323e-02,8.487269282341003418e-01,-1.144495487213134766e+00
-1.634538412094116211e+00,-3.336291015148162842e-02,3.305827975273132324e-01,-5.314841121435165405e-02,-4.751098901033401489e-02,-6.239312291145324707e-01,-7.782208919525146484e-01,-1.546851247549057007e-01,2.387019395828247070e-01,-8.883560895919799805e-01,5.468360334634780884e-02,6.089399382472038269e-02,-8.377599716186523438e-01,-1.433087587356567383e-01,8.027641177177429199e-01,-8.380700945854187012e-01,-3.591161221265792847e-02,8.466793298721313477e-01,-1.140995025634765625e+00
-1.634452581405639648e+00,-3.314602002501487732e-02,3.306101262569427490e-01,-5.273558199405670166e-02,-4.739681258797645569e-02,-6.240026354789733887e-01,-7.781987190246582031e-01,-1.534717231988906860e-01,2.361933290958404541e-01,-8.839104175567626953e-01,5.523922294378280640e-02,6.088296324014663696e-02,-8.377599716186523438e-01,-1.423500627279281616e-01,8.030450344085693359e-01,-8.378286957740783691e-01,-3.525163978338241577e-02,8.462283015251159668e-01,-1.139389276504516602e+00
-1.634335398674011230e+00,-3.295131027698516846e-02,3.306231200695037842e-01,-5.224894359707832336e-02,-4.721558839082717896e-02,-6.241134405136108398e-01,-7.781536579132080078e-01,-1.520658731460571289e-01,2.341821938753128052e-01,-8.801996111869812012e-01,5.626743659377098083e-02,6.094122678041458130e-02,-8.377599716186523438e-01,-1.409671157598495483e-01,8.033160567283630371e-01,-8.377978801727294922e-01,-3.425481542944908142e-02,8.457944989204406738e-01,-1.137868881225585938e+00
-1.634194850921630859e+00,-3.270974755287170410e-02,3.305941522121429443e-01,-5.177393183112144470e-02,-4.705421999096870422e-02,-6.241603493690490723e-01,-7.781575918197631836e-01,-1.503014713525772095e-01,2.327162176370620728e-01,-8.770976066589355469e-01,5.721440538763999939e-02,6.103051453828811646e-02,-8.377599716186523438e-01,-1.397967040538787842e-01,8.037823438644409180e-01,-8.377682566642761230e-01,-3.344206884503364563e-02,8.455088138580322266e-01,-1.136430978775024414e+00
-1.634027123451232910e+00,-3.246965259313583374e-02,3.305485248565673828e-01,-5.140415206551551819e-02,-4.693023487925529480e-02,-6.241526007652282715e-01,-7.781957983970642090e-01,-1.487496346235275269e-01,2.304314225912094116e-01,-8.732054233551025391e-01,5.811626091599464417e-02,6.109834089875221252e-02,-8.377599716186523438e-01,-1.388239711523056030e-01,8.043661713600158691e-01,-8.377600312232971191e-01,-3.272720798850059509e-02,8.453939557075500488e-01,-1.134902834892272949e+00
-1.633818030357360840e+00,-3.223016113042831421e-02,3.305009305477142334e-01,-5.128476396203041077e-02,-4.692170768976211548e-02,-6.240891218185424805e-01,-7.782551050186157227e-01,-1.471476107835769653e-01,2.293304055929183960e-01,-8.697485923767089844e-01,5.875038355588912964e-02,6.111599877476692200e-02,-8.377599716186523438e-01,-1.383073776960372925e-01,8.049827814102172852e-01,-8.377599716186523438e-01,-3.236862272024154663e-02,8.456529974937438965e-01,-1.134231686592102051e+00
-1.633594989776611328e+00,-3.202521428465843201e-02,3.304256796836853027e-01,-5.138437449932098389e-02,-4.708559438586235046e-02,-6.240538358688354492e-01,-7.782669067382812500e-01,-1.461725085973739624e-01,2.283609211444854736e-01,-8.671900629997253418e-01,5.862813070416450500e-02,6.097257882356643677e-02,-8.377599716186523438e-01,-1.383173316717147827e-01,8.055570125579833984e-01,-8.377599716186523438e-01,-3.253109008073806763e-02,8.461596965789794922e-01,-1.133867144584655762e+00
-1.633306622505187988e+00,-3.159737586975097656e-02,3.303335905075073242e-01,-5.148139595985412598e-02,-4.710258543491363525e-02,-6.239123940467834473e-01,-7.783728837966918945e-01,-1.447929590940475464e-01,2.281641215085983276e-01,-8.648493289947509766e-01,5.928328260779380798e-02,6.149629503488540649e-02,-8.377599716186523438e-01,-1.381792724132537842e-01,8.070038557052612305e-01,-8.377599716186523438e-01,-3.228538483381271362e-02,8.474285006523132324e-01,-1.133560061454772949e+00
-1.633022189140319824e+00,-3.143820166587829590e-02,3.302604258060455322e-01,-5.186724290251731873e-02,-4.734301194548606873e-02,-6.238234639167785645e-01,-7.784039974212646484e-01,-1.441679894924163818e-01,2.280526757240295410e-01,-8.632011413574218750e-01,5.917962267994880676e-02,6.169402599334716797e-02,-8.377599716186523438e-01,-1.384799480438232422e-01,8.077800869941711426e-01,-8.377599716186523438e-01,-3.237469866871833801e-02,8.486405611038208008e-01,-1.134373784065246582e+00
-1.632681608200073242e+00,-3.113588877022266388e-02,3.301698565483093262e-01,-5.220447108149528503e-02,-4.740532860159873962e-02,-6.235892772674560547e-01,-7.785652279853820801e-01,-1.431681364774703979e-01,2.282108813524246216e-01,-8.614212274551391602e-01,5.977035686373710632e-02,6.223200261592864990e-02,-8.377599716186523438e-01,-1.383244395256042480e-01,8.092744946479797363e-01,-8.377599716186523438e-01,-3.205526620149612427e-02,8.504149317741394043e-01,-1.135304093360900879e+00
-1.632316112518310547e+00,-3.083944506943225861e-02,3.300738632678985596e-01,-5.268626287579536438e-02,-4.742702469229698181e-02,-6.233733892440795898e-01,-7.787043452262878418e-01,-1.422266960144042969e-01,2.283713221549987793e-01,-8.589681982994079590e-01,6.034855544567108154e-02,6.308420002460479736e-02,-8.377599716186523438e-01,-1.383656114339828491e-01,8.111321330070495605e-01,-8.377599716186523438e-01,-3.188100457191467285e-02,8.527697920799255371e-01,-1.136699676513671875e+00
-1.631914973258972168e+00,-3.046608902513980865e-02,3.299999535083770752e-01,-5.324092879891395569e-02,-4.730073362588882446e-02,-6.231636404991149902e-01,-7.788421511650085449e-01,-1.412793248891830444e-01,2.293278574943542480e-01,-8.563144803047180176e-01,6.112789362668991089e-02,6.466920673847198486e-02,-8.377599716186523438e-01,-1.381888091564178467e-01,8.135633468627929688e-01,-8.377599716186523438e-01,-3.159056976437568665e-02,8.556953072547912598e-01,-1.138032436370849609e+00
-1.631479144096374512e+00,-3.016740642488002777e-02,3.299780488014221191e-01,-5.394634604454040527e-02,-4.709530621767044067e-02,-6.228739023208618164e-01,-7.790378332138061523e-01,-1.403184533119201660e-01,2.294640839099884033e-01,-8.518208861351013184e-01,6.200392916798591614e-02,6.702487915754318237e-02,-8.377599716186523438e-01,-1.379606723785400391e-01,8.161771893501281738e-01,-8.377599716186523438e-01,-3.117846138775348663e-02,8.589653968811035156e-01,-1.139847278594970703e+00
-1.631013274192810059e+00,-2.978968992829322815e-02,3.299721479415893555e-01,-5.478014051914215088e-02,-4.678599908947944641e-02,-6.225464940071105957e-01,-7.792599201202392578e-01,-1.394139677286148071e-01,2.300962656736373901e-01,-8.467757105827331543e-01,6.283632665872573853e-02,7.004064321517944336e-02,-8.377599716186523438e-01,-1.377632468938827515e-01,8.193777203559875488e-01,-8.377599716186523438e-01,-3.084098361432552338e-02,8.628764748573303223e-01,-1.141629815101623535e+00
-1.630516052246093750e+00,-2.942208014428615570e-02,3.300028443336486816e-01,-5.563408136367797852e-02,-4.646001383662223816e-02,-6.222085952758789062e-01,-7.794888019561767578e-01,-1.385358422994613647e-01,2.298744916915893555e-01,-8.404078483581542969e-01,6.361780315637588501e-02,7.315669953823089600e-02,-8.377599716186523438e-01,-1.374933421611785889e-01,8.224833607673645020e-01,-8.377599716186523438e-01,-3.042160905897617340e-02,8.667526245117187500e-01,-1.143300414085388184e+00
-1.630040049552917480e+00,-2.905878424644470215e-02,3.299827575683593750e-01,-5.588844045996665955e-02,-4.589140042662620544e-02,-6.220982074737548828e-01,-7.795923948287963867e-01,-1.369776576757431030e-01,2.309349477291107178e-01,-8.377666473388671875e-01,6.502376496791839600e-02,7.601457834243774414e-02,-8.377599716186523438e-01,-1.356989145278930664e-01,8.251826167106628418e-01,-8.377599716186523438e-01,-2.844729460775852203e-02,8.700407743453979492e-01,-1.144241929054260254e+00
-1.629576325416564941e+00,-2.865129895508289337e-02,3.299281001091003418e-01,-5.564200505614280701e-02,-4.504602402448654175e-02,-6.220316886901855469e-01,-7.797123789787292480e-01,-1.346250176429748535e-01,2.331161051988601685e-01,-8.377600312232971191e-01,6.727409362792968750e-02,7.907854765653610229e-02,-8.377599716186523438e-01,-1.324770599603652954e-01,8.279126882553100586e-01,-8.377599716186523438e-01,-2.516779303550720215e-02,8.730366826057434082e-01,-1.144632101058959961e+00
-1.629082798957824707e+00,-2.833175472915172577e-02,3.298951387405395508e-01,-5.542391538619995117e-02,-4.440829902887344360e-02,-6.220287680625915527e-01,-7.797668576240539551e-01,-1.325964480638504028e-01,2.348643839359283447e-01,-8.377599716186523438e-01,6.924939155578613281e-02,8.156966418027877808e-02,-8.377599716186523438e-01,-1.293016076087951660e-01,8.298371434211730957e-01,-8.377599716186523438e-01,-2.176120318472385406e-02,8.754663467407226562e-01,-1.144977092742919922e+00
-1.628542184829711914e+00,-2.783423475921154022e-02,3.298352658748626709e-01,-5.497761815786361694e-02,-4.359174147248268127e-02,-6.219557523727416992e-01,-7.799027562141418457e-01,-1.298046559095382690e-01,2.368989735841751099e-01,-8.377599716186523438e-01,7.203382998704910278e-02,8.437229692935943604e-02,-8.377599716186523438e-01,-1.256534010171890259e-01,8.323979973793029785e-01,-8.377599716186523438e-01,-1.782262325286865234e-02,8.781434893608093262e-01,-1.144776463508605957e+00
-1.627975821495056152e+00,-2.748263068497180939e-02,3.297739624977111816e-01,-5.469151586294174194e-02,-4.306854680180549622e-02,-6.219164133071899414e-01,-7.799832820892333984e-01,-1.275012642145156860e-01,2.385039776563644409e-01,-8.377599716186523438e-01,7.417207956314086914e-02,8.621559292078018188e-02,-8.377599716186523438e-01,-1.224192604422569275e-01,8.342991471290588379e-01,-8.377599716186523438e-01,-1.432366576045751572e-02,8.802601099014282227e-01,-1.144761681556701660e+00
-1.627343654632568359e+00,-2.704687789082527161e-02,3.296777904033660889e-01,-5.454576760530471802e-02,-4.275467246770858765e-02,-6.217296719551086426e-01,-7.801596522331237793e-01,-1.252274960279464722e-01,2.403774708509445190e-01,-8.377599716186523438e-01,7.591469585895538330e-02,8.737280219793319702e-02,-8.377599716186523438e-01,-1.199770197272300720e-01,8.362824916839599609e-01,-8.377599716186523438e-01,-1.157223619520664215e-02,8.824204206466674805e-01,-1.144904732704162598e+00
-1.626683115959167480e+00,-2.661850489675998688e-02,3.296304047107696533e-01,-5.430489033460617065e-02,-4.245464876294136047e-02,-6.216842532157897949e-01,-7.802289724349975586e-01,-1.230268031358718872e-01,2.416908740997314453e-01,-8.377599716186523438e-01,7.778483629226684570e-02,8.884984999895095825e-02,-8.377599716186523438e-01,-1.171772107481956482e-01,8.379290699958801270e-01,-8.377599716186523438e-01,-8.427562192082405090e-03,8.840159177780151367e-01,-1.143984556198120117e+00
-1.625963568687438965e+00,-2.619068138301372528e-02,3.296175599098205566e-01,-5.428638309240341187e-02,-4.224096611142158508e-02,-6.215932369232177734e-01,-7.803143858909606934e-01,-1.208735555410385132e-01,2.438772320747375488e-01,-8.377599716186523438e-01,7.915651798248291016e-02,9.050702303647994995e-02,-8.377599716186523438e-01,-1.148561313748359680e-01,8.397341370582580566e-01,-8.377599716186523438e-01,-5.824551451951265335e-03,8.857849240303039551e-01,-1.143140673637390137e+00
-1.625200033187866211e+00,-2.575058303773403168e-02,3.296188414096832275e-01,-5.424334481358528137e-02,-4.213626682758331299e-02,-6.215186715126037598e-01,-7.803824543952941895e-01,-1.188343688845634460e-01,2.452717125415802002e-01,-8.377599716186523438e-01,8.074747025966644287e-02,9.180799871683120728e-02,-8.377599716186523438e-01,-1.125959455966949463e-01,8.411682844161987305e-01,-8.377599716186523438e-01,-3.206163179129362106e-03,8.871687054634094238e-01,-1.141726851463317871e+00
-1.624380707740783691e+00,-2.524342387914657593e-02,3.296438753604888916e-01,-5.450891703367233276e-02,-4.222243651747703552e-02,-6.213174462318420410e-01,-7.805194854736328125e-01,-1.170981526374816895e-01,2.475738525390625000e-01,-8.377599716186523438e-01,8.208660036325454712e-02,9.299941360950469971e-02,-8.377599716186523438e-01,-1.111636310815811157e-01,8.430209755897521973e-01,-8.377599716186523438e-01,-1.548682688735425472e-03,8.886734843254089355e-01,-1.140023589134216309e+00
-1.623540639877319336e+00,-2.484315820038318634e-02,3.297121524810791016e-01,-5.479265004396438599e-02,-4.241122305393218994e-02,-6.211441755294799805e-01,-7.806272506713867188e-01,-1.150630414485931396e-01,2.494882345199584961e-01,-8.377599716186523438e-01,8.336326479911804199e-02,9.407477825880050659e-02,-8.377599716186523438e-01,-1.097524613142013550e-01,8.440740108489990234e-01,-8.377599716186523438e-01,3.386088064871728420e-04,8.896083831787109375e-01,-1.138025045394897461e+00
-1.622647285461425781e+00,-2.431174553930759430e-02,3.298012912273406982e-01,-5.513768270611763000e-02,-4.259282350540161133e-02,-6.207869052886962891e-01,-7.808772325515747070e-01,-1.128465458750724792e-01,2.520059049129486084e-01,-8.377599716186523438e-01,8.517551422119140625e-02,9.531643986701965332e-02,-8.377599716186523438e-01,-1.085554957389831543e-01,8.456848263740539551e-01,-8.377599716186523438e-01,1.913771266117691994e-03,8.906657695770263672e-01,-1.135696530342102051e+00
-1.621746897697448730e+00,-2.388645336031913757e-02,3.299404680728912354e-01,-5.556545034050941467e-02,-4.296212270855903625e-02,-6.203660964965820312e-01,-7.811610698699951172e-01,-1.107491776347160339e-01,2.543064355850219727e-01,-8.377599716186523438e-01,8.726470917463302612e-02,9.606716036796569824e-02,-8.377599716186523438e-01,-1.073776260018348694e-01,8.464099168777465820e-01,-8.377599716186523438e-01,3.400813089683651924e-03,8.910613656044006348e-01,-1.133147120475769043e+00
-1.620815873146057129e+00,-2.332930080592632294e-02,3.300676047801971436e-01,-5.597868561744689941e-02,-4.323846846818923950e-02,-6.199019551277160645e-01,-7.814847826957702637e-01,-1.081405505537986755e-01,2.569982111454010010e-01,-8.377599716186523438e-01,8.984026312828063965e-02,9.737630933523178101e-02,-8.377599716186523438e-01,-1.061704456806182861e-01,8.478459715843200684e-01,-8.377599716186523438e-01,4.987287800759077072e-03,8.917409777641296387e-01,-1.130347847938537598e+00
-1.619884967803955078e+00,-2.278774604201316833e-02,3.302608430385589600e-01,-5.634871870279312134e-02,-4.367007687687873840e-02,-6.195215582847595215e-01,-7.817357182502746582e-01,-1.056927964091300964e-01,2.592464983463287354e-01,-8.377599716186523438e-01,9.180619567632675171e-02,9.889127314090728760e-02,-8.377599716186523438e-01,-1.047272160649299622e-01,8.483774662017822266e-01,-8.377599716186523438e-01,6.644593086093664169e-03,8.915018439292907715e-01,-1.126524686813354492e+00
-1.618940591812133789e+00,-2.220064401626586914e-02,3.304410874843597412e-01,-5.670821294188499451e-02,-4.413282871246337891e-02,-6.189406514167785645e-01,-7.821438312530517578e-01,-1.027529388666152954e-01,2.617152333259582520e-01,-8.377599716186523438e-01,9.475580602884292603e-02,9.965349733829498291e-02,-8.377599716186523438e-01,-1.035666540265083313e-01,8.492437005043029785e-01,-8.377599716186523438e-01,8.193503133952617645e-03,8.911626338958740234e-01,-1.122373700141906738e+00
-1.617999911308288574e+00,-2.162561006844043732e-02,3.306797146797180176e-01,-5.714400485157966614e-02,-4.494411125779151917e-02,-6.182083487510681152e-01,-7.826449275016784668e-01,-9.999576956033706665e-02,2.639505565166473389e-01,-8.377599716186523438e-01,9.698217362165451050e-02,9.969593584537506104e-02,-8.377599716186523438e-01,-1.030808463692665100e-01,8.492845296859741211e-01,-8.377599716186523438e-01,9.181272238492965698e-03,8.896102905273437500e-01,-1.117363452911376953e+00
-1.617048621177673340e+00,-2.096399664878845215e-02,3.310313224792480469e-01,-5.733781307935714722e-02,-4.587396234273910522e-02,-6.172789335250854492e-01,-7.833100557327270508e-01,-9.674773365259170532e-02,2.660543620586395264e-01,-8.377599716186523438e-01,1.006826385855674744e-01,9.930472820997238159e-02,-8.377599716186523438e-01,-1.020968928933143616e-01,8.483415246009826660e-01,-8.377599716186523438e-01,1.041777152568101883e-02,8.863003253936767578e-01,-1.109806180000305176e+00
-1.616119384765625000e+00,-2.026348747313022614e-02,3.314748704433441162e-01,-5.723094195127487183e-02,-4.690198227763175964e-02,-6.162613630294799805e-01,-7.840579152107238770e-01,-9.282296895980834961e-02,2.674039006233215332e-01,-8.377599716186523438e-01,1.042923629283905029e-01,9.873158484697341919e-02,-8.377599716186523438e-01,-1.009759083390235901e-01,8.463037610054016113e-01,-8.377599716186523438e-01,1.202480308711528778e-02,8.814761638641357422e-01,-1.100548028945922852e+00
-1.615179896354675293e+00,-1.950677484273910522e-02,3.320293426513671875e-01,-5.709083378314971924e-02,-4.819518327713012695e-02,-6.149765253067016602e-01,-7.849979400634765625e-01,-8.895292878150939941e-02,2.688124179840087891e-01,-8.377599716186523438e-01,1.083681434392929077e-01,9.762290120124816895e-02,-8.377599716186523438e-01,-1.005246862769126892e-01,8.432111740112304688e-01,-8.378599882125854492e-01,1.329237967729568481e-02,8.750994205474853516e-01,-1.089719057083129883e+00
-1.614394903182983398e+00,-1.876112073659896851e-02,3.323040008544921875e-01,-5.717881396412849426e-02,-4.840067401528358459e-02,-6.131303310394287109e-01,-7.864217758178710938e-01,-8.347511291503906250e-02,2.728261351585388184e-01,-8.377599716186523438e-01,1.143298894166946411e-01,9.871461987495422363e-02,-8.377599716186523438e-01,-1.008135452866554260e-01,8.501593470573425293e-01,-8.530662655830383301e-01,1.478039659559726715e-02,8.733096122741699219e-01,-1.083868980407714844e+00
-1.613737702369689941e+00,-1.795805431902408600e-02,3.323042094707489014e-01,-5.753153562545776367e-02,-4.791454225778579712e-02,-6.108092069625854492e-01,-7.882299423217773438e-01,-7.730117440223693848e-02,2.782628536224365234e-01,-8.377599716186523438e-01,1.207101196050643921e-01,1.007249653339385986e-01,-8.377599716186523438e-01,-1.024539545178413391e-01,8.648079037666320801e-01,-8.808057904243469238e-01,1.589339040219783783e-02,8.754126429557800293e-01,-1.082421779632568359e+00
-1.613155007362365723e+00,-1.712515018880367279e-02,3.322452008724212646e-01,-5.816347151994705200e-02,-4.736185818910598755e-02,-6.081348657608032227e-01,-7.902821302413940430e-01,-7.105775177478790283e-02,2.850463688373565674e-01,-8.377599716186523438e-01,1.267712116241455078e-01,1.031522527337074280e-01,-8.377599716186523438e-01,-1.055405959486961365e-01,8.815740942955017090e-01,-9.147943854331970215e-01,1.619604788720607758e-02,8.786185979843139648e-01,-1.082271575927734375e+00
-1.612674355506896973e+00,-1.627345196902751923e-02,3.321733772754669189e-01,-5.896070599555969238e-02,-4.698941484093666077e-02,-6.054381728172302246e-01,-7.923132181167602539e-01,-6.591710448265075684e-02,2.910373508930206299e-01,-8.377599716186523438e-01,1.326401084661483765e-01,1.052083373069763184e-01,-8.377599716186523438e-01,-1.101549118757247925e-01,8.973609805107116699e-01,-9.505221843719482422e-01,1.573975756764411926e-02,8.818717002868652344e-01,-1.082252621650695801e+00
-1.612311244010925293e+00,-1.538588572293519974e-02,3.321540057659149170e-01,-5.990743637084960938e-02,-4.688710346817970276e-02,-6.027055382728576660e-01,-7.943291068077087402e-01,-6.141188368201255798e-02,2.973918020725250244e-01,-8.377599716186523438e-01,1.377176493406295776e-01,1.076621860265731812e-01,-8.377599716186523438e-01,-1.159710511565208435e-01,9.109663963317871094e-01,-9.901767969131469727e-01,1.423734240233898163e-02,8.843324184417724609e-01,-1.081137418746948242e+00
-1.612025260925292969e+00,-1.446744799613952637e-02,3.321827054023742676e-01,-6.102503463625907898e-02,-4.705168306827545166e-02,-6.000025868415832520e-01,-7.962782382965087891e-01,-5.775822326540946960e-02,3.039228916168212891e-01,-8.377599716186523438e-01,1.421436071395874023e-01,1.095970273017883301e-01,-8.377599716186523438e-01,-1.228104531764984131e-01,9.216705560684204102e-01,-1.032647967338562012e+00,1.194692496210336685e-02,8.862496614456176758e-01,-1.079407334327697754e+00
-1.611814141273498535e+00,-1.353326905518770218e-02,3.322477340698242188e-01,-6.219021603465080261e-02,-4.745957255363464355e-02,-5.971649885177612305e-01,-7.982944250106811523e-01,-5.454495549201965332e-02,3.099259436130523682e-01,-8.377599716186523438e-01,1.461943835020065308e-01,1.111466065049171448e-01,-8.377599716186523438e-01,-1.303026676177978516e-01,9.281246066093444824e-01,-1.074588894844055176e+00,9.108211845159530640e-03,8.872951269149780273e-01,-1.076919436454772949e+00
-1.611625909805297852e+00,-1.256616972386837006e-02,3.324004709720611572e-01,-6.327608972787857056e-02,-4.790688306093215942e-02,-5.943819284439086914e-01,-8.002569675445556641e-01,-5.142854526638984680e-02,3.157493770122528076e-01,-8.377599716186523438e-01,1.504949927330017090e-01,1.128344014286994934e-01,-8.377599716186523438e-01,-1.378723084926605225e-01,9.299089908599853516e-01,-1.114324092864990234e+00,6.205582525581121445e-03,8.877128362655639648e-01,-1.073817372322082520e+00
-1.611424207687377930e+00,-1.156200375407934189e-02,3.326116502285003662e-01,-6.451173871755599976e-02,-4.859176650643348694e-02,-5.914141535758972168e-01,-8.023131489753723145e-01,-4.864906519651412964e-02,3.216951489448547363e-01,-8.377599716186523438e-01,1.543546020984649658e-01,1.139520704746246338e-01,-8.377599716186523438e-01,-1.463733017444610596e-01,9.259353876113891602e-01,-1.147660017013549805e+00,2.520387526601552963e-03,8.875930905342102051e-01,-1.070005059242248535e+00
-1.611219763755798340e+00,-1.052280236035585403e-02,3.328952193260192871e-01,-6.614778190851211548e-02,-4.966665059328079224e-02,-5.884441137313842773e-01,-8.042954802513122559e-01,-4.711452126502990723e-02,3.273775875568389893e-01,-8.377599716186523438e-01,1.567355096340179443e-01,1.148589923977851868e-01,-8.377599716186523438e-01,-1.561262160539627075e-01,9.168279767036437988e-01,-1.174087762832641602e+00,-2.538932254537940025e-03,8.869540095329284668e-01,-1.065273880958557129e+00
-1.611033678054809570e+00,-9.415858425199985504e-03,3.332094550132751465e-01,-6.720744073390960693e-02,-5.079737678170204163e-02,-5.855754017829895020e-01,-8.062283992767333984e-01,-4.560257866978645325e-02,3.358008265495300293e-01,-8.449722528457641602e-01,1.595299541950225830e-01,1.149666756391525269e-01,-8.377599716186523438e-01,-1.646177470684051514e-01,9.013362526893615723e-01,-1.191640496253967285e+00,-6.746208295226097107e-03,8.846514225006103516e-01,-1.058961868286132812e+00
-1.610889315605163574e+00,-8.323814719915390015e-03,3.335761725902557373e-01,-6.788348406553268433e-02,-5.193059518933296204e-02,-5.828948616981506348e-01,-8.080399632453918457e-01,-4.418864846229553223e-02,3.482940793037414551e-01,-8.607276678085327148e-01,1.624303162097930908e-01,1.145406216382980347e-01,-8.377599716186523438e-01,-1.720178276300430298e-01,8.810672760009765625e-01,-1.203675746917724609e+00,-1.002396829426288605e-02,8.810845613479614258e-01,-1.050927042961120605e+00
-1.610797762870788574e+00,-7.227989379316568375e-03,3.339836299419403076e-01,-6.818726658821105957e-02,-5.274643003940582275e-02,-5.803821682929992676e-01,-8.097684383392333984e-01,-4.327226057648658752e-02,3.638161122798919678e-01,-8.844863772392272949e-01,1.658508330583572388e-01,1.154311448335647583e-01,-8.377599716186523438e-01,-1.779331266880035400e-01,8.588348031044006348e-01,-1.213206529617309570e+00,-1.265968196094036102e-02,8.771672248840332031e-01,-1.042524814605712891e+00
-1.610712885856628418e+00,-6.121175363659858704e-03,3.343800604343414307e-01,-6.849309056997299194e-02,-5.323809385299682617e-02,-5.779180526733398438e-01,-8.114709854125976562e-01,-4.243357107043266296e-02,3.852139711380004883e-01,-9.184124469757080078e-01,1.693688929080963135e-01,1.170408204197883606e-01,-8.377599716186523438e-01,-1.835034042596817017e-01,8.348978757858276367e-01,-1.218197107315063477e+00,-1.518036238849163055e-02,8.740817308425903320e-01,-1.034134864807128906e+00
-1.610700130462646484e+00,-4.994005430489778519e-03,3.347191810607910156e-01,-6.852325797080993652e-02,-5.353212729096412659e-02,-5.755566358566284180e-01,-8.131257295608520508e-01,-4.195962101221084595e-02,4.077351093292236328e-01,-9.594773650169372559e-01,1.729826182126998901e-01,1.188886761665344238e-01,-8.377599716186523438e-01,-1.883362680673599243e-01,8.104649782180786133e-01,-1.223012924194335938e+00,-1.747897081077098846e-02,8.710991144180297852e-01,-1.026285290718078613e+00
-1.610783934593200684e+00,-3.932654391974210739e-03,3.349372148513793945e-01,-6.835955381393432617e-02,-5.346628278493881226e-02,-5.731734037399291992e-01,-8.148254752159118652e-01,-4.121862351894378662e-02,4.328577816486358643e-01,-1.007972478866577148e+00,1.776289790868759155e-01,1.206348836421966553e-01,-8.377599716186523438e-01,-1.922466158866882324e-01,7.865204215049743652e-01,-1.226937532424926758e+00,-1.892345771193504333e-02,8.692207932472229004e-01,-1.019990563392639160e+00
-1.610906720161437988e+00,-2.772045088931918144e-03,3.350587785243988037e-01,-6.778395175933837891e-02,-5.290312692523002625e-02,-5.709972381591796875e-01,-8.164366483688354492e-01,-4.014453664422035217e-02,4.584021270275115967e-01,-1.060072302818298340e+00,1.827960461378097534e-01,1.231745332479476929e-01,-8.377599716186523438e-01,-1.949688494205474854e-01,7.637563943862915039e-01,-1.231225132942199707e+00,-1.928383111953735352e-02,8.681805729866027832e-01,-1.013724565505981445e+00
-1.611099123954772949e+00,-1.608717604540288448e-03,3.350736498832702637e-01,-6.673787534236907959e-02,-5.184689164161682129e-02,-5.689060688018798828e-01,-8.180487751960754395e-01,-3.905212506651878357e-02,4.872133433818817139e-01,-1.118990540504455566e+00,1.890984028577804565e-01,1.258425712585449219e-01,-8.377599716186523438e-01,-1.962233483791351318e-01,7.427885532379150391e-01,-1.235895752906799316e+00,-1.834897510707378387e-02,8.680028319358825684e-01,-1.008752107620239258e+00
-1.611364364624023438e+00,-4.445131635293364525e-04,3.349755108356475830e-01,-6.528489291667938232e-02,-5.034599453210830688e-02,-5.668811202049255371e-01,-8.196638822555541992e-01,-3.835315629839897156e-02,5.152668356895446777e-01,-1.180434703826904297e+00,1.961789727210998535e-01,1.286890059709548950e-01,-8.377599716186523438e-01,-1.962958872318267822e-01,7.236641645431518555e-01,-1.241032123565673828e+00,-1.621051877737045288e-02,8.686203360557556152e-01,-1.004794359207153320e+00
-1.611695408821105957e+00,7.770325755700469017e-04,3.347861766815185547e-01,-6.343083828687667847e-02,-4.829692840576171875e-02,-5.649892687797546387e-01,-8.212375640869140625e-01,-3.829195350408554077e-02,5.441561937332153320e-01,-1.246427893638610840e+00,2.038916945457458496e-01,1.324047744274139404e-01,-8.377599716186523438e-01,-1.950055509805679321e-01,7.075214982032775879e-01,-1.246729373931884766e+00,-1.310954801738262177e-02,8.703272938728332520e-01,-1.001675367355346680e+00
-1.612162470817565918e+00,1.906631747260689735e-03,3.344999253749847412e-01,-6.120239943265914917e-02,-4.568123817443847656e-02,-5.632765889167785645e-01,-8.227314352989196777e-01,-3.826756402850151062e-02,5.701104998588562012e-01,-1.312733292579650879e+00,2.123175859451293945e-01,1.366963833570480347e-01,-8.377599716186523438e-01,-1.926789283752441406e-01,6.947825551033020020e-01,-1.253784179687500000e+00,-8.964832872152328491e-03,8.730778694152832031e-01,-1.000016570091247559e+00
-1.612646460533142090e+00,3.205023007467389107e-03,3.341092169284820557e-01,-5.853078141808509827e-02,-4.259430244565010071e-02,-5.617508292198181152e-01,-8.241334557533264160e-01,-3.781302273273468018e-02,5.896633863449096680e-01,-1.374695301055908203e+00,2.210811227560043335e-01,1.418401598930358887e-01,-8.377599716186523438e-01,-1.894606351852416992e-01,6.856240630149841309e-01,-1.259454011917114258e+00,-4.083869047462940216e-03,8.769855499267578125e-01,-9.991271495819091797e-01
-1.613181233406066895e+00,4.549958743155002594e-03,3.336358070373535156e-01,-5.545309931039810181e-02,-3.900337964296340942e-02,-5.601988434791564941e-01,-8.255791664123535156e-01,-3.592867776751518250e-02,6.016864180564880371e-01,-1.429648399353027344e+00,2.310484349727630615e-01,1.477108299732208252e-01,-8.377599716186523438e-01,-1.848217993974685669e-01,6.804951429367065430e-01,-1.263446569442749023e+00,1.963302493095397949e-03,8.817502260208129883e-01,-9.986368417739868164e-01
-1.613730549812316895e+00,5.971242208033800125e-03,3.330979347229003906e-01,-5.237380415201187134e-02,-3.507393598556518555e-02,-5.586788058280944824e-01,-8.269853591918945312e-01,-3.523291647434234619e-02,6.082867383956909180e-01,-1.480205416679382324e+00,2.414671182632446289e-01,1.543430387973785400e-01,-8.377599716186523438e-01,-1.792476177215576172e-01,6.806300282478332520e-01,-1.265339851379394531e+00,8.286559954285621643e-03,8.877987265586853027e-01,-9.990074038505554199e-01
-1.614268302917480469e+00,7.428521756082773209e-03,3.325037658214569092e-01,-4.921440407633781433e-02,-3.092629089951515198e-02,-5.572107434272766113e-01,-8.283342719078063965e-01,-3.670772910118103027e-02,6.093071103096008301e-01,-1.524176597595214844e+00,2.516242265701293945e-01,1.618106961250305176e-01,-8.377599716186523438e-01,-1.721738278865814209e-01,6.874110698699951172e-01,-1.266939043998718262e+00,1.493582874536514282e-02,8.946491479873657227e-01,-9.999801516532897949e-01
-1.614710688591003418e+00,9.243652224540710449e-03,3.319559097290039062e-01,-4.630876705050468445e-02,-2.712424658238887787e-02,-5.556411743164062500e-01,-8.296883106231689453e-01,-4.345429688692092896e-02,6.083475947380065918e-01,-1.565280318260192871e+00,2.610151767730712891e-01,1.692492365837097168e-01,-8.377599716186523438e-01,-1.655196398496627808e-01,7.000914812088012695e-01,-1.268014550209045410e+00,2.012591436505317688e-02,9.009302854537963867e-01,-9.987280964851379395e-01
-1.615349650382995605e+00,1.079474855214357376e-02,3.314137756824493408e-01,-4.401750117540359497e-02,-2.355791069567203522e-02,-5.540025234222412109e-01,-8.310166597366333008e-01,-5.541123449802398682e-02,5.971220135688781738e-01,-1.591199874877929688e+00,2.688929438591003418e-01,1.771289110183715820e-01,-8.377599716186523438e-01,-1.605995595455169678e-01,7.144646644592285156e-01,-1.271734595298767090e+00,2.380672469735145569e-02,9.078223705291748047e-01,-9.994484186172485352e-01
-1.615992784500122070e+00,1.241418719291687012e-02,3.309230506420135498e-01,-4.228091984987258911e-02,-2.036708220839500427e-02,-5.525137782096862793e-01,-8.321815133094787598e-01,-7.224473357200622559e-02,5.778281092643737793e-01,-1.602226853370666504e+00,2.748875617980957031e-01,1.845822632312774658e-01,-8.377599716186523438e-01,-1.568134725093841553e-01,7.264792919158935547e-01,-1.274657487869262695e+00,2.585530281066894531e-02,9.148674011230468750e-01,-1.000078916549682617e+00
-1.616623163223266602e+00,1.407954655587673187e-02,3.305234611034393311e-01,-4.075734317302703857e-02,-1.762746088206768036e-02,-5.511355400085449219e-01,-8.332332968711853027e-01,-9.360273182392120361e-02,5.506365299224853516e-01,-1.598556518554687500e+00,2.798479497432708740e-01,1.916054040193557739e-01,-8.377599716186523438e-01,-1.539376378059387207e-01,7.346552014350891113e-01,-1.278786778450012207e+00,2.680357173085212708e-02,9.207270145416259766e-01,-9.995884895324707031e-01
-1.617276430130004883e+00,1.578178443014621735e-02,3.302182555198669434e-01,-3.903819620609283447e-02,-1.511071249842643738e-02,-5.498698949813842773e-01,-8.342006802558898926e-01,-1.171464174985885620e-01,5.167782306671142578e-01,-1.582315444946289062e+00,2.850538492202758789e-01,1.978148519992828369e-01,-8.377599716186523438e-01,-1.517868787050247192e-01,7.419432997703552246e-01,-1.283512473106384277e+00,2.785456925630569458e-02,9.250259995460510254e-01,-9.971545338630676270e-01
-1.617932558059692383e+00,1.752281188964843750e-02,3.300391435623168945e-01,-3.668479248881340027e-02,-1.262911688536405563e-02,-5.484316945075988770e-01,-8.352947831153869629e-01,-1.413564085960388184e-01,4.777025580406188965e-01,-1.554483175277709961e+00,2.915773987770080566e-01,2.035102099180221558e-01,-8.377599716186523438e-01,-1.492332369089126587e-01,7.491833567619323730e-01,-1.287059068679809570e+00,2.986140176653862000e-02,9.270706176757812500e-01,-9.922662377357482910e-01
-1.618537902832031250e+00,1.932859607040882111e-02,3.300335109233856201e-01,-3.418242558836936951e-02,-1.050583366304636002e-02,-5.468941330909729004e-01,-8.364376425743103027e-01,-1.676666438579559326e-01,4.301490187644958496e-01,-1.510539054870605469e+00,2.977221012115478516e-01,2.087247669696807861e-01,-8.377599716186523438e-01,-1.469991803169250488e-01,7.557891607284545898e-01,-1.289541125297546387e+00,3.182643651962280273e-02,9.268485307693481445e-01,-9.846664667129516602e-01
-1.619063019752502441e+00,2.114256843924522400e-02,3.303904831409454346e-01,-3.213742375373840332e-02,-9.683952666819095612e-03,-5.456682443618774414e-01,-8.373287916183471680e-01,-1.985529810190200806e-01,3.732236623764038086e-01,-1.450290799140930176e+00,3.014749586582183838e-01,2.128084301948547363e-01,-8.377599716186523438e-01,-1.463504880666732788e-01,7.573428153991699219e-01,-1.285438895225524902e+00,3.136501461267471313e-02,9.216700792312622070e-01,-9.709507226943969727e-01
-1.619589924812316895e+00,2.296367846429347992e-02,3.307981789112091064e-01,-3.048765845596790314e-02,-8.754516951739788055e-03,-5.443275570869445801e-01,-8.382728695869445801e-01,-2.322920560836791992e-01,3.078239560127258301e-01,-1.372437596321105957e+00,3.046383857727050781e-01,2.180307954549789429e-01,-8.377599716186523438e-01,-1.462429612874984741e-01,7.600660324096679688e-01,-1.281242966651916504e+00,3.023374639451503754e-02,9.179443120956420898e-01,-9.586553573608398438e-01
-1.620024800300598145e+00,2.489642240107059479e-02,3.312659263610839844e-01,-2.889758720993995667e-02,-8.084168657660484314e-03,-5.429531931877136230e-01,-8.392266631126403809e-01,-2.688636481761932373e-01,2.341369390487670898e-01,-1.280246496200561523e+00,3.073807954788208008e-01,2.229373753070831299e-01,-8.377599716186523438e-01,-1.461966633796691895e-01,7.624466419219970703e-01,-1.276113271713256836e+00,2.891809865832328796e-02,9.134528636932373047e-01,-9.451880455017089844e-01
-1.620374441146850586e+00,2.691304683685302734e-02,3.318407535552978516e-01,-2.747509069740772247e-02,-7.682205643504858017e-03,-5.416651368141174316e-01,-8.401101231575012207e-01,-3.077514469623565674e-01,1.509885340929031372e-01,-1.171367764472961426e+00,3.092495501041412354e-01,2.274518758058547974e-01,-8.377599716186523438e-01,-1.468493789434432983e-01,7.644098997116088867e-01,-1.269978523254394531e+00,2.713017724454402924e-02,9.082027077674865723e-01,-9.303514957427978516e-01
-1.620653390884399414e+00,2.902483567595481873e-02,3.325103521347045898e-01,-2.624862268567085266e-02,-7.429462857544422150e-03,-5.402278304100036621e-01,-8.410764932632446289e-01,-3.476123511791229248e-01,6.043430417776107788e-02,-1.048906683921813965e+00,3.108219206333160400e-01,2.330736368894577026e-01,-8.377599716186523438e-01,-1.482336074113845825e-01,7.662134766578674316e-01,-1.262713074684143066e+00,2.505442872643470764e-02,9.023760557174682617e-01,-9.141859412193298340e-01
-1.620906233787536621e+00,3.114813007414340973e-02,3.332309424877166748e-01,-2.513648569583892822e-02,-7.265708874911069870e-03,-5.387680530548095703e-01,-8.420476913452148438e-01,-3.873331546783447266e-01,-3.515863791108131409e-02,-9.173560738563537598e-01,3.122633397579193115e-01,2.384113669395446777e-01,-8.377599716186523438e-01,-1.499388217926025391e-01,7.677596211433410645e-01,-1.255035161972045898e+00,2.289305627346038818e-02,8.963943123817443848e-01,-8.976794481277465820e-01
-1.620627164840698242e+00,3.383278846740722656e-02,3.335917294025421143e-01,-1.812660321593284607e-02,-7.052991539239883423e-03,-5.338770151138305664e-01,-8.453384041786193848e-01,-4.104105532169342041e-01,-1.103502139449119568e-01,-8.378838300704956055e-01,3.306367397308349609e-01,2.387221902608871460e-01,-8.377599716186523438e-01,-1.463554054498672485e-01,7.655723094940185547e-01,-1.243936896324157715e+00,2.280945889651775360e-02,8.727020025253295898e-01,-8.642762899398803711e-01
-1.619487524032592773e+00,3.688614815473556519e-02,3.326787948608398438e-01,-7.088541518896818161e-03,-5.300112999975681305e-03,-5.241628885269165039e-01,-8.515720367431640625e-01,-4.115181565284729004e-01,-1.450882256031036377e-01,-8.377603292465209961e-01,3.669330775737762451e-01,2.394203245639801025e-01,-8.377599716186523438e-01,-1.409049332141876221e-01,7.730738520622253418e-01,-1.244007945060729980e+00,2.237599156796932220e-02,8.495411872863769531e-01,-8.388112187385559082e-01
-1.618460059165954590e+00,3.962858766317367554e-02,3.316645622253417969e-01,-8.243182674050331116e-04,-2.991035347804427147e-03,-5.164521932601928711e-01,-8.563103675842285156e-01,-4.163390100002288818e-01,-1.650049090385437012e-01,-8.377599716186523438e-01,3.916475474834442139e-01,2.467404901981353760e-01,-8.377599716186523438e-01,-1.402624994516372681e-01,7.881585359573364258e-01,-1.250603318214416504e+00,1.977677643299102783e-02,8.473842740058898926e-01,-8.377626538276672363e-01
-1.617736697196960449e+00,4.222554713487625122e-02,3.307004868984222412e-01,2.833700040355324745e-03,-3.108738688752055168e-03,-5.114246606826782227e-01,-8.593178391456604004e-01,-4.303396344184875488e-01,-1.796040982007980347e-01,-8.377599716186523438e-01,4.057207107543945312e-01,2.611851990222930908e-01,-8.569782376289367676e-01,-1.427609920501708984e-01,7.961503863334655762e-01,-1.251543641090393066e+00,1.582035608589649200e-02,8.462034463882446289e-01,-8.377600312232971191e-01
-1.617122769355773926e+00,4.473134130239486694e-02,3.297868371009826660e-01,5.434539169073104858e-03,-4.389266483485698700e-03,-5.078021287918090820e-01,-8.614454269409179688e-01,-4.464482367038726807e-01,-1.896482110023498535e-01,-8.377599716186523438e-01,4.153163433074951172e-01,2.793557047843933105e-01,-8.859015107154846191e-01,-1.461385339498519897e-01,7.998200058937072754e-01,-1.248403668403625488e+00,1.196367852389812469e-02,8.452668190002441406e-01,-8.377599716186523438e-01
-1.616509318351745605e+00,4.729350656270980835e-02,3.289593458175659180e-01,7.886050269007682800e-03,-5.768132861703634262e-03,-5.043996572494506836e-01,-8.634150028228759766e-01,-4.597594141960144043e-01,-1.962174922227859497e-01,-8.377599716186523438e-01,4.240210354328155518e-01,2.977845370769500732e-01,-9.144650697708129883e-01,-1.496600210666656494e-01,8.026407361030578613e-01,-1.244154691696166992e+00,8.263525553047657013e-03,8.444955945014953613e-01,-8.377599716186523438e-01
-1.615897536277770996e+00,4.991409555077552795e-02,3.282250165939331055e-01,1.039628218859434128e-02,-6.967613939195871353e-03,-5.013408064842224121e-01,-8.651593923568725586e-01,-4.693842530250549316e-01,-1.993394792079925537e-01,-8.377599716186523438e-01,4.329721927642822266e-01,3.169938623905181885e-01,-9.428847432136535645e-01,-1.526112705469131470e-01,8.053495883941650391e-01,-1.239392518997192383e+00,5.400011315941810608e-03,8.442394733428955078e-01,-8.377599716186523438e-01
-1.615283012390136719e+00,5.261212959885597229e-02,3.275553286075592041e-01,1.316904462873935699e-02,-8.101311512291431427e-03,-4.984941184520721436e-01,-8.667551875114440918e-01,-4.761015474796295166e-01,-2.004698216915130615e-01,-8.377599716186523438e-01,4.411435425281524658e-01,3.343635797500610352e-01,-9.684386253356933594e-01,-1.548697352409362793e-01,8.073205947875976562e-01,-1.233860969543457031e+00,3.592112567275762558e-03,8.440518379211425781e-01,-8.377599716186523438e-01
-1.614710688591003418e+00,5.538125708699226379e-02,3.270196616649627686e-01,1.622974872589111328e-02,-8.774010464549064636e-03,-4.961359798908233643e-01,-8.680487871170043945e-01,-4.787842929363250732e-01,-1.984123885631561279e-01,-8.377599716186523438e-01,4.497635960578918457e-01,3.529953956604003906e-01,-9.936339855194091797e-01,-1.558668166399002075e-01,8.093423843383789062e-01,-1.227988600730895996e+00,3.519711550325155258e-03,8.449011445045471191e-01,-8.377599716186523438e-01
-1.614186286926269531e+00,5.821301788091659546e-02,3.265998661518096924e-01,1.939007639884948730e-02,-9.235679171979427338e-03,-4.942413866519927979e-01,-8.690593838691711426e-01,-4.789483845233917236e-01,-1.941225528717041016e-01,-8.377599716186523438e-01,4.577810168266296387e-01,3.705735206604003906e-01,-1.016461610794067383e+00,-1.561014950275421143e-01,8.109965920448303223e-01,-1.221445441246032715e+00,4.655566066503524780e-03,8.464701175689697266e-01,-8.377599716186523438e-01
-1.613712310791015625e+00,6.109258532524108887e-02,3.263168334960937500e-01,2.271164767444133759e-02,-9.271390736103057861e-03,-4.928398132324218750e-01,-8.697742223739624023e-01,-4.761942923069000244e-01,-1.872826367616653442e-01,-8.377599716186523438e-01,4.657673239707946777e-01,3.883161246776580811e-01,-1.037647604942321777e+00,-1.551983207464218140e-01,8.127576708793640137e-01,-1.214325189590454102e+00,7.394692860543727875e-03,8.489030599594116211e-01,-8.377599716186523438e-01
-1.613285064697265625e+00,6.403410434722900391e-02,3.261721432209014893e-01,2.604948543012142181e-02,-9.093821048736572266e-03,-4.920255243778228760e-01,-8.701434731483459473e-01,-4.708116948604583740e-01,-1.774798333644866943e-01,-8.377599716186523438e-01,4.724434614181518555e-01,4.058423042297363281e-01,-1.057087898254394531e+00,-1.533877402544021606e-01,8.141392469406127930e-01,-1.206352233886718750e+00,1.112385187298059464e-02,8.519163131713867188e-01,-8.377599716186523438e-01
-1.612915873527526855e+00,6.701587885618209839e-02,3.261135816574096680e-01,2.940499037504196167e-02,-9.012507274746894836e-03,-4.916492998600006104e-01,-8.702499866485595703e-01,-4.624875485897064209e-01,-1.653043776750564575e-01,-8.377599716186523438e-01,4.789131879806518555e-01,4.230340719223022461e-01,-1.076701164245605469e+00,-1.511347293853759766e-01,8.142443895339965820e-01,-1.196810960769653320e+00,1.580399088561534882e-02,8.552287817001342773e-01,-8.377599716186523438e-01
-1.612507700920104980e+00,7.007253170013427734e-02,3.261012136936187744e-01,3.297239914536476135e-02,-9.427760727703571320e-03,-4.915127456188201904e-01,-8.701949119567871094e-01,-4.515486657619476318e-01,-1.527583152055740356e-01,-8.377599716186523438e-01,4.848200380802154541e-01,4.392448663711547852e-01,-1.096515655517578125e+00,-1.482584476470947266e-01,8.118526935577392578e-01,-1.184579610824584961e+00,2.119651064276695251e-02,8.569638729095458984e-01,-8.377599716186523438e-01
-1.611927270889282227e+00,7.324956357479095459e-02,3.259994983673095703e-01,3.695628792047500610e-02,-1.057222671806812286e-02,-4.910123050212860107e-01,-8.703041672706604004e-01,-4.423652887344360352e-01,-1.466384530067443848e-01,-8.377599716186523438e-01,4.917123317718505859e-01,4.555017650127410889e-01,-1.119001507759094238e+00,-1.458545923233032227e-01,8.072054386138916016e-01,-1.170168638229370117e+00,2.619990147650241852e-02,8.562916517257690430e-01,-8.377599716186523438e-01
-1.611204385757446289e+00,7.655887305736541748e-02,3.260493874549865723e-01,4.079396277666091919e-02,-1.208085473626852036e-02,-4.901662468910217285e-01,-8.705900311470031738e-01,-4.384312331676483154e-01,-1.476130634546279907e-01,-8.377599716186523438e-01,4.983575344085693359e-01,4.712712466716766357e-01,-1.140507102012634277e+00,-1.442932486534118652e-01,8.009632229804992676e-01,-1.152734637260437012e+00,3.012836724519729614e-02,8.539409637451171875e-01,-8.377599716186523438e-01
-1.610599040985107422e+00,7.984852790832519531e-02,3.267213106155395508e-01,4.353571683168411255e-02,-1.351875811815261841e-02,-4.899467527866363525e-01,-8.705596327781677246e-01,-4.373694658279418945e-01,-1.443253606557846069e-01,-8.377599716186523438e-01,5.006591081619262695e-01,4.848699271678924561e-01,-1.155634164810180664e+00,-1.434360593557357788e-01,7.925552725791931152e-01,-1.130381345748901367e+00,3.329971805214881897e-02,8.513247966766357422e-01,-8.377599716186523438e-01
-1.609869718551635742e+00,8.316528052091598511e-02,3.275382518768310547e-01,4.605379700660705566e-02,-1.551844738423824310e-02,-4.896485507488250732e-01,-8.705644607543945312e-01,-4.361810088157653809e-01,-1.424855291843414307e-01,-8.377599716186523438e-01,5.020914673805236816e-01,4.975376129150390625e-01,-1.170234084129333496e+00,-1.431094110012054443e-01,7.813334465026855469e-01,-1.104116797447204590e+00,3.536617010831832886e-02,8.458369970321655273e-01,-8.377599716186523438e-01
-1.608998417854309082e+00,8.650778234004974365e-02,3.284124433994293213e-01,4.863097891211509705e-02,-1.809734292328357697e-02,-4.891155362129211426e-01,-8.706741333007812500e-01,-4.367595016956329346e-01,-1.435939967632293701e-01,-8.377599716186523438e-01,5.036042928695678711e-01,5.102168917655944824e-01,-1.186048507690429688e+00,-1.431166231632232666e-01,7.673099040985107422e-01,-1.074079036712646484e+00,3.639126196503639221e-02,8.367680907249450684e-01,-8.377599716186523438e-01
-1.608123660087585449e+00,8.985126763582229614e-02,3.294053971767425537e-01,5.133781954646110535e-02,-2.108934521675109863e-02,-4.887884557247161865e-01,-8.706350922584533691e-01,-4.368330538272857666e-01,-1.456774920225143433e-01,-8.377599716186523438e-01,5.040154457092285156e-01,5.221497416496276855e-01,-1.202573299407958984e+00,-1.430235207080841064e-01,7.501592636108398438e-01,-1.040413379669189453e+00,3.741663321852684021e-02,8.234849572181701660e-01,-8.377599716186523438e-01
-1.607242584228515625e+00,9.318252652883529663e-02,3.306288421154022217e-01,5.438471958041191101e-02,-2.428922615945339203e-02,-4.885013699531555176e-01,-8.705278635025024414e-01,-4.361823201179504395e-01,-1.486006677150726318e-01,-8.377599716186523438e-01,5.049254298210144043e-01,5.344452261924743652e-01,-1.219939589500427246e+00,-1.421037018299102783e-01,7.298130989074707031e-01,-1.002533197402954102e+00,3.871688619256019592e-02,8.046017885208129883e-01,-8.377599716186523438e-01
-1.606414794921875000e+00,9.648335725069046021e-02,3.320461809635162354e-01,5.769862607121467590e-02,-2.755533345043659210e-02,-4.881594479084014893e-01,-8.704090714454650879e-01,-4.350860714912414551e-01,-1.520876884460449219e-01,-8.377599716186523438e-01,5.055320858955383301e-01,5.463558435440063477e-01,-1.237344741821289062e+00,-1.404094994068145752e-01,7.070449590682983398e-01,-9.613845944404602051e-01,3.992129489779472351e-02,7.807111144065856934e-01,-8.378016352653503418e-01
-1.605624198913574219e+00,9.964694082736968994e-02,3.335148096084594727e-01,6.087512150406837463e-02,-3.056781180202960968e-02,-4.878179728984832764e-01,-8.702835440635681152e-01,-4.336653351783752441e-01,-1.549954712390899658e-01,-8.377599716186523438e-01,5.077400803565979004e-01,5.596374273300170898e-01,-1.256163954734802246e+00,-1.385356634855270386e-01,6.838033199310302734e-01,-9.187356829643249512e-01,4.132635146379470825e-02,7.554304003715515137e-01,-8.422777056694030762e-01
-1.604828476905822754e+00,1.024137660861015320e-01,3.344359099864959717e-01,6.230618804693222046e-02,-3.262478113174438477e-02,-4.877182245254516602e-01,-8.701635003089904785e-01,-4.334387183189392090e-01,-1.543307900428771973e-01,-8.377599716186523438e-01,5.072598457336425781e-01,5.770192146301269531e-01,-1.277221918106079102e+00,-1.384336948394775391e-01,6.682329177856445312e-01,-8.849590420722961426e-01,4.194846004247665405e-02,7.429124712944030762e-01,-8.705356717109680176e-01
-1.604019045829772949e+00,1.050050780177116394e-01,3.350699841976165771e-01,6.272901594638824463e-02,-3.376834467053413391e-02,-4.874492585659027100e-01,-8.702402114868164062e-01,-4.329625666141510010e-01,-1.510432362556457520e-01,-8.377599716186523438e-01,5.071772933006286621e-01,5.977859497070312500e-01,-1.300379633903503418e+00,-1.389968842267990112e-01,6.595886349678039551e-01,-8.599545955657958984e-01,4.190919548273086548e-02,7.346480488777160645e-01,-9.066376686096191406e-01
-1.603201985359191895e+00,1.074663400650024414e-01,3.354966044425964355e-01,6.260756403207778931e-02,-3.414432331919670105e-02,-4.871403574943542480e-01,-8.704072237014770508e-01,-4.319424629211425781e-01,-1.460995972156524658e-01,-8.377599716186523438e-01,5.076135993003845215e-01,6.225559711456298828e-01,-1.327198505401611328e+00,-1.401010900735855103e-01,6.560189127922058105e-01,-8.405878543853759766e-01,4.197026044130325317e-02,7.265714406967163086e-01,-9.429873824119567871e-01
-1.602464437484741211e+00,1.097400039434432983e-01,3.355572819709777832e-01,6.218711659312248230e-02,-3.295208513736724854e-02,-4.866347312927246094e-01,-8.707661032676696777e-01,-4.284175932407379150e-01,-1.382843255996704102e-01,-8.377599716186523438e-01,5.108510851860046387e-01,6.522849798202514648e-01,-1.358517408370971680e+00,-1.411176621913909912e-01,6.640985608100891113e-01,-8.377670645713806152e-01,4.291811212897300720e-02,7.205844521522521973e-01,-9.792815446853637695e-01
-1.601664066314697266e+00,1.119102016091346741e-01,3.354784548282623291e-01,6.143950298428535461e-02,-3.140857070684432983e-02,-4.861309230327606201e-01,-8.711575269699096680e-01,-4.243758618831634521e-01,-1.294508874416351318e-01,-8.377599716186523438e-01,5.150442719459533691e-01,6.850802898406982422e-01,-1.395474672317504883e+00,-1.422426402568817139e-01,6.748074889183044434e-01,-8.377600312232971191e-01,4.435935989022254944e-02,7.134057283401489258e-01,-1.011917591094970703e+00
-1.600835084915161133e+00,1.139535680413246155e-01,3.353602886199951172e-01,6.040883436799049377e-02,-2.986839599907398224e-02,-4.858345091342926025e-01,-8.714490532875061035e-01,-4.212196767330169678e-01,-1.203000172972679138e-01,-8.377599716186523438e-01,5.198612213134765625e-01,7.185050249099731445e-01,-1.437273025512695312e+00,-1.433518677949905396e-01,6.856923699378967285e-01,-8.377599716186523438e-01,4.609391838312149048e-02,7.031397819519042969e-01,-1.038379549980163574e+00
-1.599974989891052246e+00,1.159124672412872314e-01,3.352379202842712402e-01,5.894636362791061401e-02,-2.852643281221389771e-02,-4.855317473411560059e-01,-8.717628717422485352e-01,-4.189228117465972900e-01,-1.111432313919067383e-01,-8.377599716186523438e-01,5.256485939025878906e-01,7.538797855377197266e-01,-1.485647201538085938e+00,-1.449258625507354736e-01,6.963906884193420410e-01,-8.377599716186523438e-01,4.753625765442848206e-02,6.899445652961730957e-01,-1.059167623519897461e+00
-1.599085450172424316e+00,1.177564784884452820e-01,3.350559473037719727e-01,5.702048540115356445e-02,-2.748047746717929840e-02,-4.852008223533630371e-01,-8.721087574958801270e-01,-4.177830219268798828e-01,-1.024362593889236450e-01,-8.377599716186523438e-01,5.327569842338562012e-01,7.893434166908264160e-01,-1.539978504180908203e+00,-1.471447050571441650e-01,7.069147825241088867e-01,-8.377599716186523438e-01,4.839479550719261169e-02,6.753105521202087402e-01,-1.075648427009582520e+00
-1.598136186599731445e+00,1.195010840892791748e-01,3.347997069358825684e-01,5.457375943660736084e-02,-2.652911655604839325e-02,-4.848905205726623535e-01,-8.724672794342041016e-01,-4.173835217952728271e-01,-9.357700496912002563e-02,-8.377599716186523438e-01,5.401365160942077637e-01,8.250688910484313965e-01,-1.600167632102966309e+00,-1.500623822212219238e-01,7.178305387496948242e-01,-8.377599716186523438e-01,4.903345555067062378e-02,6.604362726211547852e-01,-1.090011715888977051e+00
-1.597182035446166992e+00,1.211635321378707886e-01,3.344935774803161621e-01,5.124910175800323486e-02,-2.611175738275051117e-02,-4.845284819602966309e-01,-8.728824853897094727e-01,-4.188499152660369873e-01,-8.437133580446243286e-02,-8.377599716186523438e-01,5.468850135803222656e-01,8.573474287986755371e-01,-1.663458704948425293e+00,-1.545023620128631592e-01,7.282692790031433105e-01,-8.377599716186523438e-01,4.809238761663436890e-02,6.452707052230834961e-01,-1.103440761566162109e+00
-1.596181392669677734e+00,1.227205395698547363e-01,3.340999484062194824e-01,4.754647612571716309e-02,-2.594882063567638397e-02,-4.841786026954650879e-01,-8.732909560203552246e-01,-4.212363660335540771e-01,-7.562154531478881836e-02,-8.377599716186523438e-01,5.526215434074401855e-01,8.835724592208862305e-01,-1.725403904914855957e+00,-1.594605892896652222e-01,7.384835481643676758e-01,-8.377599716186523438e-01,4.709740355610847473e-02,6.307380795478820801e-01,-1.116634964942932129e+00
-1.595126509666442871e+00,1.241889670491218567e-01,3.336365222930908203e-01,4.325718432664871216e-02,-2.597030065953731537e-02,-4.838342964649200439e-01,-8.737040162086486816e-01,-4.244798123836517334e-01,-6.652514636516571045e-02,-8.377599716186523438e-01,5.542105436325073242e-01,9.029694795608520508e-01,-1.782060384750366211e+00,-1.653173565864562988e-01,7.489416599273681641e-01,-8.377599716186523438e-01,4.545947164297103882e-02,6.178810596466064453e-01,-1.131815314292907715e+00
-1.594035863876342773e+00,1.255829632282257080e-01,3.330760002136230469e-01,3.800032660365104675e-02,-2.640306390821933746e-02,-4.834147691726684570e-01,-8.741676211357116699e-01,-4.293589293956756592e-01,-5.728974938392639160e-02,-8.377599716186523438e-01,5.490903854370117188e-01,9.130917787551879883e-01,-1.828676342964172363e+00,-1.729401499032974243e-01,7.595986723899841309e-01,-8.377599716186523438e-01,4.256287589669227600e-02,6.075509786605834961e-01,-1.149022579193115234e+00
-1.592956662178039551e+00,1.267874389886856079e-01,3.325016796588897705e-01,3.227792307734489441e-02,-2.708385512232780457e-02,-4.833343923091888428e-01,-8.744212388992309570e-01,-4.361108541488647461e-01,-4.840362817049026489e-02,-8.377599716186523438e-01,5.356673598289489746e-01,9.140638113021850586e-01,-1.865466237068176270e+00,-1.815444231033325195e-01,7.696112990379333496e-01,-8.377599716186523438e-01,3.843995183706283569e-02,5.986554622650146484e-01,-1.167176127433776855e+00
-1.591899394989013672e+00,1.278313696384429932e-01,3.318389058113098145e-01,2.585455402731895447e-02,-2.806795388460159302e-02,-4.833290278911590576e-01,-8.746066689491271973e-01,-4.441554844379425049e-01,-3.929758816957473755e-02,-8.377599716186523438e-01,5.143024921417236328e-01,9.067313671112060547e-01,-1.887997984886169434e+00,-1.916671842336654663e-01,7.795720100402832031e-01,-8.377599716186523438e-01,3.347199037671089172e-02,5.919831395149230957e-01,-1.186033844947814941e+00
-1.590683102607727051e+00,1.290332823991775513e-01,3.311157226562500000e-01,1.874137297272682190e-02,-2.921844646334648132e-02,-4.825281500816345215e-01,-8.751923441886901855e-01,-4.518578052520751953e-01,-2.942003868520259857e-02,-8.377599716186523438e-01,4.870916903018951416e-01,8.953999876976013184e-01,-1.903451323509216309e+00,-2.026108801364898682e-01,7.905963063240051270e-01,-8.377599716186523438e-01,2.850797027349472046e-02,5.890046358108520508e-01,-1.205401539802551270e+00
-1.589411139488220215e+00,1.302089691162109375e-01,3.303087949752807617e-01,1.106461044400930405e-02,-3.050243109464645386e-02,-4.815551638603210449e-01,-8.758149147033691406e-01,-4.604606628417968750e-01,-1.939279213547706604e-02,-8.377599716186523438e-01,4.538293182849884033e-01,8.789902925491333008e-01,-1.908665657043457031e+00,-2.144310921430587769e-01,8.019583821296691895e-01,-8.377599716186523438e-01,2.332586795091629028e-02,5.894354581832885742e-01,-1.223546981811523438e+00
-1.588130712509155273e+00,1.313792616128921509e-01,3.294804990291595459e-01,2.922564046457409859e-03,-3.184218332171440125e-02,-4.806219339370727539e-01,-8.763447403907775879e-01,-4.696127772331237793e-01,-8.629077114164829254e-03,-8.377599716186523438e-01,4.164496660232543945e-01,8.570588231086730957e-01,-1.904860138893127441e+00,-2.268986701965332031e-01,8.138018250465393066e-01,-8.377599716186523438e-01,1.801343075931072235e-02,5.928888916969299316e-01,-1.239530324935913086e+00
-1.586838960647583008e+00,1.325392872095108032e-01,3.286131620407104492e-01,-5.304906982928514481e-03,-3.316421061754226685e-02,-4.792967438697814941e-01,-8.770100474357604980e-01,-4.785151481628417969e-01,1.705004018731415272e-03,-8.377599716186523438e-01,3.770970702171325684e-01,8.318457007408142090e-01,-1.891878604888916016e+00,-2.398281991481781006e-01,8.257406353950500488e-01,-8.377599716186523438e-01,1.350217591971158981e-02,5.987281799316406250e-01,-1.253390669822692871e+00
-1.585513472557067871e+00,1.336561888456344604e-01,3.277513682842254639e-01,-1.338932849466800690e-02,-3.431123867630958557e-02,-4.778391122817993164e-01,-8.776748776435852051e-01,-4.869562387466430664e-01,1.197161711752414703e-02,-8.377599716186523438e-01,3.387873172760009766e-01,8.042373061180114746e-01,-1.878097295761108398e+00,-2.524420619010925293e-01,8.378665447235107422e-01,-8.377599716186523438e-01,1.009072829037904739e-02,6.070187091827392578e-01,-1.264486789703369141e+00
-1.584237098693847656e+00,1.347976177930831909e-01,3.269251286983489990e-01,-2.128200232982635498e-02,-3.545209392905235291e-02,-4.759822189807891846e-01,-8.784822821617126465e-01,-4.944669902324676514e-01,2.189331687986850739e-02,-8.377599716186523438e-01,3.018338680267333984e-01,7.756447792053222656e-01,-1.864117741584777832e+00,-2.650600075721740723e-01,8.496083021163940430e-01,-8.377599716186523438e-01,5.561477970331907272e-03,6.184036731719970703e-01,-1.276206612586975098e+00
-1.582965493202209473e+00,1.359113901853561401e-01,3.261329829692840576e-01,-2.873192168772220612e-02,-3.656654804944992065e-02,-4.739787876605987549e-01,-8.793073892593383789e-01,-5.012189149856567383e-01,3.096060827374458313e-02,-8.377599716186523438e-01,2.650510072708129883e-01,7.451903223991394043e-01,-1.844813108444213867e+00,-2.772540748119354248e-01,8.607030510902404785e-01,-8.377599716186523438e-01,1.865316007751971483e-04,6.341164112091064453e-01,-1.290516018867492676e+00
-1.581712126731872559e+00,1.370119601488113403e-01,3.254433572292327881e-01,-3.554564341902732849e-02,-3.735550493001937866e-02,-4.716248214244842529e-01,-8.802903294563293457e-01,-5.058381557464599609e-01,4.023664444684982300e-02,-8.377599716186523438e-01,2.312641441822052002e-01,7.125539183616638184e-01,-1.823800802230834961e+00,-2.884150445461273193e-01,8.715291619300842285e-01,-8.377599716186523438e-01,-4.592276178300380707e-03,6.516026258468627930e-01,-1.304710268974304199e+00
-1.580417156219482422e+00,1.380275338888168335e-01,3.248413503170013428e-01,-4.118924215435981750e-02,-3.775258734822273254e-02,-4.689174592494964600e-01,-8.814730048179626465e-01,-5.079779624938964844e-01,4.792742058634757996e-02,-8.377599716186523438e-01,1.982094496488571167e-01,6.753242611885070801e-01,-1.792857646942138672e+00,-2.977429628372192383e-01,8.817527294158935547e-01,-8.377599716186523438e-01,-7.356027606874704361e-03,6.658537387847900391e-01,-1.314718008041381836e+00
-1.579147696495056152e+00,1.389482170343399048e-01,3.244710564613342285e-01,-4.542084038257598877e-02,-3.778831288218498230e-02,-4.659952819347381592e-01,-8.828122019767761230e-01,-5.070237517356872559e-01,5.478052794933319092e-02,-8.377599716186523438e-01,1.668116152286529541e-01,6.328032612800598145e-01,-1.752620100975036621e+00,-3.047139346599578857e-01,8.907296657562255859e-01,-8.377599716186523438e-01,-8.978574536740779877e-03,6.756483912467956543e-01,-1.324078679084777832e+00
-1.577835679054260254e+00,1.398129761219024658e-01,3.241647183895111084e-01,-4.960152879357337952e-02,-3.798711672425270081e-02,-4.631748199462890625e-01,-8.840620517730712891e-01,-5.060563087463378906e-01,6.169286370277404785e-02,-8.377599716186523438e-01,1.341280192136764526e-01,5.858743786811828613e-01,-1.704130411148071289e+00,-3.120457231998443604e-01,8.991575837135314941e-01,-8.377599716186523438e-01,-1.163162477314472198e-02,6.848146915435791016e-01,-1.331835627555847168e+00
-1.576642274856567383e+00,1.405691504478454590e-01,3.240842223167419434e-01,-5.253178998827934265e-02,-3.797128051519393921e-02,-4.600138068199157715e-01,-8.855426907539367676e-01,-5.027329325675964355e-01,6.684628874063491821e-02,-8.377599716186523438e-01,1.016731709241867065e-01,5.307692289352416992e-01,-1.640886783599853516e+00,-3.183679282665252686e-01,9.060610532760620117e-01,-8.377599716186523438e-01,-1.328402571380138397e-02,6.905602812767028809e-01,-1.334486246109008789e+00
-1.575341939926147461e+00,1.413741856813430786e-01,3.240209519863128662e-01,-5.540137737989425659e-02,-3.758206963539123535e-02,-4.573732614517211914e-01,-8.867513537406921387e-01,-4.995901584625244141e-01,7.440188527107238770e-02,-8.377599716186523438e-01,6.678653508424758911e-02,4.705793261528015137e-01,-1.565683841705322266e+00,-3.232711553573608398e-01,9.141207933425903320e-01,-8.377599716186523438e-01,-1.455690991133451462e-02,6.989419460296630859e-01,-1.339440584182739258e+00
-1.574062943458557129e+00,1.421918869018554688e-01,3.240767121315002441e-01,-5.709502100944519043e-02,-3.657016530632972717e-02,-4.544795453548431396e-01,-8.881729245185852051e-01,-4.936942160129547119e-01,8.177290111780166626e-02,-8.377599716186523438e-01,3.243282809853553772e-02,4.039036929607391357e-01,-1.477560281753540039e+00,-3.251453936100006104e-01,9.223231673240661621e-01,-8.377599716186523438e-01,-1.347641553729772568e-02,7.071365714073181152e-01,-1.341827869415283203e+00
-1.572894334793090820e+00,1.430601179599761963e-01,3.242308795452117920e-01,-5.733831599354743958e-02,-3.483762592077255249e-02,-4.513032436370849609e-01,-8.898449540138244629e-01,-4.845946729183197021e-01,8.824215084314346313e-02,-8.377599716186523438e-01,2.336800389457494020e-04,3.296575844287872314e-01,-1.377583861351013184e+00,-3.240345120429992676e-01,9.307630062103271484e-01,-8.377599716186523438e-01,-9.105800651013851166e-03,7.143944501876831055e-01,-1.342664957046508789e+00
-1.571847558021545410e+00,1.440076678991317749e-01,3.245851099491119385e-01,-5.603302642703056335e-02,-3.220335394144058228e-02,-4.476814866065979004e-01,-8.918545246124267578e-01,-4.710955321788787842e-01,9.561173617839813232e-02,-8.377599716186523438e-01,-2.871221676468849182e-02,2.496054172515869141e-01,-1.266504764556884766e+00,-3.195002079010009766e-01,9.393419623374938965e-01,-8.377599716186523438e-01,-7.126680575311183929e-04,7.210329174995422363e-01,-1.341910004615783691e+00
-1.570891618728637695e+00,1.450185030698776245e-01,3.250277340412139893e-01,-5.404260009527206421e-02,-2.938322536647319794e-02,-4.438447952270507812e-01,-8.939898610115051270e-01,-4.565783143043518066e-01,1.025773882865905762e-01,-8.377599716186523438e-01,-5.635270476341247559e-02,1.646717041730880737e-01,-1.147802829742431641e+00,-3.136195540428161621e-01,9.476712346076965332e-01,-8.377599716186523438e-01,8.737185038626194000e-03,7.269032597541809082e-01,-1.340173840522766113e+00
-1.569985151290893555e+00,1.460803300142288208e-01,3.255645632743835449e-01,-5.145768821239471436e-02,-2.637860924005508423e-02,-4.396904408931732178e-01,-8.962860107421875000e-01,-4.407939314842224121e-01,1.092622578144073486e-01,-8.377599716186523438e-01,-8.065274357795715332e-02,7.763329893350601196e-02,-1.025122404098510742e+00,-3.069612085819244385e-01,9.557501077651977539e-01,-8.377599716186523438e-01,1.974885538220405579e-02,7.320238351821899414e-01,-1.337217450141906738e+00
-1.569087862968444824e+00,1.471640616655349731e-01,3.260861039161682129e-01,-4.909280315041542053e-02,-2.346098609268665314e-02,-4.355745613574981689e-01,-8.985067009925842285e-01,-4.254859387874603271e-01,1.162923499941825867e-01,-8.377599716186523438e-01,-1.015555188059806824e-01,-6.933719385415315628e-03,-9.041298627853393555e-01,-3.012302219867706299e-01,9.643777608871459961e-01,-8.377599716186523438e-01,3.022923693060874939e-02,7.376886010169982910e-01,-1.334845304489135742e+00
-1.567543983459472656e+00,1.482902169227600098e-01,3.255807161331176758e-01,-5.227985978126525879e-02,-2.532743290066719055e-02,-4.300542771816253662e-01,-9.009321331977844238e-01,-4.215454161167144775e-01,1.200725883245468140e-01,-8.377599716186523438e-01,-1.288756579160690308e-01,-6.936401873826980591e-02,-8.377661705017089844e-01,-3.111996948719024658e-01,9.693964719772338867e-01,-8.377599716186523438e-01,2.642715163528919220e-02,7.434215545654296875e-01,-1.339027523994445801e+00
-1.565152883529663086e+00,1.494684815406799316e-01,3.240659236907958984e-01,-6.012701615691184998e-02,-3.062157891690731049e-02,-4.231193065643310547e-01,-9.035580158233642578e-01,-4.255332648754119873e-01,1.223205551505088806e-01,-8.377599716186523438e-01,-1.580255329608917236e-01,-1.006152555346488953e-01,-8.377600312232971191e-01,-3.341608643531799316e-01,9.739213585853576660e-01,-8.377599716186523438e-01,1.127925608307123184e-02,7.517529129981994629e-01,-1.351301312446594238e+00
-1.562704086303710938e+00,1.506406366825103760e-01,3.228825926780700684e-01,-6.716598570346832275e-02,-3.439174592494964600e-02,-4.162244200706481934e-01,-9.061253666877746582e-01,-4.259553551673889160e-01,1.274116337299346924e-01,-8.377599716186523438e-01,-1.810207217931747437e-01,-1.246580779552459717e-01,-8.377599716186523438e-01,-3.560213744640350342e-01,9.806942343711853027e-01,-8.377599716186523438e-01,-1.966070150956511497e-03,7.614610791206359863e-01,-1.362781643867492676e+00
-1.560286283493041992e+00,1.517638713121414185e-01,3.220060169696807861e-01,-7.322053611278533936e-02,-3.701466321945190430e-02,-4.099987745285034180e-01,-9.083884954452514648e-01,-4.250873625278472900e-01,1.340322345495223999e-01,-8.377599716186523438e-01,-1.994254589080810547e-01,-1.410652548074722290e-01,-8.377599716186523438e-01,-3.748663365840911865e-01,9.879153370857238770e-01,-8.377599716186523438e-01,-1.256603654474020004e-02,7.712407708168029785e-01,-1.372587084770202637e+00
-1.558007836341857910e+00,1.527727991342544556e-01,3.211174905300140381e-01,-7.734925299882888794e-02,-3.925082460045814514e-02,-4.044947326183319092e-01,-9.104177355766296387e-01,-4.225592315196990967e-01,1.451594084501266479e-01,-8.491241335868835449e-01,-2.138101905584335327e-01,-1.534408479928970337e-01,-8.377599716186523438e-01,-3.893546462059020996e-01,9.936087727546691895e-01,-8.377599716186523438e-01,-1.951987668871879578e-02,7.784708738327026367e-01,-1.379308581352233887e+00
-1.555953383445739746e+00,1.537251919507980347e-01,3.201555013656616211e-01,-7.934705168008804321e-02,-4.142672196030616760e-02,-3.997257351875305176e-01,-9.122539162635803223e-01,-4.187220036983489990e-01,1.604117900133132935e-01,-8.735394477844238281e-01,-2.243334352970123291e-01,-1.625828295946121216e-01,-8.377599716186523438e-01,-3.983024060726165771e-01,9.969010949134826660e-01,-8.377599716186523438e-01,-2.281710132956504822e-02,7.820375561714172363e-01,-1.383048534393310547e+00
-1.554028630256652832e+00,1.545866578817367554e-01,3.192688822746276855e-01,-8.045784384012222290e-02,-4.333076253533363342e-02,-3.957267105579376221e-01,-9.138103127479553223e-01,-4.144940376281738281e-01,1.761297881603240967e-01,-8.993299007415771484e-01,-2.327354848384857178e-01,-1.668007820844650269e-01,-8.377599716186523438e-01,-4.049156010150909424e-01,9.994357824325561523e-01,-8.377599716186523438e-01,-2.474101446568965912e-02,7.842696309089660645e-01,-1.384642362594604492e+00
-1.552244067192077637e+00,1.553606241941452026e-01,3.185047805309295654e-01,-8.135272562503814697e-02,-4.485009983181953430e-02,-3.920621275901794434e-01,-9.152362942695617676e-01,-4.101153314113616943e-01,1.903134882450103760e-01,-9.217372536659240723e-01,-2.396059930324554443e-01,-1.662941277027130127e-01,-8.377599716186523438e-01,-4.101805984973907471e-01,1.002196311950683594e+00,-8.377599716186523438e-01,-2.613393403589725494e-02,7.863767147064208984e-01,-1.385722041130065918e+00
-1.550566792488098145e+00,1.560415476560592651e-01,3.179011940956115723e-01,-8.216319978237152100e-02,-4.591458290815353394e-02,-3.886235952377319336e-01,-9.165766835212707520e-01,-4.055948853492736816e-01,2.032217681407928467e-01,-9.403129816055297852e-01,-2.445911914110183716e-01,-1.614097356796264648e-01,-8.377599716186523438e-01,-4.148288071155548096e-01,1.005321264266967773e+00,-8.377599716186523438e-01,-2.675632946193218231e-02,7.887722849845886230e-01,-1.386602997779846191e+00
-1.549036502838134766e+00,1.566604375839233398e-01,3.174179196357727051e-01,-8.318249136209487915e-02,-4.656659066677093506e-02,-3.855074346065521240e-01,-9.177669882774353027e-01,-4.014358520507812500e-01,2.157335281372070312e-01,-9.553918242454528809e-01,-2.488550394773483276e-01,-1.522428393363952637e-01,-8.377599716186523438e-01,-4.189573824405670166e-01,1.009159684181213379e+00,-8.377599716186523438e-01,-2.726677432656288147e-02,7.919793128967285156e-01,-1.387417316436767578e+00
-1.547647476196289062e+00,1.572320163249969482e-01,3.170188665390014648e-01,-8.419292420148849487e-02,-4.683214053511619568e-02,-3.825536966323852539e-01,-9.188966155052185059e-01,-3.972128629684448242e-01,2.270011901855468750e-01,-9.673339724540710449e-01,-2.521813213825225830e-01,-1.399672925472259521e-01,-8.377599716186523438e-01,-4.226711988449096680e-01,1.013796567916870117e+00,-8.377599716186523438e-01,-2.740841545164585114e-02,7.959818243980407715e-01,-1.389078021049499512e+00
-1.546340346336364746e+00,1.578063666820526123e-01,3.167651593685150146e-01,-8.515693992376327515e-02,-4.679713398218154907e-02,-3.796240389347076416e-01,-9.200238585472106934e-01,-3.930884003639221191e-01,2.365024685859680176e-01,-9.756429195404052734e-01,-2.536741495132446289e-01,-1.254156082868576050e-01,-8.377599716186523438e-01,-4.255106449127197266e-01,1.018533229827880859e+00,-8.377599716186523438e-01,-2.682743780314922333e-02,8.002772331237792969e-01,-1.390412092208862305e+00
-1.545249223709106445e+00,1.584027558565139771e-01,3.166305720806121826e-01,-8.629351854324340820e-02,-4.701294004917144775e-02,-3.766703307628631592e-01,-9.211203455924987793e-01,-3.896012008190155029e-01,2.450834214687347412e-01,-9.833495616912841797e-01,-2.544667720794677734e-01,-1.098263189196586609e-01,-8.377599716186523438e-01,-4.288032054901123047e-01,1.022263050079345703e+00,-8.377599716186523438e-01,-2.720267884433269501e-02,8.029675483703613281e-01,-1.390375971794128418e+00
-1.544147133827209473e+00,1.589992493391036987e-01,3.167278468608856201e-01,-8.738934248685836792e-02,-4.649383202195167542e-02,-3.740187883377075195e-01,-9.221233129501342773e-01,-3.856015801429748535e-01,2.532011866569519043e-01,-9.858806133270263672e-01,-2.530331313610076904e-01,-9.090552479028701782e-02,-8.377599716186523438e-01,-4.304100275039672852e-01,1.027423024177551270e+00,-8.377599716186523438e-01,-2.614994347095489502e-02,8.076952695846557617e-01,-1.390474438667297363e+00
-1.542703151702880859e+00,1.596436053514480591e-01,3.165009021759033203e-01,-8.828614652156829834e-02,-4.640664532780647278e-02,-3.711158335208892822e-01,-9.232144951820373535e-01,-3.809430599212646484e-01,2.621946036815643311e-01,-9.919516444206237793e-01,-2.504965960979461670e-01,-7.972209155559539795e-02,-8.377599716186523438e-01,-4.312021136283874512e-01,1.032304286956787109e+00,-8.377599716186523438e-01,-2.418643981218338013e-02,8.129085302352905273e-01,-1.391806960105895996e+00
-1.540986895561218262e+00,1.604268550872802734e-01,3.156901597976684570e-01,-8.935057371854782104e-02,-4.803016036748886108e-02,-3.676960170269012451e-01,-9.243966937065124512e-01,-3.776878714561462402e-01,2.734632492065429688e-01,-1.008520126342773438e+00,-2.493843585252761841e-01,-8.330766856670379639e-02,-8.377599716186523438e-01,-4.338995218276977539e-01,1.034479022026062012e+00,-8.377599716186523438e-01,-2.417579852044582367e-02,8.155808448791503906e-01,-1.392755270004272461e+00
-1.539228439331054688e+00,1.612957268953323364e-01,3.149654269218444824e-01,-9.009910374879837036e-02,-4.961260780692100525e-02,-3.641107082366943359e-01,-9.256587624549865723e-01,-3.739384710788726807e-01,2.859259545803070068e-01,-1.026543855667114258e+00,-2.480478435754776001e-01,-9.228540956974029541e-02,-8.377599716186523438e-01,-4.356800019741058350e-01,1.036265492439270020e+00,-8.377599716186523438e-01,-2.345243096351623535e-02,8.177048563957214355e-01,-1.392593622207641602e+00
-1.537854671478271484e+00,1.621993333101272583e-01,3.148665130138397217e-01,-9.023296087980270386e-02,-4.982174560427665710e-02,-3.613808453083038330e-01,-9.267036914825439453e-01,-3.693331182003021240e-01,2.956428527832031250e-01,-1.035530686378479004e+00,-2.422684282064437866e-01,-9.357186406850814819e-02,-8.377599716186523438e-01,-4.343245029449462891e-01,1.039395332336425781e+00,-8.377599716186523438e-01,-2.028862386941909790e-02,8.205506205558776855e-01,-1.390426158905029297e+00
-1.536620140075683594e+00,1.630716472864151001e-01,3.151332437992095947e-01,-9.023237973451614380e-02,-4.951408877968788147e-02,-3.592395782470703125e-01,-9.275524020195007324e-01,-3.649643957614898682e-01,3.031550645828247070e-01,-1.038604974746704102e+00,-2.347463369369506836e-01,-9.031123667955398560e-02,-8.377599716186523438e-01,-4.316023290157318115e-01,1.042702913284301758e+00,-8.377599716186523438e-01,-1.664167083799839020e-02,8.234343528747558594e-01,-1.386537909507751465e+00
-1.535333156585693359e+00,1.639747470617294312e-01,3.154640197753906250e-01,-9.008138626813888550e-02,-4.916972294449806213e-02,-3.568681776523590088e-01,-9.285002946853637695e-01,-3.596536517143249512e-01,3.106716275215148926e-01,-1.041051626205444336e+00,-2.269528955221176147e-01,-8.917906880378723145e-02,-8.377599716186523438e-01,-4.284692704677581787e-01,1.045788288116455078e+00,-8.377599716186523438e-01,-1.259640045464038849e-02,8.258274793624877930e-01,-1.381788730621337891e+00
-1.534020781517028809e+00,1.648868918418884277e-01,3.158639669418334961e-01,-8.970537036657333374e-02,-4.886872693896293640e-02,-3.543963134288787842e-01,-9.294987916946411133e-01,-3.537947237491607666e-01,3.173458874225616455e-01,-1.042764306068420410e+00,-2.192763984203338623e-01,-8.787909150123596191e-02,-8.377599716186523438e-01,-4.252510666847229004e-01,1.048317432403564453e+00,-8.377599716186523438e-01,-8.424513041973114014e-03,8.274263739585876465e-01,-1.376011967658996582e+00
-1.532688617706298828e+00,1.657973676919937134e-01,3.163530230522155762e-01,-8.913319557905197144e-02,-4.878111928701400757e-02,-3.517658412456512451e-01,-9.305570721626281738e-01,-3.476434648036956787e-01,3.239901959896087646e-01,-1.044965386390686035e+00,-2.117434591054916382e-01,-8.709380775690078735e-02,-8.377599716186523438e-01,-4.216128587722778320e-01,1.049528121948242188e+00,-8.377599716186523438e-01,-4.482724238187074661e-03,8.275881409645080566e-01,-1.368622183799743652e+00
-1.531348109245300293e+00,1.667227894067764282e-01,3.169411420822143555e-01,-8.826341480016708374e-02,-4.870361089706420898e-02,-3.489029705524444580e-01,-9.317210912704467773e-01,-3.405731320381164551e-01,3.304947018623352051e-01,-1.047027111053466797e+00,-2.033536583185195923e-01,-8.654982596635818481e-02,-8.377599716186523438e-01,-4.177241623401641846e-01,1.050203084945678711e+00,-8.377599716186523438e-01,-2.742067736107856035e-04,8.266066908836364746e-01,-1.359355211257934570e+00
-1.530004382133483887e+00,1.677137762308120728e-01,3.176476061344146729e-01,-8.702203631401062012e-02,-4.873088002204895020e-02,-3.459841310977935791e-01,-9.329241514205932617e-01,-3.329823315143585205e-01,3.366712629795074463e-01,-1.049036860466003418e+00,-1.937349587678909302e-01,-8.616368472576141357e-02,-8.377599716186523438e-01,-4.127282500267028809e-01,1.049592137336730957e+00,-8.377599716186523438e-01,4.158528987318277359e-03,8.240320086479187012e-01,-1.348016142845153809e+00
-1.528671979904174805e+00,1.687417924404144287e-01,3.184569478034973145e-01,-8.552138507366180420e-02,-4.883718490600585938e-02,-3.427518904209136963e-01,-9.342495203018188477e-01,-3.249229788780212402e-01,3.423862755298614502e-01,-1.050933718681335449e+00,-1.825758516788482666e-01,-8.608894795179367065e-02,-8.377599716186523438e-01,-4.072363972663879395e-01,1.047948956489562988e+00,-8.377599716186523438e-01,8.877315558493137360e-03,8.199348449707031250e-01,-1.335118055343627930e+00
-1.527291178703308105e+00,1.698042750358581543e-01,3.193424940109252930e-01,-8.384840935468673706e-02,-4.907727614045143127e-02,-3.393386602401733398e-01,-9.356335401535034180e-01,-3.163910210132598877e-01,3.483082056045532227e-01,-1.053100585937500000e+00,-1.703839004039764404e-01,-8.648400753736495972e-02,-8.377599716186523438e-01,-4.016359746456146240e-01,1.045186519622802734e+00,-8.377599716186523438e-01,1.365555450320243835e-02,8.147146701812744141e-01,-1.320439100265502930e+00
-1.525887370109558105e+00,1.709046810865402222e-01,3.202865123748779297e-01,-8.200422674417495728e-02,-4.939120262861251831e-02,-3.356083929538726807e-01,-9.371247887611389160e-01,-3.072544038295745850e-01,3.541880548000335693e-01,-1.055352091789245605e+00,-1.573052257299423218e-01,-8.714582026004791260e-02,-8.377599716186523438e-01,-3.960875570774078369e-01,1.041362404823303223e+00,-8.377599716186523438e-01,1.871816068887710571e-02,8.084593415260314941e-01,-1.304665923118591309e+00
-1.524472117424011230e+00,1.720542311668395996e-01,3.212702870368957520e-01,-8.019980043172836304e-02,-4.978606477379798889e-02,-3.316822350025177002e-01,-9.386566281318664551e-01,-2.982464432716369629e-01,3.599106371402740479e-01,-1.057207345962524414e+00,-1.443166732788085938e-01,-8.767186850309371948e-02,-8.377599716186523438e-01,-3.907523155212402344e-01,1.036513090133666992e+00,-8.377599716186523438e-01,2.330460958182811737e-02,8.016089200973510742e-01,-1.287752866744995117e+00
-1.523009419441223145e+00,1.732352674007415771e-01,3.223184943199157715e-01,-7.855100929737091064e-02,-5.048062279820442200e-02,-3.272837698459625244e-01,-9.403014183044433594e-01,-2.892327904701232910e-01,3.658643066883087158e-01,-1.059319853782653809e+00,-1.315950304269790649e-01,-8.889210969209671021e-02,-8.377599716186523438e-01,-3.861695528030395508e-01,1.029327630996704102e+00,-8.377599716186523438e-01,2.724307030439376831e-02,7.934159040451049805e-01,-1.269679188728332520e+00
-1.521510243415832520e+00,1.744872182607650757e-01,3.234613835811614990e-01,-7.713321596384048462e-02,-5.142036452889442444e-02,-3.225095868110656738e-01,-9.420158863067626953e-01,-2.806598842144012451e-01,3.709406256675720215e-01,-1.060224413871765137e+00,-1.184291616082191467e-01,-9.045541286468505859e-02,-8.377599716186523438e-01,-3.820280134677886963e-01,1.019341707229614258e+00,-8.377599716186523438e-01,3.054672293365001678e-02,7.840138077735900879e-01,-1.250138282775878906e+00
-1.519963860511779785e+00,1.758128255605697632e-01,3.248078525066375732e-01,-7.593353837728500366e-02,-5.279617384076118469e-02,-3.173155188560485840e-01,-9.437994956970214844e-01,-2.727174162864685059e-01,3.762764930725097656e-01,-1.061221599578857422e+00,-1.055038198828697205e-01,-9.240392595529556274e-02,-8.377599716186523438e-01,-3.780238330364227295e-01,1.004552245140075684e+00,-8.377599716186523438e-01,3.247326239943504333e-02,7.723152637481689453e-01,-1.227499485015869141e+00
-1.518400311470031738e+00,1.772153675556182861e-01,3.262981474399566650e-01,-7.504622638225555420e-02,-5.471377447247505188e-02,-3.117672801017761230e-01,-9.456086158752441406e-01,-2.654870450496673584e-01,3.808454871177673340e-01,-1.061636090278625488e+00,-9.323448687791824341e-02,-9.526818990707397461e-02,-8.377599716186523438e-01,-3.746634423732757568e-01,9.850488901138305664e-01,-8.377599716186523438e-01,3.287896513938903809e-02,7.579552531242370605e-01,-1.201475024223327637e+00
-1.516814112663269043e+00,1.786239445209503174e-01,3.279300630092620850e-01,-7.446197420358657837e-02,-5.708238482475280762e-02,-3.059097230434417725e-01,-9.474261403083801270e-01,-2.589769661426544189e-01,3.841141462326049805e-01,-1.061128854751586914e+00,-8.142238110303878784e-02,-9.879798442125320435e-02,-8.377599716186523438e-01,-3.721383810043334961e-01,9.611429572105407715e-01,-8.377676010131835938e-01,3.204733133316040039e-02,7.415272593498229980e-01,-1.173380494117736816e+00
-1.515230178833007812e+00,1.800494492053985596e-01,3.296410739421844482e-01,-7.425734400749206543e-02,-5.978950858116149902e-02,-2.998507916927337646e-01,-9.492105245590209961e-01,-2.534030675888061523e-01,3.877784013748168945e-01,-1.060895204544067383e+00,-7.021651417016983032e-02,-1.027765870094299316e-01,-8.377599716186523438e-01,-3.705174326896667480e-01,9.336522221565246582e-01,-8.379358649253845215e-01,3.008597902953624725e-02,7.235962748527526855e-01,-1.143474698066711426e+00
-1.513681650161743164e+00,1.814395487308502197e-01,3.312510550022125244e-01,-7.407796382904052734e-02,-6.236703321337699890e-02,-2.936064004898071289e-01,-9.510089755058288574e-01,-2.477641850709915161e-01,3.918474614620208740e-01,-1.060936927795410156e+00,-5.862177908420562744e-02,-1.066808924078941345e-01,-8.377599716186523438e-01,-3.678757846355438232e-01,9.064165353775024414e-01,-8.438884019851684570e-01,2.812772244215011597e-02,7.056349515914916992e-01,-1.113728165626525879e+00
-1.512456178665161133e+00,1.826359927654266357e-01,3.321415781974792480e-01,-7.343823462724685669e-02,-6.283499300479888916e-02,-2.876749634742736816e-01,-9.528387784957885742e-01,-2.404800951480865479e-01,3.981238007545471191e-01,-1.061036109924316406e+00,-4.503430053591728210e-02,-1.068551912903785706e-01,-8.377599716186523438e-01,-3.645507395267486572e-01,8.957185149192810059e-01,-8.772430419921875000e-01,2.963884547352790833e-02,6.976248025894165039e-01,-1.095798373222351074e+00
-1.511193871498107910e+00,1.838251203298568726e-01,3.326650261878967285e-01,-7.272288203239440918e-02,-6.195296719670295715e-02,-2.820219397544860840e-01,-9.546396136283874512e-01,-2.323023527860641479e-01,4.078206419944763184e-01,-1.061179041862487793e+00,-3.126762807369232178e-02,-1.040265709161758423e-01,-8.377599716186523438e-01,-3.599990904331207275e-01,8.909394145011901855e-01,-9.205849170684814453e-01,3.274032846093177795e-02,6.964603662490844727e-01,-1.085225582122802734e+00
-1.509912252426147461e+00,1.850320696830749512e-01,3.329827785491943359e-01,-7.232984155416488647e-02,-6.042848154902458191e-02,-2.764538228511810303e-01,-9.563943147659301758e-01,-2.244502753019332886e-01,4.191908538341522217e-01,-1.061004400253295898e+00,-1.792723312973976135e-02,-9.944479912519454956e-02,-8.377599716186523438e-01,-3.559956550598144531e-01,8.872154951095581055e-01,-9.638233184814453125e-01,3.588558733463287354e-02,6.996569633483886719e-01,-1.079255938529968262e+00
-1.508604049682617188e+00,1.862498670816421509e-01,3.332510590553283691e-01,-7.189251482486724854e-02,-5.861699208617210388e-02,-2.709271907806396484e-01,-9.581200480461120605e-01,-2.164218127727508545e-01,4.309486150741577148e-01,-1.060456991195678711e+00,-4.573008976876735687e-03,-9.372176229953765869e-02,-8.377599716186523438e-01,-3.510895073413848877e-01,8.809449672698974609e-01,-1.006031036376953125e+00,3.916120156645774841e-02,7.043823599815368652e-01,-1.074906706809997559e+00
-1.507252335548400879e+00,1.874849945306777954e-01,3.335045576095581055e-01,-7.153735309839248657e-02,-5.680725350975990295e-02,-2.654180824756622314e-01,-9.597961306571960449e-01,-2.088815271854400635e-01,4.426403045654296875e-01,-1.059695601463317871e+00,8.193581365048885345e-03,-8.774028718471527100e-02,-8.377599716186523438e-01,-3.454134166240692139e-01,8.719159960746765137e-01,-1.045401811599731445e+00,4.214821010828018188e-02,7.095787525177001953e-01,-1.070749998092651367e+00
-1.505866765975952148e+00,1.887281984090805054e-01,3.337771594524383545e-01,-7.132025808095932007e-02,-5.499504134058952332e-02,-2.601135671138763428e-01,-9.613687396049499512e-01,-2.018942385911941528e-01,4.548774659633636475e-01,-1.059346079826354980e+00,2.052790299057960510e-02,-8.113133907318115234e-02,-8.377599716186523438e-01,-3.396992385387420654e-01,8.590081334114074707e-01,-1.078598976135253906e+00,4.468934237957000732e-02,7.152953743934631348e-01,-1.067512750625610352e+00
-1.504432678222656250e+00,1.899722516536712646e-01,3.340276777744293213e-01,-7.116807997226715088e-02,-5.341121926903724670e-02,-2.547535598278045654e-01,-9.629033803939819336e-01,-1.953143030405044556e-01,4.672584533691406250e-01,-1.059867978096008301e+00,3.230392932891845703e-02,-7.503443211317062378e-02,-8.377599716186523438e-01,-3.332421481609344482e-01,8.423274755477905273e-01,-1.107551813125610352e+00,4.656874388456344604e-02,7.202840447425842285e-01,-1.063164472579956055e+00
-1.502976775169372559e+00,1.912311017513275146e-01,3.342899680137634277e-01,-7.096126675605773926e-02,-5.191600322723388672e-02,-2.496321052312850952e-01,-9.643407464027404785e-01,-1.892074346542358398e-01,4.800923764705657959e-01,-1.061257839202880859e+00,4.384541139006614685e-02,-6.908462196588516235e-02,-8.377599716186523438e-01,-3.261990249156951904e-01,8.225519657135009766e-01,-1.131483316421508789e+00,4.843997582793235779e-02,7.248812913894653320e-01,-1.058312416076660156e+00
-1.501479983329772949e+00,1.924846619367599487e-01,3.345488309860229492e-01,-7.064491510391235352e-02,-5.043627321720123291e-02,-2.446923851966857910e-01,-9.657076001167297363e-01,-1.832038760185241699e-01,4.932762384414672852e-01,-1.063503146171569824e+00,5.477937310934066772e-02,-6.277314573526382446e-02,-8.377599716186523438e-01,-3.183958828449249268e-01,8.004709482192993164e-01,-1.151270985603332520e+00,5.011637881398200989e-02,7.294038534164428711e-01,-1.053620576858520508e+00
-1.500010967254638672e+00,1.937543898820877075e-01,3.348063528537750244e-01,-6.999420374631881714e-02,-4.889349266886711121e-02,-2.397366017103195190e-01,-9.670763015747070312e-01,-1.769083589315414429e-01,5.069062709808349609e-01,-1.066783308982849121e+00,6.648885458707809448e-02,-5.627335608005523682e-02,-8.377599716186523438e-01,-3.097676038742065430e-01,7.767397165298461914e-01,-1.167698979377746582e+00,5.243035033345222473e-02,7.337095737457275391e-01,-1.048728227615356445e+00
-1.498503446578979492e+00,1.950620561838150024e-01,3.349970281124114990e-01,-6.911792606115341187e-02,-4.729254171252250671e-02,-2.349797189235687256e-01,-9.683855772018432617e-01,-1.709071546792984009e-01,5.217293500900268555e-01,-1.072252035140991211e+00,7.796953618526458740e-02,-4.963091760873794556e-02,-8.377599716186523438e-01,-2.998550832271575928e-01,7.523187994956970215e-01,-1.181869626045227051e+00,5.461014807224273682e-02,7.380993962287902832e-01,-1.043461203575134277e+00
-1.497014284133911133e+00,1.963794976472854614e-01,3.351080119609832764e-01,-6.788136810064315796e-02,-4.560130834579467773e-02,-2.301934510469436646e-01,-9.697028398513793945e-01,-1.645851582288742065e-01,5.380222201347351074e-01,-1.080265045166015625e+00,8.987237513065338135e-02,-4.284114018082618713e-02,-8.377599716186523438e-01,-2.890323698520660400e-01,7.276443243026733398e-01,-1.193471193313598633e+00,5.758692696690559387e-02,7.428818345069885254e-01,-1.038131475448608398e+00
-1.495515704154968262e+00,1.977240294218063354e-01,3.351533710956573486e-01,-6.622960418462753296e-02,-4.382498934864997864e-02,-2.256403565406799316e-01,-9.709683060646057129e-01,-1.579371541738510132e-01,5.557230114936828613e-01,-1.091181397438049316e+00,1.022143512964248657e-01,-3.597883880138397217e-02,-8.377599716186523438e-01,-2.769005894660949707e-01,7.033848166465759277e-01,-1.204236268997192383e+00,6.113054975867271423e-02,7.476906180381774902e-01,-1.033283591270446777e+00
-1.494026064872741699e+00,1.990691274404525757e-01,3.351314663887023926e-01,-6.408604234457015991e-02,-4.187271371483802795e-02,-2.211883813142776489e-01,-9.722218513488769531e-01,-1.504785567522048950e-01,5.737369060516357422e-01,-1.103532791137695312e+00,1.154645383358001709e-01,-2.882450446486473083e-02,-8.377599716186523438e-01,-2.634008228778839111e-01,6.804059147834777832e-01,-1.214913129806518555e+00,6.585431843996047974e-02,7.531497478485107422e-01,-1.029285550117492676e+00
-1.492534399032592773e+00,2.004168480634689331e-01,3.350355327129364014e-01,-6.143403798341751099e-02,-3.961633890867233276e-02,-2.167657166719436646e-01,-9.734829068183898926e-01,-1.426657289266586304e-01,5.941501855850219727e-01,-1.119146704673767090e+00,1.296781152486801147e-01,-2.090778388082981110e-02,-8.377599716186523438e-01,-2.483220249414443970e-01,6.598529219627380371e-01,-1.225564002990722656e+00,7.167267799377441406e-02,7.592752575874328613e-01,-1.025987625122070312e+00
-1.491048812866210938e+00,2.017864435911178589e-01,3.348761200904846191e-01,-5.821913853287696838e-02,-3.715424612164497375e-02,-2.125110924243927002e-01,-9.747148752212524414e-01,-1.341882646083831787e-01,6.157131195068359375e-01,-1.137460947036743164e+00,1.446144282817840576e-01,-1.247746869921684265e-02,-8.377599716186523438e-01,-2.319419831037521362e-01,6.417826414108276367e-01,-1.237032532691955566e+00,7.834530621767044067e-02,7.660690546035766602e-01,-1.023575305938720703e+00
-1.489541769027709961e+00,2.031789422035217285e-01,3.346161544322967529e-01,-5.461063235998153687e-02,-3.452761843800544739e-02,-2.082395106554031372e-01,-9.759414792060852051e-01,-1.256496161222457886e-01,6.387054920196533203e-01,-1.159310102462768555e+00,1.601868718862533569e-01,-3.647876670584082603e-03,-8.377599716186523438e-01,-2.146169990301132202e-01,6.267652511596679688e-01,-1.248680949211120605e+00,8.594682067632675171e-02,7.735200524330139160e-01,-1.021523356437683105e+00
-1.488054513931274414e+00,2.046125084161758423e-01,3.342965841293334961e-01,-5.060392618179321289e-02,-3.173980489373207092e-02,-2.039955705404281616e-01,-9.771476984024047852e-01,-1.173837333917617798e-01,6.640747785568237305e-01,-1.186381816864013672e+00,1.763085871934890747e-01,5.481209140270948410e-03,-8.377599716186523438e-01,-1.969902515411376953e-01,6.152207255363464355e-01,-1.260509252548217773e+00,9.389813244342803955e-02,7.812734246253967285e-01,-1.020367503166198730e+00
-1.486559033393859863e+00,2.061185687780380249e-01,3.339045345783233643e-01,-4.648294299840927124e-02,-2.876803092658519745e-02,-1.995260864496231079e-01,-9.783665537834167480e-01,-1.097478196024894714e-01,6.934952735900878906e-01,-1.221024990081787109e+00,1.922611296176910400e-01,1.513115223497152328e-02,-8.377599716186523438e-01,-1.796508431434631348e-01,6.081562638282775879e-01,-1.270874857902526855e+00,1.018249392509460449e-01,7.898388504981994629e-01,-1.019258856773376465e+00
-1.485052943229675293e+00,2.076693624258041382e-01,3.334679901599884033e-01,-4.276081547141075134e-02,-2.567880228161811829e-02,-1.950260400772094727e-01,-9.795289635658264160e-01,-1.037437990307807922e-01,7.262521982192993164e-01,-1.264068841934204102e+00,2.068307846784591675e-01,2.591624483466148376e-02,-8.377599716186523438e-01,-1.642382591962814331e-01,6.054951548576354980e-01,-1.278574824333190918e+00,1.084473729133605957e-01,7.996869683265686035e-01,-1.019593954086303711e+00
-1.483529329299926758e+00,2.092790156602859497e-01,3.329840302467346191e-01,-3.977499902248382568e-02,-2.246421761810779572e-02,-1.904026269912719727e-01,-9.806427359580993652e-01,-1.002988815307617188e-01,7.644731402397155762e-01,-1.319033622741699219e+00,2.198966145515441895e-01,3.733276203274726868e-02,-8.377599716186523438e-01,-1.516499817371368408e-01,6.074072718620300293e-01,-1.281618475914001465e+00,1.135284230113029480e-01,8.109090328216552734e-01,-1.021574139595031738e+00
-1.482002377510070801e+00,2.109436541795730591e-01,3.324313461780548096e-01,-3.766063973307609558e-02,-1.925834454596042633e-02,-1.859861165285110474e-01,-9.816414713859558105e-01,-9.928216785192489624e-02,8.054738640785217285e-01,-1.384087204933166504e+00,2.304725199937820435e-01,4.905216023325920105e-02,-8.377599716186523438e-01,-1.426365971565246582e-01,6.129585504531860352e-01,-1.279690146446228027e+00,1.162460967898368835e-01,8.236278891563415527e-01,-1.024967789649963379e+00
-1.480459332466125488e+00,2.126394361257553101e-01,3.318294286727905273e-01,-3.632628172636032104e-02,-1.605088450014591217e-02,-1.817054897546768188e-01,-9.825506806373596191e-01,-1.011455729603767395e-01,8.478800058364868164e-01,-1.458471179008483887e+00,2.389290928840637207e-01,6.117871031165122986e-02,-8.377599716186523438e-01,-1.364868581295013428e-01,6.218932271003723145e-01,-1.272197604179382324e+00,1.172351315617561340e-01,8.376218080520629883e-01,-1.029802322387695312e+00
-1.478885650634765625e+00,2.143305689096450806e-01,3.311924338340759277e-01,-3.510725125670433044e-02,-1.293854229152202606e-02,-1.777584552764892578e-01,-9.833626151084899902e-01,-1.050003394484519958e-01,8.875655531883239746e-01,-1.539157032966613770e+00,2.462676763534545898e-01,7.316723465919494629e-02,-8.377599716186523438e-01,-1.315111666917800903e-01,6.340296864509582520e-01,-1.262968778610229492e+00,1.177674382925033569e-01,8.516634702682495117e-01,-1.034508585929870605e+00
-1.477294087409973145e+00,2.160852998495101929e-01,3.305580914020538330e-01,-3.388420492410659790e-02,-1.003297045826911926e-02,-1.744921654462814331e-01,-9.840242266654968262e-01,-1.094178333878517151e-01,9.190154671669006348e-01,-1.619386315345764160e+00,2.520224153995513916e-01,8.485842496156692505e-02,-8.377599716186523438e-01,-1.275200247764587402e-01,6.489694118499755859e-01,-1.259168982505798340e+00,1.179555281996726990e-01,8.653084635734558105e-01,-1.038792371749877930e+00
-1.475683808326721191e+00,2.178261131048202515e-01,3.299241662025451660e-01,-3.237202763557434082e-02,-7.242657709866762161e-03,-1.717795431613922119e-01,-9.845767617225646973e-01,-1.115550696849822998e-01,9.356945157051086426e-01,-1.689195275306701660e+00,2.572462856769561768e-01,9.599577635526657104e-02,-8.377599716186523438e-01,-1.238291636109352112e-01,6.654940843582153320e-01,-1.261058330535888672e+00,1.185564175248146057e-01,8.784446716308593750e-01,-1.042433977127075195e+00
-1.474044203758239746e+00,2.195631265640258789e-01,3.293770253658294678e-01,-3.099180385470390320e-02,-4.567939788103103638e-03,-1.698361486196517944e-01,-9.849742650985717773e-01,-1.127452030777931213e-01,9.381796121597290039e-01,-1.746895313262939453e+00,2.610241472721099854e-01,1.072398573160171509e-01,-8.377599716186523438e-01,-1.216221749782562256e-01,6.804534792900085449e-01,-1.262965202331542969e+00,1.187719330191612244e-01,8.913758397102355957e-01,-1.045037627220153809e+00
-1.472406387329101562e+00,2.213101834058761597e-01,3.289580643177032471e-01,-2.931655570864677429e-02,-2.139432588592171669e-03,-1.682571917772293091e-01,-9.853047728538513184e-01,-1.145338192582130432e-01,9.331574440002441406e-01,-1.801682114601135254e+00,2.647224068641662598e-01,1.178849861025810242e-01,-8.377599716186523438e-01,-1.200311481952667236e-01,6.923523545265197754e-01,-1.265939831733703613e+00,1.195715069770812988e-01,9.026908278465270996e-01,-1.045666337013244629e+00
-1.470764040946960449e+00,2.231040745973587036e-01,3.286673426628112793e-01,-2.666019275784492493e-02,-1.099219662137329578e-04,-1.669278442859649658e-01,-9.856085777282714844e-01,-1.185919716954231262e-01,9.195597171783447266e-01,-1.851939201354980469e+00,2.698452174663543701e-01,1.276126801967620850e-01,-8.377599716186523438e-01,-1.180478110909461975e-01,7.030639648437500000e-01,-1.270116329193115234e+00,1.219390109181404114e-01,9.114784598350524902e-01,-1.043717026710510254e+00
-1.469100713729858398e+00,2.249297201633453369e-01,3.284833133220672607e-01,-2.344351634383201599e-02,1.635231776162981987e-03,-1.659197509288787842e-01,-9.858592152595520020e-01,-1.244759187102317810e-01,8.953940868377685547e-01,-1.890476584434509277e+00,2.754497230052947998e-01,1.364945173263549805e-01,-8.377599716186523438e-01,-1.158172413706779480e-01,7.134202122688293457e-01,-1.273615598678588867e+00,1.256537884473800659e-01,9.184176325798034668e-01,-1.039226055145263672e+00
-1.467425465583801270e+00,2.267303317785263062e-01,3.284608423709869385e-01,-2.018795162439346313e-02,3.017529612407088280e-03,-1.651468276977539062e-01,-9.860577583312988281e-01,-1.317158192396163940e-01,8.572716712951660156e-01,-1.907341837882995605e+00,2.808073759078979492e-01,1.448492258787155151e-01,-8.377599716186523438e-01,-1.129226386547088623e-01,7.230010628700256348e-01,-1.275990724563598633e+00,1.295676529407501221e-01,9.235587120056152344e-01,-1.032426834106445312e+00
-1.465702295303344727e+00,2.284970581531524658e-01,3.286060392856597900e-01,-1.714941300451755524e-02,4.070983733981847763e-03,-1.644092500209808350e-01,-9.862347245216369629e-01,-1.393159031867980957e-01,8.075011968612670898e-01,-1.899558305740356445e+00,2.858078479766845703e-01,1.530374437570571899e-01,-8.377599716186523438e-01,-1.098373010754585266e-01,7.311952710151672363e-01,-1.276726841926574707e+00,1.331134140491485596e-01,9.270160794258117676e-01,-1.023819684982299805e+00
-1.463820338249206543e+00,2.301510274410247803e-01,3.288928568363189697e-01,-1.458397321403026581e-02,4.865075461566448212e-03,-1.637272536754608154e-01,-9.863858222961425781e-01,-1.478982567787170410e-01,7.501800060272216797e-01,-1.871761202812194824e+00,2.902838587760925293e-01,1.608768105506896973e-01,-8.377599716186523438e-01,-1.069936305284500122e-01,7.381653189659118652e-01,-1.274917125701904297e+00,1.364749521017074585e-01,9.295355677604675293e-01,-1.013488173484802246e+00
-1.461796998977661133e+00,2.317171990871429443e-01,3.293147683143615723e-01,-1.283604558557271957e-02,5.233548581600189209e-03,-1.632285267114639282e-01,-9.864909052848815918e-01,-1.603365987539291382e-01,6.883403658866882324e-01,-1.829891562461853027e+00,2.928507328033447266e-01,1.679744124412536621e-01,-8.377599716186523438e-01,-1.057235077023506165e-01,7.436165809631347656e-01,-1.270560503005981445e+00,1.385225951671600342e-01,9.310251474380493164e-01,-1.002084732055664062e+00
-1.459668517112731934e+00,2.331204563379287720e-01,3.301171362400054932e-01,-1.267142221331596375e-02,4.474302288144826889e-03,-1.632777303457260132e-01,-9.864886403083801270e-01,-1.784304380416870117e-01,6.179503798484802246e-01,-1.770643591880798340e+00,2.917709946632385254e-01,1.730615049600601196e-01,-8.377599716186523438e-01,-1.073181256651878357e-01,7.432042956352233887e-01,-1.258550524711608887e+00,1.380595266819000244e-01,9.279197454452514648e-01,-9.855104684829711914e-01
-1.457365036010742188e+00,2.344623804092407227e-01,3.307798802852630615e-01,-1.244370639324188232e-02,4.205648321658372879e-03,-1.632021665573120117e-01,-9.865052103996276855e-01,-1.958942711353302002e-01,5.425192117691040039e-01,-1.694537043571472168e+00,2.913992404937744141e-01,1.792404353618621826e-01,-8.377599716186523438e-01,-1.089550331234931946e-01,7.460185289382934570e-01,-1.249481439590454102e+00,1.382439732551574707e-01,9.279583692550659180e-01,-9.721540212631225586e-01
-1.454950690269470215e+00,2.356856614351272583e-01,3.315537869930267334e-01,-1.273792330175638199e-02,3.669568104669451714e-03,-1.634325683116912842e-01,-9.864654541015625000e-01,-2.176754027605056763e-01,4.561206102371215820e-01,-1.597192525863647461e+00,2.902041971683502197e-01,1.855926811695098877e-01,-8.377599716186523438e-01,-1.113406941294670105e-01,7.475385069847106934e-01,-1.238062858581542969e+00,1.378308385610580444e-01,9.269700050354003906e-01,-9.574338793754577637e-01
-1.452396988868713379e+00,2.368209213018417358e-01,3.323208689689636230e-01,-1.346016116440296173e-02,3.143504261970520020e-03,-1.640072613954544067e-01,-9.863622784614562988e-01,-2.403873205184936523e-01,3.589633405208587646e-01,-1.478585004806518555e+00,2.878095507621765137e-01,1.920667886734008789e-01,-8.377599716186523438e-01,-1.141523793339729309e-01,7.492641806602478027e-01,-1.226459383964538574e+00,1.371531933546066284e-01,9.269350767135620117e-01,-9.440600275993347168e-01
-1.449744701385498047e+00,2.378930002450942993e-01,3.331282138824462891e-01,-1.427035499364137650e-02,2.482871990650892258e-03,-1.646897494792938232e-01,-9.862390756607055664e-01,-2.653912305831909180e-01,2.461331784725189209e-01,-1.334230184555053711e+00,2.857361733913421631e-01,1.982681900262832642e-01,-8.377599716186523438e-01,-1.167100518941879272e-01,7.502126693725585938e-01,-1.213456869125366211e+00,1.366397440433502197e-01,9.263908863067626953e-01,-9.288005232810974121e-01
-1.446998476982116699e+00,2.389267981052398682e-01,3.339686989784240723e-01,-1.543361973017454147e-02,1.812144299037754536e-03,-1.654368042945861816e-01,-9.860979318618774414e-01,-2.931549251079559326e-01,1.168857440352439880e-01,-1.162914752960205078e+00,2.830510735511779785e-01,2.049353867769241333e-01,-8.377599716186523438e-01,-1.198669373989105225e-01,7.510001659393310547e-01,-1.199618101119995117e+00,1.351613998413085938e-01,9.262106418609619141e-01,-9.150449633598327637e-01
-1.444153904914855957e+00,2.399154305458068848e-01,3.347983658313751221e-01,-1.668889634311199188e-02,1.199487131088972092e-03,-1.660549044609069824e-01,-9.859745502471923828e-01,-3.228309452533721924e-01,-3.082557953894138336e-02,-9.612098336219787598e-01,2.804147899150848389e-01,2.119459956884384155e-01,-8.377599716186523438e-01,-1.229614689946174622e-01,7.522950768470764160e-01,-1.186301827430725098e+00,1.337650567293167114e-01,9.268581867218017578e-01,-9.019961357116699219e-01
-1.439814448356628418e+00,2.411432415246963501e-01,3.346500992774963379e-01,-5.333920009434223175e-03,-3.587090410292148590e-03,-1.598208695650100708e-01,-9.871250987052917480e-01,-3.235049247741699219e-01,-1.576057225465774536e-01,-8.379712104797363281e-01,3.126317858695983887e-01,2.087039947509765625e-01,-8.377599716186523438e-01,-1.114221662282943726e-01,7.477842569351196289e-01,-1.170173287391662598e+00,1.401413381099700928e-01,8.963432312011718750e-01,-8.581867814064025879e-01
-1.433969855308532715e+00,2.422234266996383667e-01,3.322240412235260010e-01,1.029241178184747696e-02,-8.096811361610889435e-03,-1.467864662408828735e-01,-9.890815019607543945e-01,-3.025888204574584961e-01,-2.218312174081802368e-01,-8.377605080604553223e-01,3.648149073123931885e-01,2.113136500120162964e-01,-8.439250588417053223e-01,-1.008337810635566711e-01,7.617852687835693359e-01,-1.174111008644104004e+00,1.434429138898849487e-01,8.791210055351257324e-01,-8.383920788764953613e-01
-1.429114937782287598e+00,2.433120012283325195e-01,3.295042514801025391e-01,1.505889557301998138e-02,-1.471530739217996597e-02,-1.410441696643829346e-01,-9.897794127464294434e-01,-3.157634437084197998e-01,-2.774689197540283203e-01,-8.377599716186523438e-01,3.877701163291931152e-01,2.386233061552047729e-01,-9.054864645004272461e-01,-1.023522093892097473e-01,7.633339762687683105e-01,-1.169523119926452637e+00,1.402040570974349976e-01,8.734803199768066406e-01,-8.377615809440612793e-01
-1.424805164337158203e+00,2.442532032728195190e-01,3.277601003646850586e-01,1.523434743285179138e-02,-1.997169665992259979e-02,-1.377432942390441895e-01,-9.901493787765502930e-01,-3.365657627582550049e-01,-3.118456006050109863e-01,-8.377599716186523438e-01,3.983641564846038818e-01,2.637141048908233643e-01,-9.550648927688598633e-01,-1.090423390269279480e-01,7.620931267738342285e-01,-1.158492803573608398e+00,1.338000446557998657e-01,8.732224106788635254e-01,-8.377600312232971191e-01
-1.420865774154663086e+00,2.451194971799850464e-01,3.266706764698028564e-01,1.411045994609594345e-02,-2.440048195421695709e-02,-1.357658207416534424e-01,-9.903399348258972168e-01,-3.559079766273498535e-01,-3.310844600200653076e-01,-8.377599716186523438e-01,4.038228094577789307e-01,2.855049967765808105e-01,-9.944844245910644531e-01,-1.164285689592361450e-01,7.589357495307922363e-01,-1.144206404685974121e+00,1.276975721120834351e-01,8.741102218627929688e-01,-8.377599716186523438e-01
-1.417056322097778320e+00,2.459515780210494995e-01,3.259628117084503174e-01,1.264275331050157547e-02,-2.855866029858589172e-02,-1.345478892326354980e-01,-9.904147982597351074e-01,-3.738653957843780518e-01,-3.420644104480743408e-01,-8.377599716186523438e-01,4.073460996150970459e-01,3.054563701152801514e-01,-1.028810262680053711e+00,-1.233872622251510620e-01,7.538487315177917480e-01,-1.126953601837158203e+00,1.226167827844619751e-01,8.748343586921691895e-01,-8.377599716186523438e-01
-1.413326978683471680e+00,2.467719316482543945e-01,3.255112171173095703e-01,1.110696885734796524e-02,-3.273575007915496826e-02,-1.338855922222137451e-01,-9.903936982154846191e-01,-3.907575607299804688e-01,-3.476602733135223389e-01,-8.377599716186523438e-01,4.101862013339996338e-01,3.249242007732391357e-01,-1.060947895050048828e+00,-1.296642273664474487e-01,7.463583946228027344e-01,-1.106629133224487305e+00,1.182601749897003174e-01,8.739158511161804199e-01,-8.377599716186523438e-01
-1.409578680992126465e+00,2.475975304841995239e-01,3.252645432949066162e-01,9.882406331598758698e-03,-3.722140938043594360e-02,-1.338085830211639404e-01,-9.902586340904235840e-01,-4.072333574295043945e-01,-3.506855070590972900e-01,-8.377599716186523438e-01,4.121963381767272949e-01,3.432772457599639893e-01,-1.092055916786193848e+00,-1.349455565214157104e-01,7.356666922569274902e-01,-1.082443594932556152e+00,1.149894744157791138e-01,8.701858520507812500e-01,-8.377599716186523438e-01
-1.405832171440124512e+00,2.484368681907653809e-01,3.252594470977783203e-01,8.718238212168216705e-03,-4.192362353205680847e-02,-1.344653218984603882e-01,-9.899926781654357910e-01,-4.233313798904418945e-01,-3.501615822315216064e-01,-8.377599716186523438e-01,4.131315350532531738e-01,3.606488704681396484e-01,-1.121622800827026367e+00,-1.390725821256637573e-01,7.218427658081054688e-01,-1.054286122322082520e+00,1.124536991119384766e-01,8.640726804733276367e-01,-8.377599716186523438e-01
-1.402094364166259766e+00,2.493085712194442749e-01,3.255634903907775879e-01,7.468990515917539597e-03,-4.668175056576728821e-02,-1.358332931995391846e-01,-9.896031022071838379e-01,-4.392262101173400879e-01,-3.463440239429473877e-01,-8.377599716186523438e-01,4.125692844390869141e-01,3.775421679019927979e-01,-1.149231791496276855e+00,-1.423136591911315918e-01,7.053589224815368652e-01,-1.022771120071411133e+00,1.097576022148132324e-01,8.546069860458374023e-01,-8.377599716186523438e-01
-1.398452639579772949e+00,2.501622140407562256e-01,3.259923756122589111e-01,5.898471921682357788e-03,-5.113906785845756531e-02,-1.377658545970916748e-01,-9.891261458396911621e-01,-4.544705152511596680e-01,-3.395968973636627197e-01,-8.377599716186523438e-01,4.107709825038909912e-01,3.939378261566162109e-01,-1.174983978271484375e+00,-1.453547328710556030e-01,6.880056858062744141e-01,-9.893053770065307617e-01,1.070460081100463867e-01,8.464071154594421387e-01,-8.451024293899536133e-01
-1.395054101943969727e+00,2.508676350116729736e-01,3.262581825256347656e-01,3.632704494521021843e-03,-5.459703505039215088e-02,-1.401556134223937988e-01,-9.886164069175720215e-01,-4.677515327930450439e-01,-3.284651339054107666e-01,-8.377599716186523438e-01,4.069499075412750244e-01,4.112354516983032227e-01,-1.198728561401367188e+00,-1.485069245100021362e-01,6.737170815467834473e-01,-9.588630795478820801e-01,1.034251824021339417e-01,8.456509709358215332e-01,-8.747393488883972168e-01
-1.391855478286743164e+00,2.515303790569305420e-01,3.264309167861938477e-01,9.479974978603422642e-04,-5.685393512248992920e-02,-1.428779661655426025e-01,-9.881055951118469238e-01,-4.776464700698852539e-01,-3.117791116237640381e-01,-8.377599716186523438e-01,4.015327095985412598e-01,4.292171001434326172e-01,-1.219250440597534180e+00,-1.512870341539382935e-01,6.636548042297363281e-01,-9.324769973754882812e-01,9.964851289987564087e-02,8.502497076988220215e-01,-9.195892214775085449e-01
-1.388793587684631348e+00,2.521684169769287109e-01,3.265437781810760498e-01,-2.113274065777659416e-03,-5.790996924042701721e-02,-1.460309922695159912e-01,-9.875813722610473633e-01,-4.844930171966552734e-01,-2.897143065929412842e-01,-8.377599716186523438e-01,3.944675028324127197e-01,4.470185637474060059e-01,-1.235663771629333496e+00,-1.537858098745346069e-01,6.583006978034973145e-01,-9.111007452011108398e-01,9.510142356157302856e-02,8.574119210243225098e-01,-9.744569659233093262e-01
-1.386152029037475586e+00,2.526386380195617676e-01,3.259164094924926758e-01,-5.211204290390014648e-03,-6.002161279320716858e-02,-1.463747918605804443e-01,-9.873928427696228027e-01,-4.845142066478729248e-01,-2.761951386928558350e-01,-8.377599716186523438e-01,3.928534090518951416e-01,4.674398005008697510e-01,-1.262536525726318359e+00,-1.600966602563858032e-01,6.503347754478454590e-01,-8.889744877815246582e-01,8.483354747295379639e-02,8.607754707336425781e-01,-1.038753271102905273e+00
-1.382531881332397461e+00,2.533707320690155029e-01,3.252562582492828369e-01,-7.125536911189556122e-03,-6.090759858489036560e-02,-1.473755687475204468e-01,-9.871777892112731934e-01,-4.870056807994842529e-01,-2.663224339485168457e-01,-8.377599716186523438e-01,3.918010890483856201e-01,4.904230535030364990e-01,-1.283443093299865723e+00,-1.627172380685806274e-01,6.518203616142272949e-01,-8.751714825630187988e-01,7.668878883123397827e-02,8.584364056587219238e-01,-1.089545607566833496e+00
-1.378884553909301758e+00,2.541241943836212158e-01,3.246895074844360352e-01,-8.983880281448364258e-03,-6.102713942527770996e-02,-1.486905366182327271e-01,-9.869580268859863281e-01,-4.883220493793487549e-01,-2.560940682888031006e-01,-8.377599716186523438e-01,3.901644349098205566e-01,5.139040350914001465e-01,-1.301394462585449219e+00,-1.649159342050552368e-01,6.556720733642578125e-01,-8.625153303146362305e-01,6.756608933210372925e-02,8.516868948936462402e-01,-1.136344194412231445e+00
-1.375256299972534180e+00,2.548650503158569336e-01,3.242563903331756592e-01,-1.101150363683700562e-02,-6.046546995639801025e-02,-1.503912657499313354e-01,-9.867143034934997559e-01,-4.891716241836547852e-01,-2.442792057991027832e-01,-8.377599716186523438e-01,3.876305222511291504e-01,5.376271605491638184e-01,-1.316146135330200195e+00,-1.666806489229202271e-01,6.610547900199890137e-01,-8.503201603889465332e-01,5.690001323819160461e-02,8.410725593566894531e-01,-1.179212212562561035e+00
-1.371579051017761230e+00,2.555742561817169189e-01,3.238768279552459717e-01,-1.331997383385896683e-02,-5.948482826352119446e-02,-1.517578065395355225e-01,-9.865362048149108887e-01,-4.911059439182281494e-01,-2.332218587398529053e-01,-8.377599716186523438e-01,3.848271667957305908e-01,5.616479516029357910e-01,-1.329645276069641113e+00,-1.685766577720642090e-01,6.680526137351989746e-01,-8.388738036155700684e-01,4.387447610497474670e-02,8.257132172584533691e-01,-1.218873143196105957e+00
-1.368057131767272949e+00,2.562236189842224121e-01,3.234110176563262939e-01,-1.541686523705720901e-02,-5.706841498613357544e-02,-1.531052589416503906e-01,-9.864402413368225098e-01,-4.915035068988800049e-01,-2.174975574016571045e-01,-8.377599716186523438e-01,3.822841048240661621e-01,5.871699452400207520e-01,-1.340319514274597168e+00,-1.697895973920822144e-01,6.833635568618774414e-01,-8.377601504325866699e-01,3.022021241486072540e-02,8.102089166641235352e-01,-1.259084224700927734e+00
-1.364500045776367188e+00,2.568238675594329834e-01,3.229701220989227295e-01,-1.754551380872726440e-02,-5.415453389286994934e-02,-1.543696969747543335e-01,-9.863718748092651367e-01,-4.909665882587432861e-01,-1.998956948518753052e-01,-8.377599716186523438e-01,3.808628916740417480e-01,6.150355339050292969e-01,-1.351819515228271484e+00,-1.701622903347015381e-01,7.002559304237365723e-01,-8.377599716186523438e-01,1.548827625811100006e-02,7.914388179779052734e-01,-1.295033812522888184e+00
-1.360935211181640625e+00,2.573798894882202148e-01,3.225212991237640381e-01,-1.991692744195461273e-02,-5.089439079165458679e-02,-1.557523757219314575e-01,-9.862830638885498047e-01,-4.894997775554656982e-01,-1.812838762998580933e-01,-8.377599716186523438e-01,3.793447911739349365e-01,6.455525159835815430e-01,-1.365414261817932129e+00,-1.701336205005645752e-01,7.181455492973327637e-01,-8.377599716186523438e-01,1.359904490527696908e-05,7.701770067214965820e-01,-1.325770378112792969e+00
-1.357341647148132324e+00,2.578975558280944824e-01,3.220009505748748779e-01,-2.246447652578353882e-02,-4.750574752688407898e-02,-1.568987369537353516e-01,-9.862156510353088379e-01,-4.866399466991424561e-01,-1.634204387664794922e-01,-8.377599716186523438e-01,3.773072659969329834e-01,6.783354878425598145e-01,-1.382025837898254395e+00,-1.700442880392074585e-01,7.366918921470642090e-01,-8.377599716186523438e-01,-1.568670757114887238e-02,7.465162277221679688e-01,-1.349849224090576172e+00
-1.353744626045227051e+00,2.583257257938385010e-01,3.214178681373596191e-01,-2.496659383177757263e-02,-4.415239766240119934e-02,-1.579628735780715942e-01,-9.861414432525634766e-01,-4.835519492626190186e-01,-1.463838815689086914e-01,-8.377599716186523438e-01,3.752062320709228516e-01,7.128968834877014160e-01,-1.402842879295349121e+00,-1.693980097770690918e-01,7.550089359283447266e-01,-8.377599716186523438e-01,-3.022902272641658783e-02,7.205628752708435059e-01,-1.365316510200500488e+00
-1.350233912467956543e+00,2.586979866027832031e-01,3.208611309528350830e-01,-2.773169800639152527e-02,-4.058676585555076599e-02,-1.590493470430374146e-01,-9.860461354255676270e-01,-4.808795452117919922e-01,-1.282436996698379517e-01,-8.377599716186523438e-01,3.725224137306213379e-01,7.481108307838439941e-01,-1.426424741744995117e+00,-1.688487678766250610e-01,7.737616300582885742e-01,-8.377599716186523438e-01,-4.436608776450157166e-02,6.936836242675781250e-01,-1.372129559516906738e+00
-1.346749782562255859e+00,2.589824199676513672e-01,3.202998340129852295e-01,-3.072240762412548065e-02,-3.698465228080749512e-02,-1.598471701145172119e-01,-9.859701395034790039e-01,-4.785104990005493164e-01,-1.103210374712944031e-01,-8.377599716186523438e-01,3.710552752017974854e-01,7.867782115936279297e-01,-1.456961989402770996e+00,-1.684340685606002808e-01,7.924235463142395020e-01,-8.377599716186523438e-01,-5.757930502295494080e-02,6.668105125427246094e-01,-1.372272968292236328e+00
-1.343298196792602539e+00,2.592118978500366211e-01,3.197202682495117188e-01,-3.384042903780937195e-02,-3.316685184836387634e-02,-1.607689112424850464e-01,-9.858540296554565430e-01,-4.761980772018432617e-01,-9.141974151134490967e-02,-8.377599716186523438e-01,3.729573786258697510e-01,8.339568376541137695e-01,-1.501162290573120117e+00,-1.681908667087554932e-01,8.116590380668640137e-01,-8.377599716186523438e-01,-6.978775560855865479e-02,6.423848867416381836e-01,-1.369163393974304199e+00
-1.339257597923278809e+00,2.592988014221191406e-01,3.192861974239349365e-01,-3.830014914274215698e-02,-2.790875546634197235e-02,-1.628877967596054077e-01,-9.855058193206787109e-01,-4.778490960597991943e-01,-6.755460798740386963e-02,-8.377599716186523438e-01,3.738608658313751221e-01,8.879812359809875488e-01,-1.552271366119384766e+00,-1.667643785476684570e-01,8.352094888687133789e-01,-8.377599716186523438e-01,-8.102649450302124023e-02,6.312204599380493164e-01,-1.372026562690734863e+00
-1.335569739341735840e+00,2.592649161815643311e-01,3.185409009456634521e-01,-4.190644994378089905e-02,-2.380298264324665070e-02,-1.639541238546371460e-01,-9.852899909019470215e-01,-4.767248034477233887e-01,-4.813389107584953308e-02,-8.377599716186523438e-01,3.809605538845062256e-01,9.483961462974548340e-01,-1.629632830619812012e+00,-1.661862581968307495e-01,8.555368185043334961e-01,-8.377599716186523438e-01,-9.116586297750473022e-02,6.183210611343383789e-01,-1.371770858764648438e+00
-1.331924319267272949e+00,2.591033577919006348e-01,3.177405297756195068e-01,-4.581388458609580994e-02,-1.996539160609245300e-02,-1.647999137639999390e-01,-9.850601553916931152e-01,-4.764651656150817871e-01,-2.997179143130779266e-02,-8.377599716186523438e-01,3.928875625133514404e-01,1.013594985008239746e+00,-1.732118844985961914e+00,-1.660556644201278687e-01,8.752267956733703613e-01,-8.377599716186523438e-01,-1.000107377767562866e-01,6.106432676315307617e-01,-1.373814821243286133e+00
-1.328332543373107910e+00,2.587661147117614746e-01,3.168129026889801025e-01,-5.035642161965370178e-02,-1.622802391648292542e-02,-1.658171266317367554e-01,-9.847362637519836426e-01,-4.773313105106353760e-01,-1.167268212884664536e-02,-8.377599716186523438e-01,4.064271748065948486e-01,1.073613286018371582e+00,-1.849339246749877930e+00,-1.660818755626678467e-01,8.943528532981872559e-01,-8.377599716186523438e-01,-1.075545102357864380e-01,6.107954382896423340e-01,-1.379344224929809570e+00
-1.324780225753784180e+00,2.582219243049621582e-01,3.156613707542419434e-01,-5.534019693732261658e-02,-1.274717878550291061e-02,-1.665192842483520508e-01,-9.844014644622802734e-01,-4.789885282516479492e-01,5.224896594882011414e-03,-8.377599716186523438e-01,4.106348752975463867e-01,1.115359783172607422e+00,-1.958535909652709961e+00,-1.658231168985366821e-01,9.131838679313659668e-01,-8.377599716186523438e-01,-1.125544756650924683e-01,6.184560656547546387e-01,-1.387117028236389160e+00
-1.321298003196716309e+00,2.575010359287261963e-01,3.144718706607818604e-01,-6.105032190680503845e-02,-9.082383476197719574e-03,-1.667131483554840088e-01,-9.840716719627380371e-01,-4.799644649028778076e-01,2.331804484128952026e-02,-8.377599716186523438e-01,4.010997712612152100e-01,1.136787295341491699e+00,-2.049536943435668945e+00,-1.662160009145736694e-01,9.326418042182922363e-01,-8.377599716186523438e-01,-1.156652495265007019e-01,6.346576213836669922e-01,-1.394288301467895508e+00
-1.317845106124877930e+00,2.566894590854644775e-01,3.133280873298645020e-01,-6.645806878805160522e-02,-5.414873827248811722e-03,-1.654565632343292236e-01,-9.839604496955871582e-01,-4.779718816280364990e-01,4.033558443188667297e-02,-8.377599716186523438e-01,3.843037188053131104e-01,1.134323120117187500e+00,-2.121013164520263672e+00,-1.665838062763214111e-01,9.519181251525878906e-01,-8.377599716186523438e-01,-1.187167912721633911e-01,6.582846641540527344e-01,-1.410035848617553711e+00
-1.314391374588012695e+00,2.557216286659240723e-01,3.121594786643981934e-01,-7.174713164567947388e-02,-1.664207433350384235e-03,-1.633011698722839355e-01,-9.839625358581542969e-01,-4.740636646747589111e-01,5.714338645339012146e-02,-8.377599716186523438e-01,3.577709794044494629e-01,1.107275724411010742e+00,-2.166206359863281250e+00,-1.673204600811004639e-01,9.719924330711364746e-01,-8.377599716186523438e-01,-1.204885095357894897e-01,6.889911890029907227e-01,-1.434986591339111328e+00
-1.310869932174682617e+00,2.546591758728027344e-01,3.110820651054382324e-01,-7.691915333271026611e-02,2.113816561177372932e-03,-1.609453111886978149e-01,-9.839591383934020996e-01,-4.691270589828491211e-01,7.390803098678588867e-02,-8.377599716186523438e-01,3.221550881862640381e-01,1.060982584953308105e+00,-2.179839134216308594e+00,-1.677618473768234253e-01,9.919174313545227051e-01,-8.377599716186523438e-01,-1.193404570221900940e-01,7.182152867317199707e-01,-1.460393428802490234e+00
-1.307402253150939941e+00,2.535376250743865967e-01,3.101991713047027588e-01,-8.189770579338073730e-02,5.678983870893716812e-03,-1.581561863422393799e-01,-9.839954972267150879e-01,-4.633538424968719482e-01,9.044440090656280518e-02,-8.377599716186523438e-01,2.834609150886535645e-01,1.000519394874572754e+00,-2.163518428802490234e+00,-1.687351912260055542e-01,1.011175870895385742e+00,-8.377599716186523438e-01,-1.160795390605926514e-01,7.421093583106994629e-01,-1.486533999443054199e+00
-1.303931474685668945e+00,2.523420155048370361e-01,3.094437718391418457e-01,-8.784262090921401978e-02,8.896013721823692322e-03,-1.556121110916137695e-01,-9.838645458221435547e-01,-4.598767757415771484e-01,1.070691943168640137e-01,-8.377599716186523438e-01,2.374550104141235352e-01,9.333764910697937012e-01,-2.114321947097778320e+00,-1.724336445331573486e-01,1.029578447341918945e+00,-8.377599716186523438e-01,-1.128046363592147827e-01,7.663866281509399414e-01,-1.511005759239196777e+00
-1.300597906112670898e+00,2.511805593967437744e-01,3.088820874691009521e-01,-9.413100033998489380e-02,1.197622157633304596e-02,-1.524220108985900879e-01,-9.837496876716613770e-01,-4.567161202430725098e-01,1.238789185881614685e-01,-8.377599716186523438e-01,1.906980574131011963e-01,8.558852076530456543e-01,-2.036696195602416992e+00,-1.786193102598190308e-01,1.047720074653625488e+00,-8.377599716186523438e-01,-1.089876666665077209e-01,7.914335131645202637e-01,-1.535998582839965820e+00
-1.297514677047729492e+00,2.501263022422790527e-01,3.087244927883148193e-01,-9.761020541191101074e-02,1.519896741956472397e-02,-1.491957902908325195e-01,-9.838606715202331543e-01,-4.489384293556213379e-01,1.389010250568389893e-01,-8.377599716186523438e-01,1.480241864919662476e-01,7.661878466606140137e-01,-1.930357694625854492e+00,-1.804230511188507080e-01,1.064711928367614746e+00,-8.377599716186523438e-01,-1.020487546920776367e-01,8.134920597076416016e-01,-1.554422497749328613e+00
-1.294347286224365234e+00,2.491583526134490967e-01,3.085302710533142090e-01,-1.012722328305244446e-01,1.836697943508625031e-02,-1.452758908271789551e-01,-9.840230941772460938e-01,-4.411010444164276123e-01,1.538328528404235840e-01,-8.377599716186523438e-01,1.028930246829986572e-01,6.643036007881164551e-01,-1.799003720283508301e+00,-1.852321177721023560e-01,1.082746863365173340e+00,-8.377599716186523438e-01,-9.702553600072860718e-02,8.352603316307067871e-01,-1.569564104080200195e+00
-1.291191339492797852e+00,2.482780665159225464e-01,3.086785674095153809e-01,-1.035825759172439575e-01,2.187943831086158752e-02,-1.416239887475967407e-01,-9.842431545257568359e-01,-4.307670593261718750e-01,1.713957935571670532e-01,-8.377599716186523438e-01,5.700023472309112549e-02,5.457225441932678223e-01,-1.638870358467102051e+00,-1.874676048755645752e-01,1.100595116615295410e+00,-8.377599716186523438e-01,-9.009418636560440063e-02,8.566547036170959473e-01,-1.581171035766601562e+00
-1.287943482398986816e+00,2.475414872169494629e-01,3.090830445289611816e-01,-1.043725311756134033e-01,2.552427910268306732e-02,-1.382168680429458618e-01,-9.845562577247619629e-01,-4.184750616550445557e-01,1.895892471075057983e-01,-8.377599716186523438e-01,1.001360733062028885e-02,4.106225073337554932e-01,-1.450959086418151855e+00,-1.866557151079177856e-01,1.117956042289733887e+00,-8.377599716186523438e-01,-8.051305264234542847e-02,8.772982954978942871e-01,-1.588826894760131836e+00
-1.284597158432006836e+00,2.469993382692337036e-01,3.096703588962554932e-01,-1.036782637238502502e-01,2.900360152125358582e-02,-1.345357596874237061e-01,-9.850429892539978027e-01,-4.048562347888946533e-01,2.060221880674362183e-01,-8.377599716186523438e-01,-3.609671071171760559e-02,2.575567662715911865e-01,-1.236180186271667480e+00,-1.837777644395828247e-01,1.134446382522583008e+00,-8.377599716186523438e-01,-6.829337775707244873e-02,8.960993885993957520e-01,-1.593482732772827148e+00
-1.281183481216430664e+00,2.466071099042892456e-01,3.104083240032196045e-01,-1.024610102176666260e-01,3.237564861774444580e-02,-1.307036429643630981e-01,-9.855810999870300293e-01,-3.909423649311065674e-01,2.229446470737457275e-01,-8.377599716186523438e-01,-7.894381880760192871e-02,9.645438939332962036e-02,-1.007720232009887695e+00,-1.802036911249160767e-01,1.150315165519714355e+00,-8.377599716186523438e-01,-5.569863319396972656e-02,9.138176441192626953e-01,-1.595431804656982422e+00
-1.277151584625244141e+00,2.460790276527404785e-01,3.101568520069122314e-01,-1.080763638019561768e-01,3.267139196395874023e-02,-1.247215569019317627e-01,-9.857467412948608398e-01,-3.873970210552215576e-01,2.371875196695327759e-01,-8.377599716186523438e-01,-1.223061680793762207e-01,-4.118827357888221741e-02,-8.377745151519775391e-01,-1.968332380056381226e-01,1.163483023643493652e+00,-8.377599716186523438e-01,-6.006858125329017639e-02,9.290516972541809082e-01,-1.601025819778442383e+00
-1.271176576614379883e+00,2.449495345354080200e-01,3.076322376728057861e-01,-1.250897347927093506e-01,2.774758823215961456e-02,-1.143084168434143066e-01,-9.851478338241577148e-01,-3.981112241744995117e-01,2.469044625759124756e-01,-8.377599716186523438e-01,-1.638336181640625000e-01,-1.022781953215599060e-01,-8.377600312232971191e-01,-2.483873218297958374e-01,1.174039959907531738e+00,-8.377599716186523438e-01,-9.230912476778030396e-02,9.436013698577880859e-01,-1.616403698921203613e+00
-1.265455484390258789e+00,2.440392374992370605e-01,3.055940568447113037e-01,-1.338000148534774780e-01,2.320433221757411957e-02,-1.054027155041694641e-01,-9.851139187812805176e-01,-3.982792794704437256e-01,2.740147411823272705e-01,-8.751110434532165527e-01,-1.881413161754608154e-01,-1.531382352113723755e-01,-8.377599716186523438e-01,-2.794490754604339600e-01,1.180291533470153809e+00,-8.377599716186523438e-01,-1.076668873429298401e-01,9.515962004661560059e-01,-1.621122241020202637e+00
-1.260062575340270996e+00,2.433122992515563965e-01,3.037823140621185303e-01,-1.362135857343673706e-01,1.754930429160594940e-02,-9.803944081068038940e-02,-9.856602549552917480e-01,-3.913049399852752686e-01,3.082084953784942627e-01,-9.369497299194335938e-01,-2.018949985504150391e-01,-1.973973065614700317e-01,-8.377599716186523438e-01,-2.938510775566101074e-01,1.179906129837036133e+00,-8.377599716186523438e-01,-1.093816682696342468e-01,9.517393708229064941e-01,-1.617283821105957031e+00
-1.254659295082092285e+00,2.425308525562286377e-01,3.023549020290374756e-01,-1.364441066980361938e-01,1.203297730535268784e-02,-9.116601943969726562e-02,-9.863706231117248535e-01,-3.808518946170806885e-01,3.412684798240661621e-01,-9.949494004249572754e-01,-2.101250141859054565e-01,-2.341324537992477417e-01,-8.377599716186523438e-01,-3.019863367080688477e-01,1.177765250205993652e+00,-8.377599716186523438e-01,-1.054124236106872559e-01,9.501326084136962891e-01,-1.609397768974304199e+00
-1.249216437339782715e+00,2.417272478342056274e-01,3.012575805187225342e-01,-1.357019841670989990e-01,6.575534120202064514e-03,-8.439009636640548706e-02,-9.871271848678588867e-01,-3.685055077075958252e-01,3.721292316913604736e-01,-1.047121047973632812e+00,-2.144795358180999756e-01,-2.647869586944580078e-01,-8.377599716186523438e-01,-3.071307837963104248e-01,1.173854947090148926e+00,-8.377599716186523438e-01,-9.873174875974655151e-02,9.471830725669860840e-01,-1.598392486572265625e+00
-1.243800282478332520e+00,2.409366816282272339e-01,3.005675077438354492e-01,-1.348228007555007935e-01,1.093103317543864250e-03,-7.753188908100128174e-02,-9.878311753273010254e-01,-3.558289706707000732e-01,4.010326862335205078e-01,-1.093362450599670410e+00,-2.164834439754486084e-01,-2.896249294281005859e-01,-8.377599716186523438e-01,-3.113091588020324707e-01,1.167511463165283203e+00,-8.377599716186523438e-01,-9.159469604492187500e-02,9.425363540649414062e-01,-1.584345579147338867e+00
-1.238413333892822266e+00,2.401687651872634888e-01,3.002347946166992188e-01,-1.335989087820053101e-01,-4.449615254998207092e-03,-7.025578618049621582e-02,-9.885320663452148438e-01,-3.421818614006042480e-01,4.270166456699371338e-01,-1.133600473403930664e+00,-2.151513248682022095e-01,-3.107770979404449463e-01,-8.377599716186523438e-01,-3.145331442356109619e-01,1.158488988876342773e+00,-8.377599716186523438e-01,-8.345403522253036499e-02,9.354173541069030762e-01,-1.566199660301208496e+00
-1.233250141143798828e+00,2.394674569368362427e-01,3.004010915756225586e-01,-1.323492079973220825e-01,-9.832635521888732910e-03,-6.268965452909469604e-02,-9.891698360443115234e-01,-3.282294571399688721e-01,4.507202804088592529e-01,-1.167448282241821289e+00,-2.113277018070220947e-01,-3.265978097915649414e-01,-8.377599716186523438e-01,-3.171481490135192871e-01,1.146688222885131836e+00,-8.377599716186523438e-01,-7.569879293441772461e-02,9.257724285125732422e-01,-1.543486237525939941e+00
-1.228350162506103516e+00,2.387947440147399902e-01,3.009851574897766113e-01,-1.308351606130599976e-01,-1.488483697175979614e-02,-5.477321520447731018e-02,-9.897779822349548340e-01,-3.137692213058471680e-01,4.714356660842895508e-01,-1.194775700569152832e+00,-2.049537301063537598e-01,-3.376325964927673340e-01,-8.377599716186523438e-01,-3.199445009231567383e-01,1.133307337760925293e+00,-8.377599716186523438e-01,-6.722836941480636597e-02,9.141724109649658203e-01,-1.517707824707031250e+00
-1.223651885986328125e+00,2.381694018840789795e-01,3.020225763320922852e-01,-1.295102238655090332e-01,-1.962189190089702606e-02,-4.661456122994422913e-02,-9.902874231338500977e-01,-2.994025647640228271e-01,4.904275536537170410e-01,-1.216199755668640137e+00,-1.972869336605072021e-01,-3.442825675010681152e-01,-8.377599716186523438e-01,-3.233629763126373291e-01,1.117742061614990234e+00,-8.377599716186523438e-01,-5.939284339547157288e-02,9.005693197250366211e-01,-1.488429546356201172e+00
-1.219004988670349121e+00,2.375730723142623901e-01,3.035087585449218750e-01,-1.286371648311614990e-01,-2.438485436141490936e-02,-3.833132237195968628e-02,-9.906505942344665527e-01,-2.864999771118164062e-01,5.073373317718505859e-01,-1.232541799545288086e+00,-1.886709630489349365e-01,-3.481010496616363525e-01,-8.377599716186523438e-01,-3.271170556545257568e-01,1.097597002983093262e+00,-8.377599716186523438e-01,-5.289510264992713928e-02,8.843865990638732910e-01,-1.455114603042602539e+00
-1.214423298835754395e+00,2.369901239871978760e-01,3.054260909557342529e-01,-1.281328052282333374e-01,-2.933448925614356995e-02,-2.973980084061622620e-02,-9.908769130706787109e-01,-2.746151089668273926e-01,5.226001143455505371e-01,-1.245155930519104004e+00,-1.792904287576675415e-01,-3.497486710548400879e-01,-8.377599716186523438e-01,-3.312710821628570557e-01,1.072215914726257324e+00,-8.377599716186523438e-01,-4.728994891047477722e-02,8.647881746292114258e-01,-1.417381167411804199e+00
-1.209900259971618652e+00,2.364417463541030884e-01,3.076112568378448486e-01,-1.278767138719558716e-01,-3.462279587984085083e-02,-2.099447324872016907e-02,-9.909631609916687012e-01,-2.635281085968017578e-01,5.356608629226684570e-01,-1.254931569099426270e+00,-1.689230799674987793e-01,-3.505175411701202393e-01,-8.377599716186523438e-01,-3.355578780174255371e-01,1.042127847671508789e+00,-8.377599716186523438e-01,-4.290258139371871948e-02,8.416285514831542969e-01,-1.375503659248352051e+00
-1.205489993095397949e+00,2.358933240175247192e-01,3.100659549236297607e-01,-1.277477592229843140e-01,-4.001324996352195740e-02,-1.189014595001935959e-02,-9.909278750419616699e-01,-2.530128955841064453e-01,5.475302934646606445e-01,-1.262883067131042480e+00,-1.569635123014450073e-01,-3.491167426109313965e-01,-8.377599716186523438e-01,-3.395098447799682617e-01,1.007998228073120117e+00,-8.377599716186523438e-01,-3.929995745420455933e-02,8.153346180915832520e-01,-1.329981803894042969e+00
-1.201214313507080078e+00,2.353633642196655273e-01,3.126409053802490234e-01,-1.281693577766418457e-01,-4.552147537469863892e-02,-2.700208686292171478e-03,-9.907033443450927734e-01,-2.440703660249710083e-01,5.594956874847412109e-01,-1.270586967468261719e+00,-1.449375003576278687e-01,-3.454712033271789551e-01,-8.377599716186523438e-01,-3.440265059471130371e-01,9.706032872200012207e-01,-8.377599716186523438e-01,-3.756131231784820557e-02,7.864880561828613281e-01,-1.281695961952209473e+00
-1.196982979774475098e+00,2.348182052373886108e-01,3.150907456874847412e-01,-1.293852627277374268e-01,-5.101001635193824768e-02,6.501024588942527771e-03,-9.902601242065429688e-01,-2.370403558015823364e-01,5.718306303024291992e-01,-1.278987646102905273e+00,-1.332307606935501099e-01,-3.404830098152160645e-01,-8.377599716186523438e-01,-3.499962687492370605e-01,9.316618442535400391e-01,-8.378525972366333008e-01,-3.750748559832572937e-02,7.570392489433288574e-01,-1.232582688331604004e+00
-1.192035079002380371e+00,2.341229617595672607e-01,3.167014718055725098e-01,-1.319538801908493042e-01,-5.723376944661140442e-02,1.541170012205839157e-02,-9.894821643829345703e-01,-2.325463593006134033e-01,5.876628756523132324e-01,-1.293662786483764648e+00,-1.195876002311706543e-01,-3.490455150604248047e-01,-8.377599716186523438e-01,-3.561964631080627441e-01,8.911018967628479004e-01,-8.379263281822204590e-01,-3.898219019174575806e-02,7.298346161842346191e-01,-1.185614347457885742e+00
-1.186740517616271973e+00,2.334144562482833862e-01,3.179121315479278564e-01,-1.348894983530044556e-01,-6.306042522192001343e-02,2.378261089324951172e-02,-9.885659217834472656e-01,-2.296119332313537598e-01,6.059847474098205566e-01,-1.310140728950500488e+00,-1.035023629665374756e-01,-3.670662939548492432e-01,-8.377599716186523438e-01,-3.616559207439422607e-01,8.509255051612854004e-01,-8.379612565040588379e-01,-4.025248065590858459e-02,7.056105136871337891e-01,-1.139991879463195801e+00
-1.182622194290161133e+00,2.331558912992477417e-01,3.195741176605224609e-01,-1.365468204021453857e-01,-6.620004773139953613e-02,3.127128630876541138e-02,-9.879243969917297363e-01,-2.264711856842041016e-01,6.229227185249328613e-01,-1.320626854896545410e+00,-8.016677945852279663e-02,-3.717874288558959961e-01,-8.377599716186523438e-01,-3.647872209548950195e-01,8.219419717788696289e-01,-8.584090471267700195e-01,-3.947388380765914917e-02,6.859792470932006836e-01,-1.098414421081542969e+00
-1.179271101951599121e+00,2.332834154367446899e-01,3.210958242416381836e-01,-1.372590959072113037e-01,-7.202769815921783447e-02,3.854381665587425232e-02,-9.871607422828674316e-01,-2.224586755037307739e-01,6.372634172439575195e-01,-1.343081474304199219e+00,-5.358000099658966064e-02,-3.851195275783538818e-01,-8.377599716186523438e-01,-3.659969568252563477e-01,7.842922806739807129e-01,-8.796997070312500000e-01,-3.835069760680198669e-02,6.504784226417541504e-01,-1.042241454124450684e+00
-1.175400495529174805e+00,2.330249249935150146e-01,3.222849667072296143e-01,-1.369114965200424194e-01,-7.296331226825714111e-02,4.591022059321403503e-02,-9.868251085281372070e-01,-2.149896174669265747e-01,6.583992838859558105e-01,-1.354434609413146973e+00,-2.824884094297885895e-02,-3.837674856185913086e-01,-8.377599716186523438e-01,-3.654541373252868652e-01,7.636635303497314453e-01,-9.128698110580444336e-01,-3.402555361390113831e-02,6.382958889007568359e-01,-1.007072925567626953e+00
-1.171421170234680176e+00,2.326988726854324341e-01,3.230165541172027588e-01,-1.367546319961547852e-01,-7.200321555137634277e-02,5.345960706472396851e-02,-9.865372776985168457e-01,-2.074643075466156006e-01,6.828078031539916992e-01,-1.364986896514892578e+00,-6.043598987162113190e-03,-3.779211342334747314e-01,-8.377599716186523438e-01,-3.651964664459228516e-01,7.495931982994079590e-01,-9.528756141662597656e-01,-3.025457821786403656e-02,6.363940834999084473e-01,-9.831579327583312988e-01
-1.167461752891540527e+00,2.323990166187286377e-01,3.235083818435668945e-01,-1.363893598318099976e-01,-6.992881745100021362e-02,6.094288080930709839e-02,-9.863031506538391113e-01,-1.999339014291763306e-01,7.084879279136657715e-01,-1.376210451126098633e+00,1.583797857165336609e-02,-3.689887821674346924e-01,-8.377599716186523438e-01,-3.639300167560577393e-01,7.369416952133178711e-01,-9.923501610755920410e-01,-2.638787589967250824e-02,6.405710577964782715e-01,-9.662142992019653320e-01
-1.163566112518310547e+00,2.321486175060272217e-01,3.239102065563201904e-01,-1.360985785722732544e-01,-6.720047444105148315e-02,6.825798749923706055e-02,-9.860538244247436523e-01,-1.931396126747131348e-01,7.335981130599975586e-01,-1.387956261634826660e+00,3.795861452817916870e-02,-3.575123846530914307e-01,-8.377599716186523438e-01,-3.617038428783416748e-01,7.229689359664916992e-01,-1.030721902847290039e+00,-2.289851941168308258e-02,6.476315855979919434e-01,-9.522678256034851074e-01
-1.159747838973999023e+00,2.318962067365646362e-01,3.242626786231994629e-01,-1.352937966585159302e-01,-6.410814076662063599e-02,7.543985545635223389e-02,-9.858471155166625977e-01,-1.860610395669937134e-01,7.571734786033630371e-01,-1.400367259979248047e+00,6.079034134745597839e-02,-3.434966802597045898e-01,-8.377599716186523438e-01,-3.577051162719726562e-01,7.062048912048339844e-01,-1.063994526863098145e+00,-1.893199048936367035e-02,6.565499305725097656e-01,-9.412775039672851562e-01
-1.155966639518737793e+00,2.316548973321914673e-01,3.245659172534942627e-01,-1.340484470129013062e-01,-6.080915033817291260e-02,8.250329643487930298e-02,-9.856604337692260742e-01,-1.786248385906219482e-01,7.783831954002380371e-01,-1.413504600524902344e+00,8.256658166646957397e-02,-3.279212713241577148e-01,-8.377599716186523438e-01,-3.524098396301269531e-01,6.870850920677185059e-01,-1.091994047164916992e+00,-1.482857018709182739e-02,6.666328310966491699e-01,-9.313249588012695312e-01
-1.152228355407714844e+00,2.313992083072662354e-01,3.248057663440704346e-01,-1.323147714138031006e-01,-5.758589878678321838e-02,8.944318443536758423e-02,-9.854829311370849609e-01,-1.722929030656814575e-01,8.005354404449462891e-01,-1.433205842971801758e+00,1.039012670516967773e-01,-3.121237754821777344e-01,-8.377599716186523438e-01,-3.457696735858917236e-01,6.651726365089416504e-01,-1.115301489830017090e+00,-1.035628002136945724e-02,6.763633489608764648e-01,-9.211094379425048828e-01
-1.148518562316894531e+00,2.311463654041290283e-01,3.249893188476562500e-01,-1.298852711915969849e-01,-5.443141236901283264e-02,9.631803631782531738e-02,-9.853374361991882324e-01,-1.673793196678161621e-01,8.265948891639709473e-01,-1.464867472648620605e+00,1.252367794513702393e-01,-2.957364618778228760e-01,-8.377599716186523438e-01,-3.374050557613372803e-01,6.411606073379516602e-01,-1.132025003433227539e+00,-5.300169344991445541e-03,6.861229538917541504e-01,-9.112868309020996094e-01
-1.144840478897094727e+00,2.308922559022903442e-01,3.250803947448730469e-01,-1.264246851205825806e-01,-5.154026672244071960e-02,1.030759066343307495e-01,-9.852592349052429199e-01,-1.630043685436248779e-01,8.532392382621765137e-01,-1.508805274963378906e+00,1.472148150205612183e-01,-2.792091071605682373e-01,-8.377599716186523438e-01,-3.261158764362335205e-01,6.158404946327209473e-01,-1.145760774612426758e+00,1.170647097751498222e-03,6.952151656150817871e-01,-9.008577466011047363e-01
-1.140733361244201660e+00,2.304054498672485352e-01,3.252682685852050781e-01,-1.222396045923233032e-01,-4.626979678869247437e-02,1.120205745100975037e-01,-9.850725531578063965e-01,-1.571873575448989868e-01,8.805189728736877441e-01,-1.549813985824584961e+00,1.731495708227157593e-01,-2.544870674610137939e-01,-8.377599716186523438e-01,-3.157282471656799316e-01,6.006019711494445801e-01,-1.163222432136535645e+00,5.048308055847883224e-03,7.131112217903137207e-01,-8.969761133193969727e-01
-1.137015104293823242e+00,2.302452921867370605e-01,3.249615430831909180e-01,-1.170201227068901062e-01,-4.281620308756828308e-02,1.189943626523017883e-01,-9.850448966026306152e-01,-1.526575237512588501e-01,9.053635001182556152e-01,-1.607300400733947754e+00,1.957988291978836060e-01,-2.354955077171325684e-01,-8.377599716186523438e-01,-3.006477653980255127e-01,5.808271765708923340e-01,-1.178024888038635254e+00,1.310596149414777756e-02,7.273194789886474609e-01,-8.923248648643493652e-01
-1.133399009704589844e+00,2.301555126905441284e-01,3.246459066867828369e-01,-1.105312854051589966e-01,-4.008666798472404480e-02,1.252776980400085449e-01,-9.851301312446594238e-01,-1.446906924247741699e-01,9.281953573226928711e-01,-1.673101425170898438e+00,2.187095880508422852e-01,-2.171519100666046143e-01,-8.377599716186523438e-01,-2.822381258010864258e-01,5.600981712341308594e-01,-1.191759705543518066e+00,2.363538183271884918e-02,7.391885519027709961e-01,-8.860231041908264160e-01
-1.129849672317504883e+00,2.301235646009445190e-01,3.242728412151336670e-01,-1.028596237301826477e-01,-3.782903030514717102e-02,1.310562789440155029e-01,-9.852985143661499023e-01,-1.314751803874969482e-01,9.469253420829772949e-01,-1.741697311401367188e+00,2.427329570055007935e-01,-1.991427093744277954e-01,-8.377599716186523438e-01,-2.614190876483917236e-01,5.410403609275817871e-01,-1.205665230751037598e+00,3.638454899191856384e-02,7.496985793113708496e-01,-8.783003091812133789e-01
-1.126309514045715332e+00,2.301828712224960327e-01,3.238279223442077637e-01,-9.420985728502273560e-02,-3.569324687123298645e-02,1.366195231676101685e-01,-9.854875206947326660e-01,-1.160368174314498901e-01,9.602947831153869629e-01,-1.809285044670104980e+00,2.671096324920654297e-01,-1.807328462600708008e-01,-8.377599716186523438e-01,-2.395948171615600586e-01,5.256984233856201172e-01,-1.219752550125122070e+00,5.041288584470748901e-02,7.601650357246398926e-01,-8.700144290924072266e-01
-1.122776150703430176e+00,2.303471416234970093e-01,3.233096897602081299e-01,-8.529051393270492554e-02,-3.358059003949165344e-02,1.418578177690505981e-01,-9.856339097023010254e-01,-1.010515838861465454e-01,9.626681804656982422e-01,-1.868286490440368652e+00,2.908646166324615479e-01,-1.618739366531372070e-01,-8.377599716186523438e-01,-2.189472168684005737e-01,5.154047608375549316e-01,-1.235119342803955078e+00,6.412339955568313599e-02,7.711445093154907227e-01,-8.619583249092102051e-01
-1.119216799736022949e+00,2.305609136819839478e-01,3.227038383483886719e-01,-7.623560726642608643e-02,-3.114475496113300323e-02,1.470189988613128662e-01,-9.856995344161987305e-01,-8.776351809501647949e-02,9.507906436920166016e-01,-1.909733295440673828e+00,3.133485317230224609e-01,-1.415441930294036865e-01,-8.377599716186523438e-01,-2.005101144313812256e-01,5.121954083442687988e-01,-1.250511646270751953e+00,7.727428525686264038e-02,7.837961316108703613e-01,-8.550474643707275391e-01
-1.115653395652770996e+00,2.307931184768676758e-01,3.220700323581695557e-01,-6.809120625257492065e-02,-2.813003398478031158e-02,1.522172987461090088e-01,-9.855973720550537109e-01,-7.802779972553253174e-02,9.253965616226196289e-01,-1.930340409278869629e+00,3.331337273120880127e-01,-1.197795942425727844e-01,-8.377599716186523438e-01,-1.866082847118377686e-01,5.164925456047058105e-01,-1.265221953392028809e+00,8.765034377574920654e-02,7.989174127578735352e-01,-8.508033752441406250e-01
-1.112051844596862793e+00,2.309677749872207642e-01,3.213893473148345947e-01,-6.133114919066429138e-02,-2.443484030663967133e-02,1.571659296751022339e-01,-9.853630065917968750e-01,-7.271270453929901123e-02,8.890407085418701172e-01,-1.929942250251770020e+00,3.485192358493804932e-01,-9.704914689064025879e-02,-8.377599716186523438e-01,-1.782614290714263916e-01,5.282589793205261230e-01,-1.279143810272216797e+00,9.482041001319885254e-02,8.170244097709655762e-01,-8.489471077919006348e-01
-1.108623385429382324e+00,2.310389876365661621e-01,3.207432627677917480e-01,-5.704336613416671753e-02,-2.004752121865749359e-02,1.605665683746337891e-01,-9.851713180541992188e-01,-7.483442127704620361e-02,8.422998189926147461e-01,-1.911925554275512695e+00,3.549327552318572998e-01,-7.406158000230789185e-02,-8.377599716186523438e-01,-1.756262928247451782e-01,5.431383848190307617e-01,-1.286150336265563965e+00,9.921175986528396606e-02,8.386982679367065430e-01,-8.525596857070922852e-01
-1.105027198791503906e+00,2.310274690389633179e-01,3.199703395366668701e-01,-5.321731045842170715e-02,-1.484597381204366684e-02,1.647486984729766846e-01,-9.847869873046875000e-01,-7.956928014755249023e-02,7.942982912063598633e-01,-1.882876634597778320e+00,3.618828058242797852e-01,-4.925037547945976257e-02,-8.377599716186523438e-01,-1.770453155040740967e-01,5.659624338150024414e-01,-1.291118741035461426e+00,9.955856949090957642e-02,8.646355867385864258e-01,-8.600320219993591309e-01
-1.101418137550354004e+00,2.308419346809387207e-01,3.191264569759368896e-01,-4.899114370346069336e-02,-9.643905796110630035e-03,1.680999845266342163e-01,-9.845045804977416992e-01,-8.460942655801773071e-02,7.393481135368347168e-01,-1.840264558792114258e+00,3.689089119434356689e-01,-2.461786195635795593e-02,-8.377599716186523438e-01,-1.763598173856735229e-01,5.932189822196960449e-01,-1.296688675880432129e+00,1.015326455235481262e-01,8.916785120964050293e-01,-8.676426410675048828e-01
-1.097884297370910645e+00,2.305790334939956665e-01,3.184230327606201172e-01,-4.488253965973854065e-02,-4.827723372727632523e-03,1.706173121929168701e-01,-9.843028187751770020e-01,-9.113518148660659790e-02,6.781496405601501465e-01,-1.787207126617431641e+00,3.744314908981323242e-01,-4.701227298937737942e-04,-8.377599716186523438e-01,-1.746612191200256348e-01,6.234831809997558594e-01,-1.310758352279663086e+00,1.035031676292419434e-01,9.169070720672607422e-01,-8.735978603363037109e-01
-1.094434976577758789e+00,2.302733361721038818e-01,3.178953230381011963e-01,-4.090112820267677307e-02,-5.117403925396502018e-04,1.721964776515960693e-01,-9.842129945755004883e-01,-1.005639880895614624e-01,6.090137958526611328e-01,-1.722543716430664062e+00,3.787043094635009766e-01,2.244677767157554626e-02,-8.377599716186523438e-01,-1.730430126190185547e-01,6.531763076782226562e-01,-1.331655383110046387e+00,1.058154776692390442e-01,9.394955039024353027e-01,-8.761215209960937500e-01
-1.091003656387329102e+00,2.298970967531204224e-01,3.176539540290832520e-01,-3.673047944903373718e-02,2.583121415227651596e-03,1.730293333530426025e-01,-9.842281341552734375e-01,-1.098666116595268250e-01,5.318810343742370605e-01,-1.647094011306762695e+00,3.835276365280151367e-01,4.157305881381034851e-02,-8.377599716186523438e-01,-1.708401143550872803e-01,6.761465668678283691e-01,-1.345481038093566895e+00,1.093331649899482727e-01,9.556224942207336426e-01,-8.712728023529052734e-01
-1.087516307830810547e+00,2.293926179409027100e-01,3.176676928997039795e-01,-3.187008574604988098e-02,4.766956437379121780e-03,1.737252026796340942e-01,-9.842668175697326660e-01,-1.198440566658973694e-01,4.472843706607818604e-01,-1.560201644897460938e+00,3.897887170314788818e-01,5.949691683053970337e-02,-8.377599716186523438e-01,-1.674289256334304810e-01,6.952962279319763184e-01,-1.353803873062133789e+00,1.151709705591201782e-01,9.671485424041748047e-01,-8.610743284225463867e-01
-1.084001898765563965e+00,2.288315594196319580e-01,3.180157840251922607e-01,-2.648233436048030853e-02,6.380235776305198669e-03,1.742051690816879272e-01,-9.843325614929199219e-01,-1.283057630062103271e-01,3.532353043556213379e-01,-1.456852793693542480e+00,3.970035314559936523e-01,7.776360958814620972e-02,-8.377599716186523438e-01,-1.637801975011825562e-01,7.134137749671936035e-01,-1.359738230705261230e+00,1.225607693195343018e-01,9.749513268470764160e-01,-8.455256223678588867e-01
-1.080569028854370117e+00,2.281589359045028687e-01,3.183327317237854004e-01,-2.246827445924282074e-02,8.300206623971462250e-03,1.737940758466720581e-01,-9.844906926155090332e-01,-1.410737931728363037e-01,2.528502643108367920e-01,-1.340151786804199219e+00,4.008203148841857910e-01,9.347186237573623657e-02,-8.377599716186523438e-01,-1.624699980020523071e-01,7.322629094123840332e-01,-1.366893887519836426e+00,1.295975744724273682e-01,9.876731634140014648e-01,-8.377600312232971191e-01
-1.077249765396118164e+00,2.273304015398025513e-01,3.187956809997558594e-01,-2.019222266972064972e-02,1.123157702386379242e-02,1.726267933845520020e-01,-9.847162365913391113e-01,-1.592786908149719238e-01,1.417779326438903809e-01,-1.200967192649841309e+00,3.993346989154815674e-01,1.116420626640319824e-01,-8.377599716186523438e-01,-1.642869263887405396e-01,7.526568174362182617e-01,-1.372858643531799316e+00,1.349515467882156372e-01,1.006759405136108398e+00,-8.377599716186523438e-01
-1.073889613151550293e+00,2.262787073850631714e-01,3.196037411689758301e-01,-1.905738189816474915e-02,1.397325936704874039e-02,1.704882681369781494e-01,-9.850763082504272461e-01,-1.810765564441680908e-01,2.396716736257076263e-02,-1.046773433685302734e+00,3.948639333248138428e-01,1.294584423303604126e-01,-8.377599716186523438e-01,-1.671336591243743896e-01,7.703500390052795410e-01,-1.373705387115478516e+00,1.396322995424270630e-01,1.024970054626464844e+00,-8.377599716186523438e-01
-1.070447564125061035e+00,2.249763011932373047e-01,3.206898868083953857e-01,-1.913729868829250336e-02,1.633307337760925293e-02,1.676384210586547852e-01,-9.855274558067321777e-01,-2.057821899652481079e-01,-9.731575101613998413e-02,-8.810883164405822754e-01,3.880616128444671631e-01,1.454697549343109131e-01,-8.377599716186523438e-01,-1.714032292366027832e-01,7.849637866020202637e-01,-1.369560122489929199e+00,1.436366140842437744e-01,1.041723489761352539e+00,-8.377599716186523438e-01
-1.065706849098205566e+00,2.228449136018753052e-01,3.195832967758178711e-01,-8.232356049120426178e-03,1.131800934672355652e-02,1.723592281341552734e-01,-9.849347472190856934e-01,-1.953632086515426636e-01,-1.655578613281250000e-01,-8.378683328628540039e-01,4.206868112087249756e-01,1.541859209537506104e-01,-8.377599716186523438e-01,-1.616693437099456787e-01,8.030912876129150391e-01,-1.375993847846984863e+00,1.528093665838241577e-01,1.044701933860778809e+00,-8.377599716186523438e-01
-1.060493230819702148e+00,2.203213274478912354e-01,3.181198537349700928e-01,5.834813237015623599e-06,5.023433826863765717e-03,1.763602495193481445e-01,-9.843128919601440430e-01,-1.904720664024353027e-01,-2.088498771190643311e-01,-8.377602696418762207e-01,4.499122798442840576e-01,1.702623665332794189e-01,-8.580290675163269043e-01,-1.565250903367996216e-01,8.162031769752502441e-01,-1.376327633857727051e+00,1.579351574182510376e-01,1.045139193534851074e+00,-8.377599716186523438e-01
-1.055620193481445312e+00,2.179889827966690063e-01,3.165470361709594727e-01,-6.948664085939526558e-04,-2.230295212939381599e-03,1.754411458969116211e-01,-9.844871759414672852e-01,-2.152057588100433350e-01,-2.532932758331298828e-01,-8.377599716186523438e-01,4.593476653099060059e-01,2.029995918273925781e-01,-9.285020232200622559e-01,-1.614663302898406982e-01,8.123872280120849609e-01,-1.362084746360778809e+00,1.572876125574111938e-01,1.041985750198364258e+00,-8.377599716186523438e-01
-1.050840139389038086e+00,2.155143618583679199e-01,3.155110180377960205e-01,-3.974746912717819214e-03,-8.128062821924686432e-03,1.739139407873153687e-01,-9.847192764282226562e-01,-2.452750951051712036e-01,-2.869930863380432129e-01,-8.377599716186523438e-01,4.625804722309112549e-01,2.338490784168243408e-01,-9.899237751960754395e-01,-1.711395531892776489e-01,8.071480989456176758e-01,-1.342976331710815430e+00,1.517567187547683716e-01,1.040270805358886719e+00,-8.377599716186523438e-01
-1.046116828918457031e+00,2.129945755004882812e-01,3.148978054523468018e-01,-7.498233113437891006e-03,-1.320977602154016495e-02,1.718616336584091187e-01,-9.850040078163146973e-01,-2.751295864582061768e-01,-3.121844828128814697e-01,-8.377599716186523438e-01,4.635699987411499023e-01,2.619804143905639648e-01,-1.042231082916259766e+00,-1.808708906173706055e-01,8.019317984580993652e-01,-1.321990609169006348e+00,1.458175778388977051e-01,1.039290904998779297e+00,-8.377599716186523438e-01
-1.041438102722167969e+00,2.104480415582656860e-01,3.146072328090667725e-01,-1.099937129765748978e-02,-1.780292205512523651e-02,1.693483144044876099e-01,-9.853340387344360352e-01,-3.036579787731170654e-01,-3.308314383029937744e-01,-8.377599716186523438e-01,4.637920558452606201e-01,2.883446216583251953e-01,-1.088016867637634277e+00,-1.898150742053985596e-01,7.959263324737548828e-01,-1.298990249633789062e+00,1.404351145029067993e-01,1.038621425628662109e+00,-8.377599716186523438e-01
-1.036689639091491699e+00,2.079318016767501831e-01,3.146256208419799805e-01,-1.429419033229351044e-02,-2.222961932420730591e-02,1.662978231906890869e-01,-9.857213497161865234e-01,-3.313671648502349854e-01,-3.451376855373382568e-01,-8.377599716186523438e-01,4.627116620540618896e-01,3.132923245429992676e-01,-1.129141688346862793e+00,-1.978388279676437378e-01,7.883701920509338379e-01,-1.273410320281982422e+00,1.352831423282623291e-01,1.036426305770874023e+00,-8.377599716186523438e-01
-1.031888961791992188e+00,2.054666280746459961e-01,3.148377537727355957e-01,-1.751209609210491180e-02,-2.657096646726131439e-02,1.631000339984893799e-01,-9.860962033271789551e-01,-3.575954437255859375e-01,-3.558815121650695801e-01,-8.377599716186523438e-01,4.619010090827941895e-01,3.368816375732421875e-01,-1.166396856307983398e+00,-2.048299461603164673e-01,7.794551849365234375e-01,-1.245945811271667480e+00,1.300278902053833008e-01,1.033729553222656250e+00,-8.377599716186523438e-01
-1.027056455612182617e+00,2.030954807996749878e-01,3.153200745582580566e-01,-2.057090960443019867e-02,-3.065059520304203033e-02,1.594431251287460327e-01,-9.865167140960693359e-01,-3.825123310089111328e-01,-3.619743287563323975e-01,-8.377599716186523438e-01,4.596308469772338867e-01,3.590243756771087646e-01,-1.199159860610961914e+00,-2.106769233942031860e-01,7.691001296043395996e-01,-1.216104984283447266e+00,1.249633207917213440e-01,1.030312061309814453e+00,-8.377599716186523438e-01
-1.022203087806701660e+00,2.008308917284011841e-01,3.160836994647979736e-01,-2.322029136121273041e-02,-3.458892181515693665e-02,1.554001867771148682e-01,-9.869727492332458496e-01,-4.057469666004180908e-01,-3.643498420715332031e-01,-8.377599716186523438e-01,4.574046432971954346e-01,3.799544870853424072e-01,-1.227989315986633301e+00,-2.147136777639389038e-01,7.571433186531066895e-01,-1.183598518371582031e+00,1.201989352703094482e-01,1.024444580078125000e+00,-8.377599716186523438e-01
-1.017364621162414551e+00,1.987245380878448486e-01,3.171842992305755615e-01,-2.490215562283992767e-02,-3.868810832500457764e-02,1.509196758270263672e-01,-9.874747395515441895e-01,-4.252180755138397217e-01,-3.628161847591400146e-01,-8.377599716186523438e-01,4.554945230484008789e-01,3.992717564105987549e-01,-1.252793431282043457e+00,-2.155177295207977295e-01,7.427982687950134277e-01,-1.148572325706481934e+00,1.167590692639350891e-01,1.013615727424621582e+00,-8.377599716186523438e-01
-1.012533187866210938e+00,1.967688351869583130e-01,3.186365664005279541e-01,-2.540600672364234924e-02,-4.301072284579277039e-02,1.458250135183334351e-01,-9.880484342575073242e-01,-4.399403333663940430e-01,-3.570246994495391846e-01,-8.377599716186523438e-01,4.544247686862945557e-01,4.166753292083740234e-01,-1.273937463760375977e+00,-2.125560641288757324e-01,7.250835895538330078e-01,-1.108698010444641113e+00,1.151233613491058350e-01,9.962906837463378906e-01,-8.377599716186523438e-01
-1.007729291915893555e+00,1.949768960475921631e-01,3.203901648521423340e-01,-2.458463236689567566e-02,-4.793145135045051575e-02,1.401558518409729004e-01,-9.886630177497863770e-01,-4.486053884029388428e-01,-3.477461040019989014e-01,-8.377599716186523438e-01,4.548468589782714844e-01,4.319700300693511963e-01,-1.292680501937866211e+00,-2.053140103816986084e-01,7.035931944847106934e-01,-1.064765214920043945e+00,1.153595894575119019e-01,9.706453680992126465e-01,-8.377599716186523438e-01
-1.003331542015075684e+00,1.934206932783126831e-01,3.221817910671234131e-01,-2.341183461248874664e-02,-5.228535458445549011e-02,1.341021358966827393e-01,-9.893102645874023438e-01,-4.519881308078765869e-01,-3.323677480220794678e-01,-8.377599716186523438e-01,4.549917280673980713e-01,4.452525377273559570e-01,-1.307816147804260254e+00,-1.964693814516067505e-01,6.816766858100891113e-01,-1.021092772483825684e+00,1.163911670446395874e-01,9.466838240623474121e-01,-8.480457067489624023e-01
-9.994015693664550781e-01,1.919589191675186157e-01,3.234084546566009521e-01,-2.263840660452842712e-02,-5.490206927061080933e-02,1.284636706113815308e-01,-9.899345040321350098e-01,-4.499029219150543213e-01,-3.124314844608306885e-01,-8.377599716186523438e-01,4.544786810874938965e-01,4.608131051063537598e-01,-1.322463393211364746e+00,-1.888848394155502319e-01,6.665847897529602051e-01,-9.851232171058654785e-01,1.154361516237258911e-01,9.353543519973754883e-01,-8.853513598442077637e-01
-9.952865242958068848e-01,1.904070824384689331e-01,3.238883018493652344e-01,-2.156259119510650635e-02,-5.677068606019020081e-02,1.240930482745170593e-01,-9.904105663299560547e-01,-4.468939602375030518e-01,-2.985964417457580566e-01,-8.377599716186523438e-01,4.571031630039215088e-01,4.802628755569458008e-01,-1.339752554893493652e+00,-1.827623397111892700e-01,6.591119170188903809e-01,-9.583240151405334473e-01,1.107832491397857666e-01,9.283168315887451172e-01,-9.323965311050415039e-01
-9.910361766815185547e-01,1.887766271829605103e-01,3.239679932594299316e-01,-2.020300552248954773e-02,-5.780085921287536621e-02,1.210397854447364807e-01,-9.907574057579040527e-01,-4.457415342330932617e-01,-2.905213534832000732e-01,-8.377599716186523438e-01,4.622789323329925537e-01,5.034943222999572754e-01,-1.358086585998535156e+00,-1.778236329555511475e-01,6.579599380493164062e-01,-9.377666115760803223e-01,1.032975986599922180e-01,9.219168424606323242e-01,-9.819328188896179199e-01
-9.875707626342773438e-01,1.874385029077529907e-01,3.239351212978363037e-01,-1.936556771397590637e-02,-5.946288630366325378e-02,1.196955889463424683e-01,-9.908390641212463379e-01,-4.406628310680389404e-01,-2.843165099620819092e-01,-8.377599716186523438e-01,4.698589742183685303e-01,5.238087177276611328e-01,-1.379800319671630859e+00,-1.760476231575012207e-01,6.520410776138305664e-01,-9.138962626457214355e-01,9.089628607034683228e-02,9.093363285064697266e-01,-1.032454013824462891e+00
-9.835679531097412109e-01,1.859218776226043701e-01,3.240710496902465820e-01,-1.839444600045681000e-02,-5.869344621896743774e-02,1.168371737003326416e-01,-9.912445545196533203e-01,-4.390096962451934814e-01,-2.713250219821929932e-01,-8.377599716186523438e-01,4.716327488422393799e-01,5.475953221321105957e-01,-1.393835544586181641e+00,-1.724701523780822754e-01,6.566773653030395508e-01,-8.985226154327392578e-01,8.065049350261688232e-02,8.989590406417846680e-01,-1.076564073562622070e+00
-9.796655178070068359e-01,1.843972355127334595e-01,3.241819441318511963e-01,-1.722344942390918732e-02,-5.702632665634155273e-02,1.139909848570823669e-01,-9.916942119598388672e-01,-4.376439154148101807e-01,-2.566420435905456543e-01,-8.377599716186523438e-01,4.732068181037902832e-01,5.728273987770080566e-01,-1.406548142433166504e+00,-1.686030030250549316e-01,6.655010581016540527e-01,-8.876671195030212402e-01,6.945314258337020874e-02,8.874052762985229492e-01,-1.118754863739013672e+00
-9.758877754211425781e-01,1.828534454107284546e-01,3.243190944194793701e-01,-1.600457169115543365e-02,-5.465066432952880859e-02,1.106705889105796814e-01,-9.922243356704711914e-01,-4.364303052425384521e-01,-2.391331046819686890e-01,-8.377599716186523438e-01,4.733003079891204834e-01,5.987464189529418945e-01,-1.419025063514709473e+00,-1.644121557474136353e-01,6.769194602966308594e-01,-8.798356056213378906e-01,5.857493355870246887e-02,8.741307854652404785e-01,-1.157201290130615234e+00
-9.721581935882568359e-01,1.812665611505508423e-01,3.243577778339385986e-01,-1.474777609109878540e-02,-5.213661864399909973e-02,1.076197847723960876e-01,-9.927145838737487793e-01,-4.344941079616546631e-01,-2.222263216972351074e-01,-8.377599716186523438e-01,4.738380014896392822e-01,6.262564659118652344e-01,-1.434005141258239746e+00,-1.596861034631729126e-01,6.893995404243469238e-01,-8.733972907066345215e-01,4.740057140588760376e-02,8.576744198799133301e-01,-1.190835714340209961e+00
-9.685322642326354980e-01,1.796459108591079712e-01,3.243921995162963867e-01,-1.342443004250526428e-02,-4.943959042429924011e-02,1.044109165668487549e-01,-9.932138919830322266e-01,-4.320180714130401611e-01,-2.049528807401657104e-01,-8.377599716186523438e-01,4.738373458385467529e-01,6.537644267082214355e-01,-1.450265169143676758e+00,-1.543613821268081665e-01,7.026154398918151855e-01,-8.683747649192810059e-01,3.643735498189926147e-02,8.386667966842651367e-01,-1.220915913581848145e+00
-9.650062918663024902e-01,1.779893189668655396e-01,3.243878185749053955e-01,-1.239895634353160858e-02,-4.645693674683570862e-02,1.013168171048164368e-01,-9.936915636062622070e-01,-4.296189546585083008e-01,-1.872615814208984375e-01,-8.377599716186523438e-01,4.724607169628143311e-01,6.828173398971557617e-01,-1.469776272773742676e+00,-1.490053683519363403e-01,7.163130640983581543e-01,-8.630932569503784180e-01,2.518120408058166504e-02,8.177769184112548828e-01,-1.245960235595703125e+00
-9.615533351898193359e-01,1.762774586677551270e-01,3.243306875228881836e-01,-1.171361654996871948e-02,-4.324705153703689575e-02,9.829059988260269165e-02,-9.941486120223999023e-01,-4.272935986518859863e-01,-1.695578098297119141e-01,-8.377599716186523438e-01,4.711795449256896973e-01,7.147374749183654785e-01,-1.493883967399597168e+00,-1.437958776950836182e-01,7.305392622947692871e-01,-8.582236766815185547e-01,1.412946823984384537e-02,7.949078679084777832e-01,-1.265311121940612793e+00
-9.581878781318664551e-01,1.745094209909439087e-01,3.242243528366088867e-01,-1.146779675036668777e-02,-3.989355266094207764e-02,9.529743343591690063e-02,-9.945830106735229492e-01,-4.254531860351562500e-01,-1.519591063261032104e-01,-8.377599716186523438e-01,4.686940312385559082e-01,7.495384812355041504e-01,-1.523837447166442871e+00,-1.389792263507843018e-01,7.451125383377075195e-01,-8.543080687522888184e-01,2.866598544642329216e-03,7.710165977478027344e-01,-1.279806017875671387e+00
-9.548980593681335449e-01,1.726989299058914185e-01,3.240443468093872070e-01,-1.186368241906166077e-02,-3.632169961929321289e-02,9.244599938392639160e-02,-9.949842691421508789e-01,-4.241527616977691650e-01,-1.340686380863189697e-01,-8.377599716186523438e-01,4.672689735889434814e-01,7.908393740653991699e-01,-1.565172791481018066e+00,-1.351585239171981812e-01,7.604182958602905273e-01,-8.514507412910461426e-01,-8.696973323822021484e-03,7.466272711753845215e-01,-1.289477348327636719e+00
-9.513280987739562988e-01,1.705530434846878052e-01,3.239595592021942139e-01,-1.302723586559295654e-02,-3.072300367057323456e-02,8.857995271682739258e-02,-9.955099225044250488e-01,-4.251960515975952148e-01,-1.103280633687973022e-01,-8.377599716186523438e-01,4.622322320938110352e-01,8.356289863586425781e-01,-1.607052326202392578e+00,-1.302842795848846436e-01,7.822453975677490234e-01,-8.525425791740417480e-01,-1.904183067381381989e-02,7.311367988586425781e-01,-1.301118969917297363e+00
-9.481505155563354492e-01,1.685499548912048340e-01,3.235289156436920166e-01,-1.428763940930366516e-02,-2.614266052842140198e-02,8.576782792806625366e-02,-9.958696365356445312e-01,-4.249301850795745850e-01,-9.058102220296859741e-02,-8.377599716186523438e-01,4.632116556167602539e-01,8.848004937171936035e-01,-1.669722080230712891e+00,-1.275371015071868896e-01,8.020383119583129883e-01,-8.541842103004455566e-01,-3.031069785356521606e-02,7.112700343132019043e-01,-1.307368159294128418e+00
-9.450653791427612305e-01,1.665226817131042480e-01,3.229734599590301514e-01,-1.623001322150230408e-02,-2.200253680348396301e-02,8.306285738945007324e-02,-9.961692094802856445e-01,-4.258897900581359863e-01,-7.263536751270294189e-02,-8.377599716186523438e-01,4.657719731330871582e-01,9.284245371818542480e-01,-1.740624904632568359e+00,-1.256185770034790039e-01,8.199169039726257324e-01,-8.545640110969543457e-01,-4.231990128755569458e-02,6.907651424407958984e-01,-1.311993241310119629e+00
-9.420897364616394043e-01,1.644102334976196289e-01,3.223436772823333740e-01,-1.891664788126945496e-02,-1.798963733017444611e-02,8.051840215921401978e-02,-9.964112043380737305e-01,-4.276410043239593506e-01,-5.520891025662422180e-02,-8.377599716186523438e-01,4.656746685504913330e-01,9.644052982330322266e-01,-1.812755107879638672e+00,-1.242846250534057617e-01,8.365641832351684570e-01,-8.541809320449829102e-01,-5.489840358495712280e-02,6.714647412300109863e-01,-1.316280484199523926e+00
-9.391916990280151367e-01,1.622177809476852417e-01,3.216189444065093994e-01,-2.225597202777862549e-02,-1.405200082808732986e-02,7.806704938411712646e-02,-9.966005682945251465e-01,-4.304580688476562500e-01,-3.844033181667327881e-02,-8.377599716186523438e-01,4.582237005233764648e-01,9.897887706756591797e-01,-1.878668427467346191e+00,-1.235258951783180237e-01,8.524292707443237305e-01,-8.535042405128479004e-01,-6.764374673366546631e-02,6.543278098106384277e-01,-1.322355628013610840e+00
-9.363664388656616211e-01,1.598835736513137817e-01,3.208022117614746094e-01,-2.627284824848175049e-02,-9.942561388015747070e-03,7.569975405931472778e-02,-9.967348575592041016e-01,-4.340196847915649414e-01,-2.146147377789020538e-02,-8.377599716186523438e-01,4.424834251403808594e-01,1.004546761512756348e+00,-1.933795332908630371e+00,-1.235351562500000000e-01,8.684290051460266113e-01,-8.520700335502624512e-01,-8.050201088190078735e-02,6.413776874542236328e-01,-1.331504225730895996e+00
-9.335497617721557617e-01,1.574162542819976807e-01,3.198409080505371094e-01,-3.104200400412082672e-02,-5.660280585289001465e-03,7.339101284742355347e-02,-9.968039393424987793e-01,-4.388324320316314697e-01,-4.508944693952798843e-03,-8.377599716186523438e-01,4.180018305778503418e-01,1.004969835281372070e+00,-1.974817752838134766e+00,-1.242443621158599854e-01,8.850328326225280762e-01,-8.517313003540039062e-01,-9.348698705434799194e-02,6.335670351982116699e-01,-1.343989014625549316e+00
-9.307530522346496582e-01,1.548038423061370850e-01,3.187812864780426025e-01,-3.647184744477272034e-02,-9.348333114758133888e-04,7.105918973684310913e-02,-9.968046545982360840e-01,-4.446013271808624268e-01,1.395772211253643036e-02,-8.377599716186523438e-01,3.844499886035919189e-01,9.950888156890869141e-01,-2.000776767730712891e+00,-1.256290078163146973e-01,9.029256701469421387e-01,-8.518978357315063477e-01,-1.061392500996589661e-01,6.324249505996704102e-01,-1.359356164932250977e+00
-9.279142618179321289e-01,1.520788669586181641e-01,3.175612092018127441e-01,-4.272430390119552612e-02,4.152339883148670197e-03,6.884700804948806763e-02,-9.967033267021179199e-01,-4.512518346309661865e-01,3.263683617115020752e-02,-8.377599716186523438e-01,3.448619842529296875e-01,9.753370285034179688e-01,-2.010982513427734375e+00,-1.282452493906021118e-01,9.222391247749328613e-01,-8.528272509574890137e-01,-1.186203137040138245e-01,6.384061574935913086e-01,-1.377146840095520020e+00
-9.250781536102294922e-01,1.492646485567092896e-01,3.162394762039184570e-01,-4.945508018136024475e-02,9.765004739165306091e-03,6.669395416975021362e-02,-9.964992403984069824e-01,-4.580919742584228516e-01,5.291553959250450134e-02,-8.377599716186523438e-01,3.000816106796264648e-01,9.470470547676086426e-01,-2.006570100784301758e+00,-1.311405748128890991e-01,9.430984854698181152e-01,-8.538309335708618164e-01,-1.301066279411315918e-01,6.517028808593750000e-01,-1.395167827606201172e+00
-9.222337007522583008e-01,1.463261991739273071e-01,3.148222267627716064e-01,-5.652664974331855774e-02,1.569501496851444244e-02,6.470214575529098511e-02,-9.961787462234497070e-01,-4.649772644042968750e-01,7.382057607173919678e-02,-8.377599716186523438e-01,2.519374191761016846e-01,9.091649651527404785e-01,-1.984210491180419922e+00,-1.338068842887878418e-01,9.649444818496704102e-01,-8.553515076637268066e-01,-1.395689845085144043e-01,6.714601516723632812e-01,-1.411661744117736816e+00
-9.195376634597778320e-01,1.434283107519149780e-01,3.133925199508666992e-01,-6.355315446853637695e-02,2.152537554502487183e-02,6.344931572675704956e-02,-9.957267642021179199e-01,-4.706294238567352295e-01,9.357144683599472046e-02,-8.377599716186523438e-01,2.017253488302230835e-01,8.592362999916076660e-01,-1.938711404800415039e+00,-1.364975869655609131e-01,9.864251613616943359e-01,-8.572905659675598145e-01,-1.467691510915756226e-01,6.934760212898254395e-01,-1.421905040740966797e+00
-9.167944192886352539e-01,1.403187513351440430e-01,3.119541406631469727e-01,-7.043064385652542114e-02,2.763237059116363525e-02,6.255984306335449219e-02,-9.951694607734680176e-01,-4.751959145069122314e-01,1.141835153102874756e-01,-8.377599716186523438e-01,1.527888178825378418e-01,8.044338822364807129e-01,-1.878230094909667969e+00,-1.374302208423614502e-01,1.008058071136474609e+00,-8.577110767364501953e-01,-1.514555215835571289e-01,7.208762168884277344e-01,-1.435572504997253418e+00
-9.142000079154968262e-01,1.371254324913024902e-01,3.106851577758789062e-01,-7.618355751037597656e-02,3.324762359261512756e-02,6.256654858589172363e-02,-9.945732951164245605e-01,-4.755043387413024902e-01,1.336916387081146240e-01,-8.377599716186523438e-01,1.061170846223831177e-01,7.393764853477478027e-01,-1.799370646476745605e+00,-1.357919722795486450e-01,1.026572465896606445e+00,-8.542913198471069336e-01,-1.540089398622512817e-01,7.524127364158630371e-01,-1.464983820915222168e+00
-9.116853475570678711e-01,1.338681131601333618e-01,3.095647394657135010e-01,-8.141176402568817139e-02,3.853482007980346680e-02,6.320736557245254517e-02,-9.939275979995727539e-01,-4.748842120170593262e-01,1.516987234354019165e-01,-8.377599716186523438e-01,5.926835536956787109e-02,6.636402010917663574e-01,-1.701759815216064453e+00,-1.333279013633728027e-01,1.043183445930480957e+00,-8.487540483474731445e-01,-1.534274071455001831e-01,7.872984409332275391e-01,-1.496345996856689453e+00
-9.091956615447998047e-01,1.305559128522872925e-01,3.086289763450622559e-01,-8.689519017934799194e-02,4.325745999813079834e-02,6.409758329391479492e-02,-9.932117462158203125e-01,-4.740720391273498535e-01,1.687775105237960815e-01,-8.377599716186523438e-01,9.606186300516128540e-03,5.767549872398376465e-01,-1.585898637771606445e+00,-1.317511200904846191e-01,1.056237101554870605e+00,-8.398174047470092773e-01,-1.531254351139068604e-01,8.162869215011596680e-01,-1.521228909492492676e+00
-9.068064093589782715e-01,1.272759437561035156e-01,3.076317608356475830e-01,-9.211914241313934326e-02,4.828133434057235718e-02,6.514627486467361450e-02,-9.924408793449401855e-01,-4.725230932235717773e-01,1.862989366054534912e-01,-8.377599716186523438e-01,-4.434317350387573242e-02,4.766285121440887451e-01,-1.446028113365173340e+00,-1.314896792173385620e-01,1.073982357978820801e+00,-8.377600312232971191e-01,-1.526781767606735229e-01,8.440503478050231934e-01,-1.548986792564392090e+00
-9.044450521469116211e-01,1.239609047770500183e-01,3.067424297332763672e-01,-9.730818122625350952e-02,5.314213782548904419e-02,6.623845547437667847e-02,-9.916246533393859863e-01,-4.710664451122283936e-01,2.032328695058822632e-01,-8.377599716186523438e-01,-1.009163931012153625e-01,3.634253740310668945e-01,-1.285848379135131836e+00,-1.320835798978805542e-01,1.092208981513977051e+00,-8.377599716186523438e-01,-1.508656889200210571e-01,8.721675276756286621e-01,-1.575146436691284180e+00
-9.021514654159545898e-01,1.206907778978347778e-01,3.061395287513732910e-01,-1.017851531505584717e-01,5.766291916370391846e-02,6.745624542236328125e-02,-9.908402562141418457e-01,-4.680925607681274414e-01,2.204073071479797363e-01,-8.377599716186523438e-01,-1.568598151206970215e-01,2.425112575292587280e-01,-1.112643718719482422e+00,-1.321227252483367920e-01,1.109378695487976074e+00,-8.377599716186523438e-01,-1.467776596546173096e-01,8.992563486099243164e-01,-1.598366975784301758e+00
-8.999286293983459473e-01,1.175518259406089783e-01,3.058784306049346924e-01,-1.043983846902847290e-01,6.162707880139350891e-02,6.979026645421981812e-02,-9.901678562164306641e-01,-4.607420861721038818e-01,2.362987697124481201e-01,-8.377599716186523438e-01,-2.052652090787887573e-01,1.196734681725502014e-01,-9.355494976043701172e-01,-1.306849867105484009e-01,1.125719547271728516e+00,-8.377599716186523438e-01,-1.389129459857940674e-01,9.228344559669494629e-01,-1.616355180740356445e+00
-8.973502516746520996e-01,1.139278635382652283e-01,3.046540319919586182e-01,-1.146278008818626404e-01,6.366651505231857300e-02,7.792443037033081055e-02,-9.882989525794982910e-01,-4.586468040943145752e-01,2.476704716682434082e-01,-8.377599716186523438e-01,-2.491508871316909790e-01,2.700190432369709015e-02,-8.377685546875000000e-01,-1.595644950866699219e-01,1.142139911651611328e+00,-8.377599716186523438e-01,-1.518170684576034546e-01,9.374681711196899414e-01,-1.633986473083496094e+00
-8.939902186393737793e-01,1.094881743192672729e-01,3.024868667125701904e-01,-1.311682313680648804e-01,6.453210115432739258e-02,9.191849082708358765e-02,-9.849779009819030762e-01,-4.592499434947967529e-01,2.579208016395568848e-01,-8.377599716186523438e-01,-2.848293185234069824e-01,-2.396734990179538727e-02,-8.377599716186523438e-01,-2.168544828891754150e-01,1.160300254821777344e+00,-8.377599716186523438e-01,-1.837643086910247803e-01,9.458198547363281250e-01,-1.651413440704345703e+00
-8.906272649765014648e-01,1.052878722548484802e-01,3.004940152168273926e-01,-1.384073197841644287e-01,6.286957114934921265e-02,1.040371432900428772e-01,-9.828871488571166992e-01,-4.473749101161956787e-01,2.797948420047760010e-01,-8.683313727378845215e-01,-3.024905920028686523e-01,-7.043792307376861572e-02,-8.377599716186523438e-01,-2.486956566572189331e-01,1.172022819519042969e+00,-8.377599716186523438e-01,-1.929582804441452026e-01,9.486643671989440918e-01,-1.659144401550292969e+00
-8.872563242912292480e-01,1.016570329666137695e-01,2.984431087970733643e-01,-1.406669169664382935e-01,5.853265896439552307e-02,1.149176433682441711e-01,-9.816214442253112793e-01,-4.309738278388977051e-01,3.123671412467956543e-01,-9.288961291313171387e-01,-3.115817904472351074e-01,-1.144307628273963928e-01,-8.377599716186523438e-01,-2.669985890388488770e-01,1.176688075065612793e+00,-8.377599716186523438e-01,-1.902955770492553711e-01,9.448009729385375977e-01,-1.659020423889160156e+00
-8.838143348693847656e-01,9.816672652959823608e-02,2.966638803482055664e-01,-1.404509544372558594e-01,5.369062349200248718e-02,1.251059174537658691e-01,-9.806830883026123047e-01,-4.109310805797576904e-01,3.440960347652435303e-01,-9.866240620613098145e-01,-3.141019344329833984e-01,-1.531856358051300049e-01,-8.377599716186523438e-01,-2.778974175453186035e-01,1.179664015769958496e+00,-8.377599716186523438e-01,-1.811332553625106812e-01,9.405634403228759766e-01,-1.655468821525573730e+00
-8.802962899208068848e-01,9.473893046379089355e-02,2.952023446559906006e-01,-1.390642970800399780e-01,4.863785952329635620e-02,1.342381834983825684e-01,-9.799365401268005371e-01,-3.902953267097473145e-01,3.735551238059997559e-01,-1.038244962692260742e+00,-3.137462139129638672e-01,-1.857471168041229248e-01,-8.377599716186523438e-01,-2.847494184970855713e-01,1.181332707405090332e+00,-8.377599716186523438e-01,-1.690019220113754272e-01,9.365117549896240234e-01,-1.648545622825622559e+00
-8.767209053039550781e-01,9.127997606992721558e-02,2.940149605274200439e-01,-1.370663791894912720e-01,4.347188770771026611e-02,1.426872164011001587e-01,-9.792667627334594727e-01,-3.691385090351104736e-01,4.009517431259155273e-01,-1.084455132484436035e+00,-3.115639686584472656e-01,-2.134539484977722168e-01,-8.377599716186523438e-01,-2.901595830917358398e-01,1.181893587112426758e+00,-8.377599716186523438e-01,-1.549789011478424072e-01,9.325309395790100098e-01,-1.639639854431152344e+00
-8.731330633163452148e-01,8.786451071500778198e-02,2.931814491748809814e-01,-1.349757164716720581e-01,3.827480226755142212e-02,1.506213992834091187e-01,-9.785856008529663086e-01,-3.480544984340667725e-01,4.272711873054504395e-01,-1.125483870506286621e+00,-3.076649606227874756e-01,-2.362632602453231812e-01,-8.377599716186523438e-01,-2.948340773582458496e-01,1.180633068084716797e+00,-8.377599716186523438e-01,-1.402480900287628174e-01,9.285845160484313965e-01,-1.628980159759521484e+00
-8.695560693740844727e-01,8.447284251451492310e-02,2.927852571010589600e-01,-1.326543390750885010e-01,3.301419690251350403e-02,1.580805480480194092e-01,-9.779179096221923828e-01,-3.273816108703613281e-01,4.511483907699584961e-01,-1.160676956176757812e+00,-3.022561967372894287e-01,-2.543915808200836182e-01,-8.377599716186523438e-01,-2.983694970607757568e-01,1.177281379699707031e+00,-8.377599716186523438e-01,-1.247442960739135742e-01,9.235225915908813477e-01,-1.614587783813476562e+00
-8.660312294960021973e-01,8.122949302196502686e-02,2.929526269435882568e-01,-1.301378160715103149e-01,2.770691178739070892e-02,1.651254594326019287e-01,-9.772564172744750977e-01,-3.068071603775024414e-01,4.722545146942138672e-01,-1.189666867256164551e+00,-2.948718369007110596e-01,-2.670191526412963867e-01,-8.377599716186523438e-01,-3.006993830204010010e-01,1.170669794082641602e+00,-8.377599716186523438e-01,-1.087511405348777771e-01,9.165348410606384277e-01,-1.596019744873046875e+00
-8.626043796539306641e-01,7.814607769250869751e-02,2.935829162597656250e-01,-1.275905221700668335e-01,2.263009548187255859e-02,1.721430122852325439e-01,-9.765118360519409180e-01,-2.868946492671966553e-01,4.902656972408294678e-01,-1.212026357650756836e+00,-2.854107618331909180e-01,-2.749122083187103271e-01,-8.377599716186523438e-01,-3.024920821189880371e-01,1.162196397781372070e+00,-8.377599716186523438e-01,-9.268863499164581299e-02,9.082514047622680664e-01,-1.573823213577270508e+00
-8.592676520347595215e-01,7.524311542510986328e-02,2.947265505790710449e-01,-1.252009421586990356e-01,1.778070069849491119e-02,1.790873408317565918e-01,-9.756722450256347656e-01,-2.677843868732452393e-01,5.066809654235839844e-01,-1.229214429855346680e+00,-2.744423747062683105e-01,-2.779460549354553223e-01,-8.377599716186523438e-01,-3.046637475490570068e-01,1.150925397872924805e+00,-8.377599716186523438e-01,-7.705898582935333252e-02,8.979790806770324707e-01,-1.548097252845764160e+00
-8.559983372688293457e-01,7.250873744487762451e-02,2.962293326854705811e-01,-1.230935454368591309e-01,1.325229555368423462e-02,1.859959959983825684e-01,-9.747193455696105957e-01,-2.499320954084396362e-01,5.207290649414062500e-01,-1.241250157356262207e+00,-2.625144422054290771e-01,-2.769767343997955322e-01,-8.377599716186523438e-01,-3.079556226730346680e-01,1.138104557991027832e+00,-8.377599716186523438e-01,-6.263744831085205078e-02,8.864541053771972656e-01,-1.519898653030395508e+00
-8.527179956436157227e-01,6.987047940492630005e-02,2.980840802192687988e-01,-1.220415383577346802e-01,9.083262644708156586e-03,1.930259615182876587e-01,-9.735319018363952637e-01,-2.348332405090332031e-01,5.338649153709411621e-01,-1.249712944030761719e+00,-2.510741353034973145e-01,-2.727375924587249756e-01,-8.377599716186523438e-01,-3.137330710887908936e-01,1.122167825698852539e+00,-8.377599716186523438e-01,-5.047646164894104004e-02,8.736249208450317383e-01,-1.488556385040283203e+00
-8.493890762329101562e-01,6.731660664081573486e-02,3.002249002456665039e-01,-1.223675236105918884e-01,5.025972146540880203e-03,2.003630399703979492e-01,-9.720368385314941406e-01,-2.230476289987564087e-01,5.458984971046447754e-01,-1.255323767662048340e+00,-2.407434582710266113e-01,-2.664613723754882812e-01,-8.377599716186523438e-01,-3.224361240863800049e-01,1.101775407791137695e+00,-8.377599716186523438e-01,-4.159871488809585571e-02,8.587548136711120605e-01,-1.454838275909423828e+00
-8.458767533302307129e-01,6.470350176095962524e-02,3.025242984294891357e-01,-1.240666359663009644e-01,8.044515270739793777e-04,2.079630196094512939e-01,-9.702361822128295898e-01,-2.137846648693084717e-01,5.578351616859436035e-01,-1.260348320007324219e+00,-2.317355722188949585e-01,-2.602079212665557861e-01,-8.377599716186523438e-01,-3.335756063461303711e-01,1.076177597045898438e+00,-8.377599716186523438e-01,-3.631596267223358154e-02,8.411371707916259766e-01,-1.417823076248168945e+00
-8.418388366699218750e-01,6.167659908533096313e-02,3.043810427188873291e-01,-1.276250034570693970e-01,-4.176761955022811890e-03,2.157880514860153198e-01,-9.680547118186950684e-01,-2.079703956842422485e-01,5.723017454147338867e-01,-1.270811796188354492e+00,-2.227798551321029663e-01,-2.661812603473663330e-01,-8.377599716186523438e-01,-3.468474745750427246e-01,1.045855641365051270e+00,-8.377599716186523438e-01,-3.417155891656875610e-02,8.221314549446105957e-01,-1.379316568374633789e+00
-8.373964428901672363e-01,5.840438976883888245e-02,3.059899806976318359e-01,-1.319206804037094116e-01,-9.468141943216323853e-03,2.236280739307403564e-01,-9.656592607498168945e-01,-2.038183659315109253e-01,5.887912511825561523e-01,-1.284351468086242676e+00,-2.125830650329589844e-01,-2.836185991764068604e-01,-8.377599716186523438e-01,-3.601987361907958984e-01,1.012860774993896484e+00,-8.377599716186523438e-01,-3.327342122793197632e-02,8.026291728019714355e-01,-1.339347839355468750e+00
-8.332939147949218750e-01,5.570141226053237915e-02,3.084206283092498779e-01,-1.353266388177871704e-01,-1.384951639920473099e-02,2.307608723640441895e-01,-9.634543657302856445e-01,-2.011673301458358765e-01,6.021057963371276855e-01,-1.292001008987426758e+00,-1.968476325273513794e-01,-2.930420637130737305e-01,-8.377599716186523438e-01,-3.715551495552062988e-01,9.783383607864379883e-01,-8.377599716186523438e-01,-3.152264282107353210e-02,7.809943556785583496e-01,-1.294371485710144043e+00
-8.292798399925231934e-01,5.309382453560829163e-02,3.110309541225433350e-01,-1.387192457914352417e-01,-1.768490485846996307e-02,2.379863858222961426e-01,-9.611486196517944336e-01,-1.992228925228118896e-01,6.154669523239135742e-01,-1.297590970993041992e+00,-1.778965592384338379e-01,-3.007246851921081543e-01,-8.377599716186523438e-01,-3.825972080230712891e-01,9.428794384002685547e-01,-8.377599716186523438e-01,-3.025815635919570923e-02,7.582896351814270020e-01,-1.247367024421691895e+00
-8.253628015518188477e-01,5.053130909800529480e-02,3.136516511440277100e-01,-1.416181921958923340e-01,-2.111258916556835175e-02,2.454548478126525879e-01,-9.587755203247070312e-01,-1.965937018394470215e-01,6.286882162094116211e-01,-1.302126288414001465e+00,-1.569814234972000122e-01,-3.070682585239410400e-01,-8.377599716186523438e-01,-3.935276567935943604e-01,9.072229266166687012e-01,-8.378562927246093750e-01,-2.897715754806995392e-02,7.353132963180541992e-01,-1.198915839195251465e+00
-8.214641213417053223e-01,4.798596724867820740e-02,3.162398934364318848e-01,-1.444222033023834229e-01,-2.432635612785816193e-02,2.536786496639251709e-01,-9.561368227005004883e-01,-1.937158703804016113e-01,6.429272294044494629e-01,-1.307889699935913086e+00,-1.345931738615036011e-01,-3.132198154926300049e-01,-8.377599716186523438e-01,-4.043135941028594971e-01,8.702483773231506348e-01,-8.379623293876647949e-01,-2.852571755647659302e-02,7.115089893341064453e-01,-1.149781584739685059e+00
-8.176352977752685547e-01,4.545071721076965332e-02,3.186957240104675293e-01,-1.468493938446044922e-01,-2.732514403760433197e-02,2.622238099575042725e-01,-9.533767700195312500e-01,-1.901388317346572876e-01,6.573497056961059570e-01,-1.314781904220581055e+00,-1.108921766281127930e-01,-3.194755613803863525e-01,-8.377599716186523438e-01,-4.140556156635284424e-01,8.322943449020385742e-01,-8.389123082160949707e-01,-2.820595912635326385e-02,6.874781250953674316e-01,-1.099995493888854980e+00
-8.141644597053527832e-01,4.321024939417839050e-02,3.205312490463256836e-01,-1.476479619741439819e-01,-2.904138155281543732e-02,2.708290219306945801e-01,-9.507935047149658203e-01,-1.847730129957199097e-01,6.749144792556762695e-01,-1.325054287910461426e+00,-8.399405330419540405e-02,-3.219211399555206299e-01,-8.377599716186523438e-01,-4.218438267707824707e-01,8.083754181861877441e-01,-8.641011118888854980e-01,-2.542076446115970612e-02,6.695318222045898438e-01,-1.057282567024230957e+00
-8.107783794403076172e-01,4.104016348719596863e-02,3.219406306743621826e-01,-1.472167372703552246e-01,-2.935073710978031158e-02,2.794206440448760986e-01,-9.483616948127746582e-01,-1.784318685531616211e-01,6.950833797454833984e-01,-1.336686015129089355e+00,-5.544565618038177490e-02,-3.193457424640655518e-01,-8.377599716186523438e-01,-4.279957115650177002e-01,7.928445935249328613e-01,-9.012696743011474609e-01,-2.106829732656478882e-02,6.589133143424987793e-01,-1.022038102149963379e+00
-8.074632883071899414e-01,3.888535127043724060e-02,3.229619860649108887e-01,-1.457798033952713013e-01,-2.884938009083271027e-02,2.878307700157165527e-01,-9.460811018943786621e-01,-1.707938462495803833e-01,7.156438827514648438e-01,-1.349135279655456543e+00,-2.647135034203529358e-02,-3.135935664176940918e-01,-8.377599716186523438e-01,-4.320999979972839355e-01,7.815794944763183594e-01,-9.456300735473632812e-01,-1.544966734945774078e-02,6.541199088096618652e-01,-9.932660460472106934e-01
-8.042116165161132812e-01,3.675744310021400452e-02,3.237113654613494873e-01,-1.436582356691360474e-01,-2.762371301651000977e-02,2.958841323852539062e-01,-9.439554214477539062e-01,-1.634792536497116089e-01,7.371091842651367188e-01,-1.364467263221740723e+00,1.465116860345005989e-03,-3.044958412647247314e-01,-8.377599716186523438e-01,-4.346415400505065918e-01,7.719619870185852051e-01,-9.914464354515075684e-01,-9.545165114104747772e-03,6.539892554283142090e-01,-9.697012305259704590e-01
-8.009914755821228027e-01,3.462620079517364502e-02,3.242835998535156250e-01,-1.411788761615753174e-01,-2.587781101465225220e-02,3.039366304874420166e-01,-9.418181180953979492e-01,-1.561365872621536255e-01,7.601410746574401855e-01,-1.383731365203857422e+00,2.859501354396343231e-02,-2.932570576667785645e-01,-8.377599716186523438e-01,-4.357882142066955566e-01,7.617152333259582520e-01,-1.036881685256958008e+00,-3.382803639397025108e-03,6.570310592651367188e-01,-9.511001706123352051e-01
-7.978215813636779785e-01,3.245716914534568787e-02,3.247228264808654785e-01,-1.380754262208938599e-01,-2.375571057200431824e-02,3.117351531982421875e-01,-9.397829771041870117e-01,-1.499017030000686646e-01,7.866162657737731934e-01,-1.411746263504028320e+00,5.503301694989204407e-02,-2.799288928508758545e-01,-8.377599716186523438e-01,-4.352338612079620361e-01,7.503371834754943848e-01,-1.078696250915527344e+00,3.361733164638280869e-03,6.633951663970947266e-01,-9.353497624397277832e-01
-7.946802377700805664e-01,3.035806119441986084e-02,3.250399529933929443e-01,-1.344140768051147461e-01,-2.154946140944957733e-02,3.194246888160705566e-01,-9.377826452255249023e-01,-1.453697681427001953e-01,8.141738772392272949e-01,-1.449457526206970215e+00,8.072322607040405273e-02,-2.644778192043304443e-01,-8.377599716186523438e-01,-4.326471686363220215e-01,7.372647523880004883e-01,-1.118249893188476562e+00,1.049092411994934082e-02,6.713458299636840820e-01,-9.208309054374694824e-01
-7.915619015693664551e-01,2.825746312737464905e-02,3.252480924129486084e-01,-1.300810277462005615e-01,-1.945259235799312592e-02,3.268469274044036865e-01,-9.358801245689392090e-01,-1.427258700132369995e-01,8.411076068878173828e-01,-1.496089220046997070e+00,1.061248183250427246e-01,-2.481615692377090454e-01,-8.377599716186523438e-01,-4.277242124080657959e-01,7.216546535491943359e-01,-1.153094291687011719e+00,1.858101040124893188e-02,6.805591583251953125e-01,-9.092317223548889160e-01
-7.884406447410583496e-01,2.620095573365688324e-02,3.253479897975921631e-01,-1.251939535140991211e-01,-1.733745262026786804e-02,3.340288102626800537e-01,-9.340506792068481445e-01,-1.414593309164047241e-01,8.673672080039978027e-01,-1.550799250602722168e+00,1.307476013898849487e-01,-2.305957078933715820e-01,-8.377599716186523438e-01,-4.209409356117248535e-01,7.044196128845214844e-01,-1.183391332626342773e+00,2.782813087105751038e-02,6.913204193115234375e-01,-8.989002704620361328e-01
-7.853442430496215820e-01,2.416470460593700409e-02,3.253354430198669434e-01,-1.196244731545448303e-01,-1.545585785061120987e-02,3.407565653324127197e-01,-9.323819279670715332e-01,-1.381374746561050415e-01,8.901237249374389648e-01,-1.609597325325012207e+00,1.545733213424682617e-01,-2.121153622865676880e-01,-8.377599716186523438e-01,-4.121674597263336182e-01,6.851867437362670898e-01,-1.208731174468994141e+00,3.787242621183395386e-02,7.029441595077514648e-01,-8.898524641990661621e-01
-7.822686433792114258e-01,2.212924137711524963e-02,3.251990973949432373e-01,-1.131344884634017944e-01,-1.393197849392890930e-02,3.473111093044281006e-01,-9.307961463928222656e-01,-1.302911341190338135e-01,9.082765579223632812e-01,-1.669983983039855957e+00,1.790720671415328979e-01,-1.933702230453491211e-01,-8.377599716186523438e-01,-4.004191756248474121e-01,6.651058793067932129e-01,-1.229824185371398926e+00,4.946532845497131348e-02,7.150818109512329102e-01,-8.815041184425354004e-01
-7.792320251464843750e-01,2.005698345601558685e-02,3.249921798706054688e-01,-1.056751683354377747e-01,-1.272138953208923340e-02,3.534901142120361328e-01,-9.293630123138427734e-01,-1.207796931266784668e-01,9.215692877769470215e-01,-1.731567502021789551e+00,2.040573507547378540e-01,-1.737675219774246216e-01,-8.377599716186523438e-01,-3.855919539928436279e-01,6.447231769561767578e-01,-1.247962713241577148e+00,6.273616850376129150e-02,7.279593944549560547e-01,-8.741509914398193359e-01
-7.762241959571838379e-01,1.799113862216472626e-02,3.246769011020660400e-01,-9.715375304222106934e-02,-1.191009581089019775e-02,3.593356907367706299e-01,-9.280609488487243652e-01,-1.117578223347663879e-01,9.265006184577941895e-01,-1.788880109786987305e+00,2.296435534954071045e-01,-1.534478515386581421e-01,-8.377599716186523438e-01,-3.677386343479156494e-01,6.254263520240783691e-01,-1.265223741531372070e+00,7.792520523071289062e-02,7.411966919898986816e-01,-8.669519424438476562e-01
-7.732744216918945312e-01,1.592491380870342255e-02,3.242829740047454834e-01,-8.753206580877304077e-02,-1.153338793665170670e-02,3.646314144134521484e-01,-9.269568920135498047e-01,-1.014562621712684631e-01,9.187590479850769043e-01,-1.832905769348144531e+00,2.556891441345214844e-01,-1.323494911193847656e-01,-8.377599716186523438e-01,-3.466967046260833740e-01,6.076233386993408203e-01,-1.282418370246887207e+00,9.514644742012023926e-02,7.548775672912597656e-01,-8.601753115653991699e-01
-7.703727483749389648e-01,1.381554733961820602e-02,3.237785100936889648e-01,-7.696130871772766113e-02,-1.147593185305595398e-02,3.693006336688995361e-01,-9.260466098785400391e-01,-9.056409448385238647e-02,8.963010907173156738e-01,-1.858264684677124023e+00,2.820698320865631104e-01,-1.109532341361045837e-01,-8.377599716186523438e-01,-3.233416676521301270e-01,5.926061868667602539e-01,-1.299307703971862793e+00,1.143373548984527588e-01,7.696772217750549316e-01,-8.543615937232971191e-01
-7.674875259399414062e-01,1.170674245804548264e-02,3.231870234012603760e-01,-6.597609072923660278e-02,-1.141205150634050369e-02,3.734253942966461182e-01,-9.252406954765319824e-01,-7.964299619197845459e-02,8.616761565208435059e-01,-1.864547967910766602e+00,3.074799776077270508e-01,-8.875689655542373657e-02,-8.377599716186523438e-01,-2.994602322578430176e-01,5.811644196510314941e-01,-1.316749453544616699e+00,1.339987367391586304e-01,7.856241464614868164e-01,-8.490430116653442383e-01
-7.646090984344482422e-01,9.587510488927364349e-03,3.225245773792266846e-01,-5.496170744299888611e-02,-1.117668021470308304e-02,3.773906230926513672e-01,-9.243541359901428223e-01,-6.886626034975051880e-02,8.185620307922363281e-01,-1.854378104209899902e+00,3.320716917514801025e-01,-6.592001765966415405e-02,-8.377599716186523438e-01,-2.761564850807189941e-01,5.740434527397155762e-01,-1.334017276763916016e+00,1.533131301403045654e-01,8.029586076736450195e-01,-8.454486727714538574e-01
-7.617633342742919922e-01,7.444510702043771744e-03,3.217722177505493164e-01,-4.434056580066680908e-02,-1.060379110276699066e-02,3.810352981090545654e-01,-9.234357476234436035e-01,-5.946989730000495911e-02,7.688708901405334473e-01,-1.829915165901184082e+00,3.548092544078826904e-01,-4.294132068753242493e-02,-8.377599716186523438e-01,-2.551408112049102783e-01,5.721839666366577148e-01,-1.351794600486755371e+00,1.716803461313247681e-01,8.220565319061279297e-01,-8.434053659439086914e-01
-7.589309811592102051e-01,5.278887227177619934e-03,3.209624290466308594e-01,-3.434770926833152771e-02,-9.547962807118892670e-03,3.846720457077026367e-01,-9.223645925521850586e-01,-5.124083161354064941e-02,7.121115326881408691e-01,-1.790187001228332520e+00,3.754389584064483643e-01,-1.886179484426975250e-02,-8.377599716186523438e-01,-2.370374500751495361e-01,5.760641098022460938e-01,-1.369766712188720703e+00,1.882262676954269409e-01,8.430116176605224609e-01,-8.437831997871398926e-01
-7.563693523406982422e-01,3.044941695407032967e-03,3.202365934848785400e-01,-2.591533400118350983e-02,-7.712692487984895706e-03,3.859237730503082275e-01,-9.221343398094177246e-01,-5.036688596010208130e-02,6.447109580039978027e-01,-1.733879923820495605e+00,3.879354894161224365e-01,4.230172839015722275e-03,-8.377599716186523438e-01,-2.220835685729980469e-01,5.818580985069274902e-01,-1.382085919380187988e+00,2.055449336767196655e-01,8.645563721656799316e-01,-8.438574671745300293e-01
-7.536458969116210938e-01,7.085324032232165337e-04,3.193477392196655273e-01,-1.792895793914794922e-02,-5.344464909285306931e-03,3.885539174079895020e-01,-9.212360382080078125e-01,-4.788272455334663391e-02,5.740635395050048828e-01,-1.663500547409057617e+00,4.019249081611633301e-01,2.800783142447471619e-02,-8.377599716186523438e-01,-2.128652185201644897e-01,5.952287316322326660e-01,-1.392140388488769531e+00,2.177370488643646240e-01,8.894101381301879883e-01,-8.479157090187072754e-01
-7.509848475456237793e-01,-1.707428833469748497e-03,3.184553682804107666e-01,-1.135056372731924057e-02,-1.937342225573956966e-03,3.910352587699890137e-01,-9.203036427497863770e-01,-4.927301034331321716e-02,4.934974610805511475e-01,-1.573520421981811523e+00,4.115891158580780029e-01,5.358205363154411316e-02,-8.377599716186523438e-01,-2.065662443637847900e-01,6.144066452980041504e-01,-1.395916581153869629e+00,2.266255617141723633e-01,9.170057177543640137e-01,-8.544324040412902832e-01
-7.484620213508605957e-01,-4.273459780961275101e-03,3.176155090332031250e-01,-4.926726687699556351e-03,1.649991725571453571e-03,3.922652006149291992e-01,-9.198374748229980469e-01,-5.215979740023612976e-02,4.015529453754425049e-01,-1.464538693428039551e+00,4.192655384540557861e-01,7.934092730283737183e-02,-8.377599716186523438e-01,-2.017556875944137573e-01,6.410600543022155762e-01,-1.401901245117187500e+00,2.360370904207229614e-01,9.454954862594604492e-01,-8.614143729209899902e-01
-7.459918856620788574e-01,-6.932790391147136688e-03,3.168686628341674805e-01,4.088600398972630501e-04,5.253765732049942017e-03,3.927968144416809082e-01,-9.196102023124694824e-01,-5.864243954420089722e-02,3.024362623691558838e-01,-1.343369841575622559e+00,4.244352877140045166e-01,1.024901717901229858e-01,-8.377599716186523438e-01,-1.976902186870574951e-01,6.727651357650756836e-01,-1.418093681335449219e+00,2.441521883010864258e-01,9.726677536964416504e-01,-8.669690489768981934e-01
-7.437063455581665039e-01,-9.686945006251335144e-03,3.163642287254333496e-01,5.142219830304384232e-03,9.049778804183006287e-03,3.919124007225036621e-01,-9.199436902999877930e-01,-6.810943782329559326e-02,1.870356500148773193e-01,-1.196883320808410645e+00,4.262793064117431641e-01,1.264693140983581543e-01,-8.377599716186523438e-01,-1.955346614122390747e-01,7.043685317039489746e-01,-1.438877344131469727e+00,2.524145841598510742e-01,9.997577071189880371e-01,-8.725208044052124023e-01
-7.415111064910888672e-01,-1.251307316124439240e-02,3.162066042423248291e-01,8.075362071394920349e-03,1.290368661284446716e-02,3.902304172515869141e-01,-9.205914139747619629e-01,-8.125182241201400757e-02,6.378607451915740967e-02,-1.035105943679809570e+00,4.244230091571807861e-01,1.481027603149414062e-01,-8.377599716186523438e-01,-1.970105469226837158e-01,7.288618683815002441e-01,-1.452130794525146484e+00,2.584986686706542969e-01,1.024008870124816895e+00,-8.751480579376220703e-01
-7.393622398376464844e-01,-1.546490751206874847e-02,3.163125813007354736e-01,1.087268907576799393e-02,1.617567986249923706e-02,3.879964053630828857e-01,-9.214547872543334961e-01,-9.514262527227401733e-02,-6.522919982671737671e-02,-8.608577847480773926e-01,4.231072068214416504e-01,1.686516106128692627e-01,-8.377599716186523438e-01,-1.991171240806579590e-01,7.508022189140319824e-01,-1.460357666015625000e+00,2.662128806114196777e-01,1.045408964157104492e+00,-8.748886585235595703e-01
-7.357245087623596191e-01,-1.977113261818885803e-02,3.148957192897796631e-01,2.514432743191719055e-02,4.895313642919063568e-03,3.906992673873901367e-01,-9.201618432998657227e-01,-7.234800606966018677e-02,-1.326926797628402710e-01,-8.380212783813476562e-01,4.640081226825714111e-01,1.746067553758621216e-01,-8.377599716186523438e-01,-1.784913837909698486e-01,7.640545964241027832e-01,-1.469288229942321777e+00,2.868749499320983887e-01,1.028102278709411621e+00,-8.391661047935485840e-01
-7.324889898300170898e-01,-2.406027726829051971e-02,3.132143914699554443e-01,3.631822019815444946e-02,-1.613332889974117279e-03,3.925347924232482910e-01,-9.190183877944946289e-01,-5.858126282691955566e-02,-1.704155504703521729e-01,-8.377606272697448730e-01,4.946427643299102783e-01,1.864366829395294189e-01,-8.377599716186523438e-01,-1.665810495615005493e-01,7.869309782981872559e-01,-1.484958410263061523e+00,3.030971586704254150e-01,1.037090063095092773e+00,-8.377634882926940918e-01
-7.296342849731445312e-01,-2.805355750024318695e-02,3.115373551845550537e-01,3.698850795626640320e-02,-6.728043779730796814e-03,3.900133371353149414e-01,-9.200413823127746582e-01,-7.629508525133132935e-02,-2.081150561571121216e-01,-8.377600312232971191e-01,5.037871599197387695e-01,2.192386239767074585e-01,-8.969193696975708008e-01,-1.677449643611907959e-01,7.929443120956420898e-01,-1.484690666198730469e+00,3.084499239921569824e-01,1.040426015853881836e+00,-8.377600312232971191e-01
-7.271092534065246582e-01,-3.208974376320838928e-02,3.104775846004486084e-01,3.360879793763160706e-02,-1.043992675840854645e-02,3.865485489368438721e-01,-9.215973615646362305e-01,-1.043472811579704285e-01,-2.375588715076446533e-01,-8.377599716186523438e-01,5.042827725410461426e-01,2.492866963148117065e-01,-9.538823366165161133e-01,-1.751023232936859131e-01,7.929462194442749023e-01,-1.474609732627868652e+00,3.069064915180206299e-01,1.042160391807556152e+00,-8.377599716186523438e-01
-7.247509360313415527e-01,-3.618482127785682678e-02,3.099181354045867920e-01,2.858405187726020813e-02,-1.331454981118440628e-02,3.826767206192016602e-01,-9.233440160751342773e-01,-1.361581385135650635e-01,-2.598049640655517578e-01,-8.377599716186523438e-01,5.007362365722656250e-01,2.766350805759429932e-01,-1.004204750061035156e+00,-1.847521364688873291e-01,7.905853390693664551e-01,-1.459355115890502930e+00,3.020355701446533203e-01,1.042868375778198242e+00,-8.377599716186523438e-01
-7.225189208984375000e-01,-4.038603231310844421e-02,3.098046481609344482e-01,2.225937508046627045e-02,-1.561134215444326401e-02,3.782671689987182617e-01,-9.252970814704895020e-01,-1.706930100917816162e-01,-2.763768434524536133e-01,-8.377599716186523438e-01,4.938163459300994873e-01,3.009526133537292480e-01,-1.048605561256408691e+00,-1.960962861776351929e-01,7.858461737632751465e-01,-1.439764738082885742e+00,2.947717010974884033e-01,1.042419314384460449e+00,-8.377599716186523438e-01
-7.203249335289001465e-01,-4.465446248650550842e-02,3.100007772445678711e-01,1.551532372832298279e-02,-1.751008257269859314e-02,3.734909296035766602e-01,-9.273387789726257324e-01,-2.053434103727340698e-01,-2.882327735424041748e-01,-8.377599716186523438e-01,4.852968156337738037e-01,3.246733844280242920e-01,-1.088967919349670410e+00,-2.076968401670455933e-01,7.797796130180358887e-01,-1.416890382766723633e+00,2.867326140403747559e-01,1.041896820068359375e+00,-8.377599716186523438e-01
-7.181609869003295898e-01,-4.898766428232192993e-02,3.105023503303527832e-01,8.471140637993812561e-03,-1.921072229743003845e-02,3.680285513401031494e-01,-9.295774102210998535e-01,-2.409187406301498413e-01,-2.960951626300811768e-01,-8.377599716186523438e-01,4.754595458507537842e-01,3.461806476116180420e-01,-1.124694943428039551e+00,-2.187915891408920288e-01,7.718348503112792969e-01,-1.391011476516723633e+00,2.778673470020294189e-01,1.040105700492858887e+00,-8.377599716186523438e-01
-7.159048914909362793e-01,-5.333517119288444519e-02,3.112251758575439453e-01,1.598458038643002510e-03,-2.120396308600902557e-02,3.620032668113708496e-01,-9.319342374801635742e-01,-2.755470871925354004e-01,-3.019125461578369141e-01,-8.377599716186523438e-01,4.648222923278808594e-01,3.659622371196746826e-01,-1.157389521598815918e+00,-2.287858724594116211e-01,7.618138790130615234e-01,-1.362289190292358398e+00,2.692818939685821533e-01,1.036154627799987793e+00,-8.377599716186523438e-01
-7.135308384895324707e-01,-5.768345668911933899e-02,3.121536076068878174e-01,-4.818046931177377701e-03,-2.362775802612304688e-02,3.555040955543518066e-01,-9.343636035919189453e-01,-3.093112409114837646e-01,-3.063416481018066406e-01,-8.377599716186523438e-01,4.547004699707031250e-01,3.850654959678649902e-01,-1.188246488571166992e+00,-2.367339581251144409e-01,7.497242689132690430e-01,-1.331319928169250488e+00,2.606575489044189453e-01,1.029392242431640625e+00,-8.377599716186523438e-01
-7.109785676002502441e-01,-6.196761876344680786e-02,3.132573068141937256e-01,-1.072364952415227890e-02,-2.616450563073158264e-02,3.488667011260986328e-01,-9.367456436157226562e-01,-3.406653404235839844e-01,-3.078521788120269775e-01,-8.377599716186523438e-01,4.450652897357940674e-01,4.033976793289184570e-01,-1.216089367866516113e+00,-2.421748340129852295e-01,7.365742921829223633e-01,-1.298330426216125488e+00,2.514400482177734375e-01,1.020616531372070312e+00,-8.377599716186523438e-01
-7.082623243331909180e-01,-6.617701798677444458e-02,3.144400119781494141e-01,-1.570794545114040375e-02,-2.933578565716743469e-02,3.420364260673522949e-01,-9.390972852706909180e-01,-3.683786988258361816e-01,-3.076108992099761963e-01,-8.377599716186523438e-01,4.367217719554901123e-01,4.201271235942840576e-01,-1.241668343544006348e+00,-2.450096160173416138e-01,7.219139933586120605e-01,-1.264551162719726562e+00,2.417248785495758057e-01,1.008049845695495605e+00,-8.377599716186523438e-01
-7.055554389953613281e-01,-7.014790922403335571e-02,3.157680332660675049e-01,-1.977166905999183655e-02,-3.245184198021888733e-02,3.351238369941711426e-01,-9.414074420928955078e-01,-3.903778493404388428e-01,-3.010295033454895020e-01,-8.377599716186523438e-01,4.288744628429412842e-01,4.350240528583526611e-01,-1.262753605842590332e+00,-2.446674853563308716e-01,7.067136168479919434e-01,-1.230223059654235840e+00,2.314209043979644775e-01,9.935305118560791016e-01,-8.424661755561828613e-01
-7.032247185707092285e-01,-7.369863986968994141e-02,3.168180584907531738e-01,-2.287570014595985413e-02,-3.448385372757911682e-02,3.283699154853820801e-01,-9.436422586441040039e-01,-4.051095843315124512e-01,-2.875630557537078857e-01,-8.377599716186523438e-01,4.226299524307250977e-01,4.513932168483734131e-01,-1.282276630401611328e+00,-2.440448552370071411e-01,6.954754590988159180e-01,-1.201931953430175781e+00,2.199146151542663574e-01,9.885741472244262695e-01,-8.740142583847045898e-01
-7.013600468635559082e-01,-7.657139748334884644e-02,3.174371719360351562e-01,-2.614190243184566498e-02,-3.721797466278076172e-02,3.246448636054992676e-01,-9.447418451309204102e-01,-4.101627171039581299e-01,-2.779066264629364014e-01,-8.377599716186523438e-01,4.217375218868255615e-01,4.652239680290222168e-01,-1.305119395256042480e+00,-2.457717657089233398e-01,6.800742745399475098e-01,-1.171378135681152344e+00,2.002749443054199219e-01,9.839791059494018555e-01,-9.243124127388000488e-01
-6.988898515701293945e-01,-7.990821450948715210e-02,3.176103830337524414e-01,-2.689468301832675934e-02,-3.826498240232467651e-02,3.203884661197662354e-01,-9.461309313774108887e-01,-4.137135744094848633e-01,-2.682034969329833984e-01,-8.377599716186523438e-01,4.224537312984466553e-01,4.845497608184814453e-01,-1.322860479354858398e+00,-2.437728643417358398e-01,6.798098087310791016e-01,-1.156139492988586426e+00,1.840358078479766846e-01,9.851453304290771484e-01,-9.781251549720764160e-01
-6.964770555496215820e-01,-8.314750343561172485e-02,3.178260326385498047e-01,-2.652017958462238312e-02,-3.812683001160621643e-02,3.163419961929321289e-01,-9.475076794624328613e-01,-4.151548743247985840e-01,-2.561171352863311768e-01,-8.377599716186523438e-01,4.236658215522766113e-01,5.038299560546875000e-01,-1.334861516952514648e+00,-2.406195402145385742e-01,6.851791143417358398e-01,-1.145761251449584961e+00,1.672953069210052490e-01,9.875145554542541504e-01,-1.033460736274719238e+00
-6.940810680389404297e-01,-8.629424870014190674e-02,3.180359005928039551e-01,-2.572537772357463837e-02,-3.700442239642143250e-02,3.122570514678955078e-01,-9.489280581474304199e-01,-4.148477315902709961e-01,-2.412827759981155396e-01,-8.377599716186523438e-01,4.245939552783966064e-01,5.251370072364807129e-01,-1.345301628112792969e+00,-2.372851669788360596e-01,6.945289373397827148e-01,-1.139676213264465332e+00,1.485989093780517578e-01,9.887669086456298828e-01,-1.086936950683593750e+00
-6.916967630386352539e-01,-8.942379802465438843e-02,3.182354867458343506e-01,-2.463005296885967255e-02,-3.552000224590301514e-02,3.087432980537414551e-01,-9.501627683639526367e-01,-4.145618975162506104e-01,-2.271250039339065552e-01,-8.377599716186523438e-01,4.256034195423126221e-01,5.470097064971923828e-01,-1.354825854301452637e+00,-2.336888164281845093e-01,7.058308720588684082e-01,-1.135324120521545410e+00,1.277931779623031616e-01,9.862784147262573242e-01,-1.134785294532775879e+00
-6.893448233604431152e-01,-9.253315627574920654e-02,3.184754550457000732e-01,-2.329307235777378082e-02,-3.376666083931922913e-02,3.051736354827880859e-01,-9.514127969741821289e-01,-4.145192801952362061e-01,-2.121726423501968384e-01,-8.377599716186523438e-01,4.256927371025085449e-01,5.686073899269104004e-01,-1.363208413124084473e+00,-2.297480255365371704e-01,7.179377675056457520e-01,-1.131434321403503418e+00,1.057642847299575806e-01,9.794517159461975098e-01,-1.177101373672485352e+00
-6.870367527008056641e-01,-9.559921175241470337e-02,3.187136948108673096e-01,-2.214253321290016174e-02,-3.179217502474784851e-02,3.017028868198394775e-01,-9.526144862174987793e-01,-4.143729209899902344e-01,-1.966711580753326416e-01,-8.377599716186523438e-01,4.251024723052978516e-01,5.912811160087585449e-01,-1.372672677040100098e+00,-2.261430770158767700e-01,7.306075096130371094e-01,-1.127743482589721680e+00,8.162280172109603882e-02,9.681754112243652344e-01,-1.215207934379577637e+00
-6.847817897796630859e-01,-9.861775487661361694e-02,3.190045356750488281e-01,-2.092154137790203094e-02,-2.961454726755619049e-02,2.981561124324798584e-01,-9.538281559944152832e-01,-4.137235283851623535e-01,-1.802464276552200317e-01,-8.377599716186523438e-01,4.239808619022369385e-01,6.152838468551635742e-01,-1.383823633193969727e+00,-2.222597151994705200e-01,7.433539628982543945e-01,-1.124117732048034668e+00,5.699096992611885071e-02,9.527625441551208496e-01,-1.246182680130004883e+00
-6.825833320617675781e-01,-1.016304045915603638e-01,3.192785978317260742e-01,-1.952404715120792389e-02,-2.751464396715164185e-02,2.945552468299865723e-01,-9.550387263298034668e-01,-4.122906029224395752e-01,-1.645801812410354614e-01,-8.377599716186523438e-01,4.221722185611724854e-01,6.399338841438293457e-01,-1.396576523780822754e+00,-2.175283282995223999e-01,7.557766437530517578e-01,-1.119938373565673828e+00,3.293763101100921631e-02,9.334260821342468262e-01,-1.270204305648803711e+00
-6.804680824279785156e-01,-1.046267375349998474e-01,3.195813894271850586e-01,-1.810104399919509888e-02,-2.537711150944232941e-02,2.910628020763397217e-01,-9.561960101127624512e-01,-4.104636907577514648e-01,-1.491672247648239136e-01,-8.377599716186523438e-01,4.199942350387573242e-01,6.654105186462402344e-01,-1.411894321441650391e+00,-2.120383977890014648e-01,7.680754065513610840e-01,-1.115561008453369141e+00,9.230148047208786011e-03,9.105089902877807617e-01,-1.288783788681030273e+00
-6.784536242485046387e-01,-1.076116487383842468e-01,3.198755979537963867e-01,-1.667345687747001648e-02,-2.326489053666591644e-02,2.876347005367279053e-01,-9.573124051094055176e-01,-4.083020091056823730e-01,-1.338241100311279297e-01,-8.377599716186523438e-01,4.176769554615020752e-01,6.918972730636596680e-01,-1.430346488952636719e+00,-2.059154212474822998e-01,7.797650694847106934e-01,-1.110792160034179688e+00,-1.330514345318078995e-02,8.844296336174011230e-01,-1.301127314567565918e+00
-6.765061616897583008e-01,-1.106012389063835144e-01,3.201115727424621582e-01,-1.527754031121730804e-02,-2.112124487757682800e-02,2.843352854251861572e-01,-9.583704471588134766e-01,-4.056887030601501465e-01,-1.190282404422760010e-01,-8.377599716186523438e-01,4.149665534496307373e-01,7.198371291160583496e-01,-1.452326178550720215e+00,-1.994062960147857666e-01,7.918969392776489258e-01,-1.106898427009582520e+00,-3.449519723653793335e-02,8.565832972526550293e-01,-1.307367205619812012e+00
-6.746577024459838867e-01,-1.136015281081199646e-01,3.203081190586090088e-01,-1.409576833248138428e-02,-1.883152313530445099e-02,2.812754213809967041e-01,-9.593387246131896973e-01,-4.030134379863739014e-01,-1.045234128832817078e-01,-8.377599716186523438e-01,4.131816029548645020e-01,7.526862025260925293e-01,-1.482167601585388184e+00,-1.931610852479934692e-01,8.039608597755432129e-01,-1.103318333625793457e+00,-5.457824096083641052e-02,8.272213935852050781e-01,-1.308138728141784668e+00
-6.729025244712829590e-01,-1.166326403617858887e-01,3.204428553581237793e-01,-1.324786338955163956e-02,-1.640615426003932953e-02,2.780568003654479980e-01,-9.603331685066223145e-01,-4.010477364063262939e-01,-8.991484344005584717e-02,-8.377599716186523438e-01,4.109136462211608887e-01,7.895001769065856934e-01,-1.519798517227172852e+00,-1.871757358312606812e-01,8.160439133644104004e-01,-1.100030183792114258e+00,-7.336519658565521240e-02,7.974811196327209473e-01,-1.303099393844604492e+00
-6.712779998779296875e-01,-1.196909025311470032e-01,3.205090463161468506e-01,-1.271420158445835114e-02,-1.406035758554935455e-02,2.750960588455200195e-01,-9.612298607826232910e-01,-3.992707729339599609e-01,-7.651137560606002808e-02,-8.377599716186523438e-01,4.105163216590881348e-01,8.299989700317382812e-01,-1.567612290382385254e+00,-1.814453005790710449e-01,8.276211023330688477e-01,-1.097034931182861328e+00,-9.044714272022247314e-02,7.672640681266784668e-01,-1.294293642044067383e+00
-6.695448160171508789e-01,-1.231396421790122986e-01,3.205897808074951172e-01,-1.209626067429780960e-02,-9.205369278788566589e-03,2.711670696735382080e-01,-9.624122381210327148e-01,-3.988006412982940674e-01,-5.571566894650459290e-02,-8.377599716186523438e-01,4.097467958927154541e-01,8.740633130073547363e-01,-1.617787003517150879e+00,-1.743833571672439575e-01,8.478786945343017578e-01,-1.099409103393554688e+00,-1.050227880477905273e-01,7.505033612251281738e-01,-1.292925000190734863e+00
-6.681230664253234863e-01,-1.263540238142013550e-01,3.203378021717071533e-01,-1.172038167715072632e-02,-5.937240552157163620e-03,2.681878805160522461e-01,-9.632770419120788574e-01,-3.970367610454559326e-01,-4.078873619437217712e-02,-8.377599716186523438e-01,4.143891036510467529e-01,9.168204665184020996e-01,-1.683080792427062988e+00,-1.683265864849090576e-01,8.635870218276977539e-01,-1.100681424140930176e+00,-1.186386495828628540e-01,7.276864051818847656e-01,-1.286669254302978516e+00
-6.668365001678466797e-01,-1.295717656612396240e-01,3.200663328170776367e-01,-1.192388124763965607e-02,-3.138547996059060097e-03,2.653949260711669922e-01,-9.640609622001647949e-01,-3.958899974822998047e-01,-2.785882726311683655e-02,-8.377599716186523438e-01,4.196596741676330566e-01,9.528266787528991699e-01,-1.751424670219421387e+00,-1.624882668256759644e-01,8.765435218811035156e-01,-1.100129723548889160e+00,-1.313823759555816650e-01,7.049202919006347656e-01,-1.279251694679260254e+00
-6.657036542892456055e-01,-1.328264623880386353e-01,3.197900056838989258e-01,-1.276148855686187744e-02,-2.930460905190557241e-04,2.624976336956024170e-01,-9.648482203483581543e-01,-3.956808745861053467e-01,-1.492032036185264587e-02,-8.377599716186523438e-01,4.185544848442077637e-01,9.779825210571289062e-01,-1.811512827873229980e+00,-1.572687029838562012e-01,8.878062367439270020e-01,-1.097683310508728027e+00,-1.431394964456558228e-01,6.857323646545410156e-01,-1.274446725845336914e+00
-6.646693944931030273e-01,-1.361448168754577637e-01,3.194482326507568359e-01,-1.385025400668382645e-02,2.591105643659830093e-03,2.595922350883483887e-01,-9.656155109405517578e-01,-3.955661654472351074e-01,-2.124136080965399742e-03,-8.377599716186523438e-01,4.101590514183044434e-01,9.906457066535949707e-01,-1.858221888542175293e+00,-1.518610417842864990e-01,8.988389968872070312e-01,-1.095433950424194336e+00,-1.531458944082260132e-01,6.717449426651000977e-01,-1.273843169212341309e+00
-6.636751294136047363e-01,-1.395760774612426758e-01,3.190298378467559814e-01,-1.524821016937494278e-02,5.819580052047967911e-03,2.565134465694427490e-01,-9.664028286933898926e-01,-3.960466980934143066e-01,1.112129073590040207e-02,-8.377599716186523438e-01,3.954211473464965820e-01,9.943581819534301758e-01,-1.894233822822570801e+00,-1.468361169099807739e-01,9.106615781784057617e-01,-1.093589305877685547e+00,-1.618011742830276489e-01,6.647350192070007324e-01,-1.277639269828796387e+00
-6.627127528190612793e-01,-1.430643945932388306e-01,3.185028433799743652e-01,-1.681300811469554901e-02,9.391858242452144623e-03,2.534520626068115234e-01,-9.671562314033508301e-01,-3.969984352588653564e-01,2.514573186635971069e-02,-8.377599716186523438e-01,3.753707110881805420e-01,9.880703687667846680e-01,-1.916180372238159180e+00,-1.419917047023773193e-01,9.239637255668640137e-01,-1.093455076217651367e+00,-1.687597185373306274e-01,6.652094721794128418e-01,-1.284933686256408691e+00
-6.617828011512756348e-01,-1.466198265552520752e-01,3.178350329399108887e-01,-1.880019530653953552e-02,1.350697595626115799e-02,2.502890229225158691e-01,-9.678943753242492676e-01,-3.983793258666992188e-01,3.997486829757690430e-02,-8.377599716186523438e-01,3.494147956371307373e-01,9.737291932106018066e-01,-1.926105260848999023e+00,-1.377770751714706421e-01,9.390664696693420410e-01,-1.094607949256896973e+00,-1.744047850370407104e-01,6.736218333244323730e-01,-1.295041322708129883e+00
-6.608757972717285156e-01,-1.502509862184524536e-01,3.170389533042907715e-01,-2.106196433305740356e-02,1.805054023861885071e-02,2.473704665899276733e-01,-9.685238599777221680e-01,-3.996310830116271973e-01,5.540146678686141968e-02,-8.377599716186523438e-01,3.196741640567779541e-01,9.526016712188720703e-01,-1.924968004226684570e+00,-1.338076889514923096e-01,9.557175040245056152e-01,-1.097426056861877441e+00,-1.777782142162322998e-01,6.883394718170166016e-01,-1.305416584014892578e+00
-6.601361036300659180e-01,-1.538226902484893799e-01,3.162554204463958740e-01,-2.301510050892829895e-02,2.216779068112373352e-02,2.444447129964828491e-01,-9.691365361213684082e-01,-4.003671705722808838e-01,6.960608065128326416e-02,-8.377599716186523438e-01,2.876648604869842529e-01,9.239302277565002441e-01,-1.912930607795715332e+00,-1.281338483095169067e-01,9.706138968467712402e-01,-1.099852919578552246e+00,-1.778987646102905273e-01,7.042840719223022461e-01,-1.310590267181396484e+00
-6.593402624130249023e-01,-1.575446873903274536e-01,3.153471350669860840e-01,-2.568501420319080353e-02,2.731369435787200928e-02,2.419330030679702759e-01,-9.695683121681213379e-01,-4.016902744770050049e-01,8.591375499963760376e-02,-8.377599716186523438e-01,2.532047331333160400e-01,8.897194862365722656e-01,-1.886187911033630371e+00,-1.239895001053810120e-01,9.888875484466552734e-01,-1.104013204574584961e+00,-1.775616258382797241e-01,7.261769771575927734e-01,-1.317732334136962891e+00
-6.586543321609497070e-01,-1.612868905067443848e-01,3.144839704036712646e-01,-2.824380621314048767e-02,3.221414983272552490e-02,2.401475608348846436e-01,-9.697905182838439941e-01,-4.011973738670349121e-01,1.014438644051551819e-01,-8.377599716186523438e-01,2.163372784852981567e-01,8.483145833015441895e-01,-1.843174099922180176e+00,-1.189543530344963074e-01,1.005868077278137207e+00,-1.106497287750244141e+00,-1.755263507366180420e-01,7.503128051757812500e-01,-1.330934524536132812e+00
-6.581494808197021484e-01,-1.650327295064926147e-01,3.137594461441040039e-01,-3.031751699745655060e-02,3.647641092538833618e-02,2.389508932828903198e-01,-9.698725938796997070e-01,-3.987289369106292725e-01,1.156125590205192566e-01,-8.377599716186523438e-01,1.828449070453643799e-01,7.967563271522521973e-01,-1.788019776344299316e+00,-1.120116412639617920e-01,1.019889473915100098e+00,-1.106337904930114746e+00,-1.711679846048355103e-01,7.750082612037658691e-01,-1.349403142929077148e+00
-6.577121615409851074e-01,-1.687162667512893677e-01,3.132019340991973877e-01,-3.276800364255905151e-02,4.029490053653717041e-02,2.381333708763122559e-01,-9.698427915573120117e-01,-3.956266641616821289e-01,1.293177306652069092e-01,-8.377599716186523438e-01,1.473903059959411621e-01,7.362265586853027344e-01,-1.717692375183105469e+00,-1.055444553494453430e-01,1.030604600906372070e+00,-1.103055596351623535e+00,-1.670236885547637939e-01,7.980437278747558594e-01,-1.367949604988098145e+00
-6.573068499565124512e-01,-1.723760217428207397e-01,3.128586709499359131e-01,-3.523182123899459839e-02,4.321945086121559143e-02,2.377335876226425171e-01,-9.697285890579223633e-01,-3.926342427730560303e-01,1.397332847118377686e-01,-8.377599716186523438e-01,1.101980954408645630e-01,6.680841445922851562e-01,-1.635439634323120117e+00,-9.881274402141571045e-02,1.036524891853332520e+00,-1.094829797744750977e+00,-1.622936725616455078e-01,8.160254955291748047e-01,-1.382762670516967773e+00
-6.569517850875854492e-01,-1.760181486606597900e-01,3.126221299171447754e-01,-3.833869099617004395e-02,4.550664871931076050e-02,2.375875562429428101e-01,-9.695418477058410645e-01,-3.902909755706787109e-01,1.482891887426376343e-01,-8.377599716186523438e-01,7.059535384178161621e-02,5.911601185798645020e-01,-1.541333079338073730e+00,-9.355160593986511230e-02,1.038677811622619629e+00,-1.083106040954589844e+00,-1.585370898246765137e-01,8.305798172950744629e-01,-1.396784067153930664e+00
-6.566329002380371094e-01,-1.796573698520660400e-01,3.125928342342376709e-01,-4.156266525387763977e-02,4.769869148731231689e-02,2.376132905483245850e-01,-9.692973494529724121e-01,-3.875383734703063965e-01,1.572910696268081665e-01,-8.377599716186523438e-01,2.899778075516223907e-02,5.061881542205810547e-01,-1.434416294097900391e+00,-8.872657269239425659e-02,1.039358019828796387e+00,-1.069183826446533203e+00,-1.543210297822952271e-01,8.448462486267089844e-01,-1.409735441207885742e+00
-6.563251018524169922e-01,-1.832382380962371826e-01,3.127314746379852295e-01,-4.453789442777633667e-02,4.948350787162780762e-02,2.381265461444854736e-01,-9.689496755599975586e-01,-3.838817179203033447e-01,1.654587686061859131e-01,-8.377599716186523438e-01,-1.265975926071405411e-02,4.125837683677673340e-01,-1.315957665443420410e+00,-8.398675918579101562e-02,1.038371205329895020e+00,-1.053669095039367676e+00,-1.491918265819549561e-01,8.571438789367675781e-01,-1.420363306999206543e+00
-6.559788584709167480e-01,-1.866972893476486206e-01,3.131021261215209961e-01,-4.691953584551811218e-02,5.070369318127632141e-02,2.396749407052993774e-01,-9.683923125267028809e-01,-3.774557709693908691e-01,1.726595312356948853e-01,-8.377599716186523438e-01,-5.120523646473884583e-02,3.154331445693969727e-01,-1.194469690322875977e+00,-7.921465486288070679e-02,1.035577178001403809e+00,-1.035848617553710938e+00,-1.421136558055877686e-01,8.664335608482360840e-01,-1.427390813827514648e+00
-6.555754542350769043e-01,-1.900270879268646240e-01,3.137034177780151367e-01,-4.827696457505226135e-02,5.156410858035087585e-02,2.419247776269912720e-01,-9.677204489707946777e-01,-3.686793744564056396e-01,1.801954656839370728e-01,-8.377599716186523438e-01,-8.503334969282150269e-02,2.178467661142349243e-01,-1.073193788528442383e+00,-7.336138188838958740e-02,1.032411217689514160e+00,-1.016855716705322266e+00,-1.328100860118865967e-01,8.739312291145324707e-01,-1.430971860885620117e+00
-6.550655364990234375e-01,-1.932546347379684448e-01,3.144831061363220215e-01,-4.849132150411605835e-02,5.165551975369453430e-02,2.448358982801437378e-01,-9.669724106788635254e-01,-3.568434119224548340e-01,1.862995773553848267e-01,-8.377599716186523438e-01,-1.116658449172973633e-01,1.310964971780776978e-01,-9.678879380226135254e-01,-6.626331806182861328e-02,1.027716159820556641e+00,-9.965415000915527344e-01,-1.210683584213256836e-01,8.786137700080871582e-01,-1.430835485458374023e+00
-6.544827222824096680e-01,-1.963741630315780640e-01,3.154317140579223633e-01,-4.752535745501518250e-02,5.152889713644981384e-02,2.481461018323898315e-01,-9.661830067634582520e-01,-3.425849676132202148e-01,1.931753307580947876e-01,-8.377599716186523438e-01,-1.316203773021697998e-01,6.017560139298439026e-02,-8.816907405853271484e-01,-5.770545452833175659e-02,1.023907780647277832e+00,-9.768972992897033691e-01,-1.078245639801025391e-01,8.820810317993164062e-01,-1.427815437316894531e+00
-6.537368297576904297e-01,-1.997004449367523193e-01,3.162982165813446045e-01,-4.897449910640716553e-02,5.072566866874694824e-02,2.525899112224578857e-01,-9.650009274482727051e-01,-3.307272493839263916e-01,1.983546316623687744e-01,-8.377599716186523438e-01,-1.496782898902893066e-01,1.356309931725263596e-02,-8.378400802612304688e-01,-5.660577490925788879e-02,1.016168236732482910e+00,-9.527910351753234863e-01,-1.008299514651298523e-01,8.813371062278747559e-01,-1.422236680984497070e+00
-6.528353691101074219e-01,-2.034065574407577515e-01,3.169201910495758057e-01,-5.315414443612098694e-02,4.941771179437637329e-02,2.589356303215026855e-01,-9.631639719009399414e-01,-3.203558027744293213e-01,2.023561745882034302e-01,-8.377599716186523438e-01,-1.648669540882110596e-01,-1.024116482585668564e-02,-8.377602100372314453e-01,-6.469318270683288574e-02,1.006221413612365723e+00,-9.255137443542480469e-01,-1.011814698576927185e-01,8.764611482620239258e-01,-1.415167689323425293e+00
-6.518886685371398926e-01,-2.070252299308776855e-01,3.177842497825622559e-01,-5.680302157998085022e-02,4.773151502013206482e-02,2.653799951076507568e-01,-9.612848758697509766e-01,-3.087974488735198975e-01,2.061971127986907959e-01,-8.377599716186523438e-01,-1.781854629516601562e-01,-3.066004253923892975e-02,-8.377599716186523438e-01,-7.235232740640640259e-02,9.944030642509460449e-01,-8.967938423156738281e-01,-1.009791567921638489e-01,8.692767024040222168e-01,-1.404228091239929199e+00
-6.509303450584411621e-01,-2.106948047876358032e-01,3.186779022216796875e-01,-6.025951728224754333e-02,4.609518870711326599e-02,2.720352709293365479e-01,-9.592918157577514648e-01,-2.969729006290435791e-01,2.109366357326507568e-01,-8.377599716186523438e-01,-1.892257481813430786e-01,-4.865717515349388123e-02,-8.377599716186523438e-01,-8.056379109621047974e-02,9.832544326782226562e-01,-8.681214451789855957e-01,-1.008584201335906982e-01,8.618351221084594727e-01,-1.392319798469543457e+00
-6.499283313751220703e-01,-2.145371884107589722e-01,3.194226324558258057e-01,-6.465282291173934937e-02,4.445566982030868530e-02,2.793199717998504639e-01,-9.569869637489318848e-01,-2.856994271278381348e-01,2.156101465225219727e-01,-8.377599716186523438e-01,-1.984040886163711548e-01,-6.761379539966583252e-02,-8.377599716186523438e-01,-9.267489612102508545e-02,9.720056653022766113e-01,-8.390020728111267090e-01,-1.032658293843269348e-01,8.538094162940979004e-01,-1.381161212921142578e+00
-6.489601731300354004e-01,-2.179721593856811523e-01,3.189808726310729980e-01,-6.667404621839523315e-02,4.210227355360984802e-02,2.866457700729370117e-01,-9.547859430313110352e-01,-2.716355621814727783e-01,2.321668863296508789e-01,-8.631824254989624023e-01,-2.022698074579238892e-01,-8.705840259790420532e-02,-8.377599716186523438e-01,-1.026333793997764587e-01,9.755818843841552734e-01,-8.377631306648254395e-01,-1.019638553261756897e-01,8.481971621513366699e-01,-1.375774741172790527e+00
-6.479018330574035645e-01,-2.213990986347198486e-01,3.182505965232849121e-01,-6.828294694423675537e-02,3.838267177343368530e-02,2.934374213218688965e-01,-9.527637362480163574e-01,-2.575187981128692627e-01,2.514038383960723877e-01,-8.993856310844421387e-01,-2.047889083623886108e-01,-1.075450927019119263e-01,-8.377599716186523438e-01,-1.106876209378242493e-01,9.766943454742431641e-01,-8.377600312232971191e-01,-9.817890822887420654e-02,8.401647210121154785e-01,-1.368969321250915527e+00
-6.468122601509094238e-01,-2.248659878969192505e-01,3.175097405910491943e-01,-6.989344209432601929e-02,3.438672423362731934e-02,3.000632226467132568e-01,-9.507336616516113281e-01,-2.432124018669128418e-01,2.705093920230865479e-01,-9.353207945823669434e-01,-2.062896490097045898e-01,-1.267331391572952271e-01,-8.377599716186523438e-01,-1.189473718404769897e-01,9.770128726959228516e-01,-8.377599716186523438e-01,-9.379202872514724731e-02,8.315377831459045410e-01,-1.361278057098388672e+00
-6.457082629203796387e-01,-2.282885015010833740e-01,3.169650733470916748e-01,-7.130381464958190918e-02,3.023927845060825348e-02,3.065358400344848633e-01,-9.487028717994689941e-01,-2.284885942935943604e-01,2.882117927074432373e-01,-9.678236246109008789e-01,-2.065377384424209595e-01,-1.431524753570556641e-01,-8.377599716186523438e-01,-1.269472539424896240e-01,9.759512543678283691e-01,-8.377599716186523438e-01,-8.821630477905273438e-02,8.222439885139465332e-01,-1.351740717887878418e+00
-6.445882320404052734e-01,-2.315897792577743530e-01,3.167747855186462402e-01,-7.249168306589126587e-02,2.634222432971000671e-02,3.126331567764282227e-01,-9.467373490333557129e-01,-2.142979055643081665e-01,3.045041859149932861e-01,-9.952968955039978027e-01,-2.056542932987213135e-01,-1.548340022563934326e-01,-8.377599716186523438e-01,-1.345322728157043457e-01,9.739175438880920410e-01,-8.377599716186523438e-01,-8.168993890285491943e-02,8.129117488861083984e-01,-1.340497612953186035e+00
-6.434313058853149414e-01,-2.347942590713500977e-01,3.168705403804779053e-01,-7.364378124475479126e-02,2.246133610606193542e-02,3.187361061573028564e-01,-9.447112679481506348e-01,-2.001462727785110474e-01,3.184162378311157227e-01,-1.017820477485656738e+00,-2.033263444900512695e-01,-1.640711873769760132e-01,-8.377599716186523438e-01,-1.426244378089904785e-01,9.700362682342529297e-01,-8.377599716186523438e-01,-7.426660507917404175e-02,8.025047779083251953e-01,-1.326602816581726074e+00
-6.422566771507263184e-01,-2.378170043230056763e-01,3.172914087772369385e-01,-7.483305037021636963e-02,1.892318576574325562e-02,3.250442445278167725e-01,-9.425434470176696777e-01,-1.865733116865158081e-01,3.310735523700714111e-01,-1.035612463951110840e+00,-1.990164965391159058e-01,-1.697309762239456177e-01,-8.377599716186523438e-01,-1.514647901058197021e-01,9.647062420845031738e-01,-8.377599716186523438e-01,-6.645932793617248535e-02,7.920849323272705078e-01,-1.311507940292358398e+00
-6.410445570945739746e-01,-2.407000213861465454e-01,3.179980218410491943e-01,-7.616770267486572266e-02,1.561919972300529480e-02,3.312584757804870605e-01,-9.403309822082519531e-01,-1.740681380033493042e-01,3.420065641403198242e-01,-1.049076795578002930e+00,-1.941644102334976196e-01,-1.720109134912490845e-01,-8.377599716186523438e-01,-1.618597805500030518e-01,9.573369622230529785e-01,-8.377599716186523438e-01,-5.899737030267715454e-02,7.809686064720153809e-01,-1.294111132621765137e+00
-6.397775411605834961e-01,-2.433938682079315186e-01,3.190052509307861328e-01,-7.810188084840774536e-02,1.240696478635072708e-02,3.377480506896972656e-01,-9.379085302352905273e-01,-1.628409177064895630e-01,3.514690995216369629e-01,-1.059344768524169922e+00,-1.886650323867797852e-01,-1.723647415637969971e-01,-8.377599716186523438e-01,-1.744233369827270508e-01,9.462493658065795898e-01,-8.377814888954162598e-01,-5.269465595483779907e-02,7.678219676017761230e-01,-1.273903727531433105e+00
-6.385219097137451172e-01,-2.458396404981613159e-01,3.200580477714538574e-01,-8.024253696203231812e-02,9.912978857755661011e-03,3.444749116897583008e-01,-9.353073835372924805e-01,-1.528661698102951050e-01,3.607277274131774902e-01,-1.066478133201599121e+00,-1.823788285255432129e-01,-1.692850291728973389e-01,-8.377599716186523438e-01,-1.896409243345260620e-01,9.387235045433044434e-01,-8.492807149887084961e-01,-4.791526868939399719e-02,7.557361125946044922e-01,-1.254328608512878418e+00
-6.373462080955505371e-01,-2.479740977287292480e-01,3.208596706390380859e-01,-8.193317055702209473e-02,8.773058652877807617e-03,3.514902889728546143e-01,-9.325580596923828125e-01,-1.431192457675933838e-01,3.711144924163818359e-01,-1.070696830749511719e+00,-1.743001490831375122e-01,-1.613324135541915894e-01,-8.377599716186523438e-01,-2.070649713277816772e-01,9.414715170860290527e-01,-8.821092247962951660e-01,-4.424740001559257507e-02,7.484644055366516113e-01,-1.239776611328125000e+00
-6.361691951751708984e-01,-2.496434450149536133e-01,3.214126229286193848e-01,-8.364167064428329468e-02,8.600389584898948669e-03,3.600821197032928467e-01,-9.291237592697143555e-01,-1.326309293508529663e-01,3.835816979408264160e-01,-1.073486804962158203e+00,-1.628316342830657959e-01,-1.511866897344589233e-01,-8.377599716186523438e-01,-2.304413765668869019e-01,9.523220658302307129e-01,-9.329350590705871582e-01,-4.468875005841255188e-02,7.419559359550476074e-01,-1.227241516113281250e+00
-6.349461078643798828e-01,-2.516715824604034424e-01,3.217326402664184570e-01,-8.504635840654373169e-02,9.424913674592971802e-03,3.677551150321960449e-01,-9.259775876998901367e-01,-1.234637871384620667e-01,3.964092135429382324e-01,-1.073399186134338379e+00,-1.523625850677490234e-01,-1.367373913526535034e-01,-8.377599716186523438e-01,-2.516472339630126953e-01,9.636507034301757812e-01,-9.843337535858154297e-01,-4.308811575174331665e-02,7.431717514991760254e-01,-1.221804857254028320e+00
-6.335105895996093750e-01,-2.544120848178863525e-01,3.216179013252258301e-01,-8.740963041782379150e-02,9.061159566044807434e-03,3.747720122337341309e-01,-9.229427576065063477e-01,-1.150270625948905945e-01,4.119184911251068115e-01,-1.081458210945129395e+00,-1.412916183471679688e-01,-1.327031701803207397e-01,-8.377599716186523438e-01,-2.698611319065093994e-01,9.651126265525817871e-01,-1.026677727699279785e+00,-4.037524759769439697e-02,7.440533638000488281e-01,-1.216835141181945801e+00
-6.318199634552001953e-01,-2.572963833808898926e-01,3.208093643188476562e-01,-9.149720519781112671e-02,7.208652328699827194e-03,3.826687633991241455e-01,-9.193154573440551758e-01,-1.078140959143638611e-01,4.302958846092224121e-01,-1.101185083389282227e+00,-1.293150633573532104e-01,-1.475927382707595825e-01,-8.377599716186523438e-01,-2.912602722644805908e-01,9.588477611541748047e-01,-1.064062952995300293e+00,-4.131867736577987671e-02,7.396500110626220703e-01,-1.209455609321594238e+00
-6.301367282867431641e-01,-2.597143948078155518e-01,3.206637203693389893e-01,-9.393411129713058472e-02,6.340869236737489700e-03,3.895810842514038086e-01,-9.161674380302429199e-01,-1.006702929735183716e-01,4.465930759906768799e-01,-1.113464474678039551e+00,-1.116901859641075134e-01,-1.565356105566024780e-01,-8.377599716186523438e-01,-3.081619441509246826e-01,9.506000876426696777e-01,-1.099522829055786133e+00,-3.972792252898216248e-02,7.372157573699951172e-01,-1.200338244438171387e+00
-6.285624504089355469e-01,-2.618334889411926270e-01,3.209834396839141846e-01,-9.527790546417236328e-02,6.699479185044765472e-03,3.957270383834838867e-01,-9.133878350257873535e-01,-9.376771748065948486e-02,4.611549973487854004e-01,-1.117973208427429199e+00,-9.267132729291915894e-02,-1.562892794609069824e-01,-8.377599716186523438e-01,-3.226438760757446289e-01,9.418715238571166992e-01,-1.133489131927490234e+00,-3.693288192152976990e-02,7.377434372901916504e-01,-1.191653728485107422e+00
-6.270760893821716309e-01,-2.636417746543884277e-01,3.214251697063446045e-01,-9.780973941087722778e-02,5.876327399164438248e-03,4.022091329097747803e-01,-9.102892875671386719e-01,-8.792997151613235474e-02,4.741376340389251709e-01,-1.126205086708068848e+00,-7.533317059278488159e-02,-1.630594432353973389e-01,-8.377599716186523438e-01,-3.379663825035095215e-01,9.216203689575195312e-01,-1.158756375312805176e+00,-3.707594797015190125e-02,7.304431200027465820e-01,-1.176652669906616211e+00
-6.256087422370910645e-01,-2.658096551895141602e-01,3.219837546348571777e-01,-9.903825074434280396e-02,6.462907418608665466e-03,4.081053733825683594e-01,-9.075239300727844238e-01,-8.164537698030471802e-02,4.876944124698638916e-01,-1.127939105033874512e+00,-5.946724861860275269e-02,-1.629914492368698120e-01,-8.377599716186523438e-01,-3.486827611923217773e-01,9.032087326049804688e-01,-1.183834195137023926e+00,-3.449624031782150269e-02,7.306262254714965820e-01,-1.167103886604309082e+00
-6.241748332977294922e-01,-2.679479718208312988e-01,3.224994540214538574e-01,-9.997657686471939087e-02,7.480165455490350723e-03,4.139301776885986328e-01,-9.047709703445434570e-01,-7.614977657794952393e-02,5.030799508094787598e-01,-1.130590438842773438e+00,-4.431109502911567688e-02,-1.613802909851074219e-01,-8.377599716186523438e-01,-3.578173220157623291e-01,8.826879262924194336e-01,-1.206171035766601562e+00,-3.188974037766456604e-02,7.330278158187866211e-01,-1.159559607505798340e+00
-6.227533817291259766e-01,-2.700154483318328857e-01,3.229939937591552734e-01,-1.006402894854545593e-01,8.609010837972164154e-03,4.196190536022186279e-01,-9.020627737045288086e-01,-7.115758210420608521e-02,5.192820429801940918e-01,-1.134840726852416992e+00,-2.891795337200164795e-02,-1.587454974651336670e-01,-8.377599716186523438e-01,-3.641755282878875732e-01,8.595740795135498047e-01,-1.226413369178771973e+00,-2.915864437818527222e-02,7.359484434127807617e-01,-1.152304768562316895e+00
-6.213408112525939941e-01,-2.720245420932769775e-01,3.234632015228271484e-01,-1.007658988237380981e-01,9.700498543679714203e-03,4.251622259616851807e-01,-8.994382619857788086e-01,-6.660950928926467896e-02,5.367951989173889160e-01,-1.142417430877685547e+00,-1.295846793800592422e-02,-1.546979695558547974e-01,-8.377599716186523438e-01,-3.678966462612152100e-01,8.341788649559020996e-01,-1.242942810058593750e+00,-2.579918876290321350e-02,7.392601370811462402e-01,-1.145276069641113281e+00
-6.199367046356201172e-01,-2.739436030387878418e-01,3.239065110683441162e-01,-1.001118943095207214e-01,1.061392016708850861e-02,4.306618869304656982e-01,-8.968808650970458984e-01,-6.122376024723052979e-02,5.551227927207946777e-01,-1.152289271354675293e+00,3.517205361276865005e-03,-1.496154665946960449e-01,-8.377599716186523438e-01,-3.688052594661712646e-01,8.073830604553222656e-01,-1.256927251815795898e+00,-2.137151360511779785e-02,7.428016662597656250e-01,-1.138461947441101074e+00
-6.185249686241149902e-01,-2.757747471332550049e-01,3.243061602115631104e-01,-9.870038926601409912e-02,1.137498673051595688e-02,4.359626471996307373e-01,-8.944637775421142578e-01,-5.564798042178153992e-02,5.741130113601684570e-01,-1.165275216102600098e+00,1.999847404658794403e-02,-1.435041427612304688e-01,-8.377599716186523438e-01,-3.671806156635284424e-01,7.795788645744323730e-01,-1.266700744628906250e+00,-1.618721149861812592e-02,7.469626665115356445e-01,-1.132085800170898438e+00
-6.171143054962158203e-01,-2.775531709194183350e-01,3.246403336524963379e-01,-9.635675698518753052e-02,1.201173570007085800e-02,4.412811696529388428e-01,-8.920997977256774902e-01,-4.893963783979415894e-02,5.940045118331909180e-01,-1.181077480316162109e+00,3.758361935615539551e-02,-1.360920369625091553e-01,-8.377599716186523438e-01,-3.623034060001373291e-01,7.514788508415222168e-01,-1.273426651954650879e+00,-9.521229192614555359e-03,7.517606019973754883e-01,-1.126449465751647949e+00
-6.157263517379760742e-01,-2.792614698410034180e-01,3.248896300792694092e-01,-9.290500730276107788e-02,1.220355369150638580e-02,4.463093876838684082e-01,-8.899593353271484375e-01,-4.085543006658554077e-02,6.123751401901245117e-01,-1.198890805244445801e+00,5.638939142227172852e-02,-1.276588439941406250e-01,-8.377599716186523438e-01,-3.545598983764648438e-01,7.242946624755859375e-01,-1.278882622718811035e+00,-8.693999261595308781e-04,7.568965554237365723e-01,-1.121118068695068359e+00
-6.143274307250976562e-01,-2.809321284294128418e-01,3.250387012958526611e-01,-8.851537108421325684e-02,1.209210697561502457e-02,4.509014487266540527e-01,-8.880916237831115723e-01,-3.218533843755722046e-02,6.309484243392944336e-01,-1.221005082130432129e+00,7.584489136934280396e-02,-1.182195842266082764e-01,-8.377599716186523438e-01,-3.444165885448455811e-01,6.984785795211791992e-01,-1.283213615417480469e+00,9.237225167453289032e-03,7.629311084747314453e-01,-1.116667270660400391e+00
-6.129251122474670410e-01,-2.825462520122528076e-01,3.250914216041564941e-01,-8.342130482196807861e-02,1.181841455399990082e-02,4.551902413368225098e-01,-8.863989114761352539e-01,-2.336028404533863068e-02,6.490352153778076172e-01,-1.246763825416564941e+00,9.525877237319946289e-02,-1.078499481081962585e-01,-8.377599716186523438e-01,-3.325903415679931641e-01,6.751214265823364258e-01,-1.288067936897277832e+00,2.033622749149799347e-02,7.698324322700500488e-01,-1.112852215766906738e+00
-6.114819645881652832e-01,-2.843964695930480957e-01,3.250519633293151855e-01,-7.769121229648590088e-02,1.349091809242963791e-02,4.604733288288116455e-01,-8.841642141342163086e-01,-1.567383669316768646e-02,6.702637076377868652e-01,-1.271577358245849609e+00,1.157880127429962158e-01,-9.167734533548355103e-02,-8.377599716186523438e-01,-3.239084184169769287e-01,6.630259752273559570e-01,-1.299515724182128906e+00,2.865930832922458649e-02,7.848044633865356445e-01,-1.116326689720153809e+00
-6.100280880928039551e-01,-2.860182523727416992e-01,3.248381018638610840e-01,-7.229811698198318481e-02,1.431867294013500214e-02,4.644178748130798340e-01,-8.825440406799316406e-01,-1.161402650177478790e-02,6.952068805694580078e-01,-1.314146280288696289e+00,1.329997181892395020e-01,-7.791142910718917847e-02,-8.377599716186523438e-01,-3.139286935329437256e-01,6.508257389068603516e-01,-1.309329867362976074e+00,3.852015733718872070e-02,7.981892824172973633e-01,-1.119053244590759277e+00
-6.084883213043212891e-01,-2.875949144363403320e-01,3.244790434837341309e-01,-6.670985370874404907e-02,1.496121473610401154e-02,4.681282341480255127e-01,-8.810119032859802246e-01,-1.053641829639673233e-02,7.192198038101196289e-01,-1.365040063858032227e+00,1.495813876390457153e-01,-6.433742493391036987e-02,-8.377599716186523438e-01,-3.037070333957672119e-01,6.429256796836853027e-01,-1.314088702201843262e+00,4.894436150789260864e-02,8.118298053741455078e-01,-1.122062444686889648e+00
-6.069319844245910645e-01,-2.891918420791625977e-01,3.240185976028442383e-01,-6.100983917713165283e-02,1.589477434754371643e-02,4.714628458023071289e-01,-8.796294331550598145e-01,-1.183866616338491440e-02,7.419392466545104980e-01,-1.420937776565551758e+00,1.649700105190277100e-01,-4.964686930179595947e-02,-8.377599716186523438e-01,-2.943442463874816895e-01,6.414111256599426270e-01,-1.311554908752441406e+00,5.900704860687255859e-02,8.277202248573303223e-01,-1.127185583114624023e+00
-6.054023504257202148e-01,-2.908716499805450439e-01,3.234879970550537109e-01,-5.577254667878150940e-02,1.743798330426216125e-02,4.745951890945434570e-01,-8.782623410224914551e-01,-1.558916456997394562e-02,7.631192207336425781e-01,-1.479806423187255859e+00,1.783169209957122803e-01,-3.408333659172058105e-02,-8.377599716186523438e-01,-2.848861515522003174e-01,6.493573784828186035e-01,-1.304988265037536621e+00,6.789933145046234131e-02,8.458450436592102051e-01,-1.134128689765930176e+00
-6.039059758186340332e-01,-2.925436794757843018e-01,3.229932785034179688e-01,-5.152093619108200073e-02,1.952610164880752563e-02,4.771862328052520752e-01,-8.770733475685119629e-01,-1.986397244036197662e-02,7.822583913803100586e-01,-1.541470885276794434e+00,1.883020401000976562e-01,-1.840417087078094482e-02,-8.377599716186523438e-01,-2.784395217895507812e-01,6.680312752723693848e-01,-1.306028127670288086e+00,7.450027018785476685e-02,8.644337654113769531e-01,-1.141256332397460938e+00
-6.023909449577331543e-01,-2.941891849040985107e-01,3.225094974040985107e-01,-4.813051968812942505e-02,2.206600643694400787e-02,4.793152809143066406e-01,-8.760441541671752930e-01,-2.789989113807678223e-02,7.962515354156494141e-01,-1.602752685546875000e+00,1.951681971549987793e-01,-2.630577189847826958e-03,-8.377599716186523438e-01,-2.744897305965423584e-01,6.928600668907165527e-01,-1.320747613906860352e+00,7.860467582941055298e-02,8.832966089248657227e-01,-1.148353815078735352e+00
-6.009290218353271484e-01,-2.958664894104003906e-01,3.219369053840637207e-01,-4.504725709557533264e-02,2.526393160223960876e-02,4.808515608310699463e-01,-8.752795457839965820e-01,-4.043214395642280579e-02,8.037741184234619141e-01,-1.658739447593688965e+00,1.996715366840362549e-01,1.406786125153303146e-02,-8.377599716186523438e-01,-2.721555531024932861e-01,7.161541581153869629e-01,-1.334366440773010254e+00,8.145198971033096313e-02,9.050912261009216309e-01,-1.158498287200927734e+00
-5.994974970817565918e-01,-2.975103557109832764e-01,3.213912248611450195e-01,-4.217461496591567993e-02,2.850935608148574829e-02,4.815351366996765137e-01,-8.749471306800842285e-01,-5.720519274473190308e-02,7.989347577095031738e-01,-1.701757073402404785e+00,2.019244879484176636e-01,3.068124130368232727e-02,-8.377599716186523438e-01,-2.718227505683898926e-01,7.340721487998962402e-01,-1.345307826995849609e+00,8.376668393611907959e-02,9.274664521217346191e-01,-1.168753623962402344e+00
-5.980930328369140625e-01,-2.991549968719482422e-01,3.209395706653594971e-01,-3.897044435143470764e-02,3.111479617655277252e-02,4.819781184196472168e-01,-8.747629523277282715e-01,-7.448405027389526367e-02,7.811940312385559082e-01,-1.727693080902099609e+00,2.046387046575546265e-01,4.621396213769912720e-02,-8.377599716186523438e-01,-2.717171311378479004e-01,7.517964243888854980e-01,-1.354700684547424316e+00,8.732709288597106934e-02,9.481311440467834473e-01,-1.177287697792053223e+00
-5.967267751693725586e-01,-3.007899224758148193e-01,3.206531405448913574e-01,-3.538906201720237732e-02,3.288900107145309448e-02,4.823617339134216309e-01,-8.746388554573059082e-01,-9.125335514545440674e-02,7.517562508583068848e-01,-1.735138773918151855e+00,2.089824527502059937e-01,6.079546734690666199e-02,-8.377599716186523438e-01,-2.709454298019409180e-01,7.699468135833740234e-01,-1.365627408027648926e+00,9.232605248689651489e-02,9.656363725662231445e-01,-1.183003306388854980e+00
-5.954583287239074707e-01,-3.024694323539733887e-01,3.205877840518951416e-01,-3.210595622658729553e-02,3.429512307047843933e-02,4.825047254562377930e-01,-8.746325969696044922e-01,-1.086319610476493835e-01,7.136000394821166992e-01,-1.727134346961975098e+00,2.131330519914627075e-01,7.433173060417175293e-02,-8.377599716186523438e-01,-2.694074213504791260e-01,7.865687012672424316e-01,-1.375048398971557617e+00,9.758283942937850952e-02,9.804154038429260254e-01,-1.185632705688476562e+00
-5.943219661712646484e-01,-3.042207956314086914e-01,3.207602202892303467e-01,-2.966801449656486511e-02,3.572291508316993713e-02,4.823360443115234375e-01,-8.747546076774597168e-01,-1.272383630275726318e-01,6.676765084266662598e-01,-1.702537178993225098e+00,2.157488167285919189e-01,8.734976500272750854e-02,-8.377599716186523438e-01,-2.681691944599151611e-01,7.999773621559143066e-01,-1.379425764083862305e+00,1.017700433731079102e-01,9.940156936645507812e-01,-1.187108516693115234e+00
-5.933594107627868652e-01,-3.060544729232788086e-01,3.212825655937194824e-01,-2.928992360830307007e-02,3.736271336674690247e-02,4.814892411231994629e-01,-8.751652836799621582e-01,-1.500718146562576294e-01,6.134153604507446289e-01,-1.661943078041076660e+00,2.140033096075057983e-01,9.801787137985229492e-02,-8.377599716186523438e-01,-2.687588632106781006e-01,8.078442811965942383e-01,-1.376362323760986328e+00,1.036376878619194031e-01,1.003952383995056152e+00,-1.185162067413330078e+00
-5.923575162887573242e-01,-3.080076277256011963e-01,3.218402266502380371e-01,-2.865528687834739685e-02,3.919093310832977295e-02,4.811408221721649170e-01,-8.752979040145874023e-01,-1.710654199123382568e-01,5.534744262695312500e-01,-1.604248404502868652e+00,2.136862426996231079e-01,1.102656424045562744e-01,-8.377599716186523438e-01,-2.696835398674011230e-01,8.179939985275268555e-01,-1.374691724777221680e+00,1.048439964652061462e-01,1.015110373497009277e+00,-1.184461355209350586e+00
-5.914588570594787598e-01,-3.100782930850982666e-01,3.225160241127014160e-01,-2.863740548491477966e-02,4.125316068530082703e-02,4.807105958461761475e-01,-8.754401206970214844e-01,-1.925972253084182739e-01,4.859208464622497559e-01,-1.529260516166687012e+00,2.124689370393753052e-01,1.223413795232772827e-01,-8.377599716186523438e-01,-2.712499201297760010e-01,8.272952437400817871e-01,-1.371363043785095215e+00,1.054015085101127625e-01,1.026491761207580566e+00,-1.183897376060485840e+00
-5.906420350074768066e-01,-3.122844099998474121e-01,3.232076764106750488e-01,-2.877221256494522095e-02,4.323553293943405151e-02,4.800880253314971924e-01,-8.756816387176513672e-01,-2.146013826131820679e-01,4.109223484992980957e-01,-1.438751101493835449e+00,2.107907682657241821e-01,1.339532285928726196e-01,-8.377599716186523438e-01,-2.723509669303894043e-01,8.359260559082031250e-01,-1.366737127304077148e+00,1.065238639712333679e-01,1.037934184074401855e+00,-1.184596061706542969e+00
-5.898615717887878418e-01,-3.145610690116882324e-01,3.239348232746124268e-01,-2.924743294715881348e-02,4.539566859602928162e-02,4.792180955410003662e-01,-8.760330080986022949e-01,-2.381399571895599365e-01,3.272123038768768311e-01,-1.331285238265991211e+00,2.081394940614700317e-01,1.456603556871414185e-01,-8.377599716186523438e-01,-2.742598950862884521e-01,8.442771434783935547e-01,-1.361334681510925293e+00,1.074002683162689209e-01,1.049957990646362305e+00,-1.185612559318542480e+00
-5.891513228416442871e-01,-3.169350624084472656e-01,3.246580362319946289e-01,-2.970449812710285187e-02,4.757671430706977844e-02,4.779886901378631592e-01,-8.765733838081359863e-01,-2.627829909324645996e-01,2.353783249855041504e-01,-1.207676649093627930e+00,2.051364183425903320e-01,1.573203653097152710e-01,-8.377599716186523438e-01,-2.758737504482269287e-01,8.529130220413208008e-01,-1.355701923370361328e+00,1.088673695921897888e-01,1.062738418579101562e+00,-1.187452077865600586e+00
-5.884549021720886230e-01,-3.193809986114501953e-01,3.253856599330902100e-01,-3.028282523155212402e-02,4.979069903492927551e-02,4.765828549861907959e-01,-8.771958947181701660e-01,-2.887533605098724365e-01,1.320969313383102417e-01,-1.063647985458374023e+00,2.017601579427719116e-01,1.690463721752166748e-01,-8.377599716186523438e-01,-2.774956524372100830e-01,8.614255785942077637e-01,-1.350239157676696777e+00,1.106894463300704956e-01,1.075653672218322754e+00,-1.189441800117492676e+00
-5.878068208694458008e-01,-3.219144344329833984e-01,3.260562121868133545e-01,-3.089579194784164429e-02,5.232064798474311829e-02,4.748387634754180908e-01,-8.779727220535278320e-01,-3.150241076946258545e-01,2.253731898963451385e-02,-9.040480256080627441e-01,1.977493911981582642e-01,1.814214140176773071e-01,-8.377599716186523438e-01,-2.792946696281433105e-01,8.711316585540771484e-01,-1.345371365547180176e+00,1.121621057391166687e-01,1.090363383293151855e+00,-1.193608283996582031e+00
-5.865544080734252930e-01,-3.254672288894653320e-01,3.258981108665466309e-01,-2.307646907866001129e-02,4.172523692250251770e-02,4.777372777462005615e-01,-8.772078156471252441e-01,-3.132217228412628174e-01,-5.747276544570922852e-02,-8.378469944000244141e-01,2.291971445083618164e-01,1.787613928318023682e-01,-8.377599716186523438e-01,-2.595456242561340332e-01,8.661858439445495605e-01,-1.333189249038696289e+00,1.276983916759490967e-01,1.070044994354248047e+00,-1.167555570602416992e+00
-5.850268602371215820e-01,-3.298095166683197021e-01,3.247100412845611572e-01,-1.570899039506912231e-02,2.816686034202575684e-02,4.832914471626281738e-01,-8.748652338981628418e-01,-3.048507869243621826e-01,-1.079569384455680847e-01,-8.377602100372314453e-01,2.694561779499053955e-01,1.804113388061523438e-01,-8.574947118759155273e-01,-2.422332465648651123e-01,8.591234683990478516e-01,-1.321059823036193848e+00,1.378938555717468262e-01,1.042818546295166016e+00,-1.139807820320129395e+00
-5.837033390998840332e-01,-3.338646292686462402e-01,3.232695162296295166e-01,-1.742471382021903992e-02,1.703104190528392792e-02,4.846228361129760742e-01,-8.743838071823120117e-01,-3.223405480384826660e-01,-1.588697880506515503e-01,-8.377599716186523438e-01,2.896352708339691162e-01,2.021433711051940918e-01,-9.292027354240417480e-01,-2.358770519495010376e-01,8.379081487655639648e-01,-1.297480106353759766e+00,1.381898820400238037e-01,1.014757633209228516e+00,-1.117452740669250488e+00
-5.826268196105957031e-01,-3.377524912357330322e-01,3.222763240337371826e-01,-2.107380889356136322e-02,9.064636193215847015e-03,4.849930107593536377e-01,-8.742170929908752441e-01,-3.465316295623779297e-01,-1.981254369020462036e-01,-8.377599716186523438e-01,3.019802868366241455e-01,2.210210859775543213e-01,-9.879882931709289551e-01,-2.350884079933166504e-01,8.185352683067321777e-01,-1.272327780723571777e+00,1.342220753431320190e-01,9.942340850830078125e-01,-1.103637218475341797e+00
-5.817533135414123535e-01,-3.414640128612518311e-01,3.216549754142761230e-01,-2.451942861080169678e-02,3.500432474538683891e-03,4.848178327083587646e-01,-8.742643594741821289e-01,-3.707836568355560303e-01,-2.258249968290328979e-01,-8.377599716186523438e-01,3.103401362895965576e-01,2.365604788064956665e-01,-1.031569123268127441e+00,-2.353258877992630005e-01,8.038344383239746094e-01,-1.249409198760986328e+00,1.301802396774291992e-01,9.824960827827453613e-01,-1.097131609916687012e+00
-5.809535980224609375e-01,-3.449608981609344482e-01,3.213109672069549561e-01,-2.734775096178054810e-02,-2.358182682655751705e-04,4.839903712272644043e-01,-8.746458292007446289e-01,-3.940321207046508789e-01,-2.435280531644821167e-01,-8.377599716186523438e-01,3.160733878612518311e-01,2.517549097537994385e-01,-1.065047144889831543e+00,-2.363921403884887695e-01,7.939203977584838867e-01,-1.229681134223937988e+00,1.260374933481216431e-01,9.770806431770324707e-01,-1.098968863487243652e+00
-5.802632570266723633e-01,-3.482757210731506348e-01,3.211463987827301025e-01,-2.950257994234561920e-02,-2.636537421494722366e-03,4.826550185680389404e-01,-8.753095269203186035e-01,-4.142753183841705322e-01,-2.528631687164306641e-01,-8.377599716186523438e-01,3.199219405651092529e-01,2.657127976417541504e-01,-1.090207576751708984e+00,-2.366932183504104614e-01,7.877672314643859863e-01,-1.213025569915771484e+00,1.222214177250862122e-01,9.771138429641723633e-01,-1.108138084411621094e+00
-5.795924067497253418e-01,-3.514584004878997803e-01,3.210575282573699951e-01,-3.106707893311977386e-02,-4.068350885063409805e-03,4.808596968650817871e-01,-8.762375712394714355e-01,-4.314983189105987549e-01,-2.559190690517425537e-01,-8.377599716186523438e-01,3.226388692855834961e-01,2.803498804569244385e-01,-1.110770821571350098e+00,-2.368271946907043457e-01,7.847167253494262695e-01,-1.199045300483703613e+00,1.178384423255920410e-01,9.806972146034240723e-01,-1.123458623886108398e+00
-5.789375901222229004e-01,-3.545126616954803467e-01,3.210596144199371338e-01,-3.219733759760856628e-02,-4.793179687112569809e-03,4.786195755004882812e-01,-8.774187564849853516e-01,-4.461763799190521240e-01,-2.540222108364105225e-01,-8.377599716186523438e-01,3.239999711513519287e-01,2.943311929702758789e-01,-1.126923680305480957e+00,-2.363132536411285400e-01,7.840580344200134277e-01,-1.187488436698913574e+00,1.118420362472534180e-01,9.859578609466552734e-01,-1.145370960235595703e+00
-5.782631039619445801e-01,-3.575148284435272217e-01,3.210729062557220459e-01,-3.295959904789924622e-02,-5.080008413642644882e-03,4.762493073940277100e-01,-8.786776661872863770e-01,-4.581589102745056152e-01,-2.491573393344879150e-01,-8.377599716186523438e-01,3.248795866966247559e-01,3.084200322628021240e-01,-1.140617609024047852e+00,-2.353738397359848022e-01,7.851392030715942383e-01,-1.177436470985412598e+00,1.035016179084777832e-01,9.912329912185668945e-01,-1.173523068428039551e+00
-5.775841474533081055e-01,-3.604523241519927979e-01,3.210950195789337158e-01,-3.326178342103958130e-02,-5.220608320087194443e-03,4.739064872264862061e-01,-8.799312710762023926e-01,-4.670403301715850830e-01,-2.420607507228851318e-01,-8.377599716186523438e-01,3.262188732624053955e-01,3.229607641696929932e-01,-1.153213143348693848e+00,-2.336064279079437256e-01,7.875357866287231445e-01,-1.168937206268310547e+00,9.308483451604843140e-02,9.945355653762817383e-01,-1.206068515777587891e+00
-5.770179629325866699e-01,-3.630481064319610596e-01,3.210506737232208252e-01,-3.411861136555671692e-02,-6.642972119152545929e-03,4.731086790561676025e-01,-8.803181052207946777e-01,-4.702245295047760010e-01,-2.386478334665298462e-01,-8.377599716186523438e-01,3.312462270259857178e-01,3.350903093814849854e-01,-1.170053243637084961e+00,-2.331517785787582397e-01,7.839409112930297852e-01,-1.155887007713317871e+00,7.719153165817260742e-02,9.876957535743713379e-01,-1.235607266426086426e+00
-5.762864351272583008e-01,-3.658360838890075684e-01,3.211252391338348389e-01,-3.425535559654235840e-02,-6.837528198957443237e-03,4.708459675312042236e-01,-8.815236091613769531e-01,-4.733331501483917236e-01,-2.276127189397811890e-01,-8.377599716186523438e-01,3.324694633483886719e-01,3.484385311603546143e-01,-1.180914402008056641e+00,-2.307143807411193848e-01,7.857431769371032715e-01,-1.146774411201477051e+00,6.143339723348617554e-02,9.819105863571166992e-01,-1.263267397880554199e+00
-5.755876302719116211e-01,-3.685275018215179443e-01,3.212016820907592773e-01,-3.407291322946548462e-02,-6.572919897735118866e-03,4.683105349540710449e-01,-8.828822374343872070e-01,-4.728427231311798096e-01,-2.118193358182907104e-01,-8.377599716186523438e-01,3.329868912696838379e-01,3.621877729892730713e-01,-1.190098524093627930e+00,-2.272909432649612427e-01,7.893472313880920410e-01,-1.139990925788879395e+00,4.450185596942901611e-02,9.734171032905578613e-01,-1.286535263061523438e+00
-5.748784542083740234e-01,-3.711670637130737305e-01,3.212598860263824463e-01,-3.384700044989585876e-02,-5.974597763270139694e-03,4.656018316745758057e-01,-8.843266367912292480e-01,-4.698212146759033203e-01,-1.930948495864868164e-01,-8.377599716186523438e-01,3.327844738960266113e-01,3.763296008110046387e-01,-1.198635101318359375e+00,-2.235747426748275757e-01,7.936599850654602051e-01,-1.132880568504333496e+00,2.560951560735702515e-02,9.614214897155761719e-01,-1.305508494377136230e+00
-5.742050409317016602e-01,-3.738210499286651611e-01,3.212430775165557861e-01,-3.366998955607414246e-02,-5.518013145774602890e-03,4.629434049129486084e-01,-8.857309222221374512e-01,-4.653410017490386963e-01,-1.748165041208267212e-01,-8.377599716186523438e-01,3.328648805618286133e-01,3.905954360961914062e-01,-1.208069086074829102e+00,-2.193960994482040405e-01,7.980321049690246582e-01,-1.126718044281005859e+00,5.006220191717147827e-03,9.446772933006286621e-01,-1.317841529846191406e+00
-5.735195279121398926e-01,-3.765901625156402588e-01,3.211017549037933350e-01,-3.351099044084548950e-02,-5.612788721919059753e-03,4.608025550842285156e-01,-8.868520259857177734e-01,-4.618146717548370361e-01,-1.614742279052734375e-01,-8.377599716186523438e-01,3.351503014564514160e-01,4.055975973606109619e-01,-1.220762610435485840e+00,-2.150895595550537109e-01,8.012770414352416992e-01,-1.119556188583374023e+00,-1.670496165752410889e-02,9.220234751701354980e-01,-1.323181867599487305e+00
-5.728661417961120605e-01,-3.794482052326202393e-01,3.209186494350433350e-01,-3.322458267211914062e-02,-5.851441062986850739e-03,4.590068459510803223e-01,-8.877919912338256836e-01,-4.593562781810760498e-01,-1.521766781806945801e-01,-8.377599716186523438e-01,3.389922976493835449e-01,4.215298593044281006e-01,-1.234789848327636719e+00,-2.104951888322830200e-01,8.045033216476440430e-01,-1.112054944038391113e+00,-3.844484314322471619e-02,8.955458402633666992e-01,-1.322125077247619629e+00
-5.722861289978027344e-01,-3.823047578334808350e-01,3.208014667034149170e-01,-3.282989189028739929e-02,-5.638517439365386963e-03,4.572246372699737549e-01,-8.887271881103515625e-01,-4.574009776115417480e-01,-1.436997652053833008e-01,-8.377599716186523438e-01,3.423484563827514648e-01,4.376001954078674316e-01,-1.246939897537231445e+00,-2.058604210615158081e-01,8.086892366409301758e-01,-1.104306340217590332e+00,-5.978551134467124939e-02,8.674553632736206055e-01,-1.317156672477722168e+00
-5.718002319335937500e-01,-3.851811587810516357e-01,3.207084536552429199e-01,-3.205410763621330261e-02,-5.212141666561365128e-03,4.553442597389221191e-01,-8.897229433059692383e-01,-4.546000361442565918e-01,-1.352795362472534180e-01,-8.377599716186523438e-01,3.456270396709442139e-01,4.534660279750823975e-01,-1.257718205451965332e+00,-2.002011984586715698e-01,8.141719698905944824e-01,-1.098244786262512207e+00,-7.895346730947494507e-02,8.382278680801391602e-01,-1.307112932205200195e+00
-5.713868141174316406e-01,-3.880848586559295654e-01,3.205887079238891602e-01,-3.115786984562873840e-02,-4.482372663915157318e-03,4.534628987312316895e-01,-8.907191157341003418e-01,-4.519107639789581299e-01,-1.264916360378265381e-01,-8.377599716186523438e-01,3.488350212574005127e-01,4.701666831970214844e-01,-1.268116354942321777e+00,-1.943694353103637695e-01,8.207516670227050781e-01,-1.092645287513732910e+00,-9.688266366720199585e-02,8.090670704841613770e-01,-1.294147253036499023e+00
-5.711001157760620117e-01,-3.909552097320556641e-01,3.205013573169708252e-01,-2.981190942227840424e-02,-3.382336581125855446e-03,4.515837728977203369e-01,-8.917241096496582031e-01,-4.484578967094421387e-01,-1.160389408469200134e-01,-8.377599716186523438e-01,3.519921004772186279e-01,4.872260987758636475e-01,-1.277121305465698242e+00,-1.873306483030319214e-01,8.291471004486083984e-01,-1.089054822921752930e+00,-1.124732643365859985e-01,7.815122604370117188e-01,-1.279423236846923828e+00
-5.709297657012939453e-01,-3.938244581222534180e-01,3.203987777233123779e-01,-2.804447710514068604e-02,-2.077575074508786201e-03,4.497607648372650146e-01,-8.927062749862670898e-01,-4.438880383968353271e-01,-1.048902571201324463e-01,-8.377599716186523438e-01,3.557483255863189697e-01,5.048875808715820312e-01,-1.286263942718505859e+00,-1.791599839925765991e-01,8.386459350585937500e-01,-1.086322665214538574e+00,-1.252596378326416016e-01,7.556546926498413086e-01,-1.265185475349426270e+00
-5.708653330802917480e-01,-3.966792225837707520e-01,3.202697634696960449e-01,-2.621795050799846649e-02,-4.149519663769751787e-04,4.479810297489166260e-01,-8.936584591865539551e-01,-4.388237893581390381e-01,-9.286578744649887085e-02,-8.377599716186523438e-01,3.590426743030548096e-01,5.233385562896728516e-01,-1.296119570732116699e+00,-1.705077290534973145e-01,8.493104577064514160e-01,-1.084842443466186523e+00,-1.361317336559295654e-01,7.325587272644042969e-01,-1.252825736999511719e+00
-5.708883404731750488e-01,-3.995866775512695312e-01,3.200162947177886963e-01,-2.448892965912818909e-02,1.659884583204984665e-03,4.462892115116119385e-01,-8.945521116256713867e-01,-4.336735606193542480e-01,-8.044435083866119385e-02,-8.377599716186523438e-01,3.619480729103088379e-01,5.437394380569458008e-01,-1.308560609817504883e+00,-1.618227958679199219e-01,8.613963127136230469e-01,-1.084584832191467285e+00,-1.452910602092742920e-01,7.130733132362365723e-01,-1.241631507873535156e+00
-5.710441470146179199e-01,-4.025531411170959473e-01,3.196419179439544678e-01,-2.304539084434509277e-02,4.110438749194145203e-03,4.447896480560302734e-01,-8.953291177749633789e-01,-4.285464584827423096e-01,-6.788754463195800781e-02,-8.377599716186523438e-01,3.634682595729827881e-01,5.654317140579223633e-01,-1.323822259902954102e+00,-1.535562425851821899e-01,8.746050596237182617e-01,-1.085647702217102051e+00,-1.521287411451339722e-01,6.990473866462707520e-01,-1.233059048652648926e+00
-5.713131427764892578e-01,-4.056358635425567627e-01,3.191143870353698730e-01,-2.185817249119281769e-02,7.124553434550762177e-03,4.429831802845001221e-01,-8.962351083755493164e-01,-4.246939420700073242e-01,-5.431159213185310364e-02,-8.377599716186523438e-01,3.635322153568267822e-01,5.897800326347351074e-01,-1.342561483383178711e+00,-1.456264555454254150e-01,8.893988728523254395e-01,-1.088529825210571289e+00,-1.573972851037979126e-01,6.927943825721740723e-01,-1.227709889411926270e+00
-5.716586709022521973e-01,-4.087983965873718262e-01,3.184318542480468750e-01,-2.117766812443733215e-02,1.081259548664093018e-02,4.409891963005065918e-01,-8.971973657608032227e-01,-4.222102761268615723e-01,-3.970852121710777283e-02,-8.377599716186523438e-01,3.609007000923156738e-01,6.154222488403320312e-01,-1.363936305046081543e+00,-1.389662772417068481e-01,9.063801765441894531e-01,-1.093804121017456055e+00,-1.617099493741989136e-01,6.945412755012512207e-01,-1.224699735641479492e+00
-5.721086263656616211e-01,-4.120672345161437988e-01,3.176271021366119385e-01,-2.058546803891658783e-02,1.474639121443033218e-02,4.389050006866455078e-01,-8.981766104698181152e-01,-4.197218120098114014e-01,-2.502263151109218597e-02,-8.377599716186523438e-01,3.576313555240631104e-01,6.432817578315734863e-01,-1.389640688896179199e+00,-1.319992691278457642e-01,9.242905974388122559e-01,-1.100461483001708984e+00,-1.638946533203125000e-01,7.053555250167846680e-01,-1.224988579750061035e+00
-5.726795792579650879e-01,-4.153358340263366699e-01,3.168016374111175537e-01,-1.970901712775230408e-02,1.839077658951282501e-02,4.368736743927001953e-01,-8.991188406944274902e-01,-4.160334467887878418e-01,-1.098287757486104965e-02,-8.377599716186523438e-01,3.564826548099517822e-01,6.758212447166442871e-01,-1.423776507377624512e+00,-1.236444935202598572e-01,9.417005777359008789e-01,-1.106609463691711426e+00,-1.628978401422500610e-01,7.255247235298156738e-01,-1.230666279792785645e+00
-5.733273029327392578e-01,-4.186773300170898438e-01,3.162668049335479736e-01,-1.858533732593059540e-02,2.213868871331214905e-02,4.357509911060333252e-01,-8.996030092239379883e-01,-4.099231064319610596e-01,3.749511903151869774e-03,-8.377599716186523438e-01,3.569543957710266113e-01,7.109178304672241211e-01,-1.462357044219970703e+00,-1.155414357781410217e-01,9.587145447731018066e-01,-1.110627532005310059e+00,-1.598485857248306274e-01,7.504497170448303223e-01,-1.243583440780639648e+00
-5.741026997566223145e-01,-4.218611419200897217e-01,3.155907094478607178e-01,-1.689871214330196381e-02,2.471570298075675964e-02,4.347709715366363525e-01,-9.000431895256042480e-01,-4.017499983310699463e-01,1.539621688425540924e-02,-8.377599716186523438e-01,3.603946566581726074e-01,7.481439709663391113e-01,-1.512169599533081055e+00,-1.045364886522293091e-01,9.731758832931518555e-01,-1.113876104354858398e+00,-1.527877151966094971e-01,7.724846005439758301e-01,-1.258983969688415527e+00
-5.749663710594177246e-01,-4.249713122844696045e-01,3.150460720062255859e-01,-1.538638584315776825e-02,2.675971575081348419e-02,4.341950416564941406e-01,-9.002898931503295898e-01,-3.929647207260131836e-01,2.548990212380886078e-02,-8.377599716186523438e-01,3.669261634349822998e-01,7.858216166496276855e-01,-1.570486307144165039e+00,-9.288806468248367310e-02,9.849682450294494629e-01,-1.115328907966613770e+00,-1.431941688060760498e-01,7.893321514129638672e-01,-1.272672414779663086e+00
-5.759449601173400879e-01,-4.280318617820739746e-01,3.146015405654907227e-01,-1.516126655042171478e-02,2.874099835753440857e-02,4.338753223419189453e-01,-9.003867506980895996e-01,-3.861606419086456299e-01,3.383921086788177490e-02,-8.377599716186523438e-01,3.730057477951049805e-01,8.228970766067504883e-01,-1.636960744857788086e+00,-8.356432616710662842e-02,9.933675527572631836e-01,-1.113548278808593750e+00,-1.335886865854263306e-01,8.047218322753906250e-01,-1.286246418952941895e+00
-5.769726634025573730e-01,-4.310864806175231934e-01,3.142704367637634277e-01,-1.673712953925132751e-02,3.094704821705818176e-02,4.333911836147308350e-01,-9.005188941955566406e-01,-3.832162916660308838e-01,4.106852039694786072e-02,-8.377599716186523438e-01,3.768111765384674072e-01,8.534146547317504883e-01,-1.704738497734069824e+00,-7.804499566555023193e-02,9.981781244277954102e-01,-1.108381509780883789e+00,-1.266686916351318359e-01,8.196547031402587891e-01,-1.300959467887878418e+00
-5.780382752418518066e-01,-4.340745806694030762e-01,3.140765726566314697e-01,-1.918733678758144379e-02,3.309503570199012756e-02,4.328428804874420166e-01,-9.006572961807250977e-01,-3.820964992046356201e-01,4.727873578667640686e-02,-8.377599716186523438e-01,3.763513565063476562e-01,8.742211461067199707e-01,-1.767179489135742188e+00,-7.482509315013885498e-02,1.000779628753662109e+00,-1.101483464241027832e+00,-1.214321255683898926e-01,8.329144716262817383e-01,-1.314679861068725586e+00
-5.790689587593078613e-01,-4.369733333587646484e-01,3.140918910503387451e-01,-2.174683660268783569e-02,3.513273969292640686e-02,4.323276281356811523e-01,-9.007694125175476074e-01,-3.817000389099121094e-01,5.359203740954399109e-02,-8.377599716186523438e-01,3.728009164333343506e-01,8.839318156242370605e-01,-1.819893240928649902e+00,-7.246734946966171265e-02,1.002432584762573242e+00,-1.093528270721435547e+00,-1.162201836705207825e-01,8.448187112808227539e-01,-1.325270056724548340e+00
-5.799909830093383789e-01,-4.397585093975067139e-01,3.142645061016082764e-01,-2.409696765244007111e-02,3.662675246596336365e-02,4.323319494724273682e-01,-9.006480574607849121e-01,-3.800095021724700928e-01,5.857463926076889038e-02,-8.377599716186523438e-01,3.656949996948242188e-01,8.805276155471801758e-01,-1.857968926429748535e+00,-7.008580118417739868e-02,1.002926826477050781e+00,-1.085086107254028320e+00,-1.106755509972572327e-01,8.540125489234924316e-01,-1.332568764686584473e+00
-5.807781219482421875e-01,-4.424217939376831055e-01,3.146239519119262695e-01,-2.555714920163154602e-02,3.763689473271369934e-02,4.326489865779876709e-01,-9.004138708114624023e-01,-3.758729398250579834e-01,6.380618363618850708e-02,-8.377599716186523438e-01,3.552910089492797852e-01,8.636310100555419922e-01,-1.879080533981323242e+00,-6.650316715240478516e-02,1.003522038459777832e+00,-1.077427506446838379e+00,-1.039442121982574463e-01,8.616043925285339355e-01,-1.336986541748046875e+00
-5.814141631126403809e-01,-4.449732303619384766e-01,3.151065707206726074e-01,-2.619108185172080994e-02,3.821415081620216370e-02,4.333011209964752197e-01,-9.000576734542846680e-01,-3.698728680610656738e-01,6.904852390289306641e-02,-8.377599716186523438e-01,3.421005904674530029e-01,8.368325829505920410e-01,-1.882833957672119141e+00,-6.185279041528701782e-02,1.004516243934631348e+00,-1.069979190826416016e+00,-9.654343873262405396e-02,8.677258491516113281e-01,-1.338364839553833008e+00
-5.819244980812072754e-01,-4.474315643310546875e-01,3.157262802124023438e-01,-2.580045163631439209e-02,3.851576521992683411e-02,4.343051314353942871e-01,-8.995720744132995605e-01,-3.620889782905578613e-01,7.466509193181991577e-02,-8.377599716186523438e-01,3.282267153263092041e-01,8.017151355743408203e-01,-1.872106194496154785e+00,-5.558461695909500122e-02,1.006524920463562012e+00,-1.063984394073486328e+00,-8.751843124628067017e-02,8.732432126998901367e-01,-1.337818264961242676e+00
-5.823236703872680664e-01,-4.498339593410491943e-01,3.164012730121612549e-01,-2.489601448178291321e-02,3.868385404348373413e-02,4.356137812137603760e-01,-8.989573717117309570e-01,-3.528670370578765869e-01,8.078170567750930786e-02,-8.377599716186523438e-01,3.123762011528015137e-01,7.599959969520568848e-01,-1.844704866409301758e+00,-4.871368408203125000e-02,1.009278535842895508e+00,-1.058346271514892578e+00,-7.770714908838272095e-02,8.784467577934265137e-01,-1.336342334747314453e+00
-5.826317667961120605e-01,-4.521312713623046875e-01,3.172843456268310547e-01,-2.303668670356273651e-02,3.773935139179229736e-02,4.369539916515350342e-01,-8.983964920043945312e-01,-3.416576981544494629e-01,8.489098399877548218e-02,-8.377599716186523438e-01,2.985696494579315186e-01,7.075265645980834961e-01,-1.798893809318542480e+00,-3.911891207098960876e-02,1.009230375289916992e+00,-1.051275968551635742e+00,-6.537836790084838867e-02,8.798228502273559570e-01,-1.330124735832214355e+00
-5.828672051429748535e-01,-4.544292390346527100e-01,3.180255889892578125e-01,-2.161924354732036591e-02,3.785777837038040161e-02,4.385591745376586914e-01,-8.976442813873291016e-01,-3.311926424503326416e-01,9.180541336536407471e-02,-8.377599716186523438e-01,2.827164828777313232e-01,6.500690579414367676e-01,-1.738171577453613281e+00,-3.192820399999618530e-02,1.012828230857849121e+00,-1.047128319740295410e+00,-5.490521341562271118e-02,8.849846124649047852e-01,-1.328085899353027344e+00
-5.830913782119750977e-01,-4.567290246486663818e-01,3.187858164310455322e-01,-2.014174312353134155e-02,3.796781226992607117e-02,4.400409758090972900e-01,-8.969485759735107422e-01,-3.205182552337646484e-01,9.911988675594329834e-02,-8.377599716186523438e-01,2.651093304157257080e-01,5.828171372413635254e-01,-1.656312823295593262e+00,-2.479967288672924042e-02,1.016049504280090332e+00,-1.042917728424072266e+00,-4.445429146289825439e-02,8.902305960655212402e-01,-1.325733304023742676e+00
-5.833259224891662598e-01,-4.590201079845428467e-01,3.194921314716339111e-01,-1.903216354548931122e-02,3.799168020486831665e-02,4.416239857673645020e-01,-8.961934447288513184e-01,-3.109733760356903076e-01,1.047107502818107605e-01,-8.377599716186523438e-01,2.478345632553100586e-01,5.077055692672729492e-01,-1.562154412269592285e+00,-1.848066970705986023e-02,1.018168687820434570e+00,-1.037405610084533691e+00,-3.518151119351387024e-02,8.942741751670837402e-01,-1.322610497474670410e+00
-5.835744142532348633e-01,-4.612782597541809082e-01,3.202033042907714844e-01,-1.831673830747604370e-02,3.846915811300277710e-02,4.430915713310241699e-01,-8.954632878303527832e-01,-3.021031916141510010e-01,1.120358482003211975e-01,-8.377599716186523438e-01,2.277386188507080078e-01,4.217256009578704834e-01,-1.447777509689331055e+00,-1.340997032821178436e-02,1.020676851272583008e+00,-1.032639145851135254e+00,-2.772621996700763702e-02,8.992515802383422852e-01,-1.320098042488098145e+00
-5.838414430618286133e-01,-4.635575115680694580e-01,3.208571076393127441e-01,-1.765931211411952972e-02,3.883229941129684448e-02,4.443852901458740234e-01,-8.948194980621337891e-01,-2.936354577541351318e-01,1.185114830732345581e-01,-8.377599716186523438e-01,2.068607211112976074e-01,3.242513537406921387e-01,-1.316089153289794922e+00,-8.406633511185646057e-03,1.022569179534912109e+00,-1.027133822441101074e+00,-2.031775377690792084e-02,9.038424491882324219e-01,-1.317089319229125977e+00
-5.841276049613952637e-01,-4.658217132091522217e-01,3.214756846427917480e-01,-1.752103120088577271e-02,3.932927548885345459e-02,4.455523192882537842e-01,-8.942199945449829102e-01,-2.866261601448059082e-01,1.245905458927154541e-01,-8.377599716186523438e-01,1.839379519224166870e-01,2.170309722423553467e-01,-1.168771386146545410e+00,-4.729945678263902664e-03,1.023815155029296875e+00,-1.021234273910522461e+00,-1.436551287770271301e-02,9.083248376846313477e-01,-1.314343094825744629e+00
-5.843936800956726074e-01,-4.680672883987426758e-01,3.220771253108978271e-01,-1.750982366502285004e-02,3.991361334919929504e-02,4.464481472969055176e-01,-8.937473893165588379e-01,-2.805543243885040283e-01,1.308210790157318115e-01,-8.377599716186523438e-01,1.605056226253509521e-01,1.017521768808364868e-01,-1.008022189140319824e+00,-1.630302635021507740e-03,1.024797797203063965e+00,-1.015218734741210938e+00,-8.278827182948589325e-03,9.129411578178405762e-01,-1.311310052871704102e+00
-5.846572518348693848e-01,-4.702668786048889160e-01,3.226924836635589600e-01,-1.767189987003803253e-02,4.064979031682014465e-02,4.475121498107910156e-01,-8.931787014007568359e-01,-2.747570574283599854e-01,1.373925358057022095e-01,-8.377599716186523438e-01,1.391752213239669800e-01,-1.472643483430147171e-02,-8.423458933830261230e-01,7.062978693284094334e-04,1.025642871856689453e+00,-1.008450031280517578e+00,-2.866697497665882111e-03,9.175938963890075684e-01,-1.308824777603149414e+00
-5.844051837921142578e-01,-4.738304018974304199e-01,3.216223716735839844e-01,-3.690258413553237915e-02,4.195623099803924561e-02,4.462763965129852295e-01,-8.931490778923034668e-01,-3.057536184787750244e-01,1.280386149883270264e-01,-8.377599716186523438e-01,9.218590706586837769e-02,-6.596493721008300781e-02,-8.377714753150939941e-01,-2.722431905567646027e-02,9.917367100715637207e-01,-9.699000716209411621e-01,-2.793591469526290894e-02,9.122196435928344727e-01,-1.307775855064392090e+00
-5.842568874359130859e-01,-4.772946238517761230e-01,3.212359249591827393e-01,-5.129540339112281799e-02,4.283744096755981445e-02,4.469463527202606201e-01,-8.920609354972839355e-01,-3.245845139026641846e-01,1.242485418915748596e-01,-8.395373821258544922e-01,5.948820337653160095e-02,-1.015792042016983032e-01,-8.377600312232971191e-01,-5.007358640432357788e-02,9.642871022224426270e-01,-9.318947792053222656e-01,-4.708515852689743042e-02,9.057502746582031250e-01,-1.301731109619140625e+00
-5.842131972312927246e-01,-4.801324009895324707e-01,3.207825124263763428e-01,-5.802549049258232117e-02,3.932902216911315918e-02,4.489571750164031982e-01,-8.907995223999023438e-01,-3.271678090095520020e-01,1.355331391096115112e-01,-8.779754042625427246e-01,4.621637240052223206e-02,-1.280762851238250732e-01,-8.377599716186523438e-01,-5.901090800762176514e-02,9.410803318023681641e-01,-9.028154611587524414e-01,-5.113126710057258606e-02,8.912551999092102051e-01,-1.288652062416076660e+00
-5.842883586883544922e-01,-4.826483428478240967e-01,3.206705451011657715e-01,-6.159630790352821350e-02,3.614705801010131836e-02,4.510239362716674805e-01,-8.896497488021850586e-01,-3.240535259246826172e-01,1.459712535142898560e-01,-9.078738689422607422e-01,3.707586601376533508e-02,-1.414802521467208862e-01,-8.377599716186523438e-01,-6.324984878301620483e-02,9.248110651969909668e-01,-8.807643055915832520e-01,-5.024598538875579834e-02,8.793895244598388672e-01,-1.275497555732727051e+00
-5.844348669052124023e-01,-4.850000739097595215e-01,3.206680715084075928e-01,-6.397981941699981689e-02,3.352155536413192749e-02,4.531683623790740967e-01,-8.884938359260559082e-01,-3.188315331935882568e-01,1.552252173423767090e-01,-9.314956068992614746e-01,2.903789840638637543e-02,-1.470101773738861084e-01,-8.377599716186523438e-01,-6.658218801021575928e-02,9.134482741355895996e-01,-8.652771115303039551e-01,-4.798480123281478882e-02,8.698744773864746094e-01,-1.264099478721618652e+00
-5.845938324928283691e-01,-4.873139560222625732e-01,3.206181824207305908e-01,-6.608244031667709351e-02,3.113736771047115326e-02,4.552450180053710938e-01,-8.873643875122070312e-01,-3.133020997047424316e-01,1.643618196249008179e-01,-9.532383680343627930e-01,2.186164446175098419e-02,-1.494598388671875000e-01,-8.377599716186523438e-01,-7.014807313680648804e-02,9.051016569137573242e-01,-8.550543189048767090e-01,-4.548876732587814331e-02,8.618816137313842773e-01,-1.253797531127929688e+00
-5.847599506378173828e-01,-4.895869493484497070e-01,3.205592930316925049e-01,-6.804418563842773438e-02,2.890317328274250031e-02,4.574309289455413818e-01,-8.861667513847351074e-01,-3.074142634868621826e-01,1.728746891021728516e-01,-9.730958342552185059e-01,1.553172711282968521e-02,-1.498319059610366821e-01,-8.377599716186523438e-01,-7.450959086418151855e-02,8.992712497711181641e-01,-8.511865735054016113e-01,-4.285961017012596130e-02,8.542588949203491211e-01,-1.243625879287719727e+00
-5.849263668060302734e-01,-4.918663799762725830e-01,3.205111026763916016e-01,-6.989077478647232056e-02,2.670610137283802032e-02,4.596530199050903320e-01,-8.849413394927978516e-01,-3.011106550693511963e-01,1.811767071485519409e-01,-9.918132424354553223e-01,9.225998073816299438e-03,-1.492131650447845459e-01,-8.377599716186523438e-01,-7.950703799724578857e-02,8.955963850021362305e-01,-8.534394502639770508e-01,-4.020043089985847473e-02,8.469204306602478027e-01,-1.233973860740661621e+00
-5.850733518600463867e-01,-4.941174089908599854e-01,3.204678595066070557e-01,-7.168425619602203369e-02,2.485823817551136017e-02,4.620056152343750000e-01,-8.836256265640258789e-01,-2.947106063365936279e-01,1.888091266155242920e-01,-1.007763266563415527e+00,3.081388538703322411e-03,-1.473620533943176270e-01,-8.377599716186523438e-01,-8.585980534553527832e-02,8.943294882774353027e-01,-8.606596589088439941e-01,-3.793999552726745605e-02,8.404550552368164062e-01,-1.224384307861328125e+00
-5.851898193359375000e-01,-4.963493645191192627e-01,3.204091191291809082e-01,-7.355275005102157593e-02,2.304947376251220703e-02,4.643900990486145020e-01,-8.822700977325439453e-01,-2.883663475513458252e-01,1.962343901395797729e-01,-1.022921085357666016e+00,-2.148154890164732933e-04,-1.472835987806320190e-01,-8.377599716186523438e-01,-9.299996495246887207e-02,8.937351703643798828e-01,-8.718634247779846191e-01,-3.558246791362762451e-02,8.342304825782775879e-01,-1.215174436569213867e+00
-5.852226614952087402e-01,-4.985013008117675781e-01,3.204136788845062256e-01,-7.559784501791000366e-02,2.173796296119689941e-02,4.665040075778961182e-01,-8.810144066810607910e-01,-2.831796407699584961e-01,2.022548615932464600e-01,-1.034050941467285156e+00,-8.467997540719807148e-04,-1.474999487400054932e-01,-8.377599716186523438e-01,-1.017387211322784424e-01,8.939741849899291992e-01,-8.855832219123840332e-01,-3.385663032531738281e-02,8.293111324310302734e-01,-1.206785917282104492e+00
-5.851726531982421875e-01,-5.005501508712768555e-01,3.205480575561523438e-01,-7.759382575750350952e-02,2.103001624345779419e-02,4.683302044868469238e-01,-8.798884749412536621e-01,-2.792403697967529297e-01,2.075106203556060791e-01,-1.041147470474243164e+00,2.711154287680983543e-03,-1.488765478134155273e-01,-8.377599716186523438e-01,-1.113511845469474792e-01,8.950974941253662109e-01,-9.020050764083862305e-01,-3.231183439493179321e-02,8.261158466339111328e-01,-1.199203729629516602e+00
-5.850896239280700684e-01,-5.024817585945129395e-01,3.208292424678802490e-01,-7.961158454418182373e-02,2.082990109920501709e-02,4.700073301792144775e-01,-8.788180947303771973e-01,-2.762858271598815918e-01,2.115286588668823242e-01,-1.044282555580139160e+00,7.910939864814281464e-03,-1.496348381042480469e-01,-8.377599716186523438e-01,-1.220254525542259216e-01,8.971462249755859375e-01,-9.236691594123840332e-01,-3.114198707044124603e-02,8.238044381141662598e-01,-1.191041231155395508e+00
-5.849561095237731934e-01,-5.042852759361267090e-01,3.211918175220489502e-01,-8.148986846208572388e-02,2.108316868543624878e-02,4.716823399066925049e-01,-8.777418136596679688e-01,-2.736649513244628906e-01,2.151872813701629639e-01,-1.044672846794128418e+00,1.442304253578186035e-02,-1.486520320177078247e-01,-8.377599716186523438e-01,-1.341317594051361084e-01,9.001560807228088379e-01,-9.485960602760314941e-01,-3.049997426569461823e-02,8.225784301757812500e-01,-1.183767199516296387e+00
-5.847889184951782227e-01,-5.060237050056457520e-01,3.215499222278594971e-01,-8.325728029012680054e-02,2.149311825633049011e-02,4.733654856681823730e-01,-8.766592144966125488e-01,-2.710830271244049072e-01,2.189494669437408447e-01,-1.044640541076660156e+00,2.123821713030338287e-02,-1.471709758043289185e-01,-8.377599716186523438e-01,-1.476472616195678711e-01,9.033702015876770020e-01,-9.761664271354675293e-01,-2.990883775055408478e-02,8.219631910324096680e-01,-1.176987648010253906e+00
-5.845732092857360840e-01,-5.076972842216491699e-01,3.218868970870971680e-01,-8.496733009815216064e-02,2.213746868073940277e-02,4.752033352851867676e-01,-8.754840493202209473e-01,-2.686974108219146729e-01,2.233683168888092041e-01,-1.044951200485229492e+00,2.818592824041843414e-02,-1.458509713411331177e-01,-8.377599716186523438e-01,-1.621201336383819580e-01,9.064187407493591309e-01,-1.005274772644042969e+00,-2.978288941085338593e-02,8.221058845520019531e-01,-1.170863747596740723e+00
-5.843340754508972168e-01,-5.092947483062744141e-01,3.222300708293914795e-01,-8.640655130147933960e-02,2.281156554818153381e-02,4.773398041725158691e-01,-8.741626143455505371e-01,-2.658667266368865967e-01,2.281641811132431030e-01,-1.045655965805053711e+00,3.615422919392585754e-02,-1.445962339639663696e-01,-8.377599716186523438e-01,-1.772594302892684937e-01,9.086590409278869629e-01,-1.035270452499389648e+00,-2.946623414754867554e-02,8.224024772644042969e-01,-1.165551304817199707e+00
-5.840892791748046875e-01,-5.108020305633544922e-01,3.225725293159484863e-01,-8.758480101823806763e-02,2.360983565449714661e-02,4.794985949993133545e-01,-8.728416562080383301e-01,-2.627958953380584717e-01,2.336703240871429443e-01,-1.046626687049865723e+00,4.445371031761169434e-02,-1.426459550857543945e-01,-8.377599716186523438e-01,-1.927663385868072510e-01,9.099602103233337402e-01,-1.064546942710876465e+00,-2.907481975853443146e-02,8.232756257057189941e-01,-1.160236239433288574e+00
-5.838145613670349121e-01,-5.122508406639099121e-01,3.229194879531860352e-01,-8.873028308153152466e-02,2.444739080965518951e-02,4.816062450408935547e-01,-8.715415596961975098e-01,-2.602323889732360840e-01,2.395833283662796021e-01,-1.048308014869689941e+00,5.218612030148506165e-02,-1.403631120920181274e-01,-8.377599716186523438e-01,-2.087805271148681641e-01,9.095066189765930176e-01,-1.093864202499389648e+00,-2.898165397346019745e-02,8.241453170776367188e-01,-1.155149579048156738e+00
-5.835505723953247070e-01,-5.136343240737915039e-01,3.232385218143463135e-01,-8.970948308706283569e-02,2.531791850924491882e-02,4.837224185466766357e-01,-8.702435493469238281e-01,-2.574886679649353027e-01,2.457969486713409424e-01,-1.050122380256652832e+00,5.927583575248718262e-02,-1.378083378076553345e-01,-8.377599716186523438e-01,-2.250923514366149902e-01,9.072186946868896484e-01,-1.121987462043762207e+00,-2.886166237294673920e-02,8.252401351928710938e-01,-1.150313973426818848e+00
-5.832960605621337891e-01,-5.149773955345153809e-01,3.235598206520080566e-01,-9.073431044816970825e-02,2.632462419569492340e-02,4.858239591121673584e-01,-8.689357638359069824e-01,-2.550164461135864258e-01,2.521713674068450928e-01,-1.051615357398986816e+00,6.483660638332366943e-02,-1.349325776100158691e-01,-8.377599716186523438e-01,-2.418793737888336182e-01,9.028059840202331543e-01,-1.147289037704467773e+00,-2.903153747320175171e-02,8.266451358795166016e-01,-1.146380066871643066e+00
-5.830532312393188477e-01,-5.162553191184997559e-01,3.239030838012695312e-01,-9.137421101331710815e-02,2.740985341370105743e-02,4.878137409687042236e-01,-8.677195310592651367e-01,-2.524631023406982422e-01,2.588527202606201172e-01,-1.052801728248596191e+00,6.944362074136734009e-02,-1.310306638479232788e-01,-8.377599716186523438e-01,-2.583780288696289062e-01,8.965303897857666016e-01,-1.169049859046936035e+00,-2.913677133619785309e-02,8.287936449050903320e-01,-1.142410159111022949e+00
-5.828363895416259766e-01,-5.174876451492309570e-01,3.242576420307159424e-01,-9.195290505886077881e-02,2.855052985250949860e-02,4.898892045021057129e-01,-8.664514422416687012e-01,-2.497005015611648560e-01,2.650852501392364502e-01,-1.053338766098022461e+00,7.296935468912124634e-02,-1.268965750932693481e-01,-8.377599716186523438e-01,-2.751104831695556641e-01,8.880345225334167480e-01,-1.188542127609252930e+00,-2.921844460070133209e-02,8.310301303863525391e-01,-1.138779163360595703e+00
-5.826200246810913086e-01,-5.187065601348876953e-01,3.246051371097564697e-01,-9.232270717620849609e-02,2.964849583804607391e-02,4.919954240322113037e-01,-8.651809096336364746e-01,-2.465248554944992065e-01,2.719421982765197754e-01,-1.054260730743408203e+00,7.607731968164443970e-02,-1.224587932229042053e-01,-8.377599716186523438e-01,-2.912558913230895996e-01,8.776302337646484375e-01,-1.205040335655212402e+00,-2.901926264166831970e-02,8.333864212036132812e-01,-1.135456323623657227e+00
-5.823833346366882324e-01,-5.198859572410583496e-01,3.249351084232330322e-01,-9.257829934358596802e-02,3.064861521124839783e-02,4.939587414264678955e-01,-8.639992475509643555e-01,-2.433192431926727295e-01,2.785494625568389893e-01,-1.055391669273376465e+00,7.887260615825653076e-02,-1.179563328623771667e-01,-8.377599716186523438e-01,-3.069159388542175293e-01,8.647829890251159668e-01,-1.217815756797790527e+00,-2.861626818776130676e-02,8.358257412910461426e-01,-1.133010387420654297e+00
-5.821537375450134277e-01,-5.210638642311096191e-01,3.252288401126861572e-01,-9.261374920606613159e-02,3.147587180137634277e-02,4.958580434322357178e-01,-8.628770112991333008e-01,-2.397214323282241821e-01,2.857535779476165771e-01,-1.057588696479797363e+00,8.210466802120208740e-02,-1.137248501181602478e-01,-8.377599716186523438e-01,-3.213144838809967041e-01,8.497723340988159180e-01,-1.227278709411621094e+00,-2.773012407124042511e-02,8.381637930870056152e-01,-1.129467964172363281e+00
-5.818877220153808594e-01,-5.222034454345703125e-01,3.255020678043365479e-01,-9.229355305433273315e-02,3.212820738554000854e-02,4.978189170360565186e-01,-8.617575168609619141e-01,-2.353911101818084717e-01,2.925910055637359619e-01,-1.059497594833374023e+00,8.654928207397460938e-02,-1.093338876962661743e-01,-8.377599716186523438e-01,-3.344912827014923096e-01,8.333815336227416992e-01,-1.233136057853698730e+00,-2.618738077580928802e-02,8.403131365776062012e-01,-1.126296997070312500e+00
-5.816248059272766113e-01,-5.233476161956787109e-01,3.257339298725128174e-01,-9.152127057313919067e-02,3.246790170669555664e-02,4.995510578155517578e-01,-8.608242869377136230e-01,-2.302657961845397949e-01,2.998376488685607910e-01,-1.062226295471191406e+00,9.179637581110000610e-02,-1.051410213112831116e-01,-8.377599716186523438e-01,-3.461344838142395020e-01,8.163982629776000977e-01,-1.236898064613342285e+00,-2.305971458554267883e-02,8.424431085586547852e-01,-1.123121142387390137e+00
-5.813398957252502441e-01,-5.244938135147094727e-01,3.259070217609405518e-01,-8.997231721878051758e-02,3.258719295263290405e-02,5.014308691024780273e-01,-8.598896265029907227e-01,-2.236148267984390259e-01,3.074516654014587402e-01,-1.064914345741271973e+00,9.915455430746078491e-02,-1.000594720244407654e-01,-8.377599716186523438e-01,-3.555004298686981201e-01,8.001584410667419434e-01,-1.238409042358398438e+00,-1.887279376387596130e-02,8.452445268630981445e-01,-1.120469212532043457e+00
-5.810678005218505859e-01,-5.256756544113159180e-01,3.260042071342468262e-01,-8.774697035551071167e-02,3.220461681485176086e-02,5.032865405082702637e-01,-8.590494990348815918e-01,-2.156822085380554199e-01,3.155532777309417725e-01,-1.069127798080444336e+00,1.082523241639137268e-01,-9.533008188009262085e-02,-8.377599716186523438e-01,-3.616273403167724609e-01,7.867181301116943359e-01,-1.239377260208129883e+00,-1.255201920866966248e-02,8.479887247085571289e-01,-1.118167757987976074e+00
-5.808488130569458008e-01,-5.269522666931152344e-01,3.260346055030822754e-01,-8.481919020414352417e-02,3.147344291210174561e-02,5.052204132080078125e-01,-8.582350611686706543e-01,-2.060146331787109375e-01,3.243128061294555664e-01,-1.074202537536621094e+00,1.192938014864921570e-01,-9.025312215089797974e-02,-8.377599716186523438e-01,-3.639604449272155762e-01,7.806518077850341797e-01,-1.242493391036987305e+00,-4.255913663655519485e-03,8.509888648986816406e-01,-1.115597128868103027e+00
-5.806593298912048340e-01,-5.282625555992126465e-01,3.260216116905212402e-01,-8.141092211008071899e-02,3.054782561957836151e-02,5.071544051170349121e-01,-8.574575781822204590e-01,-1.956628412008285522e-01,3.335356116294860840e-01,-1.079853653907775879e+00,1.315312087535858154e-01,-8.473827689886093140e-02,-8.377599716186523438e-01,-3.643972873687744141e-01,7.852059602737426758e-01,-1.249503016471862793e+00,5.370306782424449921e-03,8.543099164962768555e-01,-1.112490773200988770e+00
-5.804777741432189941e-01,-5.295546650886535645e-01,3.259662687778472900e-01,-7.786262780427932739e-02,2.963732369244098663e-02,5.089454650878906250e-01,-8.567575812339782715e-01,-1.854543089866638184e-01,3.431692421436309814e-01,-1.086049914360046387e+00,1.435867100954055786e-01,-7.896984368562698364e-02,-8.377599716186523438e-01,-3.641575276851654053e-01,7.975547313690185547e-01,-1.259038805961608887e+00,1.514713745564222336e-02,8.579837679862976074e-01,-1.109482884407043457e+00
-5.803694725036621094e-01,-5.307471156120300293e-01,3.258357644081115723e-01,-7.471984624862670898e-02,2.917027100920677185e-02,5.099995732307434082e-01,-8.564265966415405273e-01,-1.775704175233840942e-01,3.520998954772949219e-01,-1.091817617416381836e+00,1.527353078126907349e-01,-7.293342053890228271e-02,-8.377599716186523438e-01,-3.634798824787139893e-01,8.100091218948364258e-01,-1.262564182281494141e+00,2.359933033585548401e-02,8.630719780921936035e-01,-1.108709096908569336e+00
-5.802963376045227051e-01,-5.318396091461181641e-01,3.256767988204956055e-01,-7.229184359312057495e-02,2.924430370330810547e-02,5.101597905158996582e-01,-8.565369844436645508e-01,-1.731825172901153564e-01,3.603885769844055176e-01,-1.097532153129577637e+00,1.582713872194290161e-01,-6.672970950603485107e-02,-8.377599716186523438e-01,-3.624158501625061035e-01,8.183326125144958496e-01,-1.256859540939331055e+00,2.960785292088985443e-02,8.694518208503723145e-01,-1.109328627586364746e+00
-5.802305936813354492e-01,-5.328504443168640137e-01,3.255062997341156006e-01,-7.055433094501495361e-02,2.952821739017963409e-02,5.097530484199523926e-01,-8.569142222404479980e-01,-1.710645407438278198e-01,3.678998053073883057e-01,-1.103406906127929688e+00,1.607681214809417725e-01,-6.134557723999023438e-02,-8.377599716186523438e-01,-3.603564500808715820e-01,8.215307593345642090e-01,-1.244812369346618652e+00,3.371522203087806702e-02,8.756051659584045410e-01,-1.109920740127563477e+00
-5.801767110824584961e-01,-5.338213443756103516e-01,3.253574669361114502e-01,-6.898793578147888184e-02,2.965563908219337463e-02,5.091937780380249023e-01,-8.573697805404663086e-01,-1.690469682216644287e-01,3.750872015953063965e-01,-1.109344005584716797e+00,1.628937572240829468e-01,-5.652869120240211487e-02,-8.377599716186523438e-01,-3.563962876796722412e-01,8.214705586433410645e-01,-1.229937314987182617e+00,3.763117641210556030e-02,8.808472156524658203e-01,-1.109657168388366699e+00
-5.801107287406921387e-01,-5.347353219985961914e-01,3.252266943454742432e-01,-6.689291447401046753e-02,2.928610332310199738e-02,5.086215734481811523e-01,-8.578879833221435547e-01,-1.658557057380676270e-01,3.818292915821075439e-01,-1.115487098693847656e+00,1.663071215152740479e-01,-5.197787657380104065e-02,-8.377599716186523438e-01,-3.499564826488494873e-01,8.206010460853576660e-01,-1.214871644973754883e+00,4.287016019225120544e-02,8.850806951522827148e-01,-1.108174085617065430e+00
-5.800061821937561035e-01,-5.356390476226806641e-01,3.250959217548370361e-01,-6.434041261672973633e-02,2.833662740886211395e-02,5.080426335334777832e-01,-8.584579229354858398e-01,-1.616121679544448853e-01,3.884923458099365234e-01,-1.122577071189880371e+00,1.709086447954177856e-01,-4.814455285668373108e-02,-8.377599716186523438e-01,-3.415355682373046875e-01,8.199632763862609863e-01,-1.201505064964294434e+00,4.946875199675559998e-02,8.878699541091918945e-01,-1.106113433837890625e+00
-5.799217224121093750e-01,-5.365059971809387207e-01,3.250189721584320068e-01,-6.164039671421051025e-02,2.698879875242710114e-02,5.073761940002441406e-01,-8.590934276580810547e-01,-1.569292843341827393e-01,3.950407207012176514e-01,-1.130569815635681152e+00,1.757990717887878418e-01,-4.500057920813560486e-02,-8.377599716186523438e-01,-3.321495354175567627e-01,8.197712302207946777e-01,-1.192279219627380371e+00,5.691649019718170166e-02,8.893419504165649414e-01,-1.102248668670654297e+00
-5.798894762992858887e-01,-5.373807549476623535e-01,3.250072598457336426e-01,-5.920898169279098511e-02,2.560229785740375519e-02,5.063211917877197266e-01,-8.599288463592529297e-01,-1.531716287136077881e-01,4.008493721485137939e-01,-1.138167142868041992e+00,1.798005551099777222e-01,-4.229646176099777222e-02,-8.377599716186523438e-01,-3.228029608726501465e-01,8.199746608734130859e-01,-1.186002254486083984e+00,6.386406719684600830e-02,8.899359107017517090e-01,-1.097893953323364258e+00
-5.799095630645751953e-01,-5.382685661315917969e-01,3.250792920589447021e-01,-5.737232044339179993e-02,2.452683262526988983e-02,5.051789283752441406e-01,-8.607560992240905762e-01,-1.507403403520584106e-01,4.055476188659667969e-01,-1.143941760063171387e+00,1.825273483991622925e-01,-3.961635753512382507e-02,-8.377599716186523438e-01,-3.149790465831756592e-01,8.191191554069519043e-01,-1.178811907768249512e+00,6.965174525976181030e-02,8.902523517608642578e-01,-1.093281984329223633e+00
-5.799522995948791504e-01,-5.391613841056823730e-01,3.252255618572235107e-01,-5.614747107028961182e-02,2.380733378231525421e-02,5.040998458862304688e-01,-8.614894151687622070e-01,-1.493657529354095459e-01,4.090328812599182129e-01,-1.147517442703247070e+00,1.840728819370269775e-01,-3.694495558738708496e-02,-8.377599716186523438e-01,-3.093714714050292969e-01,8.190041780471801758e-01,-1.174357295036315918e+00,7.359816879034042358e-02,8.904461860656738281e-01,-1.087549686431884766e+00
-5.800158977508544922e-01,-5.400869250297546387e-01,3.254153728485107422e-01,-5.555905774235725403e-02,2.354376763105392456e-02,5.028548240661621094e-01,-8.622620701789855957e-01,-1.494542807340621948e-01,4.124852716922760010e-01,-1.149803042411804199e+00,1.837254017591476440e-01,-3.407717123627662659e-02,-8.377599716186523438e-01,-3.063821792602539062e-01,8.185963034629821777e-01,-1.169172406196594238e+00,7.643803954124450684e-02,8.908491730690002441e-01,-1.082468032836914062e+00
-5.801313519477844238e-01,-5.410155653953552246e-01,3.256460726261138916e-01,-5.570041015744209290e-02,2.356017753481864929e-02,5.016514062881469727e-01,-8.629531860351562500e-01,-1.511815041303634644e-01,4.148209393024444580e-01,-1.151123404502868652e+00,1.820381283760070801e-01,-3.168084099888801575e-02,-8.377599716186523438e-01,-3.055724203586578369e-01,8.179902434349060059e-01,-1.165100932121276855e+00,7.738474756479263306e-02,8.909314870834350586e-01,-1.077736854553222656e+00
-5.802898406982421875e-01,-5.419471263885498047e-01,3.259277045726776123e-01,-5.644602701067924500e-02,2.396555431187152863e-02,5.003024935722351074e-01,-8.636764287948608398e-01,-1.544002741575241089e-01,4.167504608631134033e-01,-1.151594996452331543e+00,1.787548065185546875e-01,-2.924295514822006226e-02,-8.377599716186523438e-01,-3.065653145313262939e-01,8.172771334648132324e-01,-1.161086320877075195e+00,7.699497044086456299e-02,8.912075161933898926e-01,-1.072883129119873047e+00
-5.804759263992309570e-01,-5.428860187530517578e-01,3.262662291526794434e-01,-5.790078267455101013e-02,2.475623041391372681e-02,4.987234473228454590e-01,-8.644706606864929199e-01,-1.594741344451904297e-01,4.180260598659515381e-01,-1.151231169700622559e+00,1.733255833387374878e-01,-2.694752626121044159e-02,-8.377599716186523438e-01,-3.090156018733978271e-01,8.158929347991943359e-01,-1.156147956848144531e+00,7.511156797409057617e-02,8.916661739349365234e-01,-1.068638205528259277e+00
-5.806812644004821777e-01,-5.438022613525390625e-01,3.266541659832000732e-01,-5.970571190118789673e-02,2.573223784565925598e-02,4.972981214523315430e-01,-8.651402592658996582e-01,-1.651371568441390991e-01,4.189584255218505859e-01,-1.150226712226867676e+00,1.673840582370758057e-01,-2.462980151176452637e-02,-8.377599716186523438e-01,-3.119582235813140869e-01,8.140934705734252930e-01,-1.150286316871643066e+00,7.242717593908309937e-02,8.919445276260375977e-01,-1.064448714256286621e+00
-5.808850526809692383e-01,-5.447070002555847168e-01,3.270510435104370117e-01,-6.161021813750267029e-02,2.671200968325138092e-02,4.956393241882324219e-01,-8.659285902976989746e-01,-1.715935468673706055e-01,4.202013909816741943e-01,-1.149976015090942383e+00,1.606698930263519287e-01,-2.242372371256351471e-02,-8.377599716186523438e-01,-3.147268593311309814e-01,8.119704127311706543e-01,-1.143530368804931641e+00,6.979662179946899414e-02,8.922832608222961426e-01,-1.060619473457336426e+00
-5.810713768005371094e-01,-5.456086993217468262e-01,3.274222314357757568e-01,-6.334755569696426392e-02,2.759203687310218811e-02,4.940584003925323486e-01,-8.666787743568420410e-01,-1.776159256696701050e-01,4.212568998336791992e-01,-1.149901390075683594e+00,1.545044779777526855e-01,-2.026369795203208923e-02,-8.377599716186523438e-01,-3.168187737464904785e-01,8.101449012756347656e-01,-1.136783838272094727e+00,6.772931665182113647e-02,8.927971720695495605e-01,-1.056961417198181152e+00
-5.812034010887145996e-01,-5.464857816696166992e-01,3.277635574340820312e-01,-6.477926671504974365e-02,2.827240526676177979e-02,4.927193522453308105e-01,-8.673130869865417480e-01,-1.830276399850845337e-01,4.226693809032440186e-01,-1.150886774063110352e+00,1.495538949966430664e-01,-1.822355017066001892e-02,-8.377599716186523438e-01,-3.181583583354949951e-01,8.084675073623657227e-01,-1.129975318908691406e+00,6.640807539224624634e-02,8.932399153709411621e-01,-1.053777337074279785e+00
-5.813209414482116699e-01,-5.473635196685791016e-01,3.280461430549621582e-01,-6.587405502796173096e-02,2.876743674278259277e-02,4.915855526924133301e-01,-8.678575158119201660e-01,-1.876540631055831909e-01,4.244392514228820801e-01,-1.152777671813964844e+00,1.458153575658798218e-01,-1.630120165646076202e-02,-8.377599716186523438e-01,-3.185527324676513672e-01,8.067952990531921387e-01,-1.122572779655456543e+00,6.610155850648880005e-02,8.938605189323425293e-01,-1.050889492034912109e+00
-5.813960433006286621e-01,-5.482466220855712891e-01,3.282979428768157959e-01,-6.664044409990310669e-02,2.921500988304615021e-02,4.905865788459777832e-01,-8.683491945266723633e-01,-1.912935078144073486e-01,4.263018369674682617e-01,-1.154020190238952637e+00,1.429006308317184448e-01,-1.396797038614749908e-02,-8.377599716186523438e-01,-3.185888826847076416e-01,8.059027791023254395e-01,-1.115792036056518555e+00,6.628004461526870728e-02,8.951935172080993652e-01,-1.048565506935119629e+00
-5.814525485038757324e-01,-5.491304993629455566e-01,3.284901082515716553e-01,-6.715930253267288208e-02,2.963242493569850922e-02,4.898030459880828857e-01,-8.687373399734497070e-01,-1.937261223793029785e-01,4.288100302219390869e-01,-1.154824614524841309e+00,1.409406214952468872e-01,-1.157556381076574326e-02,-8.377599716186523438e-01,-3.184288740158081055e-01,8.056550025939941406e-01,-1.110188961029052734e+00,6.709802895784378052e-02,8.972111344337463379e-01,-1.046919584274291992e+00
-5.814791321754455566e-01,-5.500248074531555176e-01,3.286446034908294678e-01,-6.743771582841873169e-02,3.023166581988334656e-02,4.890218675136566162e-01,-8.691350817680358887e-01,-1.955988854169845581e-01,4.308060407638549805e-01,-1.153338313102722168e+00,1.391155570745468140e-01,-8.219120092689990997e-03,-8.377599716186523438e-01,-3.184044659137725830e-01,8.067649006843566895e-01,-1.106116533279418945e+00,6.823745369911193848e-02,9.007144570350646973e-01,-1.046379446983337402e+00
-5.814936161041259766e-01,-5.509269833564758301e-01,3.287162780761718750e-01,-6.754744052886962891e-02,3.088725358247756958e-02,4.884517788887023926e-01,-8.694240450859069824e-01,-1.967986524105072021e-01,4.328703880310058594e-01,-1.151362299919128418e+00,1.379182189702987671e-01,-4.850520752370357513e-03,-8.377599716186523438e-01,-3.182217180728912354e-01,8.085559010505676270e-01,-1.103258013725280762e+00,6.966639310121536255e-02,9.051832556724548340e-01,-1.047521591186523438e+00
-5.815211534500122070e-01,-5.518454909324645996e-01,3.287199437618255615e-01,-6.749743968248367310e-02,3.164641186594963074e-02,4.876709580421447754e-01,-8.698388338088989258e-01,-1.978585571050643921e-01,4.357054829597473145e-01,-1.150219202041625977e+00,1.365696638822555542e-01,-1.204174477607011795e-03,-8.377599716186523438e-01,-3.178592920303344727e-01,8.113612532615661621e-01,-1.101494312286376953e+00,7.173097133636474609e-02,9.112247824668884277e-01,-1.050078988075256348e+00
-5.815542936325073242e-01,-5.527797937393188477e-01,3.286681175231933594e-01,-6.741996854543685913e-02,3.248929977416992188e-02,4.868283867835998535e-01,-8.702856302261352539e-01,-1.987997442483901978e-01,4.383681416511535645e-01,-1.149260282516479492e+00,1.350781321525573730e-01,2.559347776696085930e-03,-8.377599716186523438e-01,-3.173904418945312500e-01,8.145001530647277832e-01,-1.100313782691955566e+00,7.395296543836593628e-02,9.184850454330444336e-01,-1.054854750633239746e+00
-5.816209316253662109e-01,-5.537080764770507812e-01,3.285610079765319824e-01,-6.739351898431777954e-02,3.359059244394302368e-02,4.857386648654937744e-01,-8.708546161651611328e-01,-2.002567350864410400e-01,4.422403573989868164e-01,-1.149920463562011719e+00,1.326472014188766479e-01,6.863805931061506271e-03,-8.377599716186523438e-01,-3.170975446701049805e-01,8.186524510383605957e-01,-1.100322365760803223e+00,7.632368803024291992e-02,9.275439381599426270e-01,-1.060987353324890137e+00
-5.816994309425354004e-01,-5.546593070030212402e-01,3.283976912498474121e-01,-6.733279675245285034e-02,3.477336466312408447e-02,4.843606948852539062e-01,-8.715800642967224121e-01,-2.018726468086242676e-01,4.465698897838592529e-01,-1.151859760284423828e+00,1.297364681959152222e-01,1.148992776870727539e-02,-8.377599716186523438e-01,-3.167499601840972900e-01,8.235090374946594238e-01,-1.101353526115417480e+00,7.893769443035125732e-02,9.380926489830017090e-01,-1.070188879966735840e+00
-5.818257927894592285e-01,-5.556236505508422852e-01,3.281877040863037109e-01,-6.739701330661773682e-02,3.620890527963638306e-02,4.825076162815093994e-01,-8.725439310073852539e-01,-2.048322111368179321e-01,4.508205056190490723e-01,-1.154876589775085449e+00,1.254583150148391724e-01,1.641277596354484558e-02,-8.377599716186523438e-01,-3.165815472602844238e-01,8.289538621902465820e-01,-1.103093504905700684e+00,8.124714344739913940e-02,9.506229162216186523e-01,-1.081441402435302734e+00
-5.820249915122985840e-01,-5.566322803497314453e-01,3.279145061969757080e-01,-6.761047244071960449e-02,3.805194050073623657e-02,4.802089929580688477e-01,-8.737162947654724121e-01,-2.090082913637161255e-01,4.551997184753417969e-01,-1.158994317054748535e+00,1.199526786804199219e-01,2.219872362911701202e-02,-8.377599716186523438e-01,-3.166875839233398438e-01,8.353039622306823730e-01,-1.105110645294189453e+00,8.354569226503372192e-02,9.656060934066772461e-01,-1.095406532287597656e+00
-5.822886228561401367e-01,-5.576932430267333984e-01,3.275749385356903076e-01,-6.812414526939392090e-02,4.034273698925971985e-02,4.775648117065429688e-01,-8.750219345092773438e-01,-2.146155089139938354e-01,4.606515467166900635e-01,-1.165219545364379883e+00,1.129713952541351318e-01,2.849641442298889160e-02,-8.377599716186523438e-01,-3.176682889461517334e-01,8.436841368675231934e-01,-1.110423564910888672e+00,8.472482860088348389e-02,9.833384156227111816e-01,-1.113484025001525879e+00
-5.826355218887329102e-01,-5.588057041168212891e-01,3.271353840827941895e-01,-6.882914900779724121e-02,4.317615926265716553e-02,4.742604196071624756e-01,-8.766273260116577148e-01,-2.223186343908309937e-01,4.683335721492767334e-01,-1.175614476203918457e+00,1.040297523140907288e-01,3.583993390202522278e-02,-8.377599716186523438e-01,-3.194925487041473389e-01,8.537790179252624512e-01,-1.117330670356750488e+00,8.562590926885604858e-02,1.003748655319213867e+00,-1.134473443031311035e+00
-5.830783247947692871e-01,-5.599750280380249023e-01,3.265736997127532959e-01,-6.996383517980575562e-02,4.653526470065116882e-02,4.704914987087249756e-01,-8.783947229385375977e-01,-2.323546260595321655e-01,4.779360592365264893e-01,-1.190269827842712402e+00,9.339693933725357056e-02,4.354456067085266113e-02,-8.377599716186523438e-01,-3.221788406372070312e-01,8.652487397193908691e-01,-1.126040220260620117e+00,8.533154428005218506e-02,1.026775360107421875e+00,-1.158923387527465820e+00
-5.836367011070251465e-01,-5.612358450889587402e-01,3.259218335151672363e-01,-7.153206318616867065e-02,5.044493451714515686e-02,4.660247862339019775e-01,-8.804313540458679199e-01,-2.446883171796798706e-01,4.893692731857299805e-01,-1.208904147148132324e+00,8.068075776100158691e-02,5.193430185317993164e-02,-8.377599716186523438e-01,-3.258758485317230225e-01,8.781216144561767578e-01,-1.135933756828308105e+00,8.418587595224380493e-02,1.053160905838012695e+00,-1.189100146293640137e+00
-5.843088626861572266e-01,-5.625483989715576172e-01,3.251767158508300781e-01,-7.351480424404144287e-02,5.494476854801177979e-02,4.609839320182800293e-01,-8.826496601104736328e-01,-2.589267492294311523e-01,5.003089308738708496e-01,-1.227697849273681641e+00,6.593607366085052490e-02,6.176305934786796570e-02,-8.377599716186523438e-01,-3.304858505725860596e-01,8.925613164901733398e-01,-1.147709250450134277e+00,8.170590549707412720e-02,1.083194851875305176e+00,-1.228306412696838379e+00
-5.850924849510192871e-01,-5.639405250549316406e-01,3.243240416049957275e-01,-7.576211541891098022e-02,5.995776131749153137e-02,4.554166495800018311e-01,-8.850202560424804688e-01,-2.754946649074554443e-01,5.116571784019470215e-01,-1.248143076896667480e+00,4.991250857710838318e-02,7.255947589874267578e-02,-8.377599716186523438e-01,-3.353892564773559570e-01,9.089413881301879883e-01,-1.161628365516662598e+00,7.901807129383087158e-02,1.116373777389526367e+00,-1.272252798080444336e+00
-5.859369039535522461e-01,-5.653949379920959473e-01,3.233397006988525391e-01,-7.842840254306793213e-02,6.542480736970901489e-02,4.493975937366485596e-01,-8.874741792678833008e-01,-2.944912314414978027e-01,5.226640701293945312e-01,-1.269307732582092285e+00,3.262636810541152954e-02,8.362834155559539795e-02,-8.377599716186523438e-01,-3.408722579479217529e-01,9.264913201332092285e-01,-1.176375508308410645e+00,7.439916580915451050e-02,1.151498556137084961e+00,-1.322283864021301270e+00
-5.868840217590332031e-01,-5.669309496879577637e-01,3.222557306289672852e-01,-8.133045583963394165e-02,7.103715837001800537e-02,4.430616497993469238e-01,-8.899637460708618164e-01,-3.145153522491455078e-01,5.331473946571350098e-01,-1.291337132453918457e+00,1.478343363851308823e-02,9.480617195367813110e-02,-8.377599716186523438e-01,-3.461125791072845459e-01,9.445164799690246582e-01,-1.192544102668762207e+00,6.698099523782730103e-02,1.186368346214294434e+00,-1.379295349121093750e+00
-5.878551006317138672e-01,-5.684981942176818848e-01,3.211082816123962402e-01,-8.431478589773178101e-02,7.678072154521942139e-02,4.365761578083038330e-01,-8.924107551574707031e-01,-3.352423906326293945e-01,5.430027842521667480e-01,-1.313300609588623047e+00,-3.165961941704154015e-03,1.063951775431632996e-01,-8.377599716186523438e-01,-3.512856066226959229e-01,9.631868600845336914e-01,-1.208778738975524902e+00,5.546635389328002930e-02,1.219160437583923340e+00,-1.440584301948547363e+00
-5.888242721557617188e-01,-5.700584053993225098e-01,3.199971914291381836e-01,-8.737547695636749268e-02,8.241271972656250000e-02,4.302177131175994873e-01,-8.946990370750427246e-01,-3.558165431022644043e-01,5.511679053306579590e-01,-1.334602594375610352e+00,-2.071551419794559479e-02,1.178533732891082764e-01,-8.377599716186523438e-01,-3.563820719718933105e-01,9.812850356101989746e-01,-1.224498152732849121e+00,3.944998979568481445e-02,1.247227907180786133e+00,-1.504497289657592773e+00
-5.898420810699462891e-01,-5.715886354446411133e-01,3.189392387866973877e-01,-9.005924314260482788e-02,8.753068000078201294e-02,4.242481589317321777e-01,-8.967949748039245605e-01,-3.742598295211791992e-01,5.567724704742431641e-01,-1.353462457656860352e+00,-3.632895648479461670e-02,1.288044303655624390e-01,-8.377599716186523438e-01,-3.602088093757629395e-01,9.981914758682250977e-01,-1.239368796348571777e+00,1.856618560850620270e-02,1.268501758575439453e+00,-1.571234703063964844e+00
-5.908274650573730469e-01,-5.730906128883361816e-01,3.179757297039031982e-01,-9.268869459629058838e-02,9.212992340326309204e-02,4.186667203903198242e-01,-8.986874222755432129e-01,-3.907498121261596680e-01,5.602577328681945801e-01,-1.370638489723205566e+00,-5.061395093798637390e-02,1.384821534156799316e-01,-8.377599716186523438e-01,-3.636938035488128662e-01,1.013079285621643066e+00,-1.252272605895996094e+00,-7.283472921699285507e-03,1.281463384628295898e+00,-1.637736201286315918e+00
-5.918040871620178223e-01,-5.745610594749450684e-01,3.171289861202239990e-01,-9.516282379627227783e-02,9.623520076274871826e-02,4.135102629661560059e-01,-9.003844261169433594e-01,-4.047288298606872559e-01,5.609827041625976562e-01,-1.384267330169677734e+00,-6.347613036632537842e-02,1.472884565591812134e-01,-8.377599716186523438e-01,-3.664506375789642334e-01,1.026140689849853516e+00,-1.264091491699218750e+00,-3.719313070178031921e-02,1.284895658493041992e+00,-1.698199152946472168e+00
-5.927534103393554688e-01,-5.760122537612915039e-01,3.164054751396179199e-01,-9.752172976732254028e-02,9.983628988265991211e-02,4.086275398731231689e-01,-9.019677042961120605e-01,-4.162352383136749268e-01,5.606113076210021973e-01,-1.395514845848083496e+00,-7.534319162368774414e-02,1.553114503622055054e-01,-8.377599716186523438e-01,-3.685542643070220947e-01,1.037260532379150391e+00,-1.273802042007446289e+00,-7.026667892932891846e-02,1.278447747230529785e+00,-1.748488664627075195e+00
-5.937364101409912109e-01,-5.774886012077331543e-01,3.157700598239898682e-01,-9.977064281702041626e-02,1.031066253781318665e-01,4.038874804973602295e-01,-9.034875631332397461e-01,-4.246177077293395996e-01,5.556990504264831543e-01,-1.399339675903320312e+00,-8.624946326017379761e-02,1.628751456737518311e-01,-8.377599716186523438e-01,-3.698597550392150879e-01,1.046812772750854492e+00,-1.281856894493103027e+00,-1.052394732832908630e-01,1.263308048248291016e+00,-1.787124633789062500e+00
-5.947130918502807617e-01,-5.790002346038818359e-01,3.152295053005218506e-01,-1.017678231000900269e-01,1.059577539563179016e-01,3.990444839000701904e-01,-9.050855040550231934e-01,-4.298290312290191650e-01,5.475571751594543457e-01,-1.397920846939086914e+00,-9.640844166278839111e-02,1.701259762048721313e-01,-8.377599716186523438e-01,-3.704004585742950439e-01,1.055710196495056152e+00,-1.290047764778137207e+00,-1.398475021123886108e-01,1.239688992500305176e+00,-1.812265396118164062e+00
-5.956897735595703125e-01,-5.804705023765563965e-01,3.149690032005310059e-01,-1.051971763372421265e-01,1.085930615663528442e-01,3.948176801204681396e-01,-9.062340259552001953e-01,-4.334107339382171631e-01,5.346845984458923340e-01,-1.388942837715148926e+00,-1.079514995217323303e-01,1.749961972236633301e-01,-8.377599716186523438e-01,-3.752638995647430420e-01,1.059982657432556152e+00,-1.292850375175476074e+00,-1.812808066606521606e-01,1.204967498779296875e+00,-1.820665597915649414e+00
-5.967282652854919434e-01,-5.820866823196411133e-01,3.145959973335266113e-01,-1.065141111612319946e-01,1.104723364114761353e-01,3.898507952690124512e-01,-9.080016016960144043e-01,-4.314447045326232910e-01,5.204625725746154785e-01,-1.375936865806579590e+00,-1.160840168595314026e-01,1.815259009599685669e-01,-8.377599716186523438e-01,-3.737252056598663330e-01,1.066153526306152344e+00,-1.298422098159790039e+00,-2.128518074750900269e-01,1.168074488639831543e+00,-1.816946864128112793e+00
-5.978195667266845703e-01,-5.838146209716796875e-01,3.142126500606536865e-01,-1.068869680166244507e-01,1.116387471556663513e-01,3.846629261970520020e-01,-9.100254774093627930e-01,-4.247470796108245850e-01,5.043854713439941406e-01,-1.358855962753295898e+00,-1.220694631338119507e-01,1.877105385065078735e-01,-8.377599716186523438e-01,-3.693618178367614746e-01,1.072157144546508789e+00,-1.304949283599853516e+00,-2.404351681470870972e-01,1.127890229225158691e+00,-1.801274061203002930e+00
-5.990072488784790039e-01,-5.856436491012573242e-01,3.138142526149749756e-01,-1.067140772938728333e-01,1.126132532954216003e-01,3.792581856250762939e-01,-9.121916294097900391e-01,-4.153688549995422363e-01,4.874913990497589111e-01,-1.338703155517578125e+00,-1.269169896841049194e-01,1.943799108266830444e-01,-8.377599716186523438e-01,-3.629848957061767578e-01,1.077946543693542480e+00,-1.310950040817260742e+00,-2.633071839809417725e-01,1.087267160415649414e+00,-1.777026057243347168e+00
-6.002666950225830078e-01,-5.875687003135681152e-01,3.134302496910095215e-01,-1.054666638374328613e-01,1.128109470009803772e-01,3.737106025218963623e-01,-9.145987629890441895e-01,-4.010971188545227051e-01,4.689731001853942871e-01,-1.314675092697143555e+00,-1.291492134332656860e-01,2.007775902748107910e-01,-8.377599716186523438e-01,-3.532947897911071777e-01,1.082887649536132812e+00,-1.316879987716674805e+00,-2.805172502994537354e-01,1.046416759490966797e+00,-1.745822072029113770e+00
-6.015820503234863281e-01,-5.895262956619262695e-01,3.130716681480407715e-01,-1.029993072152137756e-01,1.119388341903686523e-01,3.682259023189544678e-01,-9.172080159187316895e-01,-3.825280070304870605e-01,4.498949348926544189e-01,-1.290650486946105957e+00,-1.282525807619094849e-01,2.061538398265838623e-01,-8.377599716186523438e-01,-3.397693037986755371e-01,1.085495471954345703e+00,-1.321198225021362305e+00,-2.910990417003631592e-01,1.006159543991088867e+00,-1.710340499877929688e+00
-6.029522418975830078e-01,-5.915322899818420410e-01,3.127741217613220215e-01,-9.945084899663925171e-02,1.102083772420883179e-01,3.632968068122863770e-01,-9.197711944580078125e-01,-3.581037223339080811e-01,4.294721186161041260e-01,-1.263015151023864746e+00,-1.237901523709297180e-01,2.102870494127273560e-01,-8.377599716186523438e-01,-3.229981362819671631e-01,1.086279988288879395e+00,-1.323902487754821777e+00,-2.947829663753509521e-01,9.674720168113708496e-01,-1.673789024353027344e+00
-6.043761968612670898e-01,-5.936023592948913574e-01,3.125075697898864746e-01,-9.467010945081710815e-02,1.076837107539176941e-01,3.585875332355499268e-01,-9.224189519882202148e-01,-3.294476270675659180e-01,4.076152145862579346e-01,-1.232584238052368164e+00,-1.158905550837516785e-01,2.138784378767013550e-01,-8.377599716186523438e-01,-3.022822439670562744e-01,1.085835576057434082e+00,-1.326962351799011230e+00,-2.915970385074615479e-01,9.323829412460327148e-01,-1.639082193374633789e+00
-6.057874560356140137e-01,-5.957514047622680664e-01,3.122168779373168945e-01,-8.934271335601806641e-02,1.049395278096199036e-01,3.541641235351562500e-01,-9.249720573425292969e-01,-2.979715168476104736e-01,3.838332593441009521e-01,-1.196673870086669922e+00,-1.063571572303771973e-01,2.171436101198196411e-01,-8.377599716186523438e-01,-2.802430391311645508e-01,1.085312247276306152e+00,-1.329151153564453125e+00,-2.835342884063720703e-01,9.032590985298156738e-01,-1.607848763465881348e+00
-6.071966290473937988e-01,-5.980778932571411133e-01,3.118377327919006348e-01,-8.418570458889007568e-02,1.027861386537551880e-01,3.491855561733245850e-01,-9.275867938995361328e-01,-2.666363120079040527e-01,3.575000762939453125e-01,-1.152575135231018066e+00,-9.799201041460037231e-02,2.220674753189086914e-01,-8.377599716186523438e-01,-2.583474218845367432e-01,1.086214184761047363e+00,-1.332450866699218750e+00,-2.733776569366455078e-01,8.839282989501953125e-01,-1.581165909767150879e+00
-6.085259318351745605e-01,-6.005498766899108887e-01,3.113278150558471680e-01,-7.981947809457778931e-02,1.018510162830352783e-01,3.435091376304626465e-01,-9.301917552947998047e-01,-2.385567277669906616e-01,3.299008309841156006e-01,-1.101130247116088867e+00,-9.241213649511337280e-02,2.292917668819427490e-01,-8.377599716186523438e-01,-2.386983931064605713e-01,1.090355634689331055e+00,-1.338430285453796387e+00,-2.660797238349914551e-01,8.802833557128906250e-01,-1.562179923057556152e+00
-6.097628474235534668e-01,-6.031727790832519531e-01,3.107188344001770020e-01,-7.722377777099609375e-02,1.026227772235870361e-01,3.371495902538299561e-01,-9.326495528221130371e-01,-2.155720293521881104e-01,3.003272712230682373e-01,-1.039728641510009766e+00,-9.197162836790084839e-02,2.389618456363677979e-01,-8.377599716186523438e-01,-2.237623184919357300e-01,1.098086237907409668e+00,-1.347126841545104980e+00,-2.654471993446350098e-01,8.943275809288024902e-01,-1.556817889213562012e+00
-6.110576987266540527e-01,-6.059260964393615723e-01,3.100963532924652100e-01,-7.446678727865219116e-02,1.036079674959182739e-01,3.305461406707763672e-01,-9.351252913475036621e-01,-1.927739828824996948e-01,2.705111205577850342e-01,-9.747546315193176270e-01,-9.112836420536041260e-02,2.496496140956878662e-01,-8.377599716186523438e-01,-2.080552875995635986e-01,1.106183171272277832e+00,-1.356397986412048340e+00,-2.618954479694366455e-01,9.172138571739196777e-01,-1.567229747772216797e+00
-6.123212575912475586e-01,-6.085926890373229980e-01,3.096401989459991455e-01,-7.167008519172668457e-02,1.041557788848876953e-01,3.246704638004302979e-01,-9.373388290405273438e-01,-1.700353026390075684e-01,2.422456741333007812e-01,-9.109686017036437988e-01,-8.948681503534317017e-02,2.590012848377227783e-01,-8.377599716186523438e-01,-1.923602074384689331e-01,1.111765384674072266e+00,-1.362433433532714844e+00,-2.556792497634887695e-01,9.350277781486511230e-01,-1.579335451126098633e+00
-6.135908365249633789e-01,-6.112092733383178711e-01,3.093680739402770996e-01,-6.933193653821945190e-02,1.044848039746284485e-01,3.194909095764160156e-01,-9.392558336257934570e-01,-1.483038812875747681e-01,2.179569154977798462e-01,-8.507458567619323730e-01,-8.751592785120010376e-02,2.671943306922912598e-01,-8.377599716186523438e-01,-1.777487993240356445e-01,1.115022301673889160e+00,-1.366772055625915527e+00,-2.469516396522521973e-01,9.459956884384155273e-01,-1.586880207061767578e+00
-6.144318580627441406e-01,-6.135407686233520508e-01,3.089134693145751953e-01,-6.421452760696411133e-02,1.000154912471771240e-01,3.115303814411163330e-01,-9.427736997604370117e-01,-1.271632909774780273e-01,2.088348120450973511e-01,-8.377616405487060547e-01,-8.388945460319519043e-02,2.704695463180541992e-01,-8.377599716186523438e-01,-1.487922668457031250e-01,1.103560447692871094e+00,-1.363780736923217773e+00,-2.218574881553649902e-01,9.496104717254638672e-01,-1.585716128349304199e+00
-6.152369379997253418e-01,-6.158566474914550781e-01,3.086144924163818359e-01,-5.977076292037963867e-02,9.478548914194107056e-02,3.025510609149932861e-01,-9.465231299400329590e-01,-1.114678308367729187e-01,2.048911005258560181e-01,-8.377599716186523438e-01,-8.275210857391357422e-02,2.721428275108337402e-01,-8.377599716186523438e-01,-1.187747046351432800e-01,1.085798501968383789e+00,-1.356001377105712891e+00,-1.938527077436447144e-01,9.523540735244750977e-01,-1.583261132240295410e+00
-6.160289049148559570e-01,-6.181841492652893066e-01,3.084920048713684082e-01,-5.723135545849800110e-02,9.058208018541336060e-02,2.930407226085662842e-01,-9.500771760940551758e-01,-1.013396531343460083e-01,2.045763731002807617e-01,-8.377599716186523438e-01,-8.619953691959381104e-02,2.752903401851654053e-01,-8.377599716186523438e-01,-9.423404186964035034e-02,1.067435145378112793e+00,-1.346207141876220703e+00,-1.701163798570632935e-01,9.574636220932006836e-01,-1.582689404487609863e+00
-6.167742609977722168e-01,-6.205495595932006836e-01,3.084686696529388428e-01,-5.610797181725502014e-02,8.704391121864318848e-02,2.829845547676086426e-01,-9.535171985626220703e-01,-9.703288227319717407e-02,2.063606679439544678e-01,-8.377599716186523438e-01,-9.343244880437850952e-02,2.791074812412261963e-01,-8.377599716186523438e-01,-7.386256754398345947e-02,1.049188256263732910e+00,-1.335490226745605469e+00,-1.499545425176620483e-01,9.637494683265686035e-01,-1.582993388175964355e+00
-6.174211502075195312e-01,-6.229167580604553223e-01,3.085367977619171143e-01,-5.629473179578781128e-02,8.440773189067840576e-02,2.728531956672668457e-01,-9.566908478736877441e-01,-9.757415950298309326e-02,2.117186039686203003e-01,-8.377599716186523438e-01,-1.036657765507698059e-01,2.843182384967803955e-01,-8.377599716186523438e-01,-5.768186971545219421e-02,1.031979203224182129e+00,-1.324454188346862793e+00,-1.332444995641708374e-01,9.712709784507751465e-01,-1.584405541419982910e+00
-6.179975867271423340e-01,-6.253336668014526367e-01,3.086928129196166992e-01,-5.685999616980552673e-02,8.209379017353057861e-02,2.631195187568664551e-01,-9.595809578895568848e-01,-9.974170476198196411e-02,2.189671099185943604e-01,-8.377599716186523438e-01,-1.141823083162307739e-01,2.897304296493530273e-01,-8.377599716186523438e-01,-4.361516982316970825e-02,1.015774011611938477e+00,-1.313126206398010254e+00,-1.179198175668716431e-01,9.781346321105957031e-01,-1.584862112998962402e+00
-6.184131503105163574e-01,-6.276753544807434082e-01,3.088609278202056885e-01,-5.616255477070808411e-02,7.891771197319030762e-02,2.534749507904052734e-01,-9.624802470207214355e-01,-1.031477078795433044e-01,2.235196530818939209e-01,-8.377599716186523438e-01,-1.222109049558639526e-01,2.950136959552764893e-01,-8.377599716186523438e-01,-2.656248584389686584e-02,9.977959394454956055e-01,-1.300596714019775391e+00,-9.953039884567260742e-02,9.823309779167175293e-01,-1.581965804100036621e+00
-6.185701489448547363e-01,-6.301164627075195312e-01,3.083071410655975342e-01,-5.726035684347152710e-02,7.485938072204589844e-02,2.464192956686019897e-01,-9.645698070526123047e-01,-1.073848754167556763e-01,2.219408303499221802e-01,-8.377599716186523438e-01,-1.295188516378402710e-01,3.065528869628906250e-01,-8.614180088043212891e-01,-1.742412522435188293e-02,9.823826551437377930e-01,-1.290947556495666504e+00,-8.893026411533355713e-02,9.820318818092346191e-01,-1.578918337821960449e+00
-6.187517046928405762e-01,-6.327312588691711426e-01,3.079429268836975098e-01,-5.814886093139648438e-02,6.983608007431030273e-02,2.401910275220870972e-01,-9.664625525474548340e-01,-1.136003285646438599e-01,2.140872031450271606e-01,-8.377599716186523438e-01,-1.344039440155029297e-01,3.194672465324401855e-01,-8.911359310150146484e-01,-8.588613942265510559e-03,9.634464979171752930e-01,-1.277110338211059570e+00,-7.933845371007919312e-02,9.766826629638671875e-01,-1.571409344673156738e+00
-6.189397573471069336e-01,-6.354838609695434570e-01,3.078549206256866455e-01,-5.924859270453453064e-02,6.542053073644638062e-02,2.349787652492523193e-01,-9.679848551750183105e-01,-1.219782009720802307e-01,2.064562737941741943e-01,-8.377599716186523438e-01,-1.381706893444061279e-01,3.309986889362335205e-01,-9.178054332733154297e-01,-2.059973776340484619e-03,9.461567401885986328e-01,-1.262319922447204590e+00,-7.247714698314666748e-02,9.706337451934814453e-01,-1.562050223350524902e+00
-6.191265583038330078e-01,-6.382698416709899902e-01,3.080630600452423096e-01,-6.030052900314331055e-02,6.223012134432792664e-02,2.304649800062179565e-01,-9.692147374153137207e-01,-1.301023811101913452e-01,2.023445665836334229e-01,-8.377599716186523438e-01,-1.414055526256561279e-01,3.420516252517700195e-01,-9.385907053947448730e-01,3.070317674428224564e-03,9.322350621223449707e-01,-1.247513294219970703e+00,-6.735095381736755371e-02,9.664295911788940430e-01,-1.552561640739440918e+00
-6.191504597663879395e-01,-6.409782171249389648e-01,3.082515597343444824e-01,-6.080150231719017029e-02,5.898253247141838074e-02,2.258797734975814819e-01,-9.704651236534118652e-01,-1.356160193681716919e-01,1.949600875377655029e-01,-8.377599716186523438e-01,-1.439038813114166260e-01,3.523825109004974365e-01,-9.574422240257263184e-01,8.851315826177597046e-03,9.192917346954345703e-01,-1.234398841857910156e+00,-6.149213016033172607e-02,9.621679782867431641e-01,-1.542090296745300293e+00
-6.193934082984924316e-01,-6.438526511192321777e-01,3.090466558933258057e-01,-6.078975647687911987e-02,5.306756123900413513e-02,2.216700315475463867e-01,-9.717771410942077637e-01,-1.364701837301254272e-01,1.812515854835510254e-01,-8.377599716186523438e-01,-1.431940048933029175e-01,3.601211011409759521e-01,-9.819064736366271973e-01,1.724415645003318787e-02,8.933143019676208496e-01,-1.207717537879943848e+00,-5.259251222014427185e-02,9.452546834945678711e-01,-1.520691037178039551e+00
-6.193310618400573730e-01,-6.464478373527526855e-01,3.095324933528900146e-01,-6.095686927437782288e-02,5.003557354211807251e-02,2.177536785602569580e-01,-9.728124141693115234e-01,-1.392719298601150513e-01,1.750469207763671875e-01,-8.377599716186523438e-01,-1.443772614002227783e-01,3.702423572540283203e-01,-9.996441602706909180e-01,2.250807918608188629e-02,8.806200027465820312e-01,-1.193369388580322266e+00,-4.670567065477371216e-02,9.399171471595764160e-01,-1.508803129196166992e+00
-6.191917061805725098e-01,-6.489630341529846191e-01,3.099050819873809814e-01,-6.055390462279319763e-02,4.754579067230224609e-02,2.138542681932449341e-01,-9.738269448280334473e-01,-1.414786726236343384e-01,1.702588945627212524e-01,-8.377599716186523438e-01,-1.446036696434020996e-01,3.817570507526397705e-01,-1.017348289489746094e+00,2.804925851523876190e-02,8.712286353111267090e-01,-1.182601690292358398e+00,-3.978345915675163269e-02,9.369528889656066895e-01,-1.499364733695983887e+00
-6.189735531806945801e-01,-6.514481306076049805e-01,3.102114200592041016e-01,-6.021840497851371765e-02,4.538268595933914185e-02,2.097047120332717896e-01,-9.748528599739074707e-01,-1.444438099861145020e-01,1.661270260810852051e-01,-8.377599716186523438e-01,-1.453350037336349487e-01,3.941224515438079834e-01,-1.035520911216735840e+00,3.277899697422981262e-02,8.634615540504455566e-01,-1.174033880233764648e+00,-3.298825025558471680e-02,9.355934858322143555e-01,-1.490902900695800781e+00
-6.186959743499755859e-01,-6.538438200950622559e-01,3.105800449848175049e-01,-5.961379408836364746e-02,4.358486086130142212e-02,2.055035084486007690e-01,-9.758661985397338867e-01,-1.464718580245971680e-01,1.635877788066864014e-01,-8.377599716186523438e-01,-1.453673541545867920e-01,4.077614545822143555e-01,-1.053307890892028809e+00,3.709966316819190979e-02,8.571900129318237305e-01,-1.166515111923217773e+00,-2.565874718129634857e-02,9.350851178169250488e-01,-1.482958197593688965e+00
-6.183701157569885254e-01,-6.561462283134460449e-01,3.108630776405334473e-01,-5.866398662328720093e-02,4.173910617828369141e-02,2.011309564113616943e-01,-9.769148826599121094e-01,-1.468457132577896118e-01,1.601814031600952148e-01,-8.377599716186523438e-01,-1.449886411428451538e-01,4.221314191818237305e-01,-1.072350025177001953e+00,4.222928360104560852e-02,8.517235517501831055e-01,-1.161353945732116699e+00,-1.765128970146179199e-02,9.352684020996093750e-01,-1.476274251937866211e+00
-6.179889440536499023e-01,-6.583859324455261230e-01,3.111534416675567627e-01,-5.753380432724952698e-02,4.019427672028541565e-02,1.963952034711837769e-01,-9.780098199844360352e-01,-1.475016027688980103e-01,1.577705591917037964e-01,-8.377599716186523438e-01,-1.445336788892745972e-01,4.367484450340270996e-01,-1.090379476547241211e+00,4.676293581724166870e-02,8.474314808845520020e-01,-1.157639980316162109e+00,-9.576655924320220947e-03,9.361664652824401855e-01,-1.469690322875976562e+00
-6.175731420516967773e-01,-6.606171727180480957e-01,3.114264905452728271e-01,-5.632270872592926025e-02,3.909177333116531372e-02,1.916518658399581909e-01,-9.790654182434082031e-01,-1.480716913938522339e-01,1.568018496036529541e-01,-8.377599716186523438e-01,-1.440443694591522217e-01,4.508543312549591064e-01,-1.106778025627136230e+00,5.132833123207092285e-02,8.446703553199768066e-01,-1.155007600784301758e+00,-1.548929256387054920e-03,9.386389255523681641e-01,-1.464108705520629883e+00
-6.171585917472839355e-01,-6.628230810165405273e-01,3.116704523563385010e-01,-5.486757680773735046e-02,3.826087713241577148e-02,1.868608742952346802e-01,-9.801064729690551758e-01,-1.485076993703842163e-01,1.562743335962295532e-01,-8.377599716186523438e-01,-1.430512815713882446e-01,4.653260111808776855e-01,-1.123638987541198730e+00,5.602216720581054688e-02,8.433093428611755371e-01,-1.154209613800048828e+00,6.868167314678430557e-03,9.420252442359924316e-01,-1.459058284759521484e+00
-6.166953444480895996e-01,-6.650032401084899902e-01,3.119252622127532959e-01,-5.353537574410438538e-02,3.778675198554992676e-02,1.819993108510971069e-01,-9.811128377914428711e-01,-1.495432853698730469e-01,1.567273139953613281e-01,-8.377599716186523438e-01,-1.426077783107757568e-01,4.804525077342987061e-01,-1.140868306159973145e+00,6.032809242606163025e-02,8.430036306381225586e-01,-1.154897451400756836e+00,1.461703144013881683e-02,9.464370012283325195e-01,-1.454701900482177734e+00
-6.161968708038330078e-01,-6.671910881996154785e-01,3.121316730976104736e-01,-5.207363516092300415e-02,3.744368627667427063e-02,1.771767586469650269e-01,-9.820868968963623047e-01,-1.506607681512832642e-01,1.571014076471328735e-01,-8.377599716186523438e-01,-1.421239674091339111e-01,4.962364137172698975e-01,-1.159854531288146973e+00,6.486563384532928467e-02,8.438032269477844238e-01,-1.156490921974182129e+00,2.278096973896026611e-02,9.513849020004272461e-01,-1.450462102890014648e+00
-6.156508326530456543e-01,-6.693544983863830566e-01,3.123564422130584717e-01,-5.062900483608245850e-02,3.734326362609863281e-02,1.722855269908905029e-01,-9.830360412597656250e-01,-1.523094326257705688e-01,1.584522873163223267e-01,-8.377599716186523438e-01,-1.415364891290664673e-01,5.125848650932312012e-01,-1.179783582687377930e+00,6.907311081886291504e-02,8.455041646957397461e-01,-1.159147262573242188e+00,3.050826117396354675e-02,9.570868611335754395e-01,-1.447001457214355469e+00
-6.150553226470947266e-01,-6.714952588081359863e-01,3.125189244747161865e-01,-4.924217239022254944e-02,3.730455040931701660e-02,1.675618141889572144e-01,-9.839240908622741699e-01,-1.537920087575912476e-01,1.594997793436050415e-01,-8.377599716186523438e-01,-1.412179321050643921e-01,5.286634564399719238e-01,-1.201480507850646973e+00,7.306192815303802490e-02,8.478181958198547363e-01,-1.162053108215332031e+00,3.816950693726539612e-02,9.631228446960449219e-01,-1.443929076194763184e+00
-6.144446730613708496e-01,-6.735900640487670898e-01,3.126708865165710449e-01,-4.789295792579650879e-02,3.729448094964027405e-02,1.628822535276412964e-01,-9.847764968872070312e-01,-1.556483060121536255e-01,1.601641774177551270e-01,-8.377599716186523438e-01,-1.401807665824890137e-01,5.449918508529663086e-01,-1.225184202194213867e+00,7.658179104328155518e-02,8.507380485534667969e-01,-1.166226744651794434e+00,4.538205265998840332e-02,9.688816666603088379e-01,-1.440859675407409668e+00
-6.137807369232177734e-01,-6.756623387336730957e-01,3.128279745578765869e-01,-4.646151885390281677e-02,3.738448396325111389e-02,1.584008783102035522e-01,-9.855723381042480469e-01,-1.568957269191741943e-01,1.616902351379394531e-01,-8.377599716186523438e-01,-1.375111192464828491e-01,5.638173222541809082e-01,-1.254470467567443848e+00,8.025024831295013428e-02,8.544991016387939453e-01,-1.171148061752319336e+00,5.270981416106224060e-02,9.747579693794250488e-01,-1.437215328216552734e+00
-6.130715012550354004e-01,-6.776740550994873047e-01,3.129564523696899414e-01,-4.510551691055297852e-02,3.749885782599449158e-02,1.542540490627288818e-01,-9.862884879112243652e-01,-1.579961478710174561e-01,1.632936298847198486e-01,-8.377599716186523438e-01,-1.336790919303894043e-01,5.846836566925048828e-01,-1.289895057678222656e+00,8.327650278806686401e-02,8.592688441276550293e-01,-1.177316188812255859e+00,5.995816364884376526e-02,9.805877804756164551e-01,-1.434118866920471191e+00
-6.123077273368835449e-01,-6.796467900276184082e-01,3.130853772163391113e-01,-4.387392103672027588e-02,3.779979795217514038e-02,1.500695645809173584e-01,-9.869778752326965332e-01,-1.593033671379089355e-01,1.656354069709777832e-01,-8.377599716186523438e-01,-1.281552612781524658e-01,6.109418272972106934e-01,-1.334816813468933105e+00,8.570156246423721313e-02,8.650261163711547852e-01,-1.185407519340515137e+00,6.702231615781784058e-02,9.871773123741149902e-01,-1.431653380393981934e+00
-6.113295555114746094e-01,-6.813854575157165527e-01,3.132454156875610352e-01,-4.300085082650184631e-02,3.946285322308540344e-02,1.455461680889129639e-01,-9.876284599304199219e-01,-1.628620475530624390e-01,1.710822582244873047e-01,-8.377599716186523438e-01,-1.231843903660774231e-01,6.377843022346496582e-01,-1.379280090332031250e+00,8.699222654104232788e-02,8.755964040756225586e-01,-1.198637723922729492e+00,7.373527437448501587e-02,9.992572069168090820e-01,-1.433013796806335449e+00
-6.104691028594970703e-01,-6.831739544868469238e-01,3.133173882961273193e-01,-4.166501015424728394e-02,4.022335261106491089e-02,1.415586620569229126e-01,-9.882344007492065430e-01,-1.639765650033950806e-01,1.741851270198822021e-01,-8.377599716186523438e-01,-1.120843589305877686e-01,6.669471859931945801e-01,-1.436422824859619141e+00,8.789029717445373535e-02,8.854283690452575684e-01,-1.213592886924743652e+00,8.131462335586547852e-02,1.007623553276062012e+00,-1.431825280189514160e+00
-6.096199750900268555e-01,-6.848881244659423828e-01,3.134669959545135498e-01,-4.057440906763076782e-02,4.093628749251365662e-02,1.381651163101196289e-01,-9.887306690216064453e-01,-1.649084240198135376e-01,1.782216876745223999e-01,-8.377599716186523438e-01,-9.532858431339263916e-02,6.949406266212463379e-01,-1.498344540596008301e+00,8.675562590360641479e-02,8.961563110351562500e-01,-1.230259180068969727e+00,8.826821297407150269e-02,1.014859914779663086e+00,-1.430350065231323242e+00
-6.087235808372497559e-01,-6.865161657333374023e-01,3.135772347450256348e-01,-3.972291201353073120e-02,4.151574894785881042e-02,1.351757347583770752e-01,-9.891542196273803711e-01,-1.658030301332473755e-01,1.814250499010086060e-01,-8.377599716186523438e-01,-7.456623017787933350e-02,7.164779305458068848e-01,-1.557731270790100098e+00,8.341324329376220703e-02,9.078639149665832520e-01,-1.249589562416076660e+00,9.448496252298355103e-02,1.021532893180847168e+00,-1.428388953208923340e+00
-6.078054308891296387e-01,-6.880394220352172852e-01,3.136934041976928711e-01,-3.936403617262840271e-02,4.204383492469787598e-02,1.322870850563049316e-01,-9.895367026329040527e-01,-1.676837801933288574e-01,1.846017390489578247e-01,-8.377599716186523438e-01,-4.978895559906959534e-02,7.299110293388366699e-01,-1.609667539596557617e+00,7.675089687108993530e-02,9.204918742179870605e-01,-1.270617961883544922e+00,9.945701807737350464e-02,1.027766942977905273e+00,-1.426805615425109863e+00
-6.068550944328308105e-01,-6.893922686576843262e-01,3.138171434402465820e-01,-3.932495787739753723e-02,4.260462149977684021e-02,1.295944005250930786e-01,-9.898705482482910156e-01,-1.702738851308822632e-01,1.877442449331283569e-01,-8.377599716186523438e-01,-2.362533472478389740e-02,7.326122522354125977e-01,-1.648166418075561523e+00,6.687952578067779541e-02,9.341282248497009277e-01,-1.294063210487365723e+00,1.033895462751388550e-01,1.033808350563049316e+00,-1.425161957740783691e+00
-6.058984994888305664e-01,-6.905483603477478027e-01,3.139811456203460693e-01,-3.985554352402687073e-02,4.323101043701171875e-02,1.272801756858825684e-01,-9.901223778724670410e-01,-1.738580763339996338e-01,1.913085877895355225e-01,-8.377599716186523438e-01,3.376184497028589249e-03,7.256754040718078613e-01,-1.673286676406860352e+00,5.301573872566223145e-02,9.483166337013244629e-01,-1.319698572158813477e+00,1.056683436036109924e-01,1.039540290832519531e+00,-1.423381567001342773e+00
-6.049290895462036133e-01,-6.915455460548400879e-01,3.141512572765350342e-01,-4.073707759380340576e-02,4.375652968883514404e-02,1.251534223556518555e-01,-9.903345108032226562e-01,-1.781404018402099609e-01,1.942562758922576904e-01,-8.377599716186523438e-01,2.941063605248928070e-02,7.093984484672546387e-01,-1.684090256690979004e+00,3.569378331303596497e-02,9.620640277862548828e-01,-1.347166895866394043e+00,1.063385754823684692e-01,1.044652581214904785e+00,-1.421481013298034668e+00
-6.039490699768066406e-01,-6.923980712890625000e-01,3.143724203109741211e-01,-4.175941273570060730e-02,4.423126578330993652e-02,1.234731525182723999e-01,-9.904817938804626465e-01,-1.825636029243469238e-01,1.971904039382934570e-01,-8.377599716186523438e-01,5.520176887512207031e-02,6.867528557777404785e-01,-1.684383034706115723e+00,1.592501811683177948e-02,9.750880599021911621e-01,-1.376316666603088379e+00,1.056231111288070679e-01,1.048808693885803223e+00,-1.418664336204528809e+00
-6.031194329261779785e-01,-6.930415034294128418e-01,3.148202896118164062e-01,-4.162186384201049805e-02,4.365126788616180420e-02,1.239462420344352722e-01,-9.904541969299316406e-01,-1.813557446002960205e-01,1.987384706735610962e-01,-8.377599716186523438e-01,8.675090223550796509e-02,6.548798680305480957e-01,-1.674652099609375000e+00,-7.069284562021493912e-03,9.861292243003845215e-01,-1.405176639556884766e+00,1.033303588628768921e-01,1.045476794242858887e+00,-1.409256696701049805e+00
-6.021274328231811523e-01,-6.936498880386352539e-01,3.151670396327972412e-01,-4.214750602841377258e-02,4.387407377362251282e-02,1.229039430618286133e-01,-9.905520081520080566e-01,-1.837659925222396851e-01,2.016870528459548950e-01,-8.377599716186523438e-01,1.128854304552078247e-01,6.215496063232421875e-01,-1.654057860374450684e+00,-2.947633713483810425e-02,9.952142238616943359e-01,-1.431516766548156738e+00,1.024598255753517151e-01,1.047649502754211426e+00,-1.404167413711547852e+00
-6.011631488800048828e-01,-6.941947340965270996e-01,3.155695796012878418e-01,-4.267514124512672424e-02,4.417647793889045715e-02,1.222528219223022461e-01,-9.905965328216552734e-01,-1.861525028944015503e-01,2.050774693489074707e-01,-8.377599716186523438e-01,1.388896107673645020e-01,5.835433602333068848e-01,-1.622538447380065918e+00,-5.314522236585617065e-02,1.001728534698486328e+00,-1.454417586326599121e+00,1.014809682965278625e-01,1.049684643745422363e+00,-1.399146795272827148e+00
-6.001768112182617188e-01,-6.947268843650817871e-01,3.160264194011688232e-01,-4.308307915925979614e-02,4.448528960347175598e-02,1.215960383415222168e-01,-9.906458854675292969e-01,-1.882014274597167969e-01,2.089210897684097290e-01,-8.377599716186523438e-01,1.652112901210784912e-01,5.420727729797363281e-01,-1.580760121345520020e+00,-7.668031007051467896e-02,1.004943490028381348e+00,-1.473026394844055176e+00,1.006949767470359802e-01,1.051486730575561523e+00,-1.393558025360107422e+00
-5.991760492324829102e-01,-6.952491402626037598e-01,3.165483176708221436e-01,-4.338235035538673401e-02,4.462484642863273621e-02,1.207447499036788940e-01,-9.907307028770446777e-01,-1.903770416975021362e-01,2.121863365173339844e-01,-8.377599716186523438e-01,1.902534365653991699e-01,4.959806203842163086e-01,-1.528634905815124512e+00,-1.001312732696533203e-01,1.004101037979125977e+00,-1.486726403236389160e+00,1.001372933387756348e-01,1.052277922630310059e+00,-1.386646866798400879e+00
-5.981562137603759766e-01,-6.957617998123168945e-01,3.170796334743499756e-01,-4.357736930251121521e-02,4.453095793724060059e-02,1.196428760886192322e-01,-9.908600449562072754e-01,-1.921315491199493408e-01,2.145214527845382690e-01,-8.377599716186523438e-01,2.163754850625991821e-01,4.449537992477416992e-01,-1.464878797531127930e+00,-1.225770488381385803e-01,9.991256594657897949e-01,-1.496077537536621094e+00,1.000780984759330750e-01,1.052432656288146973e+00,-1.379680275917053223e+00
-5.971336960792541504e-01,-6.962713599205017090e-01,3.177179992198944092e-01,-4.371713846921920776e-02,4.465300962328910828e-02,1.183653250336647034e-01,-9.910017848014831543e-01,-1.945080012083053589e-01,2.182534933090209961e-01,-8.377599716186523438e-01,2.414305508136749268e-01,3.882302343845367432e-01,-1.388357877731323242e+00,-1.442403942346572876e-01,9.911608099937438965e-01,-1.500954627990722656e+00,1.000118255615234375e-01,1.052986264228820801e+00,-1.372643113136291504e+00
-5.961200594902038574e-01,-6.967228651046752930e-01,3.184698820114135742e-01,-4.318717494606971741e-02,4.441039264202117920e-02,1.169505044817924500e-01,-9.912039041519165039e-01,-1.958935707807540894e-01,2.210766524076461792e-01,-8.377599716186523438e-01,2.676140367984771729e-01,3.266060054302215576e-01,-1.301749110221862793e+00,-1.634089052677154541e-01,9.793641567230224609e-01,-1.501563787460327148e+00,1.010970249772071838e-01,1.051610708236694336e+00,-1.362806320190429688e+00
-5.950496792793273926e-01,-6.971039772033691406e-01,3.191127777099609375e-01,-4.227595031261444092e-02,4.457317665219306946e-02,1.153838187456130981e-01,-9.914194345474243164e-01,-1.966591030359268188e-01,2.250870615243911743e-01,-8.377599716186523438e-01,2.938239574432373047e-01,2.607050538063049316e-01,-1.204836249351501465e+00,-1.810552030801773071e-01,9.675822854042053223e-01,-1.501457095146179199e+00,1.026417464017868042e-01,1.052268028259277344e+00,-1.354769587516784668e+00
-5.939624905586242676e-01,-6.974622011184692383e-01,3.197098672389984131e-01,-4.102049022912979126e-02,4.481124132871627808e-02,1.135458350181579590e-01,-9.916736483573913574e-01,-1.972243785858154297e-01,2.291047573089599609e-01,-8.377599716186523438e-01,3.196586668491363525e-01,1.918955892324447632e-01,-1.100939631462097168e+00,-1.967457383871078491e-01,9.549233317375183105e-01,-1.498831033706665039e+00,1.044877916574478149e-01,1.053480744361877441e+00,-1.346644043922424316e+00
-5.928431749343872070e-01,-6.977594494819641113e-01,3.202529549598693848e-01,-3.911053016781806946e-02,4.545729607343673706e-02,1.118106022477149963e-01,-9.919185638427734375e-01,-1.968657523393630981e-01,2.341404110193252563e-01,-8.377599716186523438e-01,3.461789190769195557e-01,1.203555762767791748e-01,-9.879131913185119629e-01,-2.097815126180648804e-01,9.438173770904541016e-01,-1.495874524116516113e+00,1.073774844408035278e-01,1.056562185287475586e+00,-1.339687228202819824e+00
-5.916383266448974609e-01,-6.980692744255065918e-01,3.207155466079711914e-01,-3.620978444814682007e-02,4.630212485790252686e-02,1.099647209048271179e-01,-9.921959042549133301e-01,-1.945212781429290771e-01,2.397851794958114624e-01,-8.377599716186523438e-01,3.724238574504852295e-01,4.780931770801544189e-02,-8.694936037063598633e-01,-2.174129188060760498e-01,9.361963868141174316e-01,-1.491629719734191895e+00,1.124357134103775024e-01,1.060753703117370605e+00,-1.333137750625610352e+00
-5.894362330436706543e-01,-6.983464360237121582e-01,3.203768730163574219e-01,-4.349739849567413330e-02,4.338935390114784241e-02,1.023356243968009949e-01,-9.928508400917053223e-01,-2.196275889873504639e-01,2.347578555345535278e-01,-8.377599716186523438e-01,3.766836225986480713e-01,8.113201707601547241e-03,-8.377950787544250488e-01,-2.318321019411087036e-01,9.150136709213256836e-01,-1.470438838005065918e+00,1.077440008521080017e-01,1.059441924095153809e+00,-1.324366807937622070e+00
-5.870033502578735352e-01,-6.985064744949340820e-01,3.200223147869110107e-01,-5.131902545690536499e-02,4.002120718359947205e-02,9.270272403955459595e-02,-9.935647249221801758e-01,-2.493880540132522583e-01,2.292425632476806641e-01,-8.377599716186523438e-01,3.741264641284942627e-01,-1.363763213157653809e-02,-8.377600312232971191e-01,-2.431281805038452148e-01,8.990666270256042480e-01,-1.446344614028930664e+00,1.054726392030715942e-01,1.058158755302429199e+00,-1.314753890037536621e+00
-5.847516655921936035e-01,-6.984959244728088379e-01,3.197623789310455322e-01,-5.687851086258888245e-02,3.751815110445022583e-02,8.337832242250442505e-02,-9.941857457160949707e-01,-2.744744718074798584e-01,2.261583358049392700e-01,-8.377599716186523438e-01,3.722124695777893066e-01,-2.936854586005210876e-02,-8.377599716186523438e-01,-2.502046227455139160e-01,8.918110132217407227e-01,-1.429699778556823730e+00,1.064198464155197144e-01,1.058825850486755371e+00,-1.306346774101257324e+00
-5.827503800392150879e-01,-6.983527541160583496e-01,3.191133141517639160e-01,-5.830716341733932495e-02,3.548353537917137146e-02,7.617302238941192627e-02,-9.947556853294372559e-01,-2.896714806556701660e-01,2.335685193538665771e-01,-8.551186919212341309e-01,3.775172829627990723e-01,-3.928053751587867737e-02,-8.377599716186523438e-01,-2.514947354793548584e-01,8.916434645652770996e-01,-1.424697518348693848e+00,1.110291928052902222e-01,1.061271905899047852e+00,-1.300646543502807617e+00
-5.811515450477600098e-01,-6.982550621032714844e-01,3.184948563575744629e-01,-5.812859162688255310e-02,3.223975002765655518e-02,6.968834251165390015e-02,-9.953517913818359375e-01,-3.012913763523101807e-01,2.447413057088851929e-01,-8.859109282493591309e-01,3.853345513343811035e-01,-4.837710782885551453e-02,-8.377599716186523438e-01,-2.491239309310913086e-01,8.851278424263000488e-01,-1.416602373123168945e+00,1.159491091966629028e-01,1.056785225868225098e+00,-1.290568232536315918e+00
-5.796021819114685059e-01,-6.981869339942932129e-01,3.179121613502502441e-01,-5.715065822005271912e-02,2.897723205387592316e-02,6.470846384763717651e-02,-9.958448410034179688e-01,-3.094030022621154785e-01,2.565216124057769775e-01,-9.174320101737976074e-01,3.928236365318298340e-01,-5.494579300284385681e-02,-8.377599716186523438e-01,-2.438974976539611816e-01,8.766680359840393066e-01,-1.404701828956604004e+00,1.207839772105216980e-01,1.050963640213012695e+00,-1.280490756034851074e+00
-5.781818032264709473e-01,-6.981870532035827637e-01,3.174685537815093994e-01,-5.582610145211219788e-02,2.630994282662868500e-02,6.008537486195564270e-02,-9.962835907936096191e-01,-3.157749176025390625e-01,2.671735286712646484e-01,-9.439005851745605469e-01,3.984760344028472900e-01,-5.776559188961982727e-02,-8.377599716186523438e-01,-2.383895218372344971e-01,8.689394593238830566e-01,-1.392745018005371094e+00,1.254913508892059326e-01,1.045959830284118652e+00,-1.269891023635864258e+00
-5.768780112266540527e-01,-6.982792615890502930e-01,3.172152638435363770e-01,-5.525990575551986694e-02,2.425390854477882385e-02,5.628918856382369995e-02,-9.965890049934387207e-01,-3.221204876899719238e-01,2.766547203063964844e-01,-9.652959704399108887e-01,4.006632566452026367e-01,-5.716487392783164978e-02,-8.377599716186523438e-01,-2.347055226564407349e-01,8.631362915039062500e-01,-1.383231878280639648e+00,1.278766989707946777e-01,1.041947245597839355e+00,-1.260621666908264160e+00
-5.756165385246276855e-01,-6.984741687774658203e-01,3.171055912971496582e-01,-5.581540986895561218e-02,2.277958765625953674e-02,5.310350283980369568e-02,-9.967676401138305664e-01,-3.293129503726959229e-01,2.853010892868041992e-01,-9.820175766944885254e-01,3.988611400127410889e-01,-5.394295975565910339e-02,-8.377599716186523438e-01,-2.336788475513458252e-01,8.598857522010803223e-01,-1.376142144203186035e+00,1.274693757295608521e-01,1.039546847343444824e+00,-1.252684593200683594e+00
-5.744147896766662598e-01,-6.988145709037780762e-01,3.171264827251434326e-01,-5.788694322109222412e-02,2.185015939176082611e-02,5.047409608960151672e-02,-9.968069195747375488e-01,-3.377394676208496094e-01,2.927065789699554443e-01,-9.936104416847229004e-01,3.925416171550750732e-01,-4.842922836542129517e-02,-8.377599716186523438e-01,-2.360766679048538208e-01,8.577256798744201660e-01,-1.369457721710205078e+00,1.239516064524650574e-01,1.038613080978393555e+00,-1.245411992073059082e+00
-5.731936693191528320e-01,-6.992603540420532227e-01,3.172054886817932129e-01,-6.139678508043289185e-02,2.102005109190940857e-02,4.784817621111869812e-02,-9.967442750930786133e-01,-3.485586643218994141e-01,2.986867427825927734e-01,-1.002401471138000488e+00,3.819206357002258301e-01,-4.323056712746620178e-02,-8.377599716186523438e-01,-2.416386753320693970e-01,8.549916148185729980e-01,-1.361531853675842285e+00,1.174310520291328430e-01,1.038334727287292480e+00,-1.239216804504394531e+00
-5.718802213668823242e-01,-6.997501254081726074e-01,3.172281980514526367e-01,-6.652095168828964233e-02,1.981871388852596283e-02,4.505720362067222595e-02,-9.965701103210449219e-01,-3.626467585563659668e-01,3.042759895324707031e-01,-1.011689186096191406e+00,3.672308921813964844e-01,-4.133886098861694336e-02,-8.377599716186523438e-01,-2.501784265041351318e-01,8.505001664161682129e-01,-1.351369857788085938e+00,1.081061363220214844e-01,1.037504553794860840e+00,-1.232751369476318359e+00
-5.705561637878417969e-01,-7.002909779548645020e-01,3.173240125179290771e-01,-7.213461399078369141e-02,1.838813908398151398e-02,4.202763736248016357e-02,-9.963393807411193848e-01,-3.778730630874633789e-01,3.098563849925994873e-01,-1.021138072013854980e+00,3.513249158859252930e-01,-4.124613478779792786e-02,-8.377599716186523438e-01,-2.600385248661041260e-01,8.450887203216552734e-01,-1.340052604675292969e+00,9.757655113935470581e-02,1.035935044288635254e+00,-1.225820660591125488e+00
-5.692238211631774902e-01,-7.008260488510131836e-01,3.174909949302673340e-01,-7.758056372404098511e-02,1.676460541784763336e-02,3.916835412383079529e-02,-9.960753321647644043e-01,-3.927632570266723633e-01,3.152597248554229736e-01,-1.030755877494812012e+00,3.346473574638366699e-01,-4.165240004658699036e-02,-8.377599716186523438e-01,-2.700128853321075439e-01,8.393661975860595703e-01,-1.328459143638610840e+00,8.691968768835067749e-02,1.033193230628967285e+00,-1.217842698097229004e+00
-5.678549408912658691e-01,-7.013188600540161133e-01,3.176874816417694092e-01,-8.270151168107986450e-02,1.481802668422460556e-02,3.649208322167396545e-02,-9.957957863807678223e-01,-4.068661332130432129e-01,3.205005824565887451e-01,-1.041545510292053223e+00,3.179865479469299316e-01,-4.320365190505981445e-02,-8.377599716186523438e-01,-2.794972360134124756e-01,8.328019380569458008e-01,-1.315997123718261719e+00,7.652860134840011597e-02,1.029134631156921387e+00,-1.208828091621398926e+00
-5.664944052696228027e-01,-7.017467021942138672e-01,3.179966211318969727e-01,-8.705889433622360229e-02,1.288505643606185913e-02,3.406045958399772644e-02,-9.955373406410217285e-01,-4.195218086242675781e-01,3.257028162479400635e-01,-1.052019476890563965e+00,3.045275211334228516e-01,-4.474826529622077942e-02,-8.377599716186523438e-01,-2.875938415527343750e-01,8.261689543724060059e-01,-1.303081750869750977e+00,6.751492619514465332e-02,1.023989677429199219e+00,-1.198276042938232422e+00
-5.651470422744750977e-01,-7.020756602287292480e-01,3.184257149696350098e-01,-9.049759060144424438e-02,1.102383807301521301e-02,3.181783482432365417e-02,-9.953272342681884766e-01,-4.301124811172485352e-01,3.303895294666290283e-01,-1.061416745185852051e+00,2.945652604103088379e-01,-4.667509719729423523e-02,-8.377599716186523438e-01,-2.944292128086090088e-01,8.196209073066711426e-01,-1.290008783340454102e+00,6.000005826354026794e-02,1.018481731414794922e+00,-1.187143564224243164e+00
-5.638331174850463867e-01,-7.023258209228515625e-01,3.189486861228942871e-01,-9.293141216039657593e-02,9.486216120421886444e-03,2.995576523244380951e-02,-9.951765537261962891e-01,-4.383391439914703369e-01,3.354701995849609375e-01,-1.070255756378173828e+00,2.866628766059875488e-01,-4.747715592384338379e-02,-8.377599716186523438e-01,-2.995935380458831787e-01,8.142044544219970703e-01,-1.277832150459289551e+00,5.421165749430656433e-02,1.013144135475158691e+00,-1.175480723381042480e+00
-5.625156164169311523e-01,-7.025057077407836914e-01,3.194565773010253906e-01,-9.455314278602600098e-02,7.851328700780868530e-03,2.821240946650505066e-02,-9.950889945030212402e-01,-4.450170099735260010e-01,3.412285149097442627e-01,-1.080832362174987793e+00,2.795438170433044434e-01,-4.868686571717262268e-02,-8.377599716186523438e-01,-3.035432398319244385e-01,8.088394403457641602e-01,-1.266115903854370117e+00,4.973117262125015259e-02,1.007169842720031738e+00,-1.163097262382507324e+00
-5.611796975135803223e-01,-7.026578783988952637e-01,3.199639022350311279e-01,-9.554371237754821777e-02,6.193889304995536804e-03,2.643900178372859955e-02,-9.950547814369201660e-01,-4.503100216388702393e-01,3.475565016269683838e-01,-1.092667102813720703e+00,2.730263173580169678e-01,-5.012795329093933105e-02,-8.377599716186523438e-01,-3.066215515136718750e-01,8.037576079368591309e-01,-1.255238652229309082e+00,4.655372723937034607e-02,1.001000165939331055e+00,-1.150125980377197266e+00
-5.598497986793518066e-01,-7.027560472488403320e-01,3.204644024372100830e-01,-9.614575654268264771e-02,4.625252913683652878e-03,2.486660704016685486e-02,-9.950458407402038574e-01,-4.548193216323852539e-01,3.536924123764038086e-01,-1.104718208312988281e+00,2.675483524799346924e-01,-5.126807838678359985e-02,-8.377599716186523438e-01,-3.091181516647338867e-01,7.990388274192810059e-01,-1.244789242744445801e+00,4.393034428358078003e-02,9.947857260704040527e-01,-1.136882901191711426e+00
-5.585466027259826660e-01,-7.028172016143798828e-01,3.209848999977111816e-01,-9.634741395711898804e-02,3.235058626160025597e-03,2.329818159341812134e-02,-9.950698018074035645e-01,-4.577839076519012451e-01,3.601572513580322266e-01,-1.116323709487915039e+00,2.630056142807006836e-01,-5.163403227925300598e-02,-8.377599716186523438e-01,-3.112110495567321777e-01,7.950115203857421875e-01,-1.235089063644409180e+00,4.188998043537139893e-02,9.891278743743896484e-01,-1.123834729194641113e+00
-5.572692751884460449e-01,-7.028399705886840820e-01,3.214951455593109131e-01,-9.618594497442245483e-02,2.104067243635654449e-03,2.178045175969600677e-02,-9.951228499412536621e-01,-4.600419700145721436e-01,3.669563531875610352e-01,-1.128312706947326660e+00,2.593652009963989258e-01,-5.119091644883155823e-02,-8.377599716186523438e-01,-3.128559589385986328e-01,7.921412587165832520e-01,-1.227045774459838867e+00,4.060029983520507812e-02,9.840118885040283203e-01,-1.110528469085693359e+00
-5.559819936752319336e-01,-7.028321027755737305e-01,3.219607472419738770e-01,-9.570255130529403687e-02,1.028450322337448597e-03,2.020283415913581848e-02,-9.952043890953063965e-01,-4.608657658100128174e-01,3.741271793842315674e-01,-1.140690088272094727e+00,2.562507688999176025e-01,-5.058109760284423828e-02,-8.377599716186523438e-01,-3.140520751476287842e-01,7.897599339485168457e-01,-1.219811558723449707e+00,3.969305753707885742e-02,9.796366691589355469e-01,-1.098821759223937988e+00
-5.547081232070922852e-01,-7.028066515922546387e-01,3.223544061183929443e-01,-9.506612271070480347e-02,1.593908564245793968e-05,1.858965493738651276e-02,-9.952973723411560059e-01,-4.610928595066070557e-01,3.820084631443023682e-01,-1.154497623443603516e+00,2.536160051822662354e-01,-4.983956366777420044e-02,-8.377599716186523438e-01,-3.147514462471008301e-01,7.877708077430725098e-01,-1.213170289993286133e+00,3.940099105238914490e-02,9.755718111991882324e-01,-1.086806654930114746e+00
-5.534521341323852539e-01,-7.027681469917297363e-01,3.227151334285736084e-01,-9.423459321260452271e-02,-8.164601167663931847e-04,1.680719293653964996e-02,-9.954078197479248047e-01,-4.604578018188476562e-01,3.900629580020904541e-01,-1.168161511421203613e+00,2.514591813087463379e-01,-4.878734797239303589e-02,-8.377599716186523438e-01,-3.150453567504882812e-01,7.866129875183105469e-01,-1.207748055458068848e+00,3.968835994601249695e-02,9.723883867263793945e-01,-1.075191497802734375e+00
-5.522074699401855469e-01,-7.027086615562438965e-01,3.230395019054412842e-01,-9.320199489593505859e-02,-1.477150712162256241e-03,1.502817589789628983e-02,-9.955326914787292480e-01,-4.590716660022735596e-01,3.981915414333343506e-01,-1.181946396827697754e+00,2.494864165782928467e-01,-4.750972241163253784e-02,-8.377599716186523438e-01,-3.151425421237945557e-01,7.861704230308532715e-01,-1.202834725379943848e+00,4.019538685679435730e-02,9.699512124061584473e-01,-1.064514040946960449e+00
-5.509930849075317383e-01,-7.026288509368896484e-01,3.233345746994018555e-01,-9.220025688409805298e-02,-1.887518330477178097e-03,1.329802535474300385e-02,-9.956498742103576660e-01,-4.573680460453033447e-01,4.074495732784271240e-01,-1.197079420089721680e+00,2.472288459539413452e-01,-4.543979093432426453e-02,-8.377599716186523438e-01,-3.153018653392791748e-01,7.865421175956726074e-01,-1.198560237884521484e+00,4.038910567760467529e-02,9.684298634529113770e-01,-1.054686188697814941e+00
-5.497854948043823242e-01,-7.025498747825622559e-01,3.235466182231903076e-01,-9.127678722143173218e-02,-2.275771694257855415e-03,1.149500161409378052e-02,-9.957566261291503906e-01,-4.558954238891601562e-01,4.184671640396118164e-01,-1.216094732284545898e+00,2.446236759424209595e-01,-4.371822252869606018e-02,-8.377599716186523438e-01,-3.153842091560363770e-01,7.871556282043457031e-01,-1.194831252098083496e+00,4.064658656716346741e-02,9.675028920173645020e-01,-1.045678019523620605e+00
-5.485986471176147461e-01,-7.024340033531188965e-01,3.237138390541076660e-01,-9.018012136220932007e-02,-2.616490004584193230e-03,9.754742495715618134e-03,-9.958742856979370117e-01,-4.536804556846618652e-01,4.290185868740081787e-01,-1.236033320426940918e+00,2.423887550830841064e-01,-4.192754253745079041e-02,-8.377599716186523438e-01,-3.150837421417236328e-01,7.881357669830322266e-01,-1.191681504249572754e+00,4.093276336789131165e-02,9.667222499847412109e-01,-1.037060618400573730e+00
-5.474429726600646973e-01,-7.023025751113891602e-01,3.238431215286254883e-01,-8.907168358564376831e-02,-2.912963042035698891e-03,8.187018334865570068e-03,-9.959872961044311523e-01,-4.509977698326110840e-01,4.402875006198883057e-01,-1.258436679840087891e+00,2.401988804340362549e-01,-4.009756818413734436e-02,-8.377599716186523438e-01,-3.146120607852935791e-01,7.892916202545166016e-01,-1.188629746437072754e+00,4.127496108412742615e-02,9.659879207611083984e-01,-1.028571367263793945e+00
-5.462887883186340332e-01,-7.021483778953552246e-01,3.239290416240692139e-01,-8.795291185379028320e-02,-3.170113079249858856e-03,6.594496313482522964e-03,-9.960977435111999512e-01,-4.485333859920501709e-01,4.528958201408386230e-01,-1.284322023391723633e+00,2.379174828529357910e-01,-3.843652084469795227e-02,-8.377599716186523438e-01,-3.141363561153411865e-01,7.903707027435302734e-01,-1.185306906700134277e+00,4.170530289411544800e-02,9.655392765998840332e-01,-1.020305752754211426e+00
-5.451642274856567383e-01,-7.019563913345336914e-01,3.239865601062774658e-01,-8.677428960800170898e-02,-3.394717350602149963e-03,5.049333442002534866e-03,-9.962094426155090332e-01,-4.460978507995605469e-01,4.656641185283660889e-01,-1.312405228614807129e+00,2.356972396373748779e-01,-3.673030063509941101e-02,-8.377599716186523438e-01,-3.137120008468627930e-01,7.918772697448730469e-01,-1.182926297187805176e+00,4.219976067543029785e-02,9.651577472686767578e-01,-1.012603044509887695e+00
-5.440622568130493164e-01,-7.017641067504882812e-01,3.240067064762115479e-01,-8.581329137086868286e-02,-3.600651165470480919e-03,3.651026403531432152e-03,-9.962980151176452637e-01,-4.442707002162933350e-01,4.788168072700500488e-01,-1.343111515045166016e+00,2.331023961305618286e-01,-3.519743308424949646e-02,-8.377599716186523438e-01,-3.136802911758422852e-01,7.934306859970092773e-01,-1.180605173110961914e+00,4.226578027009963989e-02,9.651829600334167480e-01,-1.005983948707580566e+00
-5.430076718330383301e-01,-7.015451192855834961e-01,3.240137398242950439e-01,-8.482485264539718628e-02,-3.765392350032925606e-03,2.359932987019419670e-03,-9.963859915733337402e-01,-4.416455924510955811e-01,4.904161095619201660e-01,-1.373445153236389160e+00,2.307449430227279663e-01,-3.360343351960182190e-02,-8.377599716186523438e-01,-3.138261735439300537e-01,7.951825857162475586e-01,-1.179038047790527344e+00,4.262606799602508545e-02,9.651456475257873535e-01,-9.995793104171752930e-01
-5.419663190841674805e-01,-7.013238668441772461e-01,3.240217566490173340e-01,-8.393965661525726318e-02,-3.936508670449256897e-03,1.001978293061256409e-03,-9.964625835418701172e-01,-4.399462640285491943e-01,5.004781484603881836e-01,-1.404086112976074219e+00,2.280526012182235718e-01,-3.203991800546646118e-02,-8.377599716186523438e-01,-3.142956197261810303e-01,7.969161868095397949e-01,-1.177698135375976562e+00,4.286925122141838074e-02,9.650743007659912109e-01,-9.930502772331237793e-01
-5.409662127494812012e-01,-7.010736465454101562e-01,3.240431845188140869e-01,-8.317352086305618286e-02,-4.129438661038875580e-03,-3.934330306947231293e-04,-9.965264201164245605e-01,-4.392035305500030518e-01,5.129030942916870117e-01,-1.439677119255065918e+00,2.252163290977478027e-01,-3.055822104215621948e-02,-8.377599716186523438e-01,-3.151096105575561523e-01,7.982192635536193848e-01,-1.176038980484008789e+00,4.285287111997604370e-02,9.647275209426879883e-01,-9.864537715911865234e-01
-5.399761795997619629e-01,-7.008227109909057617e-01,3.240650296211242676e-01,-8.239925652742385864e-02,-4.338881466537714005e-03,-1.687521813437342644e-03,-9.965885281562805176e-01,-4.383498132228851318e-01,5.255381464958190918e-01,-1.477278351783752441e+00,2.223984748125076294e-01,-2.931376546621322632e-02,-8.377599716186523438e-01,-3.157621026039123535e-01,7.996348738670349121e-01,-1.174556016921997070e+00,4.289881512522697449e-02,9.642708301544189453e-01,-9.798871278762817383e-01
-5.390052199363708496e-01,-7.005563378334045410e-01,3.240923583507537842e-01,-8.172831684350967407e-02,-4.571960307657718658e-03,-2.902949228882789612e-03,-9.966399073600769043e-01,-4.366531074047088623e-01,5.359570384025573730e-01,-1.513419389724731445e+00,2.195174992084503174e-01,-2.813151665031909943e-02,-8.377599716186523438e-01,-3.165851533412933350e-01,8.009891510009765625e-01,-1.173207044601440430e+00,4.269434511661529541e-02,9.634447693824768066e-01,-9.727863669395446777e-01
-5.380533337593078613e-01,-7.002784609794616699e-01,3.241430222988128662e-01,-8.108101040124893188e-02,-4.863244947046041489e-03,-4.410855006426572800e-03,-9.966858625411987305e-01,-4.328303337097167969e-01,5.454699993133544922e-01,-1.547348856925964355e+00,2.161741852760314941e-01,-2.717342413961887360e-02,-8.377599716186523438e-01,-3.173612952232360840e-01,8.018931746482849121e-01,-1.171220541000366211e+00,4.245959222316741943e-02,9.623069763183593750e-01,-9.651853442192077637e-01
-5.371344685554504395e-01,-6.999820470809936523e-01,3.242207467555999756e-01,-8.042497187852859497e-02,-5.125541705638170242e-03,-5.937771406024694443e-03,-9.967297911643981934e-01,-4.276501536369323730e-01,5.523795485496520996e-01,-1.578367233276367188e+00,2.125383466482162476e-01,-2.574806287884712219e-02,-8.377599716186523438e-01,-3.178808093070983887e-01,8.025710582733154297e-01,-1.168560147285461426e+00,4.193817824125289917e-02,9.611514806747436523e-01,-9.581054449081420898e-01
-5.362265706062316895e-01,-6.996895670890808105e-01,3.243002891540527344e-01,-7.987746596336364746e-02,-5.444792564958333969e-03,-7.607616484165191650e-03,-9.967607855796813965e-01,-4.213902950286865234e-01,5.525972247123718262e-01,-1.602181792259216309e+00,2.087282091379165649e-01,-2.459207177162170410e-02,-8.377599716186523438e-01,-3.186425864696502686e-01,8.030775189399719238e-01,-1.165778636932373047e+00,4.123544692993164062e-02,9.599123001098632812e-01,-9.508685469627380371e-01
-5.353126525878906250e-01,-6.993862390518188477e-01,3.243968188762664795e-01,-7.917854934930801392e-02,-5.714279133826494217e-03,-9.464355185627937317e-03,-9.967991709709167480e-01,-4.127281308174133301e-01,5.511228442192077637e-01,-1.621287584304809570e+00,2.044591754674911499e-01,-2.332871034741401672e-02,-8.377599716186523438e-01,-3.188738524913787842e-01,8.037247061729431152e-01,-1.162870764732360840e+00,4.087205603718757629e-02,9.587395191192626953e-01,-9.433527588844299316e-01
-5.343924760818481445e-01,-6.990714669227600098e-01,3.244994282722473145e-01,-7.825821638107299805e-02,-5.982278846204280853e-03,-1.133814733475446701e-02,-9.968506693840026855e-01,-4.013292789459228516e-01,5.433509945869445801e-01,-1.629919767379760742e+00,2.008410692214965820e-01,-2.209028601646423340e-02,-8.377599716186523438e-01,-3.186455965042114258e-01,8.044993877410888672e-01,-1.160045266151428223e+00,4.106565192341804504e-02,9.575510025024414062e-01,-9.358510971069335938e-01
-5.334512591361999512e-01,-6.987633109092712402e-01,3.246134817600250244e-01,-7.719393074512481689e-02,-6.228897254914045334e-03,-1.339998748153448105e-02,-9.969065785408020020e-01,-3.875834345817565918e-01,5.316935181617736816e-01,-1.630646228790283203e+00,1.971050351858139038e-01,-2.085265517234802246e-02,-8.377599716186523438e-01,-3.181612491607666016e-01,8.053399920463562012e-01,-1.157341480255126953e+00,4.170007258653640747e-02,9.564886093139648438e-01,-9.283946752548217773e-01
-5.325124859809875488e-01,-6.984495520591735840e-01,3.247675895690917969e-01,-7.609320431947708130e-02,-6.359231658279895782e-03,-1.535567268729209900e-02,-9.969621896743774414e-01,-3.713636398315429688e-01,5.146626830101013184e-01,-1.621104717254638672e+00,1.934490799903869629e-01,-1.879448629915714264e-02,-8.377599716186523438e-01,-3.178779482841491699e-01,8.064388632774353027e-01,-1.154824733734130859e+00,4.236276447772979736e-02,9.557110667228698730e-01,-9.208703041076660156e-01
-5.315523743629455566e-01,-6.981296539306640625e-01,3.249226510524749756e-01,-7.480697333812713623e-02,-6.552528124302625656e-03,-1.735196821391582489e-02,-9.970255494117736816e-01,-3.529167473316192627e-01,4.912887215614318848e-01,-1.600143313407897949e+00,1.904565393924713135e-01,-1.686063036322593689e-02,-8.377599716186523438e-01,-3.173311054706573486e-01,8.074532747268676758e-01,-1.152419805526733398e+00,4.329619556665420532e-02,9.544607400894165039e-01,-9.128838181495666504e-01
-5.305787324905395508e-01,-6.978239417076110840e-01,3.251015245914459229e-01,-7.356746494770050049e-02,-6.677829194813966751e-03,-1.947783865034580231e-02,-9.970776438713073730e-01,-3.331681191921234131e-01,4.660044908523559570e-01,-1.573372244834899902e+00,1.866250485181808472e-01,-1.462608389556407928e-02,-8.377599716186523438e-01,-3.168618381023406982e-01,8.088176846504211426e-01,-1.150573492050170898e+00,4.408681392669677734e-02,9.534592628479003906e-01,-9.043825864791870117e-01
-5.296199917793273926e-01,-6.975415349006652832e-01,3.254198431968688965e-01,-7.248315215110778809e-02,-7.139222696423530579e-03,-2.178010530769824982e-02,-9.971062541007995605e-01,-3.123703598976135254e-01,4.356405436992645264e-01,-1.537550330162048340e+00,1.820558756589889526e-01,-1.288136094808578491e-02,-8.377599716186523438e-01,-3.165903985500335693e-01,8.077548146247863770e-01,-1.145790219306945801e+00,4.457556456327438354e-02,9.502584338188171387e-01,-8.938652276992797852e-01
-5.286306142807006836e-01,-6.972395777702331543e-01,3.255942463874816895e-01,-7.095582783222198486e-02,-7.274643983691930771e-03,-2.423288859426975250e-02,-9.971585273742675781e-01,-2.893370985984802246e-01,4.032912552356719971e-01,-1.494901061058044434e+00,1.786347627639770508e-01,-1.077244710177183151e-02,-8.377599716186523438e-01,-3.154009580612182617e-01,8.090426325798034668e-01,-1.144084215164184570e+00,4.624607041478157043e-02,9.493247270584106445e-01,-8.851827979087829590e-01
-5.276390314102172852e-01,-6.969160437583923340e-01,3.257614970207214355e-01,-6.945528090000152588e-02,-7.284855935722589493e-03,-2.682273648679256439e-02,-9.971978068351745605e-01,-2.652490437030792236e-01,3.661440610885620117e-01,-1.443511843681335449e+00,1.746444404125213623e-01,-8.274158462882041931e-03,-8.377599716186523438e-01,-3.143801391124725342e-01,8.106687068939208984e-01,-1.142241597175598145e+00,4.802905395627021790e-02,9.490583539009094238e-01,-8.769041895866394043e-01
-5.266490578651428223e-01,-6.965936422348022461e-01,3.259181082248687744e-01,-6.802577525377273560e-02,-7.081434130668640137e-03,-2.962097153067588806e-02,-9.972186088562011719e-01,-2.403806298971176147e-01,3.271100819110870361e-01,-1.386681318283081055e+00,1.700768619775772095e-01,-4.969958681613206863e-03,-8.377599716186523438e-01,-3.133774101734161377e-01,8.131592273712158203e-01,-1.141112565994262695e+00,4.970580711960792542e-02,9.504958391189575195e-01,-8.710730075836181641e-01
-5.256637930870056152e-01,-6.962885260581970215e-01,3.260954022407531738e-01,-6.660386919975280762e-02,-6.694980897009372711e-03,-3.237000852823257446e-02,-9.972317814826965332e-01,-2.140718400478363037e-01,2.838473618030548096e-01,-1.320922374725341797e+00,1.654967069625854492e-01,-7.240716367959976196e-04,-8.377599716186523438e-01,-3.123136758804321289e-01,8.162360787391662598e-01,-1.140363335609436035e+00,5.169577151536941528e-02,9.526965022087097168e-01,-8.655391931533813477e-01
-5.246814489364624023e-01,-6.959802508354187012e-01,3.262904286384582520e-01,-6.527224183082580566e-02,-6.360531318932771683e-03,-3.525798022747039795e-02,-9.972241520881652832e-01,-1.878920197486877441e-01,2.396378070116043091e-01,-1.252259016036987305e+00,1.606633961200714111e-01,3.288443200290203094e-03,-8.377599716186523438e-01,-3.114032745361328125e-01,8.189029097557067871e-01,-1.139125108718872070e+00,5.376896262168884277e-02,9.550281167030334473e-01,-8.605490326881408691e-01
-5.236930251121520996e-01,-6.956948637962341309e-01,3.264611065387725830e-01,-6.422570347785949707e-02,-5.806566681712865829e-03,-3.841299936175346375e-02,-9.971789121627807617e-01,-1.622274518013000488e-01,1.949297189712524414e-01,-1.179857015609741211e+00,1.548932641744613647e-01,7.925480604171752930e-03,-8.377599716186523438e-01,-3.109419941902160645e-01,8.224223256111145020e-01,-1.138521790504455566e+00,5.558501183986663818e-02,9.596229791641235352e-01,-8.585495352745056152e-01
-5.226801037788391113e-01,-6.954164505004882812e-01,3.266427814960479736e-01,-6.329637765884399414e-02,-5.122339352965354919e-03,-4.160221293568611145e-02,-9.971141219139099121e-01,-1.369772106409072876e-01,1.491404622793197632e-01,-1.103152990341186523e+00,1.488275378942489624e-01,1.296360790729522705e-02,-8.377599716186523438e-01,-3.105551600456237793e-01,8.264531493186950684e-01,-1.138200521469116211e+00,5.746124312281608582e-02,9.655131697654724121e-01,-8.580285310745239258e-01
-5.216572284698486328e-01,-6.951519846916198730e-01,3.268234431743621826e-01,-6.276997178792953491e-02,-4.139311145991086960e-03,-4.508442059159278870e-02,-9.970005750656127930e-01,-1.128255277872085571e-01,1.047274917364120483e-01,-1.024616360664367676e+00,1.415652930736541748e-01,1.924896612763404846e-02,-8.377599716186523438e-01,-3.109500110149383545e-01,8.316042423248291016e-01,-1.138657927513122559e+00,5.880359932780265808e-02,9.740760922431945801e-01,-8.611433506011962891e-01
-5.206118226051330566e-01,-6.948992609977722168e-01,3.270055651664733887e-01,-6.239439547061920166e-02,-2.936833072453737259e-03,-4.877507686614990234e-02,-9.968547224998474121e-01,-9.064187854528427124e-02,6.286573410034179688e-02,-9.464057087898254395e-01,1.334644556045532227e-01,2.641462720930576324e-02,-8.377599716186523438e-01,-3.116085827350616455e-01,8.375818133354187012e-01,-1.139712810516357422e+00,5.996620282530784607e-02,9.846029877662658691e-01,-8.667252659797668457e-01
-5.195301175117492676e-01,-6.946979165077209473e-01,3.271764814853668213e-01,-6.241737678647041321e-02,-1.712935161776840687e-03,-5.271380022168159485e-02,-9.966555833816528320e-01,-7.086495310068130493e-02,2.087291330099105835e-02,-8.655272126197814941e-01,1.245316043496131897e-01,3.361221030354499817e-02,-8.377599716186523438e-01,-3.129064142704010010e-01,8.437006473541259766e-01,-1.140742063522338867e+00,6.050242111086845398e-02,9.966250061988830566e-01,-8.745757937431335449e-01
-5.182703733444213867e-01,-6.938903927803039551e-01,3.268033266067504883e-01,-5.560977011919021606e-02,-3.541840007528662682e-03,-5.965270847082138062e-02,-9.966627359390258789e-01,-4.707381874322891235e-02,-3.745739813894033432e-03,-8.382616043090820312e-01,1.224224120378494263e-01,3.444700315594673157e-02,-8.377599716186523438e-01,-2.980736792087554932e-01,8.420314788818359375e-01,-1.140740633010864258e+00,7.733269035816192627e-02,9.951656460762023926e-01,-8.690062165260314941e-01
-5.168814659118652344e-01,-6.928895115852355957e-01,3.262854516506195068e-01,-4.664864018559455872e-02,-6.619039457291364670e-03,-6.870944052934646606e-02,-9.965234994888305664e-01,-2.626170963048934937e-02,-1.878453604876995087e-02,-8.377612829208374023e-01,1.202830746769905090e-01,3.300872072577476501e-02,-8.377599716186523438e-01,-2.761474549770355225e-01,8.358578681945800781e-01,-1.138458728790283203e+00,1.009259521961212158e-01,9.886748790740966797e-01,-8.578763604164123535e-01
-5.154949426651000977e-01,-6.920006275177001953e-01,3.258788287639617920e-01,-3.931914642453193665e-02,-8.940500207245349884e-03,-7.825358957052230835e-02,-9.961177110671997070e-01,-1.083096768707036972e-02,-2.851605601608753204e-02,-8.377600312232971191e-01,1.141602769494056702e-01,3.390929847955703735e-02,-8.377599716186523438e-01,-2.572673559188842773e-01,8.309454321861267090e-01,-1.135877966880798340e+00,1.208848580718040466e-01,9.864834547042846680e-01,-8.512523770332336426e-01
-5.140774250030517578e-01,-6.913287639617919922e-01,3.255742192268371582e-01,-3.270095214247703552e-02,-1.106448471546173096e-02,-8.857516199350357056e-02,-9.954710602760314941e-01,8.210864616557955742e-04,-3.632554784417152405e-02,-8.377599716186523438e-01,1.058216765522956848e-01,3.550262749195098877e-02,-8.377599716186523438e-01,-2.386533617973327637e-01,8.250013589859008789e-01,-1.131781339645385742e+00,1.396098434925079346e-01,9.857637286186218262e-01,-8.473052382469177246e-01
-5.126774907112121582e-01,-6.909533143043518066e-01,3.249332904815673828e-01,-3.157962113618850708e-02,-1.331407949328422546e-02,-9.713031351566314697e-02,-9.946814179420471191e-01,3.250633133575320244e-03,-3.746841475367546082e-02,-8.377599716186523438e-01,9.122613817453384399e-02,4.668578132987022400e-02,-8.574692606925964355e-01,-2.338114380836486816e-01,8.206632733345031738e-01,-1.128286242485046387e+00,1.427279710769653320e-01,9.933231472969055176e-01,-8.591003417968750000e-01
-5.112880468368530273e-01,-6.908457875251770020e-01,3.244777023792266846e-01,-3.168921917676925659e-02,-1.478587277233600616e-02,-1.058407127857208252e-01,-9.937680363655090332e-01,1.767071080394089222e-03,-3.286699578166007996e-02,-8.377599716186523438e-01,7.444679737091064453e-02,5.767060816287994385e-02,-8.723216652870178223e-01,-2.313363105058670044e-01,8.178369402885437012e-01,-1.124595642089843750e+00,1.433513611555099487e-01,1.006185531616210938e+00,-8.796037435531616211e-01
-5.098721981048583984e-01,-6.908833384513854980e-01,3.241076171398162842e-01,-3.241613134741783142e-02,-1.539279706776142120e-02,-1.147757470607757568e-01,-9.927430748939514160e-01,-2.694787923246622086e-03,-2.416749112308025360e-02,-8.377599716186523438e-01,5.636612325906753540e-02,6.888747960329055786e-02,-8.823212385177612305e-01,-2.301457226276397705e-01,8.178913593292236328e-01,-1.122624635696411133e+00,1.424491703510284424e-01,1.024078845977783203e+00,-9.084586501121520996e-01
-5.085195302963256836e-01,-6.911335587501525879e-01,3.236356973648071289e-01,-3.359638527035713196e-02,-1.470569055527448654e-02,-1.241225153207778931e-01,-9.915889501571655273e-01,-9.513344615697860718e-03,-1.035142503678798676e-02,-8.377599716186523438e-01,3.747262060642242432e-02,8.102001249790191650e-02,-8.872873187065124512e-01,-2.293238490819931030e-01,8.231989145278930664e-01,-1.125704646110534668e+00,1.413568854331970215e-01,1.049775481224060059e+00,-9.503765702247619629e-01
-5.071050524711608887e-01,-6.913787722587585449e-01,3.233025074005126953e-01,-3.473780676722526550e-02,-1.323711313307285309e-02,-1.335048526525497437e-01,-9.903507232666015625e-01,-1.761433482170104980e-02,7.205081637948751450e-03,-8.377599716186523438e-01,1.908319815993309021e-02,9.244698286056518555e-02,-8.863853216171264648e-01,-2.288482040166854858e-01,8.314354419708251953e-01,-1.130681276321411133e+00,1.395226567983627319e-01,1.076216816902160645e+00,-9.965666532516479492e-01
-5.054619908332824707e-01,-6.913727521896362305e-01,3.227737545967102051e-01,-3.425991162657737732e-02,-1.379632670432329178e-02,-1.428527384996414185e-01,-9.890546202659606934e-01,-2.552553080022335052e-02,1.529040094465017319e-02,-8.377599716186523438e-01,3.560219658538699150e-03,1.045714691281318665e-01,-8.948501348495483398e-01,-2.255182713270187378e-01,8.331258893013000488e-01,-1.131120085716247559e+00,1.370673626661300659e-01,1.090405821800231934e+00,-1.038076519966125488e+00
-5.037027597427368164e-01,-6.913067698478698730e-01,3.218858242034912109e-01,-3.255436196923255920e-02,-1.576131582260131836e-02,-1.525493115186691284e-01,-9.876337647438049316e-01,-3.289074078202247620e-02,1.297124940901994705e-02,-8.377599716186523438e-01,-1.038375589996576309e-02,1.180319115519523621e-01,-9.120714068412780762e-01,-2.191747874021530151e-01,8.305138349533081055e-01,-1.129405379295349121e+00,1.347246468067169189e-01,1.097492575645446777e+00,-1.082927465438842773e+00
-5.019088387489318848e-01,-6.913679242134094238e-01,3.212562501430511475e-01,-3.078575246036052704e-02,-1.730260439217090607e-02,-1.613781452178955078e-01,-9.862605929374694824e-01,-4.357696324586868286e-02,9.600706398487091064e-03,-8.377599716186523438e-01,-2.209127508103847504e-02,1.310610920190811157e-01,-9.263262152671813965e-01,-2.134700566530227661e-01,8.282914161682128906e-01,-1.126508235931396484e+00,1.292701363563537598e-01,1.101103663444519043e+00,-1.130083680152893066e+00
-5.000978112220764160e-01,-6.914822459220886230e-01,3.208270967006683350e-01,-2.948177047073841095e-02,-1.823164336383342743e-02,-1.695135086774826050e-01,-9.849180579185485840e-01,-5.788566917181015015e-02,6.930060219019651413e-03,-8.377599716186523438e-01,-3.302343189716339111e-02,1.435551941394805908e-01,-9.368073344230651855e-01,-2.093898504972457886e-01,8.274703025817871094e-01,-1.123365044593811035e+00,1.199179366230964661e-01,1.102259755134582520e+00,-1.179195761680603027e+00
-4.982669949531555176e-01,-6.916723847389221191e-01,3.206003308296203613e-01,-2.855109423398971558e-02,-1.833828538656234741e-02,-1.770994961261749268e-01,-9.836078286170959473e-01,-7.281377911567687988e-02,6.307463627308607101e-03,-8.377599716186523438e-01,-4.325143992900848389e-02,1.563233286142349243e-01,-9.434095621109008789e-01,-2.062829732894897461e-01,8.292917013168334961e-01,-1.121559023857116699e+00,1.079484522342681885e-01,1.101279616355895996e+00,-1.227546453475952148e+00
-4.964147210121154785e-01,-6.918376088142395020e-01,3.204920887947082520e-01,-2.782563120126724243e-02,-1.796964555978775024e-02,-1.844459623098373413e-01,-9.822843074798583984e-01,-8.655862510204315186e-02,6.212628446519374847e-03,-8.377599716186523438e-01,-5.317604914307594299e-02,1.696487963199615479e-01,-9.482133984565734863e-01,-2.036140114068984985e-01,8.324581384658813477e-01,-1.120231509208679199e+00,9.427103400230407715e-02,1.096851468086242676e+00,-1.272979259490966797e+00
-4.945544600486755371e-01,-6.919428110122680664e-01,3.204565346240997314e-01,-2.705880813300609589e-02,-1.739174500107765198e-02,-1.915728598833084106e-01,-9.809511899948120117e-01,-9.945116192102432251e-02,6.056519225239753723e-03,-8.377599716186523438e-01,-6.243949383497238159e-02,1.830279380083084106e-01,-9.524213671684265137e-01,-2.007303237915039062e-01,8.364071846008300781e-01,-1.119139790534973145e+00,7.927182316780090332e-02,1.087834954261779785e+00,-1.313547730445861816e+00
-4.926595091819763184e-01,-6.920542716979980469e-01,3.204923272132873535e-01,-2.607553452253341675e-02,-1.672169938683509827e-02,-1.986609101295471191e-01,-9.795786142349243164e-01,-1.113638505339622498e-01,5.895967129617929459e-03,-8.377599716186523438e-01,-7.058861106634140015e-02,1.975953727960586548e-01,-9.574707746505737305e-01,-1.971405148506164551e-01,8.398939967155456543e-01,-1.117228865623474121e+00,6.349786370992660522e-02,1.073930263519287109e+00,-1.349113464355468750e+00
-4.907512962818145752e-01,-6.922229528427124023e-01,3.206032514572143555e-01,-2.502928860485553741e-02,-1.593352109193801880e-02,-2.055364996194839478e-01,-9.781996011734008789e-01,-1.232088655233383179e-01,6.436950992792844772e-03,-8.377599716186523438e-01,-7.774253189563751221e-02,2.127700448036193848e-01,-9.632104635238647461e-01,-1.931802928447723389e-01,8.436589837074279785e-01,-1.115774989128112793e+00,4.748249053955078125e-02,1.055564522743225098e+00,-1.378183841705322266e+00
-4.888342618942260742e-01,-6.924288868904113770e-01,3.207602798938751221e-01,-2.399200014770030975e-02,-1.488421577960252762e-02,-2.124694883823394775e-01,-9.767597317695617676e-01,-1.348903179168701172e-01,8.375773206353187561e-03,-8.377599716186523438e-01,-8.446355164051055908e-02,2.288384288549423218e-01,-9.691348075866699219e-01,-1.890838295221328735e-01,8.480462431907653809e-01,-1.114669442176818848e+00,3.127382695674896240e-02,1.033994197845458984e+00,-1.401607751846313477e+00
-4.869018793106079102e-01,-6.926928758621215820e-01,3.209144771099090576e-01,-2.286778762936592102e-02,-1.364013832062482834e-02,-2.193928211927413940e-01,-9.752731919288635254e-01,-1.455292552709579468e-01,1.095806900411844254e-02,-8.377599716186523438e-01,-9.016927331686019897e-02,2.457109838724136353e-01,-9.760569930076599121e-01,-1.843552589416503906e-01,8.528617620468139648e-01,-1.113822817802429199e+00,1.555320434272289276e-02,1.009636044502258301e+00,-1.418771028518676758e+00
-4.849229454994201660e-01,-6.930451393127441406e-01,3.210220634937286377e-01,-2.203834801912307739e-02,-1.236320659518241882e-02,-2.266445904970169067e-01,-9.736496806144714355e-01,-1.556592732667922974e-01,1.392269413918256760e-02,-8.377599716186523438e-01,-9.599150717258453369e-02,2.637018859386444092e-01,-9.842087030410766602e-01,-1.794923394918441772e-01,8.581016063690185547e-01,-1.113876938819885254e+00,9.721854585222899914e-04,9.836032986640930176e-01,-1.429604411125183105e+00
-4.828905165195465088e-01,-6.934869885444641113e-01,3.210727572441101074e-01,-2.133382111787796021e-02,-1.089654304087162018e-02,-2.342207580804824829e-01,-9.718882441520690918e-01,-1.651431620121002197e-01,1.769194006919860840e-02,-8.377599716186523438e-01,-1.016379222273826599e-01,2.822614312171936035e-01,-9.926061630249023438e-01,-1.741576790809631348e-01,8.638628721237182617e-01,-1.114220976829528809e+00,-1.309132110327482224e-02,9.564272165298461914e-01,-1.434904575347900391e+00
-4.808290600776672363e-01,-6.940636038780212402e-01,3.210949301719665527e-01,-2.086576446890830994e-02,-9.141031652688980103e-03,-2.420449554920196533e-01,-9.699975848197937012e-01,-1.743185967206954956e-01,2.274545095860958099e-02,-8.377599716186523438e-01,-1.070391610264778137e-01,3.019852638244628906e-01,-1.001343131065368652e+00,-1.683861911296844482e-01,8.704788088798522949e-01,-1.115455508232116699e+00,-2.594829723238945007e-02,9.285979270935058594e-01,-1.434015274047851562e+00
-4.787158071994781494e-01,-6.947137713432312012e-01,3.210419118404388428e-01,-2.048477716743946075e-02,-7.420268375426530838e-03,-2.498924136161804199e-01,-9.680284857749938965e-01,-1.827697753906250000e-01,2.757330611348152161e-02,-8.377599716186523438e-01,-1.120211407542228699e-01,3.221899271011352539e-01,-1.011401057243347168e+00,-1.621936708688735962e-01,8.772638440132141113e-01,-1.117408752441406250e+00,-3.753102943301200867e-02,8.998437523841857910e-01,-1.427169322967529297e+00
-4.765757024288177490e-01,-6.954771280288696289e-01,3.209891021251678467e-01,-2.008415572345256805e-02,-5.528023000806570053e-03,-2.576569020748138428e-01,-9.660118818283081055e-01,-1.905151605606079102e-01,3.316587954759597778e-02,-8.377599716186523438e-01,-1.157156154513359070e-01,3.425494730472564697e-01,-1.021938920021057129e+00,-1.553732752799987793e-01,8.844900131225585938e-01,-1.119763255119323730e+00,-4.788289964199066162e-02,8.714987039566040039e-01,-1.416789650917053223e+00
-4.743963778018951416e-01,-6.963034868240356445e-01,3.209179341793060303e-01,-1.973530650138854980e-02,-3.495608223602175713e-03,-2.652788758277893066e-01,-9.639633893966674805e-01,-1.977178752422332764e-01,3.947438299655914307e-02,-8.377599716186523438e-01,-1.187334135174751282e-01,3.628291785717010498e-01,-1.032653093338012695e+00,-1.480928510427474976e-01,8.918826580047607422e-01,-1.122393131256103516e+00,-5.726619437336921692e-02,8.442006111145019531e-01,-1.404453158378601074e+00
-4.721817374229431152e-01,-6.971902847290039062e-01,3.208442926406860352e-01,-1.918263360857963562e-02,-1.373792998492717743e-03,-2.725320756435394287e-01,-9.619544744491577148e-01,-2.040513604879379272e-01,4.566691070795059204e-02,-8.377599716186523438e-01,-1.204673349857330322e-01,3.831437528133392334e-01,-1.044593811035156250e+00,-1.401524245738983154e-01,8.996949791908264160e-01,-1.125975012779235840e+00,-6.501788645982742310e-02,8.179583549499511719e-01,-1.390885233879089355e+00
-4.699069261550903320e-01,-6.981065869331359863e-01,3.207249641418457031e-01,-1.861242577433586121e-02,8.136346586979925632e-04,-2.796981036663055420e-01,-9.599072337150573730e-01,-2.098528742790222168e-01,5.209432914853096008e-02,-8.377599716186523438e-01,-1.214802190661430359e-01,4.038661420345306396e-01,-1.058173894882202148e+00,-1.318230032920837402e-01,9.074568748474121094e-01,-1.129472613334655762e+00,-7.175611704587936401e-02,7.940613031387329102e-01,-1.378519296646118164e+00
-4.675657749176025391e-01,-6.991090178489685059e-01,3.205745816230773926e-01,-1.806439831852912903e-02,3.154290374368429184e-03,-2.867746949195861816e-01,-9.578225016593933105e-01,-2.154252827167510986e-01,5.902245268225669861e-02,-8.377599716186523438e-01,-1.214812099933624268e-01,4.256598353385925293e-01,-1.073727846145629883e+00,-1.229518279433250427e-01,9.156608581542968750e-01,-1.133472323417663574e+00,-7.760905474424362183e-02,7.733746170997619629e-01,-1.368989109992980957e+00
-4.651246964931488037e-01,-7.001734972000122070e-01,3.203563988208770752e-01,-1.808175444602966309e-02,5.661379080265760422e-03,-2.939501106739044189e-01,-9.556329250335693359e-01,-2.216831445693969727e-01,6.708402186632156372e-02,-8.377599716186523438e-01,-1.220016479492187500e-01,4.487442672252655029e-01,-1.091288328170776367e+00,-1.144514530897140503e-01,9.248827695846557617e-01,-1.138244271278381348e+00,-8.325893431901931763e-02,7.578512430191040039e-01,-1.363422393798828125e+00
-4.625813961029052734e-01,-7.012869119644165039e-01,3.200153708457946777e-01,-1.866734027862548828e-02,8.137813769280910492e-03,-3.011523783206939697e-01,-9.533585309982299805e-01,-2.284627705812454224e-01,7.560330629348754883e-02,-8.377599716186523438e-01,-1.230600327253341675e-01,4.730727970600128174e-01,-1.111841082572937012e+00,-1.061213761568069458e-01,9.348134398460388184e-01,-1.144414067268371582e+00,-8.862370252609252930e-02,7.478603720664978027e-01,-1.360912680625915527e+00
-4.599421620368957520e-01,-7.024139761924743652e-01,3.195163011550903320e-01,-2.047917619347572327e-02,1.051680929958820343e-02,-3.086210787296295166e-01,-9.509063959121704102e-01,-2.377630621194839478e-01,8.500791341066360474e-02,-8.377599716186523438e-01,-1.257196217775344849e-01,4.987079501152038574e-01,-1.134955763816833496e+00,-9.992670267820358276e-02,9.457979798316955566e-01,-1.150813579559326172e+00,-9.403087943792343140e-02,7.451917529106140137e-01,-1.360235095024108887e+00
-4.571926891803741455e-01,-7.035755515098571777e-01,3.189173042774200439e-01,-2.286685816943645477e-02,1.300621870905160904e-02,-3.159816861152648926e-01,-9.484004974365234375e-01,-2.475301921367645264e-01,9.508176147937774658e-02,-8.377599716186523438e-01,-1.276553720235824585e-01,5.270210504531860352e-01,-1.162199735641479492e+00,-9.425788372755050659e-02,9.580410122871398926e-01,-1.158741116523742676e+00,-9.767466038465499878e-02,7.489258646965026855e-01,-1.358229279518127441e+00
-4.543786048889160156e-01,-7.047100067138671875e-01,3.182300329208374023e-01,-2.588651701807975769e-02,1.547142677009105682e-02,-3.231771886348724365e-01,-9.458578228950500488e-01,-2.577491700649261475e-01,1.059318333864212036e-01,-8.377599716186523438e-01,-1.289553195238113403e-01,5.561050176620483398e-01,-1.192627429962158203e+00,-8.943694829940795898e-02,9.710837006568908691e-01,-1.167047381401062012e+00,-9.985198825597763062e-02,7.587988972663879395e-01,-1.353115677833557129e+00
-4.515645205974578857e-01,-7.058166265487670898e-01,3.175134062767028809e-01,-2.937583625316619873e-02,1.780053973197937012e-02,-3.301719725131988525e-01,-9.432956576347351074e-01,-2.684721648693084717e-01,1.171232536435127258e-01,-8.377599716186523438e-01,-1.287020146846771240e-01,5.861068367958068848e-01,-1.227334499359130859e+00,-8.527631312608718872e-02,9.840844869613647461e-01,-1.175201773643493652e+00,-1.027697473764419556e-01,7.740130424499511719e-01,-1.349014997482299805e+00
-4.487234950065612793e-01,-7.069760560989379883e-01,3.168506622314453125e-01,-3.234512731432914734e-02,1.988316699862480164e-02,-3.363829851150512695e-01,-9.409595727920532227e-01,-2.767230570316314697e-01,1.272855699062347412e-01,-8.377599716186523438e-01,-1.242707222700119019e-01,6.166723966598510742e-01,-1.268587350845336914e+00,-8.014734089374542236e-02,9.955130815505981445e-01,-1.182010293006896973e+00,-1.055173203349113464e-01,7.935881018638610840e-01,-1.354554891586303711e+00
-4.459018409252166748e-01,-7.081698775291442871e-01,3.162803053855895996e-01,-3.457368910312652588e-02,2.206415869295597076e-02,-3.418744206428527832e-01,-9.388502240180969238e-01,-2.816385030746459961e-01,1.371927559375762939e-01,-8.377599716186523438e-01,-1.150774881243705750e-01,6.479982137680053711e-01,-1.315497994422912598e+00,-7.294040918350219727e-02,1.005769729614257812e+00,-1.186884403228759766e+00,-1.057025417685508728e-01,8.161964416503906250e-01,-1.368400692939758301e+00
-4.431053996086120605e-01,-7.093278169631958008e-01,3.157921731472015381e-01,-3.687102720141410828e-02,2.405845560133457184e-02,-3.470264971256256104e-01,-9.368214011192321777e-01,-2.862812876701354980e-01,1.471149623394012451e-01,-8.377599716186523438e-01,-1.037721484899520874e-01,6.803833246231079102e-01,-1.368316173553466797e+00,-6.547711044549942017e-02,1.014912128448486328e+00,-1.190880179405212402e+00,-1.041317209601402283e-01,8.364180326461791992e-01,-1.379018187522888184e+00
-4.403086900711059570e-01,-7.104942798614501953e-01,3.154490888118743896e-01,-3.925363346934318542e-02,2.538895793259143829e-02,-3.515656292438507080e-01,-9.349952936172485352e-01,-2.906664013862609863e-01,1.554542481899261475e-01,-8.377599716186523438e-01,-8.923315256834030151e-02,7.106999754905700684e-01,-1.425883650779724121e+00,-5.894705280661582947e-02,1.021037340164184570e+00,-1.190877676010131836e+00,-1.010687127709388733e-01,8.519892096519470215e-01,-1.389656066894531250e+00
-4.374521374702453613e-01,-7.116808891296386719e-01,3.152162730693817139e-01,-4.247687011957168579e-02,2.587486617267131805e-02,-3.561249077320098877e-01,-9.331137537956237793e-01,-2.970710396766662598e-01,1.630134135484695435e-01,-8.377599716186523438e-01,-7.404109090566635132e-02,7.366244196891784668e-01,-1.484294533729553223e+00,-5.450478196144104004e-02,1.024544239044189453e+00,-1.188622713088989258e+00,-9.827250242233276367e-02,8.666178584098815918e-01,-1.399801492691040039e+00
-4.345606863498687744e-01,-7.128860950469970703e-01,3.150852322578430176e-01,-4.688485339283943176e-02,2.537622675299644470e-02,-3.608041405677795410e-01,-9.311166405677795410e-01,-3.062250018119812012e-01,1.697926819324493408e-01,-8.377599716186523438e-01,-5.940487980842590332e-02,7.563496828079223633e-01,-1.540541529655456543e+00,-5.332508310675621033e-02,1.025372982025146484e+00,-1.183402299880981445e+00,-9.746118634939193726e-02,8.809149265289306641e-01,-1.408871173858642578e+00
-4.316885173320770264e-01,-7.140321731567382812e-01,3.150864243507385254e-01,-5.108653381466865540e-02,2.423974871635437012e-02,-3.653755784034729004e-01,-9.291411638259887695e-01,-3.155773580074310303e-01,1.745437532663345337e-01,-8.377599716186523438e-01,-4.430375620722770691e-02,7.662111520767211914e-01,-1.588245034217834473e+00,-5.300024524331092834e-02,1.023681879043579102e+00,-1.175516009330749512e+00,-9.722860902547836304e-02,8.931927084922790527e-01,-1.416673302650451660e+00
-4.288521409034729004e-01,-7.151090502738952637e-01,3.153055906295776367e-01,-5.464808642864227295e-02,2.308990620076656342e-02,-3.694409728050231934e-01,-9.273585081100463867e-01,-3.231989145278930664e-01,1.794960945844650269e-01,-8.377599716186523438e-01,-2.748912945389747620e-02,7.645155787467956543e-01,-1.622126460075378418e+00,-5.197262018918991089e-02,1.020823121070861816e+00,-1.165952920913696289e+00,-9.596755355596542358e-02,9.034584164619445801e-01,-1.421483039855957031e+00
-4.261060059070587158e-01,-7.160526514053344727e-01,3.156884312629699707e-01,-5.725823342800140381e-02,2.203695662319660187e-02,-3.732205331325531006e-01,-9.257117509841918945e-01,-3.290322721004486084e-01,1.837863773107528687e-01,-8.377599716186523438e-01,-1.016769558191299438e-02,7.518781423568725586e-01,-1.640904188156127930e+00,-4.969967529177665710e-02,1.017185926437377930e+00,-1.155121207237243652e+00,-9.385241568088531494e-02,9.112600088119506836e-01,-1.422395586967468262e+00
-4.234167337417602539e-01,-7.168927788734436035e-01,3.162307143211364746e-01,-5.894489213824272156e-02,2.100426331162452698e-02,-3.764130175113677979e-01,-9.243362545967102051e-01,-3.324924111366271973e-01,1.875207871198654175e-01,-8.377599716186523438e-01,7.146262563765048981e-03,7.292523384094238281e-01,-1.644945740699768066e+00,-4.654150083661079407e-02,1.012581110000610352e+00,-1.143046379089355469e+00,-9.006383270025253296e-02,9.166546463966369629e-01,-1.420323014259338379e+00
-4.207684993743896484e-01,-7.176233530044555664e-01,3.169199526309967041e-01,-5.971695482730865479e-02,2.038018405437469482e-02,-3.794457614421844482e-01,-9.230598211288452148e-01,-3.339001238346099854e-01,1.916445493698120117e-01,-8.377599716186523438e-01,2.472730726003646851e-02,6.985808014869689941e-01,-1.634376406669616699e+00,-4.172156751155853271e-02,1.008197665214538574e+00,-1.131340384483337402e+00,-8.444001525640487671e-02,9.213657975196838379e-01,-1.416650533676147461e+00
-4.181551635265350342e-01,-7.182477712631225586e-01,3.176593184471130371e-01,-6.006054580211639404e-02,1.974142156541347504e-02,-3.823957443237304688e-01,-9.218332171440124512e-01,-3.345163464546203613e-01,1.952522695064544678e-01,-8.377599716186523438e-01,4.081993550062179565e-02,6.614393591880798340e-01,-1.611740112304687500e+00,-3.634044155478477478e-02,1.003441452980041504e+00,-1.119582772254943848e+00,-7.830163836479187012e-02,9.251890778541564941e-01,-1.411974310874938965e+00
-4.155737757682800293e-01,-7.187858223915100098e-01,3.186614811420440674e-01,-5.904133245348930359e-02,1.906583085656166077e-02,-3.852113187313079834e-01,-9.207403659820556641e-01,-3.328326344490051270e-01,1.976198256015777588e-01,-8.377599716186523438e-01,5.816110223531723022e-02,6.165249943733215332e-01,-1.576488256454467773e+00,-2.828884124755859375e-02,9.953228831291198730e-01,-1.104341030120849609e+00,-6.935974955558776855e-02,9.252652525901794434e-01,-1.402322411537170410e+00
-4.129886925220489502e-01,-7.192374467849731445e-01,3.195053637027740479e-01,-5.893136188387870789e-02,1.869177445769309998e-02,-3.879093825817108154e-01,-9.196216464042663574e-01,-3.323239684104919434e-01,2.018096297979354858e-01,-8.377599716186523438e-01,7.252368330955505371e-02,5.688092708587646484e-01,-1.532184123992919922e+00,-2.204029262065887451e-02,9.906752109527587891e-01,-1.092692613601684570e+00,-6.257034838199615479e-02,9.283338785171508789e-01,-1.395474910736083984e+00
-4.104100465774536133e-01,-7.196329236030578613e-01,3.203359842300415039e-01,-5.865491181612014771e-02,1.790805906057357788e-02,-3.904577195644378662e-01,-9.185758829116821289e-01,-3.316212594509124756e-01,2.043457478284835815e-01,-8.377599716186523438e-01,8.655777573585510254e-02,5.134886503219604492e-01,-1.476477265357971191e+00,-1.604488864541053772e-02,9.844691157341003418e-01,-1.080100536346435547e+00,-5.593400076031684875e-02,9.295111298561096191e-01,-1.387091755867004395e+00
-4.078350365161895752e-01,-7.200182676315307617e-01,3.211850523948669434e-01,-5.860946699976921082e-02,1.724497228860855103e-02,-3.926567435264587402e-01,-9.176536202430725098e-01,-3.308363258838653564e-01,2.075618505477905273e-01,-8.377599716186523438e-01,1.012139990925788879e-01,4.542823433876037598e-01,-1.412770390510559082e+00,-1.026054751127958298e-02,9.788773059844970703e-01,-1.067154884338378906e+00,-4.983032867312431335e-02,9.308682680130004883e-01,-1.378726959228515625e+00
-4.052858650684356689e-01,-7.203350067138671875e-01,3.220305740833282471e-01,-5.889306962490081787e-02,1.634605973958969116e-02,-3.948889374732971191e-01,-9.166935682296752930e-01,-3.309042751789093018e-01,2.106349021196365356e-01,-8.377599716186523438e-01,1.145498901605606079e-01,3.896549344062805176e-01,-1.339117407798767090e+00,-5.673082079738378525e-03,9.730779528617858887e-01,-1.054360270500183105e+00,-4.465685784816741943e-02,9.320987462997436523e-01,-1.370728135108947754e+00
-4.027875661849975586e-01,-7.206053733825683594e-01,3.228161633014678955e-01,-5.949978530406951904e-02,1.577356830239295959e-02,-3.970788121223449707e-01,-9.157179594039916992e-01,-3.313632309436798096e-01,2.150315344333648682e-01,-8.377599716186523438e-01,1.281875669956207275e-01,3.226349949836730957e-01,-1.259326457977294922e+00,-1.887628925032913685e-03,9.699744582176208496e-01,-1.044812679290771484e+00,-3.985273465514183044e-02,9.350016117095947266e-01,-1.364151477813720703e+00
-4.002927243709564209e-01,-7.208085060119628906e-01,3.235558271408081055e-01,-6.037425994873046875e-02,1.494936645030975342e-02,-3.992188274860382080e-01,-9.147435426712036133e-01,-3.324640095233917236e-01,2.188302129507064819e-01,-8.377599716186523438e-01,1.415037214756011963e-01,2.547059655189514160e-01,-1.176833510398864746e+00,5.608648061752319336e-04,9.670779705047607422e-01,-1.035731673240661621e+00,-3.564387559890747070e-02,9.376749396324157715e-01,-1.357679486274719238e+00
-3.978067934513092041e-01,-7.209598422050476074e-01,3.242456316947937012e-01,-6.104038283228874207e-02,1.433741953223943710e-02,-4.012655317783355713e-01,-9.138131737709045410e-01,-3.328106701374053955e-01,2.226788252592086792e-01,-8.377599716186523438e-01,1.567518562078475952e-01,1.869597882032394409e-01,-1.092117309570312500e+00,2.996695693582296371e-03,9.659323692321777344e-01,-1.028815388679504395e+00,-3.067886084318161011e-02,9.407463073730468750e-01,-1.352063894271850586e+00
-3.953922092914581299e-01,-7.210490703582763672e-01,3.248693346977233887e-01,-6.211694329977035522e-02,1.413804385811090469e-02,-4.030239880084991455e-01,-9.129694700241088867e-01,-3.336414694786071777e-01,2.280180901288986206e-01,-8.377599716186523438e-01,1.704509258270263672e-01,1.219775378704071045e-01,-1.006081342697143555e+00,3.826141823083162308e-03,9.686824083328247070e-01,-1.026093363761901855e+00,-2.629347145557403564e-02,9.456954002380371094e-01,-1.347728371620178223e+00
-3.930305540561676025e-01,-7.210609316825866699e-01,3.254239857196807861e-01,-6.257771700620651245e-02,1.445650681853294373e-02,-4.045152366161346436e-01,-9.122732281684875488e-01,-3.327518999576568604e-01,2.337845265865325928e-01,-8.377599716186523438e-01,1.869873702526092529e-01,6.165682896971702576e-02,-9.227763414382934570e-01,4.979425109922885895e-03,9.745955467224121094e-01,-1.027241945266723633e+00,-2.041086181998252869e-02,9.513743519783020020e-01,-1.344585180282592773e+00
-3.907091319561004639e-01,-7.210047245025634766e-01,3.259216845035552979e-01,-6.312715262174606323e-02,1.518314331769943237e-02,-4.055826067924499512e-01,-9.117495417594909668e-01,-3.312952518463134766e-01,2.407310605049133301e-01,-8.377599716186523438e-01,2.035123854875564575e-01,6.428080610930919647e-03,-8.413188457489013672e-01,4.997096490114927292e-03,9.842670559883117676e-01,-1.033022284507751465e+00,-1.433458272367715836e-02,9.586260914802551270e-01,-1.343153357505798340e+00
-3.880057334899902344e-01,-7.202269434928894043e-01,3.256265223026275635e-01,-6.946027278900146484e-02,8.421826176345348358e-03,-4.097029864788055420e-01,-9.095316529273986816e-01,-3.514611721038818359e-01,2.385961413383483887e-01,-8.377599716186523438e-01,2.010500282049179077e-01,-1.643250137567520142e-02,-8.377689123153686523e-01,-6.611698307096958160e-03,9.732455611228942871e-01,-1.021673440933227539e+00,-1.974386908113956451e-02,9.610938429832458496e-01,-1.340750813484191895e+00
-3.854252696037292480e-01,-7.193337678909301758e-01,3.254591524600982666e-01,-7.495793700218200684e-02,2.418499905616044998e-03,-4.133405685424804688e-01,-9.074828028678894043e-01,-3.693880140781402588e-01,2.376184761524200439e-01,-8.377599716186523438e-01,1.998459100723266602e-01,-3.298099339008331299e-02,-8.377600312232971191e-01,-1.795615069568157196e-02,9.646800756454467773e-01,-1.012573242187500000e+00,-2.319677546620368958e-02,9.632962942123413086e-01,-1.336775660514831543e+00
-3.829773664474487305e-01,-7.183892726898193359e-01,3.252894580364227295e-01,-7.942537218332290649e-02,-2.354926429688930511e-03,-4.166693389415740967e-01,-9.055786728858947754e-01,-3.842478096485137939e-01,2.379272878170013428e-01,-8.377599716186523438e-01,2.002515196800231934e-01,-4.446906968951225281e-02,-8.377599716186523438e-01,-2.774354629218578339e-02,9.605445265769958496e-01,-1.009778380393981934e+00,-2.423254773020744324e-02,9.670613408088684082e-01,-1.334006667137145996e+00
-3.806896805763244629e-01,-7.174888253211975098e-01,3.248283267021179199e-01,-8.055334538221359253e-02,-6.806419230997562408e-03,-4.188564419746398926e-01,-9.044468402862548828e-01,-3.925354778766632080e-01,2.461784183979034424e-01,-8.590208888053894043e-01,2.074313759803771973e-01,-5.663292855024337769e-02,-8.377599716186523438e-01,-3.498093038797378540e-02,9.575544595718383789e-01,-1.013354301452636719e+00,-2.106221206486225128e-02,9.648290276527404785e-01,-1.327386617660522461e+00
-3.785241842269897461e-01,-7.166389822959899902e-01,3.242218196392059326e-01,-7.906417548656463623e-02,-1.067965012043714523e-02,-4.200269579887390137e-01,-9.039978981018066406e-01,-3.950024545192718506e-01,2.584621310234069824e-01,-8.920019268989562988e-01,2.202245146036148071e-01,-6.819680333137512207e-02,-8.377599716186523438e-01,-3.988908976316452026e-02,9.559928178787231445e-01,-1.022145271301269531e+00,-1.411372143775224686e-02,9.584195613861083984e-01,-1.318107485771179199e+00
-3.764741718769073486e-01,-7.157886624336242676e-01,3.236451745033264160e-01,-7.722984254360198975e-02,-1.381065789610147476e-02,-4.208237528800964355e-01,-9.037434458732604980e-01,-3.957920670509338379e-01,2.710857093334197998e-01,-9.233363866806030273e-01,2.320546209812164307e-01,-7.616229355335235596e-02,-8.377599716186523438e-01,-4.503146186470985413e-02,9.570952653884887695e-01,-1.035957098007202148e+00,-6.465878803282976151e-03,9.527591466903686523e-01,-1.308909773826599121e+00
-3.744992911815643311e-01,-7.149796485900878906e-01,3.231572210788726807e-01,-7.534135878086090088e-02,-1.623336039483547211e-02,-4.213242232799530029e-01,-9.036293625831604004e-01,-3.951087296009063721e-01,2.823627591133117676e-01,-9.499282836914062500e-01,2.428276836872100830e-01,-8.059895038604736328e-02,-8.377599716186523438e-01,-5.076127871870994568e-02,9.605827331542968750e-01,-1.056290626525878906e+00,1.485497341491281986e-03,9.482526779174804688e-01,-1.300479769706726074e+00
-3.726332485675811768e-01,-7.141763567924499512e-01,3.227718770503997803e-01,-7.401067763566970825e-02,-1.815056987106800079e-02,-4.213839173316955566e-01,-9.036750197410583496e-01,-3.942773640155792236e-01,2.929330766201019287e-01,-9.718639850616455078e-01,2.514238655567169189e-01,-8.136624097824096680e-02,-8.377599716186523438e-01,-5.902491137385368347e-02,9.659435749053955078e-01,-1.080739736557006836e+00,8.084519766271114349e-03,9.454227089881896973e-01,-1.293648481369018555e+00
-3.708955347537994385e-01,-7.134127616882324219e-01,3.225306570529937744e-01,-7.334356755018234253e-02,-1.969571411609649658e-02,-4.213398993015289307e-01,-9.037175774574279785e-01,-3.937831223011016846e-01,3.018243610858917236e-01,-9.885287880897521973e-01,2.568308413028717041e-01,-7.884732633829116821e-02,-8.377599716186523438e-01,-6.962402909994125366e-02,9.724796414375305176e-01,-1.110598206520080566e+00,1.281325239688158035e-02,9.438943862915039062e-01,-1.287741065025329590e+00
-3.692798018455505371e-01,-7.127006053924560547e-01,3.224351704120635986e-01,-7.362365722656250000e-02,-2.099944092333316803e-02,-4.209100008010864258e-01,-9.038658142089843750e-01,-3.939416408538818359e-01,3.099603056907653809e-01,-1.000791549682617188e+00,2.587925493717193604e-01,-7.297485321760177612e-02,-8.377599716186523438e-01,-8.337713032960891724e-02,9.793973565101623535e-01,-1.144204616546630859e+00,1.494353357702493668e-02,9.436147809028625488e-01,-1.282318711280822754e+00
-3.677175939083099365e-01,-7.119662761688232422e-01,3.223376572132110596e-01,-7.453960925340652466e-02,-2.250508591532707214e-02,-4.203868508338928223e-01,-9.039979577064514160e-01,-3.955917954444885254e-01,3.173187673091888428e-01,-1.011333942413330078e+00,2.577587366104125977e-01,-6.675624102354049683e-02,-8.377599716186523438e-01,-9.966788440942764282e-02,9.840601682662963867e-01,-1.176636457443237305e+00,1.507351454347372055e-02,9.437010884284973145e-01,-1.277506470680236816e+00
-3.661564290523529053e-01,-7.111666798591613770e-01,3.221799135208129883e-01,-7.566127181053161621e-02,-2.458744868636131287e-02,-4.199814200401306152e-01,-9.040389657020568848e-01,-3.982813954353332520e-01,3.249953389167785645e-01,-1.023838639259338379e+00,2.541337013244628906e-01,-6.278650462627410889e-02,-8.377599716186523438e-01,-1.169490367174148560e-01,9.840394258499145508e-01,-1.203954100608825684e+00,1.380591187626123428e-02,9.427364468574523926e-01,-1.272136211395263672e+00
-3.645636737346649170e-01,-7.102854251861572266e-01,3.219608962535858154e-01,-7.681160420179367065e-02,-2.726721204817295074e-02,-4.196779727935791016e-01,-9.040060043334960938e-01,-4.019043743610382080e-01,3.334726989269256592e-01,-1.039397716522216797e+00,2.495239824056625366e-01,-6.207038834691047668e-02,-8.377599716186523438e-01,-1.348261237144470215e-01,9.778676033020019531e-01,-1.224326372146606445e+00,1.197126973420381546e-02,9.403617382049560547e-01,-1.265724182128906250e+00
-3.630075454711914062e-01,-7.093892693519592285e-01,3.218049705028533936e-01,-7.787397503852844238e-02,-3.006180748343467712e-02,-4.194707870483398438e-01,-9.039226770401000977e-01,-4.058523476123809814e-01,3.410301208496093750e-01,-1.054308652877807617e+00,2.449638694524765015e-01,-6.271124631166458130e-02,-8.377599716186523438e-01,-1.525161862373352051e-01,9.667058587074279785e-01,-1.237431764602661133e+00,9.806913323700428009e-03,9.370905756950378418e-01,-1.258115172386169434e+00
-3.614711761474609375e-01,-7.085375189781188965e-01,3.218123018741607666e-01,-7.883635908365249634e-02,-3.268533200025558472e-02,-4.195033013820648193e-01,-9.037330746650695801e-01,-4.096321165561676025e-01,3.480829894542694092e-01,-1.067368030548095703e+00,2.414708435535430908e-01,-6.371492147445678711e-02,-8.377599716186523438e-01,-1.694910228252410889e-01,9.514730572700500488e-01,-1.245799422264099121e+00,7.850288413465023041e-03,9.333633184432983398e-01,-1.249539136886596680e+00
-3.600368797779083252e-01,-7.077291011810302734e-01,3.219733238220214844e-01,-7.976885139942169189e-02,-3.475787863135337830e-02,-4.196775853633880615e-01,-9.034929871559143066e-01,-4.128440618515014648e-01,3.542734086513519287e-01,-1.077382802963256836e+00,2.392068952322006226e-01,-6.330164521932601929e-02,-8.377599716186523438e-01,-1.851333528757095337e-01,9.337375760078430176e-01,-1.248849511146545410e+00,6.057122256606817245e-03,9.304071068763732910e-01,-1.240902423858642578e+00
-3.586584925651550293e-01,-7.069689631462097168e-01,3.222275972366333008e-01,-8.068456500768661499e-02,-3.651473671197891235e-02,-4.200184941291809082e-01,-9.031838774681091309e-01,-4.158840775489807129e-01,3.610405623912811279e-01,-1.086865305900573730e+00,2.372110933065414429e-01,-6.260242313146591187e-02,-8.377599716186523438e-01,-1.996353417634963989e-01,9.136057496070861816e-01,-1.248341917991638184e+00,4.426517058163881302e-03,9.279443621635437012e-01,-1.232240080833435059e+00
-3.573290109634399414e-01,-7.061863541603088379e-01,3.224516808986663818e-01,-8.127003908157348633e-02,-3.804744035005569458e-02,-4.204112589359283447e-01,-9.028853178024291992e-01,-4.179350733757019043e-01,3.671692013740539551e-01,-1.095949649810791016e+00,2.357463538646697998e-01,-6.231177970767021179e-02,-8.377599716186523438e-01,-2.129667252302169800e-01,8.913794159889221191e-01,-1.243864774703979492e+00,3.117344807833433151e-03,9.256336688995361328e-01,-1.223834276199340820e+00
-3.561026751995086670e-01,-7.054214477539062500e-01,3.226738870143890381e-01,-8.127404749393463135e-02,-3.910541534423828125e-02,-4.210321009159088135e-01,-9.025503993034362793e-01,-4.185509979724884033e-01,3.735750317573547363e-01,-1.105121493339538574e+00,2.351573854684829712e-01,-6.148260831832885742e-02,-8.377599716186523438e-01,-2.246088087558746338e-01,8.682493567466735840e-01,-1.234731435775756836e+00,2.924200380221009254e-03,9.235683679580688477e-01,-1.215051531791687012e+00
-3.549364507198333740e-01,-7.046412825584411621e-01,3.228133916854858398e-01,-8.062453567981719971e-02,-3.967924416065216064e-02,-4.216268658638000488e-01,-9.023059606552124023e-01,-4.169078171253204346e-01,3.802741169929504395e-01,-1.114923834800720215e+00,2.361243665218353271e-01,-6.034065783023834229e-02,-8.377599716186523438e-01,-2.342578768730163574e-01,8.444874882698059082e-01,-1.218645215034484863e+00,4.130900371819734573e-03,9.219983220100402832e-01,-1.206918478012084961e+00
-3.537583947181701660e-01,-7.038530707359313965e-01,3.228624463081359863e-01,-7.881477475166320801e-02,-3.941546380519866943e-02,-4.220967292785644531e-01,-9.022577404975891113e-01,-4.120718240737915039e-01,3.875786662101745605e-01,-1.125398039817810059e+00,2.400007247924804688e-01,-5.823368951678276062e-02,-8.377599716186523438e-01,-2.390288710594177246e-01,8.247240185737609863e-01,-1.197612285614013672e+00,8.405165746808052063e-03,9.211672544479370117e-01,-1.199194550514221191e+00
-3.525021672248840332e-01,-7.030661106109619141e-01,3.227910101413726807e-01,-7.535614818334579468e-02,-3.821617364883422852e-02,-4.224811792373657227e-01,-9.024248719215393066e-01,-4.032857418060302734e-01,3.957881629467010498e-01,-1.137926816940307617e+00,2.483408749103546143e-01,-5.559934675693511963e-02,-8.377599716186523438e-01,-2.375137805938720703e-01,8.166109323501586914e-01,-1.175177693367004395e+00,1.731583289802074432e-02,9.207555055618286133e-01,-1.191775798797607422e+00
-3.512827157974243164e-01,-7.022951841354370117e-01,3.227341771125793457e-01,-7.113820314407348633e-02,-3.685917332768440247e-02,-4.229308962821960449e-01,-9.026129841804504395e-01,-3.932567834854125977e-01,4.045871794223785400e-01,-1.151890993118286133e+00,2.577137947082519531e-01,-5.332905799150466919e-02,-8.377599716186523438e-01,-2.342004328966140747e-01,8.203934431076049805e-01,-1.162600040435791016e+00,2.811003290116786957e-02,9.192429184913635254e-01,-1.183693885803222656e+00
-3.501770198345184326e-01,-7.015718221664428711e-01,3.227280080318450928e-01,-6.797493249177932739e-02,-3.603341057896614075e-02,-4.236426055431365967e-01,-9.025563597679138184e-01,-3.859340846538543701e-01,4.113694727420806885e-01,-1.162528991699218750e+00,2.639064788818359375e-01,-5.153305456042289734e-02,-8.377599716186523438e-01,-2.321268767118453979e-01,8.270679712295532227e-01,-1.162229299545288086e+00,3.608787059783935547e-02,9.176915287971496582e-01,-1.175691723823547363e+00
-3.491808772087097168e-01,-7.008770108222961426e-01,3.227285146713256836e-01,-6.662963330745697021e-02,-3.567564487457275391e-02,-4.247529208660125732e-01,-9.021489620208740234e-01,-3.827048838138580322e-01,4.173453748226165771e-01,-1.169779062271118164e+00,2.649596631526947021e-01,-4.946601018309593201e-02,-8.377599716186523438e-01,-2.308554500341415405e-01,8.293609619140625000e-01,-1.161492109298706055e+00,3.939986601471900940e-02,9.181957244873046875e-01,-1.169876694679260254e+00
-3.483315110206604004e-01,-7.001699209213256836e-01,3.227303326129913330e-01,-6.677839905023574829e-02,-3.559426963329315186e-02,-4.259023368358612061e-01,-9.015991091728210449e-01,-3.829319775104522705e-01,4.231341481208801270e-01,-1.174702167510986328e+00,2.622428238391876221e-01,-4.671411588788032532e-02,-8.377599716186523438e-01,-2.315147221088409424e-01,8.268065452575683594e-01,-1.150343418121337891e+00,3.900259360671043396e-02,9.207029342651367188e-01,-1.166153430938720703e+00
-3.475625813007354736e-01,-6.994284391403198242e-01,3.227441310882568359e-01,-6.668867915868759155e-02,-3.549351543188095093e-02,-4.269969463348388672e-01,-9.010918140411376953e-01,-3.831684291362762451e-01,4.290165603160858154e-01,-1.180131316184997559e+00,2.598679959774017334e-01,-4.419643059372901917e-02,-8.377599716186523438e-01,-2.310910820960998535e-01,8.221826553344726562e-01,-1.134259343147277832e+00,3.861051797866821289e-02,9.227302074432373047e-01,-1.162286281585693359e+00
-3.468598425388336182e-01,-6.986609101295471191e-01,3.228544890880584717e-01,-6.602589786052703857e-02,-3.547305986285209656e-02,-4.281316697597503662e-01,-9.006028771400451660e-01,-3.832885921001434326e-01,4.351311922073364258e-01,-1.187378644943237305e+00,2.585197389125823975e-01,-4.228822141885757446e-02,-8.377599716186523438e-01,-2.291055023670196533e-01,8.188542723655700684e-01,-1.124381661415100098e+00,3.897871449589729309e-02,9.227697253227233887e-01,-1.156196117401123047e+00
-3.462063074111938477e-01,-6.979113221168518066e-01,3.230603337287902832e-01,-6.500902771949768066e-02,-3.544878214597702026e-02,-4.296489953994750977e-01,-8.999549746513366699e-01,-3.838144540786743164e-01,4.412460327148437500e-01,-1.195459604263305664e+00,2.568148076534271240e-01,-4.066247865557670593e-02,-8.377599716186523438e-01,-2.263724803924560547e-01,8.175265789031982422e-01,-1.118854284286499023e+00,3.979703783988952637e-02,9.217817783355712891e-01,-1.148738622665405273e+00
-3.455860018730163574e-01,-6.971735358238220215e-01,3.233285546302795410e-01,-6.474921107292175293e-02,-3.563436493277549744e-02,-4.314379990100860596e-01,-8.991100788116455078e-01,-3.867284357547760010e-01,4.468146562576293945e-01,-1.202737808227539062e+00,2.529760003089904785e-01,-3.891285136342048645e-02,-8.377599716186523438e-01,-2.249506860971450806e-01,8.155962228775024414e-01,-1.111624240875244141e+00,3.889776393771171570e-02,9.214496016502380371e-01,-1.141682744026184082e+00
-3.449345529079437256e-01,-6.964666247367858887e-01,3.237073123455047607e-01,-6.524701416492462158e-02,-3.618161752820014954e-02,-4.334740340709686279e-01,-8.980723619461059570e-01,-3.918557465076446533e-01,4.539862573146820068e-01,-1.211159467697143555e+00,2.467731237411499023e-01,-3.711044788360595703e-02,-8.377599716186523438e-01,-2.256537973880767822e-01,8.128322958946228027e-01,-1.102991104125976562e+00,3.645984083414077759e-02,9.211963415145874023e-01,-1.134461998939514160e+00
-3.442612886428833008e-01,-6.957724094390869141e-01,3.241672813892364502e-01,-6.639365851879119873e-02,-3.701479732990264893e-02,-4.357005655765533447e-01,-8.968761563301086426e-01,-3.989304006099700928e-01,4.605723321437835693e-01,-1.218955039978027344e+00,2.387219667434692383e-01,-3.515806421637535095e-02,-8.377599716186523438e-01,-2.280110120773315430e-01,8.103197813034057617e-01,-1.094794392585754395e+00,3.255056962370872498e-02,9.211094975471496582e-01,-1.127332329750061035e+00
-3.435732126235961914e-01,-6.950980424880981445e-01,3.246732354164123535e-01,-6.789880990982055664e-02,-3.814908489584922791e-02,-4.382348060607910156e-01,-8.954801559448242188e-01,-4.081335067749023438e-01,4.678324460983276367e-01,-1.228607654571533203e+00,2.288679331541061401e-01,-3.348603472113609314e-02,-8.377599716186523438e-01,-2.316134274005889893e-01,8.074693679809570312e-01,-1.086735367774963379e+00,2.776979282498359680e-02,9.208232760429382324e-01,-1.120168805122375488e+00
-3.428692221641540527e-01,-6.944269537925720215e-01,3.252170979976654053e-01,-6.983614712953567505e-02,-3.957770764827728271e-02,-4.407548010349273682e-01,-8.940311670303344727e-01,-4.192814528942108154e-01,4.758525192737579346e-01,-1.240641236305236816e+00,2.180695235729217529e-01,-3.197987377643585205e-02,-8.377599716186523438e-01,-2.363661229610443115e-01,8.041074872016906738e-01,-1.078180909156799316e+00,2.198207750916481018e-02,9.205192327499389648e-01,-1.113408803939819336e+00
-3.421594202518463135e-01,-6.937536597251892090e-01,3.257823288440704346e-01,-7.181243598461151123e-02,-4.108621180057525635e-02,-4.431846737861633301e-01,-8.926041722297668457e-01,-4.311273694038391113e-01,4.857019186019897461e-01,-1.256807923316955566e+00,2.068917453289031982e-01,-3.052063100039958954e-02,-8.377599716186523438e-01,-2.413003742694854736e-01,8.001813888549804688e-01,-1.068098783493041992e+00,1.607846654951572418e-02,9.200316071510314941e-01,-1.106474637985229492e+00
-3.415005505084991455e-01,-6.930515766143798828e-01,3.263640999794006348e-01,-7.384847849607467651e-02,-4.255683720111846924e-02,-4.456049799919128418e-01,-8.911630511283874512e-01,-4.438981413841247559e-01,4.963155686855316162e-01,-1.275814652442932129e+00,1.956312656402587891e-01,-2.883358299732208252e-02,-8.377599716186523438e-01,-2.462835162878036499e-01,7.964296936988830566e-01,-1.057919859886169434e+00,1.004274841398000717e-02,9.196714162826538086e-01,-1.099905967712402344e+00
-3.408874273300170898e-01,-6.923148632049560547e-01,3.269161581993103027e-01,-7.540326565504074097e-02,-4.386076703667640686e-02,-4.479595124721527100e-01,-8.897880911827087402e-01,-4.564257860183715820e-01,5.084959268569946289e-01,-1.299651265144348145e+00,1.851858645677566528e-01,-2.727995812892913818e-02,-8.377599716186523438e-01,-2.503744065761566162e-01,7.930186986923217773e-01,-1.048456907272338867e+00,4.817937035113573074e-03,9.190101027488708496e-01,-1.092898130416870117e+00
-3.403495252132415771e-01,-6.915472745895385742e-01,3.274500668048858643e-01,-7.644202560186386108e-02,-4.489130899310112000e-02,-4.501206278800964355e-01,-8.885565996170043945e-01,-4.671178460121154785e-01,5.205808877944946289e-01,-1.326000094413757324e+00,1.761593967676162720e-01,-2.543702162802219391e-02,-8.377599716186523438e-01,-2.535462975502014160e-01,7.901564240455627441e-01,-1.040159344673156738e+00,5.729114636778831482e-04,9.180696606636047363e-01,-1.086056590080261230e+00
-3.398665189743041992e-01,-6.907333731651306152e-01,3.279060721397399902e-01,-7.686720788478851318e-02,-4.567641764879226685e-02,-4.519759118556976318e-01,-8.875375390052795410e-01,-4.766190946102142334e-01,5.342701673507690430e-01,-1.357864499092102051e+00,1.690546572208404541e-01,-2.390330284833908081e-02,-8.377599716186523438e-01,-2.556006312370300293e-01,7.877427935600280762e-01,-1.032845854759216309e+00,-2.399778692051768303e-03,9.167720079421997070e-01,-1.078897833824157715e+00
-3.394458889961242676e-01,-6.898881793022155762e-01,3.283068239688873291e-01,-7.667909562587738037e-02,-4.616231098771095276e-02,-4.535317718982696533e-01,-8.867346048355102539e-01,-4.840655922889709473e-01,5.461037755012512207e-01,-1.390514373779296875e+00,1.641241014003753662e-01,-2.249473519623279572e-02,-8.377599716186523438e-01,-2.566829621791839600e-01,7.857214212417602539e-01,-1.026317119598388672e+00,-4.264664370566606522e-03,9.149446487426757812e-01,-1.071000695228576660e+00
-3.390837013721466064e-01,-6.890254020690917969e-01,3.286578059196472168e-01,-7.590963691473007202e-02,-4.639508947730064392e-02,-4.549651443958282471e-01,-8.860541582107543945e-01,-4.896849989891052246e-01,5.575770139694213867e-01,-1.426077008247375488e+00,1.609170138835906982e-01,-2.131861075758934021e-02,-8.377599716186523438e-01,-2.567927837371826172e-01,7.837412357330322266e-01,-1.020128488540649414e+00,-4.917375277727842331e-03,9.126611948013305664e-01,-1.062661647796630859e+00
-3.387864530086517334e-01,-6.881476640701293945e-01,3.289512991905212402e-01,-7.444665580987930298e-02,-4.630997031927108765e-02,-4.562230706214904785e-01,-8.855357766151428223e-01,-4.933572113513946533e-01,5.658013820648193359e-01,-1.461286664009094238e+00,1.598738580942153931e-01,-2.024559862911701202e-02,-8.377599716186523438e-01,-2.556815147399902344e-01,7.822407484054565430e-01,-1.015290737152099609e+00,-4.304388072341680527e-03,9.099297523498535156e-01,-1.054043531417846680e+00
-3.385228812694549561e-01,-6.872637271881103516e-01,3.291878402233123779e-01,-7.267158478498458862e-02,-4.609496518969535828e-02,-4.573985338211059570e-01,-8.850879669189453125e-01,-4.956770539283752441e-01,5.723173022270202637e-01,-1.497600555419921875e+00,1.596199274063110352e-01,-1.931295171380043030e-02,-8.377599716186523438e-01,-2.538854777812957764e-01,7.808878421783447266e-01,-1.011133074760437012e+00,-3.094024956226348877e-03,9.070225358009338379e-01,-1.045505285263061523e+00
-3.382915854454040527e-01,-6.863689422607421875e-01,3.293711841106414795e-01,-7.043822854757308960e-02,-4.579334706068038940e-02,-4.584822654724121094e-01,-8.847233653068542480e-01,-4.948770999908447266e-01,5.736675858497619629e-01,-1.529927968978881836e+00,1.607916951179504395e-01,-1.887859776616096497e-02,-8.377599716186523438e-01,-2.512472569942474365e-01,7.794965505599975586e-01,-1.007720828056335449e+00,-1.120735774748027325e-03,9.034266471862792969e-01,-1.036376714706420898e+00
-3.380940258502960205e-01,-6.854586005210876465e-01,3.295157849788665771e-01,-6.795689463615417480e-02,-4.534294456243515015e-02,-4.595749378204345703e-01,-8.843736648559570312e-01,-4.926810264587402344e-01,5.728805661201477051e-01,-1.560357332229614258e+00,1.623010933399200439e-01,-1.837130822241306305e-02,-8.377599716186523438e-01,-2.482518106698989868e-01,7.783817648887634277e-01,-1.004742503166198730e+00,1.427880139090120792e-03,8.996700644493103027e-01,-1.026969075202941895e+00
-3.379292190074920654e-01,-6.845725774765014648e-01,3.296141922473907471e-01,-6.533681601285934448e-02,-4.482170939445495605e-02,-4.606347680091857910e-01,-8.840461969375610352e-01,-4.884308576583862305e-01,5.645716190338134766e-01,-1.582816243171691895e+00,1.643272936344146729e-01,-1.800373010337352753e-02,-8.377599716186523438e-01,-2.449537962675094604e-01,7.774311900138854980e-01,-1.002478122711181641e+00,4.209774080663919449e-03,8.959326744079589844e-01,-1.017681956291198730e+00
-3.378064632415771484e-01,-6.836671829223632812e-01,3.296357989311218262e-01,-6.239705160260200500e-02,-4.405797272920608521e-02,-4.616553783416748047e-01,-8.837645649909973145e-01,-4.781171977519989014e-01,5.283793807029724121e-01,-1.560710191726684570e+00,1.672140806913375854e-01,-1.753758639097213745e-02,-8.377599716186523438e-01,-2.412236332893371582e-01,7.773827314376831055e-01,-1.001520991325378418e+00,7.607763633131980896e-03,8.923370838165283203e-01,-1.008400559425354004e+00
-3.376838266849517822e-01,-6.828181743621826172e-01,3.297258019447326660e-01,-6.046336144208908081e-02,-4.343233257532119751e-02,-4.627502560615539551e-01,-8.833572268486022949e-01,-4.718210697174072266e-01,5.509398579597473145e-01,-1.622720956802368164e+00,1.677681505680084229e-01,-1.666161790490150452e-02,-8.377599716186523438e-01,-2.389222234487533569e-01,7.774820327758789062e-01,-1.000067234039306641e+00,9.478945285081863403e-03,8.901503086090087891e-01,-1.000549912452697754e+00
-3.376059532165527344e-01,-6.819241046905517578e-01,3.296517133712768555e-01,-5.749852582812309265e-02,-4.246732965111732483e-02,-4.635293781757354736e-01,-8.831936120986938477e-01,-4.668780565261840820e-01,5.292152166366577148e-01,-1.628481507301330566e+00,1.705905497074127197e-01,-1.620304211974143982e-02,-8.377599716186523438e-01,-2.352187335491180420e-01,7.785808444023132324e-01,-1.000472545623779297e+00,1.279051136225461960e-02,8.872035145759582520e-01,-9.923086762428283691e-01
-3.375535905361175537e-01,-6.810640096664428711e-01,3.296190202236175537e-01,-5.504285544157028198e-02,-4.145871847867965698e-02,-4.644988179206848145e-01,-8.828886151313781738e-01,-4.491721391677856445e-01,5.129034519195556641e-01,-1.623751878738403320e+00,1.733282655477523804e-01,-1.472431328147649765e-02,-8.377599716186523438e-01,-2.317734360694885254e-01,7.800989151000976562e-01,-1.000827431678771973e+00,1.549922302365303040e-02,8.854133486747741699e-01,-9.850198030471801758e-01
-3.375242650508880615e-01,-6.801933050155639648e-01,3.295257091522216797e-01,-5.258782207965850830e-02,-4.053509980440139771e-02,-4.654809534549713135e-01,-8.825638294219970703e-01,-4.334022700786590576e-01,4.880309402942657471e-01,-1.608669519424438477e+00,1.755002140998840332e-01,-1.407185941934585571e-02,-8.377599716186523438e-01,-2.284926623106002808e-01,7.815080285072326660e-01,-1.001341223716735840e+00,1.827003993093967438e-02,8.835396170616149902e-01,-9.778526425361633301e-01
-3.375167548656463623e-01,-6.793612837791442871e-01,3.294442296028137207e-01,-5.044880509376525879e-02,-3.965878859162330627e-02,-4.664687216281890869e-01,-8.822069168090820312e-01,-4.165450930595397949e-01,4.539130032062530518e-01,-1.577681183815002441e+00,1.764005422592163086e-01,-1.319946441799402237e-02,-8.377599716186523438e-01,-2.259993404150009155e-01,7.832445502281188965e-01,-1.002273321151733398e+00,2.037441544234752655e-02,8.821581602096557617e-01,-9.713802337646484375e-01
-3.375249207019805908e-01,-6.785436272621154785e-01,3.295202851295471191e-01,-4.872199520468711853e-02,-3.932328894734382629e-02,-4.674988687038421631e-01,-8.817735910415649414e-01,-3.978243172168731689e-01,4.131617546081542969e-01,-1.533065199851989746e+00,1.754949688911437988e-01,-1.259348448365926743e-02,-8.377599716186523438e-01,-2.243961393833160400e-01,7.822914123535156250e-01,-9.997723102569580078e-01,2.135219052433967590e-02,8.786458969116210938e-01,-9.624827504158020020e-01
-3.375777304172515869e-01,-6.777464151382446289e-01,3.295042216777801514e-01,-4.743669182062149048e-02,-3.848043829202651978e-02,-4.682129323482513428e-01,-8.815019726753234863e-01,-3.784930408000946045e-01,3.677267134189605713e-01,-1.477006912231445312e+00,1.755543500185012817e-01,-1.012589596211910248e-02,-8.377599716186523438e-01,-2.234636396169662476e-01,7.847201824188232422e-01,-1.000709414482116699e+00,2.205953560769557953e-02,8.785243034362792969e-01,-9.576032161712646484e-01
-3.376542329788208008e-01,-6.769299507141113281e-01,3.294749557971954346e-01,-4.632729664444923401e-02,-3.778304532170295715e-02,-4.690139889717102051e-01,-8.811652064323425293e-01,-3.591341078281402588e-01,3.168548941612243652e-01,-1.410770535469055176e+00,1.745358109474182129e-01,-8.016867563128471375e-03,-8.377599716186523438e-01,-2.231584489345550537e-01,7.871179580688476562e-01,-1.001984715461730957e+00,2.234078198671340942e-02,8.784434199333190918e-01,-9.530872106552124023e-01
-3.377388417720794678e-01,-6.761384010314941406e-01,3.294878602027893066e-01,-4.561064392328262329e-02,-3.721105307340621948e-02,-4.697032272815704346e-01,-8.808597326278686523e-01,-3.399770855903625488e-01,2.598992884159088135e-01,-1.332663059234619141e+00,1.734372824430465698e-01,-5.777741782367229462e-03,-8.377599716186523438e-01,-2.235894799232482910e-01,7.891446352005004883e-01,-1.002148866653442383e+00,2.210627496242523193e-02,8.786673545837402344e-01,-9.489414691925048828e-01
-3.378552794456481934e-01,-6.753270626068115234e-01,3.294950425624847412e-01,-4.521325975656509399e-02,-3.674398362636566162e-02,-4.703141450881958008e-01,-8.805738091468811035e-01,-3.212068974971771240e-01,1.969792246818542480e-01,-1.242802619934082031e+00,1.715440303087234497e-01,-3.603427438065409660e-03,-8.377599716186523438e-01,-2.246603816747665405e-01,7.913554906845092773e-01,-1.002282142639160156e+00,2.125681191682815552e-02,8.794031143188476562e-01,-9.457208514213562012e-01
-3.379926383495330811e-01,-6.745085716247558594e-01,3.295063376426696777e-01,-4.488319158554077148e-02,-3.634362295269966125e-02,-4.709112346172332764e-01,-8.802881836891174316e-01,-3.034076094627380371e-01,1.300639659166336060e-01,-1.145228981971740723e+00,1.693291962146759033e-01,-1.688349992036819458e-03,-8.377599716186523438e-01,-2.258203774690628052e-01,7.934042215347290039e-01,-1.002085089683532715e+00,2.042013965547084808e-02,8.801063299179077148e-01,-9.428258538246154785e-01
-3.381412923336029053e-01,-6.736984848976135254e-01,3.295620083808898926e-01,-4.483872652053833008e-02,-3.583249449729919434e-02,-4.714984893798828125e-01,-8.799970149993896484e-01,-2.862656116485595703e-01,6.161817535758018494e-02,-1.042278766632080078e+00,1.668153703212738037e-01,1.291997381485998631e-03,-8.377599716186523438e-01,-2.273578792810440063e-01,7.960934638977050781e-01,-1.001965403556823730e+00,1.949441246688365936e-02,8.817288875579833984e-01,-9.405928254127502441e-01
-3.383147120475769043e-01,-6.728615760803222656e-01,3.296235501766204834e-01,-4.489201679825782776e-02,-3.521573916077613831e-02,-4.719939231872558594e-01,-8.797535300254821777e-01,-2.698304653167724609e-01,-3.447824623435735703e-03,-9.410808682441711426e-01,1.642931997776031494e-01,4.590376745909452438e-03,-8.377599716186523438e-01,-2.292197644710540771e-01,7.994559407234191895e-01,-1.002457261085510254e+00,1.858153939247131348e-02,8.840143680572509766e-01,-9.390212297439575195e-01
-3.384945988655090332e-01,-6.720150113105773926e-01,3.297073245048522949e-01,-4.502093046903610229e-02,-3.450327366590499878e-02,-4.724100828170776367e-01,-8.795517683029174805e-01,-2.544998228549957275e-01,-5.814447999000549316e-02,-8.510078191757202148e-01,1.617801785469055176e-01,8.468693122267723083e-03,-8.377599716186523438e-01,-2.309101969003677368e-01,8.030918240547180176e-01,-1.002896070480346680e+00,1.766198314726352692e-02,8.868463635444641113e-01,-9.381877183914184570e-01
-3.386846482753753662e-01,-6.706873774528503418e-01,3.290602862834930420e-01,-3.651527687907218933e-02,-3.358301147818565369e-02,-4.717913568019866943e-01,-8.803134560585021973e-01,-2.265683859586715698e-01,-7.958013564348220825e-02,-8.377931118011474609e-01,1.773750782012939453e-01,3.110265824943780899e-03,-8.377599716186523438e-01,-2.199249863624572754e-01,7.996879816055297852e-01,-1.001719832420349121e+00,2.841337211430072784e-02,8.721361160278320312e-01,-9.215739369392395020e-01
-3.389163017272949219e-01,-6.693261861801147461e-01,3.286404013633728027e-01,-2.836881391704082489e-02,-3.297393396496772766e-02,-4.719442427158355713e-01,-8.805546760559082031e-01,-2.021405994892120361e-01,-8.928098529577255249e-02,-8.377600908279418945e-01,1.903356462717056274e-01,-2.260593697428703308e-03,-8.377599716186523438e-01,-2.085483223199844360e-01,7.940595746040344238e-01,-9.980178475379943848e-01,3.954460471868515015e-02,8.558706045150756836e-01,-9.013060927391052246e-01
-3.391718566417694092e-01,-6.680105328559875488e-01,3.283702731132507324e-01,-2.160749956965446472e-02,-3.232410177588462830e-02,-4.724550843238830566e-01,-8.804967403411865234e-01,-1.812106668949127197e-01,-9.347534924745559692e-02,-8.377599716186523438e-01,1.997403949499130249e-01,-5.600065458565950394e-03,-8.377599716186523438e-01,-1.989658921957015991e-01,7.896216511726379395e-01,-9.947183728218078613e-01,4.910566285252571106e-02,8.424106836318969727e-01,-8.828300833702087402e-01
-3.394588530063629150e-01,-6.668114662170410156e-01,3.282243907451629639e-01,-1.648531109094619751e-02,-3.161795064806938171e-02,-4.732585549354553223e-01,-8.802016377449035645e-01,-1.647395938634872437e-01,-9.174156188964843750e-02,-8.377599716186523438e-01,2.055908590555191040e-01,-7.012154441326856613e-03,-8.377599716186523438e-01,-1.915896534919738770e-01,7.867168188095092773e-01,-9.920739531517028809e-01,5.658178403973579407e-02,8.326476216316223145e-01,-8.676385283470153809e-01
-3.397810161113739014e-01,-6.658187508583068848e-01,3.284349441528320312e-01,-1.344292331486940384e-02,-3.123352117836475372e-02,-4.743395149707794189e-01,-8.796850442886352539e-01,-1.554720550775527954e-01,-8.253757655620574951e-02,-8.377599716186523438e-01,2.069094330072402954e-01,-7.162086199969053268e-03,-8.377599716186523438e-01,-1.874665468931198120e-01,7.832142710685729980e-01,-9.870577454566955566e-01,6.075872480869293213e-02,8.246557116508483887e-01,-8.534462451934814453e-01
-3.400485217571258545e-01,-6.649264693260192871e-01,3.285203576087951660e-01,-1.272622495889663696e-02,-3.086905740201473236e-02,-4.751230776309967041e-01,-8.792856335639953613e-01,-1.520521938800811768e-01,-6.967367231845855713e-02,-8.377599716186523438e-01,2.047159671783447266e-01,-3.234796458855271339e-03,-8.409572839736938477e-01,-1.877183318138122559e-01,7.839741110801696777e-01,-9.856573343276977539e-01,6.094752997159957886e-02,8.236832022666931152e-01,-8.476877808570861816e-01
-3.402814567089080811e-01,-6.638649106025695801e-01,3.282366991043090820e-01,-1.144532673060894012e-02,-3.130026906728744507e-02,-4.759594798088073730e-01,-8.788354992866516113e-01,-1.530161499977111816e-01,-6.617333739995956421e-02,-8.377599716186523438e-01,2.031017839908599854e-01,2.958243479952216148e-03,-8.535388112068176270e-01,-1.880077868700027466e-01,7.831753492355346680e-01,-9.840530157089233398e-01,6.070526689291000366e-02,8.209144473075866699e-01,-8.418507575988769531e-01
-3.404564857482910156e-01,-6.627694368362426758e-01,3.277081847190856934e-01,-9.949928149580955505e-03,-3.218065574765205383e-02,-4.765254557132720947e-01,-8.785151839256286621e-01,-1.553959846496582031e-01,-6.989587098360061646e-02,-8.377599716186523438e-01,2.021771818399429321e-01,9.464020840823650360e-03,-8.702121973037719727e-01,-1.883992552757263184e-01,7.816358804702758789e-01,-9.824527502059936523e-01,6.045499071478843689e-02,8.183257579803466797e-01,-8.378854393959045410e-01
-3.406166434288024902e-01,-6.617881655693054199e-01,3.274669349193572998e-01,-9.630876593291759491e-03,-3.212258964776992798e-02,-4.771553277969360352e-01,-8.781788945198059082e-01,-1.604176461696624756e-01,-6.815018504858016968e-02,-8.377599716186523438e-01,1.991724669933319092e-01,1.569635048508644104e-02,-8.788046836853027344e-01,-1.902121901512145996e-01,7.838782668113708496e-01,-9.828569293022155762e-01,5.921557918190956116e-02,8.205730319023132324e-01,-8.377603292465209961e-01
-3.407783210277557373e-01,-6.608578562736511230e-01,3.274676799774169922e-01,-9.749031625688076019e-03,-3.144445270299911499e-02,-4.776970446109771729e-01,-8.779075741767883301e-01,-1.657062470912933350e-01,-6.219752132892608643e-02,-8.377599716186523438e-01,1.957113146781921387e-01,2.065283060073852539e-02,-8.812789916992187500e-01,-1.923179626464843750e-01,7.876788377761840820e-01,-9.834583997726440430e-01,5.765002220869064331e-02,8.241989016532897949e-01,-8.377599716186523438e-01
-3.409596085548400879e-01,-6.598986983299255371e-01,3.274134099483489990e-01,-9.592011570930480957e-03,-3.072508238255977631e-02,-4.781865179538726807e-01,-8.776682615280151367e-01,-1.697068661451339722e-01,-5.805959179997444153e-02,-8.377599716186523438e-01,1.929233968257904053e-01,2.596193924546241760e-02,-8.848279714584350586e-01,-1.939794272184371948e-01,7.916089892387390137e-01,-9.845283627510070801e-01,5.658365413546562195e-02,8.277398943901062012e-01,-8.377599716186523438e-01
-3.411367237567901611e-01,-6.589244604110717773e-01,3.273068368434906006e-01,-9.200421161949634552e-03,-3.008441627025604248e-02,-4.787079989910125732e-01,-8.774103522300720215e-01,-1.730715632438659668e-01,-5.594274774193763733e-02,-8.377599716186523438e-01,1.906832903623580933e-01,3.179860860109329224e-02,-8.902420401573181152e-01,-1.951571255922317505e-01,7.951959371566772461e-01,-9.856509566307067871e-01,5.595477670431137085e-02,8.309022784233093262e-01,-8.377599716186523438e-01
-3.413050770759582520e-01,-6.579502820968627930e-01,3.272297978401184082e-01,-8.880801498889923096e-03,-2.941531501710414886e-02,-4.791792631149291992e-01,-8.771790862083435059e-01,-1.761768013238906860e-01,-5.405957996845245361e-02,-8.377599716186523438e-01,1.885037720203399658e-01,3.806938603520393372e-02,-8.960547447204589844e-01,-1.963898539543151855e-01,7.988085150718688965e-01,-9.865050911903381348e-01,5.536259338259696960e-02,8.341835737228393555e-01,-8.377599716186523438e-01
-3.414914906024932861e-01,-6.569859981536865234e-01,3.272368013858795166e-01,-8.669322356581687927e-03,-2.859802916646003723e-02,-4.797635674476623535e-01,-8.768887519836425781e-01,-1.797419041395187378e-01,-5.121669545769691467e-02,-8.377599716186523438e-01,1.861082464456558228e-01,4.443373903632164001e-02,-9.009678363800048828e-01,-1.977860033512115479e-01,8.027415871620178223e-01,-9.876394271850585938e-01,5.460905656218528748e-02,8.376212120056152344e-01,-8.377599716186523438e-01
-3.416786789894104004e-01,-6.560250520706176758e-01,3.272211253643035889e-01,-8.365773595869541168e-03,-2.773195132613182068e-02,-4.803360700607299805e-01,-8.766061067581176758e-01,-1.830941885709762573e-01,-4.814039170742034912e-02,-8.377599716186523438e-01,1.837491393089294434e-01,5.097340792417526245e-02,-9.060490131378173828e-01,-1.991207152605056763e-01,8.066974282264709473e-01,-9.884647727012634277e-01,5.408305674791336060e-02,8.411903977394104004e-01,-8.377599716186523438e-01
-3.418774306774139404e-01,-6.550731062889099121e-01,3.271982371807098389e-01,-8.013135753571987152e-03,-2.680741250514984131e-02,-4.809654057025909424e-01,-8.762930035591125488e-01,-1.860966384410858154e-01,-4.479734972119331360e-02,-8.377599716186523438e-01,1.812525242567062378e-01,5.714086815714836121e-02,-9.102497100830078125e-01,-2.002983987331390381e-01,8.108900785446166992e-01,-9.898704886436462402e-01,5.375274643301963806e-02,8.448219895362854004e-01,-8.377599716186523438e-01
-3.420904576778411865e-01,-6.541267037391662598e-01,3.271571993827819824e-01,-7.697483524680137634e-03,-2.591601200401782990e-02,-4.816854000091552734e-01,-8.759270906448364258e-01,-1.885316967964172363e-01,-4.171468690037727356e-02,-8.377599716186523438e-01,1.787158995866775513e-01,6.298809498548507690e-02,-9.141179323196411133e-01,-2.015970796346664429e-01,8.150911331176757812e-01,-9.916006326675415039e-01,5.351317301392555237e-02,8.485761284828186035e-01,-8.377599716186523438e-01
-3.422940671443939209e-01,-6.532232165336608887e-01,3.271444439888000488e-01,-7.491542026400566101e-03,-2.507185935974121094e-02,-4.825650453567504883e-01,-8.754691481590270996e-01,-1.904499828815460205e-01,-3.852323070168495178e-02,-8.377599716186523438e-01,1.759749799966812134e-01,6.895832717418670654e-02,-9.180251359939575195e-01,-2.029417157173156738e-01,8.190609216690063477e-01,-9.932155013084411621e-01,5.325721576809883118e-02,8.522160053253173828e-01,-8.377599716186523438e-01
-3.425185382366180420e-01,-6.523157954216003418e-01,3.271476328372955322e-01,-7.437190506607294083e-03,-2.423553355038166046e-02,-4.834813475608825684e-01,-8.749874830245971680e-01,-1.920270323753356934e-01,-3.485052287578582764e-02,-8.377599716186523438e-01,1.729898750782012939e-01,7.538940757513046265e-02,-9.220823049545288086e-01,-2.044216096401214600e-01,8.231840729713439941e-01,-9.950680136680603027e-01,5.265399441123008728e-02,8.559976816177368164e-01,-8.377599716186523438e-01
-3.427345156669616699e-01,-6.514424681663513184e-01,3.271440565586090088e-01,-7.383376359939575195e-03,-2.345157042145729065e-02,-4.845063090324401855e-01,-8.744422197341918945e-01,-1.936887800693511963e-01,-3.159511834383010864e-02,-8.377599716186523438e-01,1.700635850429534912e-01,8.139690011739730835e-02,-9.260537028312683105e-01,-2.058383971452713013e-01,8.270130753517150879e-01,-9.964948892593383789e-01,5.205629020929336548e-02,8.597045540809631348e-01,-8.377599716186523438e-01
-3.429491519927978516e-01,-6.505963206291198730e-01,3.271322250366210938e-01,-7.356320973485708237e-03,-2.259843423962593079e-02,-4.855218827724456787e-01,-8.739014267921447754e-01,-1.953409910202026367e-01,-2.819662168622016907e-02,-8.377599716186523438e-01,1.670890003442764282e-01,8.738551288843154907e-02,-9.295905828475952148e-01,-2.071414291858673096e-01,8.310337662696838379e-01,-9.978844523429870605e-01,5.170822516083717346e-02,8.635805845260620117e-01,-8.377599716186523438e-01
-3.431474268436431885e-01,-6.497731804847717285e-01,3.271558880805969238e-01,-7.504188455641269684e-03,-2.179612405598163605e-02,-4.865771532058715820e-01,-8.733334541320800781e-01,-1.979993134737014771e-01,-2.483045496046543121e-02,-8.377599716186523438e-01,1.635856479406356812e-01,9.298492223024368286e-02,-9.322924017906188965e-01,-2.086840271949768066e-01,8.349485993385314941e-01,-9.991075396537780762e-01,5.092989280819892883e-02,8.674488067626953125e-01,-8.377599716186523438e-01
-3.433420360088348389e-01,-6.489664912223815918e-01,3.271903991699218750e-01,-7.736473809927701950e-03,-2.089912444353103638e-02,-4.876236915588378906e-01,-8.727694153785705566e-01,-2.004891932010650635e-01,-2.102741412818431854e-02,-8.377599716186523438e-01,1.599469780921936035e-01,9.810309857130050659e-02,-9.336845874786376953e-01,-2.102343589067459106e-01,8.392969965934753418e-01,-1.000572919845581055e+00,5.014405772089958191e-02,8.716785311698913574e-01,-8.377599716186523438e-01
-3.435430526733398438e-01,-6.481748819351196289e-01,3.272112011909484863e-01,-8.051755838096141815e-03,-1.999135315418243408e-02,-4.887464344501495361e-01,-8.721596598625183105e-01,-2.036324143409729004e-01,-1.731916703283786774e-02,-8.377599716186523438e-01,1.559586971998214722e-01,1.030677035450935364e-01,-9.345491528511047363e-01,-2.119612246751785278e-01,8.438383936882019043e-01,-1.002459526062011719e+00,4.936393722891807556e-02,8.761620521545410156e-01,-8.377599716186523438e-01
-3.437277972698211670e-01,-6.473675370216369629e-01,3.272389769554138184e-01,-8.299389854073524475e-03,-1.914874278008937836e-02,-4.897221922874450684e-01,-8.716287016868591309e-01,-2.066577672958374023e-01,-1.390904467552900314e-02,-8.377599716186523438e-01,1.522391587495803833e-01,1.076728999614715576e-01,-9.352049231529235840e-01,-2.138213366270065308e-01,8.480589389801025391e-01,-1.003965139389038086e+00,4.836546257138252258e-02,8.800632357597351074e-01,-8.377599716186523438e-01
-3.439157903194427490e-01,-6.465812325477600098e-01,3.272705972194671631e-01,-8.596762083470821381e-03,-1.831234619021415710e-02,-4.906244874000549316e-01,-8.711362481117248535e-01,-2.096071690320968628e-01,-1.036304794251918793e-02,-8.377599716186523438e-01,1.486604064702987671e-01,1.119762659072875977e-01,-9.353207945823669434e-01,-2.156726121902465820e-01,8.523097038269042969e-01,-1.005526065826416016e+00,4.736920073628425598e-02,8.840318322181701660e-01,-8.377599716186523438e-01
-3.441091179847717285e-01,-6.458010673522949219e-01,3.273165524005889893e-01,-9.060452692210674286e-03,-1.747244596481323242e-02,-4.916257858276367188e-01,-8.705841302871704102e-01,-2.131841331720352173e-01,-6.583171896636486053e-03,-8.377599716186523438e-01,1.444795578718185425e-01,1.157560050487518311e-01,-9.341306686401367188e-01,-2.178826630115509033e-01,8.568551540374755859e-01,-1.007388591766357422e+00,4.614219814538955688e-02,8.883429765701293945e-01,-8.377599716186523438e-01
-3.442839980125427246e-01,-6.450365185737609863e-01,3.273505270481109619e-01,-9.446796961128711700e-03,-1.667733490467071533e-02,-4.925931692123413086e-01,-8.700486421585083008e-01,-2.164915204048156738e-01,-3.140033688396215439e-03,-8.377599716186523438e-01,1.407277882099151611e-01,1.192954406142234802e-01,-9.329808950424194336e-01,-2.199015170335769653e-01,8.611001968383789062e-01,-1.008826494216918945e+00,4.512031376361846924e-02,8.924178481101989746e-01,-8.377599716186523438e-01
-3.444764018058776855e-01,-6.442661285400390625e-01,3.273855149745941162e-01,-9.850947186350822449e-03,-1.586953550577163696e-02,-4.933582246303558350e-01,-8.696256279945373535e-01,-2.196031212806701660e-01,4.431497363839298487e-04,-8.377599716186523438e-01,1.374295502901077271e-01,1.227493509650230408e-01,-9.316410422325134277e-01,-2.218083739280700684e-01,8.654147386550903320e-01,-1.010234236717224121e+00,4.394083842635154724e-02,8.963277935981750488e-01,-8.377599716186523438e-01
-3.446745872497558594e-01,-6.434768438339233398e-01,3.274176120758056641e-01,-1.034918799996376038e-02,-1.511594746261835098e-02,-4.940998554229736328e-01,-8.692121505737304688e-01,-2.228212356567382812e-01,4.088106565177440643e-03,-8.377599716186523438e-01,1.338342875242233276e-01,1.259583234786987305e-01,-9.298850893974304199e-01,-2.240275740623474121e-01,8.697758316993713379e-01,-1.011716127395629883e+00,4.251844063401222229e-02,9.002995491027832031e-01,-8.377599716186523438e-01
-3.448731005191802979e-01,-6.427215933799743652e-01,3.274393677711486816e-01,-1.092194672673940659e-02,-1.443846244364976883e-02,-4.948478341102600098e-01,-8.687910437583923340e-01,-2.261657863855361938e-01,7.749446202069520950e-03,-8.377599716186523438e-01,1.302606314420700073e-01,1.290152966976165771e-01,-9.282027482986450195e-01,-2.263129055500030518e-01,8.738656640052795410e-01,-1.012815475463867188e+00,4.092701897025108337e-02,9.042790532112121582e-01,-8.377599716186523438e-01
-3.450875580310821533e-01,-6.419590115547180176e-01,3.274547755718231201e-01,-1.142125204205513000e-02,-1.368762739002704620e-02,-4.955055117607116699e-01,-8.684218525886535645e-01,-2.292154580354690552e-01,1.151844020932912827e-02,-8.377599716186523438e-01,1.270331293344497681e-01,1.319922804832458496e-01,-9.262702465057373047e-01,-2.284654527902603149e-01,8.782167434692382812e-01,-1.014241099357604980e+00,3.947496786713600159e-02,9.082517623901367188e-01,-8.377599716186523438e-01
-3.453091084957122803e-01,-6.411959528923034668e-01,3.274320065975189209e-01,-1.179726608097553253e-02,-1.300868671387434006e-02,-4.960393607616424561e-01,-8.681224584579467773e-01,-2.318836301565170288e-01,1.472672633826732635e-02,-8.377599716186523438e-01,1.242220997810363770e-01,1.351200640201568604e-01,-9.253123402595520020e-01,-2.304766178131103516e-01,8.822385668754577637e-01,-1.015419721603393555e+00,3.809057548642158508e-02,9.119126796722412109e-01,-8.377599716186523438e-01
-3.455535173416137695e-01,-6.404309272766113281e-01,3.274278044700622559e-01,-1.220164541155099869e-02,-1.231216918677091599e-02,-4.965192675590515137e-01,-8.678526282310485840e-01,-2.345370501279830933e-01,1.809828728437423706e-02,-8.377599716186523438e-01,1.214858144521713257e-01,1.382270008325576782e-01,-9.241571426391601562e-01,-2.325822860002517700e-01,8.862090706825256348e-01,-1.016512513160705566e+00,3.650926798582077026e-02,9.155356287956237793e-01,-8.377599716186523438e-01
-3.458075821399688721e-01,-6.396586894989013672e-01,3.274321556091308594e-01,-1.250096596777439117e-02,-1.157431025058031082e-02,-4.968249201774597168e-01,-8.676835894584655762e-01,-2.365394979715347290e-01,2.155816182494163513e-02,-8.377599716186523438e-01,1.193551719188690186e-01,1.412469446659088135e-01,-9.230537414550781250e-01,-2.345343083143234253e-01,8.901599645614624023e-01,-1.017451524734497070e+00,3.504655882716178894e-02,9.189184308052062988e-01,-8.377599716186523438e-01
-3.460688292980194092e-01,-6.388943195343017578e-01,3.274190425872802734e-01,-1.259064394980669022e-02,-1.080354955047369003e-02,-4.971273541450500488e-01,-8.675189614295959473e-01,-2.380574494600296021e-01,2.454140596091747284e-02,-8.377599716186523438e-01,1.175588592886924744e-01,1.442774683237075806e-01,-9.222792387008666992e-01,-2.360379099845886230e-01,8.939687609672546387e-01,-1.018452167510986328e+00,3.402495384216308594e-02,9.220681190490722656e-01,-8.377599716186523438e-01
-3.463536500930786133e-01,-6.381312608718872070e-01,3.274272382259368896e-01,-1.268170773983001709e-02,-9.955052286386489868e-03,-4.973334670066833496e-01,-8.674096465110778809e-01,-2.393723279237747192e-01,2.800363674759864807e-02,-8.377599716186523438e-01,1.159112304449081421e-01,1.472408771514892578e-01,-9.210671782493591309e-01,-2.375381141901016235e-01,8.980448842048645020e-01,-1.019849896430969238e+00,3.302324563264846802e-02,9.252636432647705078e-01,-8.377599716186523438e-01
-3.466689586639404297e-01,-6.373538374900817871e-01,3.274215459823608398e-01,-1.268289703875780106e-02,-9.049742482602596283e-03,-4.974741041660308838e-01,-8.673388957977294922e-01,-2.404422014951705933e-01,3.128948807716369629e-02,-8.377599716186523438e-01,1.144966930150985718e-01,1.501049250364303589e-01,-9.197606444358825684e-01,-2.390982210636138916e-01,9.021884799003601074e-01,-1.021263718605041504e+00,3.191145509481430054e-02,9.284161329269409180e-01,-8.377599716186523438e-01
-3.469971716403961182e-01,-6.365873813629150391e-01,3.274009227752685547e-01,-1.249080151319503784e-02,-7.995641790330410004e-03,-4.975125491619110107e-01,-8.673300147056579590e-01,-2.407917827367782593e-01,3.461612761020660400e-02,-8.377599716186523438e-01,1.136270239949226379e-01,1.526344716548919678e-01,-9.180309176445007324e-01,-2.401912808418273926e-01,9.066069722175598145e-01,-1.023046970367431641e+00,3.140503540635108948e-02,9.316198825836181641e-01,-8.377599716186523438e-01
-3.473278284072875977e-01,-6.358174085617065430e-01,3.273828029632568359e-01,-1.219983585178852081e-02,-6.959012709558010101e-03,-4.975192248821258545e-01,-8.673392534255981445e-01,-2.408809959888458252e-01,3.764002025127410889e-02,-8.377599716186523438e-01,1.130991354584693909e-01,1.553641408681869507e-01,-9.169133901596069336e-01,-2.412497550249099731e-01,9.108619689941406250e-01,-1.024863481521606445e+00,3.095821104943752289e-02,9.346196651458740234e-01,-8.377599716186523438e-01
-3.476753830909729004e-01,-6.350513696670532227e-01,3.273764252662658691e-01,-1.186460722237825394e-02,-5.872474517673254013e-03,-4.974733889102935791e-01,-8.673782348632812500e-01,-2.408185750246047974e-01,4.090757668018341064e-02,-8.377599716186523438e-01,1.126914471387863159e-01,1.580121815204620361e-01,-9.155522584915161133e-01,-2.422512322664260864e-01,9.151081442832946777e-01,-1.026627659797668457e+00,3.055625781416893005e-02,9.375299811363220215e-01,-8.377599716186523438e-01
-3.480249047279357910e-01,-6.342984437942504883e-01,3.273519277572631836e-01,-1.149429194629192352e-02,-4.848851356655359268e-03,-4.974818229675292969e-01,-8.673846721649169922e-01,-2.409319579601287842e-01,4.370815679430961609e-02,-8.377599716186523438e-01,1.121126785874366760e-01,1.607580780982971191e-01,-9.146323204040527344e-01,-2.432566136121749878e-01,9.191240072250366211e-01,-1.028323411941528320e+00,3.024895489215850830e-02,9.402677416801452637e-01,-8.377599716186523438e-01
-3.483787178993225098e-01,-6.335571408271789551e-01,3.273386061191558838e-01,-1.099390350282192230e-02,-3.705953946337103844e-03,-4.974276423454284668e-01,-8.674278855323791504e-01,-2.405640035867691040e-01,4.672583565115928650e-02,-8.377599716186523438e-01,1.119854226708412170e-01,1.632295995950698853e-01,-9.131688475608825684e-01,-2.439847141504287720e-01,9.233171939849853516e-01,-1.030241489410400391e+00,3.021692298352718353e-02,9.430705904960632324e-01,-8.377599716186523438e-01
-3.487253487110137939e-01,-6.328333616256713867e-01,3.273328244686126709e-01,-1.065276004374027252e-02,-2.743090502917766571e-03,-4.974669814109802246e-01,-8.674131631851196289e-01,-2.407495379447937012e-01,4.946886003017425537e-02,-8.377599716186523438e-01,1.113448515534400940e-01,1.659349203109741211e-01,-9.123598933219909668e-01,-2.449797093868255615e-01,9.269275069236755371e-01,-1.031400680541992188e+00,2.982579916715621948e-02,9.456256031990051270e-01,-8.377599716186523438e-01
-3.490793406963348389e-01,-6.320915818214416504e-01,3.273322880268096924e-01,-1.031148247420787811e-02,-1.765923807397484779e-03,-4.974731802940368652e-01,-8.674162626266479492e-01,-2.410047501325607300e-01,5.229668691754341125e-02,-8.377599716186523438e-01,1.106740161776542664e-01,1.686138659715652466e-01,-9.113983511924743652e-01,-2.459123730659484863e-01,9.305881857872009277e-01,-1.032483696937561035e+00,2.945712395012378693e-02,9.482370615005493164e-01,-8.377599716186523438e-01
-3.494224846363067627e-01,-6.313810348510742188e-01,3.273214399814605713e-01,-9.858918376266956329e-03,-7.818289450369775295e-04,-4.974815547466278076e-01,-8.674181699752807617e-01,-2.409529089927673340e-01,5.491780489683151245e-02,-8.377599716186523438e-01,1.103192642331123352e-01,1.709893494844436646e-01,-9.103962182998657227e-01,-2.467080652713775635e-01,9.341500401496887207e-01,-1.033804774284362793e+00,2.929955348372459412e-02,9.507191777229309082e-01,-8.377599716186523438e-01
-3.497575521469116211e-01,-6.306830644607543945e-01,3.273209929466247559e-01,-9.455720894038677216e-03,1.511987793492153287e-04,-4.974768161773681641e-01,-8.674257397651672363e-01,-2.409174889326095581e-01,5.747086927294731140e-02,-8.377599716186523438e-01,1.099347770214080811e-01,1.734827607870101929e-01,-9.096398353576660156e-01,-2.477140873670578003e-01,9.375835061073303223e-01,-1.035107970237731934e+00,2.905288338661193848e-02,9.530251622200012207e-01,-8.377599716186523438e-01
-3.500766456127166748e-01,-6.299891471862792969e-01,3.273223042488098145e-01,-8.981815539300441742e-03,9.698283392935991287e-04,-4.976159930229187012e-01,-8.673503994941711426e-01,-2.411459833383560181e-01,5.964300781488418579e-02,-8.377599716186523438e-01,1.094526425004005432e-01,1.758480668067932129e-01,-9.092466831207275391e-01,-2.484704405069351196e-01,9.403542876243591309e-01,-1.035735487937927246e+00,2.878259867429733276e-02,9.549530148506164551e-01,-8.377599716186523438e-01
-3.503866791725158691e-01,-6.293016672134399414e-01,3.273152410984039307e-01,-8.581643924117088318e-03,1.669313758611679077e-03,-4.977324903011322021e-01,-8.672865033149719238e-01,-2.416026294231414795e-01,6.150968000292778015e-02,-8.377599716186523438e-01,1.088190451264381409e-01,1.783760339021682739e-01,-9.094927310943603516e-01,-2.493259459733963013e-01,9.427868723869323730e-01,-1.036230206489562988e+00,2.839932776987552643e-02,9.568245410919189453e-01,-8.377599716186523438e-01
-3.506894409656524658e-01,-6.286222934722900391e-01,3.273495435714721680e-01,-8.235161192715167999e-03,2.311019459739327431e-03,-4.978685379028320312e-01,-8.672103285789489746e-01,-2.422594875097274780e-01,6.364683806896209717e-02,-8.377599716186523438e-01,1.080423668026924133e-01,1.806718707084655762e-01,-9.094421863555908203e-01,-2.502560913562774658e-01,9.448317289352416992e-01,-1.035837411880493164e+00,2.790237963199615479e-02,9.585411548614501953e-01,-8.377599716186523438e-01
-3.509530425071716309e-01,-6.279738545417785645e-01,3.273620307445526123e-01,-7.865106686949729919e-03,2.821084577590227127e-03,-4.981409311294555664e-01,-8.670558333396911621e-01,-2.430230379104614258e-01,6.518664211034774780e-02,-8.377599716186523438e-01,1.071172505617141724e-01,1.831090152263641357e-01,-9.101937413215637207e-01,-2.508374750614166260e-01,9.464054107666015625e-01,-1.035178661346435547e+00,2.756713703274726868e-02,9.601659774780273438e-01,-8.377599716186523438e-01
-3.512112498283386230e-01,-6.273251175880432129e-01,3.274347782135009766e-01,-7.449822500348091125e-03,3.307838225737214088e-03,-4.983451962471008301e-01,-8.669403791427612305e-01,-2.436079680919647217e-01,6.685093045234680176e-02,-8.377599716186523438e-01,1.065249741077423096e-01,1.854357719421386719e-01,-9.107728600502014160e-01,-2.514552474021911621e-01,9.474534392356872559e-01,-1.034007310867309570e+00,2.716031298041343689e-02,9.612888097763061523e-01,-8.377599716186523438e-01
-3.514453172683715820e-01,-6.266811490058898926e-01,3.275314271450042725e-01,-7.051376160234212875e-03,3.730830503627657890e-03,-4.986827969551086426e-01,-8.667478561401367188e-01,-2.445128560066223145e-01,6.860636174678802490e-02,-8.377599716186523438e-01,1.054244190454483032e-01,1.874224394559860229e-01,-9.107851982116699219e-01,-2.517338395118713379e-01,9.479830265045166016e-01,-1.031596541404724121e+00,2.687058784067630768e-02,9.622132778167724609e-01,-8.377599716186523438e-01
-3.516478538513183594e-01,-6.260487437248229980e-01,3.276438415050506592e-01,-6.597153842449188232e-03,4.097256343811750412e-03,-4.991423189640045166e-01,-8.664852380752563477e-01,-2.455234676599502563e-01,7.001765817403793335e-02,-8.377599716186523438e-01,1.043711230158805847e-01,1.893332749605178833e-01,-9.108150601387023926e-01,-2.519314885139465332e-01,9.481406211853027344e-01,-1.029499292373657227e+00,2.685680240392684937e-02,9.630079865455627441e-01,-8.377599716186523438e-01
-3.518154025077819824e-01,-6.254301667213439941e-01,3.277766704559326172e-01,-6.070466246455907822e-03,4.416921176016330719e-03,-4.996418952941894531e-01,-8.661995530128479004e-01,-2.464648336172103882e-01,7.120595872402191162e-02,-8.377599716186523438e-01,1.034761071205139160e-01,1.909377425909042358e-01,-9.106864333152770996e-01,-2.519775927066802979e-01,9.479129910469055176e-01,-1.026600837707519531e+00,2.704260498285293579e-02,9.636306762695312500e-01,-8.377599716186523438e-01
-3.519598841667175293e-01,-6.248210668563842773e-01,3.279544115066528320e-01,-5.605671089142560959e-03,4.630208481103181839e-03,-5.002703666687011719e-01,-8.658387064933776855e-01,-2.477095872163772583e-01,7.242202013731002808e-02,-8.377599716186523438e-01,1.021126061677932739e-01,1.925991028547286987e-01,-9.106191396713256836e-01,-2.521309852600097656e-01,9.470105767250061035e-01,-1.022980570793151855e+00,2.717413008213043213e-02,9.639409184455871582e-01,-8.377599716186523438e-01
-3.520624935626983643e-01,-6.242169141769409180e-01,3.281227052211761475e-01,-5.173816345632076263e-03,4.761468153446912766e-03,-5.011016130447387695e-01,-8.653599023818969727e-01,-2.495088577270507812e-01,7.334319502115249634e-02,-8.377599716186523438e-01,1.003326848149299622e-01,1.945074200630187988e-01,-9.110373854637145996e-01,-2.522330582141876221e-01,9.458767771720886230e-01,-1.019072294235229492e+00,2.728310972452163696e-02,9.644607305526733398e-01,-8.377599716186523438e-01
-3.521271646022796631e-01,-6.236439943313598633e-01,3.283370435237884521e-01,-4.855402745306491852e-03,4.881075583398342133e-03,-5.021039843559265137e-01,-8.647798299789428711e-01,-2.516599893569946289e-01,7.471402734518051147e-02,-8.377599716186523438e-01,9.829243272542953491e-02,1.964106112718582153e-01,-9.110205173492431641e-01,-2.521201372146606445e-01,9.446835517883300781e-01,-1.014940023422241211e+00,2.731359191238880157e-02,9.652040004730224609e-01,-8.377599716186523438e-01
-3.521580398082733154e-01,-6.230663657188415527e-01,3.285449445247650146e-01,-4.583268426358699799e-03,4.694686271250247955e-03,-5.033151507377624512e-01,-8.640780448913574219e-01,-2.545233070850372314e-01,7.526408135890960693e-02,-8.377599716186523438e-01,9.568533301353454590e-02,1.984563916921615601e-01,-9.122227430343627930e-01,-2.521850466728210449e-01,9.422655701637268066e-01,-1.009437561035156250e+00,2.683713845908641815e-02,9.653232693672180176e-01,-8.377599716186523438e-01
-3.521434962749481201e-01,-6.225029826164245605e-01,3.287819623947143555e-01,-4.407168831676244736e-03,4.438401665538549423e-03,-5.047430396080017090e-01,-8.632469773292541504e-01,-2.580613195896148682e-01,7.592103630304336548e-02,-8.377599716186523438e-01,9.268394112586975098e-02,2.009575963020324707e-01,-9.137538671493530273e-01,-2.522199451923370361e-01,9.396271705627441406e-01,-1.003710508346557617e+00,2.588442340493202209e-02,9.654083251953125000e-01,-8.377782702445983887e-01
-3.520755469799041748e-01,-6.220098733901977539e-01,3.288971483707427979e-01,-4.690821748226881027e-03,4.482045304030179977e-03,-5.063533782958984375e-01,-8.623016476631164551e-01,-2.619301676750183105e-01,7.785348594188690186e-02,-8.377599716186523438e-01,8.910633623600006104e-02,2.039488703012466431e-01,-9.144513607025146484e-01,-2.526075541973114014e-01,9.394717216491699219e-01,-1.000682592391967773e+00,2.473852783441543579e-02,9.698272347450256348e-01,-8.434064984321594238e-01
-3.519569635391235352e-01,-6.215928792953491211e-01,3.287563025951385498e-01,-5.613493733108043671e-03,4.844175651669502258e-03,-5.081974864006042480e-01,-8.612086772918701172e-01,-2.667866945266723633e-01,8.063053339719772339e-02,-8.377599716186523438e-01,8.453073352575302124e-02,2.083877176046371460e-01,-9.154753684997558594e-01,-2.536910176277160645e-01,9.431827664375305176e-01,-1.002190351486206055e+00,2.299828268587589264e-02,9.810873270034790039e-01,-8.595718741416931152e-01
-3.517920374870300293e-01,-6.212254762649536133e-01,3.285549879074096680e-01,-6.804438773542642593e-03,5.340238567441701889e-03,-5.101652145385742188e-01,-8.600329160690307617e-01,-2.719133496284484863e-01,8.401222527027130127e-02,-8.377599716186523438e-01,7.956424355506896973e-02,2.130096554756164551e-01,-9.158763289451599121e-01,-2.549826800823211670e-01,9.482545256614685059e-01,-1.005151391029357910e+00,2.095975913107395172e-02,9.952809810638427734e-01,-8.809482455253601074e-01
-3.515867292881011963e-01,-6.208642125129699707e-01,3.283090293407440186e-01,-8.040551096200942993e-03,5.877938587218523026e-03,-5.122322440147399902e-01,-8.587892055511474609e-01,-2.772020101547241211e-01,8.738317340612411499e-02,-8.377599716186523438e-01,7.443290948867797852e-02,2.177392989397048950e-01,-9.161070585250854492e-01,-2.562724649906158447e-01,9.538109302520751953e-01,-1.008830666542053223e+00,1.868000067770481110e-02,1.011003494262695312e+00,-9.067189097404479980e-01
-3.513244390487670898e-01,-6.205263137817382812e-01,3.280283808708190918e-01,-9.447299875319004059e-03,6.438038777559995651e-03,-5.144134759902954102e-01,-8.574660420417785645e-01,-2.826033234596252441e-01,9.113218635320663452e-02,-8.377599716186523438e-01,6.903523951768875122e-02,2.225179523229598999e-01,-9.159577488899230957e-01,-2.575119733810424805e-01,9.599518179893493652e-01,-1.012870669364929199e+00,1.568485051393508911e-02,1.028183937072753906e+00,-9.367200732231140137e-01
-3.510255515575408936e-01,-6.202279329299926758e-01,3.277383744716644287e-01,-1.086007710546255112e-02,7.095301523804664612e-03,-5.167052745819091797e-01,-8.560650348663330078e-01,-2.878963649272918701e-01,9.521074593067169189e-02,-8.377599716186523438e-01,6.357213109731674194e-02,2.275394201278686523e-01,-9.154456257820129395e-01,-2.586670815944671631e-01,9.664502739906311035e-01,-1.017564892768859863e+00,1.253545936197042465e-02,1.045732259750366211e+00,-9.702395200729370117e-01
-3.506495058536529541e-01,-6.199809908866882324e-01,3.274469077587127686e-01,-1.191992405802011490e-02,7.894598878920078278e-03,-5.189970135688781738e-01,-8.546565175056457520e-01,-2.921784818172454834e-01,9.889581054449081421e-02,-8.377599716186523438e-01,5.921176820993423462e-02,2.320558428764343262e-01,-9.144521951675415039e-01,-2.585926949977874756e-01,9.728657007217407227e-01,-1.022432684898376465e+00,1.019416376948356628e-02,1.062053918838500977e+00,-1.005657553672790527e+00
-3.502320945262908936e-01,-6.197835206985473633e-01,3.271775245666503906e-01,-1.273937057703733444e-02,8.888613432645797729e-03,-5.213977694511413574e-01,-8.531723618507385254e-01,-2.959110140800476074e-01,1.027764827013015747e-01,-8.377599716186523438e-01,5.541898682713508606e-02,2.362169474363327026e-01,-9.125280380249023438e-01,-2.574852406978607178e-01,9.792967438697814941e-01,-1.026875019073486328e+00,8.135071955621242523e-03,1.077551364898681641e+00,-1.045929193496704102e+00
-3.497975766658782959e-01,-6.196116209030151367e-01,3.269296288490295410e-01,-1.345613040030002594e-02,9.885461069643497467e-03,-5.237401127815246582e-01,-8.517144322395324707e-01,-2.992843687534332275e-01,1.064838916063308716e-01,-8.377599716186523438e-01,5.206602066755294800e-02,2.403540313243865967e-01,-9.108206033706665039e-01,-2.560719549655914307e-01,9.853332042694091797e-01,-1.031037449836730957e+00,5.398457404226064682e-03,1.091224074363708496e+00,-1.088958740234375000e+00
-3.493566811084747314e-01,-6.194509267807006836e-01,3.266882598400115967e-01,-1.405566371977329254e-02,1.073446031659841537e-02,-5.259701013565063477e-01,-8.503191471099853516e-01,-3.024279475212097168e-01,1.094560548663139343e-01,-8.377599716186523438e-01,4.901623725891113281e-02,2.442347854375839233e-01,-9.096809625625610352e-01,-2.546240389347076416e-01,9.907761216163635254e-01,-1.035065531730651855e+00,1.684577320702373981e-03,1.102085232734680176e+00,-1.132147908210754395e+00
-3.489352464675903320e-01,-6.192835569381713867e-01,3.264635205268859863e-01,-1.487725134938955307e-02,1.138435117900371552e-02,-5.280686616897583008e-01,-8.489950299263000488e-01,-3.059976994991302490e-01,1.125589162111282349e-01,-8.377599716186523438e-01,4.556186869740486145e-02,2.481507360935211182e-01,-9.088770151138305664e-01,-2.540206611156463623e-01,9.958626031875610352e-01,-1.039008736610412598e+00,-3.511888207867741585e-03,1.110151410102844238e+00,-1.174258947372436523e+00
-3.485407829284667969e-01,-6.191087961196899414e-01,3.262732326984405518e-01,-1.588402688503265381e-02,1.188972964882850647e-02,-5.300165414810180664e-01,-8.477551341056823730e-01,-3.098075091838836670e-01,1.157642677426338196e-01,-8.377599716186523438e-01,4.178554192185401917e-02,2.516171634197235107e-01,-9.076922535896301270e-01,-2.540651857852935791e-01,1.000483155250549316e+00,-1.041621565818786621e+00,-1.009085588157176971e-02,1.114822626113891602e+00,-1.211639761924743652e+00
-3.481545150279998779e-01,-6.189250946044921875e-01,3.261200785636901855e-01,-1.694667525589466095e-02,1.214435882866382599e-02,-5.317897200584411621e-01,-8.466197848320007324e-01,-3.137294948101043701e-01,1.185658276081085205e-01,-8.377599716186523438e-01,3.807307407259941101e-02,2.552963197231292725e-01,-9.076371192932128906e-01,-2.546770572662353516e-01,1.004294991493225098e+00,-1.044148683547973633e+00,-1.760517433285713196e-02,1.115073442459106445e+00,-1.243475198745727539e+00
-3.477855324745178223e-01,-6.187187433242797852e-01,3.260117173194885254e-01,-1.807728409767150879e-02,1.212690304964780807e-02,-5.333401560783386230e-01,-8.456207513809204102e-01,-3.176571428775787354e-01,1.209817603230476379e-01,-8.377599716186523438e-01,3.428193554282188416e-02,2.587356567382812500e-01,-9.081680178642272949e-01,-2.558556795120239258e-01,1.007061839103698730e+00,-1.045165538787841797e+00,-2.628879435360431671e-02,1.110691189765930176e+00,-1.269004464149475098e+00
-3.474561572074890137e-01,-6.185067296028137207e-01,3.259440660476684570e-01,-1.918163336813449860e-02,1.205646712332963943e-02,-5.346775054931640625e-01,-8.447524309158325195e-01,-3.212631940841674805e-01,1.233941316604614258e-01,-8.377599716186523438e-01,3.067769855260848999e-02,2.615321576595306396e-01,-9.081413745880126953e-01,-2.572398483753204346e-01,1.009400367736816406e+00,-1.045868515968322754e+00,-3.498328104615211487e-02,1.101842999458312988e+00,-1.287656307220458984e+00
-3.471536934375762939e-01,-6.182829737663269043e-01,3.259114623069763184e-01,-2.010150067508220673e-02,1.180975604802370071e-02,-5.358347296714782715e-01,-8.440009355545043945e-01,-3.248089253902435303e-01,1.248269528150558472e-01,-8.377599716186523438e-01,2.747934684157371521e-02,2.642751932144165039e-01,-9.091026186943054199e-01,-2.587936520576477051e-01,1.010638713836669922e+00,-1.045863151550292969e+00,-4.369236156344413757e-02,1.088531374931335449e+00,-1.299656391143798828e+00
-3.468683958053588867e-01,-6.180660128593444824e-01,3.259276151657104492e-01,-2.086139842867851257e-02,1.171471364796161652e-02,-5.366976857185363770e-01,-8.434353470802307129e-01,-3.272032737731933594e-01,1.267828196287155151e-01,-8.377599716186523438e-01,2.514528669416904449e-02,2.667457163333892822e-01,-9.096886515617370605e-01,-2.597000002861022949e-01,1.011896729469299316e+00,-1.045480251312255859e+00,-5.154109001159667969e-02,1.071764945983886719e+00,-1.305956721305847168e+00
-3.465783298015594482e-01,-6.178660392761230469e-01,3.259669244289398193e-01,-2.122514136135578156e-02,1.174923311918973923e-02,-5.375089645385742188e-01,-8.429089784622192383e-01,-3.288126289844512939e-01,1.281874477863311768e-01,-8.377599716186523438e-01,2.367096953094005585e-02,2.688547372817993164e-01,-9.101040959358215332e-01,-2.599331736564636230e-01,1.012822151184082031e+00,-1.045072078704833984e+00,-5.781744793057441711e-02,1.051728129386901855e+00,-1.305810451507568359e+00
-3.462755382061004639e-01,-6.176925301551818848e-01,3.260333240032196045e-01,-2.142655849456787109e-02,1.176585257053375244e-02,-5.383766889572143555e-01,-8.423497080802917480e-01,-3.302103877067565918e-01,1.293753087520599365e-01,-8.377599716186523438e-01,2.247849293053150177e-02,2.711432874202728271e-01,-9.110808372497558594e-01,-2.595905959606170654e-01,1.013195276260375977e+00,-1.044190049171447754e+00,-6.280260533094406128e-02,1.029371142387390137e+00,-1.301108002662658691e+00
-3.459280133247375488e-01,-6.175481677055358887e-01,3.261109590530395508e-01,-2.153263054788112640e-02,1.186424400657415390e-02,-5.392038822174072266e-01,-8.418163061141967773e-01,-3.311886787414550781e-01,1.306097358465194702e-01,-8.377599716186523438e-01,2.173529379069805145e-02,2.732832133769989014e-01,-9.118018150329589844e-01,-2.586819231510162354e-01,1.013423681259155273e+00,-1.043012976646423340e+00,-6.642759591341018677e-02,1.005461096763610840e+00,-1.292335391044616699e+00
-3.455445766448974609e-01,-6.174513101577758789e-01,3.261900246143341064e-01,-2.144608274102210999e-02,1.203776616603136063e-02,-5.400580763816833496e-01,-8.412683606147766113e-01,-3.316643536090850830e-01,1.317169070243835449e-01,-8.377599716186523438e-01,2.147844433784484863e-02,2.751972973346710205e-01,-9.124920964241027832e-01,-2.569727003574371338e-01,1.013472080230712891e+00,-1.041797041893005371e+00,-6.816943734884262085e-02,9.806442856788635254e-01,-1.280048489570617676e+00
-3.451121151447296143e-01,-6.173921823501586914e-01,3.262670934200286865e-01,-2.110522612929344177e-02,1.236707996577024460e-02,-5.409032702445983887e-01,-8.407289981842041016e-01,-3.314852416515350342e-01,1.326657682657241821e-01,-8.377599716186523438e-01,2.213540114462375641e-02,2.773047685623168945e-01,-9.135531783103942871e-01,-2.544025778770446777e-01,1.013776183128356934e+00,-1.041185855865478516e+00,-6.762953847646713257e-02,9.556593894958496094e-01,-1.264832615852355957e+00
-3.446197807788848877e-01,-6.173823475837707520e-01,3.263243138790130615e-01,-2.041119709610939026e-02,1.290167775005102158e-02,-5.418223738670349121e-01,-8.401460647583007812e-01,-3.304612636566162109e-01,1.333714425563812256e-01,-8.377599716186523438e-01,2.353406511247158051e-02,2.790662348270416260e-01,-9.141464829444885254e-01,-2.505336403846740723e-01,1.014075994491577148e+00,-1.040789842605590820e+00,-6.486144661903381348e-02,9.318329095840454102e-01,-1.248705625534057617e+00
-3.440455794334411621e-01,-6.174123287200927734e-01,3.263279795646667480e-01,-1.979583129286766052e-02,1.363426726311445236e-02,-5.428810119628906250e-01,-8.394655585289001465e-01,-3.292614221572875977e-01,1.346829384565353394e-01,-8.377599716186523438e-01,2.508417703211307526e-02,2.815741300582885742e-01,-9.150235056877136230e-01,-2.462129890918731689e-01,1.015339970588684082e+00,-1.041143655776977539e+00,-6.040478125214576721e-02,9.107715487480163574e-01,-1.231350421905517578e+00
-3.434274792671203613e-01,-6.174083352088928223e-01,3.261897563934326172e-01,-2.021060325205326080e-02,1.390974596142768860e-02,-5.442761182785034180e-01,-8.385472893714904785e-01,-3.307828307151794434e-01,1.364689767360687256e-01,-8.377599716186523438e-01,2.399159409105777740e-02,2.854369580745697021e-01,-9.175170063972473145e-01,-2.441112548112869263e-01,1.017501473426818848e+00,-1.042257785797119141e+00,-5.864631757140159607e-02,8.974004983901977539e-01,-1.216472625732421875e+00
-3.427686095237731934e-01,-6.173399090766906738e-01,3.258823752403259277e-01,-2.224819548428058624e-02,1.343710813671350479e-02,-5.460115075111389160e-01,-8.373743891716003418e-01,-3.363154530525207520e-01,1.390403360128402710e-01,-8.377599716186523438e-01,1.883161254227161407e-02,2.912188768386840820e-01,-9.222391247749328613e-01,-2.457731068134307861e-01,1.020935416221618652e+00,-1.044389128684997559e+00,-6.127490848302841187e-02,8.979356884956359863e-01,-1.208627343177795410e+00
-3.420569896697998047e-01,-6.172900795936584473e-01,3.255158364772796631e-01,-2.469811588525772095e-02,1.266400609165430069e-02,-5.476823449134826660e-01,-8.362258672714233398e-01,-3.424567878246307373e-01,1.414846926927566528e-01,-8.377599716186523438e-01,1.298509445041418076e-02,2.973207235336303711e-01,-9.281365275382995605e-01,-2.485403567552566528e-01,1.024368762969970703e+00,-1.046535253524780273e+00,-6.442187726497650146e-02,9.100917577743530273e-01,-1.213774919509887695e+00
-3.413821756839752197e-01,-6.172963380813598633e-01,3.252591490745544434e-01,-2.638520300388336182e-02,1.238482538610696793e-02,-5.487201809883117676e-01,-8.354977965354919434e-01,-3.456940352916717529e-01,1.439279913902282715e-01,-8.377599716186523438e-01,1.011758390814065933e-02,3.028092682361602783e-01,-9.333413839340209961e-01,-2.496394515037536621e-01,1.027544856071472168e+00,-1.048502564430236816e+00,-6.552988290786743164e-02,9.236498475074768066e-01,-1.222698211669921875e+00
-3.407732844352722168e-01,-6.173377633094787598e-01,3.251215517520904541e-01,-2.707284875214099884e-02,1.255028415471315384e-02,-5.490828752517700195e-01,-8.352349996566772461e-01,-3.457574546337127686e-01,1.456137597560882568e-01,-8.377599716186523438e-01,1.003035437315702438e-02,3.061974942684173584e-01,-9.364076852798461914e-01,-2.487062662839889526e-01,1.029985189437866211e+00,-1.049912929534912109e+00,-6.500406563282012939e-02,9.309588670730590820e-01,-1.224402308464050293e+00
-3.402041792869567871e-01,-6.173754930496215820e-01,3.250677883625030518e-01,-2.729139477014541626e-02,1.277361437678337097e-02,-5.491400957107543945e-01,-8.351868987083435059e-01,-3.445687294006347656e-01,1.467498242855072021e-01,-8.377599716186523438e-01,1.111939642578363419e-02,3.086488842964172363e-01,-9.389380216598510742e-01,-2.469906508922576904e-01,1.031206369400024414e+00,-1.050073981285095215e+00,-6.383852660655975342e-02,9.308710098266601562e-01,-1.217536568641662598e+00
-3.396228551864624023e-01,-6.174101829528808594e-01,3.250541985034942627e-01,-2.765249460935592651e-02,1.266239024698734283e-02,-5.492176413536071777e-01,-8.351257443428039551e-01,-3.440565466880798340e-01,1.474644094705581665e-01,-8.377599716186523438e-01,1.166357006877660751e-02,3.109035789966583252e-01,-9.418513774871826172e-01,-2.457987219095230103e-01,1.031304121017456055e+00,-1.048932790756225586e+00,-6.306057423353195190e-02,9.271177649497985840e-01,-1.207837462425231934e+00
-3.389750421047210693e-01,-6.174272298812866211e-01,3.250594139099121094e-01,-2.838298492133617401e-02,1.205254532396793365e-02,-5.494256019592285156e-01,-8.349734544754028320e-01,-3.449017703533172607e-01,1.477966308593750000e-01,-8.377599716186523438e-01,1.091226842254400253e-02,3.135305643081665039e-01,-9.459496140480041504e-01,-2.454514056444168091e-01,1.030185580253601074e+00,-1.046463370323181152e+00,-6.307137012481689453e-02,9.239081740379333496e-01,-1.200604319572448730e+00
-3.383017778396606445e-01,-6.174659132957458496e-01,3.250889182090759277e-01,-2.949931472539901733e-02,1.108334120362997055e-02,-5.497965812683105469e-01,-8.347039818763732910e-01,-3.468615710735321045e-01,1.481496840715408325e-01,-8.377599716186523438e-01,9.133473038673400879e-03,3.161098659038543701e-01,-9.503017663955688477e-01,-2.459007799625396729e-01,1.028457164764404297e+00,-1.043555021286010742e+00,-6.365109980106353760e-02,9.231671690940856934e-01,-1.197346448898315430e+00
-3.376387357711791992e-01,-6.175063252449035645e-01,3.251684308052062988e-01,-3.052441030740737915e-02,1.004859805107116699e-02,-5.502306222915649414e-01,-8.343940973281860352e-01,-3.490177392959594727e-01,1.482782214879989624e-01,-8.377599716186523438e-01,7.364441175013780594e-03,3.183660209178924561e-01,-9.543630480766296387e-01,-2.463338971138000488e-01,1.026046395301818848e+00,-1.039765596389770508e+00,-6.422360986471176147e-02,9.234613776206970215e-01,-1.196867942810058594e+00
-3.370041549205780029e-01,-6.175465583801269531e-01,3.253259062767028809e-01,-3.118856064975261688e-02,9.062543511390686035e-03,-5.502974987030029297e-01,-8.343367576599121094e-01,-3.499621152877807617e-01,1.480064839124679565e-01,-8.377599716186523438e-01,6.621818523854017258e-03,3.197191357612609863e-01,-9.577095508575439453e-01,-2.461891770362854004e-01,1.022762894630432129e+00,-1.035026907920837402e+00,-6.408160179853439331e-02,9.221733808517456055e-01,-1.194858431816101074e+00
-3.364281356334686279e-01,-6.175706386566162109e-01,3.255563676357269287e-01,-3.128262609243392944e-02,8.273101411759853363e-03,-5.501475930213928223e-01,-8.344402909278869629e-01,-3.495400249958038330e-01,1.472809016704559326e-01,-8.377599716186523438e-01,7.274398114532232285e-03,3.202566504478454590e-01,-9.602715969085693359e-01,-2.449547350406646729e-01,1.018867611885070801e+00,-1.029729604721069336e+00,-6.284681707620620728e-02,9.193365573883056641e-01,-1.190982937812805176e+00
-3.358913362026214600e-01,-6.175931096076965332e-01,3.258398473262786865e-01,-3.122002258896827698e-02,7.605348248034715652e-03,-5.496535301208496094e-01,-8.347744941711425781e-01,-3.482432961463928223e-01,1.465693563222885132e-01,-8.377599716186523438e-01,8.693303912878036499e-03,3.201742768287658691e-01,-9.620441794395446777e-01,-2.437361180782318115e-01,1.014890789985656738e+00,-1.024031877517700195e+00,-6.119692325592041016e-02,9.162985682487487793e-01,-1.187107920646667480e+00
-3.353886008262634277e-01,-6.175759434700012207e-01,3.261416554450988770e-01,-3.095133230090141296e-02,7.000002078711986542e-03,-5.491963624954223633e-01,-8.350906372070312500e-01,-3.467559814453125000e-01,1.458287388086318970e-01,-8.377599716186523438e-01,1.031341869384050369e-02,3.199381530284881592e-01,-9.634676575660705566e-01,-2.422583997249603271e-01,1.010720849037170410e+00,-1.018299221992492676e+00,-5.937483906745910645e-02,9.132859706878662109e-01,-1.183539867401123047e+00
-3.349050879478454590e-01,-6.175566315650939941e-01,3.264802694320678711e-01,-3.044947981834411621e-02,6.650318857282400131e-03,-5.487321019172668457e-01,-8.354170322418212891e-01,-3.444711267948150635e-01,1.454457640647888184e-01,-8.377599716186523438e-01,1.257331017404794693e-02,3.194075226783752441e-01,-9.638774394989013672e-01,-2.398923933506011963e-01,1.006698846817016602e+00,-1.012227296829223633e+00,-5.700336769223213196e-02,9.102679491043090820e-01,-1.179451584815979004e+00
-3.344357311725616455e-01,-6.175309419631958008e-01,3.268352150917053223e-01,-2.960243634879589081e-02,6.528403144329786301e-03,-5.482808947563171387e-01,-8.357446789741516113e-01,-3.415634036064147949e-01,1.449226438999176025e-01,-8.377599716186523438e-01,1.554296351969242096e-02,3.188210725784301758e-01,-9.639425277709960938e-01,-2.368157655000686646e-01,1.002809882164001465e+00,-1.006313323974609375e+00,-5.399953946471214294e-02,9.069148898124694824e-01,-1.174446344375610352e+00
-3.339674174785614014e-01,-6.174845099449157715e-01,3.271896839141845703e-01,-2.859271690249443054e-02,6.567370612174272537e-03,-5.478271842002868652e-01,-8.360769748687744141e-01,-3.381828963756561279e-01,1.444834023714065552e-01,-8.377599716186523438e-01,1.893762685358524323e-02,3.181264400482177734e-01,-9.634834527969360352e-01,-2.331319302320480347e-01,9.992005228996276855e-01,-1.000600218772888184e+00,-5.079594254493713379e-02,9.036042690277099609e-01,-1.169364094734191895e+00
-3.335161805152893066e-01,-6.174265742301940918e-01,3.275265693664550781e-01,-2.751748077571392059e-02,6.664745509624481201e-03,-5.474488735198974609e-01,-8.363600373268127441e-01,-3.349668979644775391e-01,1.439279913902282715e-01,-8.377599716186523438e-01,2.225400134921073914e-02,3.175582885742187500e-01,-9.630150198936462402e-01,-2.294230014085769653e-01,9.959056973457336426e-01,-9.952958226203918457e-01,-4.754410684108734131e-02,9.004034399986267090e-01,-1.164039850234985352e+00
-3.330650031566619873e-01,-6.173665523529052734e-01,3.278719186782836914e-01,-2.654244564473628998e-02,6.841210182756185532e-03,-5.471559762954711914e-01,-8.365817666053771973e-01,-3.317567706108093262e-01,1.440607756376266479e-01,-8.377599716186523438e-01,2.552055567502975464e-02,3.169503808021545410e-01,-9.619185924530029297e-01,-2.258418798446655273e-01,9.930432438850402832e-01,-9.905503988265991211e-01,-4.445506259799003601e-02,8.976716399192810059e-01,-1.159088730812072754e+00
-3.326067924499511719e-01,-6.173040866851806641e-01,3.281944990158081055e-01,-2.553037926554679871e-02,6.999730598181486130e-03,-5.470163226127624512e-01,-8.367033004760742188e-01,-3.288533091545104980e-01,1.438305079936981201e-01,-8.377599716186523438e-01,2.839840948581695557e-02,3.163296580314636230e-01,-9.608966112136840820e-01,-2.221842110157012939e-01,9.901524186134338379e-01,-9.860649704933166504e-01,-4.138778895139694214e-02,8.949838876724243164e-01,-1.154165983200073242e+00
-3.321247696876525879e-01,-6.172496676445007324e-01,3.284882009029388428e-01,-2.464302256703376770e-02,7.136567030102014542e-03,-5.468530654907226562e-01,-8.368354439735412598e-01,-3.260512650012969971e-01,1.437543034553527832e-01,-8.377599716186523438e-01,3.155385702848434448e-02,3.163338303565979004e-01,-9.608697295188903809e-01,-2.187709957361221313e-01,9.874566793441772461e-01,-9.814956784248352051e-01,-3.850368037819862366e-02,8.926724791526794434e-01,-1.149627447128295898e+00
-3.316478729248046875e-01,-6.172017455101013184e-01,3.287657499313354492e-01,-2.395788766443729401e-02,7.161767221987247467e-03,-5.467920899391174316e-01,-8.368949294090270996e-01,-3.238236308097839355e-01,1.437817513942718506e-01,-8.377599716186523438e-01,3.403484076261520386e-02,3.166733086109161377e-01,-9.612739682197570801e-01,-2.159009724855422974e-01,9.848153591156005859e-01,-9.770983457565307617e-01,-3.618717938661575317e-02,8.905192017555236816e-01,-1.145194053649902344e+00
-3.311738371849060059e-01,-6.171618103981018066e-01,3.290017545223236084e-01,-2.340453304350376129e-02,7.115705870091915131e-03,-5.468114018440246582e-01,-8.368983864784240723e-01,-3.220992088317871094e-01,1.437499225139617920e-01,-8.377599716186523438e-01,3.614693880081176758e-02,3.172387480735778809e-01,-9.621967673301696777e-01,-2.133722007274627686e-01,9.824151396751403809e-01,-9.732418656349182129e-01,-3.421563282608985901e-02,8.886532187461853027e-01,-1.141429781913757324e+00
-3.306839466094970703e-01,-6.171320676803588867e-01,3.292088508605957031e-01,-2.303937077522277832e-02,6.958842277526855469e-03,-5.468133687973022461e-01,-8.369085192680358887e-01,-3.207767605781555176e-01,1.435361355543136597e-01,-8.377599716186523438e-01,3.779439628124237061e-02,3.178999125957489014e-01,-9.634753465652465820e-01,-2.112282216548919678e-01,9.801279306411743164e-01,-9.697965383529663086e-01,-3.259670361876487732e-02,8.869854807853698730e-01,-1.138085365295410156e+00
-3.302023708820343018e-01,-6.171253919601440430e-01,3.293854892253875732e-01,-2.287089452147483826e-02,6.798091344535350800e-03,-5.468508005142211914e-01,-8.368900418281555176e-01,-3.197297751903533936e-01,1.437147855758666992e-01,-8.377599716186523438e-01,3.907572850584983826e-02,3.189461231231689453e-01,-9.650064706802368164e-01,-2.095966339111328125e-01,9.782779812812805176e-01,-9.667706489562988281e-01,-3.126077353954315186e-02,8.858792781829833984e-01,-1.135622978210449219e+00
-3.297207355499267578e-01,-6.171206831932067871e-01,3.295202255249023438e-01,-2.288403548300266266e-02,6.511894054710865021e-03,-5.468339323997497559e-01,-8.369029760360717773e-01,-3.190209269523620605e-01,1.437466740608215332e-01,-8.377599716186523438e-01,4.003955796360969543e-02,3.200014233589172363e-01,-9.669234156608581543e-01,-2.082647085189819336e-01,9.764648079872131348e-01,-9.635089039802551270e-01,-3.024129197001457214e-02,8.849170207977294922e-01,-1.133321404457092285e+00
-3.292451500892639160e-01,-6.171380281448364258e-01,3.296267092227935791e-01,-2.295115031301975250e-02,6.195669528096914291e-03,-5.469237565994262695e-01,-8.368448019027709961e-01,-3.186257779598236084e-01,1.436783522367477417e-01,-8.377599716186523438e-01,4.065479710698127747e-02,3.211716711521148682e-01,-9.691096544265747070e-01,-2.071591764688491821e-01,9.748297929763793945e-01,-9.612558484077453613e-01,-2.931660227477550507e-02,8.841635584831237793e-01,-1.131715178489685059e+00
-3.287700414657592773e-01,-6.171593666076660156e-01,3.297037482261657715e-01,-2.323560789227485657e-02,5.828168243169784546e-03,-5.469030737876892090e-01,-8.368531465530395508e-01,-3.183961510658264160e-01,1.438218653202056885e-01,-8.377599716186523438e-01,4.104349762201309204e-02,3.225098848342895508e-01,-9.714059829711914062e-01,-2.064817249774932861e-01,9.734572172164916992e-01,-9.587994217872619629e-01,-2.872342243790626526e-02,8.838992714881896973e-01,-1.130838036537170410e+00
-3.283169567584991455e-01,-6.171814203262329102e-01,3.297549784183502197e-01,-2.358793839812278748e-02,5.435082595795392990e-03,-5.469858050346374512e-01,-8.367918133735656738e-01,-3.185765147209167480e-01,1.439366489648818970e-01,-8.377599716186523438e-01,4.107505455613136292e-02,3.237404823303222656e-01,-9.735880494117736816e-01,-2.060286402702331543e-01,9.723512530326843262e-01,-9.567229151725769043e-01,-2.836139872670173645e-02,8.838448524475097656e-01,-1.130240201950073242e+00
-3.278665244579315186e-01,-6.172100901603698730e-01,3.297947943210601807e-01,-2.408298105001449585e-02,5.086641293019056320e-03,-5.470507144927978516e-01,-8.367375135421752930e-01,-3.188350200653076172e-01,1.443294137716293335e-01,-8.377599716186523438e-01,4.082218557596206665e-02,3.249427080154418945e-01,-9.752634763717651367e-01,-2.057290822267532349e-01,9.717012643814086914e-01,-9.550836682319641113e-01,-2.798559516668319702e-02,8.843514323234558105e-01,-1.130325675010681152e+00
-3.274319171905517578e-01,-6.172447800636291504e-01,3.298079371452331543e-01,-2.452770806849002838e-02,4.701164085417985916e-03,-5.471792817115783691e-01,-8.366427421569824219e-01,-3.191990554332733154e-01,1.444757878780364990e-01,-8.377599716186523438e-01,4.043678566813468933e-02,3.260486125946044922e-01,-9.770306348800659180e-01,-2.052971571683883667e-01,9.707410335540771484e-01,-9.531253576278686523e-01,-2.759792283177375793e-02,8.846510052680969238e-01,-1.130184769630432129e+00
-3.270105719566345215e-01,-6.172921657562255859e-01,3.298209607601165771e-01,-2.510150149464607239e-02,4.368994385004043579e-03,-5.471740365028381348e-01,-8.366310000419616699e-01,-3.195229172706604004e-01,1.449400633573532104e-01,-8.377599716186523438e-01,4.004078358411788940e-02,3.272626996040344238e-01,-9.786775708198547363e-01,-2.051544934511184692e-01,9.701935648918151855e-01,-9.511857032775878906e-01,-2.742810547351837158e-02,8.854726552963256836e-01,-1.130764007568359375e+00
-3.266130089759826660e-01,-6.173317432403564453e-01,3.298186659812927246e-01,-2.550469152629375458e-02,4.069036338478326797e-03,-5.472061038017272949e-01,-8.365993499755859375e-01,-3.196771144866943359e-01,1.451221108436584473e-01,-8.377599716186523438e-01,3.992626070976257324e-02,3.283250331878662109e-01,-9.803577661514282227e-01,-2.048694938421249390e-01,9.697737693786621094e-01,-9.499822854995727539e-01,-2.701262384653091431e-02,8.861350417137145996e-01,-1.131281256675720215e+00
-3.262336254119873047e-01,-6.173748970031738281e-01,3.298094272613525391e-01,-2.588382363319396973e-02,3.797314595431089401e-03,-5.472435951232910156e-01,-8.365644216537475586e-01,-3.196150064468383789e-01,1.453055441379547119e-01,-8.377599716186523438e-01,3.979784250259399414e-02,3.293080031871795654e-01,-9.818275570869445801e-01,-2.045468837022781372e-01,9.693143367767333984e-01,-9.486868977546691895e-01,-2.661971002817153931e-02,8.867450952529907227e-01,-1.131712198257446289e+00
-3.258544504642486572e-01,-6.174228191375732422e-01,3.298087716102600098e-01,-2.614218182861804962e-02,3.717087442055344582e-03,-5.471831560134887695e-01,-8.365963101387023926e-01,-3.191393613815307617e-01,1.458364576101303101e-01,-8.377599716186523438e-01,4.025972262024879456e-02,3.299676477909088135e-01,-9.824113249778747559e-01,-2.038993537425994873e-01,9.693289399147033691e-01,-9.477962255477905273e-01,-2.589861117303371429e-02,8.875422477722167969e-01,-1.132351160049438477e+00
-3.255037665367126465e-01,-6.174683570861816406e-01,3.298086524009704590e-01,-2.634199894964694977e-02,3.571454202756285667e-03,-5.470706224441528320e-01,-8.366642594337463379e-01,-3.185503780841827393e-01,1.459639221429824829e-01,-8.377599716186523438e-01,4.068366438150405884e-02,3.304495811462402344e-01,-9.831052422523498535e-01,-2.033212780952453613e-01,9.689794182777404785e-01,-9.465743899345397949e-01,-2.529126778244972229e-02,8.879221677780151367e-01,-1.132538318634033203e+00
-3.251637518405914307e-01,-6.175201535224914551e-01,3.298186957836151123e-01,-2.647462859749794006e-02,3.477790160104632378e-03,-5.469731688499450684e-01,-8.367241621017456055e-01,-3.178076148033142090e-01,1.461766511201858521e-01,-8.377599716186523438e-01,4.133129119873046875e-02,3.307833671569824219e-01,-9.835173487663269043e-01,-2.026352137327194214e-01,9.687630534172058105e-01,-9.454782605171203613e-01,-2.458703890442848206e-02,8.882433176040649414e-01,-1.132559657096862793e+00
-3.248405456542968750e-01,-6.175712347030639648e-01,3.298425376415252686e-01,-2.653469890356063843e-02,3.380823414772748947e-03,-5.469040870666503906e-01,-8.367678523063659668e-01,-3.171567022800445557e-01,1.462412327527999878e-01,-8.377599716186523438e-01,4.201035946607589722e-02,3.310370147228240967e-01,-9.839074015617370605e-01,-2.017235904932022095e-01,9.682349562644958496e-01,-9.444257616996765137e-01,-2.387782186269760132e-02,8.883523344993591309e-01,-1.132322669029235840e+00
-3.245341181755065918e-01,-6.176113486289978027e-01,3.298709392547607422e-01,-2.654946781694889069e-02,3.356762463226914406e-03,-5.468338727951049805e-01,-8.368133306503295898e-01,-3.163830339908599854e-01,1.464428305625915527e-01,-8.377599716186523438e-01,4.269668087363243103e-02,3.311858177185058594e-01,-9.838460683822631836e-01,-2.007453441619873047e-01,9.680250287055969238e-01,-9.437472820281982422e-01,-2.299550548195838928e-02,8.885408639907836914e-01,-1.132296204566955566e+00
-3.242388367652893066e-01,-6.176484227180480957e-01,3.298996090888977051e-01,-2.658845111727714539e-02,3.185040550306439400e-03,-5.467683076858520508e-01,-8.368555903434753418e-01,-3.157589137554168701e-01,1.463293284177780151e-01,-8.377599716186523438e-01,4.331802949309349060e-02,3.309868574142456055e-01,-9.839187860488891602e-01,-2.000827193260192871e-01,9.671513438224792480e-01,-9.420143365859985352e-01,-2.240858972072601318e-02,8.883255720138549805e-01,-1.131836652755737305e+00
-3.239474892616271973e-01,-6.176944971084594727e-01,3.299472033977508545e-01,-2.664173394441604614e-02,3.021639771759510040e-03,-5.466988682746887207e-01,-8.368998765945434570e-01,-3.151744008064270020e-01,1.462756544351577759e-01,-8.377599716186523438e-01,4.376261308789253235e-02,3.312507569789886475e-01,-9.842739105224609375e-01,-1.993081271648406982e-01,9.663177728652954102e-01,-9.407382607460021973e-01,-2.176889218389987946e-02,8.880658149719238281e-01,-1.131301045417785645e+00
-3.236629068851470947e-01,-6.177335977554321289e-01,3.300062716007232666e-01,-2.673479542136192322e-02,2.826635260134935379e-03,-5.466360449790954590e-01,-8.369386196136474609e-01,-3.148286342620849609e-01,1.464123427867889404e-01,-8.377599716186523438e-01,4.423183947801589966e-02,3.313247263431549072e-01,-9.845369458198547363e-01,-1.986685246229171753e-01,9.653855562210083008e-01,-9.390904903411865234e-01,-2.126911655068397522e-02,8.877943158149719238e-01,-1.130822658538818359e+00
-3.233918845653533936e-01,-6.177763342857360840e-01,3.300468027591705322e-01,-2.684232220053672791e-02,2.493604086339473724e-03,-5.466674566268920898e-01,-8.369157314300537109e-01,-3.147656619548797607e-01,1.459126621484756470e-01,-8.377599716186523438e-01,4.431460797786712646e-02,3.314541578292846680e-01,-9.853167533874511719e-01,-1.981869786977767944e-01,9.640349745750427246e-01,-9.372510313987731934e-01,-2.094484120607376099e-02,8.872601985931396484e-01,-1.130247354507446289e+00
-3.231265544891357422e-01,-6.178139448165893555e-01,3.301054835319519043e-01,-2.701571397483348846e-02,2.169327577576041222e-03,-5.466977357864379883e-01,-8.368912935256958008e-01,-3.147633373737335205e-01,1.458366364240646362e-01,-8.377599716186523438e-01,4.419805109500885010e-02,3.313050866127014160e-01,-9.853748083114624023e-01,-1.977021694183349609e-01,9.626716375350952148e-01,-9.352535605430603027e-01,-2.067291550338268280e-02,8.868190646171569824e-01,-1.129619479179382324e+00
-3.228682875633239746e-01,-6.178439855575561523e-01,3.301479816436767578e-01,-2.712375111877918243e-02,1.780106918886303902e-03,-5.467600822448730469e-01,-8.368479609489440918e-01,-3.152375519275665283e-01,1.453719437122344971e-01,-8.377599716186523438e-01,4.420283064246177673e-02,3.315420150756835938e-01,-9.864757061004638672e-01,-1.972633153200149536e-01,9.610272049903869629e-01,-9.332183599472045898e-01,-2.044911496341228485e-02,8.860703706741333008e-01,-1.128862500190734863e+00
-3.226240277290344238e-01,-6.178781390190124512e-01,3.301825523376464844e-01,-2.730209194123744965e-02,1.382399117574095726e-03,-5.468298792839050293e-01,-8.367973566055297852e-01,-3.154906928539276123e-01,1.449645161628723145e-01,-8.377599716186523438e-01,4.404826089739799500e-02,3.317833244800567627e-01,-9.875271320343017578e-01,-1.969548165798187256e-01,9.594084620475769043e-01,-9.309630990028381348e-01,-2.030409127473831177e-02,8.855447173118591309e-01,-1.128303408622741699e+00
