1.338507421314716339e-02,2.595539391040802002e-02,3.397239148616790771e-01,3.030384890735149384e-03,-7.901822775602340698e-02,-9.295966625213623047e-01,3.599958717823028564e-01,-3.995049893856048584e-01,-2.356042712926864624e-01,4.936283552867039987e-16,-1.632433235645294189e-01,-9.435117989778518677e-02,2.492288313806056976e-02,-2.419450432062149048e-01,1.271605193614959717e-01,-1.064223527908325195e+00,1.021102443337440491e-01,-7.467195391654968262e-02,-4.581051319837570190e-02,1.012330725789070129e-01,6.836702674627304077e-02,-1.010689213871955872e-01,8.012025803327560425e-02,2.356459386646747589e-03,2.049362957477569580e-01,-1.943913474678993225e-02,-2.999972179532051086e-02,-1.273057237267494202e-02
1.648852415382862091e-02,-6.703663617372512817e-03,3.342330753803253174e-01,-8.738146722316741943e-02,8.094873279333114624e-02,-9.900714755058288574e-01,-7.463435828685760498e-02,3.445914387702941895e-01,3.667320311069488525e-02,4.161750802546195383e-18,1.933615058660507202e-01,1.009243205189704895e-01,2.218697220087051392e-02,1.885520368814468384e-01,2.399999946355819702e-01,9.167226031422615051e-03,3.007771074771881104e-01,-3.271341621875762939e-01,4.838331639766693115e-01,5.000000000000000000e-01,-1.346889287233352661e-01,-8.996159583330154419e-02,4.218648076057434082e-01,2.094802260398864746e-01,2.729395031929016113e-01,-1.045174300670623779e-01,-2.999999932944774628e-02,7.483465131372213364e-03
1.545136328786611557e-02,-7.195806596428155899e-03,3.337621688842773438e-01,-8.688488602638244629e-02,8.562836796045303345e-02,-9.899907112121582031e-01,-7.097320258617401123e-02,3.547955155372619629e-01,4.154291749000549316e-02,2.181123074069624222e-18,1.896128505468368530e-01,1.050095856189727783e-01,1.882627047598361969e-02,1.980248093605041504e-01,2.399999946355819702e-01,2.567497640848159790e-02,3.167462348937988281e-01,-3.369498848915100098e-01,4.641856849193572998e-01,5.000000000000000000e-01,-1.492642909288406372e-01,-1.126863732933998108e-01,4.445442557334899902e-01,2.292871028184890747e-01,3.036269247531890869e-01,-1.433896571397781372e-01,-2.999999932944774628e-02,8.074749261140823364e-03
1.382792275398969650e-02,-7.250043563544750214e-03,3.351928293704986572e-01,-8.274330943822860718e-02,8.417428284883499146e-02,-9.909638762474060059e-01,-6.370933353900909424e-02,3.388905525207519531e-01,4.907145351171493530e-02,-6.878026645713126389e-18,1.845043301582336426e-01,1.101695522665977478e-01,2.097752690315246582e-02,1.964042037725448608e-01,2.399999946355819702e-01,2.676069736480712891e-02,3.023220002651214600e-01,-3.603659868240356445e-01,3.971368074417114258e-01,5.000000000000000000e-01,-1.576165705919265747e-01,-1.364796906709671021e-01,4.757591784000396729e-01,2.754355967044830322e-01,3.202792704105377197e-01,-1.873696893453598022e-01,-2.999999932944774628e-02,7.195985876023769379e-03
1.299010310322046280e-02,-7.239809725433588028e-03,3.339891135692596436e-01,-8.546955883502960205e-02,8.043471723794937134e-02,-9.915504455566406250e-01,-5.525292083621025085e-02,3.409322202205657959e-01,3.688845038414001465e-02,3.058728616763884463e-18,2.054207921028137207e-01,1.136490702629089355e-01,1.814312487840652466e-02,1.768990755081176758e-01,2.399999946355819702e-01,4.317657276988029480e-02,2.588727772235870361e-01,-3.678168654441833496e-01,2.798015773296356201e-01,5.000000000000000000e-01,-1.663268506526947021e-01,-1.432217061519622803e-01,4.772983193397521973e-01,2.718103229999542236e-01,3.415169119834899902e-01,-2.136139273643493652e-01,-2.999999932944774628e-02,1.964708790183067322e-02
1.109099015593528748e-02,-6.633803248405456543e-03,3.342118561267852783e-01,-8.876436203718185425e-02,7.614115625619888306e-02,-9.920880794525146484e-01,-4.565769061446189880e-02,3.346937298774719238e-01,4.217457398772239685e-02,-4.170591708933162143e-18,2.195831090211868286e-01,1.290510445833206177e-01,1.883749477565288544e-02,1.535436511039733887e-01,2.399999946355819702e-01,4.838666692376136780e-02,2.136167585849761963e-01,-3.325538039207458496e-01,1.331717669963836670e-01,5.000000000000000000e-01,-1.764273345470428467e-01,-1.446108818054199219e-01,4.820188879966735840e-01,2.733652293682098389e-01,3.347741663455963135e-01,-2.101157158613204956e-01,-2.999999932944774628e-02,7.171873748302459717e-02
6.690249778330326080e-03,-4.568789619952440262e-03,3.361752331256866455e-01,-9.421098232269287109e-02,7.230963557958602905e-02,-9.922382831573486328e-01,-3.686250373721122742e-02,3.272527754306793213e-01,7.547796517610549927e-02,-8.569988192743392165e-19,2.251580655574798584e-01,1.652457714080810547e-01,2.456163428723812103e-02,1.137445867061614990e-01,2.399999946355819702e-01,5.663509294390678406e-02,1.939518600702285767e-01,-2.434899955987930298e-01,-3.967228159308433533e-02,5.000000000000000000e-01,-1.928994953632354736e-01,-1.262720823287963867e-01,4.847342669963836670e-01,2.240287214517593384e-01,2.703463435173034668e-01,-8.461211621761322021e-02,-2.999999932944774628e-02,2.287054806947708130e-01
1.158935134299099445e-03,-2.217015717178583145e-03,3.367263376712799072e-01,-1.025618985295295715e-01,7.101806253194808960e-02,-9.918071031570434570e-01,-2.749915048480033875e-02,3.393579423427581787e-01,1.025994569063186646e-01,1.488303062774809938e-18,2.340578287839889526e-01,2.074100971221923828e-01,2.713679336011409760e-02,6.779681891202926636e-02,2.399999946355819702e-01,7.508621364831924438e-02,2.029622644186019897e-01,-1.672449558973312378e-01,-1.868409961462020874e-01,5.000000000000000000e-01,-2.131082862615585327e-01,-8.941903710365295410e-02,4.749799370765686035e-01,1.124933063983917236e-01,2.000594437122344971e-01,1.626580506563186646e-01,-2.999999932944774628e-02,5.783308744430541992e-01
-3.248854074627161026e-03,-1.547734253108501434e-03,3.364382386207580566e-01,-1.103127673268318176e-01,6.867038458585739136e-02,-9.914005994796752930e-01,-1.550276670604944229e-02,3.487071096897125244e-01,1.231954768300056458e-01,1.512235217693316645e-17,2.506517469882965088e-01,2.490324079990386963e-01,3.005181625485420227e-02,2.397366799414157867e-02,2.399999946355819702e-01,5.927149578928947449e-02,2.345485985279083252e-01,-1.074033305048942566e-01,-3.103854656219482422e-01,5.000000000000000000e-01,-2.330986261367797852e-01,-4.815154150128364563e-02,4.662628769874572754e-01,-5.211292207241058350e-02,1.394470334053039551e-01,4.558514654636383057e-01,-2.999999932944774628e-02,8.824183940887451172e-01
-7.733521051704883575e-03,-2.209987491369247437e-03,3.368525803089141846e-01,-1.140312030911445618e-01,6.858627498149871826e-02,-9.910947680473327637e-01,-4.900305066257715225e-03,3.559893965721130371e-01,1.359580904245376587e-01,5.224886339191199308e-19,2.582357823848724365e-01,2.797069847583770752e-01,3.217451274394989014e-02,-1.128122769296169281e-02,2.399999946355819702e-01,3.650650754570960999e-02,2.724230587482452393e-01,-7.102786004543304443e-02,-3.946118354797363281e-01,5.000000000000000000e-01,-2.571181058883666992e-01,-6.832533981651067734e-03,4.682797491550445557e-01,-2.500640451908111572e-01,8.870267122983932495e-02,7.950406670570373535e-01,-2.999999932944774628e-02,1.059832572937011719e+00
-1.219795830547809601e-02,-2.858572872355580330e-03,3.365632593631744385e-01,-1.139303594827651978e-01,6.628165394067764282e-02,-9.912740588188171387e-01,1.531034591607749462e-03,3.550766408443450928e-01,1.240694075822830200e-01,1.329538979085057124e-18,2.721501886844635010e-01,2.903314828872680664e-01,2.895518019795417786e-02,-1.011800952255725861e-02,2.399999946355819702e-01,4.114069510251283646e-03,3.077843487262725830e-01,-5.732017755508422852e-02,-4.491460323333740234e-01,5.000000000000000000e-01,-2.763594388961791992e-01,-3.604793455451726913e-03,4.538608789443969727e-01,-4.517382383346557617e-01,8.764632046222686768e-03,1.183076143264770508e+00,-2.999999932944774628e-02,1.208595991134643555e+00
-1.813278347253799438e-02,-4.146429244428873062e-03,3.388116061687469482e-01,-1.052649691700935364e-01,6.728326529264450073e-02,-9.921653270721435547e-01,-5.169213400222361088e-04,3.430826663970947266e-01,1.357876062393188477e-01,5.818748468300327659e-05,2.599437534809112549e-01,2.928052842617034912e-01,2.779851853847503662e-02,9.055360220372676849e-03,2.399999946355819702e-01,-4.697714373469352722e-02,3.377846181392669678e-01,-3.624278306961059570e-02,-5.022374391555786133e-01,5.000000000000000000e-01,-2.940968871116638184e-01,-7.364608347415924072e-03,4.693606495857238770e-01,-5.343394875526428223e-01,-1.459808051586151123e-01,1.373368620872497559e+00,-2.999999932944774628e-02,1.162713766098022461e+00
-2.243002317845821381e-02,-9.126610122621059418e-03,3.397464752197265625e-01,-9.471570700407028198e-02,7.190908491611480713e-02,-9.929004311561584473e-01,-2.593450248241424561e-03,3.328821659088134766e-01,1.219911426305770874e-01,6.104624364525079727e-03,2.480052113533020020e-01,2.805052995681762695e-01,3.000316210091114044e-02,6.207992509007453918e-02,2.399999946355819702e-01,-1.339140385389328003e-01,3.501823544502258301e-01,1.703569898381829262e-03,-5.592073798179626465e-01,5.000000000000000000e-01,-3.064612746238708496e-01,-5.240746587514877319e-02,4.681187272071838379e-01,-4.794828593730926514e-01,-1.800000071525573730e-01,1.234511375427246094e+00,-2.999999932944774628e-02,7.379813790321350098e-01
-2.911338023841381073e-02,-1.474459934979677200e-02,3.393206298351287842e-01,-8.776976168155670166e-02,8.005984127521514893e-02,-9.929062724113464355e-01,-4.900706000626087189e-03,3.430560827255249023e-01,9.844852238893508911e-02,1.779362210072577000e-03,2.342633754014968872e-01,2.699545919895172119e-01,2.989016287028789520e-02,1.168145835399627686e-01,2.399999946355819702e-01,-1.933466941118240356e-01,3.565078377723693848e-01,2.232111059129238129e-02,-6.463214159011840820e-01,5.000000000000000000e-01,-3.124444484710693359e-01,-1.040929928421974182e-01,4.461269378662109375e-01,-3.666090965270996094e-01,-1.657089442014694214e-01,9.636652469635009766e-01,-2.999999932944774628e-02,3.531138598918914795e-01
-3.796968981623649597e-02,-2.168275788426399231e-02,3.358272314071655273e-01,-9.358574450016021729e-02,9.905580431222915649e-02,-9.906377792358398438e-01,-8.149801753461360931e-03,4.088926613330841064e-01,5.727028101682662964e-02,2.442469412926584482e-04,2.132907956838607788e-01,2.817424833774566650e-01,3.626822680234909058e-02,2.005502581596374512e-01,2.399999946355819702e-01,-2.467602193355560303e-01,3.641536533832550049e-01,5.390692967921495438e-03,-7.336660027503967285e-01,5.000000000000000000e-01,-3.393871188163757324e-01,-1.640485972166061401e-01,4.178957641124725342e-01,-2.812638282775878906e-01,-1.092435047030448914e-01,7.377161979675292969e-01,-2.999999932944774628e-02,1.089573577046394348e-01
-4.929737001657485962e-02,-3.333182260394096375e-02,3.317156136035919189e-01,-9.999325126409530640e-02,1.233797445893287659e-01,-9.871470332145690918e-01,-1.787385344505310059e-02,4.668835699558258057e-01,-9.672126732766628265e-03,1.037327170661104441e-17,2.003174871206283569e-01,2.955128252506256104e-01,4.502387717366218567e-02,2.770473361015319824e-01,2.399999946355819702e-01,-3.096683025360107422e-01,3.724675476551055908e-01,-3.895959258079528809e-02,-7.575895190238952637e-01,5.000000000000000000e-01,-3.533514142036437988e-01,-1.800000071525573730e-01,3.920376896858215332e-01,-1.963384598493576050e-01,-6.830375641584396362e-02,5.733431577682495117e-01,-2.248874120414257050e-02,-2.687041833996772766e-02
-6.409060209989547729e-02,-4.698730632662773132e-02,3.276409506797790527e-01,-1.066429093480110168e-01,1.437509655952453613e-01,-9.834429621696472168e-01,-2.833617478609085083e-02,5.030183792114257812e-01,-8.307768963277339935e-03,6.875555030042817943e-18,2.129397094249725342e-01,3.292364180088043213e-01,4.987730830907821655e-02,3.494054675102233887e-01,2.399999946355819702e-01,-4.142708778381347656e-01,3.797940611839294434e-01,-9.312340617179870605e-02,-7.185716032981872559e-01,5.000000000000000000e-01,-3.633051514625549316e-01,-1.758050620555877686e-01,5.354199409484863281e-01,-9.387684613466262817e-02,-4.810369759798049927e-02,4.614357650279998779e-01,2.870230078697204590e-01,-1.781778968870639801e-02
-7.953634858131408691e-02,-5.571833625435829163e-02,3.221455514430999756e-01,-1.001736819744110107e-01,1.605082154273986816e-01,-9.809482693672180176e-01,-4.407731071114540100e-02,5.306205749511718750e-01,5.944215133786201477e-02,6.718116089694375079e-18,2.211843132972717285e-01,3.366636037826538086e-01,4.568261280655860901e-02,4.130008220672607422e-01,2.399999946355819702e-01,-4.460859894752502441e-01,3.707700669765472412e-01,-1.395182758569717407e-01,-7.107121348381042480e-01,5.000000000000000000e-01,-3.607293367385864258e-01,-1.329295784235000610e-01,8.756309747695922852e-01,-4.341660812497138977e-02,-1.642038673162460327e-02,4.314385950565338135e-01,1.227110743522644043e+00,-2.999999932944774628e-02
-9.137087315320968628e-02,-6.142278388142585754e-02,3.197978138923645020e-01,-9.409958124160766602e-02,1.794405728578567505e-01,-9.776434302330017090e-01,-5.621134489774703979e-02,5.553871989250183105e-01,1.264245808124542236e-01,-7.478448928224542375e-18,2.058182507753372192e-01,3.399056494235992432e-01,3.614223748445510864e-02,4.808959364891052246e-01,2.399999946355819702e-01,-4.531571865081787109e-01,3.852755725383758545e-01,-1.486848294734954834e-01,-7.123728394508361816e-01,5.000000000000000000e-01,-3.796136975288391113e-01,-4.014522582292556763e-02,1.052187681198120117e+00,-1.043828427791595459e-01,3.282316029071807861e-02,5.464451313018798828e-01,1.490000009536743164e+00,-2.999999932944774628e-02
-9.408745914697647095e-02,-6.850294023752212524e-02,3.204101324081420898e-01,-8.458934724330902100e-02,2.041300833225250244e-01,-9.735525846481323242e-01,-5.805993080139160156e-02,5.821440219879150391e-01,1.383208036422729492e-01,-1.623248480726098320e-17,1.412053257226943970e-01,3.041230738162994385e-01,3.369129821658134460e-02,5.565840601921081543e-01,2.399999946355819702e-01,-4.746987223625183105e-01,4.158809483051300049e-01,-1.481826305389404297e-01,-6.877699494361877441e-01,5.000000000000000000e-01,-3.516080081462860107e-01,9.671874344348907471e-02,1.330267548561096191e+00,-1.280645132064819336e-01,7.861153036355972290e-02,6.427584290504455566e-01,1.489996314048767090e+00,-2.999999932944774628e-02
-9.503780305385589600e-02,-7.758077234029769897e-02,3.248589038848876953e-01,-7.078096270561218262e-02,2.223293185234069824e-01,-9.711488485336303711e-01,-4.929136484861373901e-02,5.887944698333740234e-01,1.123770773410797119e-01,4.890675179627417942e-18,6.699761748313903809e-02,2.371667772531509399e-01,3.299459442496299744e-02,6.315752863883972168e-01,2.398241311311721802e-01,-5.304880738258361816e-01,4.276128709316253662e-01,-1.366248726844787598e-01,-6.244730949401855469e-01,5.000000000000000000e-01,-4.450396895408630371e-01,2.543160021305084229e-01,1.452336430549621582e+00,-1.078632026910781860e-01,1.170066744089126587e-01,7.022287249565124512e-01,6.468676924705505371e-01,-2.999999932944774628e-02
-1.018785536289215088e-01,-8.212461322546005249e-02,3.318404555320739746e-01,-5.536583811044692993e-02,2.359560132026672363e-01,-9.693015813827514648e-01,-4.139897227287292480e-02,6.011269688606262207e-01,7.574091851711273193e-02,2.154655445137519974e-17,-1.530482713133096695e-02,1.489160209894180298e-01,6.921801716089248657e-02,6.690106391906738281e-01,2.399272620677947998e-01,-5.510726571083068848e-01,4.314475655555725098e-01,-1.237026974558830261e-01,-6.023367643356323242e-01,5.000000000000000000e-01,-3.584218323230743408e-01,2.928515672683715820e-01,1.260102868080139160e+00,-7.917738705873489380e-02,1.305442303419113159e-01,7.165986895561218262e-01,2.054992914199829102e-01,-2.999999932944774628e-02
-1.091198399662971497e-01,-8.593063801527023315e-02,3.393940627574920654e-01,-4.437388107180595398e-02,2.368738949298858643e-01,-9.698089957237243652e-01,-3.731283172965049744e-02,5.961574912071228027e-01,4.669672623276710510e-02,4.587742200566104211e-19,-8.015315979719161987e-02,2.278063818812370300e-02,2.140987962484359741e-01,6.773600578308105469e-01,2.399999946355819702e-01,-5.664907097816467285e-01,4.141589999198913574e-01,-5.721465498208999634e-02,-6.098589301109313965e-01,5.000000000000000000e-01,-2.934833467006683350e-01,2.847745716571807861e-01,1.152318477630615234e+00,-4.634561389684677124e-02,1.462828516960144043e-01,6.966498494148254395e-01,7.959472388029098511e-02,-2.999999932944774628e-02
-1.151928156614303589e-01,-8.889007568359375000e-02,3.456152677536010742e-01,-4.214556887745857239e-02,2.236145734786987305e-01,-9.729681611061096191e-01,-3.941141068935394287e-02,5.732895135879516602e-01,3.785365447402000427e-02,-3.556366098103951273e-17,-1.188913434743881226e-01,-1.016399711370468140e-01,3.726998269557952881e-01,6.557321548461914062e-01,2.399999946355819702e-01,-5.587800741195678711e-01,3.763560950756072998e-01,2.998431399464607239e-02,-6.178997755050659180e-01,5.000000000000000000e-01,-3.028191626071929932e-01,2.626586258411407471e-01,1.157403588294982910e+00,-1.925750635564327240e-02,1.802008152008056641e-01,6.406599283218383789e-01,1.205474063754081726e-01,-2.999999932944774628e-02
-1.188467368483543396e-01,-9.166444092988967896e-02,3.494348526000976562e-01,-4.332070052623748779e-02,2.047505229711532593e-01,-9.768787622451782227e-01,-4.368598386645317078e-02,5.422702431678771973e-01,3.893832489848136902e-02,-2.226881051194832606e-17,-1.574395596981048584e-01,-1.930419206619262695e-01,4.360521435737609863e-01,6.049447059631347656e-01,2.399999946355819702e-01,-5.127612352371215820e-01,3.308281600475311279e-01,8.097770065069198608e-02,-6.015858054161071777e-01,5.000000000000000000e-01,-3.085495531558990479e-01,2.343265116214752197e-01,1.180372834205627441e+00,1.014751382172107697e-02,2.106605768203735352e-01,5.450929403305053711e-01,1.771692335605621338e-01,-2.999999932944774628e-02
-1.210267469286918640e-01,-9.419051557779312134e-02,3.500828146934509277e-01,-4.594242945313453674e-02,1.890584975481033325e-01,-9.797275662422180176e-01,-4.774961993098258972e-02,5.232828855514526367e-01,5.170938372611999512e-02,-5.911203470100427965e-18,-2.134553641080856323e-01,-2.451598495244979858e-01,3.573228418827056885e-01,5.224908590316772461e-01,2.399999946355819702e-01,-4.352965056896209717e-01,2.884782552719116211e-01,4.951395466923713684e-02,-5.698432922363281250e-01,5.000000000000000000e-01,-2.943904101848602295e-01,2.558833360671997070e-01,1.159024477005004883e+00,5.783419311046600342e-02,2.116630673408508301e-01,3.826930224895477295e-01,1.484121978282928467e-01,-2.999999932944774628e-02
-1.244805902242660522e-01,-9.542008489370346069e-02,3.485333919525146484e-01,-5.124642327427864075e-02,1.834315806627273560e-01,-9.807969331741333008e-01,-4.200003296136856079e-02,5.287663936614990234e-01,8.070463687181472778e-02,-9.091705894331612674e-18,-2.895022034645080566e-01,-2.641923427581787109e-01,1.911402493715286255e-01,4.604051709175109863e-01,2.399999946355819702e-01,-3.839195668697357178e-01,2.359902262687683105e-01,1.230521220713853836e-02,-5.569707751274108887e-01,5.000000000000000000e-01,-2.189157456159591675e-01,2.889932394027709961e-01,1.019309043884277344e+00,1.010336875915527344e-01,2.115457355976104736e-01,2.262234985828399658e-01,5.173717811703681946e-02,-2.999999932944774628e-02
-1.309214234352111816e-01,-9.594368189573287964e-02,3.456157743930816650e-01,-6.054661050438880920e-02,1.763373464345932007e-01,-9.820038676261901855e-01,-3.012820333242416382e-02,5.323825478553771973e-01,1.267574876546859741e-01,-6.593586555865748564e-20,-3.340401649475097656e-01,-2.689939737319946289e-01,2.241881564259529114e-02,3.963625729084014893e-01,2.399999946355819702e-01,-3.513716757297515869e-01,1.768866032361984253e-01,-2.128085680305957794e-02,-5.612648129463195801e-01,5.000000000000000000e-01,-1.596742123365402222e-01,3.374306261539459229e-01,8.213436007499694824e-01,1.254075467586517334e-01,2.147174328565597534e-01,8.000651746988296509e-02,-2.962660789489746094e-02,-2.999999932944774628e-02
-1.388467848300933838e-01,-9.934182465076446533e-02,3.427982330322265625e-01,-7.318305969238281250e-02,1.660089790821075439e-01,-9.832935333251953125e-01,-1.480094529688358307e-02,5.233517885208129883e-01,1.829914748668670654e-01,-3.700850314725017404e-18,-3.071009516716003418e-01,-2.381443828344345093e-01,1.775490236468613148e-03,3.315406441688537598e-01,2.399999946355819702e-01,-3.273325562477111816e-01,1.084433719515800476e-01,-5.685838684439659119e-02,-5.797822475433349609e-01,5.000000000000000000e-01,-1.194634959101676941e-01,3.725063800811767578e-01,6.027558445930480957e-01,1.281577795743942261e-01,2.245734781026840210e-01,-4.517652839422225952e-02,-2.999840304255485535e-02,-2.999999932944774628e-02
-1.482429802417755127e-01,-1.042029187083244324e-01,3.392778933048248291e-01,-8.312967419624328613e-02,1.503552943468093872e-01,-9.850888848304748535e-01,-9.089353494346141815e-03,5.138836503028869629e-01,2.257572263479232788e-01,-1.342855139381088902e-18,-2.427840083837509155e-01,-1.642314791679382324e-01,3.394745057448744774e-03,2.514259815216064453e-01,2.399999946355819702e-01,-2.634491920471191406e-01,5.719179287552833557e-02,-9.391249716281890869e-02,-6.220945119857788086e-01,5.000000000000000000e-01,-7.446606457233428955e-02,3.840378224849700928e-01,3.420844078063964844e-01,1.061507612466812134e-01,2.449207454919815063e-01,-1.239811480045318604e-01,-2.999931201338768005e-02,6.634125486016273499e-03
-1.590349972248077393e-01,-1.100798398256301880e-01,3.401780128479003906e-01,-8.005064725875854492e-02,1.417866647243499756e-01,-9.866437315940856934e-01,4.756874870508909225e-03,4.799522161483764648e-01,2.390093654394149780e-01,3.317811303987690229e-18,-2.006586790084838867e-01,-1.197805479168891907e-01,4.395589232444763184e-03,2.171194255352020264e-01,2.399999946355819702e-01,-2.137676626443862915e-01,-7.103587995516136289e-05,-1.121356934309005737e-01,-6.824855208396911621e-01,5.000000000000000000e-01,2.487570745870471001e-03,3.583413064479827881e-01,1.886099427938461304e-01,8.940648287534713745e-02,2.667517960071563721e-01,-4.468085616827011108e-02,-2.999999932944774628e-02,2.381510883569717407e-01
-1.702394634485244751e-01,-1.177735179662704468e-01,3.456884324550628662e-01,-6.184515729546546936e-02,1.418365389108657837e-01,-9.876917004585266113e-01,2.286212332546710968e-02,4.234568476676940918e-01,2.094791531562805176e-01,1.000661213765852153e-04,-1.895667612552642822e-01,-1.021474078297615051e-01,3.631633007898926735e-04,2.262595891952514648e-01,2.399163246154785156e-01,-2.028909027576446533e-01,-5.405172705650329590e-02,-1.091748476028442383e-01,-7.169256210327148438e-01,5.000000000000000000e-01,2.375515364110469818e-02,2.918432652950286865e-01,2.775235474109649658e-01,8.702206611633300781e-02,2.645622193813323975e-01,2.402465790510177612e-01,-2.999999932944774628e-02,7.264118194580078125e-01
-1.807277947664260864e-01,-1.236112117767333984e-01,3.494156002998352051e-01,-4.641002044081687927e-02,1.318513005971908569e-01,-9.896999597549438477e-01,3.090838715434074402e-02,3.678316473960876465e-01,1.561977416276931763e-01,1.353972184006124735e-04,-1.586397439241409302e-01,-9.917694330215454102e-02,1.391092664562165737e-04,2.445931434631347656e-01,2.319392263889312744e-01,-2.104092389345169067e-01,-7.126108556985855103e-02,-1.165352836251258850e-01,-6.954410076141357422e-01,5.000000000000000000e-01,-2.300011366605758667e-02,2.065169215202331543e-01,3.727712631225585938e-01,8.296338468790054321e-02,2.336468696594238281e-01,5.412178635597229004e-01,-2.999999932944774628e-02,1.051285386085510254e+00
-1.917708814144134521e-01,-1.285459697246551514e-01,3.525863587856292725e-01,-3.318814933300018311e-02,1.160664558410644531e-01,-9.920265078544616699e-01,3.620137274265289307e-02,3.165645599365234375e-01,1.206413283944129944e-01,1.296103437198325992e-04,-1.159950122237205505e-01,-8.005183935165405273e-02,1.494214575359364972e-05,2.649121284484863281e-01,2.130849808454513550e-01,-2.272640317678451538e-01,-4.218751564621925354e-02,-1.185216978192329407e-01,-6.759971380233764648e-01,5.000000000000000000e-01,-8.887261897325515747e-02,1.104457378387451172e-01,4.303158223628997803e-01,5.984237790107727051e-02,1.575446277856826782e-01,7.652146816253662109e-01,-2.999999932944774628e-02,1.076975584030151367e+00
-2.007458508014678955e-01,-1.334395408630371094e-01,3.533692657947540283e-01,-1.586799696087837219e-02,9.744221717119216919e-02,-9.944117665290832520e-01,3.739575296640396118e-02,2.780253589153289795e-01,8.450500667095184326e-02,2.299184910953044891e-03,-6.393855810165405273e-02,-7.303074747323989868e-02,5.301487180986441672e-05,2.740645706653594971e-01,1.704374998807907104e-01,-2.160848528146743774e-01,1.827613078057765961e-02,-1.046357303857803345e-01,-6.938889622688293457e-01,5.000000000000000000e-01,-1.587276905775070190e-01,2.021696045994758606e-02,4.552707076072692871e-01,2.203493565320968628e-02,6.928565353155136108e-02,8.960667848587036133e-01,-2.999999932944774628e-02,8.385672569274902344e-01
-2.106982618570327759e-01,-1.392494738101959229e-01,3.504175245761871338e-01,-3.327105566859245300e-02,8.732266724109649658e-02,-9.951739907264709473e-01,2.994266711175441742e-02,3.113456070423126221e-01,1.033168733119964600e-01,2.531083114445209503e-02,-1.123968418687582016e-02,-2.072808332741260529e-03,2.278935280628502369e-04,3.030960261821746826e-01,2.003805339336395264e-01,-2.058106511831283569e-01,5.934833735227584839e-02,-6.601138412952423096e-02,-7.263363003730773926e-01,5.000000000000000000e-01,-2.059599757194519043e-01,-5.909839645028114319e-02,4.515895843505859375e-01,6.952949613332748413e-02,1.571175456047058105e-02,8.771867156028747559e-01,-2.999999932944774628e-02,5.828298926353454590e-01
-2.222912609577178955e-01,-1.479156613349914551e-01,3.455321490764617920e-01,-5.773120000958442688e-02,8.929400146007537842e-02,-9.942224621772766113e-01,1.467423792928457260e-02,3.685135543346405029e-01,8.873033523559570312e-02,4.811867256648838520e-04,2.959524467587471008e-02,7.866217195987701416e-02,3.754053264856338501e-03,3.406495451927185059e-01,2.399999946355819702e-01,-1.834427416324615479e-01,8.176230639219284058e-02,-7.055044174194335938e-03,-7.642248868942260742e-01,5.000000000000000000e-01,-2.400346547365188599e-01,-1.181774660944938660e-01,4.187581539154052734e-01,1.593165397644042969e-01,1.391283608973026276e-02,7.670801281929016113e-01,-2.999999932944774628e-02,4.193025827407836914e-01
-2.340105026960372925e-01,-1.599454879760742188e-01,3.413994908332824707e-01,-6.004124507308006287e-02,8.943270146846771240e-02,-9.941574931144714355e-01,-6.905929185450077057e-03,3.759758472442626953e-01,-4.091721028089523315e-02,2.007530130156078181e-15,7.564295828342437744e-02,9.483078867197036743e-02,1.519998256117105484e-02,3.616342246532440186e-01,2.399999946355819702e-01,-1.516410708427429199e-01,9.233227372169494629e-02,4.372864589095115662e-02,-7.959347963333129883e-01,5.000000000000000000e-01,-2.663024961948394775e-01,-1.620155870914459229e-01,3.717083036899566650e-01,2.521235048770904541e-01,3.603018820285797119e-02,6.502248644828796387e-01,-2.999999932944774628e-02,3.645836412906646729e-01
-2.476875036954879761e-01,-1.727377921342849731e-01,3.376104533672332764e-01,-5.828208476305007935e-02,8.994739502668380737e-02,-9.936119914054870605e-01,-3.532591462135314941e-02,3.856743574142456055e-01,-1.650870293378829956e-01,-1.889526688021410990e-17,1.272046416997909546e-01,8.803461492061614990e-02,2.664820477366447449e-02,3.747733235359191895e-01,2.399999946355819702e-01,-1.350559741258621216e-01,9.066801518201828003e-02,9.255904704332351685e-02,-8.119723796844482422e-01,5.000000000000000000e-01,-3.003835082054138184e-01,-1.799457520246505737e-01,3.257517516613006592e-01,3.030310571193695068e-01,4.065426439046859741e-02,5.314759016036987305e-01,-2.999999932944774628e-02,2.241122126579284668e-01
-2.642432153224945068e-01,-1.845837980508804321e-01,3.334831893444061279e-01,-6.119430810213088989e-02,9.937661141157150269e-02,-9.910159111022949219e-01,-6.532261520624160767e-02,4.347979426383972168e-01,-2.446147650480270386e-01,-4.535611293129542280e-17,1.692035347223281860e-01,9.350572526454925537e-02,3.914715722203254700e-02,3.991268873214721680e-01,2.399999946355819702e-01,-1.546739637851715088e-01,9.449531883001327515e-02,1.153817623853683472e-01,-8.004326224327087402e-01,5.000000000000000000e-01,-3.474762737751007080e-01,-1.799957007169723511e-01,2.743795812129974365e-01,2.972589135169982910e-01,1.256829593330621719e-02,4.274990260601043701e-01,-2.999999932944774628e-02,1.377029120922088623e-01
-2.817207872867584229e-01,-1.960138380527496338e-01,3.292796909809112549e-01,-6.396125257015228271e-02,1.156399995088577271e-01,-9.864490032196044922e-01,-9.723559021949768066e-02,5.074551105499267578e-01,-2.216001152992248535e-01,-9.324376911391753404e-19,2.024887502193450928e-01,9.351800382137298584e-02,6.069841980934143066e-02,4.240607619285583496e-01,2.399999946355819702e-01,-1.792650669813156128e-01,9.299899637699127197e-02,9.813708066940307617e-02,-7.673715949058532715e-01,5.000000000000000000e-01,-3.908909857273101807e-01,-1.800000071525573730e-01,2.136873602867126465e-01,2.279524058103561401e-01,-4.304478317499160767e-02,3.954704999923706055e-01,-2.999999932944774628e-02,8.270167559385299683e-02
-2.996020615100860596e-01,-2.059136033058166504e-01,3.243685662746429443e-01,-7.166828960180282593e-02,1.439354121685028076e-01,-9.797703027725219727e-01,-1.191484779119491577e-01,5.861951708793640137e-01,-7.571539282798767090e-02,4.088322310442108138e-17,2.127480655908584595e-01,8.849212527275085449e-02,1.250062286853790283e-01,4.632091522216796875e-01,2.399999946355819702e-01,-2.210267484188079834e-01,7.899101823568344116e-02,4.101398959755897522e-02,-7.290593981742858887e-01,5.000000000000000000e-01,-4.309834539890289307e-01,-1.799893677234649658e-01,1.463448107242584229e-01,1.263860464096069336e-01,-1.065362542867660522e-01,4.129242002964019775e-01,-1.929687336087226868e-02,7.188107073307037354e-02
-3.185046315193176270e-01,-2.149347066879272461e-01,3.203298151493072510e-01,-8.493526279926300049e-02,1.586607992649078369e-01,-9.747684597969055176e-01,-1.320573687553405762e-01,6.172543168067932129e-01,7.713558524847030640e-02,3.023251171163730128e-17,2.524477243423461914e-01,6.460013985633850098e-02,2.157517969608306885e-01,4.778316617012023926e-01,2.399999946355819702e-01,-3.064135611057281494e-01,6.782782077789306641e-02,-5.540476739406585693e-02,-6.704435944557189941e-01,5.000000000000000000e-01,-4.330524504184722900e-01,-1.799742430448532104e-01,1.072368696331977844e-01,3.065997175872325897e-02,-1.680386811494827271e-01,4.121070206165313721e-01,7.467257231473922729e-02,1.769803836941719055e-02
-3.373264968395233154e-01,-2.215328216552734375e-01,3.190793693065643311e-01,-1.039090380072593689e-01,1.518608480691909790e-01,-9.731157422065734863e-01,-1.385170370340347290e-01,6.202959418296813965e-01,1.997723430395126343e-01,-4.657911518338671273e-18,3.000237345695495605e-01,4.171108454465866089e-02,3.013644218444824219e-01,4.676793813705444336e-01,2.399999946355819702e-01,-4.259562194347381592e-01,8.700603991746902466e-02,-1.380766928195953369e-01,-6.065783500671386719e-01,5.000000000000000000e-01,-4.025805592536926270e-01,-1.799955070018768311e-01,2.116483300924301147e-01,-2.208569273352622986e-02,-1.800000071525573730e-01,3.891257345676422119e-01,3.488757610321044922e-01,-2.999999932944774628e-02
-3.560642004013061523e-01,-2.181720882654190063e-01,3.157816827297210693e-01,-1.096808016300201416e-01,1.329446882009506226e-01,-9.741731882095336914e-01,-1.458851546049118042e-01,6.396659612655639648e-01,2.861553728580474854e-01,1.773055919329635799e-05,2.433356493711471558e-01,4.700692836195230484e-03,3.367047607898712158e-01,4.639634490013122559e-01,2.399999946355819702e-01,-5.168530344963073730e-01,7.980984449386596680e-02,-1.957399249076843262e-01,-5.744625329971313477e-01,4.999992847442626953e-01,-3.102125227451324463e-01,-1.799997836351394653e-01,6.138585805892944336e-01,-6.063107401132583618e-02,-1.800000071525573730e-01,4.288042485713958740e-01,1.426692485809326172e+00,-2.999999932944774628e-02
-3.741894662380218506e-01,-2.061035782098770142e-01,3.199422359466552734e-01,-1.124330610036849976e-01,1.183103397488594055e-01,-9.730295538902282715e-01,-1.630181968212127686e-01,6.814566850662231445e-01,3.454678058624267578e-01,1.620451948838308454e-04,5.986775830388069153e-02,-1.004998683929443359e-01,2.795163691043853760e-01,4.797305762767791748e-01,2.399999946355819702e-01,-6.159556508064270020e-01,9.303508698940277100e-02,-2.035907804965972900e-01,-5.336606502532958984e-01,4.806715250015258789e-01,-2.216574996709823608e-01,-1.798935532569885254e-01,7.177662849426269531e-01,-9.063388407230377197e-02,-1.800000071525573730e-01,4.325384795665740967e-01,1.490000009536743164e+00,-2.999999932944774628e-02
-3.827294409275054932e-01,-2.040103673934936523e-01,3.223773539066314697e-01,-1.096144840121269226e-01,1.099529415369033813e-01,-9.693263769149780273e-01,-1.905292421579360962e-01,7.104126214981079102e-01,3.760170638561248779e-01,3.450193034950643778e-04,-1.403886973857879639e-01,-2.412770837545394897e-01,1.486744880676269531e-01,4.830494523048400879e-01,2.399999946355819702e-01,-6.806208491325378418e-01,1.802314817905426025e-01,-1.542590707540512085e-01,-4.929582476615905762e-01,4.684014916419982910e-01,-1.147893741726875305e-01,-1.730914711952209473e-01,1.114240527153015137e+00,-9.410975128412246704e-02,-1.800000071525573730e-01,3.809504806995391846e-01,1.489997982978820801e+00,-2.999999932944774628e-02
-3.946843445301055908e-01,-2.092190086841583252e-01,3.260237872600555420e-01,-9.413636475801467896e-02,1.073697134852409363e-01,-9.670085310935974121e-01,-2.109611928462982178e-01,6.837829351425170898e-01,3.758105337619781494e-01,7.211794581962749362e-05,-2.381048798561096191e-01,-2.805786132812500000e-01,2.421809732913970947e-02,5.241923332214355469e-01,2.399999946355819702e-01,-7.768221497535705566e-01,2.483069598674774170e-01,-1.197786405682563782e-01,-4.524334669113159180e-01,4.576170742511749268e-01,-9.801630675792694092e-02,-1.604120284318923950e-01,1.303619742393493652e+00,-4.237170889973640442e-02,-1.800000071525573730e-01,3.002090156078338623e-01,5.811194181442260742e-01,-2.999995090067386627e-02
-4.129798412322998047e-01,-2.093967199325561523e-01,3.328601419925689697e-01,-5.833629146218299866e-02,1.182214990258216858e-01,-9.606248736381530762e-01,-2.445821166038513184e-01,6.444303393363952637e-01,3.260457515716552734e-01,3.232141025364398956e-03,-2.549943327903747559e-01,-2.757441401481628418e-01,7.964397780597209930e-03,5.357836484909057617e-01,2.399999946355819702e-01,-7.598856091499328613e-01,2.752285003662109375e-01,-1.829772293567657471e-01,-4.986709058284759521e-01,4.574081301689147949e-01,-2.836931869387626648e-02,-1.799911707639694214e-01,1.178148388862609863e+00,-3.839978575706481934e-02,-1.800000071525573730e-01,2.224687337875366211e-01,1.319119241088628769e-02,-2.999765053391456604e-02
-4.339839220046997070e-01,-2.091042101383209229e-01,3.410411775112152100e-01,-2.790469303727149963e-02,1.234208568930625916e-01,-9.463409781455993652e-01,-2.973673045635223389e-01,5.841298699378967285e-01,2.559298276901245117e-01,3.529149293899536133e-02,-2.353183627128601074e-01,-2.474467456340789795e-01,9.082008618861436844e-04,5.650931000709533691e-01,2.399999946355819702e-01,-7.609503269195556641e-01,2.763819694519042969e-01,-2.564280331134796143e-01,-5.791850090026855469e-01,4.430187046527862549e-01,8.071802556514739990e-02,-1.800000071525573730e-01,1.075710415840148926e+00,-2.536915428936481476e-02,-1.800000071525573730e-01,1.589555889368057251e-01,-2.999843098223209381e-02,8.530732244253158569e-02
-4.564073383808135986e-01,-2.091290950775146484e-01,3.448100388050079346e-01,7.897098548710346222e-03,1.060820668935775757e-01,-9.252892136573791504e-01,-3.640386462211608887e-01,5.089003443717956543e-01,1.459699124097824097e-01,1.027870774269104004e-01,-1.986151188611984253e-01,-2.629465758800506592e-01,2.200936898589134216e-03,5.644135475158691406e-01,1.922398358583450317e-01,-7.720394730567932129e-01,2.677281498908996582e-01,-3.120547235012054443e-01,-6.738412976264953613e-01,4.230356812477111816e-01,1.338842511177062988e-01,-1.800000071525573730e-01,9.254826903343200684e-01,-1.049206480383872986e-01,-1.800000071525573730e-01,2.156270146369934082e-01,-2.999453246593475342e-02,3.390720188617706299e-01
-4.803710579872131348e-01,-2.065569311380386353e-01,3.412788808345794678e-01,3.288298845291137695e-02,8.917280286550521851e-02,-9.063158631324768066e-01,-4.117748439311981201e-01,4.945049583911895752e-01,7.391519099473953247e-02,1.243311762809753418e-01,-1.500211358070373535e-01,-2.564142942428588867e-01,5.329588893800973892e-04,5.469675064086914062e-01,1.627480089664459229e-01,-8.010997176170349121e-01,2.358081936836242676e-01,-4.293026030063629150e-01,-7.695484757423400879e-01,4.260124862194061279e-01,1.752627789974212646e-01,-1.797154396772384644e-01,8.038285970687866211e-01,-2.245582640171051025e-01,-1.800000071525573730e-01,4.366347789764404297e-01,-2.999961748719215393e-02,7.903437614440917969e-01
-5.039231777191162109e-01,-2.085650861263275146e-01,3.350585997104644775e-01,4.023154824972152710e-02,9.104713797569274902e-02,-8.850999474525451660e-01,-4.546315968036651611e-01,5.495056509971618652e-01,4.439063370227813721e-02,8.564412593841552734e-03,-1.027612611651420593e-01,-2.378721982240676880e-01,2.628333866596221924e-03,5.046482086181640625e-01,2.159134745597839355e-01,-7.629712820053100586e-01,1.976677477359771729e-01,-6.368536353111267090e-01,-8.896349668502807617e-01,4.079091846942901611e-01,1.285381317138671875e-01,-9.730847179889678955e-02,8.671157956123352051e-01,-3.483103215694427490e-01,-1.800000071525573730e-01,8.669319748878479004e-01,-2.999999932944774628e-02,1.292595028877258301e+00
-5.305079221725463867e-01,-2.122480273246765137e-01,3.304407894611358643e-01,5.229604616761207581e-02,8.931528031826019287e-02,-8.604443669319152832e-01,-4.989221990108489990e-01,6.092798709869384766e-01,-7.873181253671646118e-02,8.901048568077385426e-05,-4.335421696305274963e-02,-2.420751899480819702e-01,3.925987984985113144e-03,4.408693611621856689e-01,2.399999946355819702e-01,-7.001332044601440430e-01,2.190843969583511353e-01,-8.471455574035644531e-01,-9.268417358398437500e-01,3.260708749294281006e-01,2.167339250445365906e-02,-1.084891241043806076e-02,9.914429783821105957e-01,-4.892926812171936035e-01,-1.788694709539413452e-01,1.217574715614318848e+00,-2.999999932944774628e-02,1.387739419937133789e+00
-5.611690282821655273e-01,-2.141579985618591309e-01,3.271323442459106445e-01,6.179982423782348633e-02,7.601675391197204590e-02,-8.274521231651306152e-01,-5.529242157936096191e-01,6.321320533752441406e-01,-1.807100325822830200e-01,6.028624653184474179e-18,3.922346234321594238e-02,-2.568216025829315186e-01,4.125385312363505363e-04,3.732374012470245361e-01,2.399999946355819702e-01,-6.220043301582336426e-01,3.095057308673858643e-01,-9.748234748840332031e-01,-8.604183197021484375e-01,2.533192336559295654e-01,-9.644589573144912720e-02,3.554721176624298096e-02,1.095346093177795410e+00,-5.976566672325134277e-01,-1.278678923845291138e-01,1.395470499992370605e+00,-2.999999932944774628e-02,1.335902333259582520e+00
-5.923625230789184570e-01,-2.150309681892395020e-01,3.226213753223419189e-01,5.569113418459892273e-02,5.984546989202499390e-02,-7.913132905960083008e-01,-6.059210300445556641e-01,6.161528825759887695e-01,-2.221805006265640259e-01,2.281541476944581696e-17,1.477631330490112305e-01,-2.523477971553802490e-01,5.459782799477341797e-12,2.995298802852630615e-01,2.399999946355819702e-01,-5.410661697387695312e-01,3.895429670810699463e-01,-9.806662201881408691e-01,-7.942344546318054199e-01,2.779086828231811523e-01,-2.142270058393478394e-01,4.806126654148101807e-02,1.178732752799987793e+00,-6.458860635757446289e-01,-6.989992409944534302e-02,1.450482368469238281e+00,-2.999999932944774628e-02,1.310092568397521973e+00
-6.219082474708557129e-01,-2.145930230617523193e-01,3.149199485778808594e-01,4.055618867278099060e-02,6.587196141481399536e-02,-7.538325190544128418e-01,-6.524972319602966309e-01,6.269489526748657227e-01,-2.029221057891845703e-01,8.190120385679440160e-18,2.399704456329345703e-01,-2.349763214588165283e-01,4.874974547419697046e-05,2.518294155597686768e-01,2.399999946355819702e-01,-4.881370663642883301e-01,4.499461948871612549e-01,-9.410816431045532227e-01,-7.358100414276123047e-01,3.593313992023468018e-01,-3.052925765514373779e-01,5.006848275661468506e-02,1.172622799873352051e+00,-6.860113143920898438e-01,-3.373084962368011475e-02,1.447186589241027832e+00,-2.999999932944774628e-02,1.323513269424438477e+00
-6.484031677246093750e-01,-2.129818052053451538e-01,3.062008619308471680e-01,3.002847544848918915e-02,8.609867095947265625e-02,-7.168453335762023926e-01,-6.912438273429870605e-01,6.574721336364746094e-01,-7.408979535102844238e-02,-8.825553914797775595e-18,2.979354262351989746e-01,-2.304228544235229492e-01,1.739417784847319126e-04,2.561160624027252197e-01,2.399999946355819702e-01,-4.797898232936859131e-01,4.499883949756622314e-01,-8.400991559028625488e-01,-6.879729628562927246e-01,4.982827007770538330e-01,-3.619145750999450684e-01,5.294943973422050476e-02,1.124279379844665527e+00,-6.852328181266784668e-01,9.597224183380603790e-03,1.424758315086364746e+00,-2.999999932944774628e-02,1.395438790321350098e+00
-6.694629788398742676e-01,-2.101956605911254883e-01,3.005503416061401367e-01,2.158798091113567352e-02,1.044852137565612793e-01,-6.948965787887573242e-01,-7.111508846282958984e-01,6.681135892868041992e-01,7.939001917839050293e-02,6.271445176360640559e-18,3.353268206119537354e-01,-2.307817637920379639e-01,5.540355574339628220e-03,2.820291817188262939e-01,2.399999946355819702e-01,-5.307590365409851074e-01,4.499999880790710449e-01,-7.929525971412658691e-01,-6.159033179283142090e-01,5.000000000000000000e-01,-3.765690922737121582e-01,4.812696576118469238e-02,1.063875913619995117e+00,-6.356518268585205078e-01,5.845306813716888428e-02,1.383464336395263672e+00,-2.999999932944774628e-02,1.489962577819824219e+00
-6.823729872703552246e-01,-2.071734219789505005e-01,3.026613593101501465e-01,2.583452686667442322e-02,1.191184818744659424e-01,-6.947538256645202637e-01,-7.088444828987121582e-01,6.643266081809997559e-01,1.473246663808822632e-01,-5.755974342758420515e-18,3.072913587093353271e-01,-2.412745356559753418e-01,8.167227357625961304e-02,3.298067152500152588e-01,2.399999946355819702e-01,-6.161150932312011719e-01,4.499982297420501709e-01,-7.238649725914001465e-01,-5.361545085906982422e-01,5.000000000000000000e-01,-3.472937345504760742e-01,2.788483723998069763e-02,1.009542703628540039e+00,-5.404002070426940918e-01,8.804129809141159058e-02,1.271819591522216797e+00,-2.999999932944774628e-02,1.489999055862426758e+00
-6.871668696403503418e-01,-2.051750272512435913e-01,3.088097870349884033e-01,3.228108212351799011e-02,1.293931007385253906e-01,-6.973599195480346680e-01,-7.042048573493957520e-01,6.718938946723937988e-01,1.609649807214736938e-01,8.559869292310030977e-18,1.781205683946609497e-01,-3.445359766483306885e-01,4.177354574203491211e-01,3.770127296447753906e-01,2.399999946355819702e-01,-6.769275665283203125e-01,4.499743878841400146e-01,-6.294561028480529785e-01,-4.713909327983856201e-01,5.000000000000000000e-01,-3.107534646987915039e-01,-1.344699412584304810e-02,9.546086788177490234e-01,-4.137417078018188477e-01,1.000731885433197021e-01,1.119404196739196777e+00,-2.999999932944774628e-02,1.490000009536743164e+00
-6.879378557205200195e-01,-2.020405530929565430e-01,3.140380680561065674e-01,2.012907154858112335e-02,1.209424138069152832e-01,-6.879519224166870117e-01,-7.153249979019165039e-01,6.496599316596984863e-01,1.921525150537490845e-01,-6.277907524896211088e-18,1.214503869414329529e-02,-4.335588514804840088e-01,7.367365956306457520e-01,3.715301454067230225e-01,2.399999946355819702e-01,-6.805716156959533691e-01,4.092977643013000488e-01,-5.816369652748107910e-01,-4.027456939220428467e-01,5.000000000000000000e-01,-2.958306372165679932e-01,-7.586103677749633789e-02,9.006967544555664062e-01,-3.122516870498657227e-01,1.139768213033676147e-01,1.000266432762145996e+00,-2.999999932944774628e-02,1.490000009536743164e+00
-6.919356584548950195e-01,-2.009445428848266602e-01,3.185508251190185547e-01,1.248303987085819244e-02,1.012316122651100159e-01,-6.711934804916381836e-01,-7.342312932014465332e-01,6.063975095748901367e-01,2.045138627290725708e-01,2.941231650765985250e-04,-6.619112193584442139e-02,-3.807398676872253418e-01,7.024097442626953125e-01,3.421693742275238037e-01,2.399999946355819702e-01,-6.337335705757141113e-01,3.917319178581237793e-01,-5.013977289199829102e-01,-3.397978246212005615e-01,5.000000000000000000e-01,-2.836758494377136230e-01,-1.046695187687873840e-01,8.807842135429382324e-01,-2.720044851303100586e-01,1.247229874134063721e-01,9.744067192077636719e-01,-2.999999932944774628e-02,1.490000009536743164e+00
-6.965261697769165039e-01,-1.963879615068435669e-01,3.226968348026275635e-01,1.228485442698001862e-02,9.395108371973037720e-02,-6.673468947410583496e-01,-7.386950850486755371e-01,5.812350511550903320e-01,2.012579143047332764e-01,1.351145147054921836e-05,-2.405111864209175110e-02,-2.197057455778121948e-01,5.404055118560791016e-01,3.216349184513092041e-01,2.399999946355819702e-01,-6.196053028106689453e-01,4.422058463096618652e-01,-3.752289116382598877e-01,-2.871257066726684570e-01,5.000000000000000000e-01,-3.169419467449188232e-01,-9.216698259115219116e-02,9.156019091606140137e-01,-2.534311711788177490e-01,1.279291361570358276e-01,9.322515130043029785e-01,-2.999999932944774628e-02,1.490000009536743164e+00
-6.981884241104125977e-01,-1.874397695064544678e-01,3.284066021442413330e-01,2.550190500915050507e-02,8.610128611326217651e-02,-6.699872612953186035e-01,-7.369215488433837891e-01,5.692108869552612305e-01,1.666742861270904541e-01,-3.332117392681794843e-18,6.482872646301984787e-03,-1.465381532907485962e-01,4.300190210342407227e-01,3.362595736980438232e-01,2.399999946355819702e-01,-6.397317051887512207e-01,4.499999880790710449e-01,-2.581279277801513672e-01,-1.950387507677078247e-01,5.000000000000000000e-01,-3.537060320377349854e-01,-7.480037212371826172e-02,1.000248074531555176e+00,-2.162556946277618408e-01,1.285214126110076904e-01,8.914844393730163574e-01,-2.999999932944774628e-02,1.490000009536743164e+00
-7.015730738639831543e-01,-1.794347614049911499e-01,3.363126516342163086e-01,6.294545531272888184e-02,6.854782998561859131e-02,-6.530542969703674316e-01,-7.515711188316345215e-01,5.560569763183593750e-01,8.774770051240921021e-02,3.471323725534603000e-05,-2.229762636125087738e-02,-1.670177131891250610e-01,2.649609148502349854e-01,3.705804347991943359e-01,2.399999946355819702e-01,-6.033246517181396484e-01,4.499999880790710449e-01,-2.206065058708190918e-01,-2.846686355769634247e-02,5.000000000000000000e-01,-3.775295019149780273e-01,-7.499885559082031250e-02,1.121672153472900391e+00,-2.034292668104171753e-01,1.021420359611511230e-01,9.028015136718750000e-01,-2.999999932944774628e-02,1.490000009536743164e+00
-7.057409286499023438e-01,-1.698165684938430786e-01,3.414474725723266602e-01,8.546605706214904785e-02,4.724869877099990845e-02,-6.268455982208251953e-01,-7.729991674423217773e-01,5.285473465919494629e-01,4.263846948742866516e-02,1.027275685447666325e-17,-1.222908217459917068e-02,-1.613876074552536011e-01,1.286062300205230713e-01,3.741683959960937500e-01,2.399999946355819702e-01,-5.581093430519104004e-01,4.499999880790710449e-01,-2.332468628883361816e-01,1.585406512022018433e-01,5.000000000000000000e-01,-4.501049220561981201e-01,-7.944399863481521606e-02,1.260564327239990234e+00,-1.686984449625015259e-01,8.063215017318725586e-02,8.346996903419494629e-01,-2.999999932944774628e-02,1.490000009536743164e+00
-7.106915116310119629e-01,-1.640304923057556152e-01,3.404233455657958984e-01,9.412474185228347778e-02,2.744220755994319916e-02,-5.997556447982788086e-01,-7.941540479660034180e-01,5.084272027015686035e-01,-4.096631426364183426e-03,9.514141242898156036e-18,3.021789155900478363e-02,-1.676074117422103882e-01,3.354504331946372986e-02,3.555377423763275146e-01,2.399999946355819702e-01,-4.911891520023345947e-01,4.499999880790710449e-01,-2.684817612171173096e-01,3.629013597965240479e-01,5.000000000000000000e-01,-5.005227327346801758e-01,-3.966455906629562378e-02,1.376965522766113281e+00,-1.634921878576278687e-01,6.995368003845214844e-02,7.826316952705383301e-01,-2.999999932944774628e-02,1.490000009536743164e+00
-7.186466455459594727e-01,-1.586541533470153809e-01,3.327921330928802490e-01,1.018901094794273376e-01,1.917880587279796600e-02,-5.782789587974548340e-01,-8.092243671417236328e-01,4.780249893665313721e-01,-1.011271700263023376e-01,-5.022591462175537137e-18,7.675062865018844604e-02,-2.033656835556030273e-01,2.595125138759613037e-02,3.204770684242248535e-01,2.399999946355819702e-01,-3.823781609535217285e-01,4.499999880790710449e-01,-2.547822892665863037e-01,5.126197338104248047e-01,5.000000000000000000e-01,-5.239994525909423828e-01,1.131233572959899902e-02,1.454415202140808105e+00,-1.961873322725296021e-01,5.989273265004158020e-02,7.272958159446716309e-01,-2.999999932944774628e-02,1.490000009536743164e+00
-7.303565740585327148e-01,-1.479433476924896240e-01,3.238970041275024414e-01,1.175684854388237000e-01,6.007707677781581879e-03,-5.469514131546020508e-01,-8.288460373878479004e-01,4.186446368694305420e-01,-2.595038115978240967e-01,8.717539016049376136e-18,1.074799299240112305e-01,-2.508664429187774658e-01,2.164453081786632538e-02,2.655933797359466553e-01,2.399999946355819702e-01,-2.088413983583450317e-01,4.499999880790710449e-01,-1.825497895479202271e-01,6.095409393310546875e-01,5.000000000000000000e-01,-5.288626551628112793e-01,2.391215600073337555e-02,1.539116621017456055e+00,-2.142448276281356812e-01,3.923068940639495850e-02,6.529510021209716797e-01,-2.999999932944774628e-02,1.490000009536743164e+00
-7.443887591361999512e-01,-1.401006132364273071e-01,3.145015239715576172e-01,1.182762533426284790e-01,-5.567542277276515961e-03,-5.086537599563598633e-01,-8.527901768684387207e-01,3.886365592479705811e-01,-3.738234341144561768e-01,1.186156815194095392e-17,1.558516472578048706e-01,-2.911504209041595459e-01,2.755413018167018890e-02,1.828690618276596069e-01,2.399999946355819702e-01,-4.061832651495933533e-02,4.499999880790710449e-01,-9.127038717269897461e-02,6.728209257125854492e-01,5.000000000000000000e-01,-5.404049158096313477e-01,1.326524745672941208e-02,1.619805216789245605e+00,-2.283513695001602173e-01,2.979627251625061035e-02,6.299833655357360840e-01,-2.999999932944774628e-02,1.490000009536743164e+00
-7.554263472557067871e-01,-1.358780115842819214e-01,3.061255812644958496e-01,1.053103357553482056e-01,-9.402301162481307983e-03,-4.807902574539184570e-01,-8.704378604888916016e-01,3.624097704887390137e-01,-3.466894030570983887e-01,7.046855863096424444e-18,2.212243378162384033e-01,-3.026682436466217041e-01,4.863933473825454712e-02,1.039699018001556396e-01,2.399999946355819702e-01,5.464268103241920471e-02,4.499999880790710449e-01,-2.756132557988166809e-02,7.040069103240966797e-01,5.000000000000000000e-01,-5.641512274742126465e-01,-5.825435742735862732e-03,1.672088146209716797e+00,-2.684842944145202637e-01,1.745093264617025852e-03,6.411047577857971191e-01,-2.999999932944774628e-02,1.490000009536743164e+00
-7.625826597213745117e-01,-1.316950470209121704e-01,3.026054799556732178e-01,9.461836516857147217e-02,-1.126042287796735764e-02,-4.634365141391754150e-01,-8.809921145439147949e-01,3.277167677879333496e-01,-2.854561209678649902e-01,-5.366966189925757554e-18,2.686831355094909668e-01,-2.803969979286193848e-01,4.132158309221267700e-02,4.871458932757377625e-02,2.399999946355819702e-01,1.147967875003814697e-01,4.499999880790710449e-01,-2.436565002426505089e-03,7.492792606353759766e-01,5.000000000000000000e-01,-5.852971673011779785e-01,-5.163539666682481766e-03,1.704400062561035156e+00,-3.054469525814056396e-01,-1.399318501353263855e-02,6.765788793563842773e-01,-2.999999932944774628e-02,1.490000009536743164e+00
-7.650446891784667969e-01,-1.266948133707046509e-01,3.058262169361114502e-01,9.254021942615509033e-02,-1.976938545703887939e-02,-4.520027637481689453e-01,-8.869830965995788574e-01,2.996296286582946777e-01,-2.617119252681732178e-01,-1.083946263483495841e-18,2.802437543869018555e-01,-2.702272236347198486e-01,1.584162376821041107e-02,1.755624823272228241e-02,2.399999946355819702e-01,1.491443067789077759e-01,4.499999880790710449e-01,1.585136540234088898e-02,8.440881371498107910e-01,5.000000000000000000e-01,-5.817778706550598145e-01,5.182052962481975555e-03,1.720101118087768555e+00,-3.125447928905487061e-01,-2.028085477650165558e-02,7.061919569969177246e-01,-2.999999932944774628e-02,1.490000009536743164e+00
-7.652984261512756348e-01,-1.238725632429122925e-01,3.108765482902526855e-01,9.826590865850448608e-02,-2.951689995825290680e-02,-4.476972222328186035e-01,-8.882790803909301758e-01,2.932141423225402832e-01,-2.814323902130126953e-01,1.355508521211312566e-18,2.661781907081604004e-01,-2.995002865791320801e-01,1.321167312562465668e-02,3.194733988493680954e-03,2.399999946355819702e-01,1.634774357080459595e-01,4.499999880790710449e-01,5.157725140452384949e-02,9.599984288215637207e-01,5.000000000000000000e-01,-5.546512007713317871e-01,1.448804326355457306e-02,1.728291988372802734e+00,-2.951650023460388184e-01,-2.276508137583732605e-02,7.165156602859497070e-01,-2.999999932944774628e-02,1.490000009536743164e+00
-7.644555568695068359e-01,-1.244624629616737366e-01,3.142950534820556641e-01,1.081576645374298096e-01,-3.487282991409301758e-02,-4.529018998146057129e-01,-8.842882513999938965e-01,3.022138476371765137e-01,-3.177554607391357422e-01,-5.745598189154555336e-18,2.384080439805984497e-01,-3.276259899139404297e-01,9.326497092843055725e-03,3.487566209514625371e-05,2.399999946355819702e-01,1.679744720458984375e-01,4.499999880790710449e-01,1.217188537120819092e-01,1.075946807861328125e+00,5.000000000000000000e-01,-5.130666494369506836e-01,3.018866293132305145e-02,1.726383805274963379e+00,-2.686892151832580566e-01,-2.397878095507621765e-02,7.076060771942138672e-01,-2.999999932944774628e-02,1.490000009536743164e+00
-7.632524967193603516e-01,-1.268552541732788086e-01,3.155111968517303467e-01,1.164151653647422791e-01,-3.442453593015670776e-02,-4.625584483146667480e-01,-8.782380819320678711e-01,3.154394030570983887e-01,-3.478929400444030762e-01,-3.088748035169199529e-18,2.125666290521621704e-01,-3.359555006027221680e-01,8.427468128502368927e-03,-6.850957870483398438e-03,2.399999946355819702e-01,1.853707283735275269e-01,4.499999880790710449e-01,2.193479984998703003e-01,1.181272983551025391e+00,5.000000000000000000e-01,-4.665306806564331055e-01,6.429211050271987915e-02,1.706919670104980469e+00,-2.445985823869705200e-01,-2.553743310272693634e-02,6.769154071807861328e-01,-2.999999932944774628e-02,1.490000009536743164e+00
-7.626691460609436035e-01,-1.299703866243362427e-01,3.147269487380981445e-01,1.225932687520980835e-01,-2.792532369494438171e-02,-4.717915654182434082e-01,-8.726991415023803711e-01,3.325327038764953613e-01,-3.638427257537841797e-01,3.253561911064012049e-18,1.913211047649383545e-01,-3.266171514987945557e-01,1.154800225049257278e-02,-3.230046480894088745e-02,2.399999946355819702e-01,2.354593425989151001e-01,4.499999880790710449e-01,3.278377354145050049e-01,1.252625465393066406e+00,5.000000000000000000e-01,-4.285331666469573975e-01,1.205428391695022583e-01,1.695666670799255371e+00,-2.219460010528564453e-01,-3.819019719958305359e-02,6.362210512161254883e-01,-2.999999932944774628e-02,1.490000009536743164e+00
-7.620864510536193848e-01,-1.322851926088333130e-01,3.131085038185119629e-01,1.243130862712860107e-01,-1.941327005624771118e-02,-4.776376783847808838e-01,-8.695008158683776855e-01,3.486256897449493408e-01,-3.620333969593048096e-01,1.252100728961619077e-17,1.806724220514297485e-01,-3.082968890666961670e-01,1.503976248204708099e-02,-7.992499321699142456e-02,2.399999946355819702e-01,3.124061226844787598e-01,4.499999880790710449e-01,4.244441688060760498e-01,1.276547193527221680e+00,5.000000000000000000e-01,-4.108916521072387695e-01,1.859510540962219238e-01,1.706739306449890137e+00,-1.937820017337799072e-01,-7.072088867425918579e-02,5.915190577507019043e-01,-2.999999932944774628e-02,1.490000009536743164e+00
-7.610571980476379395e-01,-1.338413357734680176e-01,3.123833239078521729e-01,1.233089193701744080e-01,-1.515022572129964828e-02,-4.820370376110076904e-01,-8.672979474067687988e-01,3.564400374889373779e-01,-3.587075173854827881e-01,-7.645029041522308748e-18,1.761245578527450562e-01,-2.929457128047943115e-01,1.617777161300182343e-02,-1.342247575521469116e-01,2.399999946355819702e-01,3.773337006568908691e-01,4.499999880790710449e-01,5.198839902877807617e-01,1.297431468963623047e+00,5.000000000000000000e-01,-3.993606865406036377e-01,2.462240755558013916e-01,1.729034066200256348e+00,-1.468204408884048462e-01,-1.098113209009170532e-01,5.432860255241394043e-01,-2.999999932944774628e-02,1.490000009536743164e+00
-7.592591047286987305e-01,-1.354662179946899414e-01,3.126403093338012695e-01,1.207082346081733704e-01,-1.338005810976028442e-02,-4.858105480670928955e-01,-8.655856847763061523e-01,3.595213890075683594e-01,-3.589110374450683594e-01,1.522434396005126104e-18,1.719079017639160156e-01,-2.832201123237609863e-01,1.816535927355289459e-02,-1.790603250265121460e-01,2.399999946355819702e-01,4.193840622901916504e-01,4.499999880790710449e-01,5.685465931892395020e-01,1.306677937507629395e+00,5.000000000000000000e-01,-3.829050362110137939e-01,2.792681753635406494e-01,1.734366536140441895e+00,-9.409989416599273682e-02,-1.392837911844253540e-01,4.870217144489288330e-01,-2.999999932944774628e-02,1.490000009536743164e+00
-7.570382356643676758e-01,-1.378382146358489990e-01,3.135958313941955566e-01,1.203492730855941772e-01,-1.325389090925455093e-02,-4.897971749305725098e-01,-8.633881807327270508e-01,3.635162711143493652e-01,-3.680775463581085205e-01,5.275894845254588036e-18,1.627843976020812988e-01,-2.829429209232330322e-01,2.043693140149116516e-02,-2.040950953960418701e-01,2.399999946355819702e-01,4.410359561443328857e-01,4.499999880790710449e-01,5.601903796195983887e-01,1.298459291458129883e+00,5.000000000000000000e-01,-3.527590632438659668e-01,2.782396078109741211e-01,1.721315979957580566e+00,-3.822118416428565979e-02,-1.541674584150314331e-01,4.262088537216186523e-01,-2.999999932944774628e-02,1.490000009536743164e+00
-7.550595998764038086e-01,-1.411396414041519165e-01,3.146641552448272705e-01,1.221848726272583008e-01,-1.211062539368867874e-02,-4.939174950122833252e-01,-8.607959747314453125e-01,3.704077303409576416e-01,-3.827279806137084961e-01,5.140463045103118474e-18,1.498933285474777222e-01,-2.907876670360565186e-01,2.365783043205738068e-02,-2.062702775001525879e-01,2.399999946355819702e-01,4.426898956298828125e-01,4.499999880790710449e-01,5.186518430709838867e-01,1.259095668792724609e+00,5.000000000000000000e-01,-3.131734728813171387e-01,2.684946060180664062e-01,1.688617587089538574e+00,1.287885475903749466e-02,-1.546414196491241455e-01,3.660663068294525146e-01,-2.999999932944774628e-02,1.490000009536743164e+00
-7.538919448852539062e-01,-1.454326957464218140e-01,3.153436779975891113e-01,1.236811652779579163e-01,-7.285030558705329895e-03,-4.979721009731292725e-01,-8.582969903945922852e-01,3.798283636569976807e-01,-3.959827423095703125e-01,-8.226913999711258246e-19,1.380092501640319824e-01,-3.003356754779815674e-01,2.670967951416969299e-02,-1.907552480697631836e-01,2.399999946355819702e-01,4.273018836975097656e-01,4.499984085559844971e-01,5.053325295448303223e-01,1.172149896621704102e+00,5.000000000000000000e-01,-2.818097472190856934e-01,2.596689164638519287e-01,1.642332077026367188e+00,4.599638655781745911e-02,-1.486596018075942993e-01,3.125005364418029785e-01,-2.999999932944774628e-02,1.490000009536743164e+00
-7.536994218826293945e-01,-1.504915654659271240e-01,3.156860470771789551e-01,1.231935992836952209e-01,1.998750260099768639e-03,-5.005046129226684570e-01,-8.569214940071105957e-01,3.927411437034606934e-01,-4.008626341819763184e-01,-3.157429461814936832e-18,1.287297606468200684e-01,-3.059153854846954346e-01,2.878172323107719421e-02,-1.588107049465179443e-01,2.399999946355819702e-01,4.021856486797332764e-01,4.143463373184204102e-01,5.079416036605834961e-01,1.072644472122192383e+00,5.000000000000000000e-01,-2.661168873310089111e-01,2.494074702262878418e-01,1.583013176918029785e+00,6.515386700630187988e-02,-1.352416574954986572e-01,2.687833011150360107e-01,-2.999999932944774628e-02,1.490000009536743164e+00
-7.548648118972778320e-01,-1.555871069431304932e-01,3.160935640335083008e-01,1.217364519834518433e-01,1.394834555685520172e-02,-5.001528263092041016e-01,-8.572239279747009277e-01,4.076159894466400146e-01,-3.991532921791076660e-01,1.142505005344569526e-17,1.192750781774520874e-01,-3.074118793010711670e-01,2.925705723464488983e-02,-1.164087802171707153e-01,2.399999946355819702e-01,3.708057999610900879e-01,3.035021126270294189e-01,4.678061008453369141e-01,9.313717484474182129e-01,5.000000000000000000e-01,-2.534207701683044434e-01,2.267458587884902954e-01,1.504900336265563965e+00,8.273272216320037842e-02,-1.189660131931304932e-01,2.340853512287139893e-01,-2.999999932944774628e-02,1.490000009536743164e+00
-7.570635676383972168e-01,-1.610888540744781494e-01,3.163546323776245117e-01,1.141016781330108643e-01,2.574828453361988068e-02,-4.980232417583465576e-01,-8.592384457588195801e-01,4.140147864818572998e-01,-3.916904330253601074e-01,2.697182239882522607e-18,1.205475106835365295e-01,-2.987525761127471924e-01,2.676686458289623260e-02,-6.175036728382110596e-02,2.399999946355819702e-01,3.284922838211059570e-01,2.275554239749908447e-01,4.078246355056762695e-01,6.968472003936767578e-01,5.000000000000000000e-01,-2.450998425483703613e-01,1.761453598737716675e-01,1.400398612022399902e+00,9.779830276966094971e-02,-8.795952796936035156e-02,2.019030451774597168e-01,-2.999999932944774628e-02,1.490000009536743164e+00
-7.599737048149108887e-01,-1.672527939081192017e-01,3.155809342861175537e-01,9.860172122716903687e-02,3.776806220412254333e-02,-4.955845475196838379e-01,-8.621178865432739258e-01,4.107488095760345459e-01,-3.758848309516906738e-01,1.983903529138403662e-17,1.383529603481292725e-01,-2.752232253551483154e-01,2.651331201195716858e-02,-6.828727666288614273e-03,2.399999946355819702e-01,2.789624631404876709e-01,2.261157482862472534e-01,3.325811922550201416e-01,3.949275910854339600e-01,5.000000000000000000e-01,-2.398225963115692139e-01,1.123037785291671753e-01,1.285207390785217285e+00,9.884160757064819336e-02,-4.756616428494453430e-02,1.883363276720046997e-01,-2.999999932944774628e-02,1.490000009536743164e+00
-7.629786133766174316e-01,-1.721561998128890991e-01,3.138768076896667480e-01,7.922269403934478760e-02,5.105211213231086731e-02,-4.945830404758453369e-01,-8.640052676200866699e-01,4.041886925697326660e-01,-3.514184355735778809e-01,7.839029364945595434e-19,1.677703708410263062e-01,-2.376291006803512573e-01,3.466662764549255371e-02,4.609670117497444153e-02,2.399999946355819702e-01,2.172543853521347046e-01,2.538504600524902344e-01,2.632482647895812988e-01,1.176028251647949219e-01,5.000000000000000000e-01,-2.426127791404724121e-01,4.560155421495437622e-02,1.169612288475036621e+00,8.885560184717178345e-02,-6.366003770381212234e-03,1.806692779064178467e-01,-2.999999932944774628e-02,1.490000009536743164e+00
-7.658349871635437012e-01,-1.753527671098709106e-01,3.127248883247375488e-01,6.474898755550384521e-02,6.453037261962890625e-02,-4.955728650093078613e-01,-8.637424111366271973e-01,4.034066200256347656e-01,-3.275190591812133789e-01,2.600279892278313659e-18,1.899835467338562012e-01,-1.991956979036331177e-01,4.649830609560012817e-02,9.682929515838623047e-02,2.399999946355819702e-01,1.415822952985763550e-01,2.727061808109283447e-01,2.523513734340667725e-01,-9.619129449129104614e-02,5.000000000000000000e-01,-2.594138681888580322e-01,-1.122606638818979263e-02,1.088403463363647461e+00,7.442609965801239014e-02,2.975105121731758118e-02,2.225396931171417236e-01,-2.999999932944774628e-02,1.490000009536743164e+00
-7.686778306961059570e-01,-1.762395948171615601e-01,3.130356073379516602e-01,6.048016995191574097e-02,7.847449928522109985e-02,-4.980059862136840820e-01,-8.614951968193054199e-01,4.130516946315765381e-01,-3.086075782775878906e-01,-1.498037820531701499e-17,1.920880526304244995e-01,-1.670049279928207397e-01,5.473112687468528748e-02,1.536403447389602661e-01,2.399999946355819702e-01,3.696479275822639465e-02,3.205801546573638916e-01,2.857503890991210938e-01,-2.415640056133270264e-01,5.000000000000000000e-01,-3.007371127605438232e-01,-4.510485380887985229e-02,1.047936916351318359e+00,3.799691796302795410e-02,5.277885869145393372e-02,3.474341332912445068e-01,-2.999999932944774628e-02,1.490000009536743164e+00
-7.733700275421142578e-01,-1.758607774972915649e-01,3.144733309745788574e-01,6.583960354328155518e-02,9.277205169200897217e-02,-4.998686909675598145e-01,-8.585975766181945801e-01,4.315921068191528320e-01,-2.934513092041015625e-01,1.210778756025410069e-17,1.782001256942749023e-01,-1.431990563869476318e-01,5.229795351624488831e-02,2.158968448638916016e-01,2.399999946355819702e-01,-1.078638061881065369e-01,4.002655446529388428e-01,3.459894657135009766e-01,-3.132004141807556152e-01,5.000000000000000000e-01,-3.626108169555664062e-01,-5.537906289100646973e-02,1.050559878349304199e+00,-1.443246938288211823e-02,5.936081707477569580e-02,5.907493829727172852e-01,-2.999999932944774628e-02,1.490000009536743164e+00
-7.804690003395080566e-01,-1.745028793811798096e-01,3.159541189670562744e-01,7.693033665418624878e-02,9.995618462562561035e-02,-4.998377561569213867e-01,-8.568854928016662598e-01,4.446933269500732422e-01,-2.895137369632720947e-01,6.172419662919161127e-18,1.642621308565139771e-01,-1.360598504543304443e-01,3.568568825721740723e-02,2.750810384750366211e-01,2.399999946355819702e-01,-2.670845389366149902e-01,4.499754309654235840e-01,3.936859965324401855e-01,-3.201085031032562256e-01,5.000000000000000000e-01,-4.327421188354492188e-01,-5.515740066766738892e-02,1.100095987319946289e+00,-7.404011487960815430e-02,5.824478715658187866e-02,1.005344390869140625e+00,-2.999999932944774628e-02,1.489840984344482422e+00
-7.883885502815246582e-01,-1.727717071771621704e-01,3.168956935405731201e-01,9.517394751310348511e-02,9.121602028608322144e-02,-4.987610876560211182e-01,-8.566556572914123535e-01,4.422352910041809082e-01,-3.146154880523681641e-01,2.354914217075382868e-17,1.495058536529541016e-01,-1.698803305625915527e-01,2.182518690824508667e-02,3.124580383300781250e-01,2.399999946355819702e-01,-3.595415949821472168e-01,4.499999880790710449e-01,3.849324285984039307e-01,-2.815918922424316406e-01,5.000000000000000000e-01,-4.797634482383728027e-01,-3.722830489277839661e-02,1.184462308883666992e+00,-1.455301940441131592e-01,8.168088644742965698e-02,1.394563436508178711e+00,-2.999999932944774628e-02,1.077315211296081543e+00
-7.914897799491882324e-01,-1.674290299415588379e-01,3.174539208412170410e-01,1.129135638475418091e-01,7.551921904087066650e-02,-4.929031431674957275e-01,-8.594148159027099609e-01,4.358173906803131104e-01,-3.349016904830932617e-01,-8.524395651740694386e-18,1.346028745174407959e-01,-2.143533974885940552e-01,1.136462669819593430e-02,3.677701652050018311e-01,2.399999946355819702e-01,-4.320251345634460449e-01,4.499999880790710449e-01,3.415347635746002197e-01,-2.189125418663024902e-01,5.000000000000000000e-01,-5.177980661392211914e-01,-3.657623380422592163e-02,1.274897813796997070e+00,-1.204935908317565918e-01,1.051112264394760132e-01,1.422705173492431641e+00,-2.999999932944774628e-02,6.253490447998046875e-01
-7.911174297332763672e-01,-1.612033843994140625e-01,3.179797828197479248e-01,1.253670752048492432e-01,6.197710707783699036e-02,-4.806838631629943848e-01,-8.656702637672424316e-01,4.345779120922088623e-01,-3.366723656654357910e-01,-1.277268939869463774e-17,1.249160245060920715e-01,-2.495894134044647217e-01,2.328235888853669167e-03,4.578402340412139893e-01,2.399999946355819702e-01,-4.762988984584808350e-01,4.499999880790710449e-01,2.993313670158386230e-01,-1.491148322820663452e-01,5.000000000000000000e-01,-5.713209509849548340e-01,-9.641985595226287842e-02,1.385468721389770508e+00,6.141342455521225929e-04,1.348982006311416626e-01,1.201647043228149414e+00,-2.999999932944774628e-02,3.529082536697387695e-01
-7.915351986885070801e-01,-1.561681628227233887e-01,3.190082013607025146e-01,1.331585794687271118e-01,5.133507773280143738e-02,-4.647303819656372070e-01,-8.738759756088256836e-01,4.344336092472076416e-01,-3.271429240703582764e-01,-3.679367607036402723e-18,1.227080374956130981e-01,-2.784684002399444580e-01,1.239650717756797700e-16,5.409400463104248047e-01,2.399999946355819702e-01,-4.733999073505401611e-01,4.499999880790710449e-01,2.582240700721740723e-01,-1.067528203129768372e-01,5.000000000000000000e-01,-6.423733234405517578e-01,-1.794694513082504272e-01,1.497689247131347656e+00,1.508109718561172485e-01,2.411532700061798096e-01,1.002221941947937012e+00,-2.999999932944774628e-02,1.617745310068130493e-01
-7.908749580383300781e-01,-1.521219760179519653e-01,3.207457959651947021e-01,1.389111876487731934e-01,4.200692474842071533e-02,-4.487999975681304932e-01,-8.817695975303649902e-01,4.354073703289031982e-01,-3.147225975990295410e-01,-6.703751684767085477e-18,1.223018914461135864e-01,-2.987642288208007812e-01,1.269914146171009783e-18,5.735474228858947754e-01,2.399999946355819702e-01,-4.363653361797332764e-01,4.499999880790710449e-01,1.819629371166229248e-01,-7.117811590433120728e-02,5.000000000000000000e-01,-6.906020045280456543e-01,-1.800000071525573730e-01,1.547207593917846680e+00,2.008671164512634277e-01,3.097259104251861572e-01,9.181016683578491211e-01,-2.999999932944774628e-02,3.128568083047866821e-02
-7.893846631050109863e-01,-1.484288573265075684e-01,3.222581446170806885e-01,1.393503844738006592e-01,3.514954447746276855e-02,-4.356153905391693115e-01,-8.885861039161682129e-01,4.326787590980529785e-01,-2.953063845634460449e-01,1.221035630184945102e-18,1.296171545982360840e-01,-3.081277906894683838e-01,4.002230675776569102e-19,5.840293169021606445e-01,2.399999946355819702e-01,-4.041867554187774658e-01,4.499999880790710449e-01,5.338610708713531494e-02,-4.591149464249610901e-02,5.000000000000000000e-01,-7.166435122489929199e-01,-1.800000071525573730e-01,1.547756314277648926e+00,2.026368826627731323e-01,3.528957664966583252e-01,8.988307118415832520e-01,-2.999999932944774628e-02,-1.247095409780740738e-02
-7.882975339889526367e-01,-1.458772867918014526e-01,3.228302597999572754e-01,1.362621784210205078e-01,3.004502505064010620e-02,-4.263566434383392334e-01,-8.937280774116516113e-01,4.252213835716247559e-01,-2.756636440753936768e-01,-1.123294149208331735e-17,1.432802975177764893e-01,-3.125177919864654541e-01,2.871864587280245885e-18,5.770193338394165039e-01,2.399999946355819702e-01,-3.756795525550842285e-01,4.499999880790710449e-01,-1.185637637972831726e-01,-6.024461612105369568e-02,5.000000000000000000e-01,-7.359352707862854004e-01,-1.800000071525573730e-01,1.539607286453247070e+00,2.008410543203353882e-01,3.793130815029144287e-01,8.889914155006408691e-01,-2.999999932944774628e-02,-2.999998442828655243e-02
-7.874934673309326172e-01,-1.436442285776138306e-01,3.227427601814270020e-01,1.301383227109909058e-01,2.996736392378807068e-02,-4.253253936767578125e-01,-8.951336741447448730e-01,4.159200787544250488e-01,-2.565192282199859619e-01,-1.191291042538150779e-17,1.617603600025177002e-01,-3.047187924385070801e-01,6.370197513404824353e-19,5.641137361526489258e-01,2.399999946355819702e-01,-3.651169538497924805e-01,4.499999880790710449e-01,-2.361274808645248413e-01,-1.242401152849197388e-01,5.000000000000000000e-01,-7.521974444389343262e-01,-1.800000071525573730e-01,1.526599526405334473e+00,1.993151605129241943e-01,4.166303873062133789e-01,8.784887194633483887e-01,-2.999999932944774628e-02,-2.999999932944774628e-02
-7.855700850486755371e-01,-1.395690739154815674e-01,3.229075074195861816e-01,1.197467297315597534e-01,3.747288137674331665e-02,-4.310675859451293945e-01,-8.935531377792358398e-01,4.100449979305267334e-01,-2.246711850166320801e-01,-5.670221769425966965e-19,1.888397634029388428e-01,-2.739025652408599854e-01,7.857242599129676819e-05,5.580170750617980957e-01,2.399999946355819702e-01,-3.893511593341827393e-01,4.499999880790710449e-01,-2.403144389390945435e-01,-1.823434233665466309e-01,5.000000000000000000e-01,-7.807482481002807617e-01,-1.196540370583534241e-01,1.502486467361450195e+00,1.841620504856109619e-01,4.785143136978149414e-01,8.653280735015869141e-01,-2.999999932944774628e-02,-2.999999932944774628e-02
-7.842484116554260254e-01,-1.402393281459808350e-01,3.228008747100830078e-01,1.061816811561584473e-01,5.232382565736770630e-02,-4.401404857635498047e-01,-8.900921344757080078e-01,4.133102595806121826e-01,-1.902001947164535522e-01,-7.021527592740050736e-18,2.164410054683685303e-01,-2.368080914020538330e-01,5.308011081069707870e-03,5.534420013427734375e-01,2.399999946355819702e-01,-3.864521086215972900e-01,4.499999880790710449e-01,-1.762888282537460327e-01,-2.017057240009307861e-01,5.000000000000000000e-01,-7.560676336288452148e-01,6.568004935979843140e-02,1.480829954147338867e+00,1.811553537845611572e-01,5.578904151916503906e-01,8.020324707031250000e-01,-2.999999932944774628e-02,-2.999999932944774628e-02
-7.880039215087890625e-01,-1.479534059762954712e-01,3.193887472152709961e-01,9.990050643682479858e-02,6.167641654610633850e-02,-4.556774199008941650e-01,-8.823683857917785645e-01,4.120335876941680908e-01,-2.013135999441146851e-01,-3.414835867527403887e-18,2.308578342199325562e-01,-2.290223836898803711e-01,9.959304705262184143e-03,5.509067773818969727e-01,2.399999946355819702e-01,-2.940157651901245117e-01,4.499999880790710449e-01,-9.603700041770935059e-02,-2.253307551145553589e-01,5.000000000000000000e-01,-5.504504442214965820e-01,2.108944058418273926e-01,1.510825991630554199e+00,2.904972434043884277e-01,6.756457090377807617e-01,5.873650908470153809e-01,-2.999999932944774628e-02,-2.792012132704257965e-02
-7.871841192245483398e-01,-1.507201194763183594e-01,3.161300718784332275e-01,1.090584099292755127e-01,5.885232612490653992e-02,-4.723967909812927246e-01,-8.726304769515991211e-01,4.136227965354919434e-01,-2.359409332275390625e-01,-2.911592417739942698e-18,2.172192335128784180e-01,-2.394907325506210327e-01,9.659040719270706177e-03,4.988326132297515869e-01,2.399999946355819702e-01,-1.581953167915344238e-01,4.499999880790710449e-01,-2.722404524683952332e-02,-2.518822252750396729e-01,5.000000000000000000e-01,-2.783057093620300293e-01,2.507549226284027100e-01,1.372923970222473145e+00,4.761121571063995361e-01,7.560538649559020996e-01,3.018136024475097656e-01,-2.999999932944774628e-02,7.859919220209121704e-03
-7.897247076034545898e-01,-1.458851993083953857e-01,3.131424486637115479e-01,1.324878633022308350e-01,4.770748317241668701e-02,-4.934657514095306396e-01,-8.582904338836669922e-01,4.066033661365509033e-01,-2.933036684989929199e-01,-2.522857234509422236e-18,1.860040724277496338e-01,-2.620275318622589111e-01,7.521537598222494125e-03,4.169718325138092041e-01,2.399999946355819702e-01,-1.479995846748352051e-01,4.499999880790710449e-01,3.650198131799697876e-02,-2.438331395387649536e-01,5.000000000000000000e-01,1.383347995579242706e-02,2.678571343421936035e-01,1.218162417411804199e+00,6.604034900665283203e-01,7.178319096565246582e-01,1.116502881050109863e-01,-2.999999932944774628e-02,6.405936181545257568e-02
-7.908490300178527832e-01,-1.389348059892654419e-01,3.112765252590179443e-01,1.474906057119369507e-01,3.319265693426132202e-02,-5.138444900512695312e-01,-8.444575667381286621e-01,3.834145367145538330e-01,-3.384840190410614014e-01,1.244242182270120293e-17,1.741413921117782593e-01,-2.673613429069519043e-01,3.266572719439864159e-03,3.759787082672119141e-01,2.399999946355819702e-01,-1.837747097015380859e-01,4.499999880790710449e-01,1.093724519014358521e-01,-2.442847192287445068e-01,5.000000000000000000e-01,1.625141501426696777e-01,2.214167565107345581e-01,1.117841005325317383e+00,7.691103219985961914e-01,6.989943981170654297e-01,5.807694792747497559e-02,-2.999999932944774628e-02,1.450642347335815430e-01
-7.911430597305297852e-01,-1.337077319622039795e-01,3.109425604343414307e-01,1.532569229602813721e-01,2.032121829688549042e-02,-5.295134782791137695e-01,-8.340952396392822266e-01,3.581940829753875732e-01,-3.629012107849121094e-01,8.875791074939958625e-18,1.781349927186965942e-01,-2.571254372596740723e-01,4.795988206751644611e-05,3.505478203296661377e-01,2.399999946355819702e-01,-2.238378673791885376e-01,4.499999880790710449e-01,1.492699533700942993e-01,-3.210644125938415527e-01,5.000000000000000000e-01,2.121117860078811646e-01,2.552971541881561279e-01,1.106523752212524414e+00,7.510719895362854004e-01,6.757438182830810547e-01,1.312745809555053711e-01,-2.999999932944774628e-02,2.157362103462219238e-01
-7.908724546432495117e-01,-1.284037977457046509e-01,3.112795352935791016e-01,1.513300836086273193e-01,1.000141724944114685e-02,-5.454079508781433105e-01,-8.243356943130493164e-01,3.307794332504272461e-01,-3.738783001899719238e-01,1.087614085717132535e-18,1.916397958993911743e-01,-2.408091276884078979e-01,1.962937414646148682e-03,3.665608763694763184e-01,2.399999946355819702e-01,-3.020922541618347168e-01,4.499999880790710449e-01,1.078642234206199646e-01,-4.534237086772918701e-01,5.000000000000000000e-01,1.931557357311248779e-01,2.909190058708190918e-01,1.142341732978820801e+00,7.265367507934570312e-01,6.871389150619506836e-01,2.028360366821289062e-01,-2.999999932944774628e-02,1.883231550455093384e-01
-7.893063426017761230e-01,-1.229025125503540039e-01,3.118710219860076904e-01,1.468968987464904785e-01,2.421757904812693596e-03,-5.592457056045532227e-01,-8.158797025680541992e-01,3.092289566993713379e-01,-3.761070072650909424e-01,7.646216872881934895e-18,2.052734196186065674e-01,-2.207957804203033447e-01,4.107810091227293015e-03,4.003515541553497314e-01,2.399999946355819702e-01,-3.690226376056671143e-01,4.499856233596801758e-01,3.689794614911079407e-02,-5.829694867134094238e-01,5.000000000000000000e-01,1.621699035167694092e-01,2.756484746932983398e-01,1.196578502655029297e+00,7.511327862739562988e-01,7.301349639892578125e-01,1.947968900203704834e-01,-2.999999932944774628e-02,1.166724637150764465e-01
-7.868328690528869629e-01,-1.177876070141792297e-01,3.129502832889556885e-01,1.438973546028137207e-01,-8.158618002198636532e-04,-5.702306032180786133e-01,-8.087829947471618652e-01,2.980560958385467529e-01,-3.700721561908721924e-01,-4.929761117931773606e-18,2.119951695203781128e-01,-1.986318677663803101e-01,5.162880290299654007e-03,4.228720068931579590e-01,2.399999946355819702e-01,-4.067112505435943604e-01,4.205971062183380127e-01,-8.400142192840576172e-02,-7.048896551132202148e-01,5.000000000000000000e-01,1.224413886666297913e-01,2.314644753932952881e-01,1.255951762199401855e+00,7.504072785377502441e-01,7.599604129791259766e-01,1.953244656324386597e-01,-2.999999932944774628e-02,6.643007695674896240e-02
-7.848682999610900879e-01,-1.130494698882102966e-01,3.138099014759063721e-01,1.418241113424301147e-01,4.278271924704313278e-03,-5.774999260902404785e-01,-8.039661049842834473e-01,3.020819723606109619e-01,-3.505200743675231934e-01,1.013477320213546759e-17,2.138134390115737915e-01,-1.732489019632339478e-01,7.668690755963325500e-03,4.439536035060882568e-01,2.399999946355819702e-01,-4.372266530990600586e-01,3.711256682872772217e-01,-2.328296303749084473e-01,-8.161382079124450684e-01,5.000000000000000000e-01,7.190594822168350220e-02,1.886450946331024170e-01,1.296997189521789551e+00,7.342788577079772949e-01,7.752114534378051758e-01,2.043149024248123169e-01,-2.999999932944774628e-02,8.252428472042083740e-02
-7.840397357940673828e-01,-1.093424782156944275e-01,3.156580626964569092e-01,1.437828391790390015e-01,1.959303952753543854e-02,-5.793867111206054688e-01,-8.020309805870056152e-01,3.270131945610046387e-01,-3.262454271316528320e-01,6.121213047099065949e-18,1.984596550464630127e-01,-1.569929420948028564e-01,1.679939962923526764e-02,4.544811248779296875e-01,2.399999946355819702e-01,-4.591378271579742432e-01,3.517675399780273438e-01,-4.050782620906829834e-01,-9.262128472328186035e-01,5.000000000000000000e-01,1.317058689892292023e-02,1.897162199020385742e-01,1.287391185760498047e+00,6.312277913093566895e-01,7.487209439277648926e-01,2.893669009208679199e-01,-2.999999932944774628e-02,1.505691409111022949e-01
-7.833800911903381348e-01,-1.041350588202476501e-01,3.192423880100250244e-01,1.406830698251724243e-01,4.143924638628959656e-02,-5.817742347717285156e-01,-8.000186681747436523e-01,3.570891916751861572e-01,-2.731160521507263184e-01,-1.608155743269455777e-17,1.889751255512237549e-01,-1.139838993549346924e-01,1.949050650000572205e-02,4.820677936077117920e-01,2.399999946355819702e-01,-5.063054561614990234e-01,3.718226552009582520e-01,-5.396019816398620605e-01,-1.012703776359558105e+00,5.000000000000000000e-01,-5.161032453179359436e-02,1.800426691770553589e-01,1.251178264617919922e+00,4.939055442810058594e-01,6.827729940414428711e-01,4.877903461456298828e-01,-2.999999932944774628e-02,3.308105170726776123e-01
-7.819483876228332520e-01,-9.740472584962844849e-02,3.230527341365814209e-01,1.247387751936912537e-01,6.869580596685409546e-02,-5.904442071914672852e-01,-7.944159507751464844e-01,3.859690129756927490e-01,-1.790611147880554199e-01,3.161177210375261462e-18,2.074802964925765991e-01,-2.665102854371070862e-02,2.329339832067489624e-02,5.351601839065551758e-01,2.399999946355819702e-01,-6.208794116973876953e-01,4.329669773578643799e-01,-5.983068346977233887e-01,-1.012678742408752441e+00,4.959162771701812744e-01,-1.113274618983268738e-01,1.493513733148574829e-01,1.204796433448791504e+00,2.973607182502746582e-01,5.433118343353271484e-01,8.314036130905151367e-01,-2.999999932944774628e-02,5.464109778404235840e-01
-7.780757546424865723e-01,-9.042980521917343140e-02,3.273434937000274658e-01,1.100944280624389648e-01,7.964096218347549438e-02,-5.908406376838684082e-01,-7.952634096145629883e-01,3.973132371902465820e-01,-1.150711253285408020e-01,1.800655624606406491e-08,2.344735264778137207e-01,3.444802016019821167e-02,1.863029040396213531e-02,5.615850687026977539e-01,2.399999946355819702e-01,-7.209599614143371582e-01,4.499999880790710449e-01,-6.098406314849853516e-01,-9.170115590095520020e-01,5.000000000000000000e-01,-1.445951163768768311e-01,1.568668335676193237e-01,1.132165670394897461e+00,-6.893511861562728882e-02,2.876617312431335449e-01,1.230679392814636230e+00,-2.999999932944774628e-02,5.039034485816955566e-01
-7.747436165809631348e-01,-8.041733503341674805e-02,3.301547765731811523e-01,9.605760872364044189e-02,7.921680063009262085e-02,-5.931785106658935547e-01,-7.953847646713256836e-01,3.873870968818664551e-01,-7.329952716827392578e-02,1.236271056297253042e-17,2.740670442581176758e-01,7.809118181467056274e-02,4.587050527334213257e-03,6.183546781539916992e-01,2.399999946355819702e-01,-8.726555705070495605e-01,4.499999880790710449e-01,-5.918085575103759766e-01,-7.773869037628173828e-01,5.000000000000000000e-01,-1.147446781396865845e-01,1.895160526037216187e-01,1.040023446083068848e+00,-3.144430816173553467e-01,3.716120868921279907e-02,1.403146982192993164e+00,-2.999999932944774628e-02,1.583360582590103149e-01
-7.737077474594116211e-01,-7.287411391735076904e-02,3.335394859313964844e-01,1.159705296158790588e-01,7.020790874958038330e-02,-5.775216817855834961e-01,-8.050406575202941895e-01,3.995758295059204102e-01,-1.064276844263076782e-01,2.957385756836337725e-18,2.268644869327545166e-01,-1.232981402426958084e-02,2.060188911855220795e-02,6.891792416572570801e-01,2.399999946355819702e-01,-9.171358942985534668e-01,4.499999880790710449e-01,-6.202196478843688965e-01,-7.123725414276123047e-01,5.000000000000000000e-01,-9.257678687572479248e-02,2.799071967601776123e-01,9.816702604293823242e-01,-3.799347579479217529e-01,-9.580267965793609619e-02,1.506246924400329590e+00,-2.999999932944774628e-02,-2.999986708164215088e-02
-7.714647054672241211e-01,-6.373959779739379883e-02,3.371220529079437256e-01,1.170583218336105347e-01,8.627192676067352295e-02,-5.718241930007934570e-01,-8.073856830596923828e-01,4.340061247348785400e-01,-7.258314639329910278e-02,6.879272767456543383e-20,1.791534721851348877e-01,-4.720929637551307678e-02,6.624198704957962036e-02,8.011346459388732910e-01,2.399919927120208740e-01,-1.041403055191040039e+00,4.499999880790710449e-01,-6.308524608612060547e-01,-6.497260332107543945e-01,5.000000000000000000e-01,-4.787070676684379578e-02,3.635215163230895996e-01,8.963986635208129883e-01,-2.884978950023651123e-01,-5.489632859826087952e-02,1.551561832427978516e+00,-2.999999932944774628e-02,-2.999999932944774628e-02
-7.700475454330444336e-01,-5.966974049806594849e-02,3.424477279186248779e-01,1.260831803083419800e-01,8.808489143848419189e-02,-5.523566007614135742e-01,-8.192961812019348145e-01,4.617475569248199463e-01,-6.730335950851440430e-02,6.852014296990171328e-18,8.238541334867477417e-02,-1.725001484155654907e-01,2.138224095106124878e-01,8.649503588676452637e-01,2.021659165620803833e-01,-1.057815551757812500e+00,4.499999880790710449e-01,-6.019470095634460449e-01,-6.193658709526062012e-01,5.000000000000000000e-01,-8.308611065149307251e-02,4.363781213760375977e-01,8.613309264183044434e-01,-1.656978428363800049e-01,6.417370587587356567e-02,1.452661514282226562e+00,-2.747466787695884705e-02,-2.999999932944774628e-02
-7.721618413925170898e-01,-6.019458547234535217e-02,3.469284772872924805e-01,1.293476372957229614e-01,7.742539793252944946e-02,-5.326194167137145996e-01,-8.328211307525634766e-01,4.557842910289764404e-01,-8.743913471698760986e-02,9.935320104114231350e-19,-4.325416684150695801e-02,-3.279565274715423584e-01,3.631192743778228760e-01,8.778124451637268066e-01,1.862486302852630615e-01,-9.966784119606018066e-01,4.499999880790710449e-01,-5.731901526451110840e-01,-6.382629275321960449e-01,5.000000000000000000e-01,-9.113205224275588989e-02,5.469313263893127441e-01,8.951532244682312012e-01,-9.041232615709304810e-02,1.601607799530029297e-01,1.370420575141906738e+00,-2.760520204901695251e-02,-2.999999932944774628e-02
-7.745367288589477539e-01,-6.102953106164932251e-02,3.492497205734252930e-01,1.330300867557525635e-01,5.085878819227218628e-02,-5.143083930015563965e-01,-8.456969261169433594e-01,4.212501049041748047e-01,-1.407593637704849243e-01,5.966631188586381243e-18,-1.903565227985382080e-01,-4.699744880199432373e-01,3.903148472309112549e-01,8.486623764038085938e-01,1.812994927167892456e-01,-8.947920203208923340e-01,4.422467648983001709e-01,-5.419715642929077148e-01,-6.656780242919921875e-01,5.000000000000000000e-01,-3.248823434114456177e-02,7.044279575347900391e-01,8.455314040184020996e-01,-4.389906302094459534e-02,2.290485650300979614e-01,1.314203858375549316e+00,-2.229269593954086304e-02,-2.999999932944774628e-02
-7.765196561813354492e-01,-5.872599035501480103e-02,3.487513363361358643e-01,1.383757442235946655e-01,1.945179421454668045e-03,-5.064174532890319824e-01,-8.511108756065368652e-01,3.549357056617736816e-01,-2.420691847801208496e-01,-1.111637437298173214e-17,-3.187158703804016113e-01,-5.720572471618652344e-01,2.221166938543319702e-01,7.937107682228088379e-01,1.533230990171432495e-01,-8.076096177101135254e-01,3.673811256885528564e-01,-4.956995844841003418e-01,-6.783224940299987793e-01,5.000000000000000000e-01,9.145971387624740601e-02,8.309181332588195801e-01,7.405617237091064453e-01,-5.515468306839466095e-03,2.635703086853027344e-01,1.291797995567321777e+00,-1.900547556579113007e-02,-2.999999932944774628e-02
-7.823799848556518555e-01,-5.689372494816780090e-02,3.453749120235443115e-01,1.282980442047119141e-01,-6.136832013726234436e-02,-5.041957497596740723e-01,-8.517981767654418945e-01,2.633440792560577393e-01,-3.682369887828826904e-01,-7.214467160425314734e-19,-3.343290984630584717e-01,-6.211523413658142090e-01,4.136437922716140747e-02,7.048376202583312988e-01,8.945289254188537598e-02,-7.408694028854370117e-01,2.627202272415161133e-01,-4.303524494171142578e-01,-6.525575518608093262e-01,4.999955594539642334e-01,1.936276853084564209e-01,8.597605228424072266e-01,6.475514173507690430e-01,3.541342169046401978e-02,2.930936813354492188e-01,1.277986049652099609e+00,-1.243620924651622772e-02,-2.999999932944774628e-02
-7.930706739425659180e-01,-5.424517765641212463e-02,3.365022242069244385e-01,8.094584941864013672e-02,-8.743819594383239746e-02,-5.039973855018615723e-01,-8.554466366767883301e-01,2.188848704099655151e-01,-4.087896943092346191e-01,1.294491646723915049e-18,-2.155751734972000122e-01,-5.816022157669067383e-01,4.451889079064130783e-03,6.083341836929321289e-01,7.417160272598266602e-02,-7.516147494316101074e-01,1.444068253040313721e-01,-3.410498201847076416e-01,-5.652654170989990234e-01,4.918636977672576904e-01,2.456779778003692627e-01,7.910501956939697266e-01,5.842372775077819824e-01,1.118504777550697327e-01,3.551713824272155762e-01,1.230929136276245117e+00,-2.998028881847858429e-02,-2.999999932944774628e-02
-8.047036528587341309e-01,-4.667521268129348755e-02,3.237782120704650879e-01,-1.950323930941522121e-03,-3.943206369876861572e-02,-4.933732748031616211e-01,-8.689212203025817871e-01,2.624422609806060791e-01,-3.090532720088958740e-01,-1.115346298029950194e-19,-3.797151148319244385e-02,-4.222098886966705322e-01,8.587453514337539673e-02,5.495483875274658203e-01,2.148692160844802856e-01,-7.986944317817687988e-01,3.456275910139083862e-02,-2.402997612953186035e-01,-4.608497917652130127e-01,4.711376130580902100e-01,3.047383725643157959e-01,6.412767171859741211e-01,5.443886518478393555e-01,2.937482297420501709e-01,4.815246462821960449e-01,1.063682198524475098e+00,-2.999999932944774628e-02,-2.999999932944774628e-02
-8.210415244102478027e-01,-3.387936949729919434e-02,3.141316771507263184e-01,-2.351521328091621399e-02,-3.337363898754119873e-02,-4.671885371208190918e-01,-8.832146525382995605e-01,3.037613630294799805e-01,-3.442487418651580811e-01,9.763130947249010205e-06,4.283786192536354065e-02,-4.293519854545593262e-01,1.739259511232376099e-01,4.884248673915863037e-01,2.399999946355819702e-01,-6.789990663528442383e-01,-1.091219112277030945e-02,-1.182451844215393066e-01,-4.214170277118682861e-01,4.507716894149780273e-01,2.716344296932220459e-01,4.937230944633483887e-01,5.362375974655151367e-01,4.348935186862945557e-01,6.328077316284179688e-01,8.423219919204711914e-01,-2.999999932944774628e-02,-2.999999932944774628e-02
-8.382444977760314941e-01,-2.289667166769504547e-02,3.040307462215423584e-01,-1.560082100331783295e-02,-4.147893562912940979e-02,-4.540466964244842529e-01,-8.898751139640808105e-01,3.279912769794464111e-01,-4.426281452178955078e-01,1.971011028001345977e-12,8.732599020004272461e-02,-5.028350949287414551e-01,2.514069676399230957e-01,4.443714618682861328e-01,2.399999946355819702e-01,-5.106493830680847168e-01,-4.157938063144683838e-02,3.134903311729431152e-02,-3.929561078548431396e-01,4.279893934726715088e-01,2.762239873409271240e-01,4.040538072586059570e-01,5.643603205680847168e-01,6.220456957817077637e-01,7.964693903923034668e-01,5.873797535896301270e-01,-2.999999932944774628e-02,1.425429130904376507e-03
-8.567700982093811035e-01,-1.783942058682441711e-02,2.896063327789306641e-01,1.625303551554679871e-02,-4.067073762416839600e-02,-4.640966951847076416e-01,-8.847010731697082520e-01,3.511745333671569824e-01,-4.951340854167938232e-01,-7.482774255647582157e-18,9.789907932281494141e-02,-5.656760334968566895e-01,3.029446005821228027e-01,4.153317213058471680e-01,2.399999946355819702e-01,-3.843800425529479980e-01,-4.844094812870025635e-02,1.563404649496078491e-01,-3.788320422172546387e-01,4.586571156978607178e-01,3.204764127731323242e-01,4.295150935649871826e-01,7.156636118888854980e-01,7.812447547912597656e-01,9.306066036224365234e-01,3.917468190193176270e-01,-2.999999932944774628e-02,6.281615793704986572e-02
-8.702572584152221680e-01,-1.010871678590774536e-02,2.803285419940948486e-01,5.758695304393768311e-02,-3.838437050580978394e-02,-4.755821228027343750e-01,-8.769447207450866699e-01,3.660629093647003174e-01,-4.950956404209136963e-01,7.014665302378310819e-19,8.552518486976623535e-02,-6.076610684394836426e-01,3.275667726993560791e-01,3.839616477489471436e-01,2.399999946355819702e-01,-3.104651272296905518e-01,-6.056395918130874634e-02,2.117948085069656372e-01,-3.401054441928863525e-01,5.000000000000000000e-01,3.328712582588195801e-01,5.056053996086120605e-01,8.842111229896545410e-01,8.588169813156127930e-01,9.869578480720520020e-01,2.749921679496765137e-01,-2.999999932944774628e-02,1.101744472980499268e-01
-8.791542053222656250e-01,8.853164035826921463e-04,2.795878350734710693e-01,1.007369533181190491e-01,-4.437996074557304382e-02,-4.799813330173492432e-01,-8.703449964523315430e-01,3.635040223598480225e-01,-5.049237012863159180e-01,2.753817435267650167e-18,5.748647078871726990e-02,-6.357386112213134766e-01,3.085222244262695312e-01,3.553143441677093506e-01,2.399999946355819702e-01,-2.584124207496643066e-01,-9.777141362428665161e-02,2.236811965703964233e-01,-2.624496817588806152e-01,4.769774973392486572e-01,3.389395177364349365e-01,5.958625078201293945e-01,1.022475123405456543e+00,8.866076469421386719e-01,9.901943206787109375e-01,2.096598595380783081e-01,-2.999999932944774628e-02,1.293451786041259766e-01
-8.851590156555175781e-01,1.175743527710437775e-02,2.839977741241455078e-01,1.401463299989700317e-01,-6.085053831338882446e-02,-4.830726683139801025e-01,-8.621467351913452148e-01,3.478772938251495361e-01,-5.443112254142761230e-01,-4.285888278613865905e-18,3.297547996044158936e-02,-6.538810729980468750e-01,2.371261715888977051e-01,3.439090251922607422e-01,2.399999946355819702e-01,-2.290513068437576294e-01,-1.346423774957656860e-01,2.308763563632965088e-01,-2.128128558397293091e-01,4.082821607589721680e-01,3.959010839462280273e-01,6.505444645881652832e-01,1.116005897521972656e+00,9.208741188049316406e-01,9.828270673751831055e-01,1.754587590694427490e-01,-2.999999932944774628e-02,1.176792681217193604e-01
-8.905849456787109375e-01,2.058663591742515564e-02,2.905379533767700195e-01,1.664670407772064209e-01,-7.899603247642517090e-02,-4.797957837581634521e-01,-8.578137159347534180e-01,3.261919915676116943e-01,-5.917598605155944824e-01,2.983507293400149786e-18,2.308478206396102905e-02,-6.513980627059936523e-01,1.149745583534240723e-01,3.390573859214782715e-01,2.399999201297760010e-01,-2.122236788272857666e-01,-1.625481396913528442e-01,2.883351445198059082e-01,-2.661671936511993408e-01,3.585702776908874512e-01,4.574855268001556396e-01,6.628689765930175781e-01,1.165048956871032715e+00,9.280482530593872070e-01,9.627746343612670898e-01,1.900273859500885010e-01,-2.999999932944774628e-02,1.063295453786849976e-01
-8.947316408157348633e-01,2.693039923906326294e-02,2.953706681728363037e-01,1.786829680204391479e-01,-9.648445248603820801e-02,-4.730441868305206299e-01,-8.573169708251953125e-01,2.993966341018676758e-01,-6.275120973587036133e-01,-8.990607052684769079e-18,2.859094366431236267e-02,-6.469689607620239258e-01,3.026375314220786095e-03,3.454152345657348633e-01,2.399999350309371948e-01,-1.854681074619293213e-01,-1.789501905441284180e-01,3.093899786472320557e-01,-3.696199953556060791e-01,3.403415977954864502e-01,4.924222528934478760e-01,6.228967308998107910e-01,1.206387400627136230e+00,9.540687203407287598e-01,9.719618558883666992e-01,2.180600017309188843e-01,-2.999999932944774628e-02,9.202914685010910034e-02
-8.991991281509399414e-01,3.002318553626537323e-02,2.964457869529724121e-01,1.835052520036697388e-01,-1.053088903427124023e-01,-4.666598439216613770e-01,-8.587574958801269531e-01,2.771928608417510986e-01,-6.455452442169189453e-01,-1.817223988731008416e-18,3.758257254958152771e-02,-6.836167573928833008e-01,8.662766615152861505e-10,3.625070452690124512e-01,2.399999499320983887e-01,-1.606230884790420532e-01,-1.850618124008178711e-01,3.010183274745941162e-01,-4.083301424980163574e-01,3.106048107147216797e-01,4.899745583534240723e-01,5.698652863502502441e-01,1.252034902572631836e+00,9.948033094406127930e-01,9.955756664276123047e-01,2.349596470594406128e-01,-2.999999932944774628e-02,8.398558199405670166e-02
-9.029558897018432617e-01,3.101577796041965485e-02,2.959690988063812256e-01,1.856943815946578979e-01,-1.083796545863151550e-01,-4.633152484893798828e-01,-8.597153425216674805e-01,2.594819366931915283e-01,-6.474137306213378906e-01,4.071349060580887542e-18,4.468278214335441589e-02,-6.959292888641357422e-01,2.993017388902671945e-18,3.898952603340148926e-01,2.399999946355819702e-01,-1.500604748725891113e-01,-1.861200481653213501e-01,2.748686075210571289e-01,-3.578986823558807373e-01,2.530587017536163330e-01,4.773210287094116211e-01,5.370712280273437500e-01,1.279111623764038086e+00,1.045488834381103516e+00,1.015810489654541016e+00,2.393784821033477783e-01,-2.999999932944774628e-02,6.836967915296554565e-02
-9.065990447998046875e-01,3.049525246024131775e-02,2.956371605396270752e-01,1.858419626951217651e-01,-1.050266847014427185e-01,-4.589019715785980225e-01,-8.624622225761413574e-01,2.519524693489074707e-01,-6.372878551483154297e-01,-9.301693137453711727e-18,4.567813873291015625e-02,-6.979702115058898926e-01,-1.063105758142952016e-18,4.169029593467712402e-01,2.399999946355819702e-01,-1.534733474254608154e-01,-1.633091270923614502e-01,2.323264926671981812e-01,-2.358667403459548950e-01,2.044748961925506592e-01,4.563529193401336670e-01,5.287439823150634766e-01,1.275286078453063965e+00,1.068029165267944336e+00,1.010334372520446777e+00,2.540620565414428711e-01,-2.999999932944774628e-02,5.850500613451004028e-02
-9.096610546112060547e-01,2.911487966775894165e-02,2.958625853061676025e-01,1.829817891120910645e-01,-1.000398322939872742e-01,-4.517889022827148438e-01,-8.674079179763793945e-01,2.499881386756896973e-01,-6.205850839614868164e-01,3.200235231333943461e-18,4.539572447538375854e-02,-6.979945898056030273e-01,2.077599766047387702e-18,4.360079467296600342e-01,2.399999946355819702e-01,-1.585482805967330933e-01,-1.364185363054275513e-01,2.128711938858032227e-01,-1.560225784778594971e-01,2.052789181470870972e-01,4.466273188591003418e-01,5.252768397331237793e-01,1.236051321029663086e+00,1.080223798751831055e+00,9.909368157386779785e-01,2.627453505992889404e-01,-2.999999932944774628e-02,4.526342451572418213e-02
-9.118087887763977051e-01,2.688149549067020416e-02,2.967481017112731934e-01,1.780241280794143677e-01,-9.320741146802902222e-02,-4.427429437637329102e-01,-8.738412261009216309e-01,2.551362216472625732e-01,-6.002572774887084961e-01,-4.959047861109519827e-18,4.289974272251129150e-02,-6.964201331138610840e-01,1.095081251901801854e-18,4.537703692913055420e-01,2.399999946355819702e-01,-1.652867048978805542e-01,-1.230478808283805847e-01,2.020357698202133179e-01,-1.578637063503265381e-01,2.480896562337875366e-01,4.432017207145690918e-01,5.234607458114624023e-01,1.170179486274719238e+00,1.073292255401611328e+00,9.628679752349853516e-01,2.747133672237396240e-01,-2.999999932944774628e-02,2.589035965502262115e-02
-9.129214286804199219e-01,2.448341436684131622e-02,2.982727587223052979e-01,1.720332652330398560e-01,-8.537296205759048462e-02,-4.320794045925140381e-01,-8.811489343643188477e-01,2.662421464920043945e-01,-5.764554738998413086e-01,2.683902475533443162e-18,3.822969645261764526e-02,-6.940698623657226562e-01,-3.819020096263424108e-18,4.691901803016662598e-01,2.399999946355819702e-01,-1.690230965614318848e-01,-1.154514625668525696e-01,1.813499182462692261e-01,-1.767793446779251099e-01,3.085232079029083252e-01,4.361689984798431396e-01,5.177123546600341797e-01,1.095968008041381836e+00,1.053621888160705566e+00,9.332225918769836426e-01,2.821446657180786133e-01,-2.999999932944774628e-02,-3.015912079717963934e-04
-9.130025506019592285e-01,2.216129563748836517e-02,3.002737164497375488e-01,1.652529239654541016e-01,-7.672384381294250488e-02,-4.219927787780761719e-01,-8.881030678749084473e-01,2.811417877674102783e-01,-5.510939955711364746e-01,7.202465907110512563e-18,3.369352221488952637e-02,-6.900664567947387695e-01,2.547822165781732026e-18,4.879288077354431152e-01,2.399999946355819702e-01,-1.803057491779327393e-01,-1.064474135637283325e-01,1.501259654760360718e-01,-1.886400282382965088e-01,3.802338242530822754e-01,4.274300634860992432e-01,5.147494673728942871e-01,1.016477942466735840e+00,1.030465245246887207e+00,8.992518186569213867e-01,2.875791490077972412e-01,-2.999999932944774628e-02,-2.983647957444190979e-02
-9.122270345687866211e-01,1.992537453770637512e-02,3.026179671287536621e-01,1.583558470010757446e-01,-6.729637086391448975e-02,-4.123666882514953613e-01,-8.946219086647033691e-01,2.997496426105499268e-01,-5.257397890090942383e-01,5.967546877524477445e-18,2.775071188807487488e-02,-6.839587092399597168e-01,2.946568715965981782e-18,5.079237818717956543e-01,2.399999946355819702e-01,-2.002174854278564453e-01,-1.002776920795440674e-01,1.169747188687324524e-01,-1.927445381879806519e-01,4.533798694610595703e-01,4.217458665370941162e-01,5.177243947982788086e-01,9.195690155029296875e-01,1.004033923149108887e+00,8.591097593307495117e-01,3.089981675148010254e-01,-2.999999932944774628e-02,-2.999999932944774628e-02
-9.104391932487487793e-01,1.805601082742214203e-02,3.054383397102355957e-01,1.511625200510025024e-01,-5.604244396090507507e-02,-4.020969569683074951e-01,-9.012919664382934570e-01,3.237135708332061768e-01,-4.962454736232757568e-01,-6.867040859997809629e-18,1.936825737357139587e-02,-6.742194294929504395e-01,-2.053691842350949970e-19,5.325822830200195312e-01,2.399999946355819702e-01,-2.351304292678833008e-01,-8.811502158641815186e-02,8.771473169326782227e-02,-1.892136931419372559e-01,5.000000000000000000e-01,4.189182519912719727e-01,5.279607772827148438e-01,7.886303663253784180e-01,9.640495181083679199e-01,8.059614300727844238e-01,3.441860079765319824e-01,-2.999999932944774628e-02,-2.999999932944774628e-02
-9.080320596694946289e-01,1.665946841239929199e-02,3.081799149513244629e-01,1.427263617515563965e-01,-3.951144218444824219e-02,-3.909784853458404541e-01,-9.084073305130004883e-01,3.562170565128326416e-01,-4.542888700962066650e-01,-7.964808794529183717e-18,1.135288830846548080e-02,-6.511970162391662598e-01,1.179473526716911949e-18,5.574376583099365234e-01,2.399999946355819702e-01,-2.875838875770568848e-01,-6.610361486673355103e-02,5.859129130840301514e-02,-1.744884997606277466e-01,5.000000000000000000e-01,4.123145341873168945e-01,5.404519438743591309e-01,6.248425245285034180e-01,8.986097574234008789e-01,7.365441918373107910e-01,3.931785523891448975e-01,-2.999999932944774628e-02,-2.999999932944774628e-02
-9.055426120758056641e-01,1.575189270079135895e-02,3.103732466697692871e-01,1.335254609584808350e-01,-1.919909752905368805e-02,-3.772854208946228027e-01,-9.162194132804870605e-01,3.964908719062805176e-01,-4.011445939540863037e-01,2.397041408978881621e-18,3.962417133152484894e-03,-6.191714406013488770e-01,-1.411190597735625901e-18,5.696551203727722168e-01,2.399999946355819702e-01,-3.441738486289978027e-01,-6.563828885555267334e-02,3.710430860519409180e-02,-1.597921848297119141e-01,5.000000000000000000e-01,4.065338075160980225e-01,5.560740232467651367e-01,4.481021463871002197e-01,8.039084076881408691e-01,6.540403962135314941e-01,4.509396255016326904e-01,-2.999999932944774628e-02,-2.999999932944774628e-02
-9.026997089385986328e-01,1.523624733090400696e-02,3.118782937526702881e-01,1.215997561812400818e-01,5.965512711554765701e-03,-3.650083839893341064e-01,-9.230096340179443359e-01,4.403921961784362793e-01,-3.336243331432342529e-01,-3.786421735503321841e-18,3.880107542499899864e-03,-5.711573362350463867e-01,-4.399056926168777004e-18,5.732580423355102539e-01,2.399999946355819702e-01,-4.133724868297576904e-01,-7.661996781826019287e-02,4.200099036097526550e-03,-1.326931864023208618e-01,5.000000000000000000e-01,4.018906652927398682e-01,5.644690394401550293e-01,2.704072594642639160e-01,6.930136084556579590e-01,5.669348835945129395e-01,5.105682015419006348e-01,-2.999999932944774628e-02,-2.999999932944774628e-02
-8.990637063980102539e-01,1.653350144624710083e-02,3.140372931957244873e-01,1.098241508007049561e-01,3.057186119258403778e-02,-3.470606803894042969e-01,-9.308882355690002441e-01,4.809326529502868652e-01,-2.596222460269927979e-01,2.878827380086410995e-18,4.829301033169031143e-03,-5.219017863273620605e-01,-4.667294228026860266e-18,5.632678270339965820e-01,2.399999946355819702e-01,-4.762991368770599365e-01,-7.522899657487869263e-02,-3.418120741844177246e-02,-6.682564318180084229e-02,5.000000000000000000e-01,3.321875333786010742e-01,5.558062791824340820e-01,1.763319820165634155e-01,5.492038726806640625e-01,4.769845008850097656e-01,5.862619280815124512e-01,-2.999999932944774628e-02,-2.999999932944774628e-02
-8.912079334259033203e-01,1.994515769183635712e-02,3.165237605571746826e-01,9.479398280382156372e-02,6.630750745534896851e-02,-3.290572166442871094e-01,-9.371972680091857910e-01,5.338146686553955078e-01,-1.482145041227340698e-01,-7.007272789243924410e-18,1.515528187155723572e-02,-4.358897507190704346e-01,4.467602488398902472e-19,5.454025268554687500e-01,2.399999946355819702e-01,-5.468413233757019043e-01,-2.014810964465141296e-02,-4.968928545713424683e-02,5.303401872515678406e-02,5.000000000000000000e-01,1.513161510229110718e-01,4.780434072017669678e-01,1.934403628110885620e-01,3.706434965133666992e-01,4.034519493579864502e-01,6.593604683876037598e-01,9.270600043237209320e-03,-2.999999932944774628e-02
-8.832942843437194824e-01,2.493035979568958282e-02,3.180939257144927979e-01,8.427780866622924805e-02,9.922699630260467529e-02,-3.092474639415740967e-01,-9.420282840728759766e-01,5.913621187210083008e-01,-2.911639027297496796e-02,-2.301958031541676781e-18,2.426081150770187378e-02,-3.461632728576660156e-01,-4.307827590000609858e-18,5.088993906974792480e-01,2.399999946355819702e-01,-5.690913796424865723e-01,7.245351374149322510e-02,-4.149179905652999878e-02,1.842288374900817871e-01,5.000000000000000000e-01,-7.251189649105072021e-02,3.428914546966552734e-01,5.796170234680175781e-01,2.096256464719772339e-01,3.572418391704559326e-01,6.837200522422790527e-01,5.638818144798278809e-01,-2.999999932944774628e-02
-8.798345327377319336e-01,2.899315394461154938e-02,3.192446231842041016e-01,9.537803381681442261e-02,1.102455854415893555e-01,-2.957906424999237061e-01,-9.440640211105346680e-01,6.380623579025268555e-01,5.841476377099752426e-04,7.913634335355401537e-19,-6.504091899842023849e-03,-3.367163538932800293e-01,1.032651562127284706e-04,4.702127575874328613e-01,2.399999946355819702e-01,-5.402504205703735352e-01,1.290559768676757812e-01,-9.046612679958343506e-02,2.163369059562683105e-01,5.000000000000000000e-01,-1.660809814929962158e-01,1.936455667018890381e-01,9.665496349334716797e-01,1.355835944414138794e-01,2.898114323616027832e-01,6.483170986175537109e-01,1.016630172729492188e+00,-2.999999932944774628e-02
-8.843801021575927734e-01,3.458680585026741028e-02,3.159212768077850342e-01,9.474290162324905396e-02,1.106929033994674683e-01,-3.029955327510833740e-01,-9.417879581451416016e-01,6.301495432853698730e-01,1.488690450787544250e-02,7.115759180941479096e-18,1.925207860767841339e-02,-3.136515915393829346e-01,1.034077577060088515e-04,4.450531303882598877e-01,2.399999946355819702e-01,-5.871310234069824219e-01,1.482785046100616455e-01,-1.218842715024948120e-01,2.946501672267913818e-01,5.000000000000000000e-01,-3.922070860862731934e-01,4.050563275814056396e-02,1.273945927619934082e+00,1.284424960613250732e-01,2.527781128883361816e-01,6.246280074119567871e-01,-2.999996766448020935e-02,-2.999999932944774628e-02
-8.783409595489501953e-01,3.695443272590637207e-02,3.170606791973114014e-01,1.093083769083023071e-01,1.169536113739013672e-01,-2.853245437145233154e-01,-9.449674487113952637e-01,6.848243474960327148e-01,4.299739003181457520e-02,-9.602299671042220067e-18,-2.081424370408058167e-02,-3.164279162883758545e-01,2.083354629576206207e-04,3.802060484886169434e-01,2.399999946355819702e-01,-5.336377024650573730e-01,1.745717823505401611e-01,-1.810826510190963745e-01,2.841338217258453369e-01,5.000000000000000000e-01,-3.991656601428985596e-01,-4.931973665952682495e-02,1.135406374931335449e+00,2.978096157312393188e-02,1.636544466018676758e-01,6.032287478446960449e-01,-2.377533540129661560e-02,-2.999999932944774628e-02
-8.753958940505981445e-01,3.804495558142662048e-02,3.158452510833740234e-01,1.170090362429618835e-01,1.175795942544937134e-01,-2.737105190753936768e-01,-9.473998546600341797e-01,7.142508029937744141e-01,6.447172164916992188e-02,-8.173805902458056795e-18,-3.733311221003532410e-02,-3.193486034870147705e-01,4.692717047873884439e-04,3.306972384452819824e-01,2.399999946355819702e-01,-4.631476998329162598e-01,1.735381633043289185e-01,-2.070872932672500610e-01,2.674405574798583984e-01,5.000000000000000000e-01,-3.141830265522003174e-01,-9.050357341766357422e-02,1.008176803588867188e+00,-2.453182637691497803e-02,1.136311069130897522e-01,5.723696351051330566e-01,-2.999999932944774628e-02,-2.999999932944774628e-02
-8.710638880729675293e-01,3.856347128748893738e-02,3.159503340721130371e-01,1.175734251737594604e-01,1.194678470492362976e-01,-2.623354196548461914e-01,-9.503073692321777344e-01,7.341168522834777832e-01,9.423272311687469482e-02,5.511438246991819155e-18,-4.138303920626640320e-02,-3.146160840988159180e-01,1.368194236420094967e-03,2.795818746089935303e-01,2.399999946355819702e-01,-3.811647295951843262e-01,1.635432392358779907e-01,-2.111458778381347656e-01,2.276363223791122437e-01,5.000000000000000000e-01,-2.489373981952667236e-01,-7.565027475357055664e-02,8.294135928153991699e-01,-6.275287270545959473e-02,7.701315730810165405e-02,5.215886831283569336e-01,-2.999999932944774628e-02,-2.999999932944774628e-02
-8.679422736167907715e-01,3.868519514799118042e-02,3.162287175655364990e-01,1.139197498559951782e-01,1.210000514984130859e-01,-2.544663250446319580e-01,-9.526951909065246582e-01,7.431587576866149902e-01,1.194421499967575073e-01,-4.406390089094212733e-19,-3.506678342819213867e-02,-3.074724674224853516e-01,1.803244929760694504e-03,2.232363522052764893e-01,2.399999946355819702e-01,-3.182337284088134766e-01,1.721618473529815674e-01,-2.136995941400527954e-01,1.885089874267578125e-01,5.000000000000000000e-01,-2.193434834480285645e-01,-2.495513670146465302e-02,7.703188657760620117e-01,-9.485358744859695435e-02,3.705371171236038208e-02,4.710416197776794434e-01,-2.999999932944774628e-02,-2.999999932944774628e-02
-8.637706041336059570e-01,3.913105651736259460e-02,3.168071210384368896e-01,1.095857396721839905e-01,1.234646141529083252e-01,-2.477601170539855957e-01,-9.546530246734619141e-01,7.527747154235839844e-01,1.450823694467544556e-01,-1.070919202811551346e-18,-2.914755418896675110e-02,-2.972425520420074463e-01,3.925617318600416183e-03,1.753078103065490723e-01,2.399999946355819702e-01,-2.733235955238342285e-01,2.024380862712860107e-01,-2.274250686168670654e-01,1.696954369544982910e-01,5.000000000000000000e-01,-2.324514538049697876e-01,1.937617175281047821e-02,7.611919641494750977e-01,-1.299408674240112305e-01,-6.358965765684843063e-04,4.341032803058624268e-01,-2.999999932944774628e-02,-2.999999932944774628e-02
-8.587961792945861816e-01,3.907044604420661926e-02,3.174995779991149902e-01,1.035912558436393738e-01,1.265872269868850708e-01,-2.397405952215194702e-01,-9.569581747055053711e-01,7.624682188034057617e-01,1.754435598850250244e-01,1.861942406621390783e-18,-2.366048283874988556e-02,-2.828506529331207275e-01,6.182356737554073334e-03,1.359646618366241455e-01,2.399999946355819702e-01,-2.313438653945922852e-01,2.332874536514282227e-01,-2.493326365947723389e-01,1.727344989776611328e-01,5.000000000000000000e-01,-2.410291582345962524e-01,5.136965215206146240e-02,7.365825772285461426e-01,-1.698354184627532959e-01,-3.436450660228729248e-02,4.133472740650177002e-01,-2.999999932944774628e-02,-2.999999932944774628e-02
-8.541324734687805176e-01,3.786281868815422058e-02,3.178687393665313721e-01,9.437390416860580444e-02,1.295274198055267334e-01,-2.294362038373947144e-01,-9.600391983985900879e-01,7.695235610008239746e-01,2.096642851829528809e-01,2.934770638889137948e-18,-1.549982838332653046e-02,-2.676491439342498779e-01,1.060024276375770569e-02,1.027181819081306458e-01,2.399999946355819702e-01,-1.889348477125167847e-01,2.533934116363525391e-01,-2.599443495273590088e-01,2.032044678926467896e-01,5.000000000000000000e-01,-2.407334893941879272e-01,7.846425473690032959e-02,7.056202888488769531e-01,-2.018136680126190186e-01,-6.004078686237335205e-02,4.369945526123046875e-01,-2.999999932944774628e-02,3.409756347537040710e-02
-8.491477370262145996e-01,3.549683839082717896e-02,3.178844153881072998e-01,8.146774023771286011e-02,1.314012110233306885e-01,-2.185943126678466797e-01,-9.634901285171508789e-01,7.696434855461120605e-01,2.459835559129714966e-01,4.430290025327860500e-18,-4.344211891293525696e-03,-2.521257102489471436e-01,1.729333400726318359e-02,7.837415486574172974e-02,2.399999946355819702e-01,-1.494761258363723755e-01,2.694886922836303711e-01,-2.745815813541412354e-01,2.636339366436004639e-01,5.000000000000000000e-01,-2.447979152202606201e-01,9.874199330806732178e-02,6.851071715354919434e-01,-2.177678644657135010e-01,-6.672415137290954590e-02,5.167326331138610840e-01,-2.999999932944774628e-02,2.277153581380844116e-01
-8.435280919075012207e-01,3.207280486822128296e-02,3.170136511325836182e-01,6.718152016401290894e-02,1.319127380847930908e-01,-2.073559612035751343e-01,-9.670000672340393066e-01,7.697118520736694336e-01,2.804314494132995605e-01,6.545490113299458628e-18,6.520083174109458923e-03,-2.344297617673873901e-01,3.007162176072597504e-02,6.299164891242980957e-02,2.399999946355819702e-01,-1.128535643219947815e-01,2.846526801586151123e-01,-2.938668131828308105e-01,3.471115529537200928e-01,5.000000000000000000e-01,-2.584127485752105713e-01,1.139035299420356750e-01,6.793122887611389160e-01,-2.201761901378631592e-01,-5.661886185407638550e-02,6.380684375762939453e-01,-2.999999932944774628e-02,5.185434222221374512e-01
-8.381428718566894531e-01,2.702943980693817139e-02,3.149536252021789551e-01,5.176136270165443420e-02,1.315854340791702271e-01,-1.976325809955596924e-01,-9.700244069099426270e-01,7.697972655296325684e-01,3.090556561946868896e-01,3.549100166867740206e-20,1.819038577377796173e-02,-2.206898033618927002e-01,6.248567998409271240e-02,5.504732578992843628e-02,2.399999946355819702e-01,-8.418475091457366943e-02,3.033592104911804199e-01,-3.122328519821166992e-01,4.455541670322418213e-01,5.000000000000000000e-01,-2.728877961635589600e-01,1.200909018516540527e-01,6.768801808357238770e-01,-2.269153445959091187e-01,-3.749857470393180847e-02,7.823959589004516602e-01,-2.999999932944774628e-02,7.519504427909851074e-01
-8.328236937522888184e-01,2.064094319939613342e-02,3.120822608470916748e-01,3.253681212663650513e-02,1.324607878923416138e-01,-1.878795027732849121e-01,-9.726750850677490234e-01,7.698744535446166992e-01,3.390118181705474854e-01,-8.552787799085964507e-18,3.454213961958885193e-02,-2.240396887063980103e-01,1.402606964111328125e-01,3.925569355487823486e-02,2.399999946355819702e-01,-5.325401201844215393e-02,3.232697844505310059e-01,-3.309986889362335205e-01,5.397116541862487793e-01,5.000000000000000000e-01,-2.878007888793945312e-01,1.288675218820571899e-01,6.686907410621643066e-01,-2.446067035198211670e-01,-1.012804731726646423e-02,9.211928844451904297e-01,-2.999999932944774628e-02,8.362721204757690430e-01
-8.271650075912475586e-01,1.439942140132188797e-02,3.092108368873596191e-01,1.067852880805730820e-02,1.342701911926269531e-01,-1.755397617816925049e-01,-9.752144813537597656e-01,7.698409557342529297e-01,3.719666600227355957e-01,-2.266127462538023558e-19,5.726295337080955505e-02,-2.356224656105041504e-01,2.344594150781631470e-01,1.236736960709095001e-02,2.399999946355819702e-01,-1.770475879311561584e-02,3.393720090389251709e-01,-3.615152835845947266e-01,5.918964743614196777e-01,5.000000000000000000e-01,-3.032086789608001709e-01,1.468496322631835938e-01,6.554239988327026367e-01,-2.560843229293823242e-01,2.879151888191699982e-02,1.012485980987548828e+00,-2.999999932944774628e-02,7.931756377220153809e-01
-8.212071061134338379e-01,9.075447916984558105e-03,3.077542781829833984e-01,-6.132038775831460953e-03,1.330572962760925293e-01,-1.616169363260269165e-01,-9.778231382369995117e-01,7.697312831878662109e-01,3.887389302253723145e-01,-2.132701575371995088e-18,6.978501379489898682e-02,-2.459396719932556152e-01,3.096621930599212646e-01,-1.117652095854282379e-02,2.399999946355819702e-01,1.102335099130868912e-02,3.270578980445861816e-01,-3.860852420330047607e-01,6.019967198371887207e-01,5.000000000000000000e-01,-3.082810044288635254e-01,1.735878437757492065e-01,6.335550546646118164e-01,-2.208390980958938599e-01,8.835127949714660645e-02,1.005626082420349121e+00,-2.999999932944774628e-02,6.792098879814147949e-01
-8.143606185913085938e-01,4.757431335747241974e-03,3.084042966365814209e-01,-1.498700026422739029e-02,1.271630227565765381e-01,-1.441438049077987671e-01,-9.812377691268920898e-01,7.695748805999755859e-01,3.893563747406005859e-01,-4.024443783946068107e-18,6.736616790294647217e-02,-2.478388547897338867e-01,3.468861579895019531e-01,-1.860728114843368530e-02,2.399999946355819702e-01,4.136355221271514893e-02,2.808381617069244385e-01,-3.802911639213562012e-01,5.768482685089111328e-01,5.000000000000000000e-01,-2.996144890785217285e-01,2.010097503662109375e-01,6.021828651428222656e-01,-1.238234713673591614e-01,1.677085161209106445e-01,8.714886903762817383e-01,-2.999999932944774628e-02,5.112397074699401855e-01
-8.056501150131225586e-01,1.501524006016552448e-03,3.118652701377868652e-01,-1.336382608860731125e-02,1.142175048589706421e-01,-1.210293322801589966e-01,-9.859653711318969727e-01,7.644125223159790039e-01,3.771411180496215820e-01,6.153980566294435311e-18,4.559938982129096985e-02,-2.435893565416336060e-01,3.404428958892822266e-01,7.792641990818083286e-04,2.399999946355819702e-01,8.007258176803588867e-02,2.022340744733810425e-01,-3.347676694393157959e-01,5.079380273818969727e-01,5.000000000000000000e-01,-2.752612829208374023e-01,2.185489237308502197e-01,5.612376928329467773e-01,1.754499226808547974e-02,2.412288635969161987e-01,6.311753988265991211e-01,-2.999999932944774628e-02,3.332658410072326660e-01
-7.945153117179870605e-01,-4.435744194779545069e-04,3.194812238216400146e-01,-1.945033320225775242e-03,9.121646732091903687e-02,-8.971033245325088501e-02,-9.917801022529602051e-01,7.271348834037780762e-01,3.469077646732330322e-01,-1.657833729317552960e-18,2.853391924872994423e-03,-2.326525896787643433e-01,2.877975404262542725e-01,4.347082599997520447e-02,2.399999946355819702e-01,1.265643984079360962e-01,9.773649275302886963e-02,-2.544469237327575684e-01,4.069586396217346191e-01,5.000000000000000000e-01,-2.316959798336029053e-01,2.246118634939193726e-01,5.049990415573120117e-01,1.532379835844039917e-01,2.805844247341156006e-01,3.650384545326232910e-01,-2.999999932944774628e-02,1.932731419801712036e-01
-7.831424474716186523e-01,-2.331160474568605423e-03,3.312112689018249512e-01,-5.140175577253103256e-03,5.675763636827468872e-02,-6.427869200706481934e-02,-9.963033795356750488e-01,5.885322690010070801e-01,2.794601321220397949e-01,-1.829940236287786110e-18,-4.682282917201519012e-03,-2.315422296524047852e-01,2.084832340478897095e-01,6.135912612080574036e-02,2.399999946355819702e-01,1.563367545604705811e-01,-1.630536466836929321e-02,-1.702147871255874634e-01,3.072152137756347656e-01,5.000000000000000000e-01,-1.641177684068679810e-01,2.193522155284881592e-01,4.316514432430267334e-01,2.505251765251159668e-01,3.059789538383483887e-01,1.919856667518615723e-01,-2.999999932944774628e-02,9.078259579837322235e-03
-7.713205218315124512e-01,-5.698937457054853439e-03,3.416675329208374023e-01,-2.171163447201251984e-02,3.137271851301193237e-02,-4.511240869760513306e-02,-9.982531070709228516e-01,4.272931814193725586e-01,2.293362766504287720e-01,1.386568695306777954e-02,2.643948420882225037e-02,-2.211976647377014160e-01,1.363183856010437012e-01,4.565364867448806763e-02,2.399999946355819702e-01,1.960839331150054932e-01,-1.012324318289756775e-01,-9.134692698717117310e-02,2.057344913482666016e-01,5.000000000000000000e-01,-9.387223422527313232e-02,2.163622081279754639e-01,3.426008522510528564e-01,2.663689851760864258e-01,3.026099801063537598e-01,2.015687525272369385e-01,-2.999999932944774628e-02,-2.999999932944774628e-02
-7.583182454109191895e-01,-8.293481543660163879e-03,3.474579751491546631e-01,-3.204363211989402771e-02,2.800572849810123444e-02,-3.362791985273361206e-02,-9.985279440879821777e-01,3.218395113945007324e-01,1.690199375152587891e-01,9.508298337459564209e-02,6.227213516831398010e-02,-1.687468290328979492e-01,6.639522314071655273e-02,4.354203492403030396e-02,2.399999946355819702e-01,2.004356682300567627e-01,-1.194794774055480957e-01,-3.774057701230049133e-02,1.411939412355422974e-01,5.000000000000000000e-01,-5.116903036832809448e-02,2.197747230529785156e-01,2.246570289134979248e-01,2.036268264055252075e-01,2.677477300167083740e-01,2.602357268333435059e-01,-2.999999932944774628e-02,-2.999999932944774628e-02
-7.447432279586791992e-01,-7.495669182389974594e-03,3.508819639682769775e-01,-2.478813938796520233e-02,2.769251354038715363e-02,-2.282262779772281647e-02,-9.990484714508056641e-01,2.423663884401321411e-01,1.057783663272857666e-01,1.024658530950546265e-01,6.840176880359649658e-02,-1.263680458068847656e-01,2.903756685554981232e-02,7.705283910036087036e-02,2.399999946355819702e-01,1.813152283430099487e-01,-1.222711727023124695e-01,-1.355505082756280899e-02,1.147864833474159241e-01,5.000000000000000000e-01,-6.522735953330993652e-02,2.047955840826034546e-01,1.830093264579772949e-01,1.548642367124557495e-01,2.339638620615005493e-01,2.947289347648620605e-01,-2.999999932944774628e-02,-2.999999932944774628e-02
-7.294584512710571289e-01,-7.336298585869371891e-04,3.542128205299377441e-01,-1.936114765703678131e-02,2.351431548595428467e-02,-7.662770338356494904e-03,-9.995066523551940918e-01,1.269709616899490356e-01,3.876587375998497009e-02,1.150104776024818420e-02,8.145971596240997314e-02,-9.897314012050628662e-02,1.453332509845495224e-02,1.067426204681396484e-01,2.397095113992691040e-01,1.309389173984527588e-01,-1.220935732126235962e-01,-1.168195437639951706e-02,1.277522593736648560e-01,5.000000000000000000e-01,-1.573561728000640869e-01,1.486612856388092041e-01,3.204516768455505371e-01,1.039121523499488831e-01,1.962887048721313477e-01,3.408237099647521973e-01,7.418118417263031006e-02,-2.999999932944774628e-02
-7.147174477577209473e-01,8.925043977797031403e-03,3.539821505546569824e-01,-1.726224459707736969e-02,1.206837221980094910e-02,1.286202669143676758e-02,-9.996954202651977539e-01,1.363865192979574203e-02,-1.067605912685394287e-01,5.529927071812323902e-10,1.003716066479682922e-01,-9.070292860269546509e-02,7.640025112777948380e-03,1.145222783088684082e-01,2.064485251903533936e-01,8.546277880668640137e-02,-1.099296882748603821e-01,-1.863635517656803131e-02,1.507699191570281982e-01,5.000000000000000000e-01,-2.926770448684692383e-01,6.793812662363052368e-02,6.964090466499328613e-01,3.655546531081199646e-02,1.493687033653259277e-01,3.750933706760406494e-01,4.427857995033264160e-01,-2.999999932944774628e-02
-7.077404856681823730e-01,1.606811024248600006e-02,3.502658009529113770e-01,-4.308640025556087494e-03,1.966648362576961517e-02,2.922311238944530487e-02,-9.993701577186584473e-01,-2.538717538118362427e-02,-2.304074615240097046e-01,-2.072694171424641971e-18,1.025429517030715942e-01,-6.471712142229080200e-02,6.481752730906009674e-03,9.707251191139221191e-02,2.375374138355255127e-01,5.367732420563697815e-02,-1.092504858970642090e-01,-4.158526659011840820e-02,1.427887976169586182e-01,4.980140924453735352e-01,-2.853650450706481934e-01,2.617197856307029724e-02,9.524419307708740234e-01,1.383171323686838150e-02,7.229255139827728271e-02,3.925490081310272217e-01,4.294991865754127502e-02,-2.999999932944774628e-02
-6.908217668533325195e-01,1.967965252697467804e-02,3.474510610103607178e-01,2.910215593874454498e-02,2.641377039253711700e-03,3.989935666322708130e-02,-9.987763166427612305e-01,-6.175126880407333374e-03,-3.266823887825012207e-01,-1.108488360706183837e-17,3.494282439351081848e-02,-7.884515821933746338e-02,3.470731526613235474e-02,1.321413815021514893e-01,1.707100123167037964e-01,2.358704432845115662e-02,-9.242114424705505371e-02,-9.033671766519546509e-02,1.483015865087509155e-01,5.000000000000000000e-01,-2.526522874832153320e-01,-6.336188316345214844e-02,9.375972747802734375e-01,-8.004540205001831055e-02,5.409328732639551163e-03,4.056204557418823242e-01,1.086970791220664978e-01,-2.999999932944774628e-02
-6.797896623611450195e-01,2.046490274369716644e-02,3.425453007221221924e-01,5.976647138595581055e-02,-6.734008202329277992e-04,3.999260812997817993e-02,-9.974107146263122559e-01,3.769369050860404968e-02,-3.860249519348144531e-01,5.147923800638040507e-17,-2.255157753825187683e-02,-6.652579456567764282e-02,5.461990088224411011e-02,1.702062785625457764e-01,1.669824123382568359e-01,-3.581058233976364136e-02,-8.816815912723541260e-02,-1.402816921472549438e-01,1.621284633874893188e-01,5.000000000000000000e-01,-6.315996497869491577e-02,-9.320440143346786499e-02,8.857535123825073242e-01,-1.022109836339950562e-01,-4.528088867664337158e-02,3.836455345153808594e-01,-2.329379785805940628e-03,-2.999999932944774628e-02
-6.667736768722534180e-01,1.795351877808570862e-02,3.390502631664276123e-01,8.342684060335159302e-02,-3.189835697412490845e-03,3.572879359126091003e-02,-9.958680868148803711e-01,9.377675503492355347e-02,-3.825523555278778076e-01,2.372158616741398346e-17,-7.742347568273544312e-02,-4.870839416980743408e-02,6.734323501586914062e-02,2.097795009613037109e-01,1.562725454568862915e-01,-7.948715239763259888e-02,-9.098539501428604126e-02,-1.709904074668884277e-01,1.708285510540008545e-01,5.000000000000000000e-01,1.320317536592483521e-01,-1.404510289430618286e-01,7.374937534332275391e-01,-1.145349368453025818e-01,-7.319089025259017944e-02,3.281753659248352051e-01,-2.999866940081119537e-02,-2.999999932944774628e-02
-6.520248055458068848e-01,1.239366363734006882e-02,3.375657200813293457e-01,9.923167526721954346e-02,-1.010527182370424271e-02,2.247965894639492035e-02,-9.947590827941894531e-01,1.474403738975524902e-01,-3.265182077884674072e-01,3.233374899086900430e-17,-1.344552040100097656e-01,-3.595482930541038513e-02,7.008373737335205078e-02,2.343900352716445923e-01,1.248529627919197083e-01,-1.354317367076873779e-01,-9.177929908037185669e-02,-1.934011131525039673e-01,1.711027920246124268e-01,5.000000000000000000e-01,2.567654848098754883e-01,-1.623993366956710815e-01,5.623825788497924805e-01,-1.320556998252868652e-01,-9.678430110216140747e-02,2.576167583465576172e-01,-2.999546192586421967e-02,-2.999999932944774628e-02
-6.352232098579406738e-01,5.000832024961709976e-03,3.377679884433746338e-01,1.054973229765892029e-01,-9.477818384766578674e-03,5.238964222371578217e-03,-9.943606257438659668e-01,1.917047053575515747e-01,-2.706845998764038086e-01,-2.071154209278252000e-17,-1.745076477527618408e-01,-5.271803587675094604e-03,5.689088627696037292e-02,2.190056741237640381e-01,1.182802096009254456e-01,-1.800636649131774902e-01,-9.793711453676223755e-02,-2.030460536479949951e-01,1.357713490724563599e-01,5.000000000000000000e-01,2.951453924179077148e-01,-1.630479246377944946e-01,4.383807480335235596e-01,-1.401842981576919556e-01,-1.380687505006790161e-01,1.778117269277572632e-01,-2.999488264322280884e-02,-2.999999932944774628e-02
-6.182920932769775391e-01,-3.226627828553318977e-03,3.398718237876892090e-01,1.023902669548988342e-01,-1.263239514082670212e-02,-8.678247220814228058e-03,-9.946262240409851074e-01,2.213036566972732544e-01,-2.354578077793121338e-01,-2.308126730959790985e-17,-1.980625241994857788e-01,-2.266629412770271301e-02,6.411378830671310425e-02,1.912715882062911987e-01,1.150448545813560486e-01,-2.162902653217315674e-01,-1.193719059228897095e-01,-1.910895258188247681e-01,8.789266645908355713e-02,5.000000000000000000e-01,2.734091579914093018e-01,-1.452770233154296875e-01,3.703914880752563477e-01,-1.633571982383728027e-01,-1.744177192449569702e-01,1.263012886047363281e-01,-2.999854646623134613e-02,-2.999999932944774628e-02
-6.032208800315856934e-01,-1.008710172027349472e-02,3.420978188514709473e-01,9.924498945474624634e-02,-5.974514409899711609e-03,-1.325358264148235321e-02,-9.949568510055541992e-01,2.577394843101501465e-01,-1.823874413967132568e-01,1.874443711295996573e-17,-1.901918351650238037e-01,-7.872987538576126099e-02,1.524342149496078491e-01,1.832150816917419434e-01,1.394802480936050415e-01,-2.358338385820388794e-01,-1.570656299591064453e-01,-1.467143893241882324e-01,3.023451380431652069e-02,5.000000000000000000e-01,2.402144074440002441e-01,-1.297079175710678101e-01,3.677648305892944336e-01,-1.689995676279067993e-01,-1.799722611904144287e-01,6.931060552597045898e-02,-2.999999932944774628e-02,-2.999999932944774628e-02
-5.891107916831970215e-01,-1.650933548808097839e-02,3.438481390476226807e-01,9.944813698530197144e-02,2.170127816498279572e-02,-1.125204190611839294e-02,-9.947424530982971191e-01,3.164681494235992432e-01,-8.329598605632781982e-02,-1.828844718284520880e-17,-1.533132344484329224e-01,-1.333954334259033203e-01,3.153306245803833008e-01,1.840012222528457642e-01,2.093039005994796753e-01,-2.325587868690490723e-01,-2.080158591270446777e-01,-7.517679035663604736e-02,-4.231855645775794983e-02,5.000000000000000000e-01,2.037576436996459961e-01,-1.170116662979125977e-01,3.928475081920623779e-01,-1.473245471715927124e-01,-1.800000071525573730e-01,-2.496432326734066010e-02,-2.999999932944774628e-02,-2.999999932944774628e-02
-5.769943594932556152e-01,-2.267330884933471680e-02,3.428294658660888672e-01,1.005855575203895569e-01,4.445065557956695557e-02,-1.237598713487386703e-02,-9.938579201698303223e-01,3.725593686103820801e-01,3.035530913621187210e-03,5.338413983131958421e-18,-9.256071597337722778e-02,-1.986595988273620605e-01,4.545045197010040283e-01,1.800427585840225220e-01,2.399999946355819702e-01,-2.304067760705947876e-01,-2.363101541996002197e-01,-3.085104050114750862e-03,-1.037290841341018677e-01,4.912837743759155273e-01,1.462766826152801514e-01,-1.032707989215850830e-01,4.062427580356597900e-01,-1.332821846008300781e-01,-1.800000071525573730e-01,-1.185574159026145935e-01,-2.999999932944774628e-02,1.413300354033708572e-02
-5.663046836853027344e-01,-3.030257672071456909e-02,3.393718600273132324e-01,1.079698801040649414e-01,5.840465798974037170e-02,-1.776824705302715302e-02,-9.922780394554138184e-01,4.327509999275207520e-01,5.583680793642997742e-02,-2.298914255041665405e-17,-4.461114853620529175e-02,-2.402421832084655762e-01,4.046463370323181152e-01,1.913515180349349976e-01,2.399999946355819702e-01,-2.299095988273620605e-01,-2.352310419082641602e-01,5.387875065207481384e-02,-1.502937376499176025e-01,4.624460637569427490e-01,8.752419054508209229e-02,-1.001235246658325195e-01,4.050259590148925781e-01,-1.104711443185806274e-01,-1.800000071525573730e-01,-1.320095807313919067e-01,-2.999999932944774628e-02,2.501608729362487793e-01
-5.536288619041442871e-01,-3.923815116286277771e-02,3.345949351787567139e-01,1.196906864643096924e-01,7.116563618183135986e-02,-2.704434469342231750e-02,-9.898879528045654297e-01,5.071005821228027344e-01,1.030752733349800110e-01,-3.185404296541173951e-18,-2.034020796418190002e-02,-2.499384135007858276e-01,1.800127625465393066e-01,2.123005092144012451e-01,2.399999946355819702e-01,-2.521128058433532715e-01,-2.172152400016784668e-01,7.854326814413070679e-02,-1.794699877500534058e-01,4.216620326042175293e-01,2.644689194858074188e-02,-9.325261414051055908e-02,4.058011770248413086e-01,-9.075592458248138428e-02,-1.800000071525573730e-01,-3.062090277671813965e-02,-2.999999932944774628e-02,6.696996688842773438e-01
-5.407125353813171387e-01,-4.897477850317955017e-02,3.288151323795318604e-01,1.179561987519264221e-01,8.155165612697601318e-02,-3.791946545243263245e-02,-9.889376759529113770e-01,5.578396916389465332e-01,1.454321295022964478e-01,-2.810956590440975660e-17,2.175545692443847656e-02,-2.744975686073303223e-01,3.283511323388665915e-04,2.068449407815933228e-01,2.399999946355819702e-01,-2.793743014335632324e-01,-2.003778219223022461e-01,8.513911813497543335e-02,-1.940883547067642212e-01,4.010644853115081787e-01,-2.687448076903820038e-02,-8.266626298427581787e-02,3.966691792011260986e-01,-7.871004939079284668e-02,-1.800000071525573730e-01,1.659287810325622559e-01,-2.999999932944774628e-02,1.115808129310607910e+00
-5.303413271903991699e-01,-5.981209874153137207e-02,3.244009315967559814e-01,9.882485866546630859e-02,9.468812495470046997e-02,-4.311697930097579956e-02,-9.896507859230041504e-01,5.818459987640380859e-01,1.939109116792678833e-01,-1.309926774915608604e-17,7.234472781419754028e-02,-2.967171072959899902e-01,9.270060923649071395e-18,1.660140305757522583e-01,2.399999946355819702e-01,-2.714537084102630615e-01,-1.808822453022003174e-01,9.957978874444961548e-02,-2.129522264003753662e-01,4.009713828563690186e-01,-7.144501805305480957e-02,-7.402540743350982666e-02,3.664014339447021484e-01,-9.012322127819061279e-02,-1.800000071525573730e-01,4.004599153995513916e-01,-2.999999932944774628e-02,1.230437517166137695e+00
-5.228699445724487305e-01,-6.983772665262222290e-02,3.243560492992401123e-01,7.863999903202056885e-02,1.052261516451835632e-01,-4.935732111334800720e-02,-9.901045560836791992e-01,5.935639739036560059e-01,2.300646156072616577e-01,8.557670646241865030e-18,9.969973564147949219e-02,-2.129452228546142578e-01,-8.853347183379557325e-19,1.293397545814514160e-01,2.399999946355819702e-01,-2.804595530033111572e-01,-1.693715453147888184e-01,9.754679352045059204e-02,-2.141323387622833252e-01,4.069931209087371826e-01,-1.123572289943695068e-01,-6.680022925138473511e-02,3.450808823108673096e-01,-1.014548018574714661e-01,-1.799998581409454346e-01,5.488796234130859375e-01,-2.999999932944774628e-02,8.750007152557373047e-01
-5.154145359992980957e-01,-8.083808422088623047e-02,3.255156576633453369e-01,5.676677078008651733e-02,1.079967916011810303e-01,-5.370336398482322693e-02,-9.910752773284912109e-01,5.888147354125976562e-01,2.388776987791061401e-01,6.433934235294478652e-20,1.130780950188636780e-01,-1.308262497186660767e-01,2.701233606785535812e-03,1.032724678516387939e-01,2.399999946355819702e-01,-2.647095918655395508e-01,-1.616731882095336914e-01,1.100130006670951843e-01,-2.235701084136962891e-01,4.127331674098968506e-01,-1.244756206870079041e-01,-7.252736389636993408e-02,3.152492940425872803e-01,-3.574675694108009338e-02,-1.607486754655838013e-01,5.403428673744201660e-01,-2.999999932944774628e-02,4.898831546306610107e-01
-5.051001310348510742e-01,-9.140820056200027466e-02,3.278042376041412354e-01,4.845662042498588562e-02,1.067272126674652100e-01,-5.635360255837440491e-02,-9.915066957473754883e-01,6.077241897583007812e-01,2.314009070396423340e-01,-5.735315506959908649e-18,9.589797258377075195e-02,-9.315995126962661743e-02,9.309484623372554779e-03,1.140575930476188660e-01,2.399999946355819702e-01,-2.422955930233001709e-01,-1.555822938680648804e-01,1.282554715871810913e-01,-2.348920106887817383e-01,4.245263338088989258e-01,-1.254298388957977295e-01,-8.941170573234558105e-02,2.816052734851837158e-01,8.688634634017944336e-02,-1.002139374613761902e-01,4.730505049228668213e-01,-2.999999932944774628e-02,3.980178534984588623e-01
-4.942283928394317627e-01,-9.979539364576339722e-02,3.307945728302001953e-01,5.059121176600456238e-02,1.039045155048370361e-01,-5.447510629892349243e-02,-9.918048381805419922e-01,6.395016312599182129e-01,2.276429086923599243e-01,-3.306147436965233124e-18,6.785159558057785034e-02,-7.305626571178436279e-02,7.849766872823238373e-03,1.402707695960998535e-01,2.399999946355819702e-01,-2.224950641393661499e-01,-1.441008150577545166e-01,1.314023882150650024e-01,-2.290108352899551392e-01,4.434464573860168457e-01,-1.306465417146682739e-01,-9.922768920660018921e-02,2.554423809051513672e-01,2.067518532276153564e-01,-3.377225995063781738e-02,3.348470628261566162e-01,-2.999999932944774628e-02,3.842645287513732910e-01
-4.853255748748779297e-01,-1.062518134713172913e-01,3.346607387065887451e-01,4.419533535838127136e-02,9.643201529979705811e-02,-5.033953487873077393e-02,-9.930828809738159180e-01,6.201094388961791992e-01,2.319562882184982300e-01,-3.660763074289166301e-18,6.698279827833175659e-02,-6.569467484951019287e-02,4.432347603142261505e-03,1.389296352863311768e-01,2.399999946355819702e-01,-1.946187615394592285e-01,-1.353584676980972290e-01,1.237004399299621582e-01,-1.920478492975234985e-01,4.889063239097595215e-01,-1.346316486597061157e-01,-9.420560300350189209e-02,2.427221089601516724e-01,2.528592050075531006e-01,1.447658147662878036e-02,2.155462801456451416e-01,-2.999999932944774628e-02,2.446682155132293701e-01
-4.779508411884307861e-01,-1.108264625072479248e-01,3.395290970802307129e-01,2.738825604319572449e-02,8.476732671260833740e-02,-4.370855912566184998e-02,-9.950647950172424316e-01,5.315617918968200684e-01,2.379625290632247925e-01,-7.766437648749166832e-18,9.295676648616790771e-02,-6.730727106332778931e-02,4.829345853067934513e-04,1.214941591024398804e-01,2.399999946355819702e-01,-1.731509268283843994e-01,-1.059703677892684937e-01,8.340524137020111084e-02,-1.008346453309059143e-01,5.000000000000000000e-01,-1.417092084884643555e-01,-8.911967277526855469e-02,2.485099434852600098e-01,2.413953244686126709e-01,3.151552379131317139e-02,1.664483845233917236e-01,-2.999999932944774628e-02,9.102128446102142334e-02
-4.713345468044281006e-01,-1.135428175330162048e-01,3.443164825439453125e-01,8.371460251510143280e-03,7.352367788553237915e-02,-3.879559040069580078e-02,-9.965034127235412598e-01,4.061062633991241455e-01,2.329446226358413696e-01,-7.559020455790270036e-18,1.282977759838104248e-01,-7.133403420448303223e-02,3.785491862799972296e-04,1.153009235858917236e-01,2.399999946355819702e-01,-1.896520256996154785e-01,-4.666545242071151733e-02,1.075912296073511243e-04,8.447339385747909546e-02,5.000000000000000000e-01,-1.470363587141036987e-01,-9.645188599824905396e-02,2.561306357383728027e-01,2.200610488653182983e-01,2.626749500632286072e-02,1.696931421756744385e-01,-2.999999932944774628e-02,4.060157807543873787e-04
-4.656851887702941895e-01,-1.168616637587547302e-01,3.469056487083435059e-01,2.786010736599564552e-03,6.918779015541076660e-02,-3.842388466000556946e-02,-9.968594908714294434e-01,3.230756223201751709e-01,2.064070254564285278e-01,2.557724656071513891e-04,1.383083462715148926e-01,-6.116150692105293274e-02,3.787073655985295773e-04,1.321355402469635010e-01,2.399999946355819702e-01,-2.098856866359710693e-01,1.857290416955947876e-02,-6.789869815111160278e-02,3.014097809791564941e-01,5.000000000000000000e-01,-1.518978327512741089e-01,-1.053823605179786682e-01,2.492958605289459229e-01,1.892510056495666504e-01,2.336911112070083618e-02,2.048129588365554810e-01,-2.999999932944774628e-02,-2.999999932944774628e-02
-4.613488018512725830e-01,-1.200364753603935242e-01,3.474673330783843994e-01,7.572598755359649658e-03,6.928179413080215454e-02,-3.824293240904808044e-02,-9.968350529670715332e-01,2.644428610801696777e-01,1.481335610151290894e-01,8.575442916480824351e-05,1.298266053199768066e-01,-4.703720286488533020e-02,4.706277686636894941e-04,1.683671474456787109e-01,2.399999946355819702e-01,-2.218649089336395264e-01,9.820874035358428955e-02,-1.286321580410003662e-01,5.142049789428710938e-01,5.000000000000000000e-01,-1.522900164127349854e-01,-1.206474304199218750e-01,2.313234061002731323e-01,1.602766662836074829e-01,3.189600259065628052e-02,2.465215623378753662e-01,-2.999999932944774628e-02,-2.999999932944774628e-02
-4.572597742080688477e-01,-1.223171278834342957e-01,3.476446568965911865e-01,1.950749941170215607e-02,6.706040352582931519e-02,-3.302078694105148315e-02,-9.970115423202514648e-01,2.116660922765731812e-01,6.498901546001434326e-02,8.722111670475569273e-18,1.023551300168037415e-01,-4.347233101725578308e-02,4.551129532046616077e-04,2.157624214887619019e-01,2.399999946355819702e-01,-2.150891870260238647e-01,1.646260917186737061e-01,-1.719575673341751099e-01,6.796008944511413574e-01,5.000000000000000000e-01,-1.663938760757446289e-01,-1.383967995643615723e-01,2.436788529157638550e-01,1.399569213390350342e-01,4.519117251038551331e-02,2.754419147968292236e-01,-2.999999932944774628e-02,-2.999999932944774628e-02
-4.527470767498016357e-01,-1.236457303166389465e-01,3.481919765472412109e-01,3.169727697968482971e-02,5.971831455826759338e-02,-1.959438994526863098e-02,-9.975194334983825684e-01,1.513202935457229614e-01,-3.286504745483398438e-02,7.397224755155510376e-18,6.937736272811889648e-02,-5.236153677105903625e-02,3.518029116094112396e-04,2.579198777675628662e-01,2.399999946355819702e-01,-1.734022200107574463e-01,2.094493955373764038e-01,-2.067426592111587524e-01,7.874842286109924316e-01,5.000000000000000000e-01,-2.004194557666778564e-01,-1.562168747186660767e-01,3.101314306259155273e-01,1.255725175142288208e-01,6.282375752925872803e-02,2.948090434074401855e-01,-2.999999932944774628e-02,-2.999999932944774628e-02
-4.484535753726959229e-01,-1.259243339300155640e-01,3.474107980728149414e-01,4.671972617506980896e-02,5.731411278247833252e-02,-9.106510318815708160e-03,-9.972208738327026367e-01,1.390906423330307007e-01,-9.821264445781707764e-02,8.990010655463118346e-18,3.576836735010147095e-02,-5.350932106375694275e-02,4.086098924744874239e-04,2.903591990470886230e-01,2.381314933300018311e-01,-1.139832660555839539e-01,2.462170720100402832e-01,-2.250065654516220093e-01,8.569273352622985840e-01,5.000000000000000000e-01,-2.512730360031127930e-01,-1.652278602123260498e-01,4.490366578102111816e-01,1.036894768476486206e-01,7.901334017515182495e-02,2.954944670200347900e-01,7.287915796041488647e-02,-2.999999932944774628e-02
-4.458745718002319336e-01,-1.296877264976501465e-01,3.456580340862274170e-01,6.533661484718322754e-02,6.087858974933624268e-02,-3.545242361724376678e-03,-9.959981441497802734e-01,1.817714422941207886e-01,-1.091686561703681946e-01,-3.512806518892725070e-18,-4.810838960111141205e-03,-5.127359554171562195e-02,5.912149790674448013e-03,3.152997791767120361e-01,2.399943023920059204e-01,-4.875320941209793091e-02,2.665266990661621094e-01,-2.444750666618347168e-01,9.107646346092224121e-01,5.000000000000000000e-01,-3.056512475013732910e-01,-1.604563146829605103e-01,6.424062848091125488e-01,8.238774538040161133e-02,8.497557044029235840e-02,2.809481322765350342e-01,2.219485640525817871e-01,-2.999999932944774628e-02
-4.468697607517242432e-01,-1.342173516750335693e-01,3.419665694236755371e-01,7.209620624780654907e-02,6.990195065736770630e-02,1.221724203787744045e-03,-9.949443936347961426e-01,2.340185642242431641e-01,-9.004122018814086914e-02,1.424128405619475924e-17,-1.277048606425523758e-02,-6.373950093984603882e-02,1.397962681949138641e-02,3.012514710426330566e-01,2.399999946355819702e-01,3.797477856278419495e-02,2.783519029617309570e-01,-2.627004086971282959e-01,9.387320280075073242e-01,5.000000000000000000e-01,-3.392858803272247314e-01,-1.320516467094421387e-01,7.690211534500122070e-01,5.332146584987640381e-02,8.260591328144073486e-02,2.476145327091217041e-01,2.267288118600845337e-01,-2.999999932944774628e-02
-4.467773139476776123e-01,-1.387148797512054443e-01,3.403699100017547607e-01,7.532835006713867188e-02,7.140167057514190674e-02,-1.381655922159552574e-03,-9.945981502532958984e-01,2.596598565578460693e-01,-7.114668190479278564e-02,-2.538201848462587176e-18,-3.023293055593967438e-02,-7.678849995136260986e-02,1.684366725385189056e-02,2.754285931587219238e-01,2.399999946355819702e-01,1.084990575909614563e-01,2.712648808956146240e-01,-2.857505679130554199e-01,9.780401587486267090e-01,5.000000000000000000e-01,-3.262633979320526123e-01,-9.837452322244644165e-02,8.259646296501159668e-01,5.000438541173934937e-02,7.175684720277786255e-02,2.188188433647155762e-01,1.266132891178131104e-01,-2.999999932944774628e-02
-4.455899298191070557e-01,-1.433789730072021484e-01,3.402094244956970215e-01,7.255738973617553711e-02,7.086052000522613525e-02,-1.240830682218074799e-02,-9.947664141654968262e-01,2.668344676494598389e-01,-6.571957468986511230e-02,5.531110152921978690e-19,-3.977667167782783508e-02,-1.009663492441177368e-01,3.270342946052551270e-02,2.381567955017089844e-01,2.399999946355819702e-01,1.538766920566558838e-01,2.522207200527191162e-01,-3.077124059200286865e-01,1.010693192481994629e+00,5.000000000000000000e-01,-2.832394242286682129e-01,-5.127273499965667725e-02,8.248064517974853516e-01,5.153562501072883606e-02,6.407597661018371582e-02,1.966430991888046265e-01,-4.325324669480323792e-03,-2.999999932944774628e-02
-4.445798099040985107e-01,-1.480572670698165894e-01,3.406183123588562012e-01,6.177641451358795166e-02,6.977532058954238892e-02,-2.388949133455753326e-02,-9.953614473342895508e-01,2.572918832302093506e-01,-6.894439458847045898e-02,-1.485751210585083848e-17,-3.487483412027359009e-02,-1.431415230035781860e-01,8.006860315799713135e-02,1.978638470172882080e-01,2.399999946355819702e-01,1.872505992650985718e-01,2.428470700979232788e-01,-3.346647322177886963e-01,1.036730289459228516e+00,5.000000000000000000e-01,-2.375078648328781128e-01,1.103542931377887726e-02,8.343055248260498047e-01,5.570515617728233337e-02,6.988825649023056030e-02,1.787475049495697021e-01,-2.999202907085418701e-02,-2.999999932944774628e-02
-4.440799355506896973e-01,-1.535927504301071167e-01,3.408933281898498535e-01,4.774391278624534607e-02,6.910134106874465942e-02,-3.518839925527572632e-02,-9.958450198173522949e-01,2.431884557008743286e-01,-7.674230635166168213e-02,-2.619319935618059250e-18,-1.793547347187995911e-02,-1.999021470546722412e-01,1.481948792934417725e-01,1.660363525152206421e-01,2.399999946355819702e-01,2.210190445184707642e-01,2.439415603876113892e-01,-3.648762106895446777e-01,1.052608251571655273e+00,5.000000000000000000e-01,-2.118508368730545044e-01,7.278089970350265503e-02,8.498686552047729492e-01,6.124430149793624878e-02,9.278649091720581055e-02,1.610209643840789795e-01,-2.203617990016937256e-02,-2.999999932944774628e-02
-4.449201822280883789e-01,-1.609367728233337402e-01,3.401040136814117432e-01,3.311981633305549622e-02,7.026015222072601318e-02,-5.087080225348472595e-02,-9.956800341606140137e-01,2.295156568288803101e-01,-8.693391829729080200e-02,3.736557633817400227e-18,8.935338817536830902e-03,-3.032463490962982178e-01,2.693654596805572510e-01,1.500643938779830933e-01,2.399999946355819702e-01,2.537656128406524658e-01,2.471607178449630737e-01,-3.968488276004791260e-01,1.053428411483764648e+00,5.000000000000000000e-01,-2.154615670442581177e-01,1.162391155958175659e-01,8.883653283119201660e-01,7.242008298635482788e-02,1.376151889562606812e-01,1.347318142652511597e-01,1.238218601793050766e-02,-2.999999932944774628e-02
-4.483433067798614502e-01,-1.700636744499206543e-01,3.376976847648620605e-01,2.420376986265182495e-02,6.965097039937973022e-02,-6.823278963565826416e-02,-9.949408173561096191e-01,2.214545309543609619e-01,-9.165214747190475464e-02,3.292450566792273816e-18,3.273494541645050049e-02,-4.279415011405944824e-01,4.093510508537292480e-01,1.636935472488403320e-01,2.399999946355819702e-01,2.904460132122039795e-01,2.435252070426940918e-01,-4.294432401657104492e-01,1.051640152931213379e+00,5.000000000000000000e-01,-2.413103133440017700e-01,1.205656006932258606e-01,9.473658800125122070e-01,1.278145015239715576e-01,2.171837240457534790e-01,7.863809168338775635e-02,-1.390573743265122175e-04,-2.999999932944774628e-02
-4.509456157684326172e-01,-1.796784400939941406e-01,3.314175307750701904e-01,1.891190186142921448e-02,7.653751969337463379e-02,-9.657389670610427856e-02,-9.921984672546386719e-01,2.312510609626770020e-01,-9.959226846694946289e-02,-3.734538485942158286e-19,1.016973331570625305e-01,-4.622035026550292969e-01,4.510830044746398926e-01,1.848563551902770996e-01,2.399999946355819702e-01,3.195653557777404785e-01,2.272576838731765747e-01,-4.591613411903381348e-01,1.042647004127502441e+00,5.000000000000000000e-01,-2.811005115509033203e-01,1.071386784315109253e-01,9.933254122734069824e-01,1.808468848466873169e-01,3.114769756793975830e-01,-2.049137651920318604e-02,-2.751147374510765076e-02,-2.999999932944774628e-02
-4.489326179027557373e-01,-1.910581737756729126e-01,3.248046636581420898e-01,1.783052086830139160e-02,8.409634977579116821e-02,-1.394603848457336426e-01,-9.864890575408935547e-01,2.471888363361358643e-01,-1.115517765283584595e-01,-5.478098732402869375e-18,1.697335690259933472e-01,-4.246962368488311768e-01,3.250184357166290283e-01,2.038462460041046143e-01,2.399999946355819702e-01,3.256782889366149902e-01,1.963228732347488403e-01,-4.888773560523986816e-01,1.025707840919494629e+00,5.000000000000000000e-01,-3.057075738906860352e-01,8.462198078632354736e-02,1.018526554107666016e+00,2.392197996377944946e-01,4.020813405513763428e-01,-1.397013515233993530e-01,-2.999999932944774628e-02,-2.999999932944774628e-02
-4.464497566223144531e-01,-2.025013864040374756e-01,3.194246292114257812e-01,2.201391942799091339e-02,8.829900622367858887e-02,-1.879317164421081543e-01,-9.779572486877441406e-01,2.710565030574798584e-01,-1.392510086297988892e-01,1.138710231566421256e-17,2.062442451715469360e-01,-3.460403680801391602e-01,1.388633698225021362e-01,2.082676142454147339e-01,2.399999946355819702e-01,3.309726715087890625e-01,1.476428657770156860e-01,-5.087417364120483398e-01,9.890513420104980469e-01,5.000000000000000000e-01,-2.804135680198669434e-01,5.288035795092582703e-02,1.012826800346374512e+00,3.126322031021118164e-01,4.800741672515869141e-01,-2.774350345134735107e-01,-2.999999932944774628e-02,-2.999999932944774628e-02
-4.436793029308319092e-01,-2.104866802692413330e-01,3.151047825813293457e-01,4.521897993981838226e-03,9.292571991682052612e-02,-2.290392816066741943e-01,-9.689610004425048828e-01,2.568866908550262451e-01,-1.498104035854339600e-01,1.870038478225784169e-17,2.474331408739089966e-01,-2.376362383365631104e-01,8.112167567014694214e-02,1.562973260879516602e-01,2.399999946355819702e-01,3.395868837833404541e-01,1.030412837862968445e-01,-5.204769968986511230e-01,9.286803007125854492e-01,5.000000000000000000e-01,-2.348463833332061768e-01,2.886479161679744720e-02,8.807647824287414551e-01,3.489078283309936523e-01,5.235018730163574219e-01,-3.949966430664062500e-01,-2.999999932944774628e-02,-2.999999932944774628e-02
-4.377341568470001221e-01,-2.142786979675292969e-01,3.134744763374328613e-01,-1.654239930212497711e-02,9.584230929613113403e-02,-2.697151303291320801e-01,-9.580158591270446777e-01,2.299276888370513916e-01,-1.506583988666534424e-01,-1.053795426758361413e-18,2.852247059345245361e-01,-1.716694980859756470e-01,1.092371270060539246e-01,8.808861672878265381e-02,2.399999946355819702e-01,3.408373892307281494e-01,3.616737946867942810e-02,-5.296093225479125977e-01,8.349337577819824219e-01,5.000000000000000000e-01,-1.573212742805480957e-01,7.111215498298406601e-03,6.279462575912475586e-01,3.582583665847778320e-01,5.426160097122192383e-01,-4.963301718235015869e-01,-2.999999932944774628e-02,-2.999999932944774628e-02
-4.319740533828735352e-01,-2.171003073453903198e-01,3.152634799480438232e-01,-1.925844885408878326e-02,9.568972885608673096e-02,-3.108146190643310547e-01,-9.454452991485595703e-01,2.263648062944412231e-01,-1.733711510896682739e-01,6.221882995598300800e-18,2.858538329601287842e-01,-1.684808731079101562e-01,1.626253128051757812e-01,3.716413676738739014e-02,2.399999946355819702e-01,3.224633932113647461e-01,-4.324891418218612671e-02,-5.647482872009277344e-01,7.406030893325805664e-01,5.000000000000000000e-01,-5.606664717197418213e-02,2.155226282775402069e-02,4.403449594974517822e-01,3.479018211364746094e-01,5.270779132843017578e-01,-5.215319395065307617e-01,-2.999999932944774628e-02,4.207038786262273788e-03
-4.270388484001159668e-01,-2.196275442838668823e-01,3.185656368732452393e-01,-1.260143425315618515e-02,9.575744718313217163e-02,-3.441573083400726318e-01,-9.339311718940734863e-01,2.383705079555511475e-01,-2.016322910785675049e-01,-5.505791084949919636e-18,2.690746188163757324e-01,-1.711737066507339478e-01,1.922399550676345825e-01,1.229398790746927261e-02,2.399999946355819702e-01,3.158756196498870850e-01,-1.281485259532928467e-01,-6.507664322853088379e-01,6.211481094360351562e-01,5.000000000000000000e-01,8.122694678604602814e-03,2.670921385288238525e-02,4.052880406379699707e-01,2.971403598785400391e-01,4.952192902565002441e-01,-4.469501376152038574e-01,-2.999999932944774628e-02,1.100210249423980713e-01
-4.191699624061584473e-01,-2.180175632238388062e-01,3.228681385517120361e-01,-6.111077032983303070e-03,1.018581315875053406e-01,-3.643891513347625732e-01,-9.256392717361450195e-01,2.606325745582580566e-01,-1.919842809438705444e-01,-9.049303788951531922e-18,2.465715706348419189e-01,-1.504442840814590454e-01,2.040554881095886230e-01,1.111898757517337799e-02,2.399999946355819702e-01,3.314828872680664062e-01,-2.232646346092224121e-01,-7.473058700561523438e-01,4.879252612590789795e-01,5.000000000000000000e-01,1.420906186103820801e-02,1.593575999140739441e-02,3.779727816581726074e-01,2.045974135398864746e-01,4.265838563442230225e-01,-2.908972799777984619e-01,-2.999999932944774628e-02,3.187563121318817139e-01
-4.123777747154235840e-01,-2.149936854839324951e-01,3.266965448856353760e-01,-7.905805483460426331e-03,1.064798533916473389e-01,-3.732942640781402588e-01,-9.215481281280517578e-01,2.674995362758636475e-01,-1.734405606985092163e-01,2.935834393156881142e-18,2.385984659194946289e-01,-1.200414150953292847e-01,2.058346271514892578e-01,2.568843029439449310e-02,2.399999946355819702e-01,3.453017175197601318e-01,-3.139972090721130371e-01,-8.076670765876770020e-01,3.973698019981384277e-01,5.000000000000000000e-01,1.758061908185482025e-02,-1.635419018566608429e-02,3.147610723972320557e-01,1.314404457807540894e-01,3.578417897224426270e-01,-6.493458896875381470e-02,-2.999999932944774628e-02,6.073313951492309570e-01
-4.092929661273956299e-01,-2.133342623710632324e-01,3.301303684711456299e-01,-1.533335261046886444e-02,1.085671782493591309e-01,-3.760281801223754883e-01,-9.200983047485351562e-01,2.557975649833679199e-01,-1.662626117467880249e-01,1.699819928285642049e-17,2.443696856498718262e-01,-8.126504719257354736e-02,1.896262913942337036e-01,5.620147287845611572e-02,2.399999946355819702e-01,3.148006796836853027e-01,-3.738427162170410156e-01,-8.408739566802978516e-01,3.949109613895416260e-01,5.000000000000000000e-01,2.550405077636241913e-02,-5.477749556303024292e-02,2.355698347091674805e-01,8.269543945789337158e-02,2.638655006885528564e-01,2.272180169820785522e-01,-2.999999932944774628e-02,8.124032616615295410e-01
-4.073698222637176514e-01,-2.132210731506347656e-01,3.323175013065338135e-01,-2.721779979765415192e-02,1.114148274064064026e-01,-3.769420385360717773e-01,-9.191086292266845703e-01,2.360989153385162354e-01,-1.569040864706039429e-01,1.210171357301612381e-17,2.650331854820251465e-01,-3.465889766812324524e-02,1.632639169692993164e-01,7.695504277944564819e-02,2.399999946355819702e-01,2.805647552013397217e-01,-4.334864616394042969e-01,-9.297916293144226074e-01,4.072998166084289551e-01,4.809669554233551025e-01,4.320432618260383606e-02,-8.038596063852310181e-02,1.458394825458526611e-01,-2.634175494313240051e-02,1.214973852038383484e-01,5.573747754096984863e-01,-2.999999932944774628e-02,7.539410591125488281e-01
-4.048054516315460205e-01,-2.145671099424362183e-01,3.321702182292938232e-01,-3.302535414695739746e-02,1.165692135691642761e-01,-3.768354058265686035e-01,-9.183223843574523926e-01,2.381996363401412964e-01,-1.382719874382019043e-01,1.111439079387282997e-17,2.700540125370025635e-01,-1.523297280073165894e-02,1.711193174123764038e-01,9.871929883956909180e-02,2.399999946355819702e-01,2.961283028125762939e-01,-4.646589159965515137e-01,-9.807085394859313965e-01,3.546858727931976318e-01,4.881341159343719482e-01,5.174216255545616150e-02,-1.039463132619857788e-01,8.431670069694519043e-02,-9.725510329008102417e-02,-1.641039364039897919e-02,7.614296674728393555e-01,-2.999999932944774628e-02,5.560702681541442871e-01
-4.037479162216186523e-01,-2.156887352466583252e-01,3.308934271335601807e-01,-3.053499199450016022e-02,1.258695125579833984e-01,-3.829844295978546143e-01,-9.146296381950378418e-01,2.598186433315277100e-01,-1.212484985589981079e-01,1.286933718146533349e-17,2.585964798927307129e-01,-2.878989465534687042e-02,2.299496531486511230e-01,1.235324963927268982e-01,2.399999946355819702e-01,3.056954145431518555e-01,-4.647241532802581787e-01,-9.371570348739624023e-01,2.497705519199371338e-01,5.000000000000000000e-01,6.660970300436019897e-02,-1.196719855070114136e-01,3.380227461457252502e-02,-5.000190064311027527e-02,-1.037782132625579834e-01,8.079620599746704102e-01,-2.991820313036441803e-02,4.810141623020172119e-01
-4.048833250999450684e-01,-2.153736501932144165e-01,3.297081291675567627e-01,-2.140420861542224884e-02,1.361256539821624756e-01,-3.900954127311706543e-01,-9.104049801826477051e-01,2.919509112834930420e-01,-1.061495840549468994e-01,-2.354163964259797272e-17,2.369714081287384033e-01,-5.665288865566253662e-02,3.048177361488342285e-01,1.303518712520599365e-01,2.399999946355819702e-01,2.747307121753692627e-01,-4.453282058238983154e-01,-8.538662791252136230e-01,2.297769188880920410e-01,5.000000000000000000e-01,9.382991492748260498e-02,-9.508460760116577148e-02,1.010997314006090164e-02,2.339626289904117584e-02,-1.547340154647827148e-01,8.126822113990783691e-01,4.228216130286455154e-03,4.978268146514892578e-01
-4.083825647830963135e-01,-2.137198895215988159e-01,3.286508321762084961e-01,-1.449565030634403229e-02,1.362571716308593750e-01,-3.965274095535278320e-01,-9.077388644218444824e-01,2.984011471271514893e-01,-1.141197830438613892e-01,1.587067104424661357e-17,2.318595796823501587e-01,-8.907070755958557129e-02,3.485379815101623535e-01,1.368525922298431396e-01,2.399999946355819702e-01,2.007690519094467163e-01,-4.070822000503540039e-01,-7.621243000030517578e-01,2.911406159400939941e-01,5.000000000000000000e-01,1.061046570539474487e-01,-7.345785945653915405e-02,2.313585020601749420e-02,6.913714855909347534e-02,-1.361282169818878174e-01,7.543117403984069824e-01,2.953907102346420288e-02,4.287554621696472168e-01
-4.115267097949981689e-01,-2.117687612771987915e-01,3.279369175434112549e-01,-7.207146380096673965e-03,1.317276060581207275e-01,-3.977051675319671631e-01,-9.079793691635131836e-01,2.965832054615020752e-01,-1.269762814044952393e-01,3.208658742383815963e-17,2.215062230825424194e-01,-1.064422875642776489e-01,3.464933037757873535e-01,1.556905359029769897e-01,2.399999946355819702e-01,1.360978484153747559e-01,-3.430248796939849854e-01,-7.223084568977355957e-01,3.887999653816223145e-01,5.000000000000000000e-01,9.670756757259368896e-02,-6.199715659022331238e-02,6.328472495079040527e-02,1.378407776355743408e-01,-5.480249226093292236e-02,5.746047496795654297e-01,3.488921374082565308e-02,3.415845036506652832e-01
-4.133735299110412598e-01,-2.101601511240005493e-01,3.274721205234527588e-01,3.182173706591129303e-03,1.194683834910392761e-01,-3.925314843654632568e-01,-9.119409322738647461e-01,2.944580614566802979e-01,-1.535214930772781372e-01,8.886354998542873342e-18,2.049235552549362183e-01,-1.128472834825515747e-01,3.003582358360290527e-01,1.937122344970703125e-01,2.399999946355819702e-01,1.051328256726264954e-01,-2.719006240367889404e-01,-6.934139132499694824e-01,4.628154039382934570e-01,5.000000000000000000e-01,7.139331102371215820e-02,-7.376161962747573853e-02,1.302825659513473511e-01,2.589684724807739258e-01,6.226566061377525330e-02,2.940993010997772217e-01,5.463547538965940475e-03,2.881097197532653809e-01
-4.143923521041870117e-01,-2.101295888423919678e-01,3.277233541011810303e-01,1.086348108947277069e-02,9.873805195093154907e-02,-3.837523758411407471e-01,-9.180778264999389648e-01,2.813279926776885986e-01,-1.911334395408630371e-01,5.929362979678110858e-18,1.988997459411621094e-01,-1.303654313087463379e-01,2.431175410747528076e-01,2.198218852281570435e-01,2.399999946355819702e-01,1.231626868247985840e-01,-1.764469593763351440e-01,-6.378855109214782715e-01,5.208339095115661621e-01,5.000000000000000000e-01,4.664709791541099548e-02,-9.772718697786331177e-02,2.188556790351867676e-01,3.227583467960357666e-01,1.568038612604141235e-01,1.453850865364074707e-01,-2.975239604711532593e-02,9.353112429380416870e-02
-4.141196310520172119e-01,-2.094811946153640747e-01,3.282068371772766113e-01,1.612835377454757690e-02,8.075577020645141602e-02,-3.721000254154205322e-01,-9.245322942733764648e-01,2.701102793216705322e-01,-2.107408940792083740e-01,1.182224894870385830e-17,1.995517611503601074e-01,-1.453829258680343628e-01,1.943333148956298828e-01,2.349970489740371704e-01,2.399999946355819702e-01,1.635155677795410156e-01,-2.325543947517871857e-02,-5.315175652503967285e-01,5.713778734207153320e-01,5.000000000000000000e-01,6.052037701010704041e-03,-1.205947101116180420e-01,3.394626677036285400e-01,3.176521658897399902e-01,1.788477003574371338e-01,1.777778714895248413e-01,-2.999999932944774628e-02,-2.999999560415744781e-02
-4.132496714591979980e-01,-2.078415453433990479e-01,3.282290995121002197e-01,1.991113089025020599e-02,7.046483457088470459e-02,-3.630643486976623535e-01,-9.288824200630187988e-01,2.651217281818389893e-01,-2.072398066520690918e-01,-1.662835793879237687e-18,2.038348615169525146e-01,-1.470731645822525024e-01,1.557131558656692505e-01,2.353920936584472656e-01,2.399999946355819702e-01,2.017595469951629639e-01,1.640373021364212036e-01,-4.406347870826721191e-01,5.909091830253601074e-01,5.000000000000000000e-01,-6.011931225657463074e-02,-1.337794959545135498e-01,4.791904091835021973e-01,2.969328165054321289e-01,1.821681112051010132e-01,2.295356541872024536e-01,-2.999999932944774628e-02,-2.999999932944774628e-02
-4.115808308124542236e-01,-2.059816569089889526e-01,3.278355300426483154e-01,1.748799160122871399e-02,6.331796944141387939e-02,-3.645579218864440918e-01,-9.288609027862548828e-01,2.498078495264053345e-01,-2.006920278072357178e-01,-7.437744197461420437e-18,2.252338379621505737e-01,-1.349153369665145874e-01,1.174605339765548706e-01,1.978878974914550781e-01,2.399999946355819702e-01,2.453783303499221802e-01,3.045226931571960449e-01,-4.697930514812469482e-01,5.481466650962829590e-01,5.000000000000000000e-01,-1.574482619762420654e-01,-1.448887139558792114e-01,6.558567285537719727e-01,2.669969499111175537e-01,1.771053969860076904e-01,2.696243226528167725e-01,-2.999999932944774628e-02,-2.995472215116024017e-02
-4.089411497116088867e-01,-2.044670432806015015e-01,3.276134133338928223e-01,1.888081245124340057e-02,6.093321740627288818e-02,-3.725441694259643555e-01,-9.258193373680114746e-01,2.491804212331771851e-01,-1.916991919279098511e-01,5.443539126410403879e-18,2.360993325710296631e-01,-1.262092441320419312e-01,1.130705401301383972e-01,1.563903987407684326e-01,2.399999946355819702e-01,2.847840487957000732e-01,3.954882323741912842e-01,-6.283841133117675781e-01,4.894288182258605957e-01,5.000000000000000000e-01,-2.759130895137786865e-01,-1.620332002639770508e-01,8.482131958007812500e-01,2.264000922441482544e-01,1.622495651245117188e-01,3.184295594692230225e-01,-2.999999932944774628e-02,-2.136472985148429871e-02
-4.061083495616912842e-01,-2.032054364681243896e-01,3.292022645473480225e-01,2.403811179101467133e-02,5.553393810987472534e-02,-3.825763761997222900e-01,-9.219400286674499512e-01,2.489915341138839722e-01,-2.004165202379226685e-01,-1.337427717868914094e-17,2.305859476327896118e-01,-1.329105049371719360e-01,1.108996793627738953e-01,1.232674270868301392e-01,2.399999946355819702e-01,3.045842051506042480e-01,4.469832777976989746e-01,-7.854590415954589844e-01,4.434643089771270752e-01,5.000000000000000000e-01,-4.103778302669525146e-01,-1.676834374666213989e-01,1.038154959678649902e+00,1.911905854940414429e-01,1.447964757680892944e-01,3.802896738052368164e-01,-2.999999932944774628e-02,-7.654084358364343643e-03
-4.029668569564819336e-01,-2.019391506910324097e-01,3.326226770877838135e-01,3.305716440081596375e-02,4.691896960139274597e-02,-3.918496966361999512e-01,-9.182372689247131348e-01,2.517982423305511475e-01,-2.236154079437255859e-01,5.276064830870467684e-18,2.091689109802246094e-01,-1.435972899198532104e-01,9.324465692043304443e-02,1.016722247004508972e-01,2.399999946355819702e-01,3.198624551296234131e-01,4.499824345111846924e-01,-8.500479459762573242e-01,3.822714388370513916e-01,5.000000000000000000e-01,-5.233562588691711426e-01,-1.544367820024490356e-01,1.177234649658203125e+00,1.781137883663177490e-01,1.374947279691696167e-01,4.263117909431457520e-01,-2.999983914196491241e-02,3.044296754524111748e-03
-4.005447030067443848e-01,-2.028508931398391724e-01,3.351299166679382324e-01,3.843718394637107849e-02,3.606713190674781799e-02,-4.016025662422180176e-01,-9.142959713935852051e-01,2.469493746757507324e-01,-2.566969096660614014e-01,-8.983417198800458162e-18,1.938305199146270752e-01,-1.569742560386657715e-01,7.212137430906295776e-02,9.724205732345581055e-02,2.399999946355819702e-01,3.329452574253082275e-01,4.499999880790710449e-01,-8.060513138771057129e-01,3.274983167648315430e-01,5.000000000000000000e-01,-5.769608020782470703e-01,-1.296845823526382446e-01,1.249957323074340820e+00,1.896244585514068604e-01,1.638621538877487183e-01,4.436172842979431152e-01,-2.999999932944774628e-02,1.664515957236289978e-02
-3.993037641048431396e-01,-2.044100314378738403e-01,3.359472751617431641e-01,4.156443104147911072e-02,2.720500156283378601e-02,-4.087919890880584717e-01,-9.112746119499206543e-01,2.426759153604507446e-01,-2.788642942905426025e-01,8.848796862829903120e-18,1.830921173095703125e-01,-1.753687262535095215e-01,7.290154695510864258e-02,1.217222064733505249e-01,2.399999946355819702e-01,3.420141041278839111e-01,4.499999880790710449e-01,-7.173063755035400391e-01,2.805891633033752441e-01,5.000000000000000000e-01,-5.977619290351867676e-01,-9.796395152807235718e-02,1.235279679298400879e+00,2.343978434801101685e-01,2.332788407802581787e-01,4.111492633819580078e-01,-2.999999932944774628e-02,3.529165312647819519e-02
-3.995499610900878906e-01,-2.052316665649414062e-01,3.361251354217529297e-01,4.287925362586975098e-02,2.040228247642517090e-02,-4.172895848751068115e-01,-9.075320959091186523e-01,2.331161648035049438e-01,-3.028033077716827393e-01,2.867233409825714621e-19,1.798856109380722046e-01,-1.892312169075012207e-01,8.139757812023162842e-02,1.288629472255706787e-01,2.399999946355819702e-01,3.467836380004882812e-01,4.499999880790710449e-01,-6.364011764526367188e-01,2.327889353036880493e-01,5.000000000000000000e-01,-5.515659451484680176e-01,-6.780215352773666382e-02,1.134132504463195801e+00,2.822019457817077637e-01,2.923657298088073730e-01,3.708287775516510010e-01,-2.999999932944774628e-02,5.216950550675392151e-02
-4.004438817501068115e-01,-2.052103430032730103e-01,3.363884985446929932e-01,4.055228456854820251e-02,1.343110203742980957e-02,-4.286147058010101318e-01,-9.024769067764282227e-01,2.139636725187301636e-01,-3.249846994876861572e-01,2.062580854460415517e-18,1.880034655332565308e-01,-1.980377882719039917e-01,9.219946712255477905e-02,1.101904660463333130e-01,2.399999946355819702e-01,3.353199362754821777e-01,4.499999880790710449e-01,-5.988080501556396484e-01,1.861213594675064087e-01,5.000000000000000000e-01,-4.809800088405609131e-01,-4.138381034135818481e-02,1.044343113899230957e+00,3.030895590782165527e-01,3.244644105434417725e-01,3.674902915954589844e-01,-2.999999932944774628e-02,7.059244066476821899e-02
-4.014266133308410645e-01,-2.043694853782653809e-01,3.363140821456909180e-01,3.663322329521179199e-02,5.339651368558406830e-03,-4.420787096023559570e-01,-8.962119817733764648e-01,1.889159530401229858e-01,-3.458580970764160156e-01,-1.930303052625580021e-17,2.033035308122634888e-01,-2.055784910917282104e-01,1.049214452505111694e-01,8.689073473215103149e-02,2.399999946355819702e-01,3.085555434226989746e-01,4.499999880790710449e-01,-5.929734110832214355e-01,1.571246534585952759e-01,5.000000000000000000e-01,-4.498008489608764648e-01,-4.649199917912483215e-02,1.029861807823181152e+00,3.047224879264831543e-01,3.442446589469909668e-01,3.930855095386505127e-01,-2.999999932944774628e-02,9.466737508773803711e-02
-4.019992351531982422e-01,-2.024617791175842285e-01,3.363370001316070557e-01,3.343603014945983887e-02,-3.988503012806177139e-03,-4.552451968193054199e-01,-8.897291421890258789e-01,1.628558039665222168e-01,-3.659433722496032715e-01,6.626235348793822424e-18,2.189194858074188232e-01,-2.138904035091400146e-01,1.163221523165702820e-01,6.521710008382797241e-02,2.399999946355819702e-01,2.761690914630889893e-01,4.499999880790710449e-01,-5.776693224906921387e-01,1.469909399747848511e-01,5.000000000000000000e-01,-4.649921953678131104e-01,-7.099906355142593384e-02,1.075876712799072266e+00,3.070612549781799316e-01,3.558284938335418701e-01,4.211685359477996826e-01,-2.999999932944774628e-02,1.245810985565185547e-01
-4.020125865936279297e-01,-2.006165534257888794e-01,3.366397619247436523e-01,3.225621953606605530e-02,-1.236871536821126938e-02,-4.666737616062164307e-01,-8.837545514106750488e-01,1.424322575330734253e-01,-3.836950957775115967e-01,2.607964193373778148e-18,2.274235188961029053e-01,-2.227274924516677856e-01,1.226999759674072266e-01,4.291585087776184082e-02,2.399999946355819702e-01,2.499470263719558716e-01,4.499999880790710449e-01,-5.209797620773315430e-01,1.511464267969131470e-01,5.000000000000000000e-01,-4.922347068786621094e-01,-8.426943421363830566e-02,1.137815117835998535e+00,3.134240210056304932e-01,3.576941192150115967e-01,4.394589066505432129e-01,-2.999999932944774628e-02,1.437110751867294312e-01
-4.018702507019042969e-01,-1.992612779140472412e-01,3.370419740676879883e-01,3.361823782324790955e-02,-1.742499135434627533e-02,-4.749815165996551514e-01,-8.791807293891906738e-01,1.319856494665145874e-01,-3.970959186553955078e-01,1.130474035566261387e-18,2.267534732818603516e-01,-2.293223887681961060e-01,1.232618838548660278e-01,2.528969570994377136e-02,2.399999946355819702e-01,2.329460680484771729e-01,4.499999880790710449e-01,-4.293417632579803467e-01,1.832716017961502075e-01,5.000000000000000000e-01,-5.154160261154174805e-01,-7.972286641597747803e-02,1.188957571983337402e+00,3.190038502216339111e-01,3.543086946010589600e-01,4.459816813468933105e-01,-2.999999932944774628e-02,1.493264138698577881e-01
-4.018613398075103760e-01,-1.980899721384048462e-01,3.374667465686798096e-01,3.581813722848892212e-02,-1.910211518406867981e-02,-4.794126749038696289e-01,-8.766502737998962402e-01,1.294185817241668701e-01,-4.035944938659667969e-01,-2.078682049160852083e-17,2.233408838510513306e-01,-2.314498424530029297e-01,1.206959635019302368e-01,1.132829859852790833e-02,2.399999946355819702e-01,2.235924899578094482e-01,4.499999880790710449e-01,-3.276684284210205078e-01,2.444146126508712769e-01,5.000000000000000000e-01,-5.309337377548217773e-01,-5.738755315542221069e-02,1.218644618988037109e+00,3.212607800960540771e-01,3.446165025234222412e-01,4.428617358207702637e-01,-2.999999932944774628e-02,1.427876204252243042e-01
-4.021086394786834717e-01,-1.973593086004257202e-01,3.376678228378295898e-01,3.761013224720954895e-02,-1.705202460289001465e-02,-4.805964827537536621e-01,-8.759689927101135254e-01,1.325542777776718140e-01,-4.023357331752777100e-01,-6.199166961616369554e-18,2.202212959527969360e-01,-2.289483100175857544e-01,1.165631487965583801e-01,1.652782084420323372e-03,2.399999946355819702e-01,2.229495644569396973e-01,4.499999880790710449e-01,-2.179031074047088623e-01,3.186636567115783691e-01,5.000000000000000000e-01,-5.403645038604736328e-01,-3.473643958568572998e-02,1.230311632156372070e+00,3.219446241855621338e-01,3.308444321155548096e-01,4.287034869194030762e-01,-2.999999932944774628e-02,1.307462304830551147e-01
-4.029387533664703369e-01,-1.971849650144577026e-01,3.373698592185974121e-01,3.787186369299888611e-02,-1.065069437026977539e-02,-4.787083566188812256e-01,-8.770921230316162109e-01,1.397238224744796753e-01,-3.919430077075958252e-01,3.034868798789945518e-18,2.212872803211212158e-01,-2.201900333166122437e-01,1.125217527151107788e-01,-9.763895068317651749e-04,2.399999946355819702e-01,2.274913787841796875e-01,4.499999880790710449e-01,-9.851474314928054810e-02,4.083858728408813477e-01,5.000000000000000000e-01,-5.430136919021606445e-01,-1.064583007246255875e-02,1.222971916198730469e+00,3.192830681800842285e-01,3.161078691482543945e-01,4.049776196479797363e-01,-2.999999932944774628e-02,1.142005100846290588e-01
-4.042190909385681152e-01,-1.975672692060470581e-01,3.368846476078033447e-01,3.686457499861717224e-02,-6.836787797510623932e-04,-4.738817512989044189e-01,-8.798162341117858887e-01,1.504144370555877686e-01,-3.738674521446228027e-01,-5.487447527685943694e-18,2.249252349138259888e-01,-2.071179449558258057e-01,1.095467954874038696e-01,-6.719827651977539062e-04,2.399999946355819702e-01,2.404107451438903809e-01,4.499999880790710449e-01,1.554731512442231178e-03,5.330880284309387207e-01,5.000000000000000000e-01,-5.321068763732910156e-01,1.895340159535408020e-02,1.189620971679687500e+00,3.170422017574310303e-01,3.001372218132019043e-01,3.708522319793701172e-01,-2.999999932944774628e-02,9.703582525253295898e-02
-4.060623049736022949e-01,-1.988742947578430176e-01,3.363917171955108643e-01,3.542455658316612244e-02,1.186200510710477829e-02,-4.653650522232055664e-01,-8.843300938606262207e-01,1.652421355247497559e-01,-3.514327406883239746e-01,2.831739710126523618e-18,2.270378768444061279e-01,-1.970357149839401245e-01,1.093181744217872620e-01,6.872932892292737961e-03,2.399999946355819702e-01,2.577651143074035645e-01,4.499999880790710449e-01,5.945527181029319763e-02,6.816201806068420410e-01,5.000000000000000000e-01,-5.046804547309875488e-01,4.909839481115341187e-02,1.123615026473999023e+00,3.242740333080291748e-01,2.830967903137207031e-01,3.265465199947357178e-01,-2.999999932944774628e-02,8.687745034694671631e-02
-4.083565175533294678e-01,-2.005899697542190552e-01,3.355897367000579834e-01,3.381273150444030762e-02,2.573564089834690094e-02,-4.525866508483886719e-01,-8.907074332237243652e-01,1.830837577581405640e-01,-3.258838057518005371e-01,1.358074642266605196e-17,2.301003485918045044e-01,-1.891846060752868652e-01,1.122470796108245850e-01,2.057233452796936035e-02,2.399999946355819702e-01,2.867517769336700439e-01,4.499999880790710449e-01,8.289467543363571167e-02,8.524706363677978516e-01,5.000000000000000000e-01,-4.641349017620086670e-01,6.615819782018661499e-02,1.030999898910522461e+00,3.295919299125671387e-01,2.738549113273620605e-01,2.825723290443420410e-01,-2.999999932944774628e-02,7.649233192205429077e-02
-4.104961752891540527e-01,-2.025240212678909302e-01,3.344207108020782471e-01,3.102802112698554993e-02,3.867744654417037964e-02,-4.369927942752838135e-01,-8.980972170829772949e-01,2.003001570701599121e-01,-2.983056902885437012e-01,1.856487150481603565e-18,2.344606220722198486e-01,-1.796880066394805908e-01,1.157379075884819031e-01,4.827236011624336243e-02,2.399999946355819702e-01,3.177894055843353271e-01,4.499999880790710449e-01,7.431824505329132080e-02,1.011895775794982910e+00,5.000000000000000000e-01,-4.264451861381530762e-01,5.361475422978401184e-02,9.319836497306823730e-01,3.339225053787231445e-01,2.782253921031951904e-01,2.425026744604110718e-01,-2.999999932944774628e-02,7.024307548999786377e-02
-4.124071300029754639e-01,-2.048751264810562134e-01,3.328980207443237305e-01,2.753227390348911285e-02,5.018046125769615173e-02,-4.227125644683837891e-01,-9.044545292854309082e-01,2.146225422620773315e-01,-2.737515270709991455e-01,4.029786129932241837e-19,2.356020212173461914e-01,-1.696080565452575684e-01,1.199194565415382385e-01,8.681565523147583008e-02,2.399999946355819702e-01,3.315128386020660400e-01,4.499999880790710449e-01,5.539782345294952393e-02,1.102550148963928223e+00,5.000000000000000000e-01,-4.006578624248504639e-01,3.753133863210678101e-02,8.438999652862548828e-01,3.387349545955657959e-01,2.891935110092163086e-01,2.070462554693222046e-01,-2.999999932944774628e-02,6.553983688354492188e-02
-4.133195877075195312e-01,-2.076888382434844971e-01,3.314511179924011230e-01,2.469085529446601868e-02,5.905772745609283447e-02,-4.093064963817596436e-01,-9.101487398147583008e-01,2.281722277402877808e-01,-2.550430297851562500e-01,-1.718487244041371246e-17,2.292037904262542725e-01,-1.604287922382354736e-01,1.207021847367286682e-01,1.238564029335975647e-01,2.399999946355819702e-01,3.486237823963165283e-01,4.499689042568206787e-01,1.312457956373691559e-02,1.157144188880920410e+00,5.000000000000000000e-01,-3.844145238399505615e-01,2.042103186249732971e-02,7.809630036354064941e-01,3.442125916481018066e-01,3.027001917362213135e-01,1.761437058448791504e-01,-2.999999932944774628e-02,6.138920783996582031e-02
-4.133867621421813965e-01,-2.102221995592117310e-01,3.303874731063842773e-01,2.381386980414390564e-02,6.469762325286865234e-02,-3.976401388645172119e-01,-9.149478077888488770e-01,2.414289712905883789e-01,-2.430210560560226440e-01,1.211729641498570402e-18,2.166351377964019775e-01,-1.528526246547698975e-01,1.201361790299415588e-01,1.532861143350601196e-01,2.399999946355819702e-01,3.685317635536193848e-01,4.008033275604248047e-01,-5.643615871667861938e-02,1.211659789085388184e+00,5.000000000000000000e-01,-3.768303692340850830e-01,6.941585335880517960e-03,7.522723078727722168e-01,3.551965355873107910e-01,3.135879635810852051e-01,1.449561119079589844e-01,-2.999999932944774628e-02,5.227753892540931702e-02
-4.130083620548248291e-01,-2.125355452299118042e-01,3.297042548656463623e-01,2.435813099145889282e-02,6.749942898750305176e-02,-3.886786699295043945e-01,-9.185746312141418457e-01,2.528477907180786133e-01,-2.379331141710281372e-01,-1.557924207955438108e-17,2.019549757242202759e-01,-1.498639583587646484e-01,1.224268078804016113e-01,1.741112172603607178e-01,2.399999946355819702e-01,3.861289620399475098e-01,3.062747120857238770e-01,-1.435566693544387817e-01,1.280048847198486328e+00,5.000000000000000000e-01,-3.710359334945678711e-01,-1.373374252580106258e-03,7.573987245559692383e-01,3.701996505260467529e-01,3.199775218963623047e-01,1.146326512098312378e-01,-2.999999932944774628e-02,3.833559900522232056e-02
-4.126439988613128662e-01,-2.148392349481582642e-01,3.289441764354705811e-01,2.491342648863792419e-02,7.066871970891952515e-02,-3.828659355640411377e-01,-9.207599759101867676e-01,2.648694217205047607e-01,-2.350469529628753662e-01,1.258713500291582374e-18,1.899236291646957397e-01,-1.488158106803894043e-01,1.305873692035675049e-01,1.833327859640121460e-01,2.399999946355819702e-01,4.023638367652893066e-01,2.106700986623764038e-01,-2.623182237148284912e-01,1.326108217239379883e+00,5.000000000000000000e-01,-3.643403649330139160e-01,-3.125329967588186264e-03,7.939193844795227051e-01,3.816343545913696289e-01,3.185390830039978027e-01,9.203754365444183350e-02,-2.999999932944774628e-02,3.252072259783744812e-02
-4.115871787071228027e-01,-2.162060588598251343e-01,3.274695873260498047e-01,2.830649167299270630e-02,8.194708079099655151e-02,-3.726059496402740479e-01,-9.239308834075927734e-01,2.983503341674804688e-01,-2.032798379659652710e-01,1.316018794690939142e-17,1.722160130739212036e-01,-1.319370567798614502e-01,1.556758582592010498e-01,1.832937151193618774e-01,2.399999946355819702e-01,4.475710093975067139e-01,1.407390087842941284e-01,-3.913136422634124756e-01,1.330605983734130859e+00,5.000000000000000000e-01,-3.627498745918273926e-01,6.973953917622566223e-03,8.642079830169677734e-01,3.945857286453247070e-01,3.044316172599792480e-01,3.664688393473625183e-02,1.009866129606962204e-02,2.087975665926933289e-02
-4.115569889545440674e-01,-2.187066674232482910e-01,3.261491060256958008e-01,2.862180210649967194e-02,8.669789135456085205e-02,-3.665013015270233154e-01,-9.259271621704101562e-01,3.130870163440704346e-01,-1.936399936676025391e-01,9.455768761431513979e-18,1.642804741859436035e-01,-1.327838599681854248e-01,1.704945415258407593e-01,1.466056108474731445e-01,2.399999946355819702e-01,4.925204217433929443e-01,3.443133085966110229e-02,-4.296135306358337402e-01,1.287007451057434082e+00,5.000000000000000000e-01,-3.240953385829925537e-01,3.083126060664653778e-02,9.431786537170410156e-01,4.081309139728546143e-01,2.733010053634643555e-01,1.581010967493057251e-02,3.087350539863109589e-02,2.224574424326419830e-02
-4.112434685230255127e-01,-2.205147296190261841e-01,3.247909247875213623e-01,2.931150607764720917e-02,9.111639112234115601e-02,-3.623687624931335449e-01,-9.271070361137390137e-01,3.269357085227966309e-01,-1.802466362714767456e-01,1.972355591478795864e-17,1.570272892713546753e-01,-1.367267221212387085e-01,1.941065937280654907e-01,9.854827076196670532e-02,2.399999946355819702e-01,5.457814335823059082e-01,-8.248348534107208252e-02,-3.603978157043457031e-01,1.193828344345092773e+00,5.000000000000000000e-01,-2.606553733348846436e-01,3.242421150207519531e-02,9.575921297073364258e-01,4.338605403900146484e-01,2.439294606447219849e-01,-1.407946646213531494e-02,-1.935951411724090576e-02,2.733554318547248840e-02
-4.111644029617309570e-01,-2.225878238677978516e-01,3.229877948760986328e-01,3.042531944811344147e-02,9.247598052024841309e-02,-3.617209196090698242e-01,-9.271895289421081543e-01,3.353363275527954102e-01,-1.751616299152374268e-01,-1.697059295709307575e-17,1.509007662534713745e-01,-1.525337249040603638e-01,2.267875224351882935e-01,3.877642378211021423e-02,2.399999946355819702e-01,5.969343781471252441e-01,-1.714414656162261963e-01,-1.903877854347229004e-01,1.113660812377929688e+00,5.000000000000000000e-01,-1.743684858083724976e-01,1.188585162162780762e-02,9.488180875778198242e-01,4.804302453994750977e-01,2.200019508600234985e-01,-4.488905519247055054e-02,-2.999999932944774628e-02,4.518704116344451904e-02
-4.110511839389801025e-01,-2.232527285814285278e-01,3.223819434642791748e-01,2.682683244347572327e-02,9.013532102108001709e-02,-3.721614181995391846e-01,-9.233914613723754883e-01,3.214303255081176758e-01,-1.879283934831619263e-01,-3.275023732442159767e-18,1.600524038076400757e-01,-1.667767167091369629e-01,2.482240349054336548e-01,-4.688427783548831940e-03,2.399999946355819702e-01,5.903009772300720215e-01,-2.057163417339324951e-01,-6.589739769697189331e-02,1.124877929687500000e+00,5.000000000000000000e-01,-1.259698569774627686e-01,-4.689441993832588196e-03,8.330204486846923828e-01,4.962658584117889404e-01,2.054511755704879761e-01,-4.154499620199203491e-02,-2.999999932944774628e-02,7.177943736314773560e-02
-4.089249670505523682e-01,-2.244357764720916748e-01,3.221006095409393311e-01,1.813920587301254272e-02,8.894635736942291260e-02,-3.835084140300750732e-01,-9.190651774406433105e-01,3.046236634254455566e-01,-1.933077722787857056e-01,4.346088829234250154e-18,1.786175370216369629e-01,-1.666669696569442749e-01,2.606458067893981934e-01,-5.206302553415298462e-02,2.399999946355819702e-01,5.947862863540649414e-01,-1.711762100458145142e-01,-7.240935415029525757e-02,1.164441227912902832e+00,4.973296523094177246e-01,-8.010505884885787964e-02,8.345523849129676819e-03,7.544525861740112305e-01,4.768246114253997803e-01,1.910469532012939453e-01,-3.955369349569082260e-03,-2.999999932944774628e-02,1.149320974946022034e-01
-4.050116539001464844e-01,-2.227445542812347412e-01,3.235976994037628174e-01,1.190709229558706284e-02,8.806131780147552490e-02,-3.940092027187347412e-01,-9.148006439208984375e-01,2.940803170204162598e-01,-1.887946873903274536e-01,1.204476921887705455e-18,1.940778195858001709e-01,-1.556414663791656494e-01,2.673945724964141846e-01,-8.786989748477935791e-02,2.399999946355819702e-01,6.009016036987304688e-01,-8.443196862936019897e-02,-1.869508624076843262e-01,1.181903719902038574e+00,4.547746479511260986e-01,-9.657168388366699219e-02,3.788689896464347839e-02,7.923403978347778320e-01,4.282795786857604980e-01,1.766884922981262207e-01,7.276098430156707764e-02,-2.999999932944774628e-02,1.805296391248703003e-01
-3.997827172279357910e-01,-2.183473110198974609e-01,3.254599273204803467e-01,1.127865165472030640e-02,9.030253440141677856e-02,-4.011080563068389893e-01,-9.114990830421447754e-01,3.004255890846252441e-01,-1.692513376474380493e-01,-4.114539469084731329e-18,2.004262357950210571e-01,-1.303819864988327026e-01,2.680317163467407227e-01,-1.148871928453445435e-01,2.399999946355819702e-01,6.198072433471679688e-01,2.243661135435104370e-02,-3.393673598766326904e-01,1.137409210205078125e+00,3.957589268684387207e-01,-1.196519136428833008e-01,6.768235564231872559e-02,8.254791498184204102e-01,3.394173383712768555e-01,1.590586751699447632e-01,2.071618586778640747e-01,-2.999999932944774628e-02,2.741155922412872314e-01
-3.946944475173950195e-01,-2.134225815534591675e-01,3.276507258415222168e-01,1.088304910808801651e-02,8.615215867757797241e-02,-4.073763489723205566e-01,-9.091225862503051758e-01,2.983086407184600830e-01,-1.640839129686355591e-01,6.450916899505045867e-18,2.113119959831237793e-01,-1.148092523217201233e-01,2.496724873781204224e-01,-1.423547565937042236e-01,2.399999946355819702e-01,6.436616778373718262e-01,9.012214839458465576e-02,-4.410512745380401611e-01,1.027294039726257324e+00,3.404026627540588379e-01,-1.339101344347000122e-01,8.046402782201766968e-02,8.679515719413757324e-01,2.646906673908233643e-01,1.658570617437362671e-01,3.371803760528564453e-01,-2.999999932944774628e-02,3.924342393875122070e-01
-3.900583982467651367e-01,-2.078531682491302490e-01,3.291355669498443604e-01,1.022322010248899460e-02,8.346807211637496948e-02,-4.138888120651245117e-01,-9.064351320266723633e-01,2.980996668338775635e-01,-1.480744779109954834e-01,-1.321129199233353002e-17,2.219702005386352539e-01,-9.401626884937286377e-02,2.327053099870681763e-01,-1.620568782091140747e-01,2.399999946355819702e-01,6.537882089614868164e-01,1.028141081333160400e-01,-4.584110081195831299e-01,8.383087515830993652e-01,3.048667609691619873e-01,-1.528553366661071777e-01,8.574274927377700806e-02,9.120703935623168945e-01,1.830460876226425171e-01,1.842508018016815186e-01,4.825191497802734375e-01,-2.999999932944774628e-02,5.643748641014099121e-01
-3.876687288284301758e-01,-2.039830386638641357e-01,3.299814760684967041e-01,1.025489810854196548e-02,7.683944702148437500e-02,-4.220079779624938965e-01,-9.032717347145080566e-01,2.916855216026306152e-01,-1.449002325534820557e-01,2.499425813374724504e-17,2.280631512403488159e-01,-8.574309945106506348e-02,2.196733206510543823e-01,-1.492032855749130249e-01,2.399999946355819702e-01,5.892879962921142578e-01,8.054157346487045288e-02,-3.804142177104949951e-01,6.442147493362426758e-01,3.043262362480163574e-01,-1.827433407306671143e-01,7.771106064319610596e-02,9.364060163497924805e-01,1.563114523887634277e-01,2.127930372953414917e-01,6.390453577041625977e-01,-2.999999932944774628e-02,7.578471302986145020e-01
-3.856852650642395020e-01,-2.030445933341979980e-01,3.297978341579437256e-01,9.366174228489398956e-03,6.725348532199859619e-02,-4.291125535964965820e-01,-9.006950855255126953e-01,2.832030355930328369e-01,-1.527804583311080933e-01,-6.512310244568731581e-18,2.343012243509292603e-01,-9.344705939292907715e-02,2.157148122787475586e-01,-1.246077343821525574e-01,2.399999946355819702e-01,5.093029141426086426e-01,5.260271951556205750e-02,-1.925106793642044067e-01,4.469051361083984375e-01,3.119938075542449951e-01,-2.158802300691604614e-01,6.164924427866935730e-02,9.553887844085693359e-01,2.056693434715270996e-01,2.783924639225006104e-01,7.846392393112182617e-01,-2.999999932944774628e-02,7.940979599952697754e-01
-3.807928860187530518e-01,-2.026862949132919312e-01,3.287079334259033203e-01,7.518124300986528397e-03,5.453188344836235046e-02,-4.352624416351318359e-01,-8.986191153526306152e-01,2.764304578304290771e-01,-1.631989479064941406e-01,-8.739146628010486324e-18,2.446205019950866699e-01,-1.077238544821739197e-01,2.206581085920333862e-01,-9.641112387180328369e-02,2.399999946355819702e-01,4.640756845474243164e-01,4.097813740372657776e-02,5.741699784994125366e-02,2.725373506546020508e-01,2.677282989025115967e-01,-2.476389706134796143e-01,3.269126638770103455e-02,9.784504771232604980e-01,3.308142423629760742e-01,3.836788535118103027e-01,8.593612313270568848e-01,-2.999999932944774628e-02,6.739968061447143555e-01
-3.725028634071350098e-01,-1.997300237417221069e-01,3.276549577713012695e-01,8.681788109242916107e-03,4.207475110888481140e-02,-4.419935345649719238e-01,-8.959888815879821777e-01,2.788036763668060303e-01,-1.681586951017379761e-01,-4.339286923057226607e-18,2.499773055315017700e-01,-1.134221106767654419e-01,2.292073071002960205e-01,-8.159556984901428223e-02,2.399999946355819702e-01,4.549896121025085449e-01,5.754222348332405090e-02,2.779785096645355225e-01,8.133224397897720337e-02,1.479609012603759766e-01,-2.764594554901123047e-01,2.095527201890945435e-02,1.002094626426696777e+00,4.778979718685150146e-01,5.097222924232482910e-01,8.760586977005004883e-01,-2.999999932944774628e-02,4.556902348995208740e-01
-3.620739281177520752e-01,-1.927094757556915283e-01,3.297556340694427490e-01,1.477705501019954681e-02,4.137377440929412842e-02,-4.525756835937500000e-01,-8.906430602073669434e-01,3.019406795501708984e-01,-1.543695330619812012e-01,6.997057935859507072e-18,2.327276468276977539e-01,-9.398809075355529785e-02,2.322200536727905273e-01,-8.399804681539535522e-02,2.399999946355819702e-01,4.499173462390899658e-01,8.737158030271530151e-02,4.034372568130493164e-01,-1.709391772747039795e-01,3.461374714970588684e-02,-2.946706712245941162e-01,6.269284337759017944e-02,9.955029487609863281e-01,5.193719863891601562e-01,5.761351585388183594e-01,8.823594450950622559e-01,-2.999999932944774628e-02,3.106133043766021729e-01
-3.502443134784698486e-01,-1.853074580430984497e-01,3.324778079986572266e-01,1.814364083111286163e-02,5.115859583020210266e-02,-4.652292430400848389e-01,-8.835244178771972656e-01,3.416240513324737549e-01,-1.287350654602050781e-01,5.974034041478424564e-18,2.122414857149124146e-01,-4.012923687696456909e-02,2.015168070793151855e-01,-6.847973912954330444e-02,2.399999946355819702e-01,4.080576002597808838e-01,1.202337145805358887e-01,4.040962457656860352e-01,-4.602352082729339600e-01,3.582445532083511353e-02,-2.679998874664306641e-01,1.289140433073043823e-01,8.691763281822204590e-01,4.549036324024200439e-01,5.773615241050720215e-01,9.011662006378173828e-01,-2.999999932944774628e-02,2.670441567897796631e-01
-3.383099734783172607e-01,-1.774495393037796021e-01,3.352830410003662109e-01,1.536643691360950470e-02,6.730977445840835571e-02,-4.687787890434265137e-01,-8.806132674217224121e-01,3.922263383865356445e-01,-7.805684208869934082e-02,-3.943031427287680294e-19,1.989789456129074097e-01,2.317805215716362000e-02,1.724286377429962158e-01,-2.010473236441612244e-02,2.399999946355819702e-01,3.463499844074249268e-01,1.533762663602828979e-01,3.534137010574340820e-01,-6.477780938148498535e-01,1.209185495972633362e-01,-2.587961554527282715e-01,1.574044227600097656e-01,6.955212950706481934e-01,3.559040129184722900e-01,5.058212280273437500e-01,7.882172465324401855e-01,-2.999999932944774628e-02,2.402840703725814819e-01
-3.262370526790618896e-01,-1.692772060632705688e-01,3.364237844944000244e-01,2.103921025991439819e-03,8.589353412389755249e-02,-4.676250815391540527e-01,-8.797412514686584473e-01,4.375919401645660400e-01,-1.741481013596057892e-02,5.752981189711897384e-19,2.171570956707000732e-01,1.256257742643356323e-01,1.362058222293853760e-01,5.680580809712409973e-02,2.399999946355819702e-01,2.348935902118682861e-01,1.945529878139495850e-01,3.213920593261718750e-01,-6.945624947547912598e-01,2.441155910491943359e-01,-2.550016641616821289e-01,1.412570029497146606e-01,4.656808078289031982e-01,2.629549801349639893e-01,4.065499901771545410e-01,6.226446628570556641e-01,-2.999999932944774628e-02,2.458962053060531616e-01
-3.154951333999633789e-01,-1.596789658069610596e-01,3.362086415290832520e-01,-1.209660712629556656e-02,1.003393307328224182e-01,-4.652775228023529053e-01,-8.793762326240539551e-01,4.566198289394378662e-01,3.431865572929382324e-02,3.013912798356373977e-18,2.582431435585021973e-01,2.353099733591079712e-01,1.111654788255691528e-01,1.522078663110733032e-01,2.399999946355819702e-01,5.733140185475349426e-02,2.078106850385665894e-01,3.204846382141113281e-01,-6.114482879638671875e-01,3.698579967021942139e-01,-2.666262984275817871e-01,8.589456975460052490e-02,2.451492697000503540e-01,2.120108455419540405e-01,3.267679512500762939e-01,4.236236214637756348e-01,-2.999999932944774628e-02,2.363851368427276611e-01
-3.077810108661651611e-01,-1.491359025239944458e-01,3.352584838867187500e-01,-2.083086222410202026e-02,1.087304130196571350e-01,-4.658615589141845703e-01,-8.779047727584838867e-01,4.208136498928070068e-01,4.539252817630767822e-02,3.329797618789598346e-05,3.122992515563964844e-01,3.120356798171997070e-01,1.154419183731079102e-01,2.579711377620697021e-01,2.399999946355819702e-01,-1.535863429307937622e-01,1.723566055297851562e-01,3.084809184074401855e-01,-4.418933093547821045e-01,4.510442018508911133e-01,-2.994719445705413818e-01,1.706516253761947155e-03,1.170747950673103333e-01,2.197796553373336792e-01,3.018400073051452637e-01,2.094447612762451172e-01,-2.999999932944774628e-02,7.734490931034088135e-02
-3.006195724010467529e-01,-1.363203078508377075e-01,3.338547945022583008e-01,-2.157824486494064331e-02,1.074633598327636719e-01,-4.570912122726440430e-01,-8.826401233673095703e-01,3.128986060619354248e-01,-2.592081949114799500e-02,2.768504688788019216e-17,3.421421647071838379e-01,3.147966861724853516e-01,1.709506809711456299e-01,3.527454733848571777e-01,2.399999946355819702e-01,-2.762178480625152588e-01,1.005078554153442383e-01,2.886072099208831787e-01,-2.810837924480438232e-01,4.956128597259521484e-01,-3.352836072444915771e-01,-6.900223344564437866e-02,7.997173070907592773e-02,2.428399324417114258e-01,3.107105791568756104e-01,1.721504628658294678e-01,-2.999999932944774628e-02,-2.999999932944774628e-02
-2.932995259761810303e-01,-1.194601356983184814e-01,3.328776657581329346e-01,-1.241868175566196442e-02,9.152486920356750488e-02,-4.098060727119445801e-01,-9.074844121932983398e-01,2.506336569786071777e-01,-1.437217593193054199e-01,4.402109000944693512e-15,3.393077552318572998e-01,1.083337068557739258e-01,4.106483459472656250e-01,3.661963939666748047e-01,2.399999946355819702e-01,-3.062894940376281738e-01,4.170619323849678040e-02,2.172985821962356567e-01,-1.419525742530822754e-01,4.968312382698059082e-01,-3.553039729595184326e-01,-2.985806390643119812e-02,1.594819873571395874e-01,2.684124559164047241e-02,2.144621163606643677e-01,4.570805728435516357e-01,7.032439112663269043e-02,-2.999999932944774628e-02
-2.850997149944305420e-01,-1.069110259413719177e-01,3.245235085487365723e-01,-2.313746511936187744e-02,9.026516228914260864e-02,-3.574018478393554688e-01,-9.292904734611511230e-01,2.917863130569458008e-01,-6.528910994529724121e-02,1.783091207934620282e-17,3.753035664558410645e-01,-1.745828092098236084e-01,8.184906244277954102e-01,3.518042862415313721e-01,2.399999946355819702e-01,-2.954473495483398438e-01,6.919357180595397949e-02,1.717433482408523560e-01,-5.262986198067665100e-02,4.141246080398559570e-01,-4.441884160041809082e-01,1.361816003918647766e-02,5.596764683723449707e-01,-2.239868640899658203e-01,1.665965616703033447e-01,6.951806545257568359e-01,5.147196054458618164e-01,-2.999999932944774628e-02
-2.729509770870208740e-01,-1.017540991306304932e-01,3.048023283481597900e-01,-4.264122620224952698e-02,9.154482185840606689e-02,-3.174733519554138184e-01,-9.428743124008178711e-01,3.447929620742797852e-01,1.016795411705970764e-01,-1.507246222585310256e-18,3.256885111331939697e-01,-3.700971305370330811e-01,9.305128455162048340e-01,3.084365725517272949e-01,2.399999946355819702e-01,-2.509357333183288574e-01,1.092423200607299805e-01,1.554015427827835083e-01,1.797194406390190125e-02,2.753693461418151855e-01,-4.215543568134307861e-01,6.869243830442428589e-02,9.462642073631286621e-01,-4.256092905998229980e-01,9.765794128179550171e-02,8.724202513694763184e-01,1.490000009536743164e+00,-2.999999932944774628e-02
-2.621421813964843750e-01,-1.073908209800720215e-01,2.893192470073699951e-01,-5.337620526552200317e-02,1.043522208929061890e-01,-2.999069988727569580e-01,-9.467403888702392578e-01,4.252290129661560059e-01,2.332427352666854858e-01,1.236410171259194613e-04,1.552156805992126465e-01,-4.264775514602661133e-01,6.978271603584289551e-01,2.832764983177185059e-01,2.399999946355819702e-01,-2.651233673095703125e-01,1.586123704910278320e-01,9.775675833225250244e-02,1.081181839108467102e-01,1.883898526430130005e-01,-3.783100247383117676e-01,1.575398743152618408e-01,1.359185099601745605e+00,-5.429354906082153320e-01,5.606246180832386017e-03,9.381581544876098633e-01,1.489996314048767090e+00,-2.999999932944774628e-02
-2.523613274097442627e-01,-1.065655052661895752e-01,2.802672982215881348e-01,-5.687962472438812256e-02,1.131227016448974609e-01,-2.895965576171875000e-01,-9.487369656562805176e-01,5.030803680419921875e-01,3.434469699859619141e-01,4.490729887038469315e-03,1.057791262865066528e-01,-3.955379128456115723e-01,6.671672463417053223e-01,2.375682741403579712e-01,2.399999946355819702e-01,-2.530422210693359375e-01,1.776696294546127319e-01,5.505432188510894775e-02,1.052140295505523682e-01,2.684532999992370605e-01,-4.176009595394134521e-01,2.259362339973449707e-01,1.449711561203002930e+00,-5.573321580886840820e-01,-1.112206801772117615e-01,8.278841376304626465e-01,2.189418971538543701e-01,-2.999999932944774628e-02
-2.241305112838745117e-01,-9.619213640689849854e-02,2.791276574134826660e-01,-6.957659125328063965e-02,1.208968609571456909e-01,-2.718290388584136963e-01,-9.521827697753906250e-01,5.774860382080078125e-01,4.852648377418518066e-01,4.887502174824476242e-03,1.380393505096435547e-01,-2.111487835645675659e-01,7.186346650123596191e-01,1.506658196449279785e-01,2.399999946355819702e-01,-2.142695635557174683e-01,1.525980979204177856e-01,4.148298129439353943e-02,4.594442993402481079e-02,4.499342441558837891e-01,-2.076548784971237183e-01,4.856549948453903198e-02,1.291983366012573242e+00,-4.604332745075225830e-01,-1.800000071525573730e-01,4.304914772510528564e-01,-2.999657765030860901e-02,-2.999999932944774628e-02
-1.833873242139816284e-01,-8.590362966060638428e-02,2.806640267372131348e-01,-9.635487943887710571e-02,1.154595240950584412e-01,-2.454110980033874512e-01,-9.576838016510009766e-01,6.448825597763061523e-01,5.760712623596191406e-01,1.001571421511471272e-03,1.966136544942855835e-01,-8.168618194758892059e-03,6.226398944854736328e-01,5.987457931041717529e-02,2.399999946355819702e-01,-1.329149007797241211e-01,1.707250922918319702e-01,1.331701874732971191e-01,-4.166482482105493546e-03,5.000000000000000000e-01,-3.364288480952382088e-03,-1.285656243562698364e-01,1.045622229576110840e+00,-3.350577652454376221e-01,-1.800000071525573730e-01,-4.336195811629295349e-02,-2.970817871391773224e-02,6.290546152740716934e-03
-1.372074931859970093e-01,-7.491733133792877197e-02,2.910228967666625977e-01,-9.911328554153442383e-02,1.024685576558113098e-01,-2.217436730861663818e-01,-9.646276235580444336e-01,7.021431922912597656e-01,5.957066416740417480e-01,-2.468465766535844763e-18,1.876223683357238770e-01,1.465868204832077026e-01,5.107389092445373535e-01,1.527358964085578918e-02,2.399999946355819702e-01,-1.236673668026924133e-01,1.781727820634841919e-01,1.808448433876037598e-01,2.035543322563171387e-02,5.000000000000000000e-01,1.132096424698829651e-01,-1.274893432855606079e-01,6.701460480690002441e-01,-2.641378343105316162e-01,-1.800000071525573730e-01,-6.115881260484457016e-03,-2.792558260262012482e-02,7.082191109657287598e-01
-9.047136455774307251e-02,-6.300810724496841431e-02,3.010559678077697754e-01,-7.932092249393463135e-02,7.670766860246658325e-02,-1.984780132770538330e-01,-9.738740324974060059e-01,7.192180752754211426e-01,6.074136495590209961e-01,-1.227797418102259826e-17,1.385297626256942749e-01,3.184697628021240234e-01,4.161038994789123535e-01,-3.776060044765472412e-02,2.399999946355819702e-01,-1.055175811052322388e-01,1.370863467454910278e-01,1.739340722560882568e-01,6.473528593778610229e-02,5.000000000000000000e-01,5.225949361920356750e-02,-7.039551157504320145e-03,5.624842643737792969e-01,-2.840150296688079834e-01,-1.800000071525573730e-01,4.708120524883270264e-01,-2.999997325241565704e-02,1.489818334579467773e+00
-5.024263262748718262e-02,-5.835028737783432007e-02,3.147425055503845215e-01,-6.975493580102920532e-02,6.189960986375808716e-02,-1.823672056198120117e-01,-9.787976741790771484e-01,6.883724927902221680e-01,5.554038286209106445e-01,-8.576511339053985341e-18,1.433359533548355103e-01,4.397646486759185791e-01,1.947608888149261475e-01,-1.333571672439575195e-01,2.399999946355819702e-01,-5.495022982358932495e-02,1.295327246189117432e-01,2.157650291919708252e-01,6.923414021730422974e-02,5.000000000000000000e-01,-1.128726080060005188e-01,1.573890596628189087e-01,7.282975316047668457e-01,-4.413802921772003174e-01,-1.794842630624771118e-01,1.107725381851196289e+00,-2.999999932944774628e-02,1.490000009536743164e+00
-1.921165734529495239e-02,-5.678910762071609497e-02,3.287225067615509033e-01,-5.671903491020202637e-02,4.682408645749092102e-02,-1.819779127836227417e-01,-9.805480837821960449e-01,5.765939950942993164e-01,4.821929931640625000e-01,7.356118294410407543e-04,1.761111468076705933e-01,4.754590988159179688e-01,4.587251693010330200e-02,-1.609028726816177368e-01,2.399999946355819702e-01,-7.937428355216979980e-02,1.390564590692520142e-01,3.171234428882598877e-01,6.036798283457756042e-02,4.661409258842468262e-01,-2.208750993013381958e-01,2.797760069370269775e-01,7.913712859153747559e-01,-3.204543888568878174e-01,7.971148006618022919e-04,1.435054779052734375e+00,-2.999999932944774628e-02,1.053164839744567871e+00
1.244137529283761978e-02,-5.291255563497543335e-02,3.386168777942657471e-01,-4.120610654354095459e-02,3.928432986140251160e-02,-1.851924359798431396e-01,-9.810517430305480957e-01,4.148059785366058350e-01,3.103764653205871582e-01,1.231993138790130615e-01,2.257258892059326172e-01,4.373195469379425049e-01,2.141455933451652527e-02,-1.041958183050155640e-01,2.399999946355819702e-01,-1.431121230125427246e-01,1.439080983400344849e-01,4.099957048892974854e-01,3.930966183543205261e-02,3.831510245800018311e-01,-2.891678214073181152e-01,3.059376776218414307e-01,7.242074012756347656e-01,1.039038877934217453e-02,2.577643692493438721e-01,1.196192026138305664e+00,-2.999999932944774628e-02,5.917550921440124512e-01
4.899884760379791260e-02,-4.367424547672271729e-02,3.445674180984497070e-01,-1.633901335299015045e-02,2.997110970318317413e-02,-1.728355288505554199e-01,-9.843590259552001953e-01,1.994824409484863281e-01,9.242224693298339844e-02,7.936017215251922607e-02,2.813111841678619385e-01,3.422681093215942383e-01,5.163314566016197205e-02,1.564034633338451385e-02,2.399999946355819702e-01,-1.459906697273254395e-01,1.009666994214057922e-01,4.976629912853240967e-01,2.831502817571163177e-02,3.212153315544128418e-01,-3.169242441654205322e-01,2.580972015857696533e-01,5.808160305023193359e-01,3.241296112537384033e-01,3.950248658657073975e-01,7.206755876541137695e-01,-2.999999932944774628e-02,2.966820597648620605e-01
8.960395306348800659e-02,-3.591825440526008606e-02,3.465461134910583496e-01,1.201414782553911209e-02,7.167815230786800385e-03,-1.063375100493431091e-01,-9.942317008972167969e-01,5.093043670058250427e-02,-1.885252147912979126e-01,3.943878691643476486e-04,2.678941786289215088e-01,7.054937072098255157e-03,3.373216092586517334e-01,1.017213240265846252e-01,2.399999946355819702e-01,6.319932639598846436e-02,2.134311385452747345e-02,5.044171214103698730e-01,3.329971805214881897e-02,3.138170540332794189e-01,-2.736050486564636230e-01,2.376254945993423462e-01,3.747694790363311768e-01,4.185303151607513428e-01,4.667702317237854004e-01,3.812614381313323975e-01,-2.999999932944774628e-02,1.153598129749298096e-01
1.291877627372741699e-01,-2.942499890923500061e-02,3.386641144752502441e-01,2.144757658243179321e-02,-2.214354230090975761e-03,-2.867132716346532106e-04,-9.997674822807312012e-01,5.875978618860244751e-02,-4.125880300998687744e-01,-1.527762059535427017e-17,1.945354789495468140e-01,-3.532938361167907715e-01,6.358796954154968262e-01,1.693258285522460938e-01,2.399999946355819702e-01,2.538742125034332275e-01,-3.434993326663970947e-02,4.695017039775848389e-01,1.370081901550292969e-01,3.528047204017639160e-01,-2.574492394924163818e-01,2.092143148183822632e-01,1.873543113470077515e-01,3.384558558464050293e-01,4.766392707824707031e-01,2.971427440643310547e-01,-9.310441091656684875e-03,-2.999999932944774628e-02
1.645973771810531616e-01,-2.300221100449562073e-02,3.213111162185668945e-01,6.431482033804059029e-04,2.133149094879627228e-02,7.221041619777679443e-02,-9.971610903739929199e-01,1.006188988685607910e-01,-3.764947652816772461e-01,-2.729423051822848828e-17,1.538170576095581055e-01,-5.798981785774230957e-01,6.559149026870727539e-01,1.964366883039474487e-01,2.397120893001556396e-01,2.469286173582077026e-01,-2.143160207197070122e-03,3.895424604415893555e-01,3.097878396511077881e-01,3.784750401973724365e-01,-3.770142197608947754e-01,1.418205350637435913e-01,4.450958371162414551e-01,1.376844495534896851e-01,4.260869324207305908e-01,4.568268954753875732e-01,6.488719582557678223e-01,-2.999999932944774628e-02
2.015522867441177368e-01,-2.733173221349716187e-02,3.043355941772460938e-01,-2.168903499841690063e-02,4.550247266888618469e-02,7.344416528940200806e-02,-9.960246086120605469e-01,1.194386482238769531e-01,-1.435356140136718750e-01,-2.358792784249582759e-18,1.015868782997131348e-01,-6.170511841773986816e-01,3.325060904026031494e-01,1.475149244070053101e-01,2.167917191982269287e-01,1.614479571580886841e-01,2.643254213035106659e-02,2.771449685096740723e-01,4.053702652454376221e-01,4.223038554191589355e-01,-4.315227866172790527e-01,9.832680225372314453e-02,9.605925679206848145e-01,-9.019558876752853394e-02,3.225761950016021729e-01,5.722241997718811035e-01,1.490000009536743164e+00,-2.999999932944774628e-02
2.289851307868957520e-01,-3.401549533009529114e-02,2.928747236728668213e-01,-1.848331280052661896e-02,1.018524989485740662e-01,3.818973153829574585e-02,-9.938943386077880859e-01,1.865990757942199707e-01,1.423257887363433838e-01,7.134809857234358788e-04,1.450254470109939575e-01,-4.456206262111663818e-01,7.228197157382965088e-02,1.066143289208412170e-01,2.272054105997085571e-01,6.694187968969345093e-02,7.847882807254791260e-02,1.443646401166915894e-01,4.163405895233154297e-01,4.999999701976776123e-01,-4.399022161960601807e-01,4.105890169739723206e-02,1.510806441307067871e+00,-2.449706345796585083e-01,2.198518514633178711e-01,4.752842783927917480e-01,1.489996314048767090e+00,-2.999999932944774628e-02
2.725472748279571533e-01,-3.298502787947654724e-02,2.944604456424713135e-01,-2.126867882907390594e-02,1.406539976596832275e-01,1.098591089248657227e-02,-9.897693991661071777e-01,2.487288564443588257e-01,3.358400464057922363e-01,1.131547614932060242e-01,2.484264224767684937e-01,-2.089729905128479004e-01,2.503161430358886719e-01,6.757763028144836426e-02,2.167458236217498779e-01,6.024709343910217285e-02,1.589151620864868164e-01,7.098437100648880005e-02,3.488908410072326660e-01,5.000000000000000000e-01,-5.510107874870300293e-01,-1.540692299604415894e-01,1.683974266052246094e+00,-2.847405076026916504e-01,1.738581359386444092e-01,1.485728025436401367e-01,1.490000009536743164e+00,-2.999999932944774628e-02
3.300970792770385742e-01,-3.534008190035820007e-02,3.053027093410491943e-01,-2.801038138568401337e-02,1.394910812377929688e-01,5.463616922497749329e-03,-9.898120164871215820e-01,2.814081013202667236e-01,4.587894082069396973e-01,1.923764646053314209e-01,3.005710542201995850e-01,-7.179697975516319275e-03,3.722835183143615723e-01,1.003943830728530884e-01,1.642504185438156128e-01,6.161870807409286499e-02,2.045962214469909668e-01,3.783979639410972595e-02,3.262858986854553223e-01,5.000000000000000000e-01,-6.366099715232849121e-01,-1.542543172836303711e-01,1.635628104209899902e+00,-2.627672553062438965e-01,1.959198117256164551e-01,-2.295383810997009277e-01,1.490000009536743164e+00,1.153343096375465393e-01
3.850404620170593262e-01,-4.603844508528709412e-02,3.196607232093811035e-01,-3.038550168275833130e-02,1.103286221623420715e-01,2.016504667699337006e-02,-9.932258725166320801e-01,2.890236377716064453e-01,4.857769906520843506e-01,1.707684993743896484e-01,2.988274693489074707e-01,7.067219167947769165e-02,4.193390607833862305e-01,1.634545922279357910e-01,1.152558922767639160e-01,1.857002973556518555e-01,2.131712287664413452e-01,4.894639179110527039e-02,2.994630932807922363e-01,5.000000000000000000e-01,-5.598713755607604980e-01,-1.768159796483814716e-03,1.562685251235961914e+00,-1.949618905782699585e-01,2.100743055343627930e-01,-5.184916406869888306e-02,1.490000009536743164e+00,8.740926384925842285e-01
4.248295128345489502e-01,-5.572009459137916565e-02,3.326885402202606201e-01,-1.478606276214122772e-02,7.780023664236068726e-02,6.072004884481430054e-02,-9.950083494186401367e-01,2.959123849868774414e-01,4.289233088493347168e-01,4.795945808291435242e-02,2.638265788555145264e-01,1.107311174273490906e-01,3.333292305469512939e-01,1.498889029026031494e-01,1.086232885718345642e-01,3.806061744689941406e-01,1.776615232229232788e-01,8.953386917710304260e-03,2.580562531948089600e-01,5.000000000000000000e-01,-2.459892332553863525e-01,2.953544855117797852e-01,1.391843557357788086e+00,-2.146130800247192383e-01,1.454460471868515015e-01,7.866126894950866699e-01,1.490000009536743164e+00,1.241347789764404297e+00
4.519148766994476318e-01,-5.862275138497352600e-02,3.392407000064849854e-01,2.162408269941806793e-02,2.965418435633182526e-02,1.065842658281326294e-01,-9.936261177062988281e-01,3.479464948177337646e-01,2.559722363948822021e-01,-3.836741613706760173e-18,2.061897665262222290e-01,8.975634723901748657e-02,1.852398067712783813e-01,1.107861399650573730e-01,1.502831578254699707e-01,5.566728711128234863e-01,6.741004437208175659e-02,-9.686861932277679443e-02,2.394377291202545166e-01,5.000000000000000000e-01,5.136425048112869263e-02,5.094136595726013184e-01,1.067600250244140625e+00,9.944670647382736206e-02,2.440132945775985718e-01,7.288636565208435059e-01,2.531144618988037109e-01,5.562972426414489746e-01
4.988629221916198730e-01,-5.973538383841514587e-02,3.416096866130828857e-01,2.240906842052936554e-02,1.642479747533798218e-02,9.467914700508117676e-02,-9.951200485229492188e-01,3.667669296264648438e-01,2.168490588665008545e-01,-1.228515410873955854e-18,2.746945619583129883e-01,1.697805821895599365e-01,1.244674846529960632e-01,1.111074909567832947e-02,1.985953599214553833e-01,6.696238517761230469e-01,-3.704876452684402466e-02,-1.274450719356536865e-01,1.905944198369979858e-01,5.000000000000000000e-01,2.636725008487701416e-01,4.521605074405670166e-01,8.973076939582824707e-01,4.084897637367248535e-01,4.293840229511260986e-01,1.551269143819808960e-01,-2.999999932944774628e-02,1.371087133884429932e-01
5.410111546516418457e-01,-5.887418985366821289e-02,3.397008180618286133e-01,1.381662581115961075e-02,2.512322366237640381e-02,5.104549601674079895e-02,-9.982846975326538086e-01,3.411837518215179443e-01,1.405175626277923584e-01,9.701728435032319099e-19,3.582804799079895020e-01,2.462712973356246948e-01,1.898450851440429688e-01,-8.798898197710514069e-03,2.399999946355819702e-01,5.820534229278564453e-01,-1.044587343931198120e-01,-9.143336117267608643e-02,1.913837492465972900e-01,5.000000000000000000e-01,1.638061255216598511e-01,3.335039913654327393e-01,8.819162249565124512e-01,3.739934265613555908e-01,4.640514850616455078e-01,2.665140479803085327e-02,-2.999999932944774628e-02,-2.999999932944774628e-02
5.821180343627929688e-01,-4.534484446048736572e-02,3.363526761531829834e-01,4.896234720945358276e-03,1.974508538842201233e-02,1.696819998323917389e-02,-9.996490478515625000e-01,1.852125078439712524e-01,-3.054104745388031006e-02,1.922267256304621696e-04,4.539195597171783447e-01,1.142299771308898926e-01,4.999687969684600830e-01,-3.720488399267196655e-02,2.399999946355819702e-01,3.931583762168884277e-01,-1.519676893949508667e-01,-2.598856203258037567e-02,2.992414832115173340e-01,5.000000000000000000e-01,-2.589583583176136017e-02,2.077025324106216431e-01,8.620043992996215820e-01,1.238657236099243164e-01,3.718013167381286621e-01,2.897042334079742432e-01,-2.999999932944774628e-02,-2.999999932944774628e-02
6.153047084808349609e-01,-3.666077926754951477e-02,3.255527317523956299e-01,4.456354305148124695e-03,3.913509100675582886e-02,8.329712785780429840e-03,-9.991892576217651367e-01,7.134646177291870117e-02,-1.618502587080001831e-01,6.355118966894224286e-05,5.335735082626342773e-01,-8.946514129638671875e-02,8.631555438041687012e-01,-9.593882411718368530e-02,2.399999946355819702e-01,3.564085662364959717e-01,-1.643375903367996216e-01,4.033412411808967590e-02,3.997773528099060059e-01,5.000000000000000000e-01,-5.005865916609764099e-02,2.544049322605133057e-01,7.289582490921020508e-01,-1.080058217048645020e-01,2.570523917675018311e-01,3.850442767143249512e-01,-2.999999932944774628e-02,-2.999999932944774628e-02
6.424660682678222656e-01,-4.349597170948982239e-02,3.096364140510559082e-01,2.782077528536319733e-02,9.153788536787033081e-02,5.840521189384162426e-04,-9.954127073287963867e-01,1.738288253545761108e-01,6.062066182494163513e-03,1.796814630605242543e-17,4.626975357532501221e-01,-2.814144790172576904e-01,1.017233967781066895e+00,-8.200220018625259399e-02,2.399999946355819702e-01,3.818149864673614502e-01,-7.404571771621704102e-02,1.422486901283264160e-01,4.358835518360137939e-01,5.000000000000000000e-01,-1.403714269399642944e-01,4.233632981777191162e-01,5.946397185325622559e-01,-3.121422231197357178e-01,1.246725693345069885e-01,2.583957016468048096e-01,-2.999999932944774628e-02,-2.999999932944774628e-02
6.894127726554870605e-01,-5.487036705017089844e-02,2.963003814220428467e-01,5.712176859378814697e-02,1.312237530946731567e-01,-2.998560853302478790e-02,-9.892513751983642578e-01,3.864163160324096680e-01,3.097226321697235107e-01,4.421189714776119217e-06,2.744008302688598633e-01,-3.485793173313140869e-01,7.601981163024902344e-01,-5.300873517990112305e-02,2.398044168949127197e-01,3.100787699222564697e-01,5.471924319863319397e-02,2.247803062200546265e-01,4.618227481842041016e-01,5.000000000000000000e-01,-3.500822484493255615e-01,5.393875241279602051e-01,5.253573060035705566e-01,-3.706796765327453613e-01,5.533882230520248413e-02,1.808310300111770630e-01,-2.999999932944774628e-02,3.998487293720245361e-01
7.468912601470947266e-01,-6.769107282161712646e-02,2.954834997653961182e-01,7.731030881404876709e-02,1.265824586153030396e-01,-8.591288328170776367e-02,-9.851999878883361816e-01,5.679094195365905762e-01,4.265496432781219482e-01,2.897134609520435333e-02,1.270798593759536743e-01,-3.468665182590484619e-01,2.886267304420471191e-01,-3.313001245260238647e-02,1.970980167388916016e-01,2.336051166057586670e-01,1.817881762981414795e-01,3.007734417915344238e-01,4.220547378063201904e-01,5.000000000000000000e-01,-5.501005053520202637e-01,5.168581008911132812e-01,7.369868755340576172e-01,-3.239236474037170410e-01,1.096943020820617676e-01,5.356975793838500977e-01,4.124579429626464844e-01,1.113984823226928711e+00
7.918056249618530273e-01,-7.317757606506347656e-02,2.941122651100158691e-01,5.946292355656623840e-02,1.045706570148468018e-01,-1.321230977773666382e-01,-9.839068055152893066e-01,6.413550376892089844e-01,4.481016099452972412e-01,5.486236140131950378e-02,9.495212137699127197e-02,-3.599351942539215088e-01,1.651899516582489014e-02,-1.248408779501914978e-01,2.019011229276657104e-01,1.856916099786758423e-01,2.590670287609100342e-01,3.200571238994598389e-01,3.458931744098663330e-01,5.000000000000000000e-01,-4.043823182582855225e-01,4.709514379501342773e-01,1.048038721084594727e+00,-1.492151468992233276e-01,2.015246897935867310e-01,9.286081790924072266e-01,1.490000009536743164e+00,9.170815348625183105e-01
8.316810131072998047e-01,-7.788026332855224609e-02,2.917372584342956543e-01,1.060467399656772614e-02,7.397516071796417236e-02,-1.614622622728347778e-01,-9.840453267097473145e-01,6.420982480049133301e-01,4.594916701316833496e-01,3.944935277104377747e-02,1.643055230379104614e-01,-2.273732423782348633e-01,1.725630462169647217e-02,-1.540612727403640747e-01,2.399999946355819702e-01,1.164669021964073181e-01,2.881681621074676514e-01,3.725377619266510010e-01,2.860498428344726562e-01,5.000000000000000000e-01,-3.968421220779418945e-01,3.163554072380065918e-01,1.438448786735534668e+00,1.828740388154983521e-01,3.561608791351318359e-01,8.225652575492858887e-01,1.490000009536743164e+00,3.383123576641082764e-01
8.868628740310668945e-01,-7.777934521436691284e-02,2.950749397277832031e-01,8.549164980649948120e-03,1.637256518006324768e-02,-1.867524534463882446e-01,-9.822333455085754395e-01,6.504236459732055664e-01,3.749275803565979004e-01,8.151843212544918060e-04,1.699032187461853027e-01,-8.248002082109451294e-02,5.428645014762878418e-02,-5.622323974967002869e-02,2.399999946355819702e-01,3.521071746945381165e-02,2.349650561809539795e-01,5.055859088897705078e-01,2.434595227241516113e-01,4.936239123344421387e-01,-3.948345780372619629e-01,2.411876916885375977e-01,1.674552559852600098e+00,4.822424650192260742e-01,3.868789970874786377e-01,6.478247642517089844e-01,1.490000009536743164e+00,7.548031210899353027e-02
9.497069716453552246e-01,-6.970417499542236328e-02,3.142187297344207764e-01,1.776901260018348694e-02,-5.255657806992530823e-02,-2.000312954187393188e-01,-9.782175421714782715e-01,4.726158082485198975e-01,2.771109342575073242e-01,7.024479145911755040e-06,1.333299726247787476e-01,-7.321689277887344360e-03,3.276739269495010376e-02,1.021164376288652420e-02,2.399999946355819702e-01,2.274943888187408447e-02,1.698595881462097168e-01,5.857549905776977539e-01,1.546018570661544800e-01,4.465265274047851562e-01,-3.648164272308349609e-01,1.993669569492340088e-01,1.598484635353088379e+00,5.763340592384338379e-01,3.338397741317749023e-01,6.821080446243286133e-01,1.490000009536743164e+00,8.056661486625671387e-02
1.011376619338989258e+00,-6.011371314525604248e-02,3.284892141819000244e-01,1.404545921832323074e-02,-1.051190271973609924e-01,-2.367691099643707275e-01,-9.657603502273559570e-01,2.966817021369934082e-01,2.194001227617263794e-01,1.321384632606509377e-18,1.492915749549865723e-01,2.709227800369262695e-02,2.905210666358470917e-02,4.827672988176345825e-02,2.341411858797073364e-01,-3.054534457623958588e-02,1.416379660367965698e-01,5.479750633239746094e-01,4.406356811523437500e-02,3.884708881378173828e-01,-3.645676970481872559e-01,1.046030819416046143e-01,1.307973980903625488e+00,5.610185861587524414e-01,4.415414035320281982e-01,7.844606637954711914e-01,1.490000009536743164e+00,6.256472319364547729e-02
1.062302231788635254e+00,-5.572752282023429871e-02,3.325199484825134277e-01,2.596537023782730103e-02,-1.306062191724777222e-01,-2.852306962013244629e-01,-9.491634368896484375e-01,2.081346362829208374e-01,1.398255676031112671e-01,1.507083371402213878e-18,1.401204168796539307e-01,5.518081784248352051e-02,3.341431915760040283e-02,9.158160537481307983e-02,2.323191612958908081e-01,-1.074908152222633362e-01,1.283894777297973633e-01,4.979908168315887451e-01,-1.211777795106172562e-02,3.016313314437866211e-01,-3.541434109210968018e-01,1.122570484876632690e-01,1.055377960205078125e+00,5.106584429740905762e-01,5.736021995544433594e-01,8.328261375427246094e-01,1.490000009536743164e+00,5.409928038716316223e-03
1.096663951873779297e+00,-4.774582013487815857e-02,3.304936289787292480e-01,5.197048559784889221e-02,-1.533816158771514893e-01,-3.043035566806793213e-01,-9.387078881263732910e-01,1.740243099629878998e-02,-1.117610186338424683e-01,1.608833204191136707e-19,1.888853460550308228e-01,2.045689336955547333e-02,7.919076085090637207e-02,1.241221651434898376e-01,2.175568044185638428e-01,-1.090922206640243530e-01,1.021402105689048767e-01,5.089107155799865723e-01,-6.793935596942901611e-02,2.186759114265441895e-01,-4.182660877704620361e-01,1.878572702407836914e-01,1.018654227256774902e+00,4.942591786384582520e-01,6.180695891380310059e-01,8.437127470970153809e-01,1.490000009536743164e+00,-5.888433661311864853e-03
1.121768355369567871e+00,-3.466057404875755310e-02,3.160983920097351074e-01,8.761209249496459961e-02,-1.634876132011413574e-01,-2.965196371078491211e-01,-9.368415474891662598e-01,-1.411211937665939331e-01,-4.354460835456848145e-01,5.839156219735741615e-04,2.887229621410369873e-01,-8.985015004873275757e-02,2.016453146934509277e-01,2.004084289073944092e-01,1.734010875225067139e-01,-9.476213902235031128e-02,7.433927059173583984e-02,5.200529694557189941e-01,-8.382672071456909180e-02,2.221591174602508545e-01,-4.497936367988586426e-01,2.376090437173843384e-01,8.384327888488769531e-01,5.578553676605224609e-01,6.413995623588562012e-01,7.807208299636840820e-01,1.490000009536743164e+00,1.003770995885133743e-02
1.139524459838867188e+00,-2.920245379209518433e-02,2.946135997772216797e-01,1.315997391939163208e-01,-1.167693808674812317e-01,-2.838790714740753174e-01,-9.425810575485229492e-01,-6.866664439439773560e-02,-6.453667283058166504e-01,1.936123680934542790e-06,3.760360479354858398e-01,-2.415345907211303711e-01,3.320811986923217773e-01,3.048818707466125488e-01,1.882613897323608398e-01,-7.589874416589736938e-02,4.106233268976211548e-02,4.630942642688751221e-01,-6.942411512136459351e-02,3.223809003829956055e-01,-4.112585484981536865e-01,3.238443434238433838e-01,5.788791179656982422e-01,5.856950879096984863e-01,6.825063228607177734e-01,6.691408753395080566e-01,1.490000009536743164e+00,1.141798309981822968e-02
1.154703974723815918e+00,-3.821478411555290222e-02,2.684557139873504639e-01,1.709166467189788818e-01,-2.935402840375900269e-02,-2.951555252075195312e-01,-9.395791888236999512e-01,1.053465530276298523e-01,-6.212936043739318848e-01,2.254550242684731382e-18,3.982961773872375488e-01,-3.947371542453765869e-01,3.647295236587524414e-01,4.241276383399963379e-01,2.374821007251739502e-01,-1.237284019589424133e-01,4.165898635983467102e-02,3.771107494831085205e-01,-2.972364611923694611e-02,4.536214172840118408e-01,-3.818128108978271484e-01,3.673099279403686523e-01,4.317550361156463623e-01,5.710835456848144531e-01,7.148112058639526367e-01,5.670657753944396973e-01,1.490000009536743164e+00,5.170810222625732422e-02
1.191103339195251465e+00,-4.573901742696762085e-02,2.486436516046524048e-01,1.781429946422576904e-01,1.412349566817283630e-02,-3.222373723983764648e-01,-9.296389818191528320e-01,2.659685611724853516e-01,-4.259223043918609619e-01,-2.004812835226396585e-18,3.455936312675476074e-01,-5.196055769920349121e-01,2.487898319959640503e-01,5.162830352783203125e-01,2.394599765539169312e-01,-2.040090113878250122e-01,7.730618864297866821e-02,3.167435526847839355e-01,3.053013607859611511e-02,5.000000000000000000e-01,-4.511316418647766113e-01,3.195195794105529785e-01,3.259066939353942871e-01,6.160028576850891113e-01,7.722871303558349609e-01,5.306694507598876953e-01,1.490000009536743164e+00,1.014184728264808655e-01
1.239435434341430664e+00,-5.276891589164733887e-02,2.409881949424743652e-01,1.599907279014587402e-01,1.569371297955513000e-02,-3.635403513908386230e-01,-9.176028966903686523e-01,3.865921795368194580e-01,-2.866525053977966309e-01,1.047077894327230752e-04,2.342013865709304810e-01,-5.824001431465148926e-01,5.331835895776748657e-02,5.691121220588684082e-01,2.150866836309432983e-01,-2.902897596359252930e-01,1.375247538089752197e-01,3.298336863517761230e-01,7.477627694606781006e-02,5.000000000000000000e-01,-4.462400674819946289e-01,2.752576470375061035e-01,2.342282384634017944e-01,6.941832900047302246e-01,8.290264606475830078e-01,5.457842946052551270e-01,1.490000009536743164e+00,9.611880779266357422e-02
1.280567646026611328e+00,-6.725240498781204224e-02,2.424553483724594116e-01,1.158886924386024475e-01,3.296408802270889282e-03,-3.857423365116119385e-01,-9.152932763099670410e-01,4.539653360843658447e-01,-2.446275055408477783e-01,2.750599570572376251e-02,1.496782600879669189e-01,-6.155223846435546875e-01,3.961380526661760341e-17,5.118370652198791504e-01,2.060241401195526123e-01,-2.831291258335113525e-01,2.075021266937255859e-01,3.843936622142791748e-01,4.528414085507392883e-02,5.000000000000000000e-01,-3.873179256916046143e-01,3.305438458919525146e-01,3.354811966419219971e-01,6.607704758644104004e-01,8.423738479614257812e-01,6.073120236396789551e-01,1.490000009536743164e+00,9.467867761850357056e-02
1.314672112464904785e+00,-7.796982675790786743e-02,2.460516393184661865e-01,6.686221808195114136e-02,-3.157629864290356636e-03,-4.078149199485778809e-01,-9.106077551841735840e-01,4.878247380256652832e-01,-2.114095091819763184e-01,2.936324849724769592e-02,1.816037893295288086e-01,-4.924157559871673584e-01,2.074255049228668213e-02,4.604311585426330566e-01,2.183264791965484619e-01,-3.001061379909515381e-01,2.799324691295623779e-01,4.293138384819030762e-01,7.852035574615001678e-03,5.000000000000000000e-01,-3.110186755657196045e-01,3.450557291507720947e-01,4.576135575771331787e-01,6.452347040176391602e-01,8.714263439178466797e-01,6.684702038764953613e-01,1.490000009536743164e+00,1.209776923060417175e-01
1.344274640083312988e+00,-8.317249268293380737e-02,2.517818808555603027e-01,3.084644675254821777e-02,-5.242424551397562027e-03,-4.249965548515319824e-01,-9.046540260314941406e-01,5.062032341957092285e-01,-1.783082038164138794e-01,2.215977571904659271e-02,2.053689956665039062e-01,-3.890566825866699219e-01,1.167477071285247803e-01,4.489384889602661133e-01,2.375891804695129395e-01,-3.404469788074493408e-01,3.005866706371307373e-01,4.517606496810913086e-01,-1.189237739890813828e-02,5.000000000000000000e-01,-2.001417577266693115e-01,3.342586755752563477e-01,4.894735217094421387e-01,6.736238598823547363e-01,9.132542610168457031e-01,6.853703856468200684e-01,1.490000009536743164e+00,1.177366748452186584e-01
1.366509795188903809e+00,-8.878014981746673584e-02,2.646414041519165039e-01,1.529775373637676239e-02,-4.259390383958816528e-02,-4.207634031772613525e-01,-9.060407876968383789e-01,4.289478957653045654e-01,-2.284014821052551270e-01,2.314816787838935852e-02,1.732811331748962402e-01,-4.261247813701629639e-01,2.153303325176239014e-01,4.125055968761444092e-01,2.359907776117324829e-01,-3.082219958305358887e-01,2.588395178318023682e-01,3.918786346912384033e-01,-6.309840828180313110e-02,5.000000000000000000e-01,-1.051044315099716187e-01,3.617708384990692139e-01,6.379187703132629395e-01,6.973118782043457031e-01,9.328948259353637695e-01,7.260913848876953125e-01,1.490000009536743164e+00,1.248359605669975281e-01
1.385378003120422363e+00,-9.217499196529388428e-02,2.792075276374816895e-01,1.518737804144620895e-02,-1.013413742184638977e-01,-4.199919700622558594e-01,-9.017239212989807129e-01,2.566592395305633545e-01,-3.192671239376068115e-01,1.159596443176269531e-02,1.369316130876541138e-01,-5.228434205055236816e-01,2.738837897777557373e-01,3.891784846782684326e-01,2.021633982658386230e-01,-2.612634599208831787e-01,1.905077397823333740e-01,2.411134392023086548e-01,-1.209956333041191101e-01,5.000000000000000000e-01,-4.425712674856185913e-02,3.737145364284515381e-01,7.928615212440490723e-01,7.585669755935668945e-01,9.536918401718139648e-01,7.743155360221862793e-01,1.490000009536743164e+00,1.461669504642486572e-01
1.401935338973999023e+00,-9.089154750108718872e-02,2.907766997814178467e-01,4.144097492098808289e-02,-1.443375945091247559e-01,-4.279312193393707275e-01,-8.912486433982849121e-01,8.188275992870330811e-02,-4.148074090480804443e-01,7.080740033416077495e-05,7.505313307046890259e-02,-5.635138154029846191e-01,2.401344180107116699e-01,4.131146669387817383e-01,1.625688374042510986e-01,-2.260953187942504883e-01,1.400373578071594238e-01,1.023405566811561584e-01,-1.416790336370468140e-01,5.000000000000000000e-01,-1.029277872294187546e-02,3.837688863277435303e-01,8.562936782836914062e-01,8.081297874450683594e-01,9.694724082946777344e-01,8.031922578811645508e-01,1.490000009536743164e+00,1.620910912752151489e-01
1.415461897850036621e+00,-8.715562522411346436e-02,3.003430664539337158e-01,1.009897589683532715e-01,-1.982655823230743408e-01,-4.364647865295410156e-01,-8.717742562294006348e-01,-8.008552342653274536e-02,-6.021299958229064941e-01,1.797217737475875765e-05,-3.037850745022296906e-02,-6.392206549644470215e-01,1.483973860740661621e-01,4.641712605953216553e-01,5.700561404228210449e-02,-1.728038042783737183e-01,1.181884109973907471e-01,4.304400458931922913e-02,-1.371232718229293823e-01,5.000000000000000000e-01,1.487240847200155258e-02,4.099042415618896484e-01,8.669533133506774902e-01,8.242618441581726074e-01,9.695820808410644531e-01,8.275734186172485352e-01,1.490000009536743164e+00,1.648374199867248535e-01
1.426323294639587402e+00,-8.504997193813323975e-02,3.058598935604095459e-01,1.434918344020843506e-01,-2.199175208806991577e-01,-4.374093711376190186e-01,-8.600694537162780762e-01,-1.409461051225662231e-01,-7.097991704940795898e-01,4.916981591058135605e-18,-9.486158937215805054e-02,-6.900501847267150879e-01,7.082789391279220581e-02,5.098828077316284180e-01,3.559331176802515984e-03,-1.374105215072631836e-01,1.182860732078552246e-01,4.197247698903083801e-02,-1.158908680081367493e-01,5.000000000000000000e-01,3.564651310443878174e-02,4.267520606517791748e-01,8.542515039443969727e-01,8.086124658584594727e-01,9.632456898689270020e-01,8.470845222473144531e-01,1.490000009536743164e+00,1.570188999176025391e-01
1.433274388313293457e+00,-8.966384083032608032e-02,3.065396249294281006e-01,1.680483371019363403e-01,-1.865202188491821289e-01,-4.485610425472259521e-01,-8.577662706375122070e-01,-5.730274692177772522e-02,-7.006881237030029297e-01,2.443878980880563590e-17,-1.067092418670654297e-01,-7.054269313812255859e-01,9.948956221342086792e-02,5.690801143646240234e-01,4.607982560992240906e-02,-1.647975593805313110e-01,1.156660243868827820e-01,3.425158560276031494e-02,-9.510432928800582886e-02,5.000000000000000000e-01,5.853942781686782837e-02,4.475026726722717285e-01,8.412449359893798828e-01,7.915869355201721191e-01,9.380189180374145508e-01,8.462733030319213867e-01,1.490000009536743164e+00,1.437402516603469849e-01
1.437760829925537109e+00,-9.877109527587890625e-02,3.013185858726501465e-01,1.801068931818008423e-01,-1.415917724370956421e-01,-4.630782306194305420e-01,-8.561961650848388672e-01,5.802187323570251465e-02,-6.608729958534240723e-01,5.002085241200041304e-18,-5.675982311367988586e-02,-6.988629698753356934e-01,1.660746037960052490e-01,6.243147850036621094e-01,9.568221122026443481e-02,-2.106226682662963867e-01,1.179056167602539062e-01,1.996792294085025787e-02,-7.503405213356018066e-02,5.000000000000000000e-01,7.943180203437805176e-02,4.714212417602539062e-01,8.234031200408935547e-01,7.799364328384399414e-01,9.213281273841857910e-01,8.363848328590393066e-01,1.490000009536743164e+00,1.373594254255294800e-01
1.445335149765014648e+00,-1.075506806373596191e-01,2.922476828098297119e-01,1.793658882379531860e-01,-9.825846552848815918e-02,-4.896618425846099854e-01,-8.475874066352844238e-01,1.343019604682922363e-01,-6.100177764892578125e-01,1.560333619643682567e-17,4.732080549001693726e-02,-6.597161889076232910e-01,2.107789516448974609e-01,6.667841076850891113e-01,1.269742846488952637e-01,-2.836661040782928467e-01,1.318515986204147339e-01,-1.617845520377159119e-02,-6.082934141159057617e-02,5.000000000000000000e-01,7.550759613513946533e-02,4.894072711467742920e-01,8.197041153907775879e-01,7.644006013870239258e-01,9.230002164840698242e-01,8.272720575332641602e-01,1.490000009536743164e+00,1.445225179195404053e-01
1.455860614776611328e+00,-1.157985106110572815e-01,2.847904562950134277e-01,1.832174509763717651e-01,-7.534698396921157837e-02,-5.308226346969604492e-01,-8.240033388137817383e-01,1.795386970043182373e-01,-5.956813097000122070e-01,-4.619224694679872445e-18,1.074633151292800903e-01,-5.797922015190124512e-01,1.423374563455581665e-01,7.112310528755187988e-01,9.414815157651901245e-02,-3.639862537384033203e-01,1.372251659631729126e-01,-3.984864428639411926e-02,-4.396054521203041077e-02,5.000000000000000000e-01,8.442314714193344116e-02,4.948259592056274414e-01,7.942568659782409668e-01,7.572007775306701660e-01,9.513354301452636719e-01,8.071763515472412109e-01,1.490000009536743164e+00,1.493311822414398193e-01
1.461674451828002930e+00,-1.242221817374229431e-01,2.803413569927215576e-01,1.753574311733245850e-01,-6.850611418485641479e-02,-5.428258180618286133e-01,-8.184722661972045898e-01,1.932129114866256714e-01,-5.955382585525512695e-01,-1.539791250875418167e-17,9.844554215669631958e-02,-4.964589178562164307e-01,6.094605103135108948e-02,7.105450630187988281e-01,9.343511611223220825e-02,-3.627362847328186035e-01,9.640219062566757202e-02,-5.871520191431045532e-02,-2.046865597367286682e-02,5.000000000000000000e-01,1.101656183600425720e-01,4.983691275119781494e-01,7.914206981658935547e-01,7.702866792678833008e-01,9.942020177841186523e-01,7.885690331459045410e-01,1.490000009536743164e+00,1.630640327930450439e-01
1.466674089431762695e+00,-1.314930915832519531e-01,2.787472307682037354e-01,1.566784083843231201e-01,-6.507067382335662842e-02,-5.442564487457275391e-01,-8.215854167938232422e-01,1.960824877023696899e-01,-5.897371768951416016e-01,2.873613660685489262e-18,8.121903985738754272e-02,-4.517439305782318115e-01,5.515663325786590576e-02,6.866177320480346680e-01,1.362233757972717285e-01,-3.322844505310058594e-01,-3.998607024550437927e-02,-9.385447204113006592e-02,4.560395702719688416e-02,4.980507194995880127e-01,1.716626733541488647e-01,5.067462325096130371e-01,8.127983212471008301e-01,8.074557185173034668e-01,1.041103124618530273e+00,7.712312936782836914e-01,1.490000009536743164e+00,1.820683479309082031e-01
1.473161101341247559e+00,-1.381383240222930908e-01,2.797085642814636230e-01,1.480835527181625366e-01,-6.665540486574172974e-02,-5.595912933349609375e-01,-8.127028346061706543e-01,1.925300955772399902e-01,-6.170085072517395020e-01,-5.388170137747941865e-18,7.460578531026840210e-02,-4.503374993801116943e-01,7.522027194499969482e-02,6.615428328514099121e-01,1.693519502878189087e-01,-3.164781630039215088e-01,-2.082062065601348877e-01,-1.386206150054931641e-01,1.590248048305511475e-01,3.895702064037322998e-01,2.696739137172698975e-01,5.341736674308776855e-01,8.384293317794799805e-01,8.470720648765563965e-01,1.082856178283691406e+00,7.478129267692565918e-01,1.490000009536743164e+00,1.975018084049224854e-01
1.478076934814453125e+00,-1.466242820024490356e-01,2.810880243778228760e-01,1.461160778999328613e-01,-7.366330921649932861e-02,-5.849968791007995605e-01,-7.943566441535949707e-01,1.748071163892745972e-01,-6.571677923202514648e-01,7.713444322805957114e-18,7.283900678157806396e-02,-4.847497642040252686e-01,1.102605164051055908e-01,6.224176287651062012e-01,1.793394386768341064e-01,-3.200117051601409912e-01,-3.459596931934356689e-01,-1.469418108463287354e-01,2.578473985195159912e-01,2.682272791862487793e-01,3.712662458419799805e-01,5.785312652587890625e-01,8.845449686050415039e-01,8.702227473258972168e-01,1.105887770652770996e+00,7.234565019607543945e-01,1.490000009536743164e+00,2.051778584718704224e-01
1.481891989707946777e+00,-1.557540744543075562e-01,2.817915081977844238e-01,1.435440182685852051e-01,-7.718576490879058838e-02,-6.093927025794982910e-01,-7.759369015693664551e-01,1.955548673868179321e-01,-6.302384138107299805e-01,-5.794548566456335562e-19,7.438834756612777710e-02,-5.078983902931213379e-01,1.427333205938339233e-01,5.734211206436157227e-01,1.899969577789306641e-01,-3.371709287166595459e-01,-4.743716418743133545e-01,-1.301256865262985229e-01,3.047364354133605957e-01,2.026834487915039062e-01,4.539057016372680664e-01,6.320275664329528809e-01,9.357826709747314453e-01,8.802510499954223633e-01,1.103156089782714844e+00,6.882115006446838379e-01,1.490000009536743164e+00,1.962575614452362061e-01
1.481767892837524414e+00,-1.628422439098358154e-01,2.804104983806610107e-01,1.454281061887741089e-01,-6.563636660575866699e-02,-6.259959340095520020e-01,-7.633292675018310547e-01,2.512180507183074951e-01,-5.592123270034790039e-01,8.912604334511324845e-19,6.499742716550827026e-02,-5.111606121063232422e-01,1.702350229024887085e-01,5.323486924171447754e-01,2.072921544313430786e-01,-3.536105751991271973e-01,-5.799940228462219238e-01,-1.245661899447441101e-01,3.144072592258453369e-01,2.235933244228363037e-01,5.199263691902160645e-01,6.842842698097229004e-01,9.764453768730163574e-01,8.771167993545532227e-01,1.069002151489257812e+00,6.301380991935729980e-01,1.490000009536743164e+00,1.717237979173660278e-01
1.476673126220703125e+00,-1.693480014801025391e-01,2.764543592929840088e-01,1.504216492176055908e-01,-3.559198975563049316e-02,-6.401370167732238770e-01,-7.525497674942016602e-01,2.909171283245086670e-01,-5.215966105461120605e-01,2.339489077089585891e-18,4.592006653547286987e-02,-4.958990812301635742e-01,2.072024494409561157e-01,5.228741168975830078e-01,2.244462370872497559e-01,-3.905157744884490967e-01,-5.799999833106994629e-01,-1.638130694627761841e-01,3.203812539577484131e-01,2.506138086318969727e-01,5.959167480468750000e-01,7.124938368797302246e-01,9.712114334106445312e-01,8.815458416938781738e-01,1.006610155105590820e+00,5.536087751388549805e-01,1.490000009536743164e+00,1.392193883657455444e-01
1.468810081481933594e+00,-1.758965849876403809e-01,2.730247676372528076e-01,1.658691018819808960e-01,-1.632012613117694855e-02,-6.487972736358642578e-01,-7.424845099449157715e-01,3.002150654792785645e-01,-5.286622643470764160e-01,6.572545950365149333e-18,1.943333446979522705e-02,-5.119479894638061523e-01,2.315512150526046753e-01,4.919274747371673584e-01,2.396530807018280029e-01,-3.860375583171844482e-01,-5.799999833106994629e-01,-2.363564819097518921e-01,3.151744008064270020e-01,2.823480963706970215e-01,6.443299055099487305e-01,7.485662698745727539e-01,1.088729143142700195e+00,8.766689300537109375e-01,9.550495147705078125e-01,4.672853350639343262e-01,1.490000009536743164e+00,1.136950552463531494e-01
1.455762386322021484e+00,-1.854223012924194336e-01,2.662778198719024658e-01,2.002321034669876099e-01,-4.200396314263343811e-02,-6.657554507255554199e-01,-7.175740003585815430e-01,2.324509471654891968e-01,-6.327270269393920898e-01,-4.357739254571753272e-18,2.070995420217514038e-02,-6.089226603507995605e-01,2.442090809345245361e-01,4.163568615913391113e-01,2.399999946355819702e-01,-2.833522260189056396e-01,-5.799999833106994629e-01,-2.962158918380737305e-01,2.942661643028259277e-01,3.203172087669372559e-01,6.063343882560729980e-01,7.479303479194641113e-01,1.480592966079711914e+00,1.008087396621704102e+00,1.009168982505798340e+00,2.874987721443176270e-01,6.772598028182983398e-01,9.433227777481079102e-02
1.448591232299804688e+00,-1.916147917509078979e-01,2.630331218242645264e-01,2.032624185085296631e-01,-4.683583974838256836e-02,-6.634474396705627441e-01,-7.185599207878112793e-01,1.960591524839401245e-01,-6.809969544410705566e-01,-3.724421653460328481e-18,2.862872555851936340e-02,-6.730989813804626465e-01,2.395097315311431885e-01,3.315073549747467041e-01,2.397208064794540405e-01,-1.995812654495239258e-01,-5.799999833106994629e-01,-2.610025107860565186e-01,2.745621502399444580e-01,3.648815751075744629e-01,5.581790208816528320e-01,7.559366822242736816e-01,1.464808464050292969e+00,9.279281497001647949e-01,1.038573265075683594e+00,2.115685790777206421e-01,-2.999999932944774628e-02,5.440209060907363892e-02
1.446815729141235352e+00,-1.971845775842666626e-01,2.667291164398193359e-01,2.037748694419860840e-01,-5.125083029270172119e-02,-6.696488261222839355e-01,-7.123339176177978516e-01,1.643215864896774292e-01,-7.010408043861389160e-01,-1.283811690360574457e-17,4.087860137224197388e-02,-6.843579411506652832e-01,1.936637163162231445e-01,2.148089706897735596e-01,2.399999946355819702e-01,-1.108041107654571533e-01,-5.757923722267150879e-01,-2.647870779037475586e-01,2.446286231279373169e-01,4.658071994781494141e-01,5.185218453407287598e-01,6.324372291564941406e-01,1.460582256317138672e+00,8.642581105232238770e-01,1.028469204902648926e+00,1.123298630118370056e-01,-2.999999932944774628e-02,6.965256482362747192e-02
1.445001959800720215e+00,-2.008742541074752808e-01,2.708625495433807373e-01,2.010467797517776489e-01,-5.494635552167892456e-02,-6.748032569885253906e-01,-7.079559564590454102e-01,1.359466463327407837e-01,-7.099999785423278809e-01,-9.402005330338017393e-18,5.850718170404434204e-02,-6.902757287025451660e-01,1.512639075517654419e-01,1.153788641095161438e-01,2.399999946355819702e-01,-7.291841786354780197e-03,-4.636772572994232178e-01,-2.625719308853149414e-01,2.187278270721435547e-01,5.000000000000000000e-01,4.859156608581542969e-01,5.074977278709411621e-01,1.477584123611450195e+00,7.928305864334106445e-01,1.018486738204956055e+00,2.996142581105232239e-02,-2.999999932944774628e-02,1.174305304884910583e-01
1.442211031913757324e+00,-2.023532241582870483e-01,2.745832204818725586e-01,1.951117515563964844e-01,-5.526564270257949829e-02,-6.769658923149108887e-01,-7.075268626213073730e-01,1.178757026791572571e-01,-7.099999785423278809e-01,1.709352688536948161e-17,7.451581954956054688e-02,-6.854971051216125488e-01,1.105208098888397217e-01,6.341695040464401245e-02,2.399999946355819702e-01,6.722266972064971924e-02,-3.224132657051086426e-01,-2.797012329101562500e-01,2.176239937543869019e-01,4.961030781269073486e-01,4.332651197910308838e-01,4.394514858722686768e-01,1.542695045471191406e+00,6.818991899490356445e-01,9.925454258918762207e-01,4.840419441461563110e-02,-2.999999932944774628e-02,2.041671425104141235e-01
1.438431501388549805e+00,-2.023752629756927490e-01,2.789869606494903564e-01,1.902287602424621582e-01,-5.268561467528343201e-02,-6.775386929512023926e-01,-7.085044384002685547e-01,1.124975979328155518e-01,-7.099999785423278809e-01,-1.999573680021638846e-18,8.642458915710449219e-02,-6.753732562065124512e-01,7.605679333209991455e-02,7.748454809188842773e-02,2.399999946355819702e-01,7.239834219217300415e-02,-2.350247204303741455e-01,-3.429012894630432129e-01,2.341978847980499268e-01,4.758818447589874268e-01,3.747669160366058350e-01,4.509176611900329590e-01,1.586616158485412598e+00,5.629157423973083496e-01,9.353667497634887695e-01,1.871454864740371704e-01,-2.999999932944774628e-02,3.658033013343811035e-01
1.436757564544677734e+00,-2.027125656604766846e-01,2.814548015594482422e-01,1.831764727830886841e-01,-4.403800889849662781e-02,-6.797519922256469727e-01,-7.088330388069152832e-01,1.209668368101119995e-01,-7.099999785423278809e-01,1.714315069108745657e-18,9.101400524377822876e-02,-6.538917422294616699e-01,3.931321576237678528e-02,6.121144443750381470e-02,2.399999946355819702e-01,7.613561302423477173e-02,-2.120084762573242188e-01,-3.770186603069305420e-01,2.324599772691726685e-01,4.651266932487487793e-01,3.416352868080139160e-01,4.505478143692016602e-01,1.605151772499084473e+00,3.206374645233154297e-01,7.971413135528564453e-01,4.199435412883758545e-01,-2.999999932944774628e-02,7.232993245124816895e-01
1.439904212951660156e+00,-2.017554938793182373e-01,2.790507972240447998e-01,1.758202165365219116e-01,-3.758088499307632446e-02,-6.800119876861572266e-01,-7.108154892921447754e-01,1.373980343341827393e-01,-7.023640871047973633e-01,-1.028993491425755197e-17,8.916136622428894043e-02,-6.273621320724487305e-01,3.802408650517463684e-02,-4.682288272306323051e-05,2.399999946355819702e-01,1.301390230655670166e-01,-2.514371275901794434e-01,-3.738545775413513184e-01,1.672791242599487305e-01,4.549924135208129883e-01,3.111330866813659668e-01,4.392220377922058105e-01,1.649797201156616211e+00,7.487770915031433105e-02,6.276963949203491211e-01,6.520227789878845215e-01,-2.999999932944774628e-02,1.280815958976745605e+00
1.442502617835998535e+00,-2.048966437578201294e-01,2.735518813133239746e-01,1.588846296072006226e-01,-3.685715422034263611e-02,-6.832824945449829102e-01,-7.117037773132324219e-01,1.281118690967559814e-01,-6.911286115646362305e-01,-1.827428088767462565e-18,9.915795177221298218e-02,-6.156666874885559082e-01,6.967407464981079102e-02,-5.745818465948104858e-02,2.399999946355819702e-01,1.244327276945114136e-01,-3.182373642921447754e-01,-3.717131316661834717e-01,7.538402825593948364e-02,4.501933455467224121e-01,3.095380663871765137e-01,4.163371324539184570e-01,1.640673875808715820e+00,-9.976992756128311157e-02,4.619364738464355469e-01,7.710172533988952637e-01,-2.999999932944774628e-02,1.490000009536743164e+00
1.446194887161254883e+00,-2.119209915399551392e-01,2.666738331317901611e-01,1.354737132787704468e-01,-3.391840308904647827e-02,-6.922107934951782227e-01,-7.080541253089904785e-01,1.089084744453430176e-01,-6.811086535453796387e-01,9.658849873619407804e-18,1.238873228430747986e-01,-6.105418205261230469e-01,1.404152065515518188e-01,-1.111164316534996033e-01,2.399999946355819702e-01,1.153064295649528503e-01,-3.845256268978118896e-01,-3.853929936885833740e-01,7.790998555719852448e-03,4.567709565162658691e-01,3.086110949516296387e-01,4.010353088378906250e-01,1.609253764152526855e+00,-1.679862141609191895e-01,3.918023407459259033e-01,7.613620162010192871e-01,-2.999999932944774628e-02,1.490000009536743164e+00
1.453213691711425781e+00,-2.198965996503829956e-01,2.595318257808685303e-01,1.116060093045234680e-01,-2.479935437440872192e-02,-7.043228745460510254e-01,-7.006128430366516113e-01,9.533432126045227051e-02,-6.733632683753967285e-01,4.515659200446395721e-18,1.428122222423553467e-01,-6.135849952697753906e-01,2.392785996198654175e-01,-1.322929561138153076e-01,2.399999946355819702e-01,1.262228190898895264e-01,-4.385754764080047607e-01,-3.995873928070068359e-01,-4.587945528328418732e-03,4.299391508102416992e-01,2.771107256412506104e-01,3.553992211818695068e-01,1.583531618118286133e+00,-2.237878441810607910e-01,3.703386187553405762e-01,7.517990469932556152e-01,-2.999999932944774628e-02,1.490000009536743164e+00
1.462286472320556641e+00,-2.237750738859176636e-01,2.529096901416778564e-01,8.978974819183349609e-02,-6.312773562967777252e-03,-7.150480151176452637e-01,-6.932562589645385742e-01,1.019816920161247253e-01,-6.575886607170104980e-01,-1.103940769852551057e-17,1.459722667932510376e-01,-6.080907583236694336e-01,3.459758460521697998e-01,-1.246067434549331665e-01,2.399999946355819702e-01,1.587158888578414917e-01,-4.456468522548675537e-01,-4.043875336647033691e-01,2.460061758756637573e-02,3.599971234798431396e-01,2.282800376415252686e-01,2.930345833301544189e-01,1.547391295433044434e+00,-3.290427625179290771e-01,2.733070850372314453e-01,7.294785976409912109e-01,-2.999999932944774628e-02,1.490000009536743164e+00
1.471707820892333984e+00,-2.276400774717330933e-01,2.484656423330307007e-01,6.558499485254287720e-02,1.336401235312223434e-02,-7.193418145179748535e-01,-6.914241909980773926e-01,1.134133040904998779e-01,-6.363762021064758301e-01,1.305698558496482548e-17,1.432084739208221436e-01,-5.994259119033813477e-01,4.391517043113708496e-01,-8.880801498889923096e-02,2.399999946355819702e-01,2.202574163675308228e-01,-3.972714841365814209e-01,-3.661667406558990479e-01,4.229483380913734436e-02,3.038757145404815674e-01,1.822856068611145020e-01,1.970317065715789795e-01,1.471951246261596680e+00,-4.083900749683380127e-01,1.375649571418762207e-01,7.338005304336547852e-01,-2.999999932944774628e-02,1.490000009536743164e+00
1.481600403785705566e+00,-2.364297658205032349e-01,2.475072741508483887e-01,3.728216513991355896e-02,2.687087282538414001e-02,-7.205421328544616699e-01,-6.918865442276000977e-01,1.106362417340278625e-01,-6.251184344291687012e-01,6.696788064780307814e-19,1.422704905271530151e-01,-6.114726662635803223e-01,5.159027576446533203e-01,-3.768061846494674683e-02,2.399999946355819702e-01,2.667769193649291992e-01,-3.136520981788635254e-01,-2.492175847291946411e-01,-1.537638623267412186e-02,3.237289786338806152e-01,2.323396801948547363e-01,4.795322939753532410e-02,1.259003520011901855e+00,-3.918021321296691895e-01,-1.848224177956581116e-02,7.583444118499755859e-01,-2.999999932944774628e-02,1.490000009536743164e+00
1.489141464233398438e+00,-2.487347722053527832e-01,2.470400631427764893e-01,7.515492383390665054e-03,4.907548800110816956e-02,-7.192428708076477051e-01,-6.929824948310852051e-01,1.250628232955932617e-01,-6.022830605506896973e-01,-6.045310437103317284e-19,1.403550952672958374e-01,-5.823170542716979980e-01,5.631078481674194336e-01,3.598393406718969345e-03,2.399999946355819702e-01,2.837896645069122314e-01,-2.355407178401947021e-01,-1.374515444040298462e-01,-1.290295273065567017e-01,4.704347252845764160e-01,2.270532995462417603e-01,-6.392629444599151611e-02,1.081440567970275879e+00,-1.919905543327331543e-01,-1.799999922513961792e-01,6.303213834762573242e-01,-2.999999932944774628e-02,1.490000009536743164e+00
1.493408322334289551e+00,-2.613156139850616455e-01,2.480878382921218872e-01,-1.306378468871116638e-02,6.062215939164161682e-02,-7.178592681884765625e-01,-6.934207677841186523e-01,1.281609684228897095e-01,-5.967748165130615234e-01,-1.871070137885760305e-17,1.411518305540084839e-01,-5.714779496192932129e-01,5.780754089355468750e-01,8.239748328924179077e-02,2.399999946355819702e-01,2.766180038452148438e-01,-1.228923276066780090e-01,-9.680771082639694214e-02,-1.823285222053527832e-01,5.000000000000000000e-01,1.080339923501014709e-01,-1.701362133026123047e-01,1.046852707862854004e+00,-1.088991463184356689e-01,-1.800000071525573730e-01,6.584706902503967285e-01,-2.999999932944774628e-02,1.490000009536743164e+00
1.496610403060913086e+00,-2.710035145282745361e-01,2.500492334365844727e-01,-2.522820420563220978e-02,7.556669414043426514e-02,-7.124333977699279785e-01,-6.972029209136962891e-01,1.554251611232757568e-01,-5.829257369041442871e-01,-1.011436582924317185e-17,1.287574619054794312e-01,-5.587146878242492676e-01,5.863322615623474121e-01,1.721432805061340332e-01,2.399999946355819702e-01,2.341044843196868896e-01,2.786918915808200836e-02,-1.231758221983909607e-01,-1.865548640489578247e-01,5.000000000000000000e-01,-1.233533248305320740e-01,-1.641746461391448975e-01,1.151154994964599609e+00,-8.794584870338439941e-02,-1.800000071525573730e-01,6.939889788627624512e-01,-2.999999932944774628e-02,1.490000009536743164e+00
1.497080326080322266e+00,-2.753771543502807617e-01,2.546978294849395752e-01,-2.835286594927310944e-02,8.346493542194366455e-02,-7.093466520309448242e-01,-6.993260979652404785e-01,1.731768101453781128e-01,-5.863094329833984375e-01,-2.643558560953516854e-17,1.126704514026641846e-01,-5.619779825210571289e-01,5.669414401054382324e-01,2.020289301872253418e-01,2.399999946355819702e-01,1.918964087963104248e-01,1.344770789146423340e-01,-1.572172790765762329e-01,-2.358770966529846191e-01,5.000000000000000000e-01,-3.848461210727691650e-01,-5.792380496859550476e-02,1.270633578300476074e+00,-1.848194003105163574e-01,-1.800000071525573730e-01,8.107597231864929199e-01,-2.999999932944774628e-02,1.490000009536743164e+00
1.496396899223327637e+00,-2.788198888301849365e-01,2.582874894142150879e-01,-3.060379438102245331e-02,8.965717256069183350e-02,-7.032296657562255859e-01,-7.046225666999816895e-01,1.932932287454605103e-01,-5.808295607566833496e-01,-2.328993354528176171e-17,1.027809903025627136e-01,-5.479567646980285645e-01,5.282856822013854980e-01,2.109306752681732178e-01,2.399999946355819702e-01,1.903627663850784302e-01,2.222727537155151367e-01,-1.917139142751693726e-01,-3.128172159194946289e-01,5.000000000000000000e-01,-5.583429932594299316e-01,7.496347650885581970e-03,1.232297897338867188e+00,-3.070018887519836426e-01,-1.665781885385513306e-01,9.507012367248535156e-01,-2.999999932944774628e-02,1.490000009536743164e+00
1.495319485664367676e+00,-2.864806056022644043e-01,2.599273920059204102e-01,-2.911355532705783844e-02,8.407796174287796021e-02,-6.987549662590026855e-01,-7.098062038421630859e-01,1.876685768365859985e-01,-6.060605645179748535e-01,-1.013923832308202884e-17,1.004966869950294495e-01,-5.535692572593688965e-01,4.740686416625976562e-01,2.503102123737335205e-01,2.399999946355819702e-01,1.788878440856933594e-01,2.665605247020721436e-01,-1.977753937244415283e-01,-3.627363145351409912e-01,5.000000000000000000e-01,-5.589201450347900391e-01,-3.627767413854598999e-02,1.137936234474182129e+00,-4.310081601142883301e-01,-8.472289144992828369e-02,1.188610553741455078e+00,-2.999999932944774628e-02,1.489996552467346191e+00
1.494743943214416504e+00,-2.937024235725402832e-01,2.625557482242584229e-01,-2.730173245072364807e-02,7.040473073720932007e-02,-6.995441913604736328e-01,-7.105882763862609863e-01,1.580060720443725586e-01,-6.429813504219055176e-01,3.788329627586175399e-18,1.099977120757102966e-01,-5.623278617858886719e-01,4.071851074695587158e-01,2.713252902030944824e-01,2.399999946355819702e-01,1.612877547740936279e-01,2.798642516136169434e-01,-1.789555400609970093e-01,-4.345821142196655273e-01,4.999874532222747803e-01,-4.730884432792663574e-01,-9.714160859584808350e-02,1.069844126701354980e+00,-6.191442012786865234e-01,-3.148840740323066711e-02,1.438570737838745117e+00,-2.999999932944774628e-02,1.317076325416564941e+00
1.494889140129089355e+00,-2.965295910835266113e-01,2.681056559085845947e-01,-3.608121722936630249e-02,4.695326089859008789e-02,-7.025643587112426758e-01,-7.091522216796875000e-01,1.229612454771995544e-01,-6.113235950469970703e-01,4.745291569526322904e-18,1.475390344858169556e-01,-5.487965345382690430e-01,3.278049528598785400e-01,2.395147681236267090e-01,2.399999946355819702e-01,1.378103792667388916e-01,2.766987681388854980e-01,-1.401715725660324097e-01,-5.365599989891052246e-01,4.971284568309783936e-01,-4.155596792697906494e-01,-1.211292594671249390e-01,1.053392529487609863e+00,-8.119439482688903809e-01,-4.695152491331100464e-02,1.437791347503662109e+00,-2.999999932944774628e-02,1.197110295295715332e+00
1.495231270790100098e+00,-2.930201292037963867e-01,2.749534547328948975e-01,-4.427093639969825745e-02,8.687169291079044342e-03,-7.110351920127868652e-01,-7.017076015472412109e-01,8.522922545671463013e-02,-4.839209616184234619e-01,3.503586049191653728e-04,2.081975936889648438e-01,-5.311365723609924316e-01,2.374959886074066162e-01,1.290026754140853882e-01,2.399999946355819702e-01,1.080749705433845520e-01,2.656207382678985596e-01,-1.104847788810729980e-01,-6.431906223297119141e-01,4.626565873622894287e-01,-3.917013406753540039e-01,-7.037241756916046143e-02,1.108714461326599121e+00,-8.778408169746398926e-01,-1.116546392440795898e-01,1.191011667251586914e+00,-2.999999932944774628e-02,1.489999890327453613e+00
1.497501015663146973e+00,-2.864439487457275391e-01,2.823889255523681641e-01,-4.363951832056045532e-02,-1.969975046813488007e-02,-7.256675958633422852e-01,-6.863775253295898438e-01,9.849849343299865723e-02,-3.567492663860321045e-01,1.386522799730300903e-01,2.482732385396957397e-01,-5.048988461494445801e-01,1.493115425109863281e-01,1.836844719946384430e-02,2.399999946355819702e-01,6.098151206970214844e-02,2.772074043750762939e-01,-9.107880294322967529e-02,-7.322801947593688965e-01,4.371833205223083496e-01,-3.840083777904510498e-01,2.213411964476108551e-02,1.170669078826904297e+00,-9.354208707809448242e-01,-1.403276175260543823e-01,9.488354325294494629e-01,-2.999999932944774628e-02,1.490000009536743164e+00
1.499956846237182617e+00,-2.908093631267547607e-01,2.909041047096252441e-01,-4.132061451673507690e-02,-8.132670074701309204e-03,-7.419062256813049316e-01,-6.691797971725463867e-01,2.032751888036727905e-01,-2.123477458953857422e-01,3.396142125129699707e-01,2.421691119670867920e-01,-4.507386386394500732e-01,7.263138145208358765e-02,-2.659089490771293640e-02,2.399999946355819702e-01,4.048543269163928926e-05,3.387311995029449463e-01,-8.464572578668594360e-02,-7.771310806274414062e-01,4.541232585906982422e-01,-4.139686226844787598e-01,1.217015981674194336e-01,1.203827738761901855e+00,-9.356471896171569824e-01,-9.887944161891937256e-02,1.186474442481994629e+00,-2.999999932944774628e-02,1.490000009536743164e+00
1.499574303627014160e+00,-3.047648072242736816e-01,2.912308871746063232e-01,-3.099769353866577148e-02,2.707701921463012695e-02,-7.502176761627197266e-01,-6.599085927009582520e-01,3.572151660919189453e-01,-7.423318922519683838e-02,3.866394460201263428e-01,1.999010294675827026e-01,-4.239831268787384033e-01,2.529543638229370117e-02,-1.369458250701427460e-02,2.399999946355819702e-01,-8.316475898027420044e-02,4.082274734973907471e-01,-1.020314171910285950e-01,-7.317015528678894043e-01,4.847814142704010010e-01,-4.322451055049896240e-01,2.145264893770217896e-01,1.186787128448486328e+00,-9.203050136566162109e-01,-8.467642962932586670e-02,1.661192059516906738e+00,-2.999999932944774628e-02,1.489989042282104492e+00
1.497711896896362305e+00,-3.190081119537353516e-01,2.874066531658172607e-01,-1.558751519769430161e-02,6.312360614538192749e-02,-7.523533701896667480e-01,-6.555431485176086426e-01,4.733600914478302002e-01,6.276229023933410645e-02,2.315369993448257446e-01,1.486269682645797729e-01,-4.330944716930389404e-01,1.188222877681255341e-02,2.685434743762016296e-02,2.399999946355819702e-01,-1.705187559127807617e-01,4.497196674346923828e-01,-1.369362026453018188e-01,-6.175412535667419434e-01,4.999941587448120117e-01,-4.112407863140106201e-01,2.885203957557678223e-01,1.111624360084533691e+00,-8.824641704559326172e-01,-9.267870336771011353e-02,1.819582462310791016e+00,-2.999999932944774628e-02,1.025708675384521484e+00
1.495004653930664062e+00,-3.282400667667388916e-01,2.845645546913146973e-01,-5.501898005604743958e-03,9.080445021390914917e-02,-7.485383152961730957e-01,-6.568216681480407715e-01,5.205238461494445801e-01,1.580467373132705688e-01,9.655509889125823975e-02,1.080373302102088928e-01,-4.412513673305511475e-01,8.542700670659542084e-04,6.173291429877281189e-02,2.399999946355819702e-01,-2.350940257310867310e-01,4.499894082546234131e-01,-1.824809014797210693e-01,-4.930176138877868652e-01,5.000000000000000000e-01,-3.700765073299407959e-01,3.473128378391265869e-01,9.982901215553283691e-01,-7.663106918334960938e-01,-3.753769025206565857e-02,1.605002284049987793e+00,-2.999999932944774628e-02,6.686875224113464355e-01
1.491859793663024902e+00,-3.387107849121093750e-01,2.836426496505737305e-01,-5.393993109464645386e-03,1.058459132909774780e-01,-7.429611086845397949e-01,-6.608905792236328125e-01,5.263496041297912598e-01,1.593335717916488647e-01,8.826050907373428345e-02,9.034278243780136108e-02,-4.624096453189849854e-01,1.661896239966154099e-04,1.207484081387519836e-01,2.399999946355819702e-01,-3.224211335182189941e-01,4.499890804290771484e-01,-2.001265734434127808e-01,-3.404532968997955322e-01,5.000000000000000000e-01,-2.991826534271240234e-01,3.505949378013610840e-01,8.680398464202880859e-01,-5.550158619880676270e-01,3.973353654146194458e-02,1.263232707977294922e+00,-2.999999932944774628e-02,4.050208926200866699e-01
1.490511775016784668e+00,-3.484224677085876465e-01,2.836778163909912109e-01,-9.802340529859066010e-03,1.136680766940116882e-01,-7.360646128654479980e-01,-6.672273278236389160e-01,5.156861543655395508e-01,1.467460393905639648e-01,1.012811437249183655e-01,8.166378736495971680e-02,-4.891581237316131592e-01,1.395906292600557208e-05,1.823692023754119873e-01,2.399999946355819702e-01,-3.733898699283599854e-01,4.499760270118713379e-01,-1.784024238586425781e-01,-1.555879265069961548e-01,5.000000000000000000e-01,-2.227974832057952881e-01,3.301133513450622559e-01,7.614796161651611328e-01,-4.063323438167572021e-01,8.222486078739166260e-02,1.022010207176208496e+00,-2.999999932944774628e-02,1.394951790571212769e-01
1.490747332572937012e+00,-3.550806343555450439e-01,2.832744121551513672e-01,-1.536497753113508224e-02,1.209971010684967041e-01,-7.221462726593017578e-01,-6.809026598930358887e-01,5.171045660972595215e-01,1.585247963666915894e-01,1.111803874373435974e-01,6.550920754671096802e-02,-5.140740275382995605e-01,7.751506927888840437e-05,2.194889187812805176e-01,2.399999946355819702e-01,-3.696272969245910645e-01,4.497008323669433594e-01,-1.573323905467987061e-01,2.893490530550479889e-02,5.000000000000000000e-01,-1.702382564544677734e-01,3.214244842529296875e-01,6.723017096519470215e-01,-3.269028663635253906e-01,9.007593244314193726e-02,8.876333236694335938e-01,-2.999999932944774628e-02,2.239316888153553009e-02
1.492362737655639648e+00,-3.608593046665191650e-01,2.836536765098571777e-01,-1.265275944024324417e-02,1.297710388898849487e-01,-7.095593810081481934e-01,-6.924773454666137695e-01,5.384192466735839844e-01,1.672061532735824585e-01,1.100818812847137451e-01,3.973833099007606506e-02,-5.291642546653747559e-01,1.083637960255146027e-02,2.435411661863327026e-01,2.399999946355819702e-01,-3.401663005352020264e-01,4.412175118923187256e-01,-1.742187291383743286e-01,1.661379337310791016e-01,5.000000000000000000e-01,-1.225499361753463745e-01,3.330026268959045410e-01,5.962833166122436523e-01,-2.841457128524780273e-01,8.036922663450241089e-02,8.154059052467346191e-01,-2.999999932944774628e-02,-2.999996393918991089e-02
1.494377255439758301e+00,-3.662149012088775635e-01,2.855338156223297119e-01,-2.409341512247920036e-03,1.395128220319747925e-01,-6.996761560440063477e-01,-7.007022500038146973e-01,5.723241567611694336e-01,1.628532111644744873e-01,9.713926166296005249e-02,2.217913046479225159e-02,-5.309628248214721680e-01,9.742827713489532471e-02,2.580805718898773193e-01,2.399999946355819702e-01,-3.072334527969360352e-01,4.266288578510284424e-01,-2.065592408180236816e-01,2.591586112976074219e-01,5.000000000000000000e-01,-7.000990211963653564e-02,3.583281636238098145e-01,5.238173604011535645e-01,-2.746911048889160156e-01,4.208898171782493591e-02,8.051038384437561035e-01,-2.999999932944774628e-02,-2.999999932944774628e-02
1.496645331382751465e+00,-3.694065511226654053e-01,2.879914045333862305e-01,4.036330617964267731e-03,1.461000144481658936e-01,-6.904063224792480469e-01,-7.085037827491760254e-01,5.999919772148132324e-01,1.683248877525329590e-01,7.117125391960144043e-02,3.991148248314857483e-02,-5.345728397369384766e-01,3.348786234855651855e-01,2.595190703868865967e-01,2.399999946355819702e-01,-2.697233557701110840e-01,4.223702549934387207e-01,-2.285396307706832886e-01,3.183509409427642822e-01,5.000000000000000000e-01,-4.638762027025222778e-02,3.726971149444580078e-01,4.952931106090545654e-01,-2.959223985671997070e-01,2.224216936156153679e-03,8.126438260078430176e-01,-2.999999932944774628e-02,-2.999999932944774628e-02
1.499311327934265137e+00,-3.676092028617858887e-01,2.905855476856231689e-01,1.042828313075006008e-03,1.511839777231216431e-01,-6.838058233261108398e-01,-7.138291001319885254e-01,6.155239939689636230e-01,2.062053978443145752e-01,2.441643550992012024e-02,1.127011999487876892e-01,-4.674312472343444824e-01,5.755937695503234863e-01,2.562251687049865723e-01,2.399999946355819702e-01,-2.349836528301239014e-01,4.313406646251678467e-01,-2.262310534715652466e-01,3.488738834857940674e-01,5.000000000000000000e-01,-9.279756993055343628e-02,3.538152873516082764e-01,5.443366765975952148e-01,-3.231386244297027588e-01,-8.684729225933551788e-03,8.033805489540100098e-01,-2.999999932944774628e-02,-2.999999932944774628e-02
1.502672195434570312e+00,-3.652024567127227783e-01,2.908909320831298828e-01,-1.246678177267313004e-02,1.516645252704620361e-01,-6.803780794143676758e-01,-7.168877720832824707e-01,6.151591539382934570e-01,2.364410161972045898e-01,1.426760107278823853e-02,2.071994543075561523e-01,-3.173759877681732178e-01,6.170372962951660156e-01,2.435231506824493408e-01,2.399999946355819702e-01,-2.033627927303314209e-01,4.496299028396606445e-01,-2.049632221460342407e-01,3.578061163425445557e-01,5.000000000000000000e-01,-1.858311891555786133e-01,2.857830822467803955e-01,7.116919755935668945e-01,-3.374070525169372559e-01,9.394539520144462585e-03,7.696328759193420410e-01,2.381082251667976379e-02,-2.999999932944774628e-02
1.505913376808166504e+00,-3.644738793373107910e-01,2.888286709785461426e-01,-3.208854049444198608e-02,1.413262188434600830e-01,-6.748014092445373535e-01,-7.236299514770507812e-01,6.002241373062133789e-01,2.603425085544586182e-01,1.346189808100461960e-02,2.746039330959320068e-01,-1.503920406103134155e-01,4.849969148635864258e-01,1.993874758481979370e-01,2.399999946355819702e-01,-1.540137678384780884e-01,4.499757289886474609e-01,-1.882999390363693237e-01,3.457136750221252441e-01,5.000000000000000000e-01,-3.011381030082702637e-01,1.754849255084991455e-01,9.424252510070800781e-01,-3.433332145214080811e-01,1.643266528844833374e-02,7.290177345275878906e-01,1.695991377346217632e-04,-2.999999932944774628e-02
1.511565089225769043e+00,-3.608808815479278564e-01,2.884460985660552979e-01,-4.452702775597572327e-02,1.289235502481460571e-01,-6.775096058845520020e-01,-7.227563858032226562e-01,5.879220962524414062e-01,2.672525346279144287e-01,7.278246339410543442e-03,2.894126772880554199e-01,-8.805360645055770874e-02,4.434903562068939209e-01,1.413185894489288330e-01,2.399999946355819702e-01,-1.365876644849777222e-01,4.499975442886352539e-01,-1.943913996219635010e-01,3.308119475841522217e-01,5.000000000000000000e-01,-3.617264628410339355e-01,6.932051479816436768e-02,1.067967534065246582e+00,-3.555816709995269775e-01,-9.029157459735870361e-03,7.016460895538330078e-01,-2.999999932944774628e-02,-2.999999932944774628e-02
1.518894672393798828e+00,-3.575605452060699463e-01,2.901176810264587402e-01,-4.378309100866317749e-02,1.187138855457305908e-01,-6.857421398162841797e-01,-7.167620062828063965e-01,5.888798236846923828e-01,2.412359267473220825e-01,6.055431440472602844e-04,2.672411203384399414e-01,-1.288789808750152588e-01,4.980588853359222412e-01,8.809494972229003906e-02,2.399999946355819702e-01,-1.380825340747833252e-01,4.499999880790710449e-01,-2.109870761632919312e-01,3.241783082485198975e-01,5.000000000000000000e-01,-3.201615512371063232e-01,-1.573370071128010750e-03,1.036710143089294434e+00,-3.613744080066680908e-01,-5.668134242296218872e-02,6.783447265625000000e-01,-2.999999932944774628e-02,-2.999999932944774628e-02
1.527356147766113281e+00,-3.529245257377624512e-01,2.929770350456237793e-01,-4.616715013980865479e-02,1.098919212818145752e-01,-6.911259293556213379e-01,-7.128375172615051270e-01,5.952479243278503418e-01,2.172715514898300171e-01,4.181258846074342728e-04,2.483121156692504883e-01,-1.443018764257431030e-01,5.365213155746459961e-01,4.524056613445281982e-02,2.399999946355819702e-01,-1.236995309591293335e-01,4.499999880790710449e-01,-2.099796384572982788e-01,3.089611828327178955e-01,5.000000000000000000e-01,-2.564395666122436523e-01,-4.713958501815795898e-02,8.742143511772155762e-01,-3.660412132740020752e-01,-9.037814289331436157e-02,6.434884667396545410e-01,-2.999999932944774628e-02,-2.999999932944774628e-02
1.536562561988830566e+00,-3.480163216590881348e-01,2.956745624542236328e-01,-5.199733376502990723e-02,1.000301465392112732e-01,-6.933597922325134277e-01,-7.117179632186889648e-01,6.005008816719055176e-01,2.001693546772003174e-01,1.860360498540103436e-04,2.426521033048629761e-01,-1.265671700239181519e-01,5.429486632347106934e-01,5.171363241970539093e-03,2.399999946355819702e-01,-7.731968909502029419e-02,4.499999880790710449e-01,-1.806657761335372925e-01,2.808569371700286865e-01,5.000000000000000000e-01,-2.514355182647705078e-01,-5.014986917376518250e-02,8.286976218223571777e-01,-3.756111264228820801e-01,-1.160616874694824219e-01,6.028435230255126953e-01,-2.999999932944774628e-02,-2.999999932944774628e-02
1.546493768692016602e+00,-3.392773568630218506e-01,2.983098626136779785e-01,-5.707406997680664062e-02,9.226978570222854614e-02,-6.934551596641540527e-01,-7.122842073440551758e-01,6.166530847549438477e-01,1.978693902492523193e-01,2.158294654108772193e-10,2.354278415441513062e-01,-8.735221624374389648e-02,5.327818393707275391e-01,-3.835329785943031311e-02,2.399999946355819702e-01,-7.564689964056015015e-03,4.499999880790710449e-01,-1.540572047233581543e-01,2.468979954719543457e-01,5.000000000000000000e-01,-2.884840667247772217e-01,-3.823763877153396606e-02,8.697097897529602051e-01,-4.054178297519683838e-01,-1.548387855291366577e-01,5.849079489707946777e-01,-2.999999932944774628e-02,2.180474624037742615e-02
1.555776119232177734e+00,-3.276565670967102051e-01,3.009702861309051514e-01,-6.229580566287040710e-02,8.644087612628936768e-02,-6.921443939208984375e-01,-7.138510346412658691e-01,6.387264728546142578e-01,2.075445055961608887e-01,1.280982484511459336e-17,2.315111607313156128e-01,-3.487448766827583313e-02,5.148529410362243652e-01,-7.222773134708404541e-02,2.399999946355819702e-01,4.946082830429077148e-02,4.499999880790710449e-01,-1.281577944755554199e-01,2.354991137981414795e-01,5.000000000000000000e-01,-3.193018436431884766e-01,-6.983746308833360672e-03,8.872835040092468262e-01,-4.294001162052154541e-01,-1.795257329940795898e-01,6.302523016929626465e-01,-2.999999932944774628e-02,2.096891850233078003e-01
1.564844727516174316e+00,-3.132078945636749268e-01,3.032071292400360107e-01,-6.650617718696594238e-02,8.054946362972259521e-02,-6.897091865539550781e-01,-7.165123820304870605e-01,6.631281375885009766e-01,2.181727439165115356e-01,-2.693417947709946916e-18,2.321420609951019287e-01,2.540233358740806580e-02,4.869333505630493164e-01,-9.863306581974029541e-02,2.399999946355819702e-01,1.115289553999900818e-01,4.499999880790710449e-01,-9.900369495153427124e-02,2.372215837240219116e-01,5.000000000000000000e-01,-3.485211730003356934e-01,2.334907837212085724e-02,9.108998179435729980e-01,-4.353356063365936279e-01,-1.795581728219985962e-01,7.454273104667663574e-01,-2.999999932944774628e-02,5.990403890609741211e-01
1.572194814682006836e+00,-2.969455122947692871e-01,3.050763010978698730e-01,-6.512829661369323730e-02,7.098549604415893555e-02,-6.866704225540161133e-01,-7.205575108528137207e-01,6.739258766174316406e-01,2.238258719444274902e-01,-7.828872414204056808e-18,2.349115610122680664e-01,8.575204759836196899e-02,4.414936602115631104e-01,-1.227836683392524719e-01,2.399999946355819702e-01,1.617291271686553955e-01,4.499999880790710449e-01,-8.397168666124343872e-02,2.627031803131103516e-01,5.000000000000000000e-01,-3.799956440925598145e-01,5.474926903843879700e-02,9.497821927070617676e-01,-4.326792657375335693e-01,-1.456471383571624756e-01,9.728201627731323242e-01,-2.999999932944774628e-02,1.153284788131713867e+00
1.577601552009582520e+00,-2.811846137046813965e-01,3.099426031112670898e-01,-5.933570489287376404e-02,5.279943719506263733e-02,-6.828309893608093262e-01,-7.262460589408874512e-01,6.295544505119323730e-01,2.144221961498260498e-01,7.324826583499088883e-05,2.453017085790634155e-01,1.391354650259017944e-01,3.673070967197418213e-01,-1.457162946462631226e-01,2.399999946355819702e-01,1.907923966646194458e-01,4.499999880790710449e-01,-8.167278021574020386e-02,3.035290241241455078e-01,5.000000000000000000e-01,-4.084075987339019775e-01,7.279144972562789917e-02,1.000017404556274414e+00,-4.227091670036315918e-01,-6.994127482175827026e-02,1.237312793731689453e+00,-2.999999932944774628e-02,1.489992141723632812e+00
1.581477165222167969e+00,-2.707324922084808350e-01,3.186500966548919678e-01,-5.638116598129272461e-02,2.314339764416217804e-02,-6.826657652854919434e-01,-7.281847596168518066e-01,4.767951667308807373e-01,1.752687841653823853e-01,9.438889683224260807e-04,2.790216505527496338e-01,1.697538793087005615e-01,2.738815248012542725e-01,-1.770482957363128662e-01,2.399999946355819702e-01,1.724184900522232056e-01,4.488152861595153809e-01,-8.419837057590484619e-02,3.289409875869750977e-01,5.000000000000000000e-01,-4.250433743000030518e-01,7.887630909681320190e-02,1.042229294776916504e+00,-3.320744037628173828e-01,4.252532497048377991e-02,1.478086113929748535e+00,-2.999999932944774628e-02,1.448419690132141113e+00
1.584967613220214844e+00,-2.616581320762634277e-01,3.248429894447326660e-01,-5.300423502922058105e-02,-1.367491204291582108e-03,-6.919102668762207031e-01,-7.200338840484619141e-01,2.972527444362640381e-01,1.114910617470741272e-01,2.345804870128631592e-02,3.227247595787048340e-01,1.935076415538787842e-01,1.942332386970520020e-01,-1.830503493547439575e-01,2.399999946355819702e-01,1.135208681225776672e-01,4.174374043941497803e-01,-9.556656330823898315e-02,3.308445513248443604e-01,5.000000000000000000e-01,-4.428587853908538818e-01,7.115803658962249756e-02,1.063454985618591309e+00,-1.912211477756500244e-01,1.800294965505599976e-01,1.528274297714233398e+00,-2.999999932944774628e-02,1.097344875335693359e+00
1.587195873260498047e+00,-2.484953254461288452e-01,3.265544176101684570e-01,-4.192525893449783325e-02,-1.060549262911081314e-02,-7.032764554023742676e-01,-7.095998525619506836e-01,1.205585151910781860e-01,1.399320177733898163e-02,2.417371049523353577e-02,3.524426817893981934e-01,2.357002198696136475e-01,1.267959475517272949e-01,-1.540419459342956543e-01,2.399999946355819702e-01,7.383215427398681641e-02,3.833531737327575684e-01,-1.224908158183097839e-01,3.599848151206970215e-01,4.982920587062835693e-01,-4.749137163162231445e-01,6.270941346883773804e-02,1.078137040138244629e+00,-2.948192507028579712e-02,3.227366507053375244e-01,1.386464595794677734e+00,-2.999999932944774628e-02,7.351710796356201172e-01
1.588383078575134277e+00,-2.289483398199081421e-01,3.269543051719665527e-01,-2.144290693104267120e-02,-1.643735729157924652e-02,-7.057275176048278809e-01,-7.079679965972900391e-01,-5.658332630991935730e-02,-1.168103143572807312e-01,2.491227933205664158e-04,3.521363735198974609e-01,2.764408588409423828e-01,4.602950066328048706e-02,-1.064490154385566711e-01,2.399999946355819702e-01,7.276153564453125000e-02,3.478501737117767334e-01,-1.540935933589935303e-01,4.401665031909942627e-01,4.664610922336578369e-01,-5.118509531021118164e-01,5.877305194735527039e-02,1.088197350502014160e+00,1.217545121908187866e-01,3.911193311214447021e-01,1.183215618133544922e+00,-2.999999932944774628e-02,5.298703908920288086e-01
1.591377377510070801e+00,-2.047022283077239990e-01,3.261459171772003174e-01,2.497101435437798500e-03,-1.642505638301372528e-02,-6.926940083503723145e-01,-7.210402488708496094e-01,-1.756574213504791260e-01,-2.698053419589996338e-01,2.523761364822685316e-13,3.201597929000854492e-01,2.812729179859161377e-01,7.190082222223281860e-03,-5.938381329178810120e-02,2.399999946355819702e-01,1.346600055694580078e-01,3.178305327892303467e-01,-1.603601723909378052e-01,5.445680022239685059e-01,4.421287178993225098e-01,-5.545257329940795898e-01,7.359065115451812744e-02,1.073345184326171875e+00,2.028410285711288452e-01,3.901974260807037354e-01,9.945288300514221191e-01,-2.999999932944774628e-02,4.262923002243041992e-01
1.598412036895751953e+00,-1.805857419967651367e-01,3.233314752578735352e-01,2.215875498950481415e-02,-1.724242581985890865e-03,-6.697965860366821289e-01,-7.422119379043579102e-01,-1.727255582809448242e-01,-3.554178476333618164e-01,-2.114046005580964144e-17,2.804983258247375488e-01,2.821588218212127686e-01,4.607301671057939529e-03,-1.785696949809789658e-03,2.399999946355819702e-01,2.385635226964950562e-01,3.216851353645324707e-01,-1.579745709896087646e-01,6.161323189735412598e-01,4.707800149917602539e-01,-6.076694726943969727e-01,9.897758811712265015e-02,1.024242520332336426e+00,1.999343931674957275e-01,3.881800472736358643e-01,8.206936717033386230e-01,-2.999999932944774628e-02,3.088417947292327881e-01
1.609373688697814941e+00,-1.583813577890396118e-01,3.207900226116180420e-01,3.046077676117420197e-02,1.360726915299892426e-02,-6.530432701110839844e-01,-7.565854191780090332e-01,-1.028854921460151672e-01,-2.805175185203552246e-01,2.341516703566106500e-18,2.661764919757843018e-01,2.735635638236999512e-01,2.268634922802448273e-02,9.224815666675567627e-02,2.399999946355819702e-01,2.817408144474029541e-01,3.895747065544128418e-01,-1.513174027204513550e-01,6.300532817840576172e-01,5.000000000000000000e-01,-6.824843883514404297e-01,5.690481513738632202e-02,9.488362073898315430e-01,1.489022076129913330e-01,4.129023551940917969e-01,6.704149246215820312e-01,-2.999999932944774628e-02,3.503328561782836914e-02
1.622986674308776855e+00,-1.319076120853424072e-01,3.218653500080108643e-01,2.016223408281803131e-02,1.121224462985992432e-02,-6.586414575576782227e-01,-7.521032094955444336e-01,-6.809481233358383179e-02,-1.525365859270095825e-01,2.158627401002877102e-17,2.671009898185729980e-01,2.042117416858673096e-01,1.196640953421592712e-01,1.537001729011535645e-01,2.399999946355819702e-01,2.702918052673339844e-01,4.499999880790710449e-01,-1.065745502710342407e-01,5.824881792068481445e-01,5.000000000000000000e-01,-7.958829402923583984e-01,-2.744546718895435333e-02,9.303253889083862305e-01,5.230831354856491089e-02,4.667692482471466064e-01,6.307918429374694824e-01,9.440028108656406403e-03,-2.999999932944774628e-02
1.637843489646911621e+00,-1.113814488053321838e-01,3.253204822540283203e-01,3.865516185760498047e-02,-7.823947817087173462e-03,-6.628125309944152832e-01,-7.477459907531738281e-01,-2.395929396152496338e-02,-9.914400428533554077e-02,1.853768331885233646e-17,1.751993447542190552e-01,-8.153281360864639282e-02,4.823775887489318848e-01,1.947606652975082397e-01,2.399999946355819702e-01,3.018651306629180908e-01,4.499999880790710449e-01,-1.136042624711990356e-01,5.181078314781188965e-01,5.000000000000000000e-01,-7.055366635322570801e-01,-9.323483705520629883e-02,1.403330683708190918e+00,5.403685942292213440e-02,5.149211883544921875e-01,6.331979632377624512e-01,1.263379573822021484e+00,-2.999999932944774628e-02
1.651611924171447754e+00,-9.432889521121978760e-02,3.320254981517791748e-01,1.474865153431892395e-02,-3.166366368532180786e-02,-6.830746531486511230e-01,-7.295127511024475098e-01,-4.641716554760932922e-02,-8.919115364551544189e-02,3.096393872366180302e-18,2.117022722959518433e-01,-2.101012170314788818e-01,5.835580825805664062e-01,8.135134726762771606e-02,2.399773448705673218e-01,2.949708998203277588e-01,4.499999880790710449e-01,-1.827722787857055664e-01,4.501853287220001221e-01,5.000000000000000000e-01,-5.292890667915344238e-01,-6.916886568069458008e-02,1.471547365188598633e+00,-4.423509165644645691e-02,4.294167160987854004e-01,7.024320363998413086e-01,1.490000009536743164e+00,-2.999999932944774628e-02
1.666503190994262695e+00,-8.704134076833724976e-02,3.329289257526397705e-01,6.252824328839778900e-03,-3.662241250276565552e-02,-6.963620185852050781e-01,-7.167283892631530762e-01,-1.174742635339498520e-02,-7.401603460311889648e-02,-1.686608654491281995e-18,2.149382382631301880e-01,-3.022930324077606201e-01,5.870838165283203125e-01,-4.642298817634582520e-02,2.367929816246032715e-01,3.284563422203063965e-01,4.499999880790710449e-01,-2.369758188724517822e-01,4.479824602603912354e-01,5.000000000000000000e-01,-3.413188457489013672e-01,-3.249311819672584534e-02,1.677758216857910156e+00,-1.672202199697494507e-01,2.878184318542480469e-01,8.000544309616088867e-01,1.490000009536743164e+00,-2.999999932944774628e-02
1.683629631996154785e+00,-7.419921457767486572e-02,3.278121948242187500e-01,1.830023713409900665e-02,-9.420883841812610626e-03,-7.024006843566894531e-01,-7.114840745925903320e-01,1.244623214006423950e-01,-6.030151154845952988e-03,2.641220948542441998e-17,1.681815683841705322e-01,-3.053682744503021240e-01,3.895290791988372803e-01,-1.204004511237144470e-01,2.399999946355819702e-01,4.171654284000396729e-01,4.402814507484436035e-01,-2.880084216594696045e-01,4.961214959621429443e-01,5.000000000000000000e-01,-4.950329363346099854e-01,-2.212982252240180969e-02,1.810649156570434570e+00,-3.653934895992279053e-01,1.127185598015785217e-01,9.529252648353576660e-01,8.260524868965148926e-01,-2.999999932944774628e-02
1.703278422355651855e+00,-5.728867650032043457e-02,3.232754766941070557e-01,1.970649883151054382e-02,-4.935727920383214951e-03,-7.341333031654357910e-01,-6.787014007568359375e-01,2.069385498762130737e-01,-3.733486169949173927e-03,-2.222644066661213488e-17,1.887661814689636230e-01,-3.110474050045013428e-01,7.891669869422912598e-02,-1.749149262905120850e-01,2.399999946355819702e-01,4.109928011894226074e-01,4.213823974132537842e-01,-3.045192360877990723e-01,4.552277624607086182e-01,4.356136918067932129e-01,-6.443746089935302734e-01,-9.431688487529754639e-02,1.625687837600708008e+00,-5.248362421989440918e-01,-7.146690972149372101e-03,1.031262397766113281e+00,5.999403446912765503e-02,-2.999999932944774628e-02
1.725643992424011230e+00,-4.191487282514572144e-02,3.189750611782073975e-01,3.087324462831020355e-02,5.558451171964406967e-03,-7.730712890625000000e-01,-6.335429549217224121e-01,3.183547556400299072e-01,-4.164354130625724792e-02,9.416822616650679777e-18,2.164734452962875366e-01,-3.561818301677703857e-01,1.508208136158373236e-08,-2.196013629436492920e-01,2.399999946355819702e-01,4.046030342578887939e-01,4.042453169822692871e-01,-3.311954736709594727e-01,3.547880947589874268e-01,3.693770170211791992e-01,-5.454345345497131348e-01,2.448518015444278717e-02,1.560956001281738281e+00,-6.279307603836059570e-01,-1.279469579458236694e-01,1.151191830635070801e+00,-2.999999932944774628e-02,1.917895972728729248e-01
1.741872191429138184e+00,-2.380098588764667511e-02,3.170315325260162354e-01,4.405089095234870911e-02,1.144040748476982117e-02,-8.045504689216613770e-01,-5.921378135681152344e-01,4.122027754783630371e-01,-9.258192032575607300e-02,2.646828405914938972e-17,1.972135752439498901e-01,-3.052399158477783203e-01,2.671036600077059120e-05,-2.360643446445465088e-01,2.399999946355819702e-01,3.772791326045989990e-01,3.718340992927551270e-01,-2.996283173561096191e-01,2.571005523204803467e-01,3.514504432678222656e-01,-4.910787940025329590e-01,1.499400734901428223e-01,1.571441888809204102e+00,-6.712679862976074219e-01,-1.799899190664291382e-01,1.359545588493347168e+00,-2.999999932944774628e-02,7.626157999038696289e-01
1.756934881210327148e+00,-6.163462530821561813e-03,3.152992427349090576e-01,5.085626244544982910e-02,1.622851565480232239e-02,-8.315590620040893555e-01,-5.528650879859924316e-01,4.680789709091186523e-01,-1.351950019598007202e-01,-1.254864752978465019e-17,1.296003758907318115e-01,-2.151450663805007935e-01,2.449250314384698868e-04,-2.617104947566986084e-01,2.399999946355819702e-01,3.536881804466247559e-01,3.639824092388153076e-01,-2.367144376039505005e-01,1.636874675750732422e-01,3.839088678359985352e-01,-4.593940079212188721e-01,2.451181560754776001e-01,1.579303741455078125e+00,-5.915471911430358887e-01,-1.674312502145767212e-01,1.588765501976013184e+00,-2.999999932944774628e-02,1.269290566444396973e+00
1.772908091545104980e+00,8.243978954851627350e-03,3.182046711444854736e-01,5.622366815805435181e-02,5.992179270833730698e-03,-8.527207374572753906e-01,-5.192979574203491211e-01,4.303463995456695557e-01,-1.648761034011840820e-01,2.691752005956265118e-18,7.398582994937896729e-02,-1.785134971141815186e-01,1.416080514900386333e-03,-2.852839231491088867e-01,2.397016137838363647e-01,3.231334388256072998e-01,3.733233511447906494e-01,-1.483970433473587036e-01,8.606780320405960083e-02,4.812475740909576416e-01,-4.381523728370666504e-01,2.834896445274353027e-01,1.590033411979675293e+00,-4.164967834949493408e-01,-9.770542383193969727e-03,1.700392603874206543e+00,-2.999999932944774628e-02,1.208583474159240723e+00
1.785263776779174805e+00,2.493706159293651581e-02,3.280325531959533691e-01,7.236642390489578247e-02,-3.107867948710918427e-02,-8.672708272933959961e-01,-4.915674030780792236e-01,2.594309747219085693e-01,-1.939409673213958740e-01,-1.421757623265837691e-18,5.803992971777915955e-02,-2.073331922292709351e-01,9.703263640403747559e-05,-2.926967442035675049e-01,2.392191439867019653e-01,2.674339711666107178e-01,3.839031457901000977e-01,-5.541421100497245789e-02,8.233144879341125488e-02,5.000000000000000000e-01,-4.192507565021514893e-01,2.646085619926452637e-01,1.617635369300842285e+00,-1.882700920104980469e-01,1.700622588396072388e-01,1.574054956436157227e+00,-2.999999932944774628e-02,1.039850115776062012e+00
1.796222805976867676e+00,4.500444605946540833e-02,3.385172486305236816e-01,1.041982769966125488e-01,-6.858966499567031860e-02,-8.803639411926269531e-01,-4.575997889041900635e-01,6.042951345443725586e-02,-2.550183832645416260e-01,-7.303482030696100856e-18,3.104600682854652405e-02,-2.811891734600067139e-01,1.472457515774294734e-04,-2.441925257444381714e-01,2.228537499904632568e-01,1.704597324132919312e-01,3.940634727478027344e-01,3.633654117584228516e-02,1.140959337353706360e-01,5.000000000000000000e-01,-4.272924065589904785e-01,1.871099770069122314e-01,1.654352545738220215e+00,-9.682457894086837769e-02,2.287563383579254150e-01,1.475922822952270508e+00,-2.999999932944774628e-02,9.728949666023254395e-01
1.808080792427062988e+00,6.426718831062316895e-02,3.455531895160675049e-01,1.584471613168716431e-01,-7.996550202369689941e-02,-8.913950324058532715e-01,-4.170311093330383301e-01,-9.497506916522979736e-02,-3.554002046585083008e-01,9.889709365138057404e-19,-4.128568619489669800e-02,-4.090284705162048340e-01,9.953911416232585907e-03,-1.558441519737243652e-01,1.863886862993240356e-01,7.004875689744949341e-02,3.877363801002502441e-01,4.747347161173820496e-02,1.237394884228706360e-01,5.000000000000000000e-01,-4.265183806419372559e-01,1.086859405040740967e-01,1.712965488433837891e+00,-1.175389513373374939e-01,2.490321695804595947e-01,1.501289129257202148e+00,-2.999999932944774628e-02,7.675374150276184082e-01
1.819849491119384766e+00,7.588587701320648193e-02,3.455343246459960938e-01,2.268342524766921997e-01,-6.674303859472274780e-02,-8.882768154144287109e-01,-3.937713801860809326e-01,-2.143405228853225708e-01,-5.491815805435180664e-01,1.414667444645339414e-17,-9.203739464282989502e-02,-6.950587034225463867e-01,2.402222305536270142e-01,-3.799038380384445190e-02,6.126855313777923584e-02,4.277262091636657715e-02,4.080344438552856445e-01,-7.784524559974670410e-02,7.933290302753448486e-02,5.000000000000000000e-01,-4.830930829048156738e-01,3.274657204747200012e-02,1.762841701507568359e+00,-1.826687455177307129e-01,2.913636565208435059e-01,1.504549026489257812e+00,-2.999999932944774628e-02,6.148746609687805176e-01
1.831395745277404785e+00,8.456107228994369507e-02,3.346037268638610840e-01,2.154104262590408325e-01,-8.986119180917739868e-03,-8.976898789405822754e-01,-3.842791318893432617e-01,-2.298170775175094604e-01,-6.305176019668579102e-01,1.183660947035036770e-10,-1.960650458931922913e-02,-7.099999785423278809e-01,3.490706682205200195e-01,1.033390462398529053e-01,1.112407818436622620e-01,4.301290959119796753e-02,4.431212544441223145e-01,-2.589189112186431885e-01,-1.693842560052871704e-02,5.000000000000000000e-01,-5.551532506942749023e-01,-5.241779983043670654e-02,1.811110734939575195e+00,-1.717874258756637573e-01,2.814304530620574951e-01,1.529571056365966797e+00,-2.999999932944774628e-02,7.357181906700134277e-01
1.852886080741882324e+00,9.783950448036193848e-02,3.148851394653320312e-01,1.743608117103576660e-01,6.886918842792510986e-02,-9.127179980278015137e-01,-3.630444109439849854e-01,-9.880381077527999878e-02,-5.919541120529174805e-01,-6.232862163868717136e-18,6.725227832794189453e-02,-6.694806218147277832e-01,2.463135421276092529e-01,2.752236425876617432e-01,1.990257948637008667e-01,-2.639587270095944405e-03,4.499999880790710449e-01,-4.526214897632598877e-01,-1.532989293336868286e-01,5.000000000000000000e-01,-6.091518998146057129e-01,-1.155055016279220581e-01,1.819073915481567383e+00,-1.442967653274536133e-01,2.289595007896423340e-01,1.602121829986572266e+00,-2.999999932944774628e-02,1.057912349700927734e+00
1.877425074577331543e+00,1.181343868374824524e-01,2.954189479351043701e-01,1.334848701953887939e-01,1.205463781952857971e-01,-9.267349243164062500e-01,-3.298678100109100342e-01,5.268323421478271484e-02,-4.678016901016235352e-01,-1.549524354271084622e-18,1.485825777053833008e-01,-6.335838437080383301e-01,2.104489877820014954e-02,4.526807367801666260e-01,2.360559105873107910e-01,-1.270488649606704712e-01,4.499999880790710449e-01,-5.503467321395874023e-01,-2.920830845832824707e-01,5.000000000000000000e-01,-6.720140576362609863e-01,-1.799999922513961792e-01,1.819893240928649902e+00,-4.953079670667648315e-02,1.789506673812866211e-01,1.654112815856933594e+00,-2.999999932944774628e-02,1.488855242729187012e+00
1.900672554969787598e+00,1.352186650037765503e-01,2.832740247249603271e-01,8.061555773019790649e-02,1.294935792684555054e-01,-9.423629045486450195e-01,-2.977998256683349609e-01,1.275402605533599854e-01,-3.537408411502838135e-01,2.814064308002337385e-18,1.997144967317581177e-01,-5.303858518600463867e-01,5.967888367459841387e-15,5.171576142311096191e-01,2.399014383554458618e-01,-2.380535453557968140e-01,4.498183727264404297e-01,-5.664186477661132812e-01,-3.515426218509674072e-01,5.000000000000000000e-01,-7.189381122589111328e-01,-1.800000071525573730e-01,1.819994926452636719e+00,3.208680078387260437e-02,1.857956498861312866e-01,1.411935567855834961e+00,-2.999999932944774628e-02,1.490000009536743164e+00
1.921369791030883789e+00,1.495762318372726440e-01,2.776143848896026611e-01,5.677955597639083862e-02,1.019919514656066895e-01,-9.525474309921264648e-01,-2.811175882816314697e-01,1.350034922361373901e-01,-3.615046441555023193e-01,-1.766945262763044596e-18,2.058934867382049561e-01,-4.343520998954772949e-01,2.011547946568956474e-18,5.015510320663452148e-01,2.230800837278366089e-01,-2.353793531656265259e-01,3.791647553443908691e-01,-5.220672488212585449e-01,-3.525192439556121826e-01,5.000000000000000000e-01,-7.065283656120300293e-01,-1.800000071525573730e-01,1.819910407066345215e+00,1.860729604959487915e-01,2.782666385173797607e-01,1.135852932929992676e+00,-2.999999932944774628e-02,1.490000009536743164e+00
1.934872031211853027e+00,1.637523621320724487e-01,2.782815396785736084e-01,5.611247196793556213e-02,7.837375253438949585e-02,-9.611355066299438477e-01,-2.587033808231353760e-01,1.300669163465499878e-01,-4.107799232006072998e-01,-5.740251914060471980e-19,1.951690316200256348e-01,-4.007898867130279541e-01,1.012748759239912033e-02,4.694210290908813477e-01,2.150122225284576416e-01,-1.876881271600723267e-01,2.549087703227996826e-01,-3.505955934524536133e-01,-3.335033059120178223e-01,4.955250918865203857e-01,-6.302243471145629883e-01,-1.800000071525573730e-01,1.819928646087646484e+00,3.657513260841369629e-01,3.913325667381286621e-01,8.743413686752319336e-01,-2.999999932944774628e-02,1.490000009536743164e+00
1.943467497825622559e+00,1.728140562772750854e-01,2.807556390762329102e-01,6.683380901813507080e-02,6.354537606239318848e-02,-9.643115997314453125e-01,-2.481902539730072021e-01,1.287220865488052368e-01,-4.769946634769439697e-01,6.906978380742788634e-18,1.718866974115371704e-01,-4.252970218658447266e-01,2.213709242641925812e-02,4.145042300224304199e-01,2.321604192256927490e-01,-8.419119566679000854e-02,1.473301947116851807e-01,-8.902835100889205933e-02,-3.418701291084289551e-01,4.178040325641632080e-01,-5.052490830421447754e-01,-1.800000071525573730e-01,1.819949388504028320e+00,5.415892004966735840e-01,4.960436224937438965e-01,6.553463339805603027e-01,-2.999999932944774628e-02,1.490000009536743164e+00
1.949411630630493164e+00,1.783997118473052979e-01,2.838640213012695312e-01,8.913286030292510986e-02,5.342872440814971924e-02,-9.651567339897155762e-01,-2.401525080204010010e-01,1.261254251003265381e-01,-5.578733086585998535e-01,-7.244226947515864718e-18,1.395669579505920410e-01,-4.795228838920593262e-01,2.102011628448963165e-02,3.288606703281402588e-01,2.399999946355819702e-01,2.692258358001708984e-02,8.953876048326492310e-02,1.754889786243438721e-01,-4.485408663749694824e-01,3.464183807373046875e-01,-3.616281747817993164e-01,-1.800000071525573730e-01,1.819966197013854980e+00,6.537231802940368652e-01,5.556901693344116211e-01,5.317482352256774902e-01,-2.999999932944774628e-02,1.490000009536743164e+00
1.953065156936645508e+00,1.824204772710800171e-01,2.870844304561614990e-01,1.100170686841011047e-01,4.637235775589942932e-02,-9.656178951263427734e-01,-2.309284955263137817e-01,1.194219216704368591e-01,-6.250444650650024414e-01,-4.154167210690309225e-18,1.107253134250640869e-01,-5.329042077064514160e-01,1.902335137128829956e-02,2.269302010536193848e-01,2.399999946355819702e-01,1.122807711362838745e-01,9.014842659235000610e-02,4.228486418724060059e-01,-6.024943590164184570e-01,3.982351422309875488e-01,-2.398229241371154785e-01,-1.575732976198196411e-01,1.819970726966857910e+00,7.172764539718627930e-01,5.865154266357421875e-01,4.467115104198455811e-01,-2.999999932944774628e-02,1.490000009536743164e+00
1.956233739852905273e+00,1.858197748661041260e-01,2.890368998050689697e-01,1.212245523929595947e-01,4.075713083148002625e-02,-9.675569534301757812e-01,-2.178922593593597412e-01,1.089447289705276489e-01,-6.527043581008911133e-01,-2.636524465178549672e-18,9.656418859958648682e-02,-5.649700164794921875e-01,1.826480962336063385e-02,1.117036193609237671e-01,2.399999946355819702e-01,1.734699755907058716e-01,1.029697656631469727e-01,5.997292995452880859e-01,-6.739236712455749512e-01,5.000000000000000000e-01,-1.309738457202911377e-01,-8.539455384016036987e-02,1.810974240303039551e+00,7.513042688369750977e-01,6.013581752777099609e-01,3.468509316444396973e-01,-2.999999932944774628e-02,1.490000009536743164e+00
1.961147665977478027e+00,1.885720640420913696e-01,2.898864150047302246e-01,1.235250830650329590e-01,3.600494563579559326e-02,-9.704549312591552734e-01,-2.041138559579849243e-01,9.617651253938674927e-02,-6.221796870231628418e-01,6.795941377626426688e-18,9.355627000331878662e-02,-5.797150731086730957e-01,1.786877401173114777e-02,1.304670143872499466e-02,2.399999946355819702e-01,2.147973328828811646e-01,1.357180923223495483e-01,5.982645750045776367e-01,-6.608846783638000488e-01,5.000000000000000000e-01,-9.697437053546309471e-04,-2.003776095807552338e-02,1.731299877166748047e+00,7.677996158599853516e-01,6.127934455871582031e-01,2.525034248828887939e-01,-2.999999932944774628e-02,1.490000009536743164e+00
1.966336369514465332e+00,1.905882507562637329e-01,2.892501056194305420e-01,1.186627075076103210e-01,3.495504707098007202e-02,-9.737038016319274902e-01,-1.913064718246459961e-01,9.209363162517547607e-02,-5.580416321754455566e-01,2.809113425241054376e-18,9.280842542648315430e-02,-5.798075199127197266e-01,1.844007335603237152e-02,-7.234445214271545410e-02,2.399715632200241089e-01,2.484803944826126099e-01,1.604421138763427734e-01,5.084657073020935059e-01,-6.094322204589843750e-01,5.000000000000000000e-01,1.149565726518630981e-01,3.489338234066963196e-02,1.632763862609863281e+00,7.547920942306518555e-01,6.045103669166564941e-01,1.844039559364318848e-01,-2.999999932944774628e-02,1.490000009536743164e+00
1.970219492912292480e+00,1.911061406135559082e-01,2.869686782360076904e-01,1.080719903111457825e-01,3.924080356955528259e-02,-9.763815402984619141e-01,-1.829199045896530151e-01,1.005942597985267639e-01,-5.265526771545410156e-01,-1.169212268500130386e-17,9.142954647541046143e-02,-5.691085457801818848e-01,1.998092792928218842e-02,-1.269544064998626709e-01,2.398350685834884644e-01,2.805303037166595459e-01,1.620424836874008179e-01,4.393624961376190186e-01,-4.767561852931976318e-01,5.000000000000000000e-01,1.819090247154235840e-01,6.279715150594711304e-02,1.552671074867248535e+00,7.285779118537902832e-01,5.732015371322631836e-01,1.325038671493530273e-01,-2.999999932944774628e-02,1.490000009536743164e+00
1.973644495010375977e+00,1.898836493492126465e-01,2.849150598049163818e-01,9.475844353437423706e-02,4.433482140302658081e-02,-9.778617620468139648e-01,-1.812225282192230225e-01,1.124050468206405640e-01,-5.084086060523986816e-01,-7.382328886684655454e-18,9.225734323263168335e-02,-5.557988882064819336e-01,2.162862382829189301e-02,-1.562610566616058350e-01,2.397707104682922363e-01,3.125209212303161621e-01,1.326778084039688110e-01,4.040406346321105957e-01,-2.669661045074462891e-01,5.000000000000000000e-01,2.073978036642074585e-01,7.156375795602798462e-02,1.496282219886779785e+00,6.983001828193664551e-01,5.313305854797363281e-01,1.078209728002548218e-01,-2.999999932944774628e-02,1.490000009536743164e+00
1.976930499076843262e+00,1.871301531791687012e-01,2.832726836204528809e-01,7.863065600395202637e-02,4.833615571260452271e-02,-9.788778424263000488e-01,-1.824254244565963745e-01,1.193241849541664124e-01,-4.833333492279052734e-01,-3.092805562868925268e-18,1.003619655966758728e-01,-5.372893214225769043e-01,2.471650391817092896e-02,-1.730136275291442871e-01,2.397205233573913574e-01,3.400077521800994873e-01,1.060466021299362183e-01,4.078121185302734375e-01,1.923658885061740875e-02,5.000000000000000000e-01,2.047937512397766113e-01,8.297260105609893799e-02,1.453042626380920410e+00,6.445254683494567871e-01,4.827955961227416992e-01,1.343191117048263550e-01,-2.999999932944774628e-02,1.490000009536743164e+00
1.980067253112792969e+00,1.829859912395477295e-01,2.816850244998931885e-01,6.270412355661392212e-02,5.193389952182769775e-02,-9.798224568367004395e-01,-1.825348883867263794e-01,1.206599101424217224e-01,-4.569341540336608887e-01,5.092896437568562894e-18,1.142754331231117249e-01,-5.179674029350280762e-01,3.217233344912528992e-02,-2.099573761224746704e-01,2.396761775016784668e-01,3.721680045127868652e-01,4.596112295985221863e-02,4.335913360118865967e-01,3.150654137134552002e-01,5.000000000000000000e-01,2.001037448644638062e-01,1.144345626235008240e-01,1.423950076103210449e+00,5.325605869293212891e-01,4.277313351631164551e-01,2.803885638713836670e-01,-2.999999932944774628e-02,1.490000009536743164e+00
1.981158494949340820e+00,1.790571659803390503e-01,2.814466655254364014e-01,5.058608949184417725e-02,5.370401591062545776e-02,-9.810487031936645508e-01,-1.791658997535705566e-01,1.146790161728858948e-01,-4.339365363121032715e-01,8.640703863310550501e-18,1.339150965213775635e-01,-5.007399916648864746e-01,4.085753858089447021e-02,-2.405756413936614990e-01,2.397205978631973267e-01,3.916553854942321777e-01,-5.349887069314718246e-03,3.968225121498107910e-01,4.914833605289459229e-01,5.000000000000000000e-01,1.855711489915847778e-01,1.369612365961074829e-01,1.410458445549011230e+00,3.966187238693237305e-01,3.730767965316772461e-01,4.759692847728729248e-01,-2.999999932944774628e-02,1.490000009536743164e+00
1.980966091156005859e+00,1.752610653638839722e-01,2.820734977722167969e-01,4.116738587617874146e-02,5.598062276840209961e-02,-9.823824167251586914e-01,-1.734825819730758667e-01,1.075290143489837646e-01,-4.151365458965301514e-01,4.223868344236171273e-18,1.520461142063140869e-01,-4.788739681243896484e-01,3.674373030662536621e-02,-2.648186981678009033e-01,2.397794425487518311e-01,4.029408097267150879e-01,-2.032878994941711426e-02,2.947624325752258301e-01,5.318141579627990723e-01,5.000000000000000000e-01,1.566644906997680664e-01,1.631341576576232910e-01,1.412723422050476074e+00,2.693621516227722168e-01,3.251694142818450928e-01,6.695557236671447754e-01,-2.999999932944774628e-02,1.490000009536743164e+00
1.980779290199279785e+00,1.719980686902999878e-01,2.830512523651123047e-01,3.246465325355529785e-02,5.737933889031410217e-02,-9.841502904891967773e-01,-1.646263301372528076e-01,9.841320663690567017e-02,-4.014835953712463379e-01,4.682367526739107812e-18,1.709850430488586426e-01,-4.561320543289184570e-01,2.814933657646179199e-02,-2.806672453880310059e-01,2.398823797702789307e-01,3.984686732292175293e-01,8.739766664803028107e-03,2.349977046251296997e-01,4.628180265426635742e-01,5.000000000000000000e-01,1.145431920886039734e-01,1.926568299531936646e-01,1.423103451728820801e+00,1.632547080516815186e-01,2.754240036010742188e-01,8.499823808670043945e-01,-2.999999932944774628e-02,1.490000009536743164e+00
1.981204986572265625e+00,1.698953509330749512e-01,2.842551767826080322e-01,2.641046606004238129e-02,5.837005749344825745e-02,-9.863283038139343262e-01,-1.518283784389495850e-01,8.899612724781036377e-02,-3.956020772457122803e-01,1.005259032673648664e-17,1.877901256084442139e-01,-4.437348544597625732e-01,2.865680493414402008e-02,-2.809273004531860352e-01,2.399999946355819702e-01,3.694008588790893555e-01,9.303711354732513428e-02,2.014720141887664795e-01,3.101281523704528809e-01,5.000000000000000000e-01,7.262668013572692871e-02,2.137964069843292236e-01,1.426509499549865723e+00,7.425246387720108032e-02,2.214636802673339844e-01,1.028268337249755859e+00,-2.999999932944774628e-02,1.490000009536743164e+00
1.981815099716186523e+00,1.686503440141677856e-01,2.850294709205627441e-01,2.546652406454086304e-02,6.170075014233589172e-02,-9.884362816810607910e-01,-1.361548602581024170e-01,8.382410556077957153e-02,-4.008541405200958252e-01,-1.572269505010577735e-17,1.966731250286102295e-01,-4.410042464733123779e-01,3.815476223826408386e-02,-2.646256089210510254e-01,2.399999946355819702e-01,3.208851218223571777e-01,2.322607487440109253e-01,1.364208608865737915e-01,1.713968366384506226e-01,5.000000000000000000e-01,4.345376789569854736e-02,2.279140353202819824e-01,1.420624971389770508e+00,-1.568008400499820709e-02,1.898237913846969604e-01,1.203506708145141602e+00,-2.999999932944774628e-02,1.490000009536743164e+00
1.981718301773071289e+00,1.671163141727447510e-01,2.852789759635925293e-01,2.854195050895214081e-02,6.895588338375091553e-02,-9.901061654090881348e-01,-1.188283413648605347e-01,8.363453298807144165e-02,-4.131296277046203613e-01,-2.073416217381339509e-17,1.983463913202285767e-01,-4.510864615440368652e-01,6.441046297550201416e-02,-2.345735132694244385e-01,2.399999946355819702e-01,2.589844763278961182e-01,3.341321647167205811e-01,-1.309805084019899368e-02,1.181252151727676392e-01,5.000000000000000000e-01,1.073525846004486084e-02,2.395470738410949707e-01,1.423141121864318848e+00,-1.347386240959167480e-01,1.966853141784667969e-01,1.363555073738098145e+00,-2.999999932944774628e-02,1.489998102188110352e+00
1.979627847671508789e+00,1.646629273891448975e-01,2.862959206104278564e-01,3.379643335938453674e-02,8.103181421756744385e-02,-9.912647008895874023e-01,-9.841693937778472900e-02,8.768216520547866821e-02,-4.253455102443695068e-01,5.601726251622900956e-18,1.934846341609954834e-01,-4.646756350994110107e-01,9.150728583335876465e-02,-1.952571123838424683e-01,2.399999946355819702e-01,1.706085205078125000e-01,3.798834085464477539e-01,-2.190363854169845581e-01,1.467894464731216431e-01,5.000000000000000000e-01,-2.856396511197090149e-02,2.707580626010894775e-01,1.429884672164916992e+00,-2.702001333236694336e-01,1.882763803005218506e-01,1.430315017700195312e+00,-2.999999932944774628e-02,1.489998817443847656e+00
1.977242231369018555e+00,1.628651320934295654e-01,2.876968681812286377e-01,4.170231521129608154e-02,9.519127011299133301e-02,-9.914934039115905762e-01,-7.836069166660308838e-02,9.586189687252044678e-02,-4.412025809288024902e-01,7.365788479758468543e-19,1.800578534603118896e-01,-4.870640933513641357e-01,1.097762733697891235e-01,-1.688134521245956421e-01,2.399999946355819702e-01,1.048428639769554138e-01,4.162407815456390381e-01,-3.441434204578399658e-01,1.691128462553024292e-01,5.000000000000000000e-01,-5.380364507436752319e-02,2.944824397563934326e-01,1.439133644104003906e+00,-3.807440102100372314e-01,1.738245487213134766e-01,1.426382899284362793e+00,-2.999999932944774628e-02,1.489999651908874512e+00
1.973994255065917969e+00,1.616416424512863159e-01,2.893890440464019775e-01,4.664103314280509949e-02,1.070955991744995117e-01,-9.911090731620788574e-01,-6.370225548744201660e-02,1.050061061978340149e-01,-4.509055018424987793e-01,-2.694503001878463350e-18,1.706286519765853882e-01,-5.032029151916503906e-01,1.168227568268775940e-01,-1.520658284425735474e-01,2.399999946355819702e-01,6.696217507123947144e-02,4.498460888862609863e-01,-3.667637109756469727e-01,1.686311811208724976e-01,5.000000000000000000e-01,-6.065093353390693665e-02,2.876808345317840576e-01,1.426987051963806152e+00,-4.712121188640594482e-01,1.370844095945358276e-01,1.315374612808227539e+00,-2.999999932944774628e-02,1.490000009536743164e+00
1.973041415214538574e+00,1.612136214971542358e-01,2.905138731002807617e-01,4.770924896001815796e-02,1.187920123338699341e-01,-9.904173016548156738e-01,-5.182523652911186218e-02,1.182891577482223511e-01,-4.579943418502807617e-01,1.017750617976056956e-17,1.624755263328552246e-01,-5.150621533393859863e-01,1.241304352879524231e-01,-1.256987899541854858e-01,2.399999946355819702e-01,3.748164698481559753e-02,4.499046206474304199e-01,-3.597219586372375488e-01,1.430218070745468140e-01,5.000000000000000000e-01,-4.745598137378692627e-02,2.532837986946105957e-01,1.386098027229309082e+00,-4.887898266315460205e-01,9.132626652717590332e-02,1.155705451965332031e+00,-2.999999932944774628e-02,1.490000009536743164e+00
1.977251172065734863e+00,1.602881848812103271e-01,2.912848293781280518e-01,4.272256791591644287e-02,1.326298713684082031e-01,-9.893351793289184570e-01,-4.242610558867454529e-02,1.384286880493164062e-01,-4.648244678974151611e-01,9.248744479263579872e-18,1.514660120010375977e-01,-5.354971885681152344e-01,1.591320037841796875e-01,-7.866530865430831909e-02,2.399999946355819702e-01,-1.750286086462438107e-03,4.111263751983642578e-01,-3.706642687320709229e-01,7.809288799762725830e-02,5.000000000000000000e-01,-1.950797252357006073e-02,2.110599726438522339e-01,1.314313650131225586e+00,-4.658888876438140869e-01,3.414456918835639954e-02,1.107665896415710449e+00,-2.999999932944774628e-02,1.490000009536743164e+00
1.981561899185180664e+00,1.602486968040466309e-01,2.920126914978027344e-01,2.982283383607864380e-02,1.451743990182876587e-01,-9.882283806800842285e-01,-3.794357925653457642e-02,1.640855520963668823e-01,-4.555940330028533936e-01,-6.189833055584321189e-18,1.392979919910430908e-01,-5.643292069435119629e-01,2.514018416404724121e-01,-1.886255294084548950e-02,2.399999946355819702e-01,-6.846480071544647217e-03,3.210470974445343018e-01,-3.553719222545623779e-01,-6.286936253309249878e-02,5.000000000000000000e-01,1.016217563301324844e-02,1.452425867319107056e-01,1.222241878509521484e+00,-4.655876457691192627e-01,-1.444726902991533279e-02,1.145986080169677734e+00,-2.999999932944774628e-02,1.490000009536743164e+00
1.987257719039916992e+00,1.605288386344909668e-01,2.920752465724945068e-01,7.780571002513170242e-03,1.513853222131729126e-01,-9.876914024353027344e-01,-3.857064619660377502e-02,1.847497820854187012e-01,-4.275699257850646973e-01,-4.771131120219315638e-17,1.333020627498626709e-01,-5.890748500823974609e-01,4.097293913364410400e-01,3.926607966423034668e-02,2.399999946355819702e-01,2.642412669956684113e-02,2.392567247152328491e-01,-2.391363680362701416e-01,-2.652051448822021484e-01,5.000000000000000000e-01,4.345655813813209534e-02,4.420547559857368469e-02,1.098282575607299805e+00,-4.316050708293914795e-01,-5.481540411710739136e-02,1.184156656265258789e+00,-2.999999932944774628e-02,1.490000009536743164e+00
1.996160864830017090e+00,1.610413640737533569e-01,2.895189523696899414e-01,-1.728478446602821350e-02,1.486336439847946167e-01,-9.878992438316345215e-01,-4.079713672399520874e-02,1.896836757659912109e-01,-3.980531096458435059e-01,3.570123104307443187e-17,1.372416317462921143e-01,-5.906172990798950195e-01,5.848609209060668945e-01,7.079498469829559326e-02,2.399999946355819702e-01,6.232507154345512390e-02,2.174433916807174683e-01,-6.872007995843887329e-02,-4.248622357845306396e-01,5.000000000000000000e-01,7.976215332746505737e-02,-3.818068653345108032e-02,9.659556746482849121e-01,-3.411802649497985840e-01,-1.256470531225204468e-01,1.218057513236999512e+00,-2.999999932944774628e-02,1.489989519119262695e+00
2.002671003341674805e+00,1.604738980531692505e-01,2.858694195747375488e-01,-4.322038963437080383e-02,1.375115215778350830e-01,-9.887259006500244141e-01,-4.054193198680877686e-02,1.752449721097946167e-01,-3.598820567131042480e-01,-8.554194006127304655e-18,1.587878465652465820e-01,-5.370755195617675781e-01,6.617228388786315918e-01,1.029049083590507507e-01,2.399999946355819702e-01,2.661583200097084045e-02,2.375888228416442871e-01,4.302394017577171326e-02,-4.733308255672454834e-01,5.000000000000000000e-01,6.985699385404586792e-02,-7.357338815927505493e-02,8.830892443656921387e-01,-2.824568748474121094e-01,-1.800000071525573730e-01,1.147047996520996094e+00,-2.999999932944774628e-02,1.288725972175598145e+00
2.004437446594238281e+00,1.585320234298706055e-01,2.840737700462341309e-01,-6.999889016151428223e-02,1.269506365060806274e-01,-9.886170029640197754e-01,-4.025075584650039673e-02,1.631466448307037354e-01,-3.077248334884643555e-01,2.301070053154101106e-17,1.936877369880676270e-01,-4.093234241008758545e-01,6.254986524581909180e-01,1.394724398851394653e-01,2.399999946355819702e-01,-5.973266810178756714e-02,2.629806697368621826e-01,9.959205985069274902e-02,-4.262209832668304443e-01,5.000000000000000000e-01,-3.028866834938526154e-02,-4.231011494994163513e-02,8.823803663253784180e-01,-3.201067149639129639e-01,-1.800000071525573730e-01,1.015745282173156738e+00,-2.999999932944774628e-02,1.128634095191955566e+00
2.003530502319335938e+00,1.595347076654434204e-01,2.840956449508666992e-01,-8.551044762134552002e-02,1.217621713876724243e-01,-9.880852699279785156e-01,-3.936227783560752869e-02,1.640834957361221313e-01,-2.713352143764495850e-01,-7.123959022353717259e-18,2.086900919675827026e-01,-3.095140457153320312e-01,5.881518125534057617e-01,1.369382590055465698e-01,2.399999946355819702e-01,-1.074068397283554077e-01,2.598897516727447510e-01,9.495583176612854004e-02,-3.788033723831176758e-01,5.000000000000000000e-01,-2.338391542434692383e-01,7.171250879764556885e-02,9.676308631896972656e-01,-3.955734670162200928e-01,-1.800000071525573730e-01,9.646468162536621094e-01,-2.999999932944774628e-02,1.204310059547424316e+00
2.002923488616943359e+00,1.646832227706909180e-01,2.852380871772766113e-01,-8.738832920789718628e-02,1.073805913329124451e-01,-9.897124171257019043e-01,-3.608422726392745972e-02,1.463800817728042603e-01,-2.751432359218597412e-01,-1.846860215717558291e-17,2.243688851594924927e-01,-2.922168970108032227e-01,5.712715983390808105e-01,9.320548921823501587e-02,2.399999946355819702e-01,-7.233238965272903442e-02,2.281432151794433594e-01,6.651411205530166626e-02,-4.154021739959716797e-01,5.000000000000000000e-01,-4.298661649227142334e-01,1.887914836406707764e-01,9.951886534690856934e-01,-5.148717164993286133e-01,-1.534929871559143066e-01,1.036569356918334961e+00,-2.999999932944774628e-02,1.468605399131774902e+00
2.003197431564331055e+00,1.686453819274902344e-01,2.871407270431518555e-01,-8.586432784795761108e-02,9.980282187461853027e-02,-9.907615184783935547e-01,-3.253282979130744934e-02,1.440009474754333496e-01,-2.749015390872955322e-01,-6.706245634313932855e-18,2.138697654008865356e-01,-3.246747851371765137e-01,6.174883246421813965e-01,9.852898120880126953e-02,2.399999946355819702e-01,-8.690053969621658325e-02,1.873760223388671875e-01,7.327926903963088989e-02,-4.204577803611755371e-01,5.000000000000000000e-01,-4.638331830501556396e-01,2.114610821008682251e-01,9.566166400909423828e-01,-5.655174851417541504e-01,4.122048150748014450e-03,1.048668265342712402e+00,-2.999999932944774628e-02,1.489997863769531250e+00
2.004477500915527344e+00,1.720004081726074219e-01,2.907636463642120361e-01,-8.132144808769226074e-02,8.722415566444396973e-02,-9.925874471664428711e-01,-2.342887222766876221e-02,1.279088258743286133e-01,-2.964609563350677490e-01,-1.779266986526665124e-17,2.091638296842575073e-01,-3.271670937538146973e-01,6.299772262573242188e-01,8.176366239786148071e-02,2.399999946355819702e-01,-1.355845779180526733e-01,1.463769078254699707e-01,7.530868053436279297e-02,-4.355892241001129150e-01,5.000000000000000000e-01,-4.060598611831665039e-01,2.226200699806213379e-01,8.902128338813781738e-01,-4.824362099170684814e-01,1.831505894660949707e-01,1.045602679252624512e+00,-2.999999932944774628e-02,1.489994287490844727e+00
2.005908966064453125e+00,1.754668503999710083e-01,2.943502962589263916e-01,-8.320368081331253052e-02,7.510773092508316040e-02,-9.936200380325317383e-01,-1.245596166700124741e-02,1.152980178594589233e-01,-3.078742623329162598e-01,4.140376817409343140e-19,2.169760614633560181e-01,-3.140729665756225586e-01,6.347531080245971680e-01,9.116164594888687134e-02,2.399999946355819702e-01,-2.175234258174896240e-01,1.361821293830871582e-01,1.130840703845024109e-01,-4.554502964019775391e-01,5.000000000000000000e-01,-3.588051497936248779e-01,1.993130296468734741e-01,7.975289821624755859e-01,-2.751471698284149170e-01,3.526106178760528564e-01,1.001065254211425781e+00,-2.999999932944774628e-02,1.461567878723144531e+00
2.004156827926635742e+00,1.775028854608535767e-01,2.969783246517181396e-01,-8.971256017684936523e-02,6.773408502340316772e-02,-9.936525821685791016e-01,-4.273280967026948929e-03,1.129079163074493408e-01,-2.991523146629333496e-01,4.135993225451906654e-18,2.343269139528274536e-01,-2.862424850463867188e-01,6.304376721382141113e-01,1.405557245016098022e-01,2.399999946355819702e-01,-3.195627033710479736e-01,1.605746299028396606e-01,1.947653889656066895e-01,-4.610526561737060547e-01,5.000000000000000000e-01,-3.549332916736602783e-01,1.506968438625335693e-01,7.352297306060791016e-01,-7.622035685926675797e-03,4.920942783355712891e-01,8.927873969078063965e-01,-2.999999932944774628e-02,1.309125661849975586e+00
1.998690843582153320e+00,1.802552044391632080e-01,2.986539602279663086e-01,-9.855058044195175171e-02,6.844107806682586670e-02,-9.927622675895690918e-01,-5.168130155652761459e-03,1.334522068500518799e-01,-2.679082155227661133e-01,9.199215385725742234e-18,2.430477887392044067e-01,-2.495707720518112183e-01,6.190220713615417480e-01,2.189495563507080078e-01,2.399999946355819702e-01,-4.059324860572814941e-01,2.255609631538391113e-01,2.782070040702819824e-01,-4.130605757236480713e-01,5.000000000000000000e-01,-3.873162269592285156e-01,9.182106703519821167e-02,6.996109485626220703e-01,2.070302814245223999e-01,5.192486047744750977e-01,8.385502099990844727e-01,-2.999999932944774628e-02,1.031258344650268555e+00
1.989932179450988770e+00,1.853372603654861450e-01,3.003537058830261230e-01,-1.019774675369262695e-01,7.860704511404037476e-02,-9.915313720703125000e-01,-1.694309152662754059e-02,1.806519478559494019e-01,-2.242613434791564941e-01,-5.158840103181902814e-18,2.249626219272613525e-01,-2.142572253942489624e-01,5.919587016105651855e-01,2.911829650402069092e-01,2.399999946355819702e-01,-4.501967728137969971e-01,3.016209900379180908e-01,3.587260544300079346e-01,-3.297856152057647705e-01,5.000000000000000000e-01,-4.365800321102142334e-01,5.946424230933189392e-02,6.911106705665588379e-01,2.625929415225982666e-01,4.019787609577178955e-01,8.494270443916320801e-01,-2.999999932944774628e-02,6.523365974426269531e-01
1.975341916084289551e+00,1.927872896194458008e-01,3.022241294384002686e-01,-9.556138515472412109e-02,9.435117989778518677e-02,-9.902022480964660645e-01,-3.827973082661628723e-02,2.447830140590667725e-01,-1.771960854530334473e-01,-5.579815477967290082e-18,1.895379424095153809e-01,-1.811463683843612671e-01,5.495022535324096680e-01,3.619582653045654297e-01,2.399999946355819702e-01,-4.550405144691467285e-01,3.779565691947937012e-01,4.409652650356292725e-01,-2.197296917438507080e-01,5.000000000000000000e-01,-5.028302073478698730e-01,5.595270171761512756e-02,7.057240009307861328e-01,2.547804713249206543e-01,2.571170926094055176e-01,7.726207971572875977e-01,-2.781659364700317383e-02,2.574260234832763672e-01
1.960203647613525391e+00,1.992554664611816406e-01,3.058130741119384766e-01,-8.788254857063293457e-02,1.084438562393188477e-01,-9.882894158363342285e-01,-6.164907291531562805e-02,3.050092458724975586e-01,-1.275598257780075073e-01,-9.421659141692277330e-18,1.632540076971054077e-01,-1.402304172515869141e-01,4.973586201667785645e-01,4.374341070652008057e-01,2.399999946355819702e-01,-4.268278479576110840e-01,4.471221864223480225e-01,5.130658745765686035e-01,-1.032107546925544739e-01,5.000000000000000000e-01,-5.679246783256530762e-01,5.007364228367805481e-02,9.324116706848144531e-01,3.090834915637969971e-01,2.353292554616928101e-01,5.721811056137084961e-01,2.060928046703338623e-01,7.656017690896987915e-02
1.959100008010864258e+00,1.960399150848388672e-01,3.047692775726318359e-01,-5.217297747731208801e-02,1.149837225675582886e-01,-9.892833232879638672e-01,-7.331558316946029663e-02,3.150428235530853271e-01,-1.815142184495925903e-01,7.386104139000347472e-18,1.496040970087051392e-01,-1.441854834556579590e-01,3.671909272670745850e-01,4.899158179759979248e-01,2.399999946355819702e-01,-3.845877051353454590e-01,4.499999880790710449e-01,5.579701066017150879e-01,2.427271567285060883e-02,5.000000000000000000e-01,-4.723509252071380615e-01,2.289764285087585449e-01,1.410969972610473633e+00,3.687622845172882080e-01,2.638817429542541504e-01,5.572108626365661621e-01,-2.999999932944774628e-02,1.964860782027244568e-02
1.946198225021362305e+00,2.036969512701034546e-01,3.103068470954895020e-01,-1.213808264583349228e-02,1.074293926358222961e-01,-9.887407422065734863e-01,-1.034568771719932556e-01,3.164672851562500000e-01,-2.048043757677078247e-01,1.803070308064766697e-18,1.388341784477233887e-01,-1.720306575298309326e-01,2.961398661136627197e-01,5.070368647575378418e-01,2.399999946355819702e-01,-2.647679746150970459e-01,4.499999880790710449e-01,5.973938107490539551e-01,1.544054597616195679e-01,5.000000000000000000e-01,-3.738760650157928467e-01,2.693959176540374756e-01,1.417704582214355469e+00,3.405650556087493896e-01,2.974845170974731445e-01,6.704079508781433105e-01,-2.428296580910682678e-02,-2.999999932944774628e-02
1.936066031455993652e+00,2.046376466751098633e-01,3.101252913475036621e-01,2.432065829634666443e-02,1.090099141001701355e-01,-9.859256148338317871e-01,-1.244025826454162598e-01,3.279218673706054688e-01,-2.193183600902557373e-01,-1.021994778301489972e-18,1.302955001592636108e-01,-1.878775060176849365e-01,2.254781872034072876e-01,4.940283000469207764e-01,2.399999946355819702e-01,-1.918607354164123535e-01,4.499999880790710449e-01,5.498399734497070312e-01,2.724849879741668701e-01,5.000000000000000000e-01,-1.000622883439064026e-01,3.090972006320953369e-01,1.386449694633483887e+00,2.990339100360870361e-01,2.508042454719543457e-01,8.060086965560913086e-01,-2.999999932944774628e-02,-2.999999932944774628e-02
1.926423430442810059e+00,2.081403732299804688e-01,3.118906915187835693e-01,5.689971894025802612e-02,1.145627200603485107e-01,-9.817793965339660645e-01,-1.405242830514907837e-01,3.410191237926483154e-01,-2.475878894329071045e-01,-3.075328063706292346e-18,1.046080216765403748e-01,-1.900107711553573608e-01,1.300365328788757324e-01,3.688633441925048828e-01,2.399999946355819702e-01,-5.062670633196830750e-02,4.499999880790710449e-01,4.136314094066619873e-01,3.279547393321990967e-01,5.000000000000000000e-01,8.365192264318466187e-02,2.804401516914367676e-01,1.278431415557861328e+00,1.519262492656707764e-01,1.058625206351280212e-01,9.600438475608825684e-01,-2.999999932944774628e-02,-2.999999932944774628e-02
1.917561173439025879e+00,2.099214643239974976e-01,3.124446570873260498e-01,7.594912499189376831e-02,1.254393607378005981e-01,-9.785050153732299805e-01,-1.449987143278121948e-01,3.582076728343963623e-01,-2.442608624696731567e-01,-1.290966223632729359e-17,7.759498059749603271e-02,-2.171886861324310303e-01,1.122246161103248596e-01,2.439868450164794922e-01,2.399999946355819702e-01,3.437959030270576477e-02,4.499999880790710449e-01,3.031353056430816650e-01,3.343745470046997070e-01,5.000000000000000000e-01,1.560382694005966187e-01,2.841944098472595215e-01,1.161204338073730469e+00,1.173688750714063644e-02,-4.038164392113685608e-02,1.098588109016418457e+00,-2.999999932944774628e-02,-2.999999932944774628e-02
1.910616397857666016e+00,2.091548293828964233e-01,3.116723895072937012e-01,7.792657613754272461e-02,1.438081562519073486e-01,-9.762397408485412598e-01,-1.421359181404113770e-01,3.917909264564514160e-01,-2.142217606306076050e-01,-1.927355022281471659e-18,5.179949477314949036e-02,-2.437999844551086426e-01,1.390435993671417236e-01,1.702078282833099365e-01,2.399999946355819702e-01,2.592716552317142487e-02,4.442479908466339111e-01,2.860670983791351318e-01,3.670137226581573486e-01,5.000000000000000000e-01,2.088100761175155640e-01,3.960253596305847168e-01,1.007487773895263672e+00,-1.210559532046318054e-01,-1.681015044450759888e-01,1.199671626091003418e+00,-2.999999932944774628e-02,-2.999999932944774628e-02
1.907408952713012695e+00,2.077763527631759644e-01,3.110022246837615967e-01,8.042076975107192993e-02,1.634841412305831909e-01,-9.739470481872558594e-01,-1.350279599428176880e-01,4.290678501129150391e-01,-2.010311186313629150e-01,1.559018733341968274e-17,2.155391313135623932e-02,-2.893300652503967285e-01,1.817466467618942261e-01,1.227496042847633362e-01,2.399999946355819702e-01,3.749261796474456787e-02,3.254723250865936279e-01,3.481225669384002686e-01,3.933210074901580811e-01,5.000000000000000000e-01,2.782889902591705322e-01,4.886463284492492676e-01,9.839584231376647949e-01,-1.540509164333343506e-01,-1.800000071525573730e-01,1.194899678230285645e+00,-2.999999932944774628e-02,-2.999999932944774628e-02
1.906935214996337891e+00,2.064898461103439331e-01,3.111399710178375244e-01,7.512494921684265137e-02,1.816771775484085083e-01,-9.722128510475158691e-01,-1.270896643400192261e-01,4.656171202659606934e-01,-1.915583312511444092e-01,-1.001884714800861098e-17,5.118589033372700214e-04,-3.470575213432312012e-01,2.681816220283508301e-01,9.594375640153884888e-02,2.399999946355819702e-01,5.543540418148040771e-02,2.061903029680252075e-01,4.080252349376678467e-01,4.140696227550506592e-01,4.620017409324645996e-01,2.851622402667999268e-01,5.382175445556640625e-01,9.950781464576721191e-01,-1.046976074576377869e-01,-1.558542847633361816e-01,1.095225214958190918e+00,-2.999999932944774628e-02,-2.999999932944774628e-02
1.908801794052124023e+00,2.053815424442291260e-01,3.104955255985260010e-01,5.975491553544998169e-02,1.886091828346252441e-01,-9.724392294883728027e-01,-1.233607977628707886e-01,4.871661067008972168e-01,-1.655855923891067505e-01,-1.961245728671596149e-17,8.426135405898094177e-03,-3.991670906543731689e-01,3.479813039302825928e-01,9.703662991523742676e-02,2.399999946355819702e-01,5.152347311377525330e-02,1.534544676542282104e-01,3.610542118549346924e-01,4.592491686344146729e-01,3.725300729274749756e-01,2.711720168590545654e-01,5.372171998023986816e-01,9.587314724922180176e-01,-5.546450614929199219e-02,-1.170377358794212341e-01,9.777857661247253418e-01,-2.999999932944774628e-02,-2.999999932944774628e-02
1.913106083869934082e+00,2.057001292705535889e-01,3.091262876987457275e-01,3.770277649164199829e-02,1.847150772809982300e-01,-9.743505716323852539e-01,-1.228813305497169495e-01,4.927397072315216064e-01,-1.328156441450119019e-01,1.091152474864419994e-17,2.180680446326732635e-02,-4.199004471302032471e-01,3.524215519428253174e-01,1.151342391967773438e-01,2.399999946355819702e-01,3.784580901265144348e-02,1.423304677009582520e-01,1.597063541412353516e-01,4.987936317920684814e-01,3.567274212837219238e-01,2.424842119216918945e-01,4.944981932640075684e-01,8.927860856056213379e-01,-2.191173285245895386e-02,-7.251353561878204346e-02,8.713706731796264648e-01,-2.999999932944774628e-02,-2.999999932944774628e-02
1.917125225067138672e+00,2.088307887315750122e-01,3.076640069484710693e-01,1.398373302072286606e-02,1.730604916810989380e-01,-9.778052568435668945e-01,-1.172664016485214233e-01,4.862277805805206299e-01,-1.035676524043083191e-01,-9.228416515710089217e-18,2.202074974775314331e-02,-4.146399497985839844e-01,2.728894948959350586e-01,1.451789438724517822e-01,2.399999946355819702e-01,8.959897793829441071e-03,1.376832276582717896e-01,-1.022426858544349670e-01,5.163814425468444824e-01,4.272289276123046875e-01,2.021515518426895142e-01,4.184564948081970215e-01,8.218905329704284668e-01,1.524484995752573013e-02,-1.023646164685487747e-02,7.592290639877319336e-01,-2.999999932944774628e-02,-2.999999932944774628e-02
1.919389009475708008e+00,2.125743478536605835e-01,3.068178892135620117e-01,-8.610800839960575104e-03,1.561387032270431519e-01,-9.822955727577209473e-01,-1.031599864363670349e-01,4.665902554988861084e-01,-8.136434108018875122e-02,6.826893235377242154e-19,4.154466092586517334e-02,-3.856733441352844238e-01,1.625601649284362793e-01,1.689747720956802368e-01,2.399999946355819702e-01,-2.855223603546619415e-02,1.456126421689987183e-01,-2.908282577991485596e-01,4.891635477542877197e-01,5.000000000000000000e-01,1.574112921953201294e-01,3.265243172645568848e-01,7.722387909889221191e-01,6.944564729928970337e-02,6.703767180442810059e-02,6.162123680114746094e-01,-2.999999932944774628e-02,-2.999999932944774628e-02
1.920915722846984863e+00,2.149259150028228760e-01,3.066935241222381592e-01,-2.513672970235347748e-02,1.356460005044937134e-01,-9.869139194488525391e-01,-8.348187059164047241e-02,4.323632419109344482e-01,-7.132872939109802246e-02,-8.202386646982989007e-18,8.654626458883285522e-02,-3.174127936363220215e-01,1.222759708762168884e-01,1.725448220968246460e-01,2.399999946355819702e-01,-6.067049503326416016e-02,1.673797518014907837e-01,-3.869248032569885254e-01,4.415520429611206055e-01,5.000000000000000000e-01,1.319691240787506104e-01,2.397552281618118286e-01,7.457783818244934082e-01,1.310815960168838501e-01,1.443831473588943481e-01,4.738398790359497070e-01,-2.999999932944774628e-02,-2.999999932944774628e-02
1.921679854393005371e+00,2.170311957597732544e-01,3.069455623626708984e-01,-3.813396766781806946e-02,1.124140247702598572e-01,-9.909470677375793457e-01,-6.271237134933471680e-02,3.919501602649688721e-01,-7.070728391408920288e-02,9.657078052747319219e-18,1.326689869165420532e-01,-2.510573863983154297e-01,1.297090202569961548e-01,1.569951623678207397e-01,2.399999946355819702e-01,-7.635436952114105225e-02,1.512303501367568970e-01,-4.502480626106262207e-01,3.624768853187561035e-01,5.000000000000000000e-01,1.152279973030090332e-01,1.568766832351684570e-01,7.327041029930114746e-01,1.963832378387451172e-01,2.190571874380111694e-01,3.405066728591918945e-01,-2.999999932944774628e-02,-1.366679556667804718e-02
1.922638654708862305e+00,2.189105153083801270e-01,3.072528541088104248e-01,-4.777378961443901062e-02,8.766195923089981079e-02,-9.939971566200256348e-01,-4.475141316652297974e-02,3.480923473834991455e-01,-7.863856852054595947e-02,1.224158733305700313e-17,1.804659664630889893e-01,-2.254756689071655273e-01,1.604059934616088867e-01,1.220955848693847656e-01,2.399999946355819702e-01,-6.741885095834732056e-02,1.143996417522430420e-01,-4.572232067584991455e-01,2.696032226085662842e-01,5.000000000000000000e-01,1.074082031846046448e-01,8.233907073736190796e-02,7.167589664459228516e-01,2.469975203275680542e-01,2.874904274940490723e-01,2.620351314544677734e-01,-2.999999932944774628e-02,5.270695313811302185e-02
