-9.788963943719863892e-03,-2.928234869614243507e-03,3.240146040916442871e-01,-9.780942648649215698e-02,8.392598479986190796e-02,-9.871052503585815430e-01,-9.493645280599594116e-02,0.000000000000000000e+00,0.000000000000000000e+00,3.911092579364776611e-01,6.613317877054214478e-02,2.800232963636517525e-03,-3.007754087448120117e-01,-2.291279286146163940e-01,1.358546614646911621e-01,1.719440892338752747e-02,-4.681123420596122742e-02,1.817925721406936646e-01,2.824034988880157471e-01,4.009046033024787903e-02,3.049640655517578125e-01,3.626308739185333252e-01,4.785801768302917480e-01,5.000000000000000000e-01,2.784580588340759277e-01,-1.004022955894470215e-01,-4.394983351230621338e-01,-1.635472849011421204e-02,1.907080784440040588e-02,-1.711809337139129639e-01,-7.059042155742645264e-02,5.917848087847232819e-03
-1.104490458965301514e-02,-3.442316781729459763e-03,3.240200579166412354e-01,-9.666918963193893433e-02,8.242059499025344849e-02,-9.881179928779602051e-01,-8.651412278413772583e-02,0.000000000000000000e+00,0.000000000000000000e+00,3.823961317539215088e-01,6.532473117113113403e-02,3.977715969085693359e-03,-3.469136655330657959e-01,-2.404502481222152710e-01,1.367795616388320923e-01,1.667294278740882874e-02,-5.301508121192455292e-03,1.724794358015060425e-01,2.827770709991455078e-01,4.940648376941680908e-02,3.123179972171783447e-01,3.835239410400390625e-01,4.490621089935302734e-01,5.000000000000000000e-01,2.850050628185272217e-01,-1.147590577602386475e-01,-4.510298073291778564e-01,-1.644610054790973663e-02,1.998729445040225983e-02,-1.860874593257904053e-01,-5.786705762147903442e-02,1.048456318676471710e-02
-1.230320800095796585e-02,-3.826019121333956718e-03,3.241061270236968994e-01,-9.610004723072052002e-02,7.992266863584518433e-02,-9.891614913940429688e-01,-7.704976946115493774e-02,0.000000000000000000e+00,0.000000000000000000e+00,3.718810379505157471e-01,6.335081905126571655e-02,4.572632256895303726e-03,-3.708617389202117920e-01,-2.534948587417602539e-01,1.403936594724655151e-01,1.629011519253253937e-02,2.263560332357883453e-02,1.598154604434967041e-01,2.835813462734222412e-01,5.621627345681190491e-02,2.905293703079223633e-01,4.105991125106811523e-01,3.678576350212097168e-01,5.000000000000000000e-01,2.969875931739807129e-01,-1.282117664813995361e-01,-4.720840454101562500e-01,-1.627643220126628876e-02,2.023861184716224670e-02,-1.983014345169067383e-01,-4.415241628885269165e-02,1.494174264371395111e-02
-1.337516773492097855e-02,-3.987381234765052795e-03,3.242518007755279541e-01,-9.686366468667984009e-02,7.641781121492385864e-02,-9.901256561279296875e-01,-6.655044108629226685e-02,0.000000000000000000e+00,0.000000000000000000e+00,3.610971868038177490e-01,6.179567798972129822e-02,5.097753368318080902e-03,-3.816993534564971924e-01,-2.675651013851165771e-01,1.472671031951904297e-01,1.635845564305782318e-02,4.405838251113891602e-02,1.435242742300033569e-01,2.841759026050567627e-01,5.779125913977622986e-02,2.441532611846923828e-01,4.143134057521820068e-01,2.421244829893112183e-01,5.000000000000000000e-01,3.085925281047821045e-01,-1.382723152637481689e-01,-4.913848042488098145e-01,-1.587883755564689636e-02,1.988804899156093597e-02,-2.048806399106979370e-01,-4.082581773400306702e-02,2.592569962143898010e-02
-1.434264238923788071e-02,-3.792360192164778709e-03,3.243061006069183350e-01,-1.005157679319381714e-01,7.225874066352844238e-02,-9.907466769218444824e-01,-5.564390122890472412e-02,0.000000000000000000e+00,0.000000000000000000e+00,3.541925251483917236e-01,6.581307202577590942e-02,5.978725384920835495e-03,-3.820975124835968018e-01,-2.857998013496398926e-01,1.629364490509033203e-01,1.713108271360397339e-02,6.350217759609222412e-02,1.273086518049240112e-01,2.840957641601562500e-01,5.526506900787353516e-02,2.018869966268539429e-01,3.583372235298156738e-01,1.011517718434333801e-01,5.000000000000000000e-01,3.185742795467376709e-01,-1.447624862194061279e-01,-4.972835481166839600e-01,-1.543157268315553665e-02,1.604658924043178558e-02,-2.085265517234802246e-01,-5.112866684794425964e-02,5.692927539348602295e-02
-1.522063557058572769e-02,-3.234954318031668663e-03,3.243424892425537109e-01,-1.075499281287193298e-01,6.858509033918380737e-02,-9.908319115638732910e-01,-4.451084136962890625e-02,0.000000000000000000e+00,0.000000000000000000e+00,3.553527593612670898e-01,7.613889873027801514e-02,7.260781247168779373e-03,-3.705111145973205566e-01,-3.062279522418975830e-01,1.898212432861328125e-01,1.838357746601104736e-02,8.499574661254882812e-02,1.071092486381530762e-01,2.829937338829040527e-01,5.271780863404273987e-02,1.882322430610656738e-01,2.476721554994583130e-01,-4.289120063185691833e-02,5.000000000000000000e-01,3.243736922740936279e-01,-1.412231773138046265e-01,-4.835417866706848145e-01,-1.537949964404106140e-02,2.676098234951496124e-02,-2.012700289487838745e-01,-1.481202244758605957e-01,1.432565599679946899e-01
-1.728286035358905792e-02,-2.347802743315696716e-03,3.239193856716156006e-01,-1.155428588390350342e-01,6.511462479829788208e-02,-9.906443953514099121e-01,-3.214994445443153381e-02,0.000000000000000000e+00,0.000000000000000000e+00,3.641822636127471924e-01,8.645487576723098755e-02,9.774024598300457001e-03,-3.103896677494049072e-01,-3.284134268760681152e-01,2.231699526309967041e-01,2.126394957304000854e-02,1.320675015449523926e-01,8.426080644130706787e-02,2.788403034210205078e-01,4.392960295081138611e-02,2.003682106733322144e-01,1.396243721246719360e-01,-1.754441708326339722e-01,5.000000000000000000e-01,3.404912054538726807e-01,-1.295785307884216309e-01,-4.701883494853973389e-01,-1.455401442945003510e-02,5.284566059708595276e-02,-1.832982450723648071e-01,-3.520815372467041016e-01,4.766609966754913330e-01
-2.039989456534385681e-02,-1.856639282777905464e-03,3.233236670494079590e-01,-1.198211759328842163e-01,6.270493566989898682e-02,-9.906204342842102051e-01,-1.954833604395389557e-02,0.000000000000000000e+00,0.000000000000000000e+00,3.775680661201477051e-01,9.555671364068984985e-02,1.286706328392028809e-02,-2.894685864448547363e-01,-3.404486477375030518e-01,2.540169954299926758e-01,2.331093512475490570e-02,1.465950459241867065e-01,6.886404752731323242e-02,2.745091617107391357e-01,1.206592191010713577e-02,2.270241081714630127e-01,6.285699456930160522e-02,-2.685685157775878906e-01,5.000000000000000000e-01,3.726297020912170410e-01,-1.182852387428283691e-01,-4.782227575778961182e-01,-1.435186807066202164e-02,9.047365933656692505e-02,-1.664979904890060425e-01,-4.955585300922393799e-01,7.620958089828491211e-01
-2.419298328459262848e-02,-1.803488004952669144e-03,3.230165243148803711e-01,-1.215052679181098938e-01,6.103537976741790771e-02,-9.906665086746215820e-01,-9.539595805108547211e-03,0.000000000000000000e+00,0.000000000000000000e+00,3.903330266475677490e-01,1.022890284657478333e-01,1.538024749606847763e-02,-2.762072384357452393e-01,-3.443280160427093506e-01,2.779572606086730957e-01,2.336136251688003540e-02,1.472476571798324585e-01,5.442785099148750305e-02,2.745686471462249756e-01,-2.164040878415107727e-02,2.571856379508972168e-01,9.984575212001800537e-03,-3.362979590892791748e-01,5.000000000000000000e-01,4.023935496807098389e-01,-9.900298714637756348e-02,-4.885672330856323242e-01,-1.483462192118167877e-02,2.110845297574996948e-01,-1.455559730529785156e-01,-7.785904407501220703e-01,9.635794162750244141e-01
-2.869678847491741180e-02,-1.889234757982194424e-03,3.229156136512756348e-01,-1.202604845166206360e-01,5.987043306231498718e-02,-9.909178614616394043e-01,-5.898468196392059326e-03,0.000000000000000000e+00,0.000000000000000000e+00,3.931128680706024170e-01,1.067190095782279968e-01,1.785595715045928955e-02,-2.686818838119506836e-01,-3.379367589950561523e-01,2.900157570838928223e-01,2.236202731728553772e-02,1.414898782968521118e-01,4.943992197513580322e-02,2.730366885662078857e-01,-5.523646250367164612e-02,2.911866903305053711e-01,3.150076605379581451e-03,-3.817804455757141113e-01,5.000000000000000000e-01,4.278165102005004883e-01,-8.014308661222457886e-02,-4.900138676166534424e-01,-1.543912105262279510e-02,3.072639107704162598e-01,-5.964054539799690247e-02,-1.081610679626464844e+00,1.159777283668518066e+00
-3.411119058728218079e-02,-2.560338238254189491e-03,3.228387832641601562e-01,-1.162645816802978516e-01,6.093126162886619568e-02,-9.912884235382080078e-01,-1.082513201981782913e-02,0.000000000000000000e+00,0.000000000000000000e+00,3.914426863193511963e-01,1.101190671324729919e-01,2.164305001497268677e-02,-2.805474400520324707e-01,-3.256272673606872559e-01,2.899805307388305664e-01,2.119503915309906006e-02,1.317277848720550537e-01,6.322346627712249756e-02,2.715874314308166504e-01,-1.133196502923965454e-01,3.163709640502929688e-01,-9.594764560461044312e-03,-4.275084733963012695e-01,5.000000000000000000e-01,4.530851840972900391e-01,-7.785736024379730225e-02,-4.896784722805023193e-01,-1.572467759251594543e-02,3.108985126018524170e-01,8.644290268421173096e-02,-1.157124042510986328e+00,1.245403170585632324e+00
-3.979241102933883667e-02,-4.996619652956724167e-03,3.234343230724334717e-01,-1.133944764733314514e-01,6.642609834671020508e-02,-9.911177754402160645e-01,-2.036705799400806427e-02,0.000000000000000000e+00,0.000000000000000000e+00,4.012890160083770752e-01,1.084526032209396362e-01,2.394025586545467377e-02,-2.997341752052307129e-01,-3.050287663936614990e-01,2.867569625377655029e-01,1.733377948403358459e-02,1.359367370605468750e-01,1.143303439021110535e-01,2.787792682647705078e-01,-1.838101595640182495e-01,3.320633172988891602e-01,-5.550837889313697815e-02,-4.886332452297210693e-01,5.000000000000000000e-01,4.693521261215209961e-01,-1.173893809318542480e-01,-4.930192828178405762e-01,-1.740721054375171661e-02,2.481117397546768188e-01,1.309023201465606689e-01,-9.484861493110656738e-01,8.921877741813659668e-01
-4.570519551634788513e-02,-8.591415360569953918e-03,3.234269022941589355e-01,-1.076584681868553162e-01,7.452903687953948975e-02,-9.908459186553955078e-01,-3.285461664199829102e-02,0.000000000000000000e+00,0.000000000000000000e+00,4.201848804950714111e-01,8.334471285343170166e-02,2.360297739505767822e-02,-3.844598531723022461e-01,-2.726586163043975830e-01,2.696710228919982910e-01,1.490794494748115540e-02,1.299038082361221313e-01,1.806103587150573730e-01,2.798575758934020996e-01,-2.238161712884902954e-01,3.384192585945129395e-01,-8.869958668947219849e-02,-5.774384737014770508e-01,5.000000000000000000e-01,4.624135792255401611e-01,-1.616504788398742676e-01,-4.743105173110961914e-01,-1.990043930709362030e-02,2.062728404998779297e-01,1.080730110406875610e-01,-7.693841457366943359e-01,5.499786138534545898e-01
-5.206631496548652649e-02,-1.347764302045106888e-02,3.218243718147277832e-01,-1.068346202373504639e-01,9.134377539157867432e-02,-9.888578653335571289e-01,-4.901780188083648682e-02,0.000000000000000000e+00,0.000000000000000000e+00,4.872566461563110352e-01,2.513599768280982971e-02,2.019364014267921448e-02,-4.446607530117034912e-01,-2.327877581119537354e-01,2.575721740722656250e-01,1.461266912519931793e-02,1.437055617570877075e-01,2.516578435897827148e-01,2.798037528991699219e-01,-2.406165599822998047e-01,3.428238332271575928e-01,-7.167565822601318359e-02,-6.763574481010437012e-01,5.000000000000000000e-01,4.577924907207489014e-01,-1.800000071525573730e-01,-4.442526102066040039e-01,-2.198428101837635040e-02,2.045070230960845947e-01,8.119592070579528809e-02,-6.360922455787658691e-01,2.612932026386260986e-01
-5.881137028336524963e-02,-2.119386941194534302e-02,3.190527558326721191e-01,-1.070568263530731201e-01,1.108775585889816284e-01,-9.856956601142883301e-01,-6.818432360887527466e-02,0.000000000000000000e+00,0.000000000000000000e+00,5.431036353111267090e-01,-5.693903192877769470e-02,1.582241430878639221e-02,-4.270526766777038574e-01,-2.057223469018936157e-01,2.470590025186538696e-01,1.344313751906156540e-02,1.546193510293960571e-01,3.304908275604248047e-01,2.784874141216278076e-01,-2.623774111270904541e-01,3.444190025329589844e-01,-3.810819983482360840e-02,-7.136997580528259277e-01,5.000000000000000000e-01,4.491869807243347168e-01,-1.800000071525573730e-01,-4.572339951992034912e-01,-8.615406230092048645e-03,1.972487270832061768e-01,4.624778404831886292e-02,-5.826935768127441406e-01,1.242241486907005310e-01
-6.594612449407577515e-02,-3.131545707583427429e-02,3.155765235424041748e-01,-1.041793152689933777e-01,1.259630620479583740e-01,-9.827465415000915527e-01,-8.654046058654785156e-02,0.000000000000000000e+00,0.000000000000000000e+00,5.631012916564941406e-01,-8.783360570669174194e-02,1.560345478355884552e-02,-4.366026520729064941e-01,-2.048509120941162109e-01,2.323344647884368896e-01,1.350780110806226730e-02,1.221879422664642334e-01,4.084336757659912109e-01,2.632021307945251465e-01,-3.059611916542053223e-01,3.451210260391235352e-01,3.911709878593683243e-03,-7.129308581352233887e-01,5.000000000000000000e-01,4.434658288955688477e-01,-1.800000071525573730e-01,-5.989410877227783203e-01,8.910988271236419678e-02,1.397092193365097046e-01,1.671067439019680023e-02,-5.450935363769531250e-01,1.279829889535903931e-01
-7.662209123373031616e-02,-4.029592499136924744e-02,3.108730614185333252e-01,-1.014854088425636292e-01,1.490666568279266357e-01,-9.776825308799743652e-01,-1.077808290719985962e-01,0.000000000000000000e+00,0.000000000000000000e+00,6.289874911308288574e-01,-2.381182461977005005e-02,1.703281514346599579e-02,-4.595837295055389404e-01,-1.839739978313446045e-01,2.302633523941040039e-01,1.511449553072452545e-02,1.898421496152877808e-01,4.987496435642242432e-01,2.518323063850402832e-01,-3.278065025806427002e-01,3.369674384593963623e-01,4.868881776928901672e-02,-7.101261019706726074e-01,5.000000000000000000e-01,4.183081090450286865e-01,-1.800000071525573730e-01,-9.984254240989685059e-01,9.662654399871826172e-01,1.070381775498390198e-01,-3.697102144360542297e-02,-4.329598546028137207e-01,2.013178309425711632e-03
-8.637876063585281372e-02,-5.008130148053169250e-02,3.067469596862792969e-01,-7.263152301311492920e-02,1.594939678907394409e-01,-9.777804017066955566e-01,-1.150298044085502625e-01,0.000000000000000000e+00,0.000000000000000000e+00,6.006081700325012207e-01,-1.347560063004493713e-02,1.880225725471973419e-02,-5.451968312263488770e-01,-1.832136213779449463e-01,1.690357178449630737e-01,1.590088382363319397e-02,1.934338808059692383e-01,5.179979205131530762e-01,1.883694082498550415e-01,-3.493897318840026855e-01,3.755498528480529785e-01,7.139415293931961060e-02,-6.959977149963378906e-01,5.000000000000000000e-01,4.279677867889404297e-01,-7.602337002754211426e-02,-1.329251170158386230e+00,1.490000009536743164e+00,1.757596582174301147e-01,-5.586685612797737122e-02,-4.750820100307464600e-01,-6.873822771012783051e-03
-9.515282511711120605e-02,-5.759992450475692749e-02,3.073352575302124023e-01,-5.653551593422889709e-02,1.823874562978744507e-01,-9.738592505455017090e-01,-1.230312958359718323e-01,0.000000000000000000e+00,0.000000000000000000e+00,6.265219449996948242e-01,-1.263594604097306728e-03,1.782983541488647461e-02,-6.031932830810546875e-01,-1.189936771988868713e-01,1.340944468975067139e-01,9.454559534788131714e-03,1.746208667755126953e-01,5.568947196006774902e-01,1.795350611209869385e-01,-3.640520274639129639e-01,4.213235974311828613e-01,9.499033540487289429e-02,-6.621108055114746094e-01,5.000000000000000000e-01,4.670060575008392334e-01,7.276866585016250610e-02,-1.497958779335021973e+00,1.490000009536743164e+00,2.041097432374954224e-01,-7.171352952718734741e-02,-5.197291374206542969e-01,-1.046316139400005341e-02
-1.027130633592605591e-01,-6.267729401588439941e-02,3.117000758647918701e-01,-4.838055744767189026e-02,2.037564069032669067e-01,-9.692982435226440430e-01,-1.288547664880752563e-01,0.000000000000000000e+00,0.000000000000000000e+00,6.649147868156433105e-01,8.769131265580654144e-03,1.372735016047954559e-02,-6.258497834205627441e-01,-2.656109817326068878e-02,9.842023253440856934e-02,1.738991704769432545e-03,2.034431248903274536e-01,5.841236710548400879e-01,2.007947117090225220e-01,-3.830546438694000244e-01,4.496541321277618408e-01,1.290492713451385498e-01,-6.137557029724121094e-01,5.000000000000000000e-01,4.788074493408203125e-01,2.594169974327087402e-01,-1.304518818855285645e+00,1.009553670883178711e+00,2.155252546072006226e-01,-6.141223013401031494e-02,-5.594885349273681641e-01,-1.299654785543680191e-02
-1.087096035480499268e-01,-6.808992475271224976e-02,3.167244791984558105e-01,-3.073691017925739288e-02,2.063449025154113770e-01,-9.709146022796630859e-01,-1.174813881516456604e-01,0.000000000000000000e+00,0.000000000000000000e+00,6.378853321075439453e-01,-3.261050209403038025e-02,1.031757798045873642e-02,-5.966289639472961426e-01,2.598555386066436768e-02,1.938535086810588837e-02,1.196739170700311661e-02,2.346416413784027100e-01,5.976608991622924805e-01,1.865963637828826904e-01,-3.982178270816802979e-01,4.499999880790710449e-01,1.114504635334014893e-01,-5.863398909568786621e-01,5.000000000000000000e-01,4.670824706554412842e-01,2.865644097328186035e-01,-1.209783673286437988e+00,4.530436098575592041e-01,2.126834988594055176e-01,-8.390933275222778320e-02,-5.844340920448303223e-01,-1.683985814452171326e-02
-1.146949529647827148e-01,-7.201258838176727295e-02,3.215899467468261719e-01,-2.314966544508934021e-02,1.994715929031372070e-01,-9.737405180931091309e-01,-1.072591990232467651e-01,0.000000000000000000e+00,0.000000000000000000e+00,6.053265333175659180e-01,-5.409221351146697998e-02,1.044416893273591995e-02,-5.819514393806457520e-01,6.802115589380264282e-02,-1.016103774309158325e-01,1.768167316913604736e-01,1.903619170188903809e-01,5.960447788238525391e-01,1.809727698564529419e-01,-4.174104332923889160e-01,4.497506618499755859e-01,4.019743204116821289e-02,-5.893200635910034180e-01,5.000000000000000000e-01,4.523706138134002686e-01,2.653060257434844971e-01,-1.196895480155944824e+00,3.193708956241607666e-01,1.983089447021484375e-01,-1.167845577001571655e-01,-5.849282145500183105e-01,-1.887875422835350037e-02
-1.204192414879798889e-01,-7.495143264532089233e-02,3.260616660118103027e-01,-3.303141146898269653e-02,1.857466846704483032e-01,-9.766651988029479980e-01,-1.026263982057571411e-01,0.000000000000000000e+00,0.000000000000000000e+00,5.844069123268127441e-01,-2.554614655673503876e-02,1.015179604291915894e-02,-5.691946148872375488e-01,9.983811527490615845e-02,-2.021223306655883789e-01,3.563995361328125000e-01,1.273771375417709351e-01,5.711700320243835449e-01,2.107875496149063110e-01,-4.179626405239105225e-01,4.226932525634765625e-01,-4.599612206220626831e-02,-6.004781126976013184e-01,5.000000000000000000e-01,4.508879780769348145e-01,2.468832731246948242e-01,-1.229129910469055176e+00,3.065770566463470459e-01,1.757264584302902222e-01,-1.517153084278106689e-01,-5.563188791275024414e-01,-2.033620886504650116e-02
-1.274811625480651855e-01,-7.794921845197677612e-02,3.299437463283538818e-01,-6.629495322704315186e-02,1.763385087251663208e-01,-9.764478206634521484e-01,-1.051633879542350769e-01,0.000000000000000000e+00,0.000000000000000000e+00,6.355946660041809082e-01,8.058148622512817383e-02,4.163421224802732468e-03,-4.562703073024749756e-01,1.382778435945510864e-01,-1.807562857866287231e-01,3.879747688770294189e-01,5.190369859337806702e-02,5.266439318656921387e-01,2.982612252235412598e-01,-3.814427852630615234e-01,3.557275533676147461e-01,-9.761109948158264160e-02,-5.761216878890991211e-01,5.000000000000000000e-01,4.282149672508239746e-01,2.306844592094421387e-01,-1.231399297714233398e+00,2.915237843990325928e-01,1.455751657485961914e-01,-1.739697754383087158e-01,-4.832303822040557861e-01,-2.038406953215599060e-02
-1.310350149869918823e-01,-8.314439654350280762e-02,3.317213058471679688e-01,-7.221739739179611206e-02,1.608748137950897217e-01,-9.800906777381896973e-01,-9.124809503555297852e-02,0.000000000000000000e+00,0.000000000000000000e+00,5.834621191024780273e-01,9.836594760417938232e-02,4.001823719590902328e-03,-4.009492695331573486e-01,1.714539676904678345e-01,-2.229832559823989868e-01,3.278056085109710693e-01,1.007727067917585373e-02,4.446938037872314453e-01,2.959862053394317627e-01,-3.405029475688934326e-01,3.157120347023010254e-01,-6.134675815701484680e-02,-5.388043522834777832e-01,5.000000000000000000e-01,4.150690436363220215e-01,2.428356260061264038e-01,-1.219441175460815430e+00,2.884224355220794678e-01,1.402647346258163452e-01,-1.702086776494979858e-01,-4.005700051784515381e-01,-2.080771885812282562e-02
-1.357702761888504028e-01,-8.792582899332046509e-02,3.310830593109130859e-01,-8.930861949920654297e-02,1.511755287647247314e-01,-9.814253449440002441e-01,-7.729326188564300537e-02,0.000000000000000000e+00,0.000000000000000000e+00,6.089456677436828613e-01,1.713405102491378784e-01,2.338640497314586116e-16,-3.398789167404174805e-01,2.062538117170333862e-01,-1.812181919813156128e-01,1.193292811512947083e-01,4.000489041209220886e-02,3.509486615657806396e-01,3.090174496173858643e-01,-2.874120175838470459e-01,2.672224938869476318e-01,-6.500283721834421158e-03,-5.286976099014282227e-01,5.000000000000000000e-01,3.610173165798187256e-01,2.885937988758087158e-01,-1.070962429046630859e+00,2.205337285995483398e-01,1.384774744510650635e-01,-1.563023626804351807e-01,-2.858814895153045654e-01,-2.090699970722198486e-02
-1.406271755695343018e-01,-9.207718819379806519e-02,3.285028040409088135e-01,-1.041014939546585083e-01,1.365245878696441650e-01,-9.835649132728576660e-01,-5.589266866445541382e-02,0.000000000000000000e+00,0.000000000000000000e+00,6.029114127159118652e-01,2.311764359474182129e-01,8.644019253551959991e-04,-3.248242735862731934e-01,2.164587974548339844e-01,-1.989956647157669067e-01,1.095909066498279572e-02,1.313595771789550781e-01,2.533001303672790527e-01,3.118295073509216309e-01,-2.518277466297149658e-01,2.148503065109252930e-01,3.966547176241874695e-02,-5.484512448310852051e-01,5.000000000000000000e-01,3.241051733493804932e-01,3.506031036376953125e-01,-8.931106328964233398e-01,1.431292891502380371e-01,1.468981355428695679e-01,-1.442848145961761475e-01,-1.923356950283050537e-01,-2.161839418113231659e-02
-1.473614573478698730e-01,-9.664338082075119019e-02,3.257355093955993652e-01,-1.151684373617172241e-01,1.212676614522933960e-01,-9.852789044380187988e-01,-3.543826937675476074e-02,0.000000000000000000e+00,0.000000000000000000e+00,5.854514837265014648e-01,2.853367030620574951e-01,4.874355625361204147e-03,-3.336273133754730225e-01,1.777314096689224243e-01,-1.627026647329330444e-01,1.160266902297735214e-02,1.807496696710586548e-01,1.737754195928573608e-01,3.084793984889984131e-01,-2.281375974416732788e-01,1.446769237518310547e-01,8.015021681785583496e-02,-5.859176516532897949e-01,5.000000000000000000e-01,2.910112440586090088e-01,3.957619071006774902e-01,-6.672377586364746094e-01,1.062254682183265686e-01,1.547050029039382935e-01,-1.439326852560043335e-01,-1.090856865048408508e-01,-2.209469303488731384e-02
-1.557024866342544556e-01,-1.022268906235694885e-01,3.237600028514862061e-01,-1.176436021924018860e-01,1.103288754820823669e-01,-9.867463707923889160e-01,-1.786411181092262268e-02,0.000000000000000000e+00,0.000000000000000000e+00,5.557293891906738281e-01,3.177390694618225098e-01,8.721870370209217072e-03,-3.391587138175964355e-01,1.279705911874771118e-01,-9.064996987581253052e-02,1.416847109794616699e-02,1.762452423572540283e-01,1.354323029518127441e-01,2.987810373306274414e-01,-2.166396826505661011e-01,8.319669216871261597e-02,1.095238253474235535e-01,-6.264195442199707031e-01,5.000000000000000000e-01,2.502238750457763672e-01,3.794077038764953613e-01,-4.120152592658996582e-01,8.474479615688323975e-02,1.441680639982223511e-01,-1.741704344749450684e-01,-6.215069442987442017e-02,6.767350714653730392e-03
-1.643815934658050537e-01,-1.085862070322036743e-01,3.238841295242309570e-01,-1.120640709996223450e-01,1.091687381267547607e-01,-9.876697063446044922e-01,-5.691418889909982681e-03,0.000000000000000000e+00,0.000000000000000000e+00,5.312669277191162109e-01,3.194867074489593506e-01,9.171837009489536285e-03,-3.072805106639862061e-01,1.008198708295822144e-01,-5.612027645111083984e-02,1.441205479204654694e-02,1.466587483882904053e-01,1.453594565391540527e-01,2.904244065284729004e-01,-1.863009482622146606e-01,2.088383398950099945e-02,1.014415398240089417e-01,-6.675258278846740723e-01,5.000000000000000000e-01,2.201110124588012695e-01,3.130225837230682373e-01,-2.737164497375488281e-01,1.334612630307674408e-02,1.191353276371955872e-01,-2.244820594787597656e-01,-1.444010287523269653e-01,1.975230723619461060e-01
-1.735066920518875122e-01,-1.146795600652694702e-01,3.262055516242980957e-01,-1.004065051674842834e-01,1.113760545849800110e-01,-9.886903762817382812e-01,2.295718761160969734e-03,0.000000000000000000e+00,0.000000000000000000e+00,4.970786571502685547e-01,2.824235260486602783e-01,8.712500333786010742e-03,-2.333061993122100830e-01,9.021881967782974243e-02,-5.268874019384384155e-02,1.335685979574918747e-02,1.345115453004837036e-01,1.758351176977157593e-01,2.822247743606567383e-01,-1.612480878829956055e-01,-2.387061156332492828e-02,8.216872811317443848e-02,-6.753816008567810059e-01,4.997476935386657715e-01,2.431978732347488403e-01,2.238620221614837646e-01,-3.155490756034851074e-01,-1.677107624709606171e-02,9.615271538496017456e-02,-2.551422417163848877e-01,-3.937222063541412354e-01,5.821484923362731934e-01
-1.836117058992385864e-01,-1.191414892673492432e-01,3.286233544349670410e-01,-8.876813203096389771e-02,1.064011305570602417e-01,-9.903270006179809570e-01,7.169341202825307846e-03,0.000000000000000000e+00,0.000000000000000000e+00,4.455917775630950928e-01,2.383723556995391846e-01,9.358827956020832062e-03,-1.344678848981857300e-01,7.792997360229492188e-02,-4.805770516395568848e-02,1.109709497541189194e-02,1.342802494764328003e-01,2.053039520978927612e-01,2.736621499061584473e-01,-1.728401184082031250e-01,-3.653629869222640991e-02,9.365997463464736938e-02,-6.457806825637817383e-01,5.000000000000000000e-01,2.784748971462249756e-01,1.343599706888198853e-01,-3.722418248653411865e-01,-1.509457174688577652e-02,4.612207412719726562e-02,-2.235113680362701416e-01,-6.064756512641906738e-01,9.237218499183654785e-01
-1.940052062273025513e-01,-1.227501854300498962e-01,3.301815688610076904e-01,-8.096039295196533203e-02,9.726586937904357910e-02,-9.919416904449462891e-01,6.038832478225231171e-03,0.000000000000000000e+00,0.000000000000000000e+00,4.042192101478576660e-01,2.179019302129745483e-01,1.224040612578392029e-02,-1.224443465471267700e-01,5.863389372825622559e-02,-2.725029736757278442e-02,8.451587520539760590e-03,1.142096444964408875e-01,2.325682193040847778e-01,2.652424275875091553e-01,-1.898756921291351318e-01,-2.604727633297443390e-03,9.453714638948440552e-02,-6.339684724807739258e-01,5.000000000000000000e-01,3.218637108802795410e-01,5.121655389666557312e-02,-4.101651310920715332e-01,-1.608859188854694366e-02,2.157376147806644440e-02,-1.431359052658081055e-01,-7.640196084976196289e-01,1.025260448455810547e+00
-2.027602046728134155e-01,-1.264079660177230835e-01,3.298881053924560547e-01,-5.518373101949691772e-02,8.509704470634460449e-02,-9.948422908782958984e-01,1.452219206839799881e-03,0.000000000000000000e+00,0.000000000000000000e+00,3.513087630271911621e-01,1.479387581348419189e-01,2.021369524300098419e-02,-1.955303847789764404e-01,3.130343183875083923e-02,-5.404155701398849487e-02,6.439040880650281906e-03,8.001737296581268311e-02,2.554543018341064453e-01,1.911852806806564331e-01,-1.850959360599517822e-01,6.470761448144912720e-02,7.998738437891006470e-02,-6.534140110015869141e-01,5.000000000000000000e-01,3.796842694282531738e-01,-2.572643011808395386e-02,-4.144836068153381348e-01,-1.716088317334651947e-02,3.207007050514221191e-02,-5.870820581912994385e-02,-8.626099228858947754e-01,9.753644466400146484e-01
-2.119797766208648682e-01,-1.309062242507934570e-01,3.287914097309112549e-01,-5.608851835131645203e-02,7.699756324291229248e-02,-9.953966736793518066e-01,-1.053296029567718506e-02,0.000000000000000000e+00,0.000000000000000000e+00,3.796277046203613281e-01,1.201151236891746521e-01,4.509580507874488831e-02,-3.868177831172943115e-01,-1.039825566112995148e-02,-1.438393443822860718e-02,4.154227208346128464e-03,4.462574422359466553e-02,2.869971692562103271e-01,1.921075582504272461e-01,-1.788518130779266357e-01,1.118712499737739563e-01,4.023824632167816162e-02,-6.838337779045104980e-01,5.000000000000000000e-01,4.085609316825866699e-01,-9.157156944274902344e-02,-4.020628333091735840e-01,-2.078049257397651672e-02,1.198093499988317490e-02,4.474014975130558014e-03,-8.919001817703247070e-01,7.701985239982604980e-01
-2.206710577011108398e-01,-1.369816809892654419e-01,3.269500434398651123e-01,-6.287516653537750244e-02,7.436718791723251343e-02,-9.948571324348449707e-01,-2.784831635653972626e-02,0.000000000000000000e+00,0.000000000000000000e+00,4.137050211429595947e-01,6.218135729432106018e-02,1.282642502337694168e-02,-5.267965793609619141e-01,-4.855068400502204895e-02,2.672616019845008850e-02,3.228942165151238441e-03,1.934804581105709076e-02,3.270554542541503906e-01,2.105768322944641113e-01,-1.662724912166595459e-01,1.289491206407546997e-01,-2.391462959349155426e-02,-7.105750441551208496e-01,5.000000000000000000e-01,4.203576147556304932e-01,-1.498291641473770142e-01,-3.743331730365753174e-01,-2.386098913848400116e-02,-3.199877589941024780e-02,1.532635185867547989e-02,-8.641647100448608398e-01,5.810811519622802734e-01
-2.283596694469451904e-01,-1.454284489154815674e-01,3.244592547416687012e-01,-5.289019644260406494e-02,6.990026682615280151e-02,-9.950064420700073242e-01,-4.773596674203872681e-02,0.000000000000000000e+00,0.000000000000000000e+00,3.887587785720825195e-01,-1.066031530499458313e-01,1.000168174505233765e-02,-5.407487154006958008e-01,-9.528584033250808716e-02,5.355196539312601089e-03,3.284481586888432503e-03,-7.636760361492633820e-03,3.474672436714172363e-01,1.806091219186782837e-01,-1.462269574403762817e-01,1.362424939870834351e-01,-7.817526906728744507e-02,-7.304285764694213867e-01,5.000000000000000000e-01,4.353311955928802490e-01,-1.798048913478851318e-01,-3.298136889934539795e-01,-2.353761717677116394e-02,-7.559154927730560303e-02,2.669282490387558937e-03,-8.147736191749572754e-01,5.175276994705200195e-01
-2.385014146566390991e-01,-1.547000110149383545e-01,3.220533728599548340e-01,-5.421352759003639221e-02,7.058585435152053833e-02,-9.932417869567871094e-01,-7.449326664209365845e-02,0.000000000000000000e+00,0.000000000000000000e+00,3.984760344028472900e-01,-2.405357509851455688e-01,5.593192297965288162e-03,-4.188091456890106201e-01,-1.473818719387054443e-01,-2.303160959854722023e-03,3.571504028514027596e-03,3.254918754100799561e-02,3.565279245376586914e-01,1.866664141416549683e-01,-1.323412656784057617e-01,1.284186542034149170e-01,-1.316821426153182983e-01,-7.507339119911193848e-01,5.000000000000000000e-01,4.348204731941223145e-01,-1.800000071525573730e-01,-2.684553861618041992e-01,-2.302563376724720001e-02,-1.051526367664337158e-01,7.400405127555131912e-03,-7.097634673118591309e-01,3.728442788124084473e-01
-2.506307959556579590e-01,-1.645660847425460815e-01,3.186836838722229004e-01,-5.919245257973670959e-02,7.978645712137222290e-02,-9.897185564041137695e-01,-1.028960570693016052e-01,0.000000000000000000e+00,0.000000000000000000e+00,4.439412057399749756e-01,-3.313602209091186523e-01,2.485876902937889099e-03,-2.892044484615325928e-01,-1.927075982093811035e-01,-1.118616433814167976e-03,6.705030333250761032e-03,8.171898871660232544e-02,3.714912533760070801e-01,1.983009278774261475e-01,-1.477884501218795776e-01,1.204227954149246216e-01,-1.534627228975296021e-01,-7.490563392639160156e-01,5.000000000000000000e-01,4.471865594387054443e-01,-1.800000071525573730e-01,-2.133952230215072632e-01,-2.213723585009574890e-02,-1.102108880877494812e-01,4.264327883720397949e-02,-5.952960252761840820e-01,2.515349984169006348e-01
-2.643627822399139404e-01,-1.753362417221069336e-01,3.141559362411499023e-01,-5.728749558329582214e-02,9.378530085086822510e-02,-9.850310683250427246e-01,-1.328016966581344604e-01,0.000000000000000000e+00,0.000000000000000000e+00,4.988818168640136719e-01,-3.325079381465911865e-01,2.218968700617551804e-03,-2.195655703544616699e-01,-2.277779281139373779e-01,-2.608727850019931793e-02,2.561915479600429535e-02,1.035162359476089478e-01,3.851559162139892578e-01,1.820306628942489624e-01,-1.685820966958999634e-01,1.205390095710754395e-01,-1.333949863910675049e-01,-7.208274602890014648e-01,5.000000000000000000e-01,4.881573021411895752e-01,-1.800000071525573730e-01,-1.621450632810592651e-01,-1.807042770087718964e-02,-6.611128151416778564e-02,1.025310680270195007e-01,-5.186671018600463867e-01,1.913444995880126953e-01
-2.813572883605957031e-01,-1.843011528253555298e-01,3.107246458530426025e-01,-6.914710253477096558e-02,1.256728470325469971e-01,-9.762211441993713379e-01,-1.625341475009918213e-01,0.000000000000000000e+00,0.000000000000000000e+00,6.110391616821289062e-01,-1.774932146072387695e-01,6.720250006765127182e-03,-2.927268147468566895e-01,-2.224442213773727417e-01,1.713944366201758385e-03,5.245570093393325806e-02,1.491666734218597412e-01,4.325733780860900879e-01,2.245690673589706421e-01,-1.941826641559600830e-01,7.969333976507186890e-02,-6.371893733739852905e-02,-6.865957379341125488e-01,5.000000000000000000e-01,4.923596680164337158e-01,-1.800000071525573730e-01,-1.067927852272987366e-01,-2.245128899812698364e-02,-1.452849898487329483e-02,1.570692360401153564e-01,-4.975496530532836914e-01,1.594685316085815430e-01
-2.977558672428131104e-01,-1.926526725292205811e-01,3.062657713890075684e-01,-5.582675710320472717e-02,1.202917471528053284e-01,-9.740729928016662598e-01,-1.832895278930664062e-01,0.000000000000000000e+00,0.000000000000000000e+00,5.602976679801940918e-01,-4.578071087598800659e-02,1.042580232024192810e-02,-4.793171882629394531e-01,-2.668382227420806885e-01,-1.438182294368743896e-01,2.019054144620895386e-01,1.748813241720199585e-01,4.267594218254089355e-01,1.369961947202682495e-01,-2.390829622745513916e-01,9.628020972013473511e-02,3.520713746547698975e-02,-6.378272175788879395e-01,5.000000000000000000e-01,5.214263796806335449e-01,-1.800000071525573730e-01,-1.938430033624172211e-02,2.176188863813877106e-02,1.056322082877159119e-01,1.800000071525573730e-01,-4.530062079429626465e-01,1.396631598472595215e-01
-3.150265812873840332e-01,-1.938388496637344360e-01,3.083371520042419434e-01,-9.105694293975830078e-02,1.213208585977554321e-01,-9.667847752571105957e-01,-2.057112455368041992e-01,0.000000000000000000e+00,0.000000000000000000e+00,6.650093197822570801e-01,1.315235048532485962e-01,1.723310910165309906e-02,-5.586376190185546875e-01,-2.883933186531066895e-01,-9.901849180459976196e-02,2.589559555053710938e-01,1.248741298913955688e-01,4.388188123703002930e-01,2.640583217144012451e-01,-2.641471922397613525e-01,4.726398736238479614e-02,1.011394485831260681e-01,-6.217133402824401855e-01,5.000000000000000000e-01,3.659692406654357910e-01,-1.800000071525573730e-01,-1.138082072138786316e-01,2.334536910057067871e-01,1.124279946088790894e-01,1.800000071525573730e-01,-4.613885283470153809e-01,5.145097151398658752e-02
-3.282449841499328613e-01,-1.936127245426177979e-01,3.101337850093841553e-01,-9.193453192710876465e-02,9.434176236391067505e-02,-9.679903984069824219e-01,-2.136405408382415771e-01,0.000000000000000000e+00,0.000000000000000000e+00,6.413547396659851074e-01,2.022067308425903320e-01,2.145407721400260925e-02,-5.947999358177185059e-01,-2.389233410358428955e-01,-2.355274707078933716e-01,3.470972776412963867e-01,8.449951559305191040e-02,4.091663062572479248e-01,2.393454015254974365e-01,-3.230428993701934814e-01,5.935726314783096313e-02,1.392646133899688721e-01,-6.059698462486267090e-01,4.982187151908874512e-01,3.268203437328338623e-01,-1.800000071525573730e-01,-5.222458243370056152e-01,3.961106240749359131e-01,1.737288236618041992e-01,1.772019416093826294e-01,-4.645737707614898682e-01,7.879208028316497803e-02
-3.447578549385070801e-01,-1.904367506504058838e-01,3.108157813549041748e-01,-9.282849729061126709e-02,7.402653247117996216e-02,-9.678881168365478516e-01,-2.215751409530639648e-01,0.000000000000000000e+00,0.000000000000000000e+00,6.455467939376831055e-01,2.888234257698059082e-01,1.423738803714513779e-02,-4.666605591773986816e-01,-8.796951919794082642e-02,-2.839645743370056152e-01,2.323238700628280640e-01,-8.806812763214111328e-02,3.772110044956207275e-01,2.532193958759307861e-01,-4.163286387920379639e-01,7.474093139171600342e-02,1.862984001636505127e-01,-5.561193823814392090e-01,4.693555533885955811e-01,2.807815372943878174e-01,-1.703613400459289551e-01,-1.117596507072448730e+00,1.339403271675109863e+00,2.162559032440185547e-01,1.800000071525573730e-01,-4.561233818531036377e-01,2.095292322337627411e-03
-3.583444654941558838e-01,-1.876842230558395386e-01,3.129512667655944824e-01,-9.067644178867340088e-02,6.414695084095001221e-02,-9.651449322700500488e-01,-2.369772344827651978e-01,0.000000000000000000e+00,0.000000000000000000e+00,6.480026841163635254e-01,3.430640101432800293e-01,1.482389215379953384e-02,-4.897807836532592773e-01,9.235104918479919434e-02,-3.802343904972076416e-01,1.361187845468521118e-01,-1.040956303477287292e-01,3.534162640571594238e-01,2.564175128936767578e-01,-4.930475652217864990e-01,1.577773094177246094e-01,1.628205776214599609e-01,-5.211551189422607422e-01,4.561273157596588135e-01,2.433161288499832153e-01,-1.465857625007629395e-01,-1.385103225708007812e+00,1.451014041900634766e+00,2.428454309701919556e-01,1.800000071525573730e-01,-4.294759333133697510e-01,4.201090335845947266e-02
-3.723985552787780762e-01,-1.869212538003921509e-01,3.140270411968231201e-01,-5.047795549035072327e-02,5.185509845614433289e-02,-9.713318347930908203e-01,-2.264454364776611328e-01,0.000000000000000000e+00,0.000000000000000000e+00,4.668178856372833252e-01,2.890715599060058594e-01,1.917606219649314880e-02,-6.268489956855773926e-01,2.119889557361602783e-01,-4.382305741310119629e-01,3.858688101172447205e-02,-1.414073109626770020e-01,3.434957563877105713e-01,1.162678748369216919e-01,-6.748631000518798828e-01,3.176263868808746338e-01,1.641249954700469971e-01,-4.854083359241485596e-01,4.490574300289154053e-01,2.947699725627899170e-01,-1.636024117469787598e-01,-1.502511739730834961e+00,1.452549099922180176e+00,3.148288428783416748e-01,1.800000071525573730e-01,-3.861862123012542725e-01,1.038266345858573914e-01
-3.867867290973663330e-01,-1.903124600648880005e-01,3.145629167556762695e-01,1.597120426595211029e-02,5.750885233283042908e-03,-9.689844250679016113e-01,-2.465381920337677002e-01,0.000000000000000000e+00,0.000000000000000000e+00,1.321075409650802612e-01,1.378703415393829346e-01,2.652336284518241882e-02,-1.043238639831542969e+00,1.277266889810562134e-01,-5.737319588661193848e-01,8.174195140600204468e-02,-2.629010081291198730e-01,2.504595518112182617e-01,-1.049570664763450623e-01,-7.811504006385803223e-01,4.499532878398895264e-01,2.145040482282638550e-01,-4.547580182552337646e-01,4.237699806690216064e-01,3.138647675514221191e-01,-1.799999922513961792e-01,-1.499837398529052734e+00,1.474781870841979980e+00,4.193952679634094238e-01,1.800000071525573730e-01,-3.619833886623382568e-01,1.868702471256256104e-01
-4.052182137966156006e-01,-1.914686411619186401e-01,3.137764036655426025e-01,2.119850181043148041e-02,-6.905047222971916199e-03,-9.521281123161315918e-01,-3.048851490020751953e-01,0.000000000000000000e+00,0.000000000000000000e+00,3.876247256994247437e-02,1.737135350704193115e-01,3.098363243043422699e-02,-1.608857989311218262e+00,5.028503760695457458e-02,-5.742695927619934082e-01,1.775104999542236328e-01,-4.446223974227905273e-01,2.142418175935745239e-01,-1.170071810483932495e-01,-8.020644187927246094e-01,4.499740004539489746e-01,2.783206701278686523e-01,-4.786084294319152832e-01,4.329901039600372314e-01,2.985633909702301025e-01,-1.800000071525573730e-01,-1.479987263679504395e+00,1.479271292686462402e+00,4.705767631530761719e-01,1.800000071525573730e-01,-3.576494455337524414e-01,3.039701282978057861e-01
-4.259783625602722168e-01,-1.903253197669982910e-01,3.121963143348693848e-01,1.887448132038116455e-02,-1.564979366958141327e-02,-9.294306635856628418e-01,-3.681812584400177002e-01,0.000000000000000000e+00,0.000000000000000000e+00,-1.035202527418732643e-03,1.453134864568710327e-01,6.737922132015228271e-02,-2.042901992797851562e+00,3.100077388808131218e-03,-5.144826173782348633e-01,2.295078039169311523e-01,-7.008116245269775391e-01,1.902227997779846191e-01,-1.036578193306922913e-01,-8.204377293586730957e-01,4.499706923961639404e-01,3.213820159435272217e-01,-5.619774460792541504e-01,4.364104568958282471e-01,2.657856345176696777e-01,-1.799951046705245972e-01,-1.345366716384887695e+00,1.453333735466003418e+00,4.722806513309478760e-01,1.800000071525573730e-01,-3.594712913036346436e-01,4.894092679023742676e-01
-4.472805261611938477e-01,-1.865909546613693237e-01,3.098239898681640625e-01,2.028263173997402191e-02,-2.463177777826786041e-02,-9.052276611328125000e-01,-4.237272143363952637e-01,0.000000000000000000e+00,0.000000000000000000e+00,1.408585160970687866e-02,5.740393325686454773e-02,9.294002503156661987e-02,-2.239575386047363281e+00,-4.274626076221466064e-02,-4.156879186630249023e-01,1.958066374063491821e-01,-1.043804645538330078e+00,1.559655070304870605e-01,-8.515733480453491211e-02,-8.009050488471984863e-01,4.499600231647491455e-01,4.139934778213500977e-01,-6.766202449798583984e-01,4.381904602050781250e-01,2.500000596046447754e-01,-1.799436658620834351e-01,-1.182198405265808105e+00,1.382868051528930664e+00,4.199735224246978760e-01,1.800000071525573730e-01,-4.214217960834503174e-01,8.036382198333740234e-01
-4.690332710742950439e-01,-1.817975938320159912e-01,3.068129122257232666e-01,1.940732635557651520e-02,-2.926041558384895325e-02,-8.786981105804443359e-01,-4.760848879814147949e-01,0.000000000000000000e+00,0.000000000000000000e+00,9.770318120718002319e-02,-3.055728739127516747e-03,4.643296822905540466e-03,-2.181747913360595703e+00,-9.619057923555374146e-02,-3.027978837490081787e-01,5.967449769377708435e-02,-1.392336368560791016e+00,1.004419624805450439e-01,-3.186112269759178162e-02,-7.317475676536560059e-01,4.499369859695434570e-01,6.084402799606323242e-01,-7.973363995552062988e-01,4.215382933616638184e-01,3.252821266651153564e-01,-8.969660848379135132e-02,-1.177664399147033691e+00,1.364488244056701660e+00,4.241132140159606934e-01,1.800000071525573730e-01,-7.032023072242736816e-01,1.292901635169982910e+00
-4.914431571960449219e-01,-1.766976565122604370e-01,3.043398559093475342e-01,1.989478059113025665e-02,-2.744964510202407837e-02,-8.488186001777648926e-01,-5.275961756706237793e-01,0.000000000000000000e+00,0.000000000000000000e+00,2.286554425954818726e-01,-6.696142256259918213e-02,3.855669638141989708e-05,-1.965844631195068359e+00,-1.465008556842803955e-01,-2.575400173664093018e-01,3.090182726737111807e-04,-1.590794205665588379e+00,5.040433630347251892e-02,2.746130339801311493e-02,-6.470918059349060059e-01,4.499301910400390625e-01,8.491765260696411133e-01,-8.605442643165588379e-01,3.393853902816772461e-01,4.452819228172302246e-01,1.272231992334127426e-02,-1.287318825721740723e+00,1.418542504310607910e+00,5.253819823265075684e-01,1.800000071525573730e-01,-1.044780373573303223e+00,1.489993572235107422e+00
-5.144472122192382812e-01,-1.739575266838073730e-01,3.016434907913208008e-01,2.185345999896526337e-02,-2.292491868138313293e-02,-8.142498731613159180e-01,-5.796499252319335938e-01,0.000000000000000000e+00,0.000000000000000000e+00,3.387216031551361084e-01,-1.338077336549758911e-01,1.295923351607637143e-17,-1.756870388984680176e+00,-2.009490579366683960e-01,-2.569698393344879150e-01,1.904553355416283011e-04,-1.639574289321899414e+00,1.538023725152015686e-02,6.589131802320480347e-02,-5.514280200004577637e-01,4.499524533748626709e-01,1.028596997261047363e+00,-8.685787916183471680e-01,2.506710886955261230e-01,5.293784141540527344e-01,8.553325384855270386e-02,-1.373822450637817383e+00,1.484519839286804199e+00,6.434113979339599609e-01,1.799455732107162476e-01,-1.292603373527526855e+00,1.489992380142211914e+00
-5.376482009887695312e-01,-1.728411614894866943e-01,2.979045212268829346e-01,1.822069287300109863e-02,-1.848161220550537109e-02,-7.768392562866210938e-01,-6.291639208793640137e-01,0.000000000000000000e+00,0.000000000000000000e+00,3.919864296913146973e-01,-1.696306318044662476e-01,-3.066418087738177409e-18,-1.617667675018310547e+00,-2.656915783882141113e-01,-2.563108503818511963e-01,2.087964385282248259e-04,-1.635151505470275879e+00,6.115080788731575012e-03,8.440844714641571045e-02,-4.592078626155853271e-01,4.499734044075012207e-01,1.104416131973266602e+00,-8.689426183700561523e-01,2.134667187929153442e-01,5.863561034202575684e-01,9.523760527372360229e-02,-1.424267172813415527e+00,1.489547491073608398e+00,7.186717987060546875e-01,1.494717746973037720e-01,-1.415546655654907227e+00,1.489991664886474609e+00
-5.613116621971130371e-01,-1.720057725906372070e-01,2.921257019042968750e-01,1.490966510027647018e-02,-7.028328836895525455e-04,-7.380368113517761230e-01,-6.745952963829040527e-01,0.000000000000000000e+00,0.000000000000000000e+00,4.344419240951538086e-01,-1.443794816732406616e-01,1.016545415823567194e-17,-1.573377966880798340e+00,-3.121306002140045166e-01,-2.500544190406799316e-01,2.290128322783857584e-04,-1.630462050437927246e+00,3.696428984403610229e-02,9.727658331394195557e-02,-4.040622711181640625e-01,4.499891698360443115e-01,1.105968832969665527e+00,-8.496918678283691406e-01,2.481464296579360962e-01,6.325492858886718750e-01,8.062116801738739014e-02,-1.432299494743347168e+00,1.489582061767578125e+00,7.561227083206176758e-01,1.020977571606636047e-01,-1.478455305099487305e+00,1.489993572235107422e+00
-5.841133594512939453e-01,-1.715124249458312988e-01,2.853383123874664307e-01,1.557273603975772858e-02,2.854499220848083496e-02,-7.004603743553161621e-01,-7.129501700401306152e-01,0.000000000000000000e+00,0.000000000000000000e+00,4.709760248661041260e-01,-2.300818078219890594e-02,1.909711218456684951e-17,-1.668343305587768555e+00,-3.286831378936767578e-01,-2.486040145158767700e-01,2.339910861337557435e-04,-1.618900656700134277e+00,1.000314503908157349e-01,1.083016321063041687e-01,-3.919155597686767578e-01,4.499998688697814941e-01,1.029802322387695312e+00,-8.020734786987304688e-01,3.489011824131011963e-01,6.603735685348510742e-01,6.908584386110305786e-02,-1.401555538177490234e+00,1.489600539207458496e+00,7.568144202232360840e-01,5.358980596065521240e-02,-1.508229255676269531e+00,1.489997863769531250e+00
-6.023211479187011719e-01,-1.716937422752380371e-01,2.802703380584716797e-01,3.033150453120470047e-03,4.249867796897888184e-02,-6.746835112571716309e-01,-7.368763685226440430e-01,0.000000000000000000e+00,0.000000000000000000e+00,4.377922713756561279e-01,1.135797128081321716e-01,6.670544519076144181e-18,-1.854950666427612305e+00,-3.685845434665679932e-01,-2.632606029510498047e-01,3.843587765004485846e-04,-1.629728198051452637e+00,1.444773375988006592e-01,1.134878769516944885e-01,-4.429832100868225098e-01,4.499957561492919922e-01,9.036913514137268066e-01,-7.078821063041687012e-01,4.775803983211517334e-01,6.525336503982543945e-01,3.934627398848533630e-02,-1.341262578964233398e+00,1.489562511444091797e+00,7.334803938865661621e-01,-4.829267971217632294e-03,-1.551151394844055176e+00,1.490000009536743164e+00
-6.138130426406860352e-01,-1.732923090457916260e-01,2.785070240497589111e-01,-8.955776691436767578e-03,4.526964202523231506e-02,-6.652787327766418457e-01,-7.451674938201904297e-01,0.000000000000000000e+00,0.000000000000000000e+00,3.737275004386901855e-01,1.735510975122451782e-01,-6.877647796992577103e-18,-2.009988546371459961e+00,-3.839367926120758057e-01,-2.971477806568145752e-01,4.890604689717292786e-02,-1.741234540939331055e+00,1.898446083068847656e-01,9.812042117118835449e-02,-5.184709429740905762e-01,4.499941766262054443e-01,7.578337192535400391e-01,-6.004734039306640625e-01,5.000000000000000000e-01,6.112114191055297852e-01,-2.694105543196201324e-02,-1.275069952011108398e+00,1.489495992660522461e+00,6.904483437538146973e-01,-7.236683368682861328e-02,-1.589119553565979004e+00,1.490000009536743164e+00
-6.176987290382385254e-01,-1.769043058156967163e-01,2.937777340412139893e-01,1.333532738499343395e-03,1.031254827976226807e-01,-6.444771885871887207e-01,-7.576361298561096191e-01,0.000000000000000000e+00,0.000000000000000000e+00,6.575981378555297852e-01,1.997819691896438599e-01,1.488262601196765900e-02,-1.234326839447021484e+00,-1.854892075061798096e-01,-4.733216166496276855e-01,5.515817999839782715e-01,-9.082099199295043945e-01,4.065622389316558838e-01,2.258371412754058838e-01,-5.108244419097900391e-01,4.222907721996307373e-01,4.958371520042419434e-01,-4.378288388252258301e-01,5.000000000000000000e-01,4.526850581169128418e-01,-1.365107148885726929e-01,-9.969355463981628418e-01,4.728062450885772705e-01,3.199813961982727051e-01,-1.971399039030075073e-01,-1.209711790084838867e+00,1.490000009536743164e+00
-6.196874380111694336e-01,-1.752641797065734863e-01,3.004530966281890869e-01,-1.622558385133743286e-02,1.003598868846893311e-01,-6.503060460090637207e-01,-7.528390288352966309e-01,0.000000000000000000e+00,0.000000000000000000e+00,6.583372950553894043e-01,1.930390298366546631e-01,1.382412854582071304e-02,-7.864098548889160156e-01,-4.392528906464576721e-02,-5.028530359268188477e-01,7.635576128959655762e-01,-4.248207211494445801e-01,3.908641040325164795e-01,2.646434605121612549e-01,-5.376990437507629395e-01,3.685267567634582520e-01,4.693919122219085693e-01,-3.835959732532501221e-01,5.000000000000000000e-01,4.305172264575958252e-01,-1.800000071525573730e-01,-9.382267594337463379e-01,4.748932644724845886e-02,2.533010840415954590e-01,-2.110566943883895874e-01,-1.199574232101440430e+00,1.490000009536743164e+00
-6.231445074081420898e-01,-1.728392690420150757e-01,3.045242130756378174e-01,-3.830509632825851440e-02,8.733940869569778442e-02,-6.418431997299194336e-01,-7.608822584152221680e-01,0.000000000000000000e+00,0.000000000000000000e+00,6.431894898414611816e-01,2.486811578273773193e-01,1.119091548025608063e-02,-7.075236439704895020e-01,-7.376133464276790619e-03,-3.229466676712036133e-01,6.193253397941589355e-01,-3.347154855728149414e-01,3.359796106815338135e-01,2.895947992801666260e-01,-5.157656669616699219e-01,3.636282980442047119e-01,3.869959712028503418e-01,-3.008914887905120850e-01,5.000000000000000000e-01,4.057949185371398926e-01,-1.800000071525573730e-01,-9.223071932792663574e-01,2.062251232564449310e-02,2.095624059438705444e-01,-2.219825834035873413e-01,-1.156392097473144531e+00,1.490000009536743164e+00
-6.265257000923156738e-01,-1.688242405652999878e-01,3.088779747486114502e-01,-4.192415252327919006e-02,7.818628102540969849e-02,-6.350380182266235352e-01,-7.673695087432861328e-01,0.000000000000000000e+00,0.000000000000000000e+00,6.301032304763793945e-01,2.520490288734436035e-01,1.281477138400077820e-02,-5.784879326820373535e-01,-6.564629077911376953e-02,-1.807169765233993530e-01,4.339624345302581787e-01,-2.942401766777038574e-01,3.216784298419952393e-01,3.007750809192657471e-01,-5.096265673637390137e-01,4.092772305011749268e-01,2.340349107980728149e-01,-2.240491807460784912e-01,5.000000000000000000e-01,4.043509364128112793e-01,-1.800000071525573730e-01,-9.444501996040344238e-01,9.257838246412575245e-04,1.836239397525787354e-01,-2.319920808076858521e-01,-1.153352737426757812e+00,1.490000009536743164e+00
-6.300898194313049316e-01,-1.624269783496856689e-01,3.148921728134155273e-01,-1.480783987790346146e-02,7.415176182985305786e-02,-6.277498006820678711e-01,-7.747337818145751953e-01,0.000000000000000000e+00,0.000000000000000000e+00,6.232630014419555664e-01,2.006166577339172363e-01,1.148039009422063828e-02,-4.590349197387695312e-01,-6.571564078330993652e-02,-1.651868075132369995e-01,2.909014225006103516e-01,-2.300835400819778442e-01,3.551749587059020996e-01,3.002534508705139160e-01,-5.138542652130126953e-01,4.499672353267669678e-01,1.295720636844635010e-01,-9.771259874105453491e-02,5.000000000000000000e-01,4.254402220249176025e-01,-1.783550828695297241e-01,-1.003272175788879395e+00,-7.443502545356750488e-03,1.494209915399551392e-01,-2.194949686527252197e-01,-1.158288955688476562e+00,1.490000009536743164e+00
-6.346933841705322266e-01,-1.529113203287124634e-01,3.216756880283355713e-01,2.782435715198516846e-02,6.689175218343734741e-02,-6.111642718315124512e-01,-7.881811261177062988e-01,0.000000000000000000e+00,0.000000000000000000e+00,6.213011741638183594e-01,1.239252761006355286e-01,8.843088522553443909e-03,-3.179839849472045898e-01,-2.149818837642669678e-02,-1.695376187562942505e-01,1.330203115940093994e-01,-8.594998717308044434e-02,3.929942846298217773e-01,3.020263612270355225e-01,-4.918045103549957275e-01,4.499999880790710449e-01,1.320055723190307617e-01,7.511034607887268066e-02,5.000000000000000000e-01,4.606591761112213135e-01,-1.719719469547271729e-01,-1.087093114852905273e+00,-9.088848717510700226e-03,9.571800380945205688e-02,-1.904094517230987549e-01,-1.133263230323791504e+00,1.490000009536743164e+00
-6.386749744415283203e-01,-1.431887298822402954e-01,3.258109688758850098e-01,6.096665561199188232e-02,5.203028023242950439e-02,-5.898359417915344238e-01,-8.035356402397155762e-01,0.000000000000000000e+00,0.000000000000000000e+00,6.200910806655883789e-01,5.798052623867988586e-02,8.793221786618232727e-03,-2.651291787624359131e-01,-7.880749180912971497e-03,-1.823691725730895996e-01,2.466110698878765106e-02,1.120248530060052872e-02,3.979862034320831299e-01,3.059019148349761963e-01,-4.468487799167633057e-01,4.499999880790710449e-01,1.827601641416549683e-01,2.639469206333160400e-01,5.000000000000000000e-01,5.105404257774353027e-01,-1.619135141372680664e-01,-1.200802087783813477e+00,-7.967875339090824127e-03,4.452802613377571106e-02,-1.578836441040039062e-01,-1.109498500823974609e+00,1.490000009536743164e+00
-6.431967616081237793e-01,-1.346771121025085449e-01,3.264058530330657959e-01,7.523383200168609619e-02,2.733004279434680939e-02,-5.731506347656250000e-01,-8.155313134193420410e-01,0.000000000000000000e+00,0.000000000000000000e+00,5.619627237319946289e-01,-1.836637593805789948e-02,1.022052578628063202e-02,-3.159114718437194824e-01,-5.527128651738166809e-02,-2.359525859355926514e-01,1.983894594013690948e-02,5.367829650640487671e-02,3.314788639545440674e-01,3.062644302845001221e-01,-3.809590637683868408e-01,4.498412907123565674e-01,2.740574181079864502e-01,4.407451152801513672e-01,5.000000000000000000e-01,5.327564477920532227e-01,-6.905830651521682739e-02,-1.259771347045898438e+00,-7.038823328912258148e-03,2.387063577771186829e-02,-1.066418588161468506e-01,-1.101515173912048340e+00,1.490000009536743164e+00
-6.499664187431335449e-01,-1.277099847793579102e-01,3.229908943176269531e-01,8.580870181322097778e-02,1.011296547949314117e-02,-5.538817048072814941e-01,-8.281000256538391113e-01,0.000000000000000000e+00,0.000000000000000000e+00,4.960817694664001465e-01,-1.532256603240966797e-01,8.973670192062854767e-03,-4.194734990596771240e-01,-1.062236204743385315e-01,-2.820281088352203369e-01,1.671487465500831604e-02,8.315164595842361450e-02,2.659631669521331787e-01,3.038055300712585449e-01,-2.859467566013336182e-01,4.499999880790710449e-01,2.675271332263946533e-01,5.731762051582336426e-01,5.000000000000000000e-01,5.520408749580383301e-01,3.844859311357140541e-03,-1.298160910606384277e+00,-7.643178105354309082e-03,2.063330076634883881e-02,-7.333457469940185547e-02,-1.114659547805786133e+00,1.490000009536743164e+00
-6.609069705009460449e-01,-1.215711906552314758e-01,3.162859082221984863e-01,9.524872899055480957e-02,-1.931439735926687717e-03,-5.258141756057739258e-01,-8.452475070953369141e-01,0.000000000000000000e+00,0.000000000000000000e+00,4.163756072521209717e-01,-3.529238104820251465e-01,9.660175070166587830e-03,-4.384525120258331299e-01,-1.472204029560089111e-01,-3.321548998355865479e-01,1.427754294127225876e-02,1.038054078817367554e-01,2.088095992803573608e-01,2.985021471977233887e-01,-1.558454781770706177e-01,4.499994218349456787e-01,1.668011248111724854e-01,6.638574004173278809e-01,5.000000000000000000e-01,5.779202580451965332e-01,-3.214539494365453720e-03,-1.352133870124816895e+00,-9.401463903486728668e-03,3.984328359365463257e-03,-6.171795353293418884e-02,-1.157945394515991211e+00,1.490000009536743164e+00
-6.723043918609619141e-01,-1.152080669999122620e-01,3.082090318202972412e-01,8.650088310241699219e-02,-4.854383878409862518e-03,-4.943276643753051758e-01,-8.649474978446960449e-01,0.000000000000000000e+00,0.000000000000000000e+00,3.681748807430267334e-01,-4.367536902427673340e-01,1.219027396291494370e-02,-3.672015070915222168e-01,-2.222286760807037354e-01,-3.629309833049774170e-01,4.964194446802139282e-02,1.064521223306655884e-01,1.204813048243522644e-01,3.069567084312438965e-01,-1.724190637469291687e-02,4.499999880790710449e-01,6.467230618000030518e-02,7.061195969581604004e-01,5.000000000000000000e-01,5.959967374801635742e-01,-2.128704637289047241e-02,-1.395096898078918457e+00,-8.596233092248439789e-03,3.688383102416992188e-02,-5.339726433157920837e-02,-1.203824639320373535e+00,1.490000009536743164e+00
-6.804636120796203613e-01,-1.096721515059471130e-01,3.017936944961547852e-01,7.045564055442810059e-02,-4.756629001349210739e-03,-4.698607623577117920e-01,-8.799114823341369629e-01,0.000000000000000000e+00,0.000000000000000000e+00,3.261161744594573975e-01,-3.791453540325164795e-01,1.584355719387531281e-02,-3.763290345668792725e-01,-3.071809709072113037e-01,-3.606287240982055664e-01,8.416872471570968628e-02,7.987234741449356079e-02,4.194374009966850281e-02,3.167254924774169922e-01,6.759288907051086426e-02,4.499999880790710449e-01,1.697321236133575439e-02,7.152163386344909668e-01,5.000000000000000000e-01,6.093693971633911133e-01,-3.532169014215469360e-02,-1.430926918983459473e+00,-7.252294104546308517e-03,8.483693003654479980e-02,-2.765146642923355103e-02,-1.228439331054687500e+00,1.490000009536743164e+00
-6.861510872840881348e-01,-1.052349507808685303e-01,2.999269962310791016e-01,6.538279354572296143e-02,-5.236744415014982224e-03,-4.513403773307800293e-01,-8.899379372596740723e-01,0.000000000000000000e+00,0.000000000000000000e+00,2.927938103675842285e-01,-3.230420351028442383e-01,1.614600606262683868e-02,-4.524467587471008301e-01,-3.531654477119445801e-01,-3.244449496269226074e-01,3.499509766697883606e-02,4.197670891880989075e-02,1.283149048686027527e-02,3.196946382522583008e-01,1.152443066239356995e-01,4.499999880790710449e-01,-7.166109513491392136e-03,7.756645679473876953e-01,5.000000000000000000e-01,6.103078722953796387e-01,-4.112420976161956787e-02,-1.436681747436523438e+00,-7.424181792885065079e-03,1.156328767538070679e-01,-2.686372771859169006e-02,-1.259868144989013672e+00,1.490000009536743164e+00
-6.892976164817810059e-01,-1.022702828049659729e-01,3.029289543628692627e-01,7.068866491317749023e-02,-9.745823219418525696e-03,-4.398675858974456787e-01,-8.952232599258422852e-01,0.000000000000000000e+00,0.000000000000000000e+00,2.772269248962402344e-01,-3.265474140644073486e-01,1.569553650915622711e-02,-4.979446232318878174e-01,-3.522005975246429443e-01,-3.355663716793060303e-01,1.471005007624626160e-02,2.021600119769573212e-02,1.833863556385040283e-02,3.192185163497924805e-01,1.343708634376525879e-01,4.499999880790710449e-01,-4.707234352827072144e-02,9.007750749588012695e-01,5.000000000000000000e-01,5.979261994361877441e-01,-5.045052617788314819e-02,-1.427337646484375000e+00,-7.673782762140035629e-03,9.901128709316253662e-02,-4.625776037573814392e-02,-1.265225410461425781e+00,1.490000009536743164e+00
-6.907396316528320312e-01,-1.008745804429054260e-01,3.075654506683349609e-01,8.252283930778503418e-02,-1.143611222505569458e-02,-4.342291355133056641e-01,-8.969416022300720215e-01,0.000000000000000000e+00,0.000000000000000000e+00,2.856689393520355225e-01,-3.524000346660614014e-01,1.552700344473123550e-02,-4.908826351165771484e-01,-3.216828405857086182e-01,-3.701037466526031494e-01,1.273568999022245407e-02,2.628077566623687744e-02,3.693131357431411743e-02,3.230878412723541260e-01,1.486332416534423828e-01,4.499999880790710449e-01,-1.134105250239372253e-01,1.029803752899169922e+00,5.000000000000000000e-01,5.623390078544616699e-01,-5.764107778668403625e-02,-1.396985530853271484e+00,-7.930567488074302673e-03,6.878823041915893555e-02,-6.472627073526382446e-02,-1.262529134750366211e+00,1.490000009536743164e+00
-6.907316446304321289e-01,-1.018910333514213562e-01,3.110494315624237061e-01,9.079618752002716064e-02,-8.725885301828384399e-03,-4.379504621028900146e-01,-8.943597078323364258e-01,0.000000000000000000e+00,0.000000000000000000e+00,3.021655976772308350e-01,-3.786432445049285889e-01,1.622903160750865936e-02,-4.583128392696380615e-01,-2.876349985599517822e-01,-3.879420459270477295e-01,1.384234149008989334e-02,4.734056070446968079e-02,4.185208678245544434e-02,3.308618664741516113e-01,1.627881228923797607e-01,4.499999880790710449e-01,-2.074467986822128296e-01,1.141533136367797852e+00,5.000000000000000000e-01,5.158998966217041016e-01,-4.982407018542289734e-02,-1.363024234771728516e+00,-7.978753186762332916e-03,4.150636866688728333e-02,-7.035463303327560425e-02,-1.235969543457031250e+00,1.490000009536743164e+00
-6.905053853988647461e-01,-1.042365506291389465e-01,3.127249181270599365e-01,9.370835870504379272e-02,-3.981193527579307556e-03,-4.487214088439941406e-01,-8.887361884117126465e-01,0.000000000000000000e+00,0.000000000000000000e+00,3.124908208847045898e-01,-3.999733924865722656e-01,1.710129529237747192e-02,-4.242280721664428711e-01,-2.674082517623901367e-01,-3.848696053028106689e-01,1.635514013469219208e-02,6.248098239302635193e-02,1.942943967878818512e-02,3.365065753459930420e-01,1.837161332368850708e-01,4.499999880790710449e-01,-3.047894835472106934e-01,1.234370708465576172e+00,5.000000000000000000e-01,4.738782048225402832e-01,-1.505356281995773315e-02,-1.350904941558837891e+00,-7.989928126335144043e-03,1.822510920464992523e-02,-5.711232125759124756e-02,-1.176381707191467285e+00,1.490000009536743164e+00
-6.905077099800109863e-01,-1.066727489233016968e-01,3.126774728298187256e-01,9.396094828844070435e-02,3.208730369806289673e-03,-4.598578512668609619e-01,-8.830015659332275391e-01,0.000000000000000000e+00,0.000000000000000000e+00,3.202535808086395264e-01,-4.102790951728820801e-01,1.865681447088718414e-02,-4.009380042552947998e-01,-2.600652277469635010e-01,-3.670296669006347656e-01,1.868727430701255798e-02,6.843029707670211792e-02,-2.995481155812740326e-02,3.373325467109680176e-01,2.325357645750045776e-01,4.499999880790710449e-01,-3.981420695781707764e-01,1.281711220741271973e+00,5.000000000000000000e-01,4.453508257865905762e-01,4.551806300878524780e-02,-1.358674883842468262e+00,-8.874541148543357849e-03,8.000376634299755096e-03,-1.985056884586811066e-02,-1.098619937896728516e+00,1.490000009536743164e+00
-6.904162168502807617e-01,-1.088895425200462341e-01,3.118816018104553223e-01,8.982855826616287231e-02,1.109936274588108063e-02,-4.689262509346008301e-01,-8.785873651504516602e-01,0.000000000000000000e+00,0.000000000000000000e+00,3.229190111160278320e-01,-4.082415103912353516e-01,2.002189867198467255e-02,-3.932639658451080322e-01,-2.668700814247131348e-01,-3.424665629863739014e-01,2.066142857074737549e-02,7.133310288190841675e-02,-1.003335937857627869e-01,3.356944620609283447e-01,3.040590882301330566e-01,4.499999880790710449e-01,-4.718649089336395264e-01,1.283683538436889648e+00,5.000000000000000000e-01,4.294238984584808350e-01,1.169984564185142517e-01,-1.382299065589904785e+00,-1.042670849710702896e-02,-6.629208568483591080e-03,3.702120855450630188e-02,-1.013841152191162109e+00,1.490000009536743164e+00
-6.899197101593017578e-01,-1.108150705695152283e-01,3.115574717521667480e-01,8.350364118814468384e-02,1.464483514428138733e-02,-4.786921143531799316e-01,-8.738801479339599609e-01,0.000000000000000000e+00,0.000000000000000000e+00,3.155784308910369873e-01,-4.105557203292846680e-01,2.059412188827991486e-02,-3.922308981418609619e-01,-2.816908955574035645e-01,-3.220609426498413086e-01,2.153121493756771088e-02,7.273581624031066895e-02,-1.719369441270828247e-01,3.326282501220703125e-01,3.568376898765563965e-01,4.499999880790710449e-01,-5.568131804466247559e-01,1.306746602058410645e+00,4.997481107711791992e-01,4.056055843830108643e-01,1.819318979978561401e-01,-1.398024559020996094e+00,-1.209541596472263336e-02,-3.645639121532440186e-02,9.297294169664382935e-02,-9.234631061553955078e-01,1.490000009536743164e+00
-6.892199516296386719e-01,-1.132126152515411377e-01,3.120444715023040771e-01,7.970559597015380859e-02,1.684721559286117554e-02,-4.866200685501098633e-01,-8.698069453239440918e-01,0.000000000000000000e+00,0.000000000000000000e+00,3.117106258869171143e-01,-4.206163585186004639e-01,2.079886198043823242e-02,-3.879486918449401855e-01,-2.831122577190399170e-01,-3.141163587570190430e-01,2.280005626380443573e-02,7.467459142208099365e-02,-2.295640408992767334e-01,3.298595249652862549e-01,3.930444121360778809e-01,4.499999880790710449e-01,-5.707416534423828125e-01,1.309286594390869141e+00,4.988426268100738525e-01,3.664484620094299316e-01,2.234273254871368408e-01,-1.397374391555786133e+00,-1.344734895974397659e-02,-9.939976036548614502e-02,1.357190161943435669e-01,-8.051981329917907715e-01,1.490000009536743164e+00
-6.884045004844665527e-01,-1.160915419459342957e-01,3.131275177001953125e-01,7.890833914279937744e-02,1.916817203164100647e-02,-4.939455986022949219e-01,-8.656926751136779785e-01,0.000000000000000000e+00,0.000000000000000000e+00,3.129799962043762207e-01,-4.386599659919738770e-01,2.130317315459251404e-02,-3.790019750595092773e-01,-2.748525142669677734e-01,-3.152335286140441895e-01,2.389019541442394257e-02,7.825291156768798828e-02,-2.548573911190032959e-01,3.314212560653686523e-01,4.049061834812164307e-01,4.499999880790710449e-01,-5.423059463500976562e-01,1.298516869544982910e+00,4.987246990203857422e-01,3.167389631271362305e-01,2.228789329528808594e-01,-1.367467164993286133e+00,-1.385587267577648163e-02,-1.675313860177993774e-01,1.535260230302810669e-01,-6.822293996810913086e-01,1.490000009536743164e+00
-6.873548030853271484e-01,-1.190986335277557373e-01,3.141814470291137695e-01,8.120385557413101196e-02,2.474655956029891968e-02,-4.985136985778808594e-01,-8.627152442932128906e-01,0.000000000000000000e+00,0.000000000000000000e+00,3.266486823558807373e-01,-4.514071345329284668e-01,2.114051580429077148e-02,-3.688156902790069580e-01,-2.537037134170532227e-01,-3.191616833209991455e-01,2.558517828583717346e-02,8.442332595586776733e-02,-2.570241689682006836e-01,3.329707086086273193e-01,4.113867580890655518e-01,4.499999880790710449e-01,-4.942053258419036865e-01,1.256433010101318359e+00,4.992133975028991699e-01,2.773406207561492920e-01,2.203999608755111694e-01,-1.324303030967712402e+00,-1.426580362021923065e-02,-2.044153809547424316e-01,1.610869616270065308e-01,-6.043757200241088867e-01,1.490000009536743164e+00
-6.863686442375183105e-01,-1.220305934548377991e-01,3.151336312294006348e-01,8.200284838676452637e-02,3.102477267384529114e-02,-5.019955635070800781e-01,-8.604146838188171387e-01,0.000000000000000000e+00,0.000000000000000000e+00,3.385003507137298584e-01,-4.596542716026306152e-01,2.137853763997554779e-02,-3.544161319732666016e-01,-2.398192286491394043e-01,-3.216812908649444580e-01,2.675963006913661957e-02,9.561467915773391724e-02,-2.476161420345306396e-01,3.337211310863494873e-01,4.080076217651367188e-01,4.493589401245117188e-01,-4.827848970890045166e-01,1.163731932640075684e+00,5.000000000000000000e-01,2.525477409362792969e-01,2.189847379922866821e-01,-1.271294713020324707e+00,-1.441601850092411041e-02,-2.150294929742813110e-01,1.600695401430130005e-01,-5.467181205749511719e-01,1.490000009536743164e+00
-6.857846975326538086e-01,-1.252071708440780640e-01,3.158474564552307129e-01,8.181608468294143677e-02,4.048984870314598083e-02,-5.015479922294616699e-01,-8.603001236915588379e-01,0.000000000000000000e+00,0.000000000000000000e+00,3.560827970504760742e-01,-4.565467834472656250e-01,2.151716686785221100e-02,-3.387525677680969238e-01,-2.250198274850845337e-01,-3.211946785449981689e-01,2.801450155675411224e-02,1.110328659415245056e-01,-2.184768617153167725e-01,3.363495171070098877e-01,3.973197340965270996e-01,3.839320242404937744e-01,-4.862499237060546875e-01,1.071691513061523438e+00,5.000000000000000000e-01,2.516598701477050781e-01,2.130745202302932739e-01,-1.221929073333740234e+00,-1.374904345721006393e-02,-2.132990211248397827e-01,1.492002308368682861e-01,-5.067933797836303711e-01,1.490000009536743164e+00
-6.861615777015686035e-01,-1.289159506559371948e-01,3.162704408168792725e-01,8.015635609626770020e-02,5.276937037706375122e-02,-4.971692264080047607e-01,-8.623300790786743164e-01,0.000000000000000000e+00,0.000000000000000000e+00,3.770588636398315430e-01,-4.451650679111480713e-01,2.160314470529556274e-02,-3.235755562782287598e-01,-2.091482579708099365e-01,-3.175190091133117676e-01,2.901241555809974670e-02,1.285755932331085205e-01,-1.650433987379074097e-01,3.400000035762786865e-01,3.704933226108551025e-01,2.657723426818847656e-01,-4.451244175434112549e-01,9.282549023628234863e-01,5.000000000000000000e-01,2.643879354000091553e-01,1.846932023763656616e-01,-1.160813212394714355e+00,-1.163837872445583344e-02,-2.085482031106948853e-01,1.268066614866256714e-01,-4.828473031520843506e-01,1.490000009536743164e+00
-6.868961453437805176e-01,-1.327026933431625366e-01,3.160571157932281494e-01,7.107085734605789185e-02,6.227336078882217407e-02,-4.932099878787994385e-01,-8.647629022598266602e-01,0.000000000000000000e+00,0.000000000000000000e+00,3.820005655288696289e-01,-4.281220734119415283e-01,2.153486199676990509e-02,-3.072439134120941162e-01,-2.155490070581436157e-01,-3.009126186370849609e-01,2.908299304544925690e-02,1.438038945198059082e-01,-1.038039475679397583e-01,3.400000035762786865e-01,3.219601809978485107e-01,1.979134678840637207e-01,-3.844993412494659424e-01,6.637687683105468750e-01,5.000000000000000000e-01,2.955758571624755859e-01,1.335044056177139282e-01,-1.089724898338317871e+00,-9.140324778854846954e-03,-1.868049502372741699e-01,9.231498092412948608e-02,-4.760564565658569336e-01,1.490000009536743164e+00
-6.872093081474304199e-01,-1.361928582191467285e-01,3.149347901344299316e-01,5.607161670923233032e-02,7.012435048818588257e-02,-4.877449870109558105e-01,-8.683567047119140625e-01,0.000000000000000000e+00,0.000000000000000000e+00,3.787482976913452148e-01,-3.984046876430511475e-01,2.044825069606304169e-02,-2.918173074722290039e-01,-2.378592193126678467e-01,-2.717785239219665527e-01,2.911563590168952942e-02,1.478241831064224243e-01,-4.121680557727813721e-02,3.350147604942321777e-01,2.656221985816955566e-01,2.088574171066284180e-01,-3.088783323764801025e-01,3.423619866371154785e-01,5.000000000000000000e-01,3.353832364082336426e-01,7.304669171571731567e-02,-1.005921244621276855e+00,-6.840858608484268188e-03,-1.424951106309890747e-01,5.159005150198936462e-02,-4.838914275169372559e-01,1.490000009536743164e+00
-6.874591112136840820e-01,-1.392968297004699707e-01,3.133196532726287842e-01,4.144838452339172363e-02,7.796705514192581177e-02,-4.831822514533996582e-01,-8.710557222366333008e-01,0.000000000000000000e+00,0.000000000000000000e+00,3.777105808258056641e-01,-3.665777146816253662e-01,1.922869496047496796e-02,-2.859368324279785156e-01,-2.609818279743194580e-01,-2.360886782407760620e-01,3.041118569672107697e-02,1.313054561614990234e-01,3.163342177867889404e-02,3.294326364994049072e-01,1.893023103475570679e-01,2.293267697095870972e-01,-2.611453533172607422e-01,9.315417706966400146e-02,5.000000000000000000e-01,3.715674579143524170e-01,1.368875848129391670e-03,-9.283092021942138672e-01,-4.647176712751388550e-03,-1.045818105340003967e-01,4.537133965641260147e-03,-4.959880113601684570e-01,1.490000009536743164e+00
-6.880970001220703125e-01,-1.418046504259109497e-01,3.121950626373291016e-01,3.372163325548171997e-02,8.730202913284301758e-02,-4.801332056522369385e-01,-8.721888065338134766e-01,0.000000000000000000e+00,0.000000000000000000e+00,3.876819312572479248e-01,-3.427254259586334229e-01,1.888272725045681000e-02,-2.857649922370910645e-01,-2.672744393348693848e-01,-2.057169824838638306e-01,3.537501767277717590e-02,9.973613172769546509e-02,1.055051982402801514e-01,3.243087530136108398e-01,1.046712473034858704e-01,2.372720837593078613e-01,-2.796778082847595215e-01,-8.648692071437835693e-02,5.000000000000000000e-01,3.871814012527465820e-01,-6.330792605876922607e-02,-8.574773073196411133e-01,-4.220242612063884735e-03,-7.377603650093078613e-02,-3.620478510856628418e-02,-5.533920526504516602e-01,1.490000009536743164e+00
-6.893013119697570801e-01,-1.429810374975204468e-01,3.117103874683380127e-01,3.610746562480926514e-02,9.653073549270629883e-02,-4.784847795963287354e-01,-8.720266222953796387e-01,0.000000000000000000e+00,0.000000000000000000e+00,4.105947911739349365e-01,-3.307535350322723389e-01,1.851521432399749756e-02,-2.872789502143859863e-01,-2.488135546445846558e-01,-1.836900711059570312e-01,3.307474777102470398e-02,6.516926735639572144e-02,1.730680614709854126e-01,3.161242902278900146e-01,6.509927567094564438e-03,2.753633856773376465e-01,-3.327258229255676270e-01,-2.049040198326110840e-01,5.000000000000000000e-01,3.988262712955474854e-01,-9.502257406711578369e-02,-8.104596138000488281e-01,-5.768759641796350479e-03,-3.049118258059024811e-02,-5.425011739134788513e-02,-6.910777091979980469e-01,1.490000009536743164e+00
-6.910082697868347168e-01,-1.416337788105010986e-01,3.120016455650329590e-01,4.676971957087516785e-02,1.040384620428085327e-01,-4.765950441360473633e-01,-8.716913461685180664e-01,0.000000000000000000e+00,0.000000000000000000e+00,4.426945149898529053e-01,-3.233610093593597412e-01,1.719540357589721680e-02,-2.923168838024139404e-01,-2.146034836769104004e-01,-1.719329953193664551e-01,2.793504856526851654e-02,3.541199117898941040e-02,2.289649844169616699e-01,3.079481720924377441e-01,-1.176569312810897827e-01,3.417918384075164795e-01,-3.942674398422241211e-01,-2.571396231651306152e-01,5.000000000000000000e-01,4.243124425411224365e-01,-8.807764947414398193e-02,-7.980276942253112793e-01,-7.776765152812004089e-03,2.110471576452255249e-02,-4.017865285277366638e-02,-8.770847320556640625e-01,1.490000009536743164e+00
-6.931796073913574219e-01,-1.377375870943069458e-01,3.130657374858856201e-01,6.001644581556320190e-02,1.064992249011993408e-01,-4.723714888095855713e-01,-8.728809356689453125e-01,0.000000000000000000e+00,0.000000000000000000e+00,4.684598147869110107e-01,-3.178324699401855469e-01,1.622073166072368622e-02,-3.017734885215759277e-01,-1.877406090497970581e-01,-1.745359599590301514e-01,2.408336661756038666e-02,9.717102162539958954e-03,2.650613486766815186e-01,3.064529895782470703e-01,-2.535338699817657471e-01,3.991932868957519531e-01,-4.185015857219696045e-01,-2.535297870635986328e-01,5.000000000000000000e-01,4.561633467674255371e-01,-5.265427380800247192e-02,-8.039074540138244629e-01,-9.573694318532943726e-03,8.871404826641082764e-02,3.316409653052687645e-03,-1.154142379760742188e+00,1.489902496337890625e+00
-6.955170035362243652e-01,-1.326331943273544312e-01,3.145852684974670410e-01,7.635987550020217896e-02,1.038300320506095886e-01,-4.632546603679656982e-01,-8.768030405044555664e-01,0.000000000000000000e+00,0.000000000000000000e+00,4.908664226531982422e-01,-3.161375522613525391e-01,1.504560839384794235e-02,-3.111514449119567871e-01,-1.600507795810699463e-01,-1.976720392704010010e-01,1.913397386670112610e-02,8.684976026415824890e-03,2.967721819877624512e-01,3.155257105827331543e-01,-3.208696842193603516e-01,4.487635493278503418e-01,-3.753223419189453125e-01,-2.294172048568725586e-01,5.000000000000000000e-01,4.906803965568542480e-01,-2.166442200541496277e-02,-8.420074582099914551e-01,-1.329012867063283920e-02,1.330312937498092651e-01,-1.642336510121822357e-02,-1.365911006927490234e+00,1.284895539283752441e+00
-6.972963809967041016e-01,-1.267704814672470093e-01,3.158157169818878174e-01,9.599870443344116211e-02,9.403489530086517334e-02,-4.487428963184356689e-01,-8.834995627403259277e-01,0.000000000000000000e+00,0.000000000000000000e+00,5.064970850944519043e-01,-3.214444816112518311e-01,1.370621472597122192e-02,-3.296872973442077637e-01,-1.255709081888198853e-01,-2.419543415307998657e-01,1.389393396675586700e-02,1.032018568366765976e-02,3.541777729988098145e-01,3.291493654251098633e-01,-3.732975423336029053e-01,4.499999880790710449e-01,-3.167507648468017578e-01,-1.703059822320938110e-01,5.000000000000000000e-01,5.312492847442626953e-01,-1.555845979601144791e-02,-9.251128435134887695e-01,-1.817069761455059052e-02,5.751009657979011536e-02,-6.519325077533721924e-02,-1.322428107261657715e+00,8.954057097434997559e-01
-6.974245905876159668e-01,-1.206158697605133057e-01,3.164676129817962646e-01,1.137287020683288574e-01,8.205340057611465454e-02,-4.278605878353118896e-01,-8.928988575935363770e-01,0.000000000000000000e+00,0.000000000000000000e+00,5.210150480270385742e-01,-3.196336627006530762e-01,1.383320800960063934e-02,-3.499422669410705566e-01,-9.616367518901824951e-02,-2.879382669925689697e-01,1.127792894840240479e-02,1.071868371218442917e-02,4.292439222335815430e-01,3.353366255760192871e-01,-4.009037017822265625e-01,4.499999880790710449e-01,-2.576482295989990234e-01,-9.966285526752471924e-02,5.000000000000000000e-01,5.519664883613586426e-01,-4.881888255476951599e-02,-9.823271036148071289e-01,-2.014319039881229401e-02,-6.308493763208389282e-02,-9.200111776590347290e-02,-1.074790716171264648e+00,5.831738114356994629e-01
-6.973888874053955078e-01,-1.150887310504913330e-01,3.170951604843139648e-01,1.259813904762268066e-01,6.960485130548477173e-02,-4.031303226947784424e-01,-9.037531614303588867e-01,0.000000000000000000e+00,0.000000000000000000e+00,5.279613137245178223e-01,-3.073669373989105225e-01,1.307920925319194794e-02,-3.700389564037322998e-01,-8.094667643308639526e-02,-3.287578821182250977e-01,8.065613918006420135e-03,1.229875162243843079e-02,4.965681731700897217e-01,3.400000035762786865e-01,-3.867644965648651123e-01,4.499999880790710449e-01,-2.018473595380783081e-01,-6.439442187547683716e-02,5.000000000000000000e-01,5.723435282707214355e-01,-1.062513142824172974e-01,-1.037025213241577148e+00,-2.269040048122406006e-02,-1.010517403483390808e-01,-1.572254151105880737e-01,-9.885818958282470703e-01,3.343556821346282959e-01
-6.972367763519287109e-01,-1.102977693080902100e-01,3.173962235450744629e-01,1.307585090398788452e-01,5.675581470131874084e-02,-3.804883062839508057e-01,-9.137338995933532715e-01,0.000000000000000000e+00,0.000000000000000000e+00,5.187397003173828125e-01,-2.889958918094635010e-01,1.335252635180950165e-02,-3.969684839248657227e-01,-8.650156110525131226e-02,-3.563992381095886230e-01,5.822815932333469391e-03,-1.219942048192024231e-02,5.323741436004638672e-01,3.400000035762786865e-01,-3.612491190433502197e-01,4.499999880790710449e-01,-1.287392228841781616e-01,-2.680672332644462585e-02,5.000000000000000000e-01,5.889793634414672852e-01,-1.409026980400085449e-01,-1.068592071533203125e+00,-2.494662255048751831e-02,-9.279272705316543579e-02,-2.173107415437698364e-01,-1.028645992279052734e+00,2.338465154170989990e-01
-6.970502138137817383e-01,-1.066277176141738892e-01,3.174643516540527344e-01,1.304715275764465332e-01,4.831836745142936707e-02,-3.636007606983184814e-01,-9.211063981056213379e-01,0.000000000000000000e+00,0.000000000000000000e+00,5.065418481826782227e-01,-2.667014002799987793e-01,1.432868465781211853e-02,-4.273281395435333252e-01,-9.930144250392913818e-02,-3.724149763584136963e-01,5.876268725842237473e-03,-3.714243695139884949e-02,5.501737594604492188e-01,3.400000035762786865e-01,-3.441990315914154053e-01,4.499999880790710449e-01,-6.958605721592903137e-03,1.117464038543403149e-03,5.000000000000000000e-01,5.973109006881713867e-01,-1.585420370101928711e-01,-1.075199127197265625e+00,-2.721123211085796356e-02,-9.407570213079452515e-02,-2.651978433132171631e-01,-1.054602384567260742e+00,1.876896172761917114e-01
-6.970266103744506836e-01,-1.042288616299629211e-01,3.173278570175170898e-01,1.271449178457260132e-01,4.417071864008903503e-02,-3.534207940101623535e-01,-9.257304668426513672e-01,0.000000000000000000e+00,0.000000000000000000e+00,4.962717890739440918e-01,-2.439761161804199219e-01,1.472203619778156281e-02,-4.579426050186157227e-01,-1.168032139539718628e-01,-3.786043822765350342e-01,6.698150653392076492e-03,-5.136511847376823425e-02,5.475026965141296387e-01,3.400000035762786865e-01,-3.231866061687469482e-01,4.499999880790710449e-01,1.628832966089248657e-01,-1.785720139741897583e-02,5.000000000000000000e-01,5.987769961357116699e-01,-1.655972003936767578e-01,-1.071923017501831055e+00,-2.893077582120895386e-02,-1.067954301834106445e-01,-2.957819998264312744e-01,-1.029978871345520020e+00,1.524048894643783569e-01
-6.971525549888610840e-01,-1.033360436558723450e-01,3.171184062957763672e-01,1.220989897847175598e-01,4.513745009899139404e-02,-3.531946837902069092e-01,-9.264491200447082520e-01,0.000000000000000000e+00,0.000000000000000000e+00,4.929037392139434814e-01,-2.250002473592758179e-01,1.423547510057687759e-02,-4.847778975963592529e-01,-1.360435634851455688e-01,-3.726522922515869141e-01,7.867230102419853210e-03,-5.482234805822372437e-02,5.344842076301574707e-01,3.400000035762786865e-01,-2.977682352066040039e-01,4.499999880790710449e-01,2.703320384025573730e-01,-1.041674539446830750e-01,5.000000000000000000e-01,5.879817605018615723e-01,-1.572022140026092529e-01,-1.073582291603088379e+00,-2.948638051748275757e-02,-1.238360404968261719e-01,-3.410364687442779541e-01,-9.629534482955932617e-01,1.184141114354133606e-01
-6.971769332885742188e-01,-1.035040542483329773e-01,3.168802261352539062e-01,1.152198836207389832e-01,4.880809411406517029e-02,-3.620866239070892334e-01,-9.237074255943298340e-01,0.000000000000000000e+00,0.000000000000000000e+00,4.878467917442321777e-01,-2.127575427293777466e-01,1.401356235146522522e-02,-5.024191141128540039e-01,-1.593477129936218262e-01,-3.576698303222656250e-01,8.980406448245048523e-03,-4.300991445779800415e-02,4.966009855270385742e-01,3.400000035762786865e-01,-2.796064317226409912e-01,4.499999880790710449e-01,2.791054546833038330e-01,-1.777823418378829956e-01,5.000000000000000000e-01,5.896603465080261230e-01,-2.447071671485900879e-02,-1.126383781433105469e+00,-2.999999932944774628e-02,-1.240441724658012390e-01,-3.823427855968475342e-01,-8.925861716270446777e-01,7.493080943822860718e-02
-6.979073286056518555e-01,-1.052243784070014954e-01,3.170230984687805176e-01,1.090715005993843079e-01,5.335123464465141296e-02,-3.772477507591247559e-01,-9.181182980537414551e-01,0.000000000000000000e+00,0.000000000000000000e+00,4.818048179149627686e-01,-2.158769816160202026e-01,1.378745585680007935e-02,-5.123697519302368164e-01,-1.808887720108032227e-01,-3.406001627445220947e-01,8.318940177559852600e-03,-3.019170090556144714e-02,4.559813439846038818e-01,3.400000035762786865e-01,-2.577433586120605469e-01,4.499999880790710449e-01,2.418047487735748291e-01,-1.942298710346221924e-01,5.000000000000000000e-01,5.797234773635864258e-01,1.873074620962142944e-01,-1.199551820755004883e+00,-2.999999932944774628e-02,-1.323289722204208374e-01,-4.200512170791625977e-01,-8.169847130775451660e-01,4.036707058548927307e-02
-6.999123692512512207e-01,-1.084663569927215576e-01,3.175185620784759521e-01,1.089010536670684814e-01,5.655592679977416992e-02,-3.975912332534790039e-01,-9.093201756477355957e-01,0.000000000000000000e+00,0.000000000000000000e+00,4.781236648559570312e-01,-2.391642928123474121e-01,1.053444668650627136e-02,-5.172196030616760254e-01,-1.887604594230651855e-01,-3.281513154506683350e-01,3.554633120074868202e-03,-2.526794560253620148e-02,4.131649732589721680e-01,3.400000035762786865e-01,-1.864202171564102173e-01,4.499999880790710449e-01,1.844749599695205688e-01,-2.039094418287277222e-01,5.000000000000000000e-01,3.940850496292114258e-01,3.622061908245086670e-01,-1.143262267112731934e+00,-2.999999932944774628e-02,-1.950220614671707153e-01,-4.759227931499481201e-01,-6.659959554672241211e-01,3.633642569184303284e-02
-7.025316357612609863e-01,-1.104348450899124146e-01,3.167338967323303223e-01,1.156181693077087402e-01,5.599199980497360229e-02,-4.259202778339385986e-01,-8.955943584442138672e-01,0.000000000000000000e+00,0.000000000000000000e+00,4.674222469329833984e-01,-2.780527472496032715e-01,5.110502243041992188e-03,-5.247755646705627441e-01,-1.853115707635879517e-01,-3.203421235084533691e-01,9.026194844178637988e-20,-2.789813466370105743e-02,3.292341530323028564e-01,3.400000035762786865e-01,-1.335914134979248047e-01,4.499999880790710449e-01,1.153614819049835205e-01,-1.606213450431823730e-01,5.000000000000000000e-01,7.759518921375274658e-02,4.843080341815948486e-01,-1.022438764572143555e+00,-2.965641394257545471e-02,-2.545606791973114014e-01,-4.515348970890045166e-01,-5.517895817756652832e-01,6.059914827346801758e-02
-7.040796279907226562e-01,-1.088759601116180420e-01,3.150913715362548828e-01,1.227819845080375671e-01,5.239984765648841858e-02,-4.559578001499176025e-01,-8.799325823783874512e-01,0.000000000000000000e+00,0.000000000000000000e+00,4.439989030361175537e-01,-3.177020251750946045e-01,4.312134347856044769e-03,-5.368477106094360352e-01,-1.770600378513336182e-01,-3.122130632400512695e-01,2.178677928178917472e-18,-4.125196486711502075e-02,2.740287184715270996e-01,3.400000035762786865e-01,-1.747647821903228760e-01,4.499999880790710449e-01,1.148709375411272049e-02,-9.835477173328399658e-02,5.000000000000000000e-01,-1.222659870982170105e-01,4.630351066589355469e-01,-9.405642151832580566e-01,-2.363005839288234711e-02,-2.845745682716369629e-01,-3.672055900096893311e-01,-5.608708262443542480e-01,8.802076429128646851e-02
-7.035879492759704590e-01,-1.051124706864356995e-01,3.135867118835449219e-01,1.258070617914199829e-01,4.658930003643035889e-02,-4.804030656814575195e-01,-8.667265772819519043e-01,0.000000000000000000e+00,0.000000000000000000e+00,4.205713570117950439e-01,-3.423467576503753662e-01,6.057243794202804565e-03,-5.451779365539550781e-01,-1.778983324766159058e-01,-2.919217944145202637e-01,1.654062420129776001e-03,-6.526620686054229736e-02,2.645769417285919189e-01,3.400000035762786865e-01,-2.196281999349594116e-01,4.499999880790710449e-01,-9.624129533767700195e-02,-1.093993335962295532e-01,5.000000000000000000e-01,-1.832384020090103149e-01,3.718741536140441895e-01,-8.944867849349975586e-01,-2.149687893688678741e-02,-3.022881448268890381e-01,-3.521071970462799072e-01,-6.107631325721740723e-01,1.319592595100402832e-01
-7.015928030014038086e-01,-1.007946804165840149e-01,3.127629458904266357e-01,1.254273355007171631e-01,3.890770301222801208e-02,-4.986905455589294434e-01,-8.567741513252258301e-01,0.000000000000000000e+00,0.000000000000000000e+00,4.037850797176361084e-01,-3.547311127185821533e-01,6.442232057452201843e-03,-5.413399934768676758e-01,-1.882362663745880127e-01,-2.669563889503479004e-01,1.760297571308910847e-03,-7.689536362886428833e-02,2.795253098011016846e-01,3.400000035762786865e-01,-2.504481673240661621e-01,4.499999880790710449e-01,-1.366173475980758667e-01,-2.391799241304397583e-01,5.000000000000000000e-01,-1.676851212978363037e-01,3.430911898612976074e-01,-9.186743497848510742e-01,-2.239392511546611786e-02,-3.147580325603485107e-01,-4.034293591976165771e-01,-6.451627612113952637e-01,1.904872655868530273e-01
-6.990513801574707031e-01,-9.628994762897491455e-02,3.125689625740051270e-01,1.231581717729568481e-01,3.110917098820209503e-02,-5.131971836090087891e-01,-8.488185405731201172e-01,0.000000000000000000e+00,0.000000000000000000e+00,3.894273638725280762e-01,-3.633426427841186523e-01,7.244516164064407349e-03,-5.301440954208374023e-01,-1.934438198804855347e-01,-2.519206106662750244e-01,3.490534378215670586e-03,-8.327145129442214966e-02,3.290792405605316162e-01,3.400000035762786865e-01,-2.939426302909851074e-01,4.499999880790710449e-01,-8.563552796840667725e-02,-4.137450754642486572e-01,5.000000000000000000e-01,-1.030920371413230896e-01,3.197419643402099609e-01,-1.022072672843933105e+00,-2.522915601730346680e-02,-3.827225565910339355e-01,-5.015505552291870117e-01,-5.513710975646972656e-01,2.201015204191207886e-01
-6.964004635810852051e-01,-9.208168834447860718e-02,3.128595650196075439e-01,1.203405708074569702e-01,2.485379017889499664e-02,-5.241783857345581055e-01,-8.426965475082397461e-01,0.000000000000000000e+00,0.000000000000000000e+00,3.789068758487701416e-01,-3.675359189510345459e-01,8.018752560019493103e-03,-5.159491300582885742e-01,-1.949570477008819580e-01,-2.394284307956695557e-01,4.861548077315092087e-03,-8.847159892320632935e-02,3.870065510272979736e-01,3.400000035762786865e-01,-3.427142500877380371e-01,4.429782629013061523e-01,-1.500587817281484604e-02,-5.557686090469360352e-01,5.000000000000000000e-01,-5.380475148558616638e-02,2.734169363975524902e-01,-1.107563853263854980e+00,-2.803010120987892151e-02,-4.538582563400268555e-01,-5.945070385932922363e-01,-4.641690552234649658e-01,2.111593633890151978e-01
-6.944327950477600098e-01,-8.832092583179473877e-02,3.130815029144287109e-01,1.188441589474678040e-01,2.358401194214820862e-02,-5.316751003265380859e-01,-8.382371068000793457e-01,0.000000000000000000e+00,0.000000000000000000e+00,3.767311871051788330e-01,-3.632141351699829102e-01,8.809303864836692810e-03,-5.005832314491271973e-01,-1.910055726766586304e-01,-2.260220944881439209e-01,5.489747505635023117e-03,-8.380709588527679443e-02,4.297229945659637451e-01,3.400000035762786865e-01,-3.664329946041107178e-01,3.977026939392089844e-01,1.134312972426414490e-01,-6.952276229858398438e-01,5.000000000000000000e-01,3.220668993890285492e-03,2.074553221464157104e-01,-1.191123247146606445e+00,-2.999999932944774628e-02,-4.865066111087799072e-01,-6.702880859375000000e-01,-4.377633631229400635e-01,1.959827393293380737e-01
-6.933721303939819336e-01,-8.518344163894653320e-02,3.132151961326599121e-01,1.175012513995170593e-01,3.152004256844520569e-02,-5.354838371276855469e-01,-8.357374072074890137e-01,0.000000000000000000e+00,0.000000000000000000e+00,3.911539316177368164e-01,-3.427247405052185059e-01,1.114417146891355515e-02,-4.972302317619323730e-01,-1.848625540733337402e-01,-2.023891210556030273e-01,7.529045920819044113e-03,-9.162738174200057983e-02,4.682442247867584229e-01,3.400000035762786865e-01,-3.883906602859497070e-01,3.552643656730651855e-01,2.507666051387786865e-01,-8.113082647323608398e-01,5.000000000000000000e-01,5.460872873663902283e-02,1.477141529321670532e-01,-1.219029664993286133e+00,-2.999999932944774628e-02,-5.080038309097290039e-01,-7.195188403129577637e-01,-4.170947968959808350e-01,2.130853682756423950e-01
-6.934559345245361328e-01,-8.242680132389068604e-02,3.135034143924713135e-01,1.113492250442504883e-01,4.121031612157821655e-02,-5.383942723274230957e-01,-8.342869281768798828e-01,0.000000000000000000e+00,0.000000000000000000e+00,3.828088343143463135e-01,-3.136827051639556885e-01,1.601246558129787445e-02,-5.061262845993041992e-01,-1.868398934602737427e-01,-1.778392344713211060e-01,1.233578007668256760e-02,-1.271893680095672607e-01,4.865850508213043213e-01,3.383390605449676514e-01,-4.145728349685668945e-01,3.517025709152221680e-01,3.617799282073974609e-01,-8.944357633590698242e-01,4.990622699260711670e-01,1.068437248468399048e-01,1.174988523125648499e-01,-1.221804380416870117e+00,-2.999999932944774628e-02,-4.786703884601593018e-01,-7.370557188987731934e-01,-4.635791480541229248e-01,2.531653046607971191e-01
-6.938869357109069824e-01,-7.984428852796554565e-02,3.145008087158203125e-01,1.088389232754707336e-01,5.475479364395141602e-02,-5.360490679740905762e-01,-8.353486657142639160e-01,0.000000000000000000e+00,0.000000000000000000e+00,4.075277447700500488e-01,-2.759077847003936768e-01,1.791248843073844910e-02,-5.176389813423156738e-01,-1.833216845989227295e-01,-1.463530510663986206e-01,1.247341837733983994e-02,-1.744097769260406494e-01,5.122188329696655273e-01,3.308397233486175537e-01,-4.490597248077392578e-01,3.661146461963653564e-01,4.702138900756835938e-01,-9.704298377037048340e-01,4.987891316413879395e-01,1.531617641448974609e-01,1.056586131453514099e-01,-1.188802838325500488e+00,-2.999999932944774628e-02,-3.820891678333282471e-01,-6.853253841400146484e-01,-6.551662683486938477e-01,3.137775361537933350e-01
-6.935690641403198242e-01,-7.720574736595153809e-02,3.164918124675750732e-01,1.045859679579734802e-01,6.578288227319717407e-02,-5.278213024139404297e-01,-8.403207659721374512e-01,0.000000000000000000e+00,0.000000000000000000e+00,4.316423833370208740e-01,-2.351238429546356201e-01,1.921851374208927155e-02,-5.255090594291687012e-01,-1.823549121618270874e-01,-1.249851807951927185e-01,1.197341363877058029e-02,-2.125140875577926636e-01,5.420564413070678711e-01,3.240471482276916504e-01,-5.008018612861633301e-01,3.981306850910186768e-01,5.383489131927490234e-01,-9.890508055686950684e-01,4.983382821083068848e-01,1.858006119728088379e-01,1.057665795087814331e-01,-1.125438690185546875e+00,-2.999999932944774628e-02,-2.130026221275329590e-01,-5.255638957023620605e-01,-9.598501920700073242e-01,3.857658207416534424e-01
-6.908931136131286621e-01,-7.346845418214797974e-02,3.180724382400512695e-01,1.001288220286369324e-01,6.942699849605560303e-02,-5.118835568428039551e-01,-8.503701090812683105e-01,0.000000000000000000e+00,0.000000000000000000e+00,4.507092535495758057e-01,-1.941966563463211060e-01,2.060742862522602081e-02,-5.300958752632141113e-01,-1.859991550445556641e-01,-1.194077134132385254e-01,1.143020112067461014e-02,-2.452689558267593384e-01,5.790088772773742676e-01,3.172491490840911865e-01,-5.429058670997619629e-01,4.412975609302520752e-01,5.626145601272583008e-01,-9.334004521369934082e-01,4.979466795921325684e-01,2.165598720312118530e-01,1.152918264269828796e-01,-1.061189293861389160e+00,-2.999999932944774628e-02,2.828957140445709229e-02,-2.890657782554626465e-01,-1.235191702842712402e+00,4.328163564205169678e-01
-6.879289746284484863e-01,-6.792265176773071289e-02,3.191145658493041992e-01,9.508510679006576538e-02,6.681876629590988159e-02,-4.957183301448822021e-01,-8.606726527214050293e-01,0.000000000000000000e+00,0.000000000000000000e+00,4.548055529594421387e-01,-1.558316648006439209e-01,2.059265784919261932e-02,-5.374568104743957520e-01,-1.958864033222198486e-01,-1.293471157550811768e-01,1.056616846472024918e-02,-2.813633978366851807e-01,6.261261105537414551e-01,3.113253414630889893e-01,-6.334508061408996582e-01,4.499999880790710449e-01,5.646045207977294922e-01,-8.323447108268737793e-01,4.988711774349212646e-01,2.582561373710632324e-01,1.551906168460845947e-01,-1.017342805862426758e+00,-2.999999932944774628e-02,1.786241829395294189e-01,-6.392399221658706665e-02,-1.325848340988159180e+00,4.449717700481414795e-01
-6.862935423851013184e-01,-6.240146607160568237e-02,3.203885853290557861e-01,9.499445557594299316e-02,6.139190495014190674e-02,-4.813978374004364014e-01,-8.691738843917846680e-01,0.000000000000000000e+00,0.000000000000000000e+00,4.535892605781555176e-01,-1.362460106611251831e-01,1.960263401269912720e-02,-5.504214167594909668e-01,-1.915782094001770020e-01,-1.682864129543304443e-01,8.880182169377803802e-03,-3.213552236557006836e-01,6.839057207107543945e-01,3.021233379840850830e-01,-7.184990048408508301e-01,4.499999880790710449e-01,5.739910006523132324e-01,-7.440425753593444824e-01,4.995645284652709961e-01,2.823672592639923096e-01,2.155485004186630249e-01,-9.896057844161987305e-01,-2.957010455429553986e-02,1.853483468294143677e-01,5.571453366428613663e-03,-1.337472915649414062e+00,4.297026395797729492e-01
-6.862925291061401367e-01,-5.778205394744873047e-02,3.225352168083190918e-01,1.015228033065795898e-01,4.828117787837982178e-02,-4.719938933849334717e-01,-8.744048476219177246e-01,0.000000000000000000e+00,0.000000000000000000e+00,4.404790997505187988e-01,-1.544978320598602295e-01,1.814381405711174011e-02,-5.624977350234985352e-01,-1.565992981195449829e-01,-2.496468573808670044e-01,3.559997677803039551e-02,-3.575581014156341553e-01,7.357187271118164062e-01,2.599209547042846680e-01,-7.650859951972961426e-01,4.499999880790710449e-01,5.839313268661499023e-01,-7.008485198020935059e-01,4.991871118545532227e-01,3.179970979690551758e-01,2.896248102188110352e-01,-1.004221558570861816e+00,-2.999999932944774628e-02,1.341211497783660889e-01,-1.220314018428325653e-02,-1.316342949867248535e+00,4.037905037403106689e-01
-6.867120265960693359e-01,-5.321028083562850952e-02,3.252696394920349121e-01,1.047522872686386108e-01,3.879784420132637024e-02,-4.677636027336120605e-01,-8.767661452293395996e-01,0.000000000000000000e+00,0.000000000000000000e+00,4.273495376110076904e-01,-1.707422435283660889e-01,1.755098067224025726e-02,-5.632257461547851562e-01,-8.499014377593994141e-02,-3.767256736755371094e-01,2.084343433380126953e-01,-3.900261521339416504e-01,7.561636567115783691e-01,2.311834841966629028e-01,-7.843875288963317871e-01,4.499999880790710449e-01,5.917718410491943359e-01,-6.838498711585998535e-01,4.995240271091461182e-01,3.477207720279693604e-01,4.030147194862365723e-01,-1.057317614555358887e+00,-2.999999932944774628e-02,1.092558577656745911e-01,-5.569008737802505493e-02,-1.297375202178955078e+00,3.756156563758850098e-01
-6.869540810585021973e-01,-4.878877103328704834e-02,3.279693126678466797e-01,1.012520641088485718e-01,3.207013756036758423e-02,-4.618118405342102051e-01,-8.805960416793823242e-01,0.000000000000000000e+00,0.000000000000000000e+00,4.131292104721069336e-01,-1.677033454179763794e-01,1.452282164245843887e-02,-5.575246214866638184e-01,2.526227757334709167e-02,-5.095561742782592773e-01,4.153944253921508789e-01,-4.203251004219055176e-01,7.319371700286865234e-01,2.408858686685562134e-01,-7.463439106941223145e-01,4.499999880790710449e-01,5.981364250183105469e-01,-6.971514821052551270e-01,4.996612966060638428e-01,3.386735320091247559e-01,5.432220697402954102e-01,-1.076263308525085449e+00,-2.999999932944774628e-02,1.169520914554595947e-01,-9.802324324846267700e-02,-1.281378626823425293e+00,3.541648089885711670e-01
-6.875587701797485352e-01,-4.472305998206138611e-02,3.302067518234252930e-01,9.709938615560531616e-02,2.544547244906425476e-02,-4.522653222084045410e-01,-8.862168788909912109e-01,0.000000000000000000e+00,0.000000000000000000e+00,3.957562148571014404e-01,-1.637414395809173584e-01,1.020707003772258759e-02,-5.576776266098022461e-01,1.642661094665527344e-01,-6.055642366409301758e-01,4.709362089633941650e-01,-4.373722672462463379e-01,6.745360493659973145e-01,2.778306305408477783e-01,-6.733810901641845703e-01,4.497545361518859863e-01,5.961970090866088867e-01,-7.252834439277648926e-01,4.984589219093322754e-01,2.615050971508026123e-01,7.270491123199462891e-01,-9.949403405189514160e-01,-2.601089328527450562e-02,1.363493502140045166e-01,-1.199775636196136475e-01,-1.260860800743103027e+00,3.426429331302642822e-01
-6.874480843544006348e-01,-4.147966206073760986e-02,3.297644555568695068e-01,8.286806941032409668e-02,8.559398353099822998e-03,-4.480441808700561523e-01,-8.901213407516479492e-01,0.000000000000000000e+00,0.000000000000000000e+00,3.592059016227722168e-01,-1.766462028026580811e-01,9.311097674071788788e-03,-5.737549066543579102e-01,2.724773287773132324e-01,-6.180269122123718262e-01,2.883877754211425781e-01,-4.208476841449737549e-01,5.982755422592163086e-01,3.020541667938232422e-01,-6.203951835632324219e-01,4.246552288532257080e-01,5.685275197029113770e-01,-7.360951304435729980e-01,4.888676404953002930e-01,1.537808924913406372e-01,8.595932722091674805e-01,-8.857501149177551270e-01,1.740063657052814960e-03,1.507521867752075195e-01,-1.260879039764404297e-01,-1.268135070800781250e+00,3.304706215858459473e-01
-6.878611445426940918e-01,-3.893805667757987976e-02,3.259910941123962402e-01,4.074892029166221619e-02,-1.660454086959362030e-02,-4.498084485530853271e-01,-8.920404314994812012e-01,0.000000000000000000e+00,0.000000000000000000e+00,2.946386039257049561e-01,-1.852271556854248047e-01,1.272046472877264023e-02,-6.098281741142272949e-01,2.481821477413177490e-01,-5.528553724288940430e-01,1.181970909237861633e-01,-3.833409249782562256e-01,4.915983676910400391e-01,3.121419847011566162e-01,-6.038159132003784180e-01,3.443123400211334229e-01,5.183360576629638672e-01,-7.154541015625000000e-01,4.642514884471893311e-01,7.531870156526565552e-02,8.799402713775634766e-01,-8.195844292640686035e-01,4.256789013743400574e-02,1.457477509975433350e-01,-1.394784897565841675e-01,-1.282308578491210938e+00,3.142012357711791992e-01
-6.903377771377563477e-01,-3.512798249721527100e-02,3.192677795886993408e-01,-9.220838546752929688e-03,-2.122738771140575409e-02,-4.476200342178344727e-01,-8.939242959022521973e-01,0.000000000000000000e+00,0.000000000000000000e+00,3.211989104747772217e-01,-1.718993782997131348e-01,1.908748783171176910e-02,-6.274700760841369629e-01,1.380732357501983643e-01,-4.478808343410491943e-01,8.549619466066360474e-02,-3.303998410701751709e-01,4.263023436069488525e-01,3.351869881153106689e-01,-6.241011023521423340e-01,2.096841633319854736e-01,4.051827788352966309e-01,-6.325535178184509277e-01,4.482328593730926514e-01,5.688642710447311401e-02,7.843044400215148926e-01,-7.868258357048034668e-01,7.724978029727935791e-02,8.932403475046157837e-02,-2.087263911962509155e-01,-1.218368411064147949e+00,2.420524954795837402e-01
-6.990520954132080078e-01,-2.975511923432350159e-02,3.113583326339721680e-01,-4.677099362015724182e-02,-2.940786443650722504e-02,-4.488114714622497559e-01,-8.919169902801513672e-01,0.000000000000000000e+00,0.000000000000000000e+00,3.093831241130828857e-01,-2.411236763000488281e-01,1.123560592532157898e-02,-6.585057973861694336e-01,1.099880691617727280e-02,-4.409510791301727295e-01,1.535136550664901733e-01,-3.571902513504028320e-01,3.784810006618499756e-01,3.274453282356262207e-01,-6.418986320495605469e-01,1.294515430927276611e-01,3.249711692333221436e-01,-5.567011237144470215e-01,4.154221117496490479e-01,6.009237095713615417e-02,6.483571529388427734e-01,-7.896518707275390625e-01,1.035917103290557861e-01,1.995235867798328400e-02,-3.002770841121673584e-01,-1.187265753746032715e+00,2.207283824682235718e-01
-7.131867408752441406e-01,-2.090514078736305237e-02,3.043793141841888428e-01,-5.460706725716590881e-02,-3.134827315807342529e-02,-4.426941871643066406e-01,-8.944591879844665527e-01,0.000000000000000000e+00,0.000000000000000000e+00,3.225115835666656494e-01,-3.489809930324554443e-01,6.914265919476747513e-03,-6.601159572601318359e-01,-6.427840143442153931e-02,-4.912818074226379395e-01,2.382773160934448242e-01,-4.106493592262268066e-01,3.691319823265075684e-01,3.237625658512115479e-01,-6.107270121574401855e-01,7.048977166414260864e-02,2.181355357170104980e-01,-4.882588386535644531e-01,3.849320411682128906e-01,4.227661713957786560e-02,5.103095769882202148e-01,-7.689502239227294922e-01,1.173192262649536133e-01,-1.143981739878654480e-01,-4.238027930259704590e-01,-1.086925506591796875e+00,2.227178812026977539e-01
-7.297313809394836426e-01,-9.560327976942062378e-03,2.980503439903259277e-01,-2.973647974431514740e-02,-2.325234375894069672e-02,-4.366043806076049805e-01,-8.988613486289978027e-01,0.000000000000000000e+00,0.000000000000000000e+00,3.744920194149017334e-01,-4.455603063106536865e-01,4.166673868894577026e-03,-5.721909999847412109e-01,-7.587315887212753296e-02,-5.560448169708251953e-01,3.237559795379638672e-01,-4.453883469104766846e-01,4.015135467052459717e-01,3.335989415645599365e-01,-5.183967947959899902e-01,-5.760624073445796967e-03,3.921231999993324280e-02,-4.069754183292388916e-01,3.832817673683166504e-01,-2.075238712131977081e-02,3.978155851364135742e-01,-7.089970707893371582e-01,8.632854372262954712e-02,-3.385274708271026611e-01,-5.894699692726135254e-01,-8.250100016593933105e-01,2.313377410173416138e-01
-7.461107373237609863e-01,2.199672395363450050e-03,2.921262085437774658e-01,1.487017050385475159e-02,-2.199669554829597473e-02,-4.381246566772460938e-01,-8.985220193862915039e-01,0.000000000000000000e+00,0.000000000000000000e+00,4.395856559276580811e-01,-4.524064064025878906e-01,8.757526581221414599e-19,-4.686150252819061279e-01,-6.921007484197616577e-02,-5.980792045593261719e-01,3.362035155296325684e-01,-4.487015902996063232e-01,3.745274245738983154e-01,3.400000035762786865e-01,-4.021628797054290771e-01,-7.577175647020339966e-02,-1.138814315199851990e-01,-3.348153829574584961e-01,4.999755322933197021e-01,-1.427626162767410278e-01,4.635956287384033203e-01,-6.369776129722595215e-01,-2.910263836383819580e-02,-4.977761507034301758e-01,-6.706198453903198242e-01,-6.056629419326782227e-01,2.406245470046997070e-01
-7.608706355094909668e-01,1.458992902189493179e-02,2.887486517429351807e-01,5.376309901475906372e-02,-2.103029750287532806e-02,-4.494918584823608398e-01,-8.914170265197753906e-01,0.000000000000000000e+00,0.000000000000000000e+00,4.428134560585021973e-01,-4.483840763568878174e-01,7.959925947373283194e-19,-4.810373187065124512e-01,-7.059524208307266235e-02,-6.088122725486755371e-01,3.215310275554656982e-01,-4.616777598857879639e-01,2.999735176563262939e-01,3.400000035762786865e-01,-3.496721684932708740e-01,-7.395338267087936401e-02,-1.027129590511322021e-01,-2.673379480838775635e-01,5.000000000000000000e-01,-1.887588202953338623e-01,5.909635424613952637e-01,-7.152285575866699219e-01,-2.999999932944774628e-02,-4.871793985366821289e-01,-6.337217092514038086e-01,-5.700121521949768066e-01,2.778931260108947754e-01
-7.716150283813476562e-01,2.607345581054687500e-02,2.894658744335174561e-01,9.358403831720352173e-02,-2.743845060467720032e-02,-4.572275578975677490e-01,-8.839864730834960938e-01,0.000000000000000000e+00,0.000000000000000000e+00,4.285264015197753906e-01,-4.896772801876068115e-01,-2.026698379873324591e-18,-5.142822265625000000e-01,-4.885651543736457825e-02,-6.061747670173645020e-01,2.499479353427886963e-01,-4.709110558032989502e-01,2.089156359434127808e-01,3.400000035762786865e-01,-3.047832250595092773e-01,-1.027893051505088806e-01,-5.163916572928428650e-02,-1.879902034997940063e-01,4.802333116531372070e-01,-2.281475365161895752e-01,7.550122141838073730e-01,-8.067737221717834473e-01,-2.950238808989524841e-02,-3.929987549781799316e-01,-5.282375216484069824e-01,-6.244614124298095703e-01,3.073574602603912354e-01
-7.787485122680664062e-01,3.632783517241477966e-02,2.933849990367889404e-01,1.243521198630332947e-01,-4.366822168231010437e-02,-4.602667689323425293e-01,-8.779430985450744629e-01,0.000000000000000000e+00,0.000000000000000000e+00,3.994501233100891113e-01,-5.371399521827697754e-01,-1.511397945477290471e-18,-5.408883094787597656e-01,-3.533535078167915344e-02,-5.946032404899597168e-01,1.324446052312850952e-01,-4.666242599487304688e-01,1.623044312000274658e-01,3.400000035762786865e-01,-2.854401469230651855e-01,-1.176709085702896118e-01,-2.268989384174346924e-02,-1.472961604595184326e-01,3.994867503643035889e-01,-2.892544269561767578e-01,8.474802970886230469e-01,-8.898505568504333496e-01,-2.845054119825363159e-02,-3.387004137039184570e-01,-4.566676616668701172e-01,-7.097408175468444824e-01,3.093405663967132568e-01
-7.842979431152343750e-01,4.463241249322891235e-02,2.981153130531311035e-01,1.435591280460357666e-01,-6.039806082844734192e-02,-4.562815427780151367e-01,-8.760992884635925293e-01,0.000000000000000000e+00,0.000000000000000000e+00,3.867895603179931641e-01,-5.694703459739685059e-01,5.855115247895351094e-19,-5.405385494232177734e-01,-4.281491413712501526e-02,-5.767567157745361328e-01,2.795817530870030147e-18,-3.896689713001251221e-01,1.948135346174240112e-01,3.400000035762786865e-01,-2.604185342788696289e-01,-1.419736593961715698e-01,-1.349618285894393921e-01,-2.375111579895019531e-01,3.324218392372131348e-01,-3.453699052333831787e-01,8.031200170516967773e-01,-9.884066581726074219e-01,-2.999999932944774628e-02,-4.217894673347473145e-01,-5.328534841537475586e-01,-6.609065532684326172e-01,2.761165201663970947e-01
-7.891417145729064941e-01,5.071382597088813782e-02,3.013937473297119141e-01,1.512236297130584717e-01,-7.208520919084548950e-02,-4.486554861068725586e-01,-8.778629899024963379e-01,0.000000000000000000e+00,0.000000000000000000e+00,3.581993877887725830e-01,-5.884098410606384277e-01,-1.144698853765182666e-18,-5.295120477676391602e-01,-5.238592997193336487e-02,-6.169506311416625977e-01,-5.812498902736619108e-19,-3.344308435916900635e-01,2.570299804210662842e-01,3.400000035762786865e-01,-2.301582694053649902e-01,-1.512645184993743896e-01,-1.800489574670791626e-01,-3.413847386837005615e-01,3.081640601158142090e-01,-3.396239578723907471e-01,6.771797537803649902e-01,-1.100546956062316895e+00,-2.999999932944774628e-02,-5.376542210578918457e-01,-6.554574966430664062e-01,-5.875078439712524414e-01,2.656299769878387451e-01
-7.937928438186645508e-01,5.413363873958587646e-02,3.025605678558349609e-01,1.565385907888412476e-01,-7.600867003202438354e-02,-4.395579099655151367e-01,-8.811964392662048340e-01,0.000000000000000000e+00,0.000000000000000000e+00,3.433237969875335693e-01,-5.941283702850341797e-01,2.606571841607698264e-18,-5.201293826103210449e-01,-5.320665612816810608e-02,-6.460555195808410645e-01,8.439359830409018035e-19,-2.895536422729492188e-01,3.233171403408050537e-01,3.400000035762786865e-01,-2.171124070882797241e-01,-1.583464443683624268e-01,-1.897170394659042358e-01,-3.361566364765167236e-01,2.613030672073364258e-01,-3.126025199890136719e-01,5.714341998100280762e-01,-1.175943851470947266e+00,-2.999999932944774628e-02,-6.282960772514343262e-01,-7.380072474479675293e-01,-5.617376565933227539e-01,2.713372111320495605e-01
-7.986082434654235840e-01,5.530023947358131409e-02,3.023491203784942627e-01,1.509514003992080688e-01,-7.630461454391479492e-02,-4.346614181995391846e-01,-8.845680952072143555e-01,0.000000000000000000e+00,0.000000000000000000e+00,3.022775352001190186e-01,-5.867272615432739258e-01,3.378073272768556540e-18,-5.277081727981567383e-01,-6.951937824487686157e-02,-6.568368673324584961e-01,-3.078620656134559673e-18,-2.975794076919555664e-01,3.524977862834930420e-01,3.400000035762786865e-01,-2.240168601274490356e-01,-1.423745304346084595e-01,-1.723682731389999390e-01,-2.745211720466613770e-01,2.092315107583999634e-01,-2.531234025955200195e-01,5.109173059463500977e-01,-1.251062870025634766e+00,-2.999999932944774628e-02,-6.607015728950500488e-01,-7.676868438720703125e-01,-5.877863168716430664e-01,3.115767836570739746e-01
-8.027120828628540039e-01,5.437027290463447571e-02,3.022779822349548340e-01,1.499744802713394165e-01,-6.928054243326187134e-02,-4.273456037044525146e-01,-8.888664841651916504e-01,0.000000000000000000e+00,0.000000000000000000e+00,2.924681007862091064e-01,-5.745152831077575684e-01,9.448873461224138737e-04,-5.341573953628540039e-01,-6.227067112922668457e-02,-6.652902960777282715e-01,1.150251831859350204e-03,-2.820424139499664307e-01,3.719492852687835693e-01,3.400000035762786865e-01,-2.343308627605438232e-01,-1.128013432025909424e-01,-1.207371577620506287e-01,-1.353839635848999023e-01,1.602868139743804932e-01,-2.299360781908035278e-01,5.165954232215881348e-01,-1.224702715873718262e+00,-2.999999932944774628e-02,-6.601376533508300781e-01,-7.532385587692260742e-01,-6.246610879898071289e-01,3.414249718189239502e-01
-8.060902357101440430e-01,5.142418667674064636e-02,3.025825917720794678e-01,1.590069383382797241e-01,-5.971980094909667969e-02,-4.128460884094238281e-01,-8.948231339454650879e-01,0.000000000000000000e+00,0.000000000000000000e+00,3.418588340282440186e-01,-5.671408176422119141e-01,7.684602751396596432e-04,-5.386985540390014648e-01,-3.701138496398925781e-02,-6.792891621589660645e-01,3.096540696924908465e-18,-2.436788231134414673e-01,3.717651069164276123e-01,3.400000035762786865e-01,-2.321512550115585327e-01,-1.013510376214981079e-01,-8.217465132474899292e-02,-4.360501840710639954e-02,1.780748069286346436e-01,-2.981204390525817871e-01,5.856906175613403320e-01,-1.066532969474792480e+00,-2.999999932944774628e-02,-6.471588015556335449e-01,-6.698347330093383789e-01,-6.636787652969360352e-01,3.424968719482421875e-01
-8.084990382194519043e-01,4.976522177457809448e-02,3.034296929836273193e-01,1.441446244716644287e-01,-5.101628974080085754e-02,-4.031341671943664551e-01,-9.022762775421142578e-01,0.000000000000000000e+00,0.000000000000000000e+00,3.002817034721374512e-01,-5.390260219573974609e-01,4.686653614044189453e-03,-5.497756004333496094e-01,-4.061891883611679077e-02,-6.797270178794860840e-01,3.873490495607256889e-03,-2.349926382303237915e-01,3.699445426464080811e-01,3.400000035762786865e-01,-2.531033754348754883e-01,-7.505583763122558594e-02,-6.974924355745315552e-02,-6.110517680644989014e-02,2.276579588651657104e-01,-2.493706345558166504e-01,5.874280333518981934e-01,-1.004479765892028809e+00,-2.999999932944774628e-02,-6.070767641067504883e-01,-6.441683769226074219e-01,-7.055148482322692871e-01,3.593868911266326904e-01
-8.094929456710815430e-01,4.738325998187065125e-02,3.045248091220855713e-01,1.394450962543487549e-01,-4.106809943914413452e-02,-3.869802653789520264e-01,-9.105573892593383789e-01,0.000000000000000000e+00,0.000000000000000000e+00,3.145836889743804932e-01,-5.124198198318481445e-01,6.603403482586145401e-03,-5.594823360443115234e-01,-3.031844832003116608e-02,-6.820725202560424805e-01,4.166807048022747040e-03,-2.096305042505264282e-01,3.751722872257232666e-01,3.400000035762786865e-01,-2.549728155136108398e-01,-7.560531049966812134e-02,-4.313170164823532104e-02,-8.404525369405746460e-02,3.030013144016265869e-01,-2.425192445516586304e-01,5.947985053062438965e-01,-8.911213874816894531e-01,-2.999999932944774628e-02,-5.740686655044555664e-01,-5.994378924369812012e-01,-7.316691875457763672e-01,3.441347181797027588e-01
-8.092243671417236328e-01,4.522973671555519104e-02,3.059061169624328613e-01,1.341896802186965942e-01,-3.137744218111038208e-02,-3.712292909622192383e-01,-9.182578325271606445e-01,0.000000000000000000e+00,0.000000000000000000e+00,3.319421410560607910e-01,-4.834187030792236328e-01,8.098289370536804199e-03,-5.688347816467285156e-01,-2.019228413701057434e-02,-6.806018948554992676e-01,4.576946143060922623e-03,-1.864197552204132080e-01,3.797100186347961426e-01,3.400000035762786865e-01,-2.625471055507659912e-01,-7.154079526662826538e-02,-5.679432302713394165e-03,-9.536334127187728882e-02,3.874161839485168457e-01,-2.302638441324234009e-01,6.052099466323852539e-01,-7.699893712997436523e-01,-2.999999932944774628e-02,-5.337540507316589355e-01,-5.488212704658508301e-01,-7.569821476936340332e-01,3.160193860530853271e-01
-8.079146742820739746e-01,4.335789009928703308e-02,3.074288666248321533e-01,1.284889280796051025e-01,-2.227334678173065186e-02,-3.559425473213195801e-01,-9.253644943237304688e-01,0.000000000000000000e+00,0.000000000000000000e+00,3.503582477569580078e-01,-4.526675045490264893e-01,9.323170408606529236e-03,-5.775730013847351074e-01,-1.096309348940849304e-02,-6.754243373870849609e-01,4.891068674623966217e-03,-1.688140183687210083e-01,3.766411542892456055e-01,3.400000035762786865e-01,-2.741714715957641602e-01,-6.455574184656143188e-02,3.536405414342880249e-02,-1.025170385837554932e-01,4.679636061191558838e-01,-2.193426340818405151e-01,6.270265579223632812e-01,-6.343917250633239746e-01,-2.987125329673290253e-02,-4.807817339897155762e-01,-4.866031408309936523e-01,-7.880240082740783691e-01,2.807501852512359619e-01
-8.056807518005371094e-01,4.177499189972877502e-02,3.087517917156219482e-01,1.239567697048187256e-01,-1.254095043987035751e-02,-3.406679928302764893e-01,-9.318920373916625977e-01,0.000000000000000000e+00,0.000000000000000000e+00,3.752653598785400391e-01,-4.188776016235351562e-01,1.040589530020952225e-02,-5.856557488441467285e-01,2.114380942657589912e-03,-6.668824553489685059e-01,5.692510865628719330e-03,-1.533173918724060059e-01,3.736896514892578125e-01,3.400000035762786865e-01,-2.939561307430267334e-01,-4.062783345580101013e-02,7.526506483554840088e-02,-1.069876551628112793e-01,5.000000000000000000e-01,-2.064103335142135620e-01,6.602081656455993652e-01,-4.837684333324432373e-01,-1.746333017945289612e-02,-4.144073128700256348e-01,-4.134590625762939453e-01,-8.307902812957763672e-01,2.349623143672943115e-01
-8.028409481048583984e-01,4.050610587000846863e-02,3.097002506256103516e-01,1.182782500982284546e-01,-1.459232647903263569e-03,-3.254433870315551758e-01,-9.381336569786071777e-01,0.000000000000000000e+00,0.000000000000000000e+00,4.027022421360015869e-01,-3.770485222339630127e-01,1.117558404803276062e-02,-5.962458848953247070e-01,1.334151811897754669e-02,-6.531372070312500000e-01,7.371742278337478638e-03,-1.397106796503067017e-01,3.727176785469055176e-01,3.400000035762786865e-01,-3.200894892215728760e-01,-1.221124362200498581e-02,1.111941188573837280e-01,-1.031664460897445679e-01,5.000000000000000000e-01,-1.805271953344345093e-01,6.846159100532531738e-01,-3.349226713180541992e-01,-3.245433093979954720e-03,-3.365729451179504395e-01,-3.414478600025177002e-01,-8.787572979927062988e-01,1.816065013408660889e-01
-7.996553778648376465e-01,3.864375874400138855e-02,3.099208176136016846e-01,1.274905353784561157e-01,6.633707787841558456e-03,-3.073047697544097900e-01,-9.430089592933654785e-01,0.000000000000000000e+00,0.000000000000000000e+00,5.037174820899963379e-01,-3.421572148799896240e-01,1.378324581310153008e-03,-5.757526755332946777e-01,3.660854324698448181e-02,-6.444123387336730957e-01,1.817870419472455978e-03,-9.729062020778656006e-02,3.964092731475830078e-01,3.400000035762786865e-01,-3.136363625526428223e-01,-5.130855366587638855e-02,1.269034743309020996e-01,-1.186625510454177856e-01,5.000000000000000000e-01,-1.978877633810043335e-01,7.133252620697021484e-01,-2.295912206172943115e-01,-7.798023056238889694e-03,-2.981777787208557129e-01,-2.892347574234008789e-01,-8.915464282035827637e-01,9.606173634529113770e-02
-7.966480255126953125e-01,3.793218359351158142e-02,3.107972741127014160e-01,1.198012828826904297e-01,1.941668428480625153e-02,-2.894592285156250000e-01,-9.494650959968566895e-01,0.000000000000000000e+00,0.000000000000000000e+00,5.387008190155029297e-01,-2.860003411769866943e-01,-1.136082940504830330e-19,-5.679892897605895996e-01,4.184782132506370544e-02,-6.234912276268005371e-01,2.649575471878051758e-03,-6.957039982080459595e-02,3.911793529987335205e-01,3.400000035762786865e-01,-3.169787228107452393e-01,-7.546173781156539917e-02,1.455327123403549194e-01,-1.209210604429244995e-01,5.000000000000000000e-01,-1.528986990451812744e-01,7.019510269165039062e-01,-1.485408991575241089e-01,-5.094903986901044846e-03,-2.240081727504730225e-01,-2.484164088964462280e-01,-8.926005959510803223e-01,3.196910396218299866e-02
-7.942792773246765137e-01,3.742541000247001648e-02,3.119803965091705322e-01,1.110416874289512634e-01,3.602897003293037415e-02,-2.718069851398468018e-01,-9.552447795867919922e-01,0.000000000000000000e+00,0.000000000000000000e+00,5.761935114860534668e-01,-2.223955988883972168e-01,-1.274149310907281285e-18,-5.579266548156738281e-01,4.333622753620147705e-02,-5.945682525634765625e-01,4.384648520499467850e-03,-4.251796752214431763e-02,3.886178731918334961e-01,3.400000035762786865e-01,-3.252397775650024414e-01,-8.399962633848190308e-02,1.638739705085754395e-01,-8.114598691463470459e-02,5.000000000000000000e-01,-7.466746866703033447e-02,6.697000265121459961e-01,-1.592735648155212402e-01,-5.515774246305227280e-03,-1.632178574800491333e-01,-2.180357277393341064e-01,-8.612838387489318848e-01,-1.778538152575492859e-02
-7.931157946586608887e-01,3.711335733532905579e-02,3.141689002513885498e-01,9.613270312547683716e-02,5.659500509500503540e-02,-2.588370442390441895e-01,-9.594575762748718262e-01,0.000000000000000000e+00,0.000000000000000000e+00,5.684388279914855957e-01,-1.664571911096572876e-01,7.992025464773178101e-03,-5.726459622383117676e-01,3.581573441624641418e-02,-5.570158362388610840e-01,9.593050926923751831e-03,-3.401219844818115234e-02,3.713231980800628662e-01,3.400000035762786865e-01,-3.563781976699829102e-01,-4.396818950772285461e-02,1.695511788129806519e-01,-1.657966710627079010e-02,5.000000000000000000e-01,3.333154320716857910e-02,6.055379509925842285e-01,-3.014180958271026611e-01,4.587286710739135742e-02,-9.642740339040756226e-02,-1.778926551342010498e-01,-8.254611492156982422e-01,-1.660434156656265259e-02
-7.924837470054626465e-01,3.764752671122550964e-02,3.160383999347686768e-01,8.564209192991256714e-02,7.950880378484725952e-02,-2.477411627769470215e-01,-9.617525935173034668e-01,0.000000000000000000e+00,0.000000000000000000e+00,5.916367769241333008e-01,-1.006805896759033203e-01,1.283668819814920425e-02,-6.031720638275146484e-01,2.366025932133197784e-02,-5.099597573280334473e-01,1.240784116089344025e-02,-3.902972489595413208e-02,3.591300547122955322e-01,3.400000035762786865e-01,-3.707759976387023926e-01,1.080338098108768463e-02,1.758553385734558105e-01,5.930466577410697937e-02,5.000000000000000000e-01,1.469869762659072876e-01,4.831126034259796143e-01,-6.537978649139404297e-01,1.714021116495132446e-01,-5.132037401199340820e-02,-1.583440601825714111e-01,-7.639021873474121094e-01,-3.355005756020545959e-03
-7.911373972892761230e-01,4.052085056900978088e-02,3.166650533676147461e-01,8.098813891410827637e-02,9.884569048881530762e-02,-2.425173372030258179e-01,-9.616942405700683594e-01,0.000000000000000000e+00,0.000000000000000000e+00,6.172077655792236328e-01,-3.523980081081390381e-02,1.335968263447284698e-02,-6.476002335548400879e-01,1.605956256389617920e-02,-4.611081182956695557e-01,1.537120155990123749e-02,-5.479765310883522034e-02,3.491928279399871826e-01,3.400000035762786865e-01,-3.614092767238616943e-01,7.344144582748413086e-02,1.935855150222778320e-01,1.300455331802368164e-01,5.000000000000000000e-01,2.486306577920913696e-01,2.686027288436889648e-01,-1.084403991699218750e+00,3.395148515701293945e-01,-2.138781361281871796e-02,-1.637016981840133667e-01,-6.836636662483215332e-01,1.411926466971635818e-02
-7.870895862579345703e-01,4.526181519031524658e-02,3.165906965732574463e-01,7.022160291671752930e-02,1.062997356057167053e-01,-2.378569692373275757e-01,-9.629088044166564941e-01,0.000000000000000000e+00,0.000000000000000000e+00,6.188728809356689453e-01,3.342127427458763123e-02,4.912606440484523773e-03,-5.400842428207397461e-01,-2.238523215055465698e-02,-4.281996488571166992e-01,1.321309898048639297e-02,4.014920908957719803e-03,2.812000215053558350e-01,3.400000035762786865e-01,-3.464072346687316895e-01,1.107592582702636719e-01,2.288727760314941406e-01,2.017331272363662720e-01,5.000000000000000000e-01,2.913560569286346436e-01,1.286015510559082031e-01,-1.091723442077636719e+00,2.680112123489379883e-01,7.478945422917604446e-03,-1.302706450223922729e-01,-5.917988419532775879e-01,-1.680166646838188171e-02
-7.832726240158081055e-01,4.880768060684204102e-02,3.166073560714721680e-01,6.815215945243835449e-02,1.119530871510505676e-01,-2.318114489316940308e-01,-9.638906717300415039e-01,0.000000000000000000e+00,0.000000000000000000e+00,6.246127486228942871e-01,7.585773617029190063e-02,4.834400489926338196e-03,-5.278440713882446289e-01,-3.422125801444053650e-02,-4.044468402862548828e-01,1.359792239964008331e-02,1.626169867813587189e-02,2.317756563425064087e-01,3.400000035762786865e-01,-3.102269470691680908e-01,1.219343915581703186e-01,2.371282875537872314e-01,2.122731804847717285e-01,5.000000000000000000e-01,2.795865833759307861e-01,-1.351060811430215836e-02,-1.021605253219604492e+00,1.587873548269271851e-01,4.563949629664421082e-02,-9.793353080749511719e-02,-5.408085584640502930e-01,-1.826067827641963959e-02
-7.785480022430419922e-01,5.246601998805999756e-02,3.164793848991394043e-01,6.877144426107406616e-02,1.133066415786743164e-01,-2.251774817705154419e-01,-9.652601480484008789e-01,0.000000000000000000e+00,0.000000000000000000e+00,6.298478841781616211e-01,1.066949889063835144e-01,4.821443930268287659e-03,-4.992249906063079834e-01,-4.218120127916336060e-02,-3.899447321891784668e-01,1.337182987481355667e-02,4.357304424047470093e-02,1.857102215290069580e-01,3.400000035762786865e-01,-2.615877687931060791e-01,1.170925348997116089e-01,2.361188381910324097e-01,2.050019502639770508e-01,5.000000000000000000e-01,2.554690837860107422e-01,-7.672529667615890503e-02,-8.757968544960021973e-01,2.444927766919136047e-02,7.663922756910324097e-02,-6.774303317070007324e-02,-4.984079301357269287e-01,-1.981361024081707001e-02
-7.733704447746276855e-01,5.598495155572891235e-02,3.163961470127105713e-01,7.043155282735824585e-02,1.136543750762939453e-01,-2.189413607120513916e-01,-9.665333628654479980e-01,0.000000000000000000e+00,0.000000000000000000e+00,6.358869075775146484e-01,1.368348002433776855e-01,6.076420657336711884e-03,-5.089398026466369629e-01,-4.946271330118179321e-02,-3.728387951850891113e-01,1.355771906673908234e-02,5.487933009862899780e-02,1.333285123109817505e-01,3.349890410900115967e-01,-2.072108834981918335e-01,1.072996407747268677e-01,2.361456155776977539e-01,1.761614531278610229e-01,5.000000000000000000e-01,2.585826814174652100e-01,-6.063517555594444275e-02,-7.418016195297241211e-01,-1.714401505887508392e-02,1.157810837030410767e-01,-2.627577073872089386e-02,-4.689409136772155762e-01,-2.035197615623474121e-02
-7.686118483543395996e-01,5.876646563410758972e-02,3.164760172367095947e-01,7.130341231822967529e-02,1.137465313076972961e-01,-2.149385958909988403e-01,-9.673566818237304688e-01,0.000000000000000000e+00,0.000000000000000000e+00,6.425464153289794922e-01,1.595601886510848999e-01,6.708356086164712906e-03,-5.040085315704345703e-01,-5.941143259406089783e-02,-3.555431962013244629e-01,1.293312665075063705e-02,7.262726873159408569e-02,7.868216931819915771e-02,3.268489241600036621e-01,-1.637402921915054321e-01,1.178451925516128540e-01,2.454104870557785034e-01,1.455656588077545166e-01,5.000000000000000000e-01,2.954101562500000000e-01,-6.905512884259223938e-03,-7.021564841270446777e-01,-1.709950901567935944e-02,1.521623134613037109e-01,2.079450339078903198e-02,-4.494463205337524414e-01,-2.093268372118473053e-02
-7.646183967590332031e-01,6.035356968641281128e-02,3.166497349739074707e-01,7.148403674364089966e-02,1.144969612360000610e-01,-2.114665061235427856e-01,-9.680198431015014648e-01,0.000000000000000000e+00,0.000000000000000000e+00,6.501938700675964355e-01,1.766211092472076416e-01,7.344296667724847794e-03,-4.926986992359161377e-01,-6.698989868164062500e-02,-3.420958518981933594e-01,1.256700977683067322e-02,9.067532420158386230e-02,3.370455279946327209e-02,3.199657797813415527e-01,-1.284843534231185913e-01,1.471683681011199951e-01,2.673599123954772949e-01,1.322320997714996338e-01,5.000000000000000000e-01,3.237317502498626709e-01,4.318635165691375732e-02,-6.836497187614440918e-01,-1.680977828800678253e-02,1.749243587255477905e-01,6.161678954958915710e-02,-4.345541298389434814e-01,-2.161267399787902832e-02
-7.612933516502380371e-01,6.065519899129867554e-02,3.168267905712127686e-01,6.994535028934478760e-02,1.160489767789840698e-01,-2.076033055782318115e-01,-9.687833189964294434e-01,0.000000000000000000e+00,0.000000000000000000e+00,6.582232117652893066e-01,1.928972154855728149e-01,7.513383403420448303e-03,-4.862575829029083252e-01,-7.291413843631744385e-02,-3.286960124969482422e-01,1.256408449262380600e-02,1.026782765984535217e-01,6.899610161781311035e-04,3.139820694923400879e-01,-9.858995676040649414e-02,1.738191694021224976e-01,2.903080582618713379e-01,1.401741206645965576e-01,5.000000000000000000e-01,3.286714255809783936e-01,7.559673488140106201e-02,-6.497326493263244629e-01,-1.671880483627319336e-02,1.811980158090591431e-01,9.156341850757598877e-02,-4.207400083541870117e-01,-2.199213951826095581e-02
-7.585617303848266602e-01,5.951921641826629639e-02,3.168599009513854980e-01,6.542215496301651001e-02,1.181947290897369385e-01,-2.030810415744781494e-01,-9.697979092597961426e-01,0.000000000000000000e+00,0.000000000000000000e+00,6.656146645545959473e-01,2.097096592187881470e-01,7.811063434928655624e-03,-4.846645295619964600e-01,-8.060742169618606567e-02,-3.149657249450683594e-01,1.392121799290180206e-02,1.087231040000915527e-01,-2.023183740675449371e-02,3.094323575496673584e-01,-7.792497426271438599e-02,1.902641355991363525e-01,2.973690927028656006e-01,1.839459240436553955e-01,5.000000000000000000e-01,3.204678893089294434e-01,9.581879526376724243e-02,-6.078363060951232910e-01,-1.612259820103645325e-02,1.702274233102798462e-01,1.059157922863960266e-01,-4.301240444183349609e-01,2.093100547790527344e-02
-7.557317614555358887e-01,5.708324164152145386e-02,3.165084719657897949e-01,5.725034326314926147e-02,1.209343895316123962e-01,-1.967910379171371460e-01,-9.712726473808288574e-01,0.000000000000000000e+00,0.000000000000000000e+00,6.734220385551452637e-01,2.299501895904541016e-01,8.093059994280338287e-03,-4.609842896461486816e-01,-9.170889109373092651e-02,-3.009648919105529785e-01,1.661597564816474915e-02,1.198784187436103821e-01,-2.747314050793647766e-02,3.065960705280303955e-01,-6.226500123739242554e-02,2.055770456790924072e-01,3.058465421199798584e-01,2.640314996242523193e-01,5.000000000000000000e-01,3.200651705265045166e-01,1.042410507798194885e-01,-5.825165510177612305e-01,-1.476108282804489136e-02,1.430421024560928345e-01,9.554033726453781128e-02,-4.866749644279479980e-01,1.653907150030136108e-01
-7.520270347595214844e-01,5.325890704989433289e-02,3.153095245361328125e-01,4.648997634649276733e-02,1.228073537349700928e-01,-1.892131119966506958e-01,-9.731163382530212402e-01,0.000000000000000000e+00,0.000000000000000000e+00,6.815161705017089844e-01,2.496089935302734375e-01,8.994062431156635284e-03,-4.286625981330871582e-01,-1.021457165479660034e-01,-2.832462191581726074e-01,2.106724120676517487e-02,1.242175176739692688e-01,-2.895026654005050659e-02,3.026055991649627686e-01,-4.294768348336219788e-02,2.206978201866149902e-01,3.187290728092193604e-01,3.614050745964050293e-01,5.000000000000000000e-01,3.277904689311981201e-01,1.083464026451110840e-01,-5.712594389915466309e-01,-1.315259281545877457e-02,1.145381405949592590e-01,7.137368619441986084e-02,-5.939926505088806152e-01,4.307695925235748291e-01
-7.476642727851867676e-01,4.812335968017578125e-02,3.131902217864990234e-01,3.317641839385032654e-02,1.244122982025146484e-01,-1.818585544824600220e-01,-9.748581051826477051e-01,0.000000000000000000e+00,0.000000000000000000e+00,6.885809898376464844e-01,2.716512084007263184e-01,9.889309294521808624e-03,-4.228687584400177002e-01,-1.127737015485763550e-01,-2.688668966293334961e-01,4.788712784647941589e-02,1.022930145263671875e-01,-2.869320847094058990e-02,3.006883263587951660e-01,-2.573714777827262878e-02,2.401224225759506226e-01,3.326153755187988281e-01,4.677066802978515625e-01,5.000000000000000000e-01,3.326070308685302734e-01,1.060211285948753357e-01,-5.580398440361022949e-01,-1.203993894159793854e-02,1.011334806680679321e-01,4.337652772665023804e-02,-7.145787477493286133e-01,6.542401313781738281e-01
-7.427593469619750977e-01,4.204459860920906067e-02,3.106068968772888184e-01,1.598890312016010284e-02,1.267969459295272827e-01,-1.748722791671752930e-01,-9.762615561485290527e-01,0.000000000000000000e+00,0.000000000000000000e+00,6.936451196670532227e-01,2.973921597003936768e-01,1.087834313511848450e-02,-4.298332035541534424e-01,-1.277096569538116455e-01,-2.793231010437011719e-01,1.334149092435836792e-01,5.429568886756896973e-02,-4.155549407005310059e-02,3.032386004924774170e-01,-2.511397702619433403e-03,2.563660442829132080e-01,3.532384335994720459e-01,5.564689636230468750e-01,5.000000000000000000e-01,3.315218687057495117e-01,1.109665110707283020e-01,-5.366603732109069824e-01,-1.211321074515581131e-02,1.046841964125633240e-01,1.170384325087070465e-02,-8.383028507232666016e-01,7.792091965675354004e-01
-7.368975877761840820e-01,3.593772277235984802e-02,3.082970082759857178e-01,-5.057709291577339172e-03,1.290693432092666626e-01,-1.670384109020233154e-01,-9.774526357650756836e-01,0.000000000000000000e+00,0.000000000000000000e+00,6.962040662765502930e-01,3.266569674015045166e-01,1.111836917698383331e-02,-4.167069196701049805e-01,-1.535162925720214844e-01,-2.870712280273437500e-01,2.169610857963562012e-01,-4.092950373888015747e-03,-6.847948580980300903e-02,3.090480566024780273e-01,2.606008946895599365e-02,2.639129757881164551e-01,3.856439292430877686e-01,5.969066023826599121e-01,5.000000000000000000e-01,3.298404812812805176e-01,1.254521161317825317e-01,-5.099282860755920410e-01,-1.292094960808753967e-02,1.094278320670127869e-01,-3.162907436490058899e-02,-9.311692714691162109e-01,8.126322031021118164e-01
-7.302758693695068359e-01,3.026569075882434845e-02,3.072930276393890381e-01,-2.146486937999725342e-02,1.285400837659835815e-01,-1.570623666048049927e-01,-9.789525866508483887e-01,0.000000000000000000e+00,0.000000000000000000e+00,6.984782814979553223e-01,3.380766808986663818e-01,1.042012870311737061e-02,-3.568109571933746338e-01,-1.672140657901763916e-01,-2.847695350646972656e-01,2.700886428356170654e-01,-6.423618644475936890e-02,-8.728560060262680054e-02,3.140838146209716797e-01,4.921107739210128784e-02,2.436306029558181763e-01,4.056661725044250488e-01,5.949995517730712891e-01,5.000000000000000000e-01,3.195877075195312500e-01,1.446678042411804199e-01,-4.718731939792633057e-01,-1.367331761866807938e-02,8.684407919645309448e-02,-9.608122706413269043e-02,-9.286779761314392090e-01,7.449505925178527832e-01
-7.222764492034912109e-01,2.571829594671726227e-02,3.078506290912628174e-01,-2.972621098160743713e-02,1.240246966481208801e-01,-1.429392546415328979e-01,-9.814798235893249512e-01,0.000000000000000000e+00,0.000000000000000000e+00,7.011452317237854004e-01,3.373084962368011475e-01,8.900002576410770416e-03,-2.770929932594299316e-01,-1.653557121753692627e-01,-2.699914872646331787e-01,2.833888828754425049e-01,-1.042368263006210327e-01,-9.007380157709121704e-02,3.163162469863891602e-01,7.144437730312347412e-02,1.953236311674118042e-01,3.914622664451599121e-01,5.648335218429565430e-01,5.000000000000000000e-01,3.076899945735931396e-01,1.665046960115432739e-01,-4.295907616615295410e-01,-1.455795858055353165e-02,3.576784953474998474e-02,-1.736719310283660889e-01,-8.180185556411743164e-01,5.830497145652770996e-01
-7.122665643692016602e-01,2.197798900306224823e-02,3.098717927932739258e-01,-2.898619510233402252e-02,1.141630560159683228e-01,-1.235893517732620239e-01,-9.853183627128601074e-01,0.000000000000000000e+00,0.000000000000000000e+00,7.031118273735046387e-01,3.258820176124572754e-01,7.202628999948501587e-03,-2.150621265172958374e-01,-1.471345871686935425e-01,-2.471003979444503784e-01,2.585494220256805420e-01,-1.085139364004135132e-01,-7.705150544643402100e-02,3.122146427631378174e-01,9.995953738689422607e-02,1.207017302513122559e-01,3.456711471080780029e-01,4.869259893894195557e-01,5.000000000000000000e-01,2.981320619583129883e-01,1.904762387275695801e-01,-3.890194892883300781e-01,-1.536780688911676407e-02,-1.964225433766841888e-02,-2.308243811130523682e-01,-6.407917141914367676e-01,3.965129554271697998e-01
-7.002075314521789551e-01,1.822138950228691101e-02,3.132992684841156006e-01,-1.937173493206501007e-02,1.006081476807594299e-01,-9.681787341833114624e-02,-9.900146722793579102e-01,0.000000000000000000e+00,0.000000000000000000e+00,7.040800452232360840e-01,3.010993301868438721e-01,5.748039111495018005e-03,-1.399485468864440918e-01,-1.053296998143196106e-01,-2.162487655878067017e-01,2.044066637754440308e-01,-8.284902572631835938e-02,-3.852798789739608765e-02,3.035977184772491455e-01,1.274785399436950684e-01,3.337762132287025452e-02,2.736041545867919922e-01,3.916378617286682129e-01,5.000000000000000000e-01,2.911338508129119873e-01,2.065442055463790894e-01,-3.456003069877624512e-01,-1.505430974066257477e-02,-5.865378677845001221e-02,-2.463077008724212646e-01,-4.417878687381744385e-01,2.427510917186737061e-01
-6.874216794967651367e-01,1.468707434833049774e-02,3.190843462944030762e-01,-3.187380358576774597e-02,8.099484443664550781e-02,-7.615669071674346924e-02,-9.932895302772521973e-01,0.000000000000000000e+00,0.000000000000000000e+00,5.513877868652343750e-01,2.777228951454162598e-01,4.954116884618997574e-03,-6.357950717210769653e-02,-1.268671303987503052e-01,-1.937318295240402222e-01,1.422067135572433472e-01,-4.075665771961212158e-02,-4.452765360474586487e-02,2.953728139400482178e-01,1.313709467649459839e-01,-4.776450619101524353e-02,2.080052196979522705e-01,2.944225370883941650e-01,5.000000000000000000e-01,2.817734777927398682e-01,2.174928635358810425e-01,-2.930551469326019287e-01,-1.614432968199253082e-02,-6.383185088634490967e-02,-2.387997955083847046e-01,-3.245891332626342773e-01,7.889950275421142578e-02
-6.737546324729919434e-01,1.146716624498367310e-02,3.248127698898315430e-01,-4.019533097743988037e-02,6.755390763282775879e-02,-5.410797894001007080e-02,-9.954361319541931152e-01,0.000000000000000000e+00,0.000000000000000000e+00,4.116441607475280762e-01,2.772032618522644043e-01,7.773984689265489578e-03,-1.068283766508102417e-01,-1.501711755990982056e-01,-1.603513807058334351e-01,8.869519829750061035e-02,-5.983238108456134796e-03,-3.819468244910240173e-02,2.914401888847351074e-01,1.420659869909286499e-01,-9.958518296480178833e-02,1.391185075044631958e-01,2.089314162731170654e-01,5.000000000000000000e-01,2.829560339450836182e-01,2.124978601932525635e-01,-2.598738968372344971e-01,-1.797259785234928131e-02,-2.290249988436698914e-02,-2.187679409980773926e-01,-3.264729678630828857e-01,-2.082981541752815247e-02
-6.603666543960571289e-01,8.693616837263107300e-03,3.289204239845275879e-01,-3.486560657620429993e-02,6.282881647348403931e-02,-3.310985863208770752e-02,-9.968653917312622070e-01,0.000000000000000000e+00,0.000000000000000000e+00,3.433808684349060059e-01,2.127735167741775513e-01,1.108120307326316833e-01,-2.303339689970016479e-01,-1.532412916421890259e-01,-1.123618632555007935e-01,4.644634202122688293e-02,1.614480465650558472e-02,-1.358166220597922802e-03,2.891633212566375732e-01,1.403118968009948730e-01,-1.098571941256523132e-01,8.902198076248168945e-02,1.639083772897720337e-01,4.997074604034423828e-01,2.919923365116119385e-01,1.979370117187500000e-01,-2.370088100433349609e-01,-1.863360591232776642e-02,1.921911351382732391e-02,-1.867390275001525879e-01,-3.499508798122406006e-01,-2.124117687344551086e-02
-6.481644511222839355e-01,6.383880972862243652e-03,3.317089676856994629e-01,-2.509420178830623627e-02,6.310535967350006104e-02,-1.407711859792470932e-02,-9.975920319557189941e-01,0.000000000000000000e+00,0.000000000000000000e+00,2.840412557125091553e-01,1.561611443758010864e-01,1.063902750611305237e-01,-3.688532710075378418e-01,-1.532770991325378418e-01,-6.014489009976387024e-02,9.425039403140544891e-03,6.227440014481544495e-02,3.991095721721649170e-02,2.879376411437988281e-01,1.249914690852165222e-01,-1.060234829783439636e-01,6.263585388660430908e-02,1.388250887393951416e-01,4.991703927516937256e-01,3.026429414749145508e-01,1.867208629846572876e-01,-2.457585483789443970e-01,-1.919893734157085419e-02,5.885241553187370300e-02,-1.491173505783081055e-01,-3.582283258438110352e-01,-2.174240536987781525e-02
-6.383398771286010742e-01,5.559676792472600937e-03,3.338233828544616699e-01,-1.875347085297107697e-02,5.744259059429168701e-02,5.734752397984266281e-03,-9.981561899185180664e-01,0.000000000000000000e+00,0.000000000000000000e+00,1.672983616590499878e-01,7.161150872707366943e-02,1.159183960407972336e-02,-4.583668112754821777e-01,-1.380253881216049194e-01,-5.633945018053054810e-02,7.918493822216987610e-03,7.916590571403503418e-02,6.957773864269256592e-02,2.674584984779357910e-01,1.008510738611221313e-01,-9.440005570650100708e-02,6.107174605131149292e-02,1.347362101078033447e-01,4.990942180156707764e-01,3.256410956382751465e-01,1.619655489921569824e-01,-3.643652796745300293e-01,1.709404215216636658e-02,9.517274051904678345e-02,-1.058511286973953247e-01,-3.606421649456024170e-01,-2.285614423453807831e-02
-6.304672956466674805e-01,7.306207437068223953e-03,3.332245945930480957e-01,-1.757460273802280426e-02,3.890071436762809753e-02,2.484867535531520844e-02,-9.987794756889343262e-01,0.000000000000000000e+00,0.000000000000000000e+00,3.615710884332656860e-02,-1.240572258830070496e-01,9.557558223605155945e-03,-5.083804130554199219e-01,-1.344840228557586670e-01,-9.307582676410675049e-02,5.576573777943849564e-03,7.043825834989547729e-02,8.643038570880889893e-02,1.967473328113555908e-01,8.137515932321548462e-02,-7.030116766691207886e-02,5.915525928139686584e-02,1.372247636318206787e-01,4.998255968093872070e-01,3.894907534122467041e-01,1.018392741680145264e-01,-6.435133814811706543e-01,1.232384964823722839e-01,1.479048579931259155e-01,-7.129388302564620972e-02,-3.521127104759216309e-01,-2.251449041068553925e-02
-6.178042888641357422e-01,9.376563131809234619e-03,3.315196037292480469e-01,-3.521564183756709099e-03,6.499309092760086060e-02,3.968072682619094849e-02,-9.970902204513549805e-01,0.000000000000000000e+00,0.000000000000000000e+00,1.299104560166597366e-02,-1.809841096401214600e-01,2.565960865467786789e-03,-4.088742434978485107e-01,-1.610607802867889404e-01,1.309032086282968521e-02,2.789074354516497866e-16,1.331816613674163818e-01,1.161693185567855835e-01,2.677122354507446289e-01,4.760219156742095947e-02,-7.171812653541564941e-02,5.479857698082923889e-02,1.419874131679534912e-01,4.993261396884918213e-01,3.825331926345825195e-01,1.648521237075328827e-02,-8.618270754814147949e-01,1.226164251565933228e-01,1.618236601352691650e-01,-4.703157395124435425e-02,-3.412758708000183105e-01,-2.690801583230495453e-02
-6.088352799415588379e-01,1.054261159151792526e-02,3.278333246707916260e-01,1.796359568834304810e-02,4.810493439435958862e-02,5.285896360874176025e-02,-9.972808957099914551e-01,0.000000000000000000e+00,0.000000000000000000e+00,1.003944221884012222e-02,-3.203508555889129639e-01,2.885743742808699608e-03,-3.560295701026916504e-01,-1.013611108064651489e-01,-2.478254400193691254e-02,1.077381614595651627e-02,1.490090787410736084e-01,1.543654650449752808e-01,2.032193094491958618e-01,4.245484992861747742e-02,-4.231771081686019897e-02,6.389372795820236206e-02,1.389236599206924438e-01,5.000000000000000000e-01,3.605590164661407471e-01,-9.320880472660064697e-02,-9.791467189788818359e-01,1.000774726271629333e-01,2.121303230524063110e-01,-1.407466363161802292e-02,-3.115354776382446289e-01,-2.644351124763488770e-02
-5.942019820213317871e-01,9.347791783511638641e-03,3.250434100627899170e-01,4.847827181220054626e-02,8.314730226993560791e-02,6.122528389096260071e-02,-9.934726357460021973e-01,0.000000000000000000e+00,0.000000000000000000e+00,9.722690284252166748e-02,-2.696586549282073975e-01,4.864434529055398245e-18,-2.403123080730438232e-01,-8.037655055522918701e-02,1.220419481396675110e-01,4.501303657889366150e-03,2.134789377450942993e-01,2.126432210206985474e-01,2.904216647148132324e-01,-1.900759711861610413e-02,-4.484283551573753357e-02,1.014882326126098633e-01,1.584627032279968262e-01,4.999990761280059814e-01,2.447006553411483765e-01,-1.463699340820312500e-01,-9.619380831718444824e-01,1.345607936382293701e-01,2.193226367235183716e-01,1.060711313039064407e-02,-2.748155593872070312e-01,-2.905774675309658051e-02
-5.815910100936889648e-01,7.048449944704771042e-03,3.218294382095336914e-01,6.801667809486389160e-02,8.706668019294738770e-02,6.255021691322326660e-02,-9.919075369834899902e-01,0.000000000000000000e+00,0.000000000000000000e+00,1.595491915941238403e-01,-2.433716207742691040e-01,-1.270633793303930917e-18,-1.980101168155670166e-01,-3.066219948232173920e-02,1.620358228683471680e-01,1.389907673001289368e-02,2.460834234952926636e-01,2.370832115411758423e-01,2.904758751392364502e-01,-5.092087015509605408e-02,-4.495734348893165588e-02,1.310535222291946411e-01,1.660616546869277954e-01,5.000000000000000000e-01,1.468656361103057861e-01,-1.796764433383941650e-01,-8.946709632873535156e-01,8.565801382064819336e-02,2.448947280645370483e-01,4.257672652602195740e-02,-2.266534417867660522e-01,-2.865917049348354340e-02
-5.683000087738037109e-01,2.864178502932190895e-03,3.197186291217803955e-01,7.778238505125045776e-02,8.811160176992416382e-02,5.364790186285972595e-02,-9.916189312934875488e-01,0.000000000000000000e+00,0.000000000000000000e+00,2.180037647485733032e-01,-1.679403334856033325e-01,2.538019616622477770e-04,-2.365335822105407715e-01,1.868614740669727325e-02,1.955067813396453857e-01,2.348338998854160309e-02,2.695306241512298584e-01,2.313834726810455322e-01,2.830081880092620850e-01,-8.824413269758224487e-02,-5.274014919996261597e-02,1.623368263244628906e-01,1.594399660825729370e-01,5.000000000000000000e-01,6.719119846820831299e-02,-1.800000071525573730e-01,-8.118806481361389160e-01,8.789066970348358154e-02,2.706657052040100098e-01,8.188319206237792969e-02,-1.772577017545700073e-01,-2.730984985828399658e-02
-5.540184378623962402e-01,-2.696873154491186142e-03,3.189559578895568848e-01,7.788576185703277588e-02,8.801159262657165527e-02,3.783246129751205444e-02,-9.923489689826965332e-01,0.000000000000000000e+00,0.000000000000000000e+00,2.650701999664306641e-01,-1.117112860083580017e-01,2.897672122344374657e-03,-2.787475883960723877e-01,5.613919720053672791e-02,2.201999425888061523e-01,2.278142981231212616e-02,3.156389594078063965e-01,1.984963417053222656e-01,2.759108245372772217e-01,-1.145087555050849915e-01,-6.423342972993850708e-02,1.783203929662704468e-01,1.252447515726089478e-01,5.000000000000000000e-01,2.614537067711353302e-02,-1.800000071525573730e-01,-6.930496096611022949e-01,7.472541183233261108e-02,3.022498786449432373e-01,1.274989247322082520e-01,-1.373264938592910767e-01,-2.521597966551780701e-02
-5.389922857284545898e-01,-8.547132834792137146e-03,3.197312951087951660e-01,6.895175576210021973e-02,8.296605944633483887e-02,1.916452869772911072e-02,-9.939793944358825684e-01,0.000000000000000000e+00,0.000000000000000000e+00,2.879814505577087402e-01,-7.970289885997772217e-02,4.196758847683668137e-03,-2.818794846534729004e-01,7.561522722244262695e-02,1.982228904962539673e-01,4.743821918964385986e-02,3.810993432998657227e-01,1.513305008411407471e-01,2.674952149391174316e-01,-1.415800005197525024e-01,-8.425060659646987915e-02,1.716703921556472778e-01,7.684388756752014160e-02,4.999960362911224365e-01,4.031648114323616028e-02,-1.794281899929046631e-01,-6.119259595870971680e-01,5.186039954423904419e-02,3.380401134490966797e-01,1.665562987327575684e-01,-1.154855489730834961e-01,-2.393116056919097900e-02
-5.236665010452270508e-01,-1.310396939516067505e-02,3.209406137466430664e-01,6.386233121156692505e-02,8.164276182651519775e-02,6.106063257902860641e-03,-9.945947527885437012e-01,0.000000000000000000e+00,0.000000000000000000e+00,3.179103434085845947e-01,-3.792613744735717773e-02,4.446924198418855667e-03,-2.749451398849487305e-01,6.598276644945144653e-02,1.314148157835006714e-01,1.520238667726516724e-01,4.114171266555786133e-01,1.157822310924530029e-01,2.734893560409545898e-01,-1.669788956642150879e-01,-1.173142418265342712e-01,1.408631652593612671e-01,1.425326429307460785e-02,4.991017878055572510e-01,8.875232934951782227e-02,-1.480346918106079102e-01,-5.746623277664184570e-01,4.359918180853128433e-03,3.681848049163818359e-01,1.796502023935317993e-01,-9.573344141244888306e-02,-2.397277951240539551e-02
-5.096213221549987793e-01,-1.678279787302017212e-02,3.218098878860473633e-01,6.534179300069808960e-02,8.193567395210266113e-02,-3.175360150635242462e-03,-9.944882392883300781e-01,0.000000000000000000e+00,0.000000000000000000e+00,3.581798672676086426e-01,4.304017871618270874e-03,3.650635015219449997e-03,-2.763443291187286377e-01,4.301367327570915222e-02,1.817008852958679199e-02,3.229125142097473145e-01,3.654779791831970215e-01,9.565948694944381714e-02,2.761802077293395996e-01,-1.754740178585052490e-01,-1.560303270816802979e-01,8.007706701755523682e-02,-5.991136655211448669e-02,4.979189336299896240e-01,1.490981578826904297e-01,-1.204828694462776184e-01,-5.632389783859252930e-01,-2.102971635758876801e-02,3.844269216060638428e-01,1.800000071525573730e-01,-5.337289720773696899e-02,-2.499826997518539429e-02
-4.978176057338714600e-01,-2.007474936544895172e-02,3.222028613090515137e-01,7.029594480991363525e-02,8.471699804067611694e-02,-1.129387132823467255e-02,-9.938580989837646484e-01,0.000000000000000000e+00,0.000000000000000000e+00,4.036989510059356689e-01,4.465778917074203491e-02,1.372097642160952091e-03,-2.800725400447845459e-01,1.936198212206363678e-03,-9.657542407512664795e-02,4.432756900787353516e-01,2.176150828599929810e-01,8.240458369255065918e-02,2.756550610065460205e-01,-1.773744970560073853e-01,-1.901870965957641602e-01,1.421909127384424210e-02,-1.237785592675209045e-01,4.966908395290374756e-01,2.087337970733642578e-01,-9.390848875045776367e-02,-5.649017095565795898e-01,-2.071321755647659302e-02,3.848484754562377930e-01,1.800000071525573730e-01,-6.740192882716655731e-03,-1.954704895615577698e-02
-4.885279536247253418e-01,-2.376998960971832275e-02,3.219001293182373047e-01,8.378579467535018921e-02,8.770725876092910767e-02,-1.485566236078739166e-02,-9.925052523612976074e-01,0.000000000000000000e+00,0.000000000000000000e+00,4.656746685504913330e-01,7.449981570243835449e-02,1.014695839973898625e-18,-2.878696024417877197e-01,-2.327959239482879639e-02,-1.730943322181701660e-01,3.583723306655883789e-01,3.369684889912605286e-02,9.450717270374298096e-02,2.642365396022796631e-01,-1.762061119079589844e-01,-1.976929306983947754e-01,-3.210740536451339722e-02,-1.687683910131454468e-01,4.680771827697753906e-01,2.576626241207122803e-01,-7.760352641344070435e-02,-5.511824488639831543e-01,-1.967043429613113403e-02,3.479743003845214844e-01,1.800000071525573730e-01,1.720073819160461426e-02,1.021543443202972412e-01
-4.803431332111358643e-01,-2.923064865171909332e-02,3.199037015438079834e-01,9.886970371007919312e-02,9.419568628072738647e-02,-1.794475503265857697e-02,-9.904695749282836914e-01,0.000000000000000000e+00,0.000000000000000000e+00,5.399740934371948242e-01,1.002664417028427124e-01,5.503306647980116617e-18,-2.987094223499298096e-01,-2.711679413914680481e-02,-2.198275625705718994e-01,1.208746880292892456e-01,1.854950189590454102e-02,1.208357587456703186e-01,2.471925616264343262e-01,-1.940132826566696167e-01,-1.847064793109893799e-01,-4.355915635824203491e-02,-1.877778321504592896e-01,4.293418526649475098e-01,2.969407737255096436e-01,-6.879395246505737305e-02,-5.101117491722106934e-01,-1.653586328029632568e-02,2.636389732360839844e-01,1.800000071525573730e-01,-7.155852392315864563e-03,4.211828708648681641e-01
-4.726414978504180908e-01,-3.718574717640876770e-02,3.157974779605865479e-01,9.993432462215423584e-02,9.680680185556411743e-02,-2.556103281676769257e-02,-9.899435639381408691e-01,0.000000000000000000e+00,0.000000000000000000e+00,5.871242284774780273e-01,1.073360815644264221e-01,2.617204096168279648e-03,-3.028359711170196533e-01,-5.080461129546165466e-02,-3.183782994747161865e-01,4.168854095041751862e-03,1.073610186576843262e-01,1.272469758987426758e-01,2.134692370891571045e-01,-2.227717041969299316e-01,-1.655851900577545166e-01,-4.558609798550605774e-02,-1.886094361543655396e-01,4.128327965736389160e-01,3.375700116157531738e-01,-6.756687909364700317e-02,-4.594511389732360840e-01,-1.251956541091203690e-02,1.738274544477462769e-01,1.800000071525573730e-01,-1.161851957440376282e-01,8.513859510421752930e-01
-4.651963412761688232e-01,-4.699053987860679626e-02,3.119657933712005615e-01,8.520738780498504639e-02,1.008861735463142395e-01,-3.480590134859085083e-02,-9.906312227249145508e-01,0.000000000000000000e+00,0.000000000000000000e+00,6.039621829986572266e-01,1.243780627846717834e-01,6.766364909708499908e-03,-3.387507796287536621e-01,-9.319015592336654663e-02,-3.659748733043670654e-01,3.026099177077412605e-03,1.087054759263992310e-01,1.032996922731399536e-01,1.899799555540084839e-01,-2.318093925714492798e-01,-1.491681337356567383e-01,-5.986683443188667297e-02,-1.921281665563583374e-01,4.072445034980773926e-01,3.729220032691955566e-01,-6.887020170688629150e-02,-4.201822578907012939e-01,-1.075625326484441757e-02,1.383119374513626099e-01,1.800000071525573730e-01,-3.058889508247375488e-01,1.045229077339172363e+00
-4.573894441127777100e-01,-5.750835686922073364e-02,3.108950555324554443e-01,6.556306779384613037e-02,1.125667542219161987e-01,-4.259477928280830383e-02,-9.905634522438049316e-01,0.000000000000000000e+00,0.000000000000000000e+00,6.198964715003967285e-01,1.595139205455780029e-01,6.197249516844749451e-03,-3.303838968276977539e-01,-1.247938647866249084e-01,-2.827708721160888672e-01,7.206636015325784683e-03,5.387077480554580688e-02,7.938319444656372070e-02,2.007307559251785278e-01,-2.472646385431289673e-01,-1.522831618785858154e-01,-6.683588027954101562e-02,-1.845331341028213501e-01,4.165574014186859131e-01,3.895726799964904785e-01,-7.324317842721939087e-02,-3.880639374256134033e-01,-1.137136295437812805e-02,1.075722873210906982e-01,1.799548566341400146e-01,-4.156093597412109375e-01,8.609591722488403320e-01
-4.501213729381561279e-01,-6.862075626850128174e-02,3.116224110126495361e-01,4.474873840808868408e-02,1.128566190600395203e-01,-5.028585344552993774e-02,-9.913285374641418457e-01,0.000000000000000000e+00,0.000000000000000000e+00,6.091824173927307129e-01,1.613313108682632446e-01,2.887039212509989738e-03,-2.921264171600341797e-01,-1.432570070028305054e-01,-2.069936096668243408e-01,1.013800967484712601e-02,-5.245424062013626099e-02,6.513069570064544678e-02,2.009755969047546387e-01,-2.453767061233520508e-01,-1.470833271741867065e-01,-8.938647061586380005e-02,-1.861343532800674438e-01,4.212595820426940918e-01,3.911406397819519043e-01,-8.740318566560745239e-02,-3.586773574352264404e-01,-1.370901428163051605e-02,7.099984586238861084e-02,1.630053222179412842e-01,-4.630983173847198486e-01,5.314620137214660645e-01
-4.421038925647735596e-01,-7.852404564619064331e-02,3.132596015930175781e-01,3.754270076751708984e-02,1.016341969370841980e-01,-5.603459477424621582e-02,-9.925326704978942871e-01,0.000000000000000000e+00,0.000000000000000000e+00,6.112373471260070801e-01,1.319312751293182373e-01,2.043718937784433365e-03,-2.837217450141906738e-01,-1.256492882966995239e-01,-1.881440877914428711e-01,1.230703387409448624e-02,-1.067771390080451965e-01,8.628867566585540771e-02,1.745125800371170044e-01,-2.303302735090255737e-01,-1.303033381700515747e-01,-1.135896295309066772e-01,-1.937735974788665771e-01,4.265809357166290283e-01,3.940174877643585205e-01,-1.111069098114967346e-01,-3.276019394397735596e-01,-1.412589568644762039e-02,2.147928811609745026e-02,9.983936697244644165e-02,-4.993577897548675537e-01,4.478942751884460449e-01
-4.319301843643188477e-01,-8.590745180845260620e-02,3.166723251342773438e-01,3.663020581007003784e-02,1.054222062230110168e-01,-5.243141949176788330e-02,-9.923685193061828613e-01,0.000000000000000000e+00,0.000000000000000000e+00,6.472964286804199219e-01,1.509995609521865845e-01,2.656521275639533997e-03,-2.034724801778793335e-01,-1.105913519859313965e-01,-1.427928656339645386e-01,1.186043024063110352e-02,-9.325640648603439331e-02,1.212971508502960205e-01,2.009298652410507202e-01,-2.013812065124511719e-01,-1.303714513778686523e-01,-1.282018423080444336e-01,-1.835441142320632935e-01,4.481262564659118652e-01,3.819239139556884766e-01,-1.301532089710235596e-01,-3.064188361167907715e-01,-1.431939657777547836e-02,-5.279094725847244263e-02,2.336275018751621246e-02,-4.206933677196502686e-01,3.961963057518005371e-01
-4.222197532653808594e-01,-9.221724420785903931e-02,3.205010294914245605e-01,2.795118652284145355e-02,1.049813777208328247e-01,-4.791351035237312317e-02,-9.929259419441223145e-01,0.000000000000000000e+00,0.000000000000000000e+00,6.302894949913024902e-01,1.773222237825393677e-01,5.144220311194658279e-03,-1.644923686981201172e-01,-1.221214234828948975e-01,-1.122992038726806641e-01,1.235803961753845215e-02,-6.632745265960693359e-02,1.278293877840042114e-01,2.285128980875015259e-01,-1.719807535409927368e-01,-1.309327930212020874e-01,-1.252469122409820557e-01,-1.455444842576980591e-01,4.946643412113189697e-01,3.747931420803070068e-01,-1.304428130388259888e-01,-3.022544085979461670e-01,-1.493518892675638199e-02,-6.585019081830978394e-02,-3.279733657836914062e-02,-3.491273820400238037e-01,2.808288037776947021e-01
-4.133799672126770020e-01,-9.786123037338256836e-02,3.242902755737304688e-01,1.222292706370353699e-02,1.014825478196144104e-01,-4.220367595553398132e-02,-9.938665628433227539e-01,0.000000000000000000e+00,0.000000000000000000e+00,5.508516430854797363e-01,2.086089253425598145e-01,6.767148617655038834e-03,-1.830069273710250854e-01,-1.547235846519470215e-01,-8.867529034614562988e-02,1.114681828767061234e-02,-4.957006126642227173e-02,1.190955713391304016e-01,2.523486316204071045e-01,-1.494060605764389038e-01,-9.905043244361877441e-02,-8.747590333223342896e-02,-5.935119092464447021e-02,4.990905523300170898e-01,3.808227479457855225e-01,-1.266987323760986328e-01,-3.210372328758239746e-01,-1.657964102923870087e-02,-4.456866905093193054e-02,-5.547859147191047668e-02,-3.119698762893676758e-01,1.406200230121612549e-01
-4.059045016765594482e-01,-1.030196398496627808e-01,3.273487985134124756e-01,-2.042619511485099792e-03,9.620194137096405029e-02,-3.660055249929428101e-02,-9.946866035461425781e-01,0.000000000000000000e+00,0.000000000000000000e+00,4.442382752895355225e-01,2.248385846614837646e-01,8.419307880103588104e-03,-2.344529479742050171e-01,-1.847216784954071045e-01,-7.259848713874816895e-02,9.670046158134937286e-03,-4.085510224103927612e-02,1.178177446126937866e-01,2.648096680641174316e-01,-1.526191085577011108e-01,-3.169623762369155884e-02,-1.977419946342706680e-03,1.096235215663909912e-01,5.000000000000000000e-01,3.914540708065032959e-01,-1.263125240802764893e-01,-3.401887714862823486e-01,-1.810096390545368195e-02,-1.633789204061031342e-02,-4.476786777377128601e-02,-3.168434500694274902e-01,3.889595344662666321e-02
-3.996275961399078369e-01,-1.079658865928649902e-01,3.290587961673736572e-01,-3.823105245828628540e-03,9.270854294300079346e-02,-2.955717779695987701e-02,-9.952471256256103516e-01,0.000000000000000000e+00,0.000000000000000000e+00,3.808386027812957764e-01,2.141057252883911133e-01,1.002976857125759125e-02,-2.900107800960540771e-01,-1.846577674150466919e-01,-5.522104725241661072e-02,9.856343269348144531e-03,-4.189625382423400879e-02,1.473850607872009277e-01,2.674870789051055908e-01,-1.609924882650375366e-01,3.948633000254631042e-02,6.826767325401306152e-02,3.202022314071655273e-01,5.000000000000000000e-01,4.013834893703460693e-01,-1.354949325323104858e-01,-3.472810983657836914e-01,-1.898691430687904358e-02,1.650651730597019196e-02,-4.217021167278289795e-02,-3.416260778903961182e-01,-8.794400840997695923e-03
-3.948190808296203613e-01,-1.122655048966407776e-01,3.297966420650482178e-01,2.606994472444057465e-03,9.257337450981140137e-02,-2.041265927255153656e-02,-9.954931735992431641e-01,0.000000000000000000e+00,0.000000000000000000e+00,3.373238146305084229e-01,1.714414805173873901e-01,9.140976704657077789e-03,-3.374426364898681641e-01,-1.677820384502410889e-01,-3.650275617837905884e-02,1.052805315703153610e-02,-4.311509430408477783e-02,1.974695771932601929e-01,2.693740129470825195e-01,-1.668790280818939209e-01,1.245980039238929749e-01,1.300670951604843140e-01,5.325958728790283203e-01,5.000000000000000000e-01,3.979272246360778809e-01,-1.555267125368118286e-01,-3.391063511371612549e-01,-1.942758634686470032e-02,3.739209473133087158e-02,-5.353062599897384644e-02,-3.547215759754180908e-01,-2.815362438559532166e-02
-3.917507529258728027e-01,-1.154541298747062683e-01,3.300703465938568115e-01,1.457408629357814789e-02,9.262960404157638550e-02,-8.066206239163875580e-03,-9.955613017082214355e-01,0.000000000000000000e+00,0.000000000000000000e+00,2.926302850246429443e-01,1.003719940781593323e-01,5.937674548476934433e-03,-3.599230945110321045e-01,-1.371258199214935303e-01,-2.732464857399463654e-02,9.530797600746154785e-03,-3.659223765134811401e-02,2.557049691677093506e-01,2.703820168972015381e-01,-1.565588563680648804e-01,1.986085772514343262e-01,1.696860045194625854e-01,6.944532990455627441e-01,5.000000000000000000e-01,3.797489702701568604e-01,-1.795420497655868530e-01,-3.288408219814300537e-01,-1.926404237747192383e-02,4.046923667192459106e-02,-7.222250103950500488e-02,-3.480316996574401855e-01,-2.827944792807102203e-02
-3.899550139904022217e-01,-1.173820719122886658e-01,3.301299512386322021e-01,2.739535458385944366e-02,9.130769968032836914e-02,6.620279978960752487e-03,-9.954237937927246094e-01,0.000000000000000000e+00,0.000000000000000000e+00,2.333293110132217407e-01,9.408543817698955536e-03,2.186808735132217407e-03,-3.386993110179901123e-01,-1.067685335874557495e-01,-2.746140584349632263e-02,6.989902816712856293e-03,-3.085028938949108124e-02,2.966469824314117432e-01,2.716189920902252197e-01,-1.207628771662712097e-01,2.520958781242370605e-01,2.051762193441390991e-01,7.895047664642333984e-01,5.000000000000000000e-01,3.684350848197937012e-01,-1.800000071525573730e-01,-3.742629289627075195e-01,-3.177993348799645901e-04,3.849533945322036743e-02,-8.502829074859619141e-02,-3.308966159820556641e-01,-2.802392840385437012e-02
-3.879910707473754883e-01,-1.184304431080818176e-01,3.292964994907379150e-01,4.300490766763687134e-02,9.452721476554870605e-02,1.891650818288326263e-02,-9.944130778312683105e-01,0.000000000000000000e+00,0.000000000000000000e+00,2.222935408353805542e-01,-4.499382153153419495e-02,3.874582471325993538e-04,-2.824348211288452148e-01,-8.247402310371398926e-02,-1.883709244430065155e-02,7.541165687143802643e-03,-1.870266161859035492e-02,3.251735866069793701e-01,2.779121994972229004e-01,-6.868481636047363281e-02,2.913812696933746338e-01,2.285602241754531860e-01,8.486839532852172852e-01,5.000000000000000000e-01,3.661969304084777832e-01,-1.800000071525573730e-01,-4.825954139232635498e-01,8.619308471679687500e-02,5.411777645349502563e-02,-9.000683575868606567e-02,-3.190617561340332031e-01,-2.715672925114631653e-02
-3.860938251018524170e-01,-1.190470978617668152e-01,3.278705179691314697e-01,5.922195687890052795e-02,1.003371030092239380e-01,2.462507598102092743e-02,-9.928840994834899902e-01,0.000000000000000000e+00,0.000000000000000000e+00,2.569341063499450684e-01,-4.783632978796958923e-02,6.283776019699871540e-04,-2.351295202970504761e-01,-5.964873731136322021e-02,-6.973930168896913528e-03,1.020841486752033234e-02,2.875878009945154190e-03,3.344087600708007812e-01,2.855113148689270020e-01,-9.339283220469951630e-03,3.096113801002502441e-01,2.630699872970581055e-01,8.969455361366271973e-01,5.000000000000000000e-01,3.731774687767028809e-01,-1.788814961910247803e-01,-6.274631023406982422e-01,2.241910994052886963e-01,7.477831095457077026e-02,-7.874149829149246216e-02,-3.047357797622680664e-01,-2.601402439177036285e-02
-3.848069608211517334e-01,-1.196349263191223145e-01,3.267116546630859375e-01,6.809887290000915527e-02,1.033796668052673340e-01,2.440168894827365875e-02,-9.920079112052917480e-01,0.000000000000000000e+00,0.000000000000000000e+00,2.827691435813903809e-01,-1.758952066302299500e-02,8.317221654579043388e-04,-2.419102489948272705e-01,-4.377403110265731812e-02,-8.258154615759849548e-03,1.216519903391599655e-02,2.445817179977893829e-02,3.031779527664184570e-01,2.869085371494293213e-01,6.361882388591766357e-02,3.111752569675445557e-01,3.015427589416503906e-01,9.376150369644165039e-01,5.000000000000000000e-01,3.712567985057830811e-01,-1.390527337789535522e-01,-7.240886688232421875e-01,2.962363958358764648e-01,9.109672904014587402e-02,-5.016740038990974426e-02,-2.853738367557525635e-01,-2.586469799280166626e-02
-3.838008642196655273e-01,-1.211595609784126282e-01,3.259698748588562012e-01,6.863927841186523438e-02,1.065037474036216736e-01,1.817259378731250763e-02,-9.917738437652587891e-01,0.000000000000000000e+00,0.000000000000000000e+00,2.943717539310455322e-01,1.698485109955072403e-03,4.786952491299054091e-15,-2.692790031433105469e-01,-4.071226716041564941e-02,-1.367066148668527603e-02,1.340584550052881241e-02,6.124265864491462708e-02,2.550996243953704834e-01,2.888254225254058838e-01,1.310223937034606934e-01,2.997723519802093506e-01,3.364777863025665283e-01,9.702266454696655273e-01,5.000000000000000000e-01,3.527314364910125732e-01,-9.216085821390151978e-02,-7.580956816673278809e-01,2.647864222526550293e-01,1.049392968416213989e-01,-2.280316315591335297e-02,-2.724136412143707275e-01,-2.674621157348155975e-02
-3.832338452339172363e-01,-1.241125836968421936e-01,3.259265124797821045e-01,6.256656348705291748e-02,1.087040826678276062e-01,5.798361729830503464e-03,-9.920862913131713867e-01,0.000000000000000000e+00,0.000000000000000000e+00,2.933829426765441895e-01,5.543090403079986572e-03,2.794499832154233174e-18,-2.872608900070190430e-01,-4.001736640930175781e-02,-3.929305449128150940e-02,3.576044738292694092e-02,1.083673611283302307e-01,2.076447159051895142e-01,2.937350869178771973e-01,1.742687821388244629e-01,2.797541320323944092e-01,3.634326756000518799e-01,1.003054499626159668e+00,5.000000000000000000e-01,3.264734447002410889e-01,-4.319104552268981934e-02,-7.778993248939514160e-01,1.678730696439743042e-01,1.074302196502685547e-01,-9.196831844747066498e-03,-2.636097669601440430e-01,-2.843320928514003754e-02
-3.830361366271972656e-01,-1.278664916753768921e-01,3.261289894580841064e-01,5.015121400356292725e-02,1.114741712808609009e-01,-9.030526503920555115e-03,-9.924599528312683105e-01,0.000000000000000000e+00,0.000000000000000000e+00,2.788699865341186523e-01,4.741339012980461121e-03,-2.250419923091100977e-18,-3.010311722755432129e-01,-5.184958130121231079e-02,-7.977447658777236938e-02,9.971115738153457642e-02,1.310882717370986938e-01,1.565969288349151611e-01,3.003553748130798340e-01,2.093431949615478516e-01,2.687696516513824463e-01,3.970663547515869141e-01,1.024317145347595215e+00,5.000000000000000000e-01,3.016634583473205566e-01,2.213213965296745300e-02,-8.234007358551025391e-01,1.342994719743728638e-01,1.046986207365989685e-01,-6.508498918265104294e-03,-2.518565952777862549e-01,-2.944878488779067993e-02
-3.829913139343261719e-01,-1.322253793478012085e-01,3.262539803981781006e-01,3.698066994547843933e-02,1.147496104240417480e-01,-2.547946013510227203e-02,-9.923788309097290039e-01,0.000000000000000000e+00,0.000000000000000000e+00,2.617789506912231445e-01,2.416900679236277938e-04,1.264046411961317062e-03,-3.078947663307189941e-01,-7.751192152500152588e-02,-1.336478292942047119e-01,1.817624568939208984e-01,1.495162844657897949e-01,1.157772690057754517e-01,3.064144253730773926e-01,2.417336255311965942e-01,2.656915485858917236e-01,4.382187426090240479e-01,1.032097101211547852e+00,5.000000000000000000e-01,2.827683389186859131e-01,8.942603319883346558e-02,-8.644114732742309570e-01,1.470666527748107910e-01,1.022307127714157104e-01,-1.730221696197986603e-02,-2.344052940607070923e-01,-2.955442108213901520e-02
-3.831588923931121826e-01,-1.378378421068191528e-01,3.256882131099700928e-01,2.499263919889926910e-02,1.165881305932998657e-01,-4.626347497105598450e-02,-9.917874336242675781e-01,0.000000000000000000e+00,0.000000000000000000e+00,2.476878762245178223e-01,-1.266963686794042587e-02,1.737289014272391796e-03,-3.180783092975616455e-01,-1.012436300516128540e-01,-2.466268241405487061e-01,3.352800607681274414e-01,1.620338112115859985e-01,9.447596222162246704e-02,3.088548779487609863e-01,2.722188532352447510e-01,2.608447968959808350e-01,4.774599671363830566e-01,1.024946093559265137e+00,5.000000000000000000e-01,2.807500362396240234e-01,1.362142562866210938e-01,-9.071601033210754395e-01,1.832734942436218262e-01,1.018537580966949463e-01,-4.776941239833831787e-02,-2.118494659662246704e-01,-2.893475815653800964e-02
-3.833707571029663086e-01,-1.441821753978729248e-01,3.241064250469207764e-01,1.561879273504018784e-02,1.184114888310432434e-01,-7.120862603187561035e-02,-9.902848601341247559e-01,0.000000000000000000e+00,0.000000000000000000e+00,2.423943430185317993e-01,-2.558035030961036682e-02,8.500418625771999359e-04,-3.297647833824157715e-01,-1.380594521760940552e-01,-3.555719554424285889e-01,4.766999185085296631e-01,1.279239356517791748e-01,9.088157117366790771e-02,3.113547265529632568e-01,2.998439073562622070e-01,2.438739240169525146e-01,5.154898166656494141e-01,1.010588645935058594e+00,5.000000000000000000e-01,2.991283237934112549e-01,1.563514471054077148e-01,-9.600259065628051758e-01,2.020216137170791626e-01,1.009963974356651306e-01,-9.646622091531753540e-02,-1.771359890699386597e-01,-2.786776423454284668e-02
-3.840413987636566162e-01,-1.505205780267715454e-01,3.216667175292968750e-01,1.240073703229427338e-02,1.184802427887916565e-01,-9.870296716690063477e-02,-9.879606962203979492e-01,0.000000000000000000e+00,0.000000000000000000e+00,2.475509494543075562e-01,-4.589600488543510437e-02,2.704647751705966820e-18,-3.382444083690643311e-01,-1.970068216323852539e-01,-3.916328847408294678e-01,4.626758694648742676e-01,-1.499027013778686523e-02,1.075193583965301514e-01,3.124600648880004883e-01,3.215142190456390381e-01,2.094969004392623901e-01,5.529518127441406250e-01,9.977301359176635742e-01,5.000000000000000000e-01,3.205126225948333740e-01,1.499055922031402588e-01,-1.001377224922180176e+00,1.721042394638061523e-01,9.021811932325363159e-02,-1.626439839601516724e-01,-1.226507499814033508e-01,-2.692598477005958557e-02
-3.849531412124633789e-01,-1.581599414348602295e-01,3.183555305004119873e-01,1.839873194694519043e-02,1.185659691691398621e-01,-1.310089081525802612e-01,-9.840936064720153809e-01,0.000000000000000000e+00,0.000000000000000000e+00,2.697601318359375000e-01,-7.815565168857574463e-02,4.825622801124103910e-19,-3.830405473709106445e-01,-2.301214188337326050e-01,-3.769900500774383545e-01,2.530981898307800293e-01,-7.862766832113265991e-02,1.450267285108566284e-01,3.087154924869537354e-01,3.313079178333282471e-01,1.687367558479309082e-01,5.788795351982116699e-01,9.876950979232788086e-01,5.000000000000000000e-01,3.292072415351867676e-01,1.228275820612907410e-01,-1.004037380218505859e+00,1.648900508880615234e-01,6.455579400062561035e-02,-2.369073480367660522e-01,-4.125031456351280212e-02,-2.535260468721389771e-02
-3.839673995971679688e-01,-1.670815944671630859e-01,3.150493502616882324e-01,1.674677617847919464e-02,1.221426278352737427e-01,-1.758887022733688354e-01,-9.766595363616943359e-01,0.000000000000000000e+00,0.000000000000000000e+00,2.834180295467376709e-01,-1.119946613907814026e-01,1.151567658174246439e-18,-4.066367745399475098e-01,-2.624357640743255615e-01,-2.842732965946197510e-01,5.564839765429496765e-02,-2.818675711750984192e-02,1.621154397726058960e-01,3.128051757812500000e-01,3.264547884464263916e-01,1.181274577975273132e-01,5.883728265762329102e-01,9.527677893638610840e-01,5.000000000000000000e-01,3.116152882575988770e-01,7.662546634674072266e-02,-9.229031205177307129e-01,8.020527660846710205e-02,2.090600505471229553e-02,-3.147143721580505371e-01,7.740584760904312134e-02,-2.285589091479778290e-02
-3.808115124702453613e-01,-1.747430860996246338e-01,3.118559718132019043e-01,-5.490067414939403534e-03,1.240389496088027954e-01,-2.252435088157653809e-01,-9.663589000701904297e-01,0.000000000000000000e+00,0.000000000000000000e+00,2.569622099399566650e-01,-1.259543299674987793e-01,2.471767629685928114e-06,-4.288202524185180664e-01,-3.160144388675689697e-01,-1.937171667814254761e-01,6.413436681032180786e-02,-5.690809711813926697e-02,1.267486810684204102e-01,3.136594891548156738e-01,3.122071027755737305e-01,7.888083904981613159e-02,5.870741605758666992e-01,8.987641930580139160e-01,5.000000000000000000e-01,2.826145887374877930e-01,3.630575165152549744e-02,-7.582698464393615723e-01,9.468305855989456177e-03,7.153396029025316238e-03,-3.685676455497741699e-01,1.637604832649230957e-01,-2.099898830056190491e-02
-3.764840364456176758e-01,-1.788677722215652466e-01,3.101035058498382568e-01,-2.461945638060569763e-02,1.196152791380882263e-01,-2.728181481361389160e-01,-9.542831182479858398e-01,0.000000000000000000e+00,0.000000000000000000e+00,2.234587371349334717e-01,-1.412326842546463013e-01,4.522106901276856661e-04,-4.427077472209930420e-01,-3.614303469657897949e-01,-1.433570683002471924e-01,9.820840507745742798e-02,-1.193508580327033997e-01,9.025221318006515503e-02,3.069867789745330811e-01,2.895384132862091064e-01,1.483796536922454834e-02,5.806998610496520996e-01,8.135287165641784668e-01,5.000000000000000000e-01,2.590073645114898682e-01,-1.118289213627576828e-02,-5.734998583793640137e-01,-1.149074546992778778e-02,2.288752235472202301e-03,-4.144433736801147461e-01,2.331935912370681763e-01,-1.894652284681797028e-02
-3.727388978004455566e-01,-1.815545856952667236e-01,3.108313977718353271e-01,-2.520832046866416931e-02,1.147097945213317871e-01,-3.130933642387390137e-01,-9.424323439598083496e-01,0.000000000000000000e+00,0.000000000000000000e+00,2.239504903554916382e-01,-1.754268407821655273e-01,3.572548157535493374e-04,-4.273095428943634033e-01,-3.554537892341613770e-01,-1.459736377000808716e-01,1.450835019350051880e-01,-1.489638388156890869e-01,7.620409131050109863e-02,3.005604743957519531e-01,2.733295857906341553e-01,-5.590710416436195374e-02,5.978821516036987305e-01,7.293504476547241211e-01,5.000000000000000000e-01,2.396449446678161621e-01,-3.319507837295532227e-02,-4.843342900276184082e-01,-1.432567834854125977e-02,6.696319673210382462e-03,-4.395064413547515869e-01,2.503566741943359375e-01,3.719415049999952316e-03
-3.692929744720458984e-01,-1.826114654541015625e-01,3.136224746704101562e-01,-2.109701558947563171e-02,1.159602627158164978e-01,-3.441580832004547119e-01,-9.314844608306884766e-01,0.000000000000000000e+00,0.000000000000000000e+00,2.367913275957107544e-01,-2.012876570224761963e-01,2.465114695951342583e-03,-3.699219226837158203e-01,-3.440337479114532471e-01,-1.315953284502029419e-01,1.559018045663833618e-01,-1.307573169469833374e-01,8.130476623773574829e-02,3.067041039466857910e-01,2.667608857154846191e-01,-1.398172676563262939e-01,6.697886586189270020e-01,6.079711914062500000e-01,5.000000000000000000e-01,2.203100919723510742e-01,-5.728063732385635376e-02,-4.524247348308563232e-01,-1.415399368852376938e-02,3.003332391381263733e-02,-4.590623974800109863e-01,1.933247148990631104e-01,6.790955364704132080e-02
-3.650275468826293945e-01,-1.828034669160842896e-01,3.164999186992645264e-01,-2.044151537120342255e-02,1.224398091435432434e-01,-3.624456226825714111e-01,-9.237011671066284180e-01,0.000000000000000000e+00,0.000000000000000000e+00,2.527135014533996582e-01,-2.021027058362960815e-01,4.622458014637231827e-03,-2.904280722141265869e-01,-3.328318297863006592e-01,-1.069033890962600708e-01,1.507329344749450684e-01,-6.109118089079856873e-02,1.094009205698966980e-01,3.108854293823242188e-01,2.712886333465576172e-01,-2.287102490663528442e-01,7.446114420890808105e-01,4.831664562225341797e-01,5.000000000000000000e-01,2.137315273284912109e-01,-9.647449105978012085e-02,-4.197031259536743164e-01,-1.229620631784200668e-02,7.021841406822204590e-02,-4.621133208274841309e-01,6.342074275016784668e-02,2.235279679298400879e-01
-3.608670532703399658e-01,-1.831069439649581909e-01,3.188235759735107422e-01,-2.626445144414901733e-02,1.260313093662261963e-01,-3.719044029712677002e-01,-9.193004965782165527e-01,0.000000000000000000e+00,0.000000000000000000e+00,2.527342438697814941e-01,-2.001367509365081787e-01,6.169371772557497025e-03,-2.201725691556930542e-01,-3.317891657352447510e-01,-8.493513613939285278e-02,1.407585591077804565e-01,1.010583154857158661e-02,1.447401791810989380e-01,3.088624179363250732e-01,2.709114551544189453e-01,-2.940759956836700439e-01,7.806810736656188965e-01,4.397793710231781006e-01,5.000000000000000000e-01,2.217364460229873657e-01,-1.524821221828460693e-01,-3.857383430004119873e-01,-1.103508286178112030e-02,7.735382765531539917e-02,-4.435871839523315430e-01,-1.203706488013267517e-01,4.907488822937011719e-01
-3.585364818572998047e-01,-1.841946244239807129e-01,3.206045031547546387e-01,-3.384266421198844910e-02,1.302647590637207031e-01,-3.740682601928710938e-01,-9.175830483436584473e-01,0.000000000000000000e+00,0.000000000000000000e+00,2.470368742942810059e-01,-1.941363811492919922e-01,6.975324358791112900e-03,-1.950283497571945190e-01,-3.333402872085571289e-01,-5.540942773222923279e-02,1.318257600069046021e-01,1.771963573992252350e-02,1.701774597167968750e-01,3.023767471313476562e-01,2.436440736055374146e-01,-3.429864943027496338e-01,8.185148239135742188e-01,4.610420763492584229e-01,5.000000000000000000e-01,2.312059253454208374e-01,-1.791481971740722656e-01,-3.565402925014495850e-01,-1.100718323141336441e-02,5.202922597527503967e-02,-3.502004146575927734e-01,-3.308991193771362305e-01,6.876720190048217773e-01
-3.575949668884277344e-01,-1.855442225933074951e-01,3.213695585727691650e-01,-4.157514125108718872e-02,1.370836794376373291e-01,-3.709794878959655762e-01,-9.175258874893188477e-01,0.000000000000000000e+00,0.000000000000000000e+00,2.429471164941787720e-01,-1.766854524612426758e-01,7.770834490656852722e-03,-1.882118731737136841e-01,-3.422547280788421631e-01,-2.509292587637901306e-02,1.298437118530273438e-01,2.745620207861065865e-03,1.842947155237197876e-01,2.975590527057647705e-01,2.117094099521636963e-01,-4.108394682407379150e-01,9.291787743568420410e-01,4.543017446994781494e-01,4.988524317741394043e-01,2.240669131278991699e-01,-1.800000071525573730e-01,-3.130550384521484375e-01,5.518648307770490646e-03,3.165919706225395203e-02,-1.974259018898010254e-01,-5.202260017395019531e-01,7.562886476516723633e-01
-3.577772080898284912e-01,-1.875397562980651855e-01,3.210602998733520508e-01,-4.603026062250137329e-02,1.457018852233886719e-01,-3.662476539611816406e-01,-9.178860783576965332e-01,0.000000000000000000e+00,0.000000000000000000e+00,2.530743777751922607e-01,-1.585052460432052612e-01,8.310033939778804779e-03,-1.628281921148300171e-01,-3.435240685939788818e-01,-1.094059459865093231e-02,1.414975225925445557e-01,-1.278637815266847610e-02,1.962427049875259399e-01,3.019603490829467773e-01,2.080302834510803223e-01,-4.558905065059661865e-01,9.915930628776550293e-01,3.734393715858459473e-01,4.996084570884704590e-01,2.083212286233901978e-01,-1.800000071525573730e-01,-2.793727219104766846e-01,1.143320091068744659e-02,4.900646861642599106e-03,-4.595684260129928589e-02,-6.311644911766052246e-01,6.710246205329895020e-01
-3.591996431350708008e-01,-1.902012526988983154e-01,3.196524679660797119e-01,-4.242769628763198853e-02,1.528648883104324341e-01,-3.633944392204284668e-01,-9.180287122726440430e-01,0.000000000000000000e+00,0.000000000000000000e+00,2.800389826297760010e-01,-1.529625058174133301e-01,1.130790635943412781e-02,-1.817521303892135620e-01,-3.050615489482879639e-01,-6.050580739974975586e-02,2.239914089441299438e-01,-2.687440626323223114e-02,2.167821377515792847e-01,3.036760389804840088e-01,2.148108631372451782e-01,-4.498564898967742920e-01,9.633097052574157715e-01,2.954519093036651611e-01,5.000000000000000000e-01,1.846903711557388306e-01,-1.800000071525573730e-01,-2.596706449985504150e-01,3.553459420800209045e-02,-5.746252089738845825e-02,5.998538061976432800e-02,-6.996172070503234863e-01,6.436666250228881836e-01
-3.609302043914794922e-01,-1.919766217470169067e-01,3.183489143848419189e-01,-3.937264904379844666e-02,1.570747494697570801e-01,-3.669045269489288330e-01,-9.160559177398681641e-01,0.000000000000000000e+00,0.000000000000000000e+00,3.034015297889709473e-01,-1.530326306819915771e-01,1.480978634208440781e-02,-2.136493027210235596e-01,-2.793053090572357178e-01,-1.146465837955474854e-01,3.030846714973449707e-01,-3.494938462972640991e-02,2.307009696960449219e-01,3.080760538578033447e-01,1.950652450323104858e-01,-4.372567236423492432e-01,8.669566512107849121e-01,2.943496108055114746e-01,5.000000000000000000e-01,1.489288061857223511e-01,-1.800000071525573730e-01,-2.480234354734420776e-01,6.761290878057479858e-02,-1.365972459316253662e-01,9.561389684677124023e-02,-7.270556688308715820e-01,6.830500364303588867e-01
-3.623207807540893555e-01,-1.917557567358016968e-01,3.177952170372009277e-01,-3.637172281742095947e-02,1.558682471513748169e-01,-3.702139258384704590e-01,-9.150540232658386230e-01,0.000000000000000000e+00,0.000000000000000000e+00,3.111763596534729004e-01,-1.616207063198089600e-01,1.735649630427360535e-02,-2.222166210412979126e-01,-2.692524790763854980e-01,-1.465441882610321045e-01,3.358455300331115723e-01,-3.664521500468254089e-02,2.427318394184112549e-01,3.113644123077392578e-01,1.641127169132232666e-01,-4.073168039321899414e-01,7.262877225875854492e-01,3.669566512107849121e-01,5.000000000000000000e-01,1.244026646018028259e-01,-1.790702342987060547e-01,-2.556756436824798584e-01,1.000040248036384583e-01,-1.868861913681030273e-01,5.724309012293815613e-02,-6.730160117149353027e-01,6.777873635292053223e-01
-3.630647957324981689e-01,-1.898845881223678589e-01,3.175148069858551025e-01,-2.928600274026393890e-02,1.530730277299880981e-01,-3.660729825496673584e-01,-9.174429178237915039e-01,0.000000000000000000e+00,0.000000000000000000e+00,3.186740577220916748e-01,-1.644725799560546875e-01,1.672311685979366302e-02,-2.208537012338638306e-01,-2.521644532680511475e-01,-1.574566364288330078e-01,3.296560943126678467e-01,-3.337945416569709778e-02,2.671847939491271973e-01,3.112626671791076660e-01,1.462517380714416504e-01,-3.331874907016754150e-01,6.438749432563781738e-01,4.665488600730895996e-01,5.000000000000000000e-01,1.319981664419174194e-01,-1.759944856166839600e-01,-2.915975153446197510e-01,1.297270208597183228e-01,-1.803969293832778931e-01,-3.794408589601516724e-02,-5.682469606399536133e-01,5.961087346076965332e-01
-3.627038002014160156e-01,-1.870319545269012451e-01,3.179045915603637695e-01,-1.930610463023185730e-02,1.446685343980789185e-01,-3.591638207435607910e-01,-9.217915534973144531e-01,0.000000000000000000e+00,0.000000000000000000e+00,3.286856710910797119e-01,-1.772315800189971924e-01,1.411321479827165604e-02,-2.009678483009338379e-01,-2.462825328111648560e-01,-1.227736622095108032e-01,2.308136522769927979e-01,-2.459510043263435364e-02,3.021862506866455078e-01,3.179668188095092773e-01,1.366723924875259399e-01,-2.537880241870880127e-01,5.842320919036865234e-01,5.443821549415588379e-01,5.000000000000000000e-01,1.454948335886001587e-01,-1.797848343849182129e-01,-3.475543260574340820e-01,1.315968185663223267e-01,-1.990270167589187622e-01,-1.620759665966033936e-01,-3.418413698673248291e-01,4.249838292598724365e-01
-3.622934222221374512e-01,-1.846584081649780273e-01,3.186947703361511230e-01,-1.212380919605493546e-02,1.271648257970809937e-01,-3.497514426708221436e-01,-9.280927181243896484e-01,0.000000000000000000e+00,0.000000000000000000e+00,3.109596967697143555e-01,-2.054278105497360229e-01,1.226011570543050766e-02,-1.869109421968460083e-01,-2.464671581983566284e-01,-1.367375850677490234e-01,1.769193261861801147e-01,-2.031262032687664032e-02,3.158389925956726074e-01,3.311675488948822021e-01,1.472720205783843994e-01,-1.558273285627365112e-01,5.201334953308105469e-01,5.972613096237182617e-01,5.000000000000000000e-01,1.585317850112915039e-01,-1.800000071525573730e-01,-4.271557033061981201e-01,1.128258705139160156e-01,-1.825435906648635864e-01,-2.428175806999206543e-01,-2.717911303043365479e-01,2.075666338205337524e-01
-3.620887994766235352e-01,-1.822274625301361084e-01,3.192375600337982178e-01,-5.018401890993118286e-03,1.110288351774215698e-01,-3.384925127029418945e-01,-9.343822598457336426e-01,0.000000000000000000e+00,0.000000000000000000e+00,2.964028716087341309e-01,-2.198715806007385254e-01,9.931821376085281372e-03,-2.060542255640029907e-01,-2.500339746475219727e-01,-1.539022624492645264e-01,1.375601738691329956e-01,-3.099739365279674530e-02,3.196854293346405029e-01,3.400000035762786865e-01,1.691207587718963623e-01,-8.606424555182456970e-03,4.164282679557800293e-01,6.338114142417907715e-01,5.000000000000000000e-01,1.920600533485412598e-01,-1.800000071525573730e-01,-5.420143604278564453e-01,1.169094517827033997e-01,-1.555002182722091675e-01,-2.473464906215667725e-01,-3.578875362873077393e-01,7.518856227397918701e-02
-3.616013228893280029e-01,-1.785612553358078003e-01,3.193487524986267090e-01,4.816924920305609703e-04,1.018782630562782288e-01,-3.327544331550598145e-01,-9.374940395355224609e-01,0.000000000000000000e+00,0.000000000000000000e+00,2.860998511314392090e-01,-2.115519195795059204e-01,7.892723195254802704e-03,-2.462562769651412964e-01,-2.610710263252258301e-01,-1.482511162757873535e-01,1.040025278925895691e-01,-4.397184029221534729e-02,3.030810654163360596e-01,3.400000035762786865e-01,1.937696337699890137e-01,1.672954559326171875e-01,3.570862114429473877e-01,6.195718050003051758e-01,5.000000000000000000e-01,2.441157251596450806e-01,-1.800000071525573730e-01,-6.565238833427429199e-01,1.304401904344558716e-01,-1.382293105125427246e-01,-2.263357043266296387e-01,-4.074210226535797119e-01,3.436898440122604370e-02
-3.608248531818389893e-01,-1.741608679294586182e-01,3.190529942512512207e-01,2.339245751500129700e-03,9.834171086549758911e-02,-3.380392193794250488e-01,-9.359769821166992188e-01,0.000000000000000000e+00,0.000000000000000000e+00,2.762523293495178223e-01,-1.925041228532791138e-01,6.916604936122894287e-03,-2.907480895519256592e-01,-2.863890230655670166e-01,-1.250013411045074463e-01,8.552803099155426025e-02,-4.959986731410026550e-02,2.481996119022369385e-01,3.400000035762786865e-01,2.280783951282501221e-01,2.964395880699157715e-01,4.419867396354675293e-01,5.444616675376892090e-01,5.000000000000000000e-01,3.036482632160186768e-01,-1.800000071525573730e-01,-7.815399169921875000e-01,1.272445619106292725e-01,-1.141169145703315735e-01,-1.871180087327957153e-01,-4.399972558021545410e-01,1.655442640185356140e-02
-3.602393269538879395e-01,-1.703390479087829590e-01,3.189720213413238525e-01,4.876741208136081696e-03,9.604249894618988037e-02,-3.521391451358795166e-01,-9.309941530227661133e-01,0.000000000000000000e+00,0.000000000000000000e+00,2.708896696567535400e-01,-1.839885860681533813e-01,7.080885116010904312e-03,-3.283128738403320312e-01,-3.087003827095031738e-01,-1.067273020744323730e-01,8.310128748416900635e-02,-4.920820519328117371e-02,1.775517016649246216e-01,3.400000035762786865e-01,2.586823701858520508e-01,3.745008707046508789e-01,6.391848921775817871e-01,4.684174656867980957e-01,5.000000000000000000e-01,3.665847480297088623e-01,-1.800000071525573730e-01,-9.157105684280395508e-01,1.191666722297668457e-01,-9.545763581991195679e-02,-1.401823014020919800e-01,-4.774989783763885498e-01,1.903775520622730255e-02
-3.602235913276672363e-01,-1.685190498828887939e-01,3.201061189174652100e-01,1.290524471551179886e-02,9.339126199483871460e-02,-3.641328811645507812e-01,-9.265629053115844727e-01,0.000000000000000000e+00,0.000000000000000000e+00,2.701336145401000977e-01,-1.982863843441009521e-01,9.082270786166191101e-03,-3.561930060386657715e-01,-2.848512530326843262e-01,-1.220699027180671692e-01,9.399560093879699707e-02,-5.026130005717277527e-02,1.198003962635993958e-01,3.400000035762786865e-01,2.952306568622589111e-01,4.183797836303710938e-01,8.026084899902343750e-01,4.162808656692504883e-01,5.000000000000000000e-01,4.192497134208679199e-01,-1.645907163619995117e-01,-1.031553030014038086e+00,1.294084936380386353e-01,-9.319406002759933472e-02,-9.995175153017044067e-02,-5.100241899490356445e-01,2.956628985702991486e-02
-3.595100939273834229e-01,-1.680179089307785034e-01,3.221078217029571533e-01,2.183805778622627258e-02,9.042355418205261230e-02,-3.762173354625701904e-01,-9.218499064445495605e-01,0.000000000000000000e+00,0.000000000000000000e+00,2.792657017707824707e-01,-2.221251577138900757e-01,1.020720694214105606e-02,-3.780052363872528076e-01,-2.553922533988952637e-01,-1.360528916120529175e-01,9.817159920930862427e-02,-6.247555464506149292e-02,8.079682290554046631e-02,3.400000035762786865e-01,3.187797367572784424e-01,4.487371742725372314e-01,8.775748610496520996e-01,3.707351982593536377e-01,5.000000000000000000e-01,4.587601423263549805e-01,-1.220572069287300110e-01,-1.120676279067993164e+00,1.635770946741104126e-01,-1.011907160282135010e-01,-7.504739612340927124e-02,-5.335005521774291992e-01,3.949621319770812988e-02
-3.582098782062530518e-01,-1.678059697151184082e-01,3.239369690418243408e-01,1.738845184445381165e-02,8.175552636384963989e-02,-3.952986896038055420e-01,-9.147418141365051270e-01,0.000000000000000000e+00,0.000000000000000000e+00,2.581324279308319092e-01,-2.506679892539978027e-01,9.833812713623046875e-03,-3.582445085048675537e-01,-2.900049388408660889e-01,-1.069464832544326782e-01,4.214135184884071350e-02,-4.475200176239013672e-02,4.904664680361747742e-02,3.400000035762786865e-01,3.071994483470916748e-01,4.498607516288757324e-01,8.272946476936340332e-01,3.234153389930725098e-01,5.000000000000000000e-01,4.750031530857086182e-01,-7.805296033620834351e-02,-1.120715141296386719e+00,1.556884944438934326e-01,-1.223374381661415100e-01,-8.508088439702987671e-02,-5.289644002914428711e-01,4.572116211056709290e-02
-3.565137088298797607e-01,-1.683947741985321045e-01,3.250468075275421143e-01,2.038689516484737396e-02,7.519058883190155029e-02,-4.050901830196380615e-01,-9.109515547752380371e-01,0.000000000000000000e+00,0.000000000000000000e+00,2.540414333343505859e-01,-2.799871265888214111e-01,9.572493843734264374e-03,-3.357796072959899902e-01,-2.662200033664703369e-01,-1.307709813117980957e-01,5.844396725296974182e-02,-3.326599672436714172e-02,6.752858310937881470e-02,3.400000035762786865e-01,3.044205605983734131e-01,4.499999880790710449e-01,7.533850073814392090e-01,2.887887954711914062e-01,5.000000000000000000e-01,4.806688427925109863e-01,-3.642368316650390625e-02,-1.032160639762878418e+00,1.321383565664291382e-01,-1.391170024871826172e-01,-1.332163810729980469e-01,-5.260704159736633301e-01,5.915747582912445068e-02
-3.549182713031768799e-01,-1.679004728794097900e-01,3.253128528594970703e-01,1.441268809139728546e-02,6.735502928495407104e-02,-4.168772697448730469e-01,-9.063492417335510254e-01,0.000000000000000000e+00,0.000000000000000000e+00,2.245352715253829956e-01,-3.016949892044067383e-01,1.006910484284162521e-02,-2.924102842807769775e-01,-2.761240303516387939e-01,-1.347346305847167969e-01,5.738703161478042603e-02,-3.009303938597440720e-03,7.730568200349807739e-02,3.400000035762786865e-01,2.848975360393524170e-01,4.499999880790710449e-01,6.555858254432678223e-01,2.541421055793762207e-01,5.000000000000000000e-01,4.593736231327056885e-01,-1.926645450294017792e-02,-8.592280745506286621e-01,3.830261901021003723e-02,-1.531800478696823120e-01,-1.899712979793548584e-01,-5.116680860519409180e-01,7.752744853496551514e-02
-3.535797894001007080e-01,-1.671140044927597046e-01,3.248909711837768555e-01,8.048761636018753052e-03,5.646750703454017639e-02,-4.358091652393341064e-01,-8.982298970222473145e-01,0.000000000000000000e+00,0.000000000000000000e+00,2.009028792381286621e-01,-3.273131549358367920e-01,9.140860289335250854e-03,-2.674933373928070068e-01,-3.102984428405761719e-01,-1.344745010137557983e-01,6.970442831516265869e-02,4.407471511512994766e-03,8.401174843311309814e-02,3.400000035762786865e-01,2.385981231927871704e-01,4.499999880790710449e-01,6.020633578300476074e-01,2.104926407337188721e-01,5.000000000000000000e-01,4.310047626495361328e-01,-3.125311434268951416e-02,-7.561529278755187988e-01,-1.015750132501125336e-02,-1.696916967630386353e-01,-2.446966469287872314e-01,-5.221022963523864746e-01,1.030694395303726196e-01
-3.523038923740386963e-01,-1.654923707246780396e-01,3.243569731712341309e-01,2.532559214159846306e-03,4.688906669616699219e-02,-4.533655643463134766e-01,-8.900868892669677734e-01,0.000000000000000000e+00,0.000000000000000000e+00,1.740729212760925293e-01,-3.457517921924591064e-01,8.976836688816547394e-03,-2.566718161106109619e-01,-3.314199149608612061e-01,-1.339705586433410645e-01,8.363472670316696167e-02,-5.980303511023521423e-03,8.230870962142944336e-02,3.400000035762786865e-01,2.045435607433319092e-01,4.499999880790710449e-01,5.851343870162963867e-01,1.795171946287155151e-01,5.000000000000000000e-01,4.312255084514617920e-01,-6.020188331604003906e-02,-7.327277660369873047e-01,-1.040669437497854233e-02,-1.770776063203811646e-01,-2.864664196968078613e-01,-5.358585119247436523e-01,1.338443756103515625e-01
-3.513995707035064697e-01,-1.635540872812271118e-01,3.241227567195892334e-01,-2.442549215629696846e-03,3.582506254315376282e-02,-4.713660180568695068e-01,-8.812063932418823242e-01,0.000000000000000000e+00,0.000000000000000000e+00,1.442425549030303955e-01,-3.681071400642395020e-01,8.633931167423725128e-03,-2.406553626060485840e-01,-3.563570678234100342e-01,-1.315665692090988159e-01,8.594218641519546509e-02,-1.182443834841251373e-02,6.730331480503082275e-02,3.400000035762786865e-01,1.718093156814575195e-01,4.499999880790710449e-01,5.593523383140563965e-01,1.669631749391555786e-01,5.000000000000000000e-01,4.487450122833251953e-01,-9.045311063528060913e-02,-7.716540098190307617e-01,-1.029340922832489014e-02,-2.091078758239746094e-01,-3.115471005439758301e-01,-5.221559405326843262e-01,1.649060696363449097e-01
-3.506157100200653076e-01,-1.616871953010559082e-01,3.243034482002258301e-01,-3.258647164329886436e-03,2.822005003690719604e-02,-4.855777025222778320e-01,-8.737318515777587891e-01,0.000000000000000000e+00,0.000000000000000000e+00,1.269183605909347534e-01,-3.866048157215118408e-01,8.118501864373683929e-03,-2.253917157649993896e-01,-3.627446889877319336e-01,-1.326095759868621826e-01,8.736828714609146118e-02,-1.583444140851497650e-02,4.620436206459999084e-02,3.400000035762786865e-01,1.521924138069152832e-01,4.499999880790710449e-01,4.975858032703399658e-01,1.706866770982742310e-01,5.000000000000000000e-01,4.629395008087158203e-01,-9.646463394165039062e-02,-8.114486336708068848e-01,-1.052008103579282761e-02,-2.302701026201248169e-01,-3.138508498668670654e-01,-5.103111267089843750e-01,1.886825263500213623e-01
-3.501783609390258789e-01,-1.602963656187057495e-01,3.246246874332427979e-01,-1.634721294976770878e-03,2.498535625636577606e-02,-4.951873123645782471e-01,-8.684253692626953125e-01,0.000000000000000000e+00,0.000000000000000000e+00,1.206427812576293945e-01,-3.987799286842346191e-01,7.759049534797668457e-03,-2.124514877796173096e-01,-3.584292829036712646e-01,-1.317707449197769165e-01,8.488166332244873047e-02,-1.743380539119243622e-02,2.999756298959255219e-02,3.400000035762786865e-01,1.409050971269607544e-01,4.499999880790710449e-01,4.039470553398132324e-01,2.073218375444412231e-01,5.000000000000000000e-01,4.699653983116149902e-01,-8.610379695892333984e-02,-8.336390852928161621e-01,-1.072137337177991867e-02,-2.374221831560134888e-01,-3.093664348125457764e-01,-5.022799968719482422e-01,2.014843523502349854e-01
-3.501352965831756592e-01,-1.593607664108276367e-01,3.249404132366180420e-01,-1.625732838874682784e-04,2.471093833446502686e-02,-5.010383129119873047e-01,-8.650722503662109375e-01,0.000000000000000000e+00,0.000000000000000000e+00,1.188132092356681824e-01,-4.045380055904388428e-01,7.571761496365070343e-03,-2.019486427307128906e-01,-3.553269803524017334e-01,-1.281406879425048828e-01,8.137741684913635254e-02,-1.602311059832572937e-02,1.267340686172246933e-02,3.400000035762786865e-01,1.345669478178024292e-01,4.499999880790710449e-01,3.073963820934295654e-01,2.715243697166442871e-01,5.000000000000000000e-01,4.728989303112030029e-01,-5.901522189378738403e-02,-8.459112644195556641e-01,-1.080418098717927933e-02,-2.384193539619445801e-01,-2.960202991962432861e-01,-4.908760786056518555e-01,2.021393775939941406e-01
-3.505366742610931396e-01,-1.587018966674804688e-01,3.251733481884002686e-01,1.727086375467479229e-03,2.750444039702415466e-02,-5.025103688240051270e-01,-8.641318678855895996e-01,0.000000000000000000e+00,0.000000000000000000e+00,1.227356195449829102e-01,-4.029259383678436279e-01,7.482938934117555618e-03,-1.948178410530090332e-01,-3.517734706401824951e-01,-1.226485297083854675e-01,7.654155790805816650e-02,-1.199965085834264755e-02,-6.673710886389017105e-04,3.400000035762786865e-01,1.353115588426589966e-01,4.499999880790710449e-01,2.008548229932785034e-01,3.492060601711273193e-01,5.000000000000000000e-01,4.739259183406829834e-01,-3.302387148141860962e-02,-8.482422232627868652e-01,-1.062263175845146179e-02,-2.318817377090454102e-01,-2.764205932617187500e-01,-4.804874956607818604e-01,1.927284300327301025e-01
-3.514400720596313477e-01,-1.580418646335601807e-01,3.251969218254089355e-01,3.141946392133831978e-03,3.372066840529441833e-02,-5.001969337463378906e-01,-8.652491569519042969e-01,0.000000000000000000e+00,0.000000000000000000e+00,1.307348906993865967e-01,-3.912141323089599609e-01,7.409992627799510956e-03,-1.924129575490951538e-01,-3.524262011051177979e-01,-1.111298575997352600e-01,7.243630290031433105e-02,-6.913459859788417816e-03,-1.116067823022603989e-02,3.400000035762786865e-01,1.405055820941925049e-01,4.499999880790710449e-01,8.855289220809936523e-02,4.451722800731658936e-01,5.000000000000000000e-01,4.745353460311889648e-01,-3.082110313698649406e-03,-8.388097286224365234e-01,-9.857435710728168488e-03,-2.147718518972396851e-01,-2.500838637351989746e-01,-4.721257388591766357e-01,1.754623204469680786e-01
-3.529882133007049561e-01,-1.580439060926437378e-01,3.252347707748413086e-01,5.060804542154073715e-03,4.388104006648063660e-02,-4.928851723670959473e-01,-8.689724206924438477e-01,0.000000000000000000e+00,0.000000000000000000e+00,1.456919163465499878e-01,-3.717223405838012695e-01,7.604036480188369751e-03,-1.952988803386688232e-01,-3.482789993286132812e-01,-1.012673228979110718e-01,7.245215028524398804e-02,-3.967898432165384293e-03,-1.657041907310485840e-02,3.400000035762786865e-01,1.574096232652664185e-01,4.499999880790710449e-01,5.411835387349128723e-03,5.751809477806091309e-01,5.000000000000000000e-01,4.657068550586700439e-01,3.086159750819206238e-02,-8.087058067321777344e-01,-9.140817448496818542e-03,-1.899468898773193359e-01,-2.214421629905700684e-01,-4.682155549526214600e-01,1.557215601205825806e-01
-3.554063439369201660e-01,-1.596074849367141724e-01,3.253501951694488525e-01,6.534506566822528839e-03,5.677291005849838257e-02,-4.800080657005310059e-01,-8.754007220268249512e-01,0.000000000000000000e+00,0.000000000000000000e+00,1.666810959577560425e-01,-3.487736284732818604e-01,8.254295215010643005e-03,-2.025750726461410522e-01,-3.418155312538146973e-01,-9.926445037126541138e-02,7.793954759836196899e-02,-4.400007426738739014e-03,-1.130953244864940643e-02,3.400000035762786865e-01,1.783261895179748535e-01,4.499999880790710449e-01,-3.741271793842315674e-02,7.261428833007812500e-01,5.000000000000000000e-01,4.335155487060546875e-01,6.107795238494873047e-02,-7.429104447364807129e-01,-8.245354518294334412e-03,-1.716433465480804443e-01,-1.942263394594192505e-01,-4.636356830596923828e-01,1.404280811548233032e-01
-3.582328557968139648e-01,-1.619976162910461426e-01,3.251013159751892090e-01,7.261817343533039093e-03,6.983750313520431519e-02,-4.616107046604156494e-01,-8.842994570732116699e-01,0.000000000000000000e+00,0.000000000000000000e+00,1.899048686027526855e-01,-3.236418366432189941e-01,9.367946535348892212e-03,-2.109820544719696045e-01,-3.359516263008117676e-01,-1.026976034045219421e-01,8.469422906637191772e-02,4.604418936651200056e-04,1.568056829273700714e-02,3.400000035762786865e-01,2.054228931665420532e-01,4.499999880790710449e-01,-6.644614785909652710e-02,9.057788848876953125e-01,5.000000000000000000e-01,4.024630784988403320e-01,6.079618632793426514e-02,-6.720396280288696289e-01,-7.770541589707136154e-03,-1.614721715450286865e-01,-1.956265717744827271e-01,-4.499660134315490723e-01,1.262798458337783813e-01
-3.606744110584259033e-01,-1.646501719951629639e-01,3.244814574718475342e-01,7.778163067996501923e-03,8.066682517528533936e-02,-4.392288625240325928e-01,-8.947124481201171875e-01,0.000000000000000000e+00,0.000000000000000000e+00,2.136356085538864136e-01,-2.984793186187744141e-01,1.031848043203353882e-02,-2.210741341114044189e-01,-3.270940482616424561e-01,-1.101561561226844788e-01,9.298364818096160889e-02,5.798749625682830811e-03,6.725067645311355591e-02,3.400000035762786865e-01,2.306072860956192017e-01,4.499999880790710449e-01,-7.733583450317382812e-02,1.070649266242980957e+00,5.000000000000000000e-01,3.901060819625854492e-01,2.261699922382831573e-02,-6.236792206764221191e-01,-7.325450889766216278e-03,-1.515936106443405151e-01,-2.220071107149124146e-01,-4.406397044658660889e-01,1.172362118959426880e-01
-3.627991676330566406e-01,-1.677906066179275513e-01,3.237006664276123047e-01,7.692231331020593643e-03,8.826431632041931152e-02,-4.180076718330383301e-01,-9.041126966476440430e-01,0.000000000000000000e+00,0.000000000000000000e+00,2.313656806945800781e-01,-2.800573110580444336e-01,1.078971475362777710e-02,-2.331341505050659180e-01,-3.147561252117156982e-01,-1.214784532785415649e-01,9.811466187238693237e-02,7.695019245147705078e-03,1.221801117062568665e-01,3.400000035762786865e-01,2.444107234477996826e-01,4.499999880790710449e-01,-7.608912140130996704e-02,1.158065199851989746e+00,5.000000000000000000e-01,3.865512609481811523e-01,-1.266204938292503357e-02,-5.925214290618896484e-01,-6.868103053420782089e-03,-1.495450586080551147e-01,-2.521405518054962158e-01,-4.310834705829620361e-01,1.134263426065444946e-01
-3.644987940788269043e-01,-1.714757829904556274e-01,3.229768574237823486e-01,6.589403375983238220e-03,9.322962164878845215e-02,-3.993364274501800537e-01,-9.120280742645263672e-01,0.000000000000000000e+00,0.000000000000000000e+00,2.434945404529571533e-01,-2.689078450202941895e-01,1.103962771594524384e-02,-2.436080127954483032e-01,-3.032532036304473877e-01,-1.283593922853469849e-01,9.146109968423843384e-02,9.060253389179706573e-03,1.610113978385925293e-01,3.400000035762786865e-01,2.662157416343688965e-01,4.328098595142364502e-01,-3.363458067178726196e-02,1.213057279586791992e+00,5.000000000000000000e-01,3.658740818500518799e-01,-3.542757034301757812e-02,-5.625292658805847168e-01,-6.646631285548210144e-03,-1.517772823572158813e-01,-2.750174999237060547e-01,-4.189169704914093018e-01,1.109708100557327271e-01
-3.657711446285247803e-01,-1.755944043397903442e-01,3.222233057022094727e-01,6.009201519191265106e-03,9.651827067136764526e-02,-3.828616142272949219e-01,-9.187301397323608398e-01,0.000000000000000000e+00,0.000000000000000000e+00,2.541630864143371582e-01,-2.641783356666564941e-01,1.113602146506309509e-02,-2.530856132507324219e-01,-2.842002809047698975e-01,-1.434738785028457642e-01,9.537732601165771484e-02,4.116687458008527756e-03,1.859549283981323242e-01,3.400000035762786865e-01,2.989206910133361816e-01,3.612627387046813965e-01,3.841830417513847351e-02,1.262407183647155762e+00,5.000000000000000000e-01,3.407569825649261475e-01,-4.702705889940261841e-02,-5.639119744300842285e-01,-1.099032699130475521e-03,-1.589279472827911377e-01,-2.900067865848541260e-01,-4.011574387550354004e-01,1.129313334822654724e-01
-3.667316138744354248e-01,-1.798116862773895264e-01,3.213461637496948242e-01,5.997284781187772751e-03,9.907609224319458008e-02,-3.687270879745483398e-01,-9.242230653762817383e-01,0.000000000000000000e+00,0.000000000000000000e+00,2.661578655242919922e-01,-2.620653510093688965e-01,1.156018581241369247e-02,-2.673160135746002197e-01,-2.617588341236114502e-01,-1.636215299367904663e-01,1.101954877376556396e-01,-1.151692308485507965e-02,2.056412100791931152e-01,3.400000035762786865e-01,3.310301601886749268e-01,2.792629897594451904e-01,1.228653118014335632e-01,1.325702309608459473e+00,4.999546706676483154e-01,3.193378448486328125e-01,-5.507655441761016846e-02,-6.111953258514404297e-01,4.012598097324371338e-02,-1.636229902505874634e-01,-3.011554479598999023e-01,-3.877308368682861328e-01,1.205637827515602112e-01
-3.673780262470245361e-01,-1.836049109697341919e-01,3.204178214073181152e-01,5.574829876422882080e-03,1.015992835164070129e-01,-3.571513593196868896e-01,-9.284877181053161621e-01,0.000000000000000000e+00,0.000000000000000000e+00,2.754536867141723633e-01,-2.596865594387054443e-01,1.271175127476453781e-02,-2.796508669853210449e-01,-2.396931648254394531e-01,-1.814810782670974731e-01,1.276930868625640869e-01,-2.864701673388481140e-02,2.113053798675537109e-01,3.400000035762786865e-01,3.700658082962036133e-01,1.976575851440429688e-01,2.374755740165710449e-01,1.364938855171203613e+00,4.982022643089294434e-01,2.981517910957336426e-01,-5.630187690258026123e-02,-6.883738040924072266e-01,9.786256402730941772e-02,-1.630659401416778564e-01,-3.040069043636322021e-01,-3.782565891742706299e-01,1.279422342777252197e-01
-3.679084479808807373e-01,-1.867567300796508789e-01,3.194921016693115234e-01,5.006785504519939423e-03,1.037546321749687195e-01,-3.502819836139678955e-01,-9.308664798736572266e-01,0.000000000000000000e+00,0.000000000000000000e+00,2.857600152492523193e-01,-2.569512128829956055e-01,1.290843449532985687e-02,-2.922300100326538086e-01,-2.307502329349517822e-01,-1.905505508184432983e-01,1.423845291137695312e-01,-4.605279117822647095e-02,1.957086324691772461e-01,3.400000035762786865e-01,4.153328835964202881e-01,1.269969642162322998e-01,3.433774113655090332e-01,1.375586390495300293e+00,4.965337812900543213e-01,2.594217360019683838e-01,-5.132930353283882141e-02,-7.813298106193542480e-01,1.713188141584396362e-01,-1.661596596240997314e-01,-2.972994744777679443e-01,-3.692969977855682373e-01,1.367882639169692993e-01
-3.682892918586730957e-01,-1.890928447246551514e-01,3.185738623142242432e-01,2.430581487715244293e-03,1.075206175446510315e-01,-3.464556038379669189e-01,-9.318808317184448242e-01,0.000000000000000000e+00,0.000000000000000000e+00,2.908458709716796875e-01,-2.472929358482360840e-01,1.288231555372476578e-02,-3.058733046054840088e-01,-2.313334345817565918e-01,-1.903555542230606079e-01,1.554312258958816528e-01,-6.169205904006958008e-02,1.602166742086410522e-01,3.400000035762786865e-01,4.578486382961273193e-01,3.409787267446517944e-02,3.950623869895935059e-01,1.347538948059082031e+00,4.982261955738067627e-01,2.116102576255798340e-01,-3.655006736516952515e-02,-8.505384922027587891e-01,2.452137917280197144e-01,-1.688630431890487671e-01,-2.756725847721099854e-01,-3.583789765834808350e-01,1.428152173757553101e-01
-3.686147630214691162e-01,-1.911131739616394043e-01,3.177287280559539795e-01,-1.763214473612606525e-03,1.095403209328651428e-01,-3.494562506675720215e-01,-9.305257201194763184e-01,0.000000000000000000e+00,0.000000000000000000e+00,2.911486625671386719e-01,-2.415690422058105469e-01,1.210958603769540787e-02,-3.166528642177581787e-01,-2.505895495414733887e-01,-1.841325461864471436e-01,1.624303460121154785e-01,-7.226939499378204346e-02,1.126979663968086243e-01,3.400000035762786865e-01,4.930784106254577637e-01,-8.489460498094558716e-02,3.381069600582122803e-01,1.271675825119018555e+00,4.992305338382720947e-01,1.307020038366317749e-01,-4.267994314432144165e-02,-8.574746847152709961e-01,2.990822196006774902e-01,-1.909204274415969849e-01,-2.572703063488006592e-01,-3.309437632560729980e-01,1.438775658607482910e-01
-3.685313463211059570e-01,-1.920445263385772705e-01,3.171772658824920654e-01,-7.503234315663576126e-03,1.107009723782539368e-01,-3.534648418426513672e-01,-9.288442134857177734e-01,0.000000000000000000e+00,0.000000000000000000e+00,2.727447152137756348e-01,-2.376384288072586060e-01,1.334564480930566788e-02,-3.153673410415649414e-01,-2.592280209064483643e-01,-1.850977689027786255e-01,1.747174412012100220e-01,-7.328248023986816406e-02,5.471946299076080322e-02,3.400000035762786865e-01,5.422034859657287598e-01,-1.728469878435134888e-01,1.596489250659942627e-01,1.191836237907409668e+00,4.998350143432617188e-01,6.121229007840156555e-02,-7.362109422683715820e-02,-7.755553126335144043e-01,2.717735469341278076e-01,-2.186360508203506470e-01,-2.428956925868988037e-01,-2.891682982444763184e-01,1.356583386659622192e-01
-3.675184547901153564e-01,-1.920418590307235718e-01,3.161348998546600342e-01,-6.485254038125276566e-03,1.161415353417396545e-01,-3.624808490276336670e-01,-9.247035980224609375e-01,0.000000000000000000e+00,0.000000000000000000e+00,2.818312346935272217e-01,-2.295400649309158325e-01,1.406085118651390076e-02,-3.430596292018890381e-01,-2.495574504137039185e-01,-1.984452158212661743e-01,2.387431561946868896e-01,-8.302497863769531250e-02,2.175893262028694153e-02,3.368873894214630127e-01,5.507680177688598633e-01,-1.903521567583084106e-01,5.809327960014343262e-02,1.194338917732238770e+00,4.995147585868835449e-01,4.404137656092643738e-02,-7.747398316860198975e-02,-6.688633561134338379e-01,3.112579584121704102e-01,-2.251470983028411865e-01,-2.156068980693817139e-01,-2.812929749488830566e-01,1.453875452280044556e-01
-3.659439980983734131e-01,-1.905047595500946045e-01,3.157474398612976074e-01,-2.236013859510421753e-02,1.167578026652336121e-01,-3.882187604904174805e-01,-9.138675332069396973e-01,0.000000000000000000e+00,0.000000000000000000e+00,2.465354502201080322e-01,-2.220496088266372681e-01,1.353666279464960098e-02,-3.297452032566070557e-01,-3.362076580524444580e-01,-1.310689151287078857e-01,1.996202617883682251e-01,-6.622300297021865845e-02,-5.375534668564796448e-02,3.396029472351074219e-01,5.099845528602600098e-01,-1.609891355037689209e-01,8.172503858804702759e-02,1.230691194534301758e+00,4.968391358852386475e-01,6.332951784133911133e-02,-3.916146606206893921e-02,-5.915238857269287109e-01,1.829160451889038086e-01,-2.127370089292526245e-01,-1.727058589458465576e-01,-3.037198781967163086e-01,1.525718867778778076e-01
-3.635723292827606201e-01,-1.886291205883026123e-01,3.160443305969238281e-01,-2.460775524377822876e-02,1.184054315090179443e-01,-4.043632149696350098e-01,-9.065676927566528320e-01,0.000000000000000000e+00,0.000000000000000000e+00,2.421078681945800781e-01,-2.172755002975463867e-01,1.172853354364633560e-02,-3.185061812400817871e-01,-3.556442856788635254e-01,-1.042719557881355286e-01,2.056609690189361572e-01,-4.685870930552482605e-02,-1.031683608889579773e-01,3.366720080375671387e-01,5.087641477584838867e-01,-6.843507289886474609e-02,2.468094378709793091e-01,1.217237114906311035e+00,4.768489003181457520e-01,1.161047145724296570e-01,1.067131292074918747e-02,-6.643968224525451660e-01,6.160148605704307556e-02,-1.866496056318283081e-01,-1.387231498956680298e-01,-3.600625097751617432e-01,1.848442852497100830e-01
-3.603675365447998047e-01,-1.856571584939956665e-01,3.171453177928924561e-01,-1.403912436217069626e-02,1.178321018815040588e-01,-4.091101586818695068e-01,-9.047361016273498535e-01,0.000000000000000000e+00,0.000000000000000000e+00,2.604213356971740723e-01,-2.162045687437057495e-01,1.163683552294969559e-02,-3.458043336868286133e-01,-3.105006515979766846e-01,-1.264979094266891479e-01,2.530020773410797119e-01,-4.615693911910057068e-02,-1.193639859557151794e-01,3.193523287773132324e-01,5.451117753982543945e-01,2.669223770499229431e-02,3.553279638290405273e-01,1.167250156402587891e+00,4.170858561992645264e-01,1.122098788619041443e-01,3.850036859512329102e-02,-6.695482730865478516e-01,9.554376453161239624e-02,-1.525720208883285522e-01,-1.299672275781631470e-01,-4.277827441692352295e-01,2.198303937911987305e-01
-3.566257059574127197e-01,-1.808492988348007202e-01,3.186423182487487793e-01,-1.065170392394065857e-02,1.117075681686401367e-01,-4.188513159751892090e-01,-9.010946154594421387e-01,0.000000000000000000e+00,0.000000000000000000e+00,2.582117319107055664e-01,-2.158321142196655273e-01,1.212251931428909302e-02,-3.648347258567810059e-01,-3.214012980461120605e-01,-1.142650246620178223e-01,2.445906251668930054e-01,-3.506549075245857239e-02,-1.392074525356292725e-01,3.152430355548858643e-01,5.579583644866943359e-01,9.794213622808456421e-02,4.518968164920806885e-01,1.058283209800720215e+00,3.536675572395324707e-01,1.304691731929779053e-01,4.674725607037544250e-02,-6.948092579841613770e-01,1.103854104876518250e-01,-1.200475767254829407e-01,-1.472907811403274536e-01,-5.118988752365112305e-01,2.776101231575012207e-01
-3.523826301097869873e-01,-1.747038811445236206e-01,3.199481964111328125e-01,-1.328780222684144974e-02,1.026879623532295227e-01,-4.303591847419738770e-01,-8.966992497444152832e-01,0.000000000000000000e+00,0.000000000000000000e+00,2.374933958053588867e-01,-2.098673135042190552e-01,1.113612111657857895e-02,-3.545625209808349609e-01,-3.548433780670166016e-01,-7.098916172981262207e-02,1.831627935171127319e-01,-6.434161216020584106e-03,-1.558509469032287598e-01,3.173170089721679688e-01,5.558158755302429199e-01,1.017181277275085449e-01,4.647508263587951660e-01,8.451623916625976562e-01,3.215886354446411133e-01,1.975074112415313721e-01,3.391838073730468750e-02,-7.587854266166687012e-01,5.681871995329856873e-02,-8.555068075656890869e-02,-1.881366372108459473e-01,-6.118361949920654297e-01,4.131613075733184814e-01
-3.485083878040313721e-01,-1.697709262371063232e-01,3.206661939620971680e-01,-7.850816473364830017e-03,9.829616546630859375e-02,-4.367354810237884521e-01,-8.941690921783447266e-01,0.000000000000000000e+00,0.000000000000000000e+00,2.468394190073013306e-01,-2.026063203811645508e-01,9.654170833528041840e-03,-3.774341642856597900e-01,-3.369704782962799072e-01,-7.813339680433273315e-02,2.051398307085037231e-01,-1.521157100796699524e-03,-1.360155493021011353e-01,3.180376589298248291e-01,5.104096531867980957e-01,8.478528261184692383e-02,3.899412751197814941e-01,6.827589273452758789e-01,3.144335448741912842e-01,2.412576079368591309e-01,2.534719556570053101e-02,-7.789334058761596680e-01,6.701933592557907104e-02,-8.924416452646255493e-02,-2.124878168106079102e-01,-7.228541970252990723e-01,5.224532485008239746e-01
-3.449732661247253418e-01,-1.650399118661880493e-01,3.209502696990966797e-01,-1.845618896186351776e-02,8.693697303533554077e-02,-4.551348388195037842e-01,-8.859760761260986328e-01,0.000000000000000000e+00,0.000000000000000000e+00,2.163628935813903809e-01,-2.046236097812652588e-01,9.124696254730224609e-03,-3.688831031322479248e-01,-4.098178744316101074e-01,-2.972498722374439240e-02,1.492249965667724609e-01,1.526713464409112930e-02,-1.501747667789459229e-01,3.341491520404815674e-01,4.106136262416839600e-01,2.080210112035274506e-02,1.251122355461120605e-01,4.098092615604400635e-01,2.930989861488342285e-01,2.439348846673965454e-01,2.549486234784126282e-02,-7.412098646163940430e-01,-9.940396994352340698e-03,-1.565706431865692139e-01,-2.507433593273162842e-01,-8.467755317687988281e-01,6.881289482116699219e-01
-3.402945399284362793e-01,-1.606364548206329346e-01,3.206156790256500244e-01,-1.724125072360038757e-02,8.211617916822433472e-02,-4.624154567718505859e-01,-8.826843500137329102e-01,0.000000000000000000e+00,0.000000000000000000e+00,2.239228039979934692e-01,-1.958120465278625488e-01,8.097421377897262573e-03,-3.858656287193298340e-01,-4.105719923973083496e-01,-2.588668651878833771e-02,1.700467467308044434e-01,9.761656634509563446e-03,-1.308688223361968994e-01,3.364034593105316162e-01,3.475813269615173340e-01,1.970119588077068329e-02,-9.322841465473175049e-02,2.549836039543151855e-01,2.321216464042663574e-01,2.508626878261566162e-01,2.417496964335441589e-02,-6.878001093864440918e-01,-1.154226530343294144e-02,-2.590368986129760742e-01,-3.140493929386138916e-01,-9.415510296821594238e-01,7.538858056068420410e-01
-3.343308269977569580e-01,-1.547712832689285278e-01,3.203413784503936768e-01,-2.161926589906215668e-02,7.379966229200363159e-02,-4.746198058128356934e-01,-8.768250942230224609e-01,0.000000000000000000e+00,0.000000000000000000e+00,2.127867639064788818e-01,-1.879717260599136353e-01,7.433816790580749512e-03,-3.675926625728607178e-01,-4.472946822643280029e-01,1.839623972773551941e-02,1.348696947097778320e-01,2.492975629866123199e-02,-1.257975399494171143e-01,3.400000035762786865e-01,2.930282056331634521e-01,8.655365556478500366e-02,-3.251608312129974365e-01,2.789421379566192627e-02,4.193377494812011719e-02,2.668258845806121826e-01,2.387965843081474304e-02,-6.436291337013244629e-01,-1.382461935281753540e-02,-3.768437206745147705e-01,-4.198938906192779541e-01,-9.907205700874328613e-01,6.858467459678649902e-01
-3.261702060699462891e-01,-1.481467336416244507e-01,3.208208978176116943e-01,-1.165124308317899704e-02,7.353527843952178955e-02,-4.807062447071075439e-01,-8.737152218818664551e-01,0.000000000000000000e+00,0.000000000000000000e+00,2.512493133544921875e-01,-1.729879528284072876e-01,5.783285014331340790e-03,-3.545531928539276123e-01,-4.108927845954895020e-01,4.338187351822853088e-02,1.215601488947868347e-01,4.435060545802116394e-02,-1.077871024608612061e-01,3.363713324069976807e-01,2.701147496700286865e-01,1.249652430415153503e-01,-3.822934329509735107e-01,-2.096678614616394043e-01,-5.670490115880966187e-02,2.884560227394104004e-01,5.545331537723541260e-02,-6.054419279098510742e-01,-1.653293892741203308e-02,-3.974245190620422363e-01,-4.902707934379577637e-01,-1.096295118331909180e+00,5.752061605453491211e-01
-3.162860572338104248e-01,-1.410599499940872192e-01,3.221166133880615234e-01,-2.284474976477213204e-05,7.895219326019287109e-02,-4.834198355674743652e-01,-8.718209862709045410e-01,0.000000000000000000e+00,0.000000000000000000e+00,3.114385306835174561e-01,-1.477938443422317505e-01,5.586151033639907837e-03,-3.391337990760803223e-01,-3.553157746791839600e-01,7.629871368408203125e-02,9.331961721181869507e-02,8.335976302623748779e-02,-8.243265748023986816e-02,3.255623579025268555e-01,2.507868111133575439e-01,1.335594058036804199e-01,-3.642297685146331787e-01,-4.540455937385559082e-01,-1.661239378154277802e-02,2.935087680816650391e-01,1.043285652995109558e-01,-5.127776861190795898e-01,-1.755883917212486267e-02,-3.492954373359680176e-01,-5.020854473114013672e-01,-1.119293212890625000e+00,5.085227489471435547e-01
-3.047624528408050537e-01,-1.341828256845474243e-01,3.232374191284179688e-01,2.189504681155085564e-03,8.896227180957794189e-02,-4.814026355743408203e-01,-8.719704151153564453e-01,0.000000000000000000e+00,0.000000000000000000e+00,3.780304789543151855e-01,-1.052241399884223938e-01,7.439085282385349274e-03,-3.054534196853637695e-01,-3.199557662010192871e-01,1.173999831080436707e-01,8.874385058879852295e-02,1.453807055950164795e-01,-3.050953336060047150e-02,3.163596689701080322e-01,1.992927193641662598e-01,1.396930515766143799e-01,-3.333958983421325684e-01,-5.990512967109680176e-01,9.951661527156829834e-02,3.220480978488922119e-01,1.170688495039939880e-01,-4.060686528682708740e-01,-1.666839793324470520e-02,-2.641120851039886475e-01,-4.382440447807312012e-01,-9.937772154808044434e-01,4.349009990692138672e-01
-2.915341258049011230e-01,-1.275364309549331665e-01,3.238695561885833740e-01,-4.670591559261083603e-03,1.008651703596115112e-01,-4.736379683017730713e-01,-8.749122619628906250e-01,0.000000000000000000e+00,0.000000000000000000e+00,4.433730840682983398e-01,-4.743640869855880737e-02,1.209524739533662796e-02,-2.593007683753967285e-01,-3.154115378856658936e-01,1.937123835086822510e-01,7.738331705331802368e-02,1.872279345989227295e-01,4.112026095390319824e-02,3.101034164428710938e-01,1.090623438358306885e-01,1.526627987623214722e-01,-3.255157172679901123e-01,-6.203449964523315430e-01,2.489491105079650879e-01,3.647947013378143311e-01,9.640295803546905518e-02,-2.891203165054321289e-01,-1.627933979034423828e-02,-1.783264726400375366e-01,-3.371624946594238281e-01,-8.032481670379638672e-01,4.184939563274383545e-01
-2.768291831016540527e-01,-1.213998645544052124e-01,3.239989280700683594e-01,-1.459079980850219727e-02,1.086619347333908081e-01,-4.600668251514434814e-01,-8.810892105102539062e-01,0.000000000000000000e+00,0.000000000000000000e+00,4.872684478759765625e-01,7.624049205332994461e-03,2.062456682324409485e-02,-2.226597219705581665e-01,-3.310864865779876709e-01,2.768092453479766846e-01,6.172367185354232788e-02,2.191074788570404053e-01,1.292001456022262573e-01,3.095353543758392334e-01,-2.325351350009441376e-02,1.419657766819000244e-01,-3.291020095348358154e-01,-5.234256982803344727e-01,3.896719217300415039e-01,4.035846590995788574e-01,4.801458492875099182e-02,-1.848935037851333618e-01,-1.687163673341274261e-02,-9.950487315654754639e-02,-2.419679313898086548e-01,-6.089909076690673828e-01,4.105419516563415527e-01
-2.615869045257568359e-01,-1.154746860265731812e-01,3.235065042972564697e-01,-2.418733201920986176e-02,1.088900715112686157e-01,-4.433229565620422363e-01,-8.893945813179016113e-01,0.000000000000000000e+00,0.000000000000000000e+00,4.824098646640777588e-01,2.808193862438201904e-02,2.922040969133377075e-02,-2.219762653112411499e-01,-3.619635403156280518e-01,3.407696783542633057e-01,4.710039123892784119e-02,2.597066164016723633e-01,2.191478908061981201e-01,3.136436343193054199e-01,-1.713405251502990723e-01,7.220609486103057861e-02,-2.930822074413299561e-01,-3.256519138813018799e-01,4.987069070339202881e-01,4.516487121582031250e-01,-6.963354069739580154e-03,-1.425388157367706299e-01,-1.901334710419178009e-02,-3.273134678602218628e-02,-1.745010763406753540e-01,-4.070059955120086670e-01,2.495164722204208374e-01
-2.505042850971221924e-01,-1.107297837734222412e-01,3.218106925487518311e-01,-2.338938228785991669e-02,1.026859134435653687e-01,-4.156406223773956299e-01,-9.034109711647033691e-01,0.000000000000000000e+00,0.000000000000000000e+00,4.005545079708099365e-01,-5.945966020226478577e-02,2.418344095349311829e-02,-2.822584509849548340e-01,-3.473625183105468750e-01,2.839265465736389160e-01,1.446374654769897461e-01,2.608926892280578613e-01,3.106370270252227783e-01,3.105863630771636963e-01,-2.488348335027694702e-01,3.364177793264389038e-02,-2.425027042627334595e-01,-2.025592178106307983e-01,4.993522763252258301e-01,4.763233363628387451e-01,-4.506812617182731628e-02,-1.542363166809082031e-01,-2.151586487889289856e-02,3.898282349109649658e-02,-1.519009619951248169e-01,-4.433207511901855469e-01,9.185062348842620850e-02
-2.441748380661010742e-01,-1.038268432021141052e-01,3.171215057373046875e-01,-2.303579263389110565e-02,9.600356966257095337e-02,-3.744474053382873535e-01,-9.219771027565002441e-01,0.000000000000000000e+00,0.000000000000000000e+00,3.249684870243072510e-01,-1.790146976709365845e-01,1.486119255423545837e-02,-2.902617156505584717e-01,-3.435622751712799072e-01,7.992552965879440308e-02,4.052141010761260986e-01,2.418150454759597778e-01,3.649349212646484375e-01,2.992620468139648438e-01,-2.633351683616638184e-01,1.863167621195316315e-02,-2.133449763059616089e-01,-1.258528083562850952e-01,4.909351468086242676e-01,4.946368932723999023e-01,-3.139509633183479309e-02,-2.652489244937896729e-01,8.551851846277713776e-03,1.036008596420288086e-01,-1.544525176286697388e-01,-5.557841062545776367e-01,6.540344655513763428e-02
-2.377628535032272339e-01,-9.611204266548156738e-02,3.087059259414672852e-01,-3.471637144684791565e-02,9.572150558233261108e-02,-3.331684470176696777e-01,-9.373531341552734375e-01,0.000000000000000000e+00,0.000000000000000000e+00,3.345465362071990967e-01,-1.242224648594856262e-01,1.717955619096755981e-02,-2.804568707942962646e-01,-3.735578656196594238e-01,-2.061128169298171997e-01,7.914242148399353027e-01,1.850704699754714966e-01,3.732343614101409912e-01,2.880129516124725342e-01,-2.464129775762557983e-01,3.223511576652526855e-02,-1.964846849441528320e-01,-6.555822491645812988e-02,4.216368198394775391e-01,5.179008245468139648e-01,1.191436545923352242e-03,-5.831021666526794434e-01,1.343457549810409546e-01,1.922004967927932739e-01,-1.581248641014099121e-01,-5.953375697135925293e-01,7.046217471361160278e-02
-2.301357388496398926e-01,-8.779239654541015625e-02,2.955287694931030273e-01,-4.462647810578346252e-02,9.739144891500473022e-02,-2.970871329307556152e-01,-9.488217234611511230e-01,0.000000000000000000e+00,0.000000000000000000e+00,4.113785624504089355e-01,6.005172058939933777e-02,1.530079171061515808e-02,-4.190246462821960449e-01,-3.368778824806213379e-01,-3.853302896022796631e-01,8.843930959701538086e-01,-2.376511991024017334e-01,3.475389480590820312e-01,2.799823582172393799e-01,-2.263417243957519531e-01,8.656643331050872803e-02,-1.633251458406448364e-01,5.803401023149490356e-02,2.392062395811080933e-01,4.860666394233703613e-01,3.500700742006301880e-02,-1.262536406517028809e+00,1.240080475807189941e+00,2.887524664402008057e-01,-1.122638210654258728e-01,-5.714882612228393555e-01,-1.561290305107831955e-02
-2.187606543302536011e-01,-8.411497622728347778e-02,2.837268412113189697e-01,-5.194167792797088623e-02,9.802416712045669556e-02,-2.760345339775085449e-01,-9.547241926193237305e-01,0.000000000000000000e+00,0.000000000000000000e+00,4.819253385066986084e-01,1.999185830354690552e-01,1.270578615367412567e-02,-5.901358723640441895e-01,-1.777536571025848389e-01,-4.621531069278717041e-01,6.397687196731567383e-01,-4.171333014965057373e-01,2.739920020103454590e-01,2.616144120693206787e-01,-2.109843790531158447e-01,1.364788711071014404e-01,-8.179087191820144653e-02,1.334745287895202637e-01,1.700748652219772339e-01,4.585642516613006592e-01,1.525357663631439209e-01,-1.574636578559875488e+00,1.490000009536743164e+00,3.869420886039733887e-01,1.147388480603694916e-02,-5.410941243171691895e-01,-1.766825467348098755e-02
-2.029238194227218628e-01,-8.149861544370651245e-02,2.773527503013610840e-01,-6.947519630193710327e-02,1.105199456214904785e-01,-2.634349167346954346e-01,-9.558036327362060547e-01,0.000000000000000000e+00,0.000000000000000000e+00,5.626340508460998535e-01,3.443552553653717041e-01,9.008687920868396759e-03,-7.393000721931457520e-01,-1.522774696350097656e-01,-3.854701220989227295e-01,6.128404140472412109e-01,-4.318105280399322510e-01,1.647890955209732056e-01,2.867079675197601318e-01,-1.623007208108901978e-01,1.363401710987091064e-01,-6.075115408748388290e-03,9.792643785476684570e-02,3.100395500659942627e-01,4.171662032604217529e-01,2.457059919834136963e-01,-1.425741672515869141e+00,5.481825470924377441e-01,3.844175040721893311e-01,1.516434699296951294e-01,-3.394935727119445801e-01,-2.360792458057403564e-02
-1.801659166812896729e-01,-7.434736192226409912e-02,2.734569609165191650e-01,-9.005735069513320923e-02,1.123550981283187866e-01,-2.557618319988250732e-01,-9.559559822082519531e-01,0.000000000000000000e+00,0.000000000000000000e+00,6.155580282211303711e-01,4.642099440097808838e-01,1.081920415163040161e-02,-7.579581737518310547e-01,-2.093565464019775391e-01,-2.001149058341979980e-01,6.809808611869812012e-01,-6.236158013343811035e-01,7.883663475513458252e-02,2.903831601142883301e-01,-1.284928619861602783e-01,1.041625365614891052e-01,-1.081616245210170746e-02,4.598368704319000244e-02,4.979594051837921143e-01,2.875041365623474121e-01,5.690378323197364807e-02,-1.385022401809692383e+00,1.142113804817199707e-01,2.996872663497924805e-01,1.800000071525573730e-01,-1.166629604995250702e-02,-2.999999932944774628e-02
-1.522511690855026245e-01,-6.766638904809951782e-02,2.745670378208160400e-01,-1.078815683722496033e-01,1.105029657483100891e-01,-2.429255843162536621e-01,-9.576731324195861816e-01,0.000000000000000000e+00,0.000000000000000000e+00,6.627245545387268066e-01,5.448191165924072266e-01,1.398810278624296188e-02,-6.576036214828491211e-01,-2.630509436130523682e-01,-3.378988942131400108e-03,6.325995922088623047e-01,-7.549694776535034180e-01,3.766564419493079185e-03,2.775752544403076172e-01,-9.927133470773696899e-02,1.513872742652893066e-01,-1.001861095428466797e-01,1.181632466614246368e-02,5.000000000000000000e-01,1.492837518453598022e-01,-1.198247596621513367e-01,-1.189569234848022461e+00,6.569527089595794678e-02,2.403621226549148560e-01,1.800000071525573730e-01,1.786983013153076172e-01,-2.223582752048969269e-02
-1.206120625138282776e-01,-6.168871745467185974e-02,2.802359163761138916e-01,-1.028146669268608093e-01,8.559432625770568848e-02,-2.320611923933029175e-01,-9.634575247764587402e-01,0.000000000000000000e+00,0.000000000000000000e+00,6.816321015357971191e-01,5.078106522560119629e-01,1.318126637488603592e-02,-4.696440398693084717e-01,-2.398002594709396362e-01,8.086627721786499023e-02,5.633161664009094238e-01,-7.277522683143615723e-01,-4.932194203138351440e-02,1.907970309257507324e-01,-1.192801669239997864e-01,1.819619387388229370e-01,-1.324345022439956665e-01,4.154467955231666565e-02,5.000000000000000000e-01,1.003235056996345520e-01,-1.073145791888237000e-01,-8.770483136177062988e-01,1.157484352588653564e-01,1.125745922327041626e-01,1.800000071525573730e-01,2.332200109958648682e-01,3.381762504577636719e-01
-8.642870187759399414e-02,-5.611381679773330688e-02,2.887528836727142334e-01,-8.475590497255325317e-02,5.139633268117904663e-02,-2.176591753959655762e-01,-9.709785580635070801e-01,0.000000000000000000e+00,0.000000000000000000e+00,6.750926375389099121e-01,4.381669163703918457e-01,9.239482693374156952e-03,-3.471787869930267334e-01,-1.894727796316146851e-01,1.441811323165893555e-01,4.303033649921417236e-01,-6.848207712173461914e-01,-1.100130751729011536e-01,1.037413701415061951e-01,-1.267972588539123535e-01,1.901773512363433838e-01,-1.267567127943038940e-01,8.873548358678817749e-02,5.000000000000000000e-01,1.831120252609252930e-01,7.310551125556230545e-03,-6.807469725608825684e-01,1.571927219629287720e-01,5.491055920720100403e-02,1.800000071525573730e-01,-8.264172822237014771e-02,7.532131671905517578e-01
-4.552946984767913818e-02,-4.874246194958686829e-02,2.999192476272583008e-01,-8.388566225767135620e-02,4.108412563800811768e-02,-2.026301771402359009e-01,-9.747903943061828613e-01,0.000000000000000000e+00,0.000000000000000000e+00,6.401064991950988770e-01,4.242369532585144043e-01,9.680256247520446777e-03,-5.486750975251197815e-02,-2.343472540378570557e-01,3.401144146919250488e-01,1.136404648423194885e-01,-4.169383943080902100e-01,-1.626794934272766113e-01,1.558605879545211792e-01,-1.187014505267143250e-01,1.389801651239395142e-01,-1.928034424781799316e-01,1.406966298818588257e-01,4.999227821826934814e-01,3.107882142066955566e-01,1.126730963587760925e-01,-6.883587241172790527e-01,7.712325081229209900e-03,1.251956969499588013e-01,1.151804849505424500e-01,-7.965790629386901855e-01,1.308855533599853516e+00
-2.151801949366927147e-03,-4.282290861010551453e-02,3.121106028556823730e-01,-8.307050168514251709e-02,4.829454049468040466e-02,-1.950549334287643433e-01,-9.760740399360656738e-01,0.000000000000000000e+00,0.000000000000000000e+00,5.494126081466674805e-01,4.420803189277648926e-01,2.156913094222545624e-02,3.316768258810043335e-02,-3.083519637584686279e-01,4.398167431354522705e-01,1.784688606858253479e-02,-1.903128251433372498e-02,-1.654852479696273804e-01,2.470837235450744629e-01,-1.236248984932899475e-01,1.424157619476318359e-01,-3.493843972682952881e-01,1.248654872179031372e-01,4.273650348186492920e-01,3.983865082263946533e-01,1.913513094186782837e-01,-6.629424691200256348e-01,-5.486478097736835480e-03,4.183575138449668884e-02,-9.113977849483489990e-02,-1.049976825714111328e+00,1.167823553085327148e+00
3.765102103352546692e-02,-3.894723951816558838e-02,3.209316134452819824e-01,-5.744593590497970581e-02,5.417967960238456726e-02,-1.806426644325256348e-01,-9.803737998008728027e-01,0.000000000000000000e+00,0.000000000000000000e+00,4.588667452335357666e-01,2.773683667182922363e-01,2.590761482715606689e-01,-3.102293908596038818e-01,-3.394555151462554932e-01,4.624638259410858154e-01,1.191844604909420013e-02,2.061533331871032715e-01,-8.759593218564987183e-02,3.125522434711456299e-01,-1.331124901771545410e-01,1.399022042751312256e-01,-4.599881768226623535e-01,7.331562787294387817e-02,3.293726444244384766e-01,4.564052820205688477e-01,2.271842509508132935e-01,-5.832405686378479004e-01,-1.186920423060655594e-02,-1.152380034327507019e-01,-3.105664849281311035e-01,-1.016471385955810547e+00,7.104205489158630371e-01
7.445026934146881104e-02,-3.511840850114822388e-02,3.268206715583801270e-01,-2.018716186285018921e-02,4.607518017292022705e-02,-1.490240693092346191e-01,-9.875532388687133789e-01,0.000000000000000000e+00,0.000000000000000000e+00,2.889189422130584717e-01,1.183727011084556580e-01,9.290662407875061035e-02,-5.158019065856933594e-01,-3.444495797157287598e-01,3.868924677371978760e-01,3.366615623235702515e-02,3.230045437812805176e-01,1.682299561798572540e-02,3.129211962223052979e-01,-1.134333983063697815e-01,9.010822325944900513e-02,-5.059366226196289062e-01,5.981165915727615356e-02,3.013587892055511475e-01,4.889546334743499756e-01,2.236208021640777588e-01,-4.512414038181304932e-01,-1.487537100911140442e-02,-2.476274818181991577e-01,-3.734794855117797852e-01,-7.961620092391967773e-01,4.675720036029815674e-01
1.071049571037292480e-01,-2.975822053849697113e-02,3.271259069442749023e-01,1.406823005527257919e-02,3.778047114610671997e-02,-8.949506282806396484e-02,-9.951710104942321777e-01,0.000000000000000000e+00,0.000000000000000000e+00,1.348534971475601196e-01,-1.825795918703079224e-01,1.426943391561508179e-02,-4.924599230289459229e-01,-3.068332076072692871e-01,3.452555462718009949e-02,4.616120755672454834e-01,2.487457096576690674e-01,1.055932492017745972e-01,2.956823110580444336e-01,2.980023249983787537e-02,2.994419308379292488e-03,-4.861891865730285645e-01,8.865176886320114136e-02,3.196388185024261475e-01,4.264738857746124268e-01,2.049304395914077759e-01,-2.402757704257965088e-01,-1.496918033808469772e-02,-2.551126182079315186e-01,-4.111879765987396240e-01,-5.198232531547546387e-01,3.174409270286560059e-01
1.374600231647491455e-01,-2.298352308571338654e-02,3.223657011985778809e-01,2.654677443206310272e-02,4.063338413834571838e-02,-1.256871782243251801e-02,-9.987423419952392578e-01,0.000000000000000000e+00,0.000000000000000000e+00,8.678037673234939575e-02,-4.211931228637695312e-01,5.312378886942158152e-18,-2.473093867301940918e-01,-2.641347944736480713e-01,-2.920773923397064209e-01,6.935893297195434570e-01,-1.101502925157546997e-01,1.448335945606231689e-01,2.946722805500030518e-01,1.349777430295944214e-01,-6.088907271623611450e-02,-4.112724363803863525e-01,2.124382257461547852e-01,3.773786425590515137e-01,3.965166509151458740e-01,2.013179063796997070e-01,-1.846080273389816284e-01,-6.092780269682407379e-03,-1.192064136266708374e-01,-3.724976181983947754e-01,-4.404886662960052490e-01,2.263456210494041443e-02
1.677677780389785767e-01,-1.998867280781269073e-02,3.121123611927032471e-01,1.728676445782184601e-02,6.247824802994728088e-02,5.116217210888862610e-02,-9.965841770172119141e-01,0.000000000000000000e+00,0.000000000000000000e+00,1.162940785288810730e-01,-3.772953450679779053e-01,1.434863312169909477e-03,-2.098338752985000610e-01,-2.154111564159393311e-01,-5.554218292236328125e-01,6.891294121742248535e-01,-2.183713018894195557e-01,1.618895381689071655e-01,2.872779369354248047e-01,1.560261547565460205e-01,-1.165353972464799881e-02,-3.363701105117797852e-01,3.096452057361602783e-01,3.804816305637359619e-01,4.528590738773345947e-01,1.773124188184738159e-01,-4.659471809864044189e-01,1.389374881982803345e-01,6.128240004181861877e-02,-2.991308867931365967e-01,-4.874718487262725830e-01,-1.802475377917289734e-02
1.961187124252319336e-01,-2.426788397133350372e-02,2.983859777450561523e-01,9.577852673828601837e-03,7.658541947603225708e-02,6.881453096866607666e-02,-9.946393966674804688e-01,0.000000000000000000e+00,0.000000000000000000e+00,1.593508571386337280e-01,-1.941963881254196167e-01,1.627417281270027161e-02,-2.730813324451446533e-01,-9.862605482339859009e-02,-7.099781036376953125e-01,5.151557922363281250e-01,-2.327496707439422607e-01,1.830886602401733398e-01,2.222463786602020264e-01,1.352976560592651367e-01,8.102238178253173828e-02,-2.784278988838195801e-01,3.748269081115722656e-01,3.815126121044158936e-01,5.240898132324218750e-01,1.125401183962821960e-01,-1.038002729415893555e+00,2.776167392730712891e-01,2.732325494289398193e-01,-2.401179224252700806e-01,-4.742976129055023193e-01,-7.635508663952350616e-03
2.250615656375885010e-01,-3.001861833035945892e-02,2.843911647796630859e-01,-4.613970406353473663e-03,7.258574664592742920e-02,4.174247011542320251e-02,-9.964776039123535156e-01,0.000000000000000000e+00,0.000000000000000000e+00,1.805131435394287109e-01,-4.429852962493896484e-02,1.746484078466892242e-02,-4.257252216339111328e-01,-1.105415150523185730e-01,-6.544460058212280273e-01,2.497621178627014160e-01,-2.161442339420318604e-01,1.381787657737731934e-01,1.280317902565002441e-01,1.012485474348068237e-01,1.500408351421356201e-01,-2.029359787702560425e-01,4.159215986728668213e-01,4.159283936023712158e-01,5.755606293678283691e-01,2.161158807575702667e-02,-1.551997184753417969e+00,4.541949927806854248e-01,3.872808814048767090e-01,-1.778049170970916748e-01,-3.159105181694030762e-01,-1.940260082483291626e-02
2.672462165355682373e-01,-3.302458673715591431e-02,2.785353362560272217e-01,-2.534414827823638916e-02,1.378514468669891357e-01,1.373460330069065094e-02,-9.900333285331726074e-01,0.000000000000000000e+00,0.000000000000000000e+00,2.872988581657409668e-01,2.869501411914825439e-01,1.163834780454635620e-01,-7.253512144088745117e-01,-2.878562510013580322e-01,-2.677233517169952393e-01,3.243273496627807617e-01,-3.872971236705780029e-01,1.136525273323059082e-01,2.097561359405517578e-01,6.042415648698806763e-02,1.585458368062973022e-01,-6.458087265491485596e-02,3.872916400432586670e-01,5.000000000000000000e-01,4.350864291191101074e-01,-1.749437302350997925e-01,-1.820000052452087402e+00,1.397387504577636719e+00,3.103066682815551758e-01,-1.972569227218627930e-01,1.231601759791374207e-01,-2.117952890694141388e-02
3.005386888980865479e-01,-3.526702523231506348e-02,2.799591720104217529e-01,-2.965367585420608521e-02,1.039236858487129211e-01,7.090474478900432587e-03,-9.941177964210510254e-01,0.000000000000000000e+00,0.000000000000000000e+00,2.886499464511871338e-01,2.705861628055572510e-01,1.673343181610107422e-01,-8.408077955245971680e-01,-2.981123924255371094e-01,-2.372175604104995728e-01,4.372897446155548096e-01,-5.040842294692993164e-01,1.031261608004570007e-01,3.358391672372817993e-02,7.778608798980712891e-02,2.349899560213088989e-01,-1.512346137315034866e-02,3.513979315757751465e-01,5.000000000000000000e-01,4.220731258392333984e-01,-6.223436072468757629e-02,-1.820000052452087402e+00,1.490000009536743164e+00,2.715207934379577637e-01,-1.855836063623428345e-01,3.462341129779815674e-01,5.983948707580566406e-03
3.361095488071441650e-01,-3.565780445933341980e-02,2.893228232860565186e-01,-2.224223129451274872e-02,6.324367970228195190e-02,1.988457143306732178e-02,-9.975520372390747070e-01,0.000000000000000000e+00,0.000000000000000000e+00,2.634423971176147461e-01,2.612805664539337158e-01,1.217801570892333984e-01,-9.328272342681884766e-01,-2.673484981060028076e-01,-2.336014062166213989e-01,4.826281368732452393e-01,-5.802012681961059570e-01,1.075513884425163269e-01,-1.176947355270385742e-01,1.517164856195449829e-01,2.888223528861999512e-01,1.495331525802612305e-02,3.415817916393280029e-01,5.000000000000000000e-01,4.486220777034759521e-01,1.242917850613594055e-01,-1.820000052452087402e+00,1.490000009536743164e+00,1.747874915599822998e-01,-1.559338122606277466e-01,2.214992642402648926e-01,1.406927555799484253e-01
3.715239763259887695e-01,-3.414003178477287292e-02,3.045175075531005859e-01,-6.821035873144865036e-03,3.743775188922882080e-02,5.151661857962608337e-02,-9.979468584060668945e-01,0.000000000000000000e+00,0.000000000000000000e+00,2.648337781429290771e-01,2.571043074131011963e-01,1.104190232581458986e-04,-9.227489233016967773e-01,-2.702619731426239014e-01,-1.641751080751419067e-01,3.686317205429077148e-01,-6.137476563453674316e-01,8.546730130910873413e-02,-7.558207958936691284e-02,2.527609169483184814e-01,2.331860959529876709e-01,6.620660424232482910e-02,3.192633688449859619e-01,5.000000000000000000e-01,3.296715021133422852e-01,3.505133390426635742e-01,-1.801559329032897949e+00,1.490000009536743164e+00,1.315532624721527100e-01,-7.790615409612655640e-02,-5.082894563674926758e-01,3.540352880954742432e-01
4.198157489299774170e-01,-3.402721136808395386e-02,3.195416629314422607e-01,5.040266551077365875e-03,2.769016288220882416e-02,8.247417211532592773e-02,-9.961956739425659180e-01,0.000000000000000000e+00,0.000000000000000000e+00,2.680082917213439941e-01,2.249914258718490601e-01,1.555111492052674294e-03,-5.606337785720825195e-01,-3.290324807167053223e-01,6.490778923034667969e-02,7.627743482589721680e-02,-4.578675031661987305e-01,9.579137712717056274e-02,2.809774316847324371e-02,3.612148761749267578e-01,1.238094866275787354e-01,1.402068585157394409e-01,2.903880476951599121e-01,5.000000000000000000e-01,1.827334910631179810e-01,4.142802059650421143e-01,-1.094595313072204590e+00,1.271328091621398926e+00,-5.895648151636123657e-02,-1.896685361862182617e-01,-5.943278074264526367e-01,5.726506710052490234e-01
4.693323373794555664e-01,-3.622755780816078186e-02,3.272577822208404541e-01,1.027043815702199936e-02,2.215855754911899567e-02,7.723931968212127686e-02,-9.967133998870849609e-01,0.000000000000000000e+00,0.000000000000000000e+00,3.021993637084960938e-01,1.757610440254211426e-01,2.645239233970642090e-03,-3.808327019214630127e-01,-4.013146758079528809e-01,1.985276788473129272e-01,6.397545803338289261e-03,-1.476070731878280640e-01,7.029551267623901367e-02,1.415589302778244019e-01,4.623090326786041260e-01,2.798775583505630493e-02,1.585425138473510742e-01,2.543381154537200928e-01,5.000000000000000000e-01,8.983651548624038696e-02,3.266358375549316406e-01,-9.656493067741394043e-01,6.239741444587707520e-01,-1.140026748180389404e-01,-3.795895278453826904e-01,-3.229101002216339111e-01,3.975578844547271729e-01
5.167421102523803711e-01,-3.934261947870254517e-02,3.286105692386627197e-01,9.238329716026782990e-03,2.941348031163215637e-02,4.969921335577964783e-02,-9.982882738113403320e-01,0.000000000000000000e+00,0.000000000000000000e+00,3.141252398490905762e-01,1.131249070167541504e-01,4.662420134991407394e-03,-4.824836850166320801e-01,-4.594827294349670410e-01,2.620525360107421875e-01,1.637575477361679077e-01,3.155808895826339722e-02,4.395258799195289612e-02,2.517742812633514404e-01,4.101337492465972900e-01,-6.999485194683074951e-02,1.080290228128433228e-01,2.742296457290649414e-01,4.999936819076538086e-01,1.325363367795944214e-01,2.179298400878906250e-01,-9.089244008064270020e-01,2.380575239658355713e-01,-1.796681620180606842e-02,-3.994154930114746094e-01,-2.408826947212219238e-01,1.299377232789993286e-01
5.603203773498535156e-01,-3.891166672110557556e-02,3.229785859584808350e-01,-2.723889483604580164e-04,3.345083072781562805e-02,1.972652971744537354e-02,-9.992456436157226562e-01,0.000000000000000000e+00,0.000000000000000000e+00,1.946287900209426880e-01,-2.338999882340431213e-02,2.418495947495102882e-03,-5.605368614196777344e-01,-5.416046380996704102e-01,1.713916361331939697e-01,5.281487107276916504e-01,9.059784561395645142e-02,-1.153524592518806458e-02,2.977970242500305176e-01,2.923938333988189697e-01,-1.348232030868530273e-01,6.053877994418144226e-02,3.514127135276794434e-01,4.979138672351837158e-01,2.079921513795852661e-01,1.640531569719314575e-01,-8.206594586372375488e-01,2.481974475085735321e-02,1.665355116128921509e-01,-3.189400136470794678e-01,-3.418424725532531738e-01,-1.670735143125057220e-02
5.957497358322143555e-01,-3.376464545726776123e-02,3.119279742240905762e-01,9.223503060638904572e-03,5.494820699095726013e-02,-5.855137016624212265e-03,-9.984294176101684570e-01,0.000000000000000000e+00,0.000000000000000000e+00,9.073825925588607788e-02,-1.423323005437850952e-01,2.105131745338439941e-03,-4.534496665000915527e-01,-6.537719964981079102e-01,2.601595968008041382e-02,9.258075356483459473e-01,-1.713777184486389160e-01,-7.429584860801696777e-02,3.182138204574584961e-01,2.491435259580612183e-01,-1.648478806018829346e-01,-2.029284276068210602e-02,4.245022833347320557e-01,4.960313141345977783e-01,2.483518570661544800e-01,2.251619696617126465e-01,-6.435585618019104004e-01,-1.223653275519609451e-02,3.334667980670928955e-01,-1.894160807132720947e-01,-3.767643570899963379e-01,-1.843524724245071411e-02
6.232150197029113770e-01,-2.888347022235393524e-02,2.991187870502471924e-01,5.572090670466423035e-02,9.078849852085113525e-02,-2.450915612280368805e-02,-9.940080046653747559e-01,0.000000000000000000e+00,0.000000000000000000e+00,2.144439071416854858e-01,4.035483673214912415e-02,1.135799102485179901e-02,-5.332887172698974609e-01,-5.791898965835571289e-01,-1.412855684757232666e-01,9.778458476066589355e-01,-4.259630441665649414e-01,-9.022474288940429688e-02,3.036561608314514160e-01,2.839156985282897949e-01,-9.084589034318923950e-02,-1.047111749649047852e-01,4.412613511085510254e-01,4.943940937519073486e-01,3.181796371936798096e-01,4.151270389556884766e-01,-4.557826817035675049e-01,-1.132869441062211990e-02,4.024750590324401855e-01,-4.464003071188926697e-02,-2.378053218126296997e-01,-2.401685528457164764e-02
6.475818157196044922e-01,-2.887488342821598053e-02,2.895426154136657715e-01,8.284898847341537476e-02,1.157148033380508423e-01,-6.322991102933883667e-02,-9.877996444702148438e-01,0.000000000000000000e+00,0.000000000000000000e+00,3.975162506103515625e-01,2.461167126893997192e-01,1.336773019284009933e-02,-7.883352041244506836e-01,-3.834538161754608154e-01,-2.507805824279785156e-01,5.739698410034179688e-01,-5.603981614112854004e-01,-1.397175192832946777e-01,2.655747830867767334e-01,2.373214960098266602e-01,1.623929478228092194e-02,-1.489384323358535767e-01,4.567447602748870850e-01,4.974032640457153320e-01,4.020355939865112305e-01,5.784788131713867188e-01,-4.364156723022460938e-01,-1.588971726596355438e-02,2.916602194309234619e-01,2.488169260323047638e-02,-1.701757907867431641e-01,1.567085385322570801e-01
6.752873063087463379e-01,-3.924040496349334717e-02,2.850528061389923096e-01,1.069805175065994263e-01,9.996672719717025757e-02,-1.098655611276626587e-01,-9.831029176712036133e-01,0.000000000000000000e+00,0.000000000000000000e+00,5.503883957862854004e-01,2.316561788320541382e-01,1.290588732808828354e-02,-8.883730173110961914e-01,-1.654144227504730225e-01,-4.467524886131286621e-01,2.192475199699401855e-01,-5.451173782348632812e-01,-1.488196998834609985e-01,1.467667222023010254e-01,1.866801530122756958e-01,1.289306730031967163e-01,-1.781295239925384521e-01,4.242524206638336182e-01,5.000000000000000000e-01,5.098533630371093750e-01,5.945801734924316406e-01,-6.798803210258483887e-01,4.354656115174293518e-02,2.451196461915969849e-01,1.614781096577644348e-02,-4.251448810100555420e-01,2.742784321308135986e-01
7.098439335823059082e-01,-5.293260887265205383e-02,2.810467183589935303e-01,1.043697223067283630e-01,5.925082042813301086e-02,-1.551424115896224976e-01,-9.805749058723449707e-01,0.000000000000000000e+00,0.000000000000000000e+00,6.183653473854064941e-01,1.832793205976486206e-01,3.411523066461086273e-03,-1.024360656738281250e+00,-4.654512181878089905e-02,-5.069234967231750488e-01,4.869899153709411621e-02,-5.392052531242370605e-01,-1.559603810310363770e-01,2.214464545249938965e-02,1.418159157037734985e-01,2.839106619358062744e-01,-2.018893808126449585e-01,3.970908224582672119e-01,5.000000000000000000e-01,5.524928569793701172e-01,5.371773838996887207e-01,-1.252778887748718262e+00,1.572688668966293335e-01,2.209931313991546631e-01,-8.021058142185211182e-02,-6.615936756134033203e-01,3.270288705825805664e-01
7.582263350486755371e-01,-5.289838090538978577e-02,2.810294926166534424e-01,1.235725078731775284e-02,4.027017578482627869e-02,-2.174120694398880005e-01,-9.751705527305603027e-01,0.000000000000000000e+00,0.000000000000000000e+00,5.571661591529846191e-01,2.683579623699188232e-01,1.667043776251375675e-03,-8.171747922897338867e-01,-2.787273526191711426e-01,-2.940578162670135498e-01,3.434348478913307190e-02,-3.668043315410614014e-01,-2.595000267028808594e-01,2.367962300777435303e-01,1.531486865133047104e-02,2.338214069604873657e-01,-3.149810731410980225e-01,3.104158937931060791e-01,5.000000000000000000e-01,4.122177362442016602e-01,3.248897194862365723e-01,-1.818384170532226562e+00,1.296791791915893555e+00,-1.676526665687561035e-01,-2.858343124389648438e-01,-7.711813449859619141e-01,3.141180574893951416e-01
8.085866570472717285e-01,-5.643003433942794800e-02,2.853706479072570801e-01,4.262943286448717117e-03,3.369822166860103607e-03,-2.291102856397628784e-01,-9.733852744102478027e-01,0.000000000000000000e+00,0.000000000000000000e+00,5.909912586212158203e-01,2.133295983076095581e-01,-6.381334466377085179e-19,-4.391527473926544189e-01,-2.782797813415527344e-01,-1.399758011102676392e-01,3.851084411144256592e-02,-3.973423540592193604e-01,-1.424780935049057007e-01,2.714919447898864746e-01,-5.456231534481048584e-02,1.738057285547256470e-01,-4.536360800266265869e-01,2.912986576557159424e-01,4.869238436222076416e-01,2.964227199554443359e-01,2.782538235187530518e-01,-1.820000052452087402e+00,1.490000009536743164e+00,-4.504922628402709961e-01,-3.151544332504272461e-01,-7.448168992996215820e-01,1.980396807193756104e-01
8.591589331626892090e-01,-5.657587945461273193e-02,2.957952022552490234e-01,3.750656731426715851e-03,-6.642825901508331299e-02,-2.304001748561859131e-01,-9.708186984062194824e-01,0.000000000000000000e+00,0.000000000000000000e+00,4.156622290611267090e-01,1.323076337575912476e-01,4.169264084050014534e-18,-2.381555885076522827e-01,-2.245843708515167236e-01,-1.201431006193161011e-01,1.069884002208709717e-02,-4.072224497795104980e-01,-4.498692974448204041e-02,2.310566306114196777e-01,-5.232796072959899902e-02,1.500688940286636353e-01,-5.528756380081176758e-01,1.971015781164169312e-01,4.238659143447875977e-01,2.202771455049514771e-01,2.023104727268218994e-01,-1.820000052452087402e+00,1.490000009536743164e+00,-5.787630677223205566e-01,-2.959809601306915283e-01,-8.026232123374938965e-01,1.905103176832199097e-01
9.124329090118408203e-01,-4.890018701553344727e-02,3.045918941497802734e-01,1.387605210766196251e-03,-9.980190545320510864e-02,-2.463405281305313110e-01,-9.640300869941711426e-01,0.000000000000000000e+00,0.000000000000000000e+00,2.879781126976013184e-01,1.692497432231903076e-01,4.482456017285585403e-03,-1.480726301670074463e-01,-2.360858917236328125e-01,-5.373997613787651062e-02,6.552502047270536423e-03,-2.334604859352111816e-01,2.640342712402343750e-02,2.710182070732116699e-01,-7.016225159168243408e-02,1.432133316993713379e-01,-5.150150060653686523e-01,5.981729179620742798e-02,3.417027592658996582e-01,2.310433834791183472e-01,1.022736057639122009e-01,-1.820000052452087402e+00,1.490000009536743164e+00,-6.241280436515808105e-01,-4.320544898509979248e-01,-8.679090142250061035e-01,2.125894725322723389e-01
9.598991870880126953e-01,-4.112258180975914001e-02,3.092231750488281250e-01,2.329910174012184143e-02,-1.168297827243804932e-01,-2.760511636734008789e-01,-9.537314772605895996e-01,0.000000000000000000e+00,0.000000000000000000e+00,2.547581195831298828e-01,1.082841455936431885e-01,9.139072149991989136e-02,-4.669967293739318848e-01,-2.065522521734237671e-01,8.398050442337989807e-03,5.122730042785406113e-03,-8.390139043331146240e-02,7.421059906482696533e-02,2.827071249485015869e-01,-1.348073035478591919e-01,1.590002775192260742e-01,-4.489574432373046875e-01,-4.381740465760231018e-03,2.223594635725021362e-01,2.869634330272674561e-01,1.499664485454559326e-01,-1.722961783409118652e+00,1.490000009536743164e+00,-5.718677639961242676e-01,-5.352802276611328125e-01,-8.759709596633911133e-01,1.930809319019317627e-01
9.973567128181457520e-01,-3.268362581729888916e-02,3.103909492492675781e-01,3.707098588347434998e-02,-1.306189596652984619e-01,-2.951228618621826172e-01,-9.457626342773437500e-01,0.000000000000000000e+00,0.000000000000000000e+00,7.006941735744476318e-02,-9.238273650407791138e-02,1.227101404219865799e-02,-7.130038738250732422e-01,-2.711442410945892334e-01,1.900595426559448242e-02,8.094817399978637695e-02,-1.237441692501306534e-02,8.585153520107269287e-02,2.755701243877410889e-01,-2.054096013307571411e-01,1.251787692308425903e-01,-4.669139683246612549e-01,-3.491470590233802795e-02,1.616555899381637573e-01,3.516840934753417969e-01,2.366857826709747314e-01,-1.538789868354797363e+00,1.490000009536743164e+00,-5.090339183807373047e-01,-5.198241472244262695e-01,-9.046978354454040527e-01,1.814411878585815430e-01
1.025203347206115723e+00,-2.299206890165805817e-02,3.039819896221160889e-01,7.249671965837478638e-02,-1.300287395715713501e-01,-2.944499254226684570e-01,-9.440000057220458984e-01,0.000000000000000000e+00,0.000000000000000000e+00,-6.329996138811111450e-02,-4.724679589271545410e-01,1.694182120263576508e-02,-7.344259619712829590e-01,-3.324519991874694824e-01,-1.164479851722717285e-01,3.131545782089233398e-01,-7.571219652891159058e-02,9.540020674467086792e-02,2.658006250858306885e-01,-2.398798167705535889e-01,5.021798610687255859e-02,-4.095229804515838623e-01,-3.505176678299903870e-02,2.287789285182952881e-01,3.544257283210754395e-01,3.628807067871093750e-01,-1.183969855308532715e+00,1.490000009536743164e+00,-4.182053804397583008e-01,-4.030297100543975830e-01,-9.848534464836120605e-01,1.851394772529602051e-01
1.046217799186706543e+00,-1.434275973588228226e-02,2.885819673538208008e-01,1.465612798929214478e-01,-7.650414854288101196e-02,-2.831991016864776611e-01,-9.447037577629089355e-01,0.000000000000000000e+00,0.000000000000000000e+00,5.017459020018577576e-02,-6.810745596885681152e-01,8.258992806077003479e-03,-5.794847011566162109e-01,-3.568497002124786377e-01,-2.730183899402618408e-01,4.404664933681488037e-01,-2.023724466562271118e-01,1.097412183880805969e-01,3.052091002464294434e-01,-1.908566802740097046e-01,-2.325241081416606903e-02,-2.573230862617492676e-01,-5.614208802580833435e-02,4.126807749271392822e-01,2.804647684097290039e-01,5.719907879829406738e-01,-6.003314256668090820e-01,1.490000009536743164e+00,-2.241706103086471558e-01,-2.323241382837295532e-01,-1.074658036231994629e+00,1.779276281595230103e-01
1.064627528190612793e+00,-1.197732985019683838e-02,2.702583670616149902e-01,2.045651674270629883e-01,-2.133819647133350372e-02,-2.712871730327606201e-01,-9.402664899826049805e-01,0.000000000000000000e+00,0.000000000000000000e+00,2.055258005857467651e-01,-6.437721252441406250e-01,1.845194771885871887e-02,-5.465203523635864258e-01,-3.418586552143096924e-01,-4.573072791099548340e-01,3.572772741317749023e-01,-2.957046627998352051e-01,1.659743338823318481e-01,3.212896585464477539e-01,-1.402058750391006470e-01,-2.912998385727405548e-02,-1.258908361196517944e-01,-7.959001511335372925e-02,5.000000000000000000e-01,2.755764722824096680e-01,6.390576362609863281e-01,-2.638099193572998047e-01,1.490000009536743164e+00,-5.422786623239517212e-02,-1.326955109834671021e-01,-1.191409111022949219e+00,1.795166283845901489e-01
1.091182231903076172e+00,-1.816153898835182190e-02,2.593618929386138916e-01,2.158225178718566895e-01,-9.705022675916552544e-04,-2.797535061836242676e-01,-9.354985952377319336e-01,0.000000000000000000e+00,0.000000000000000000e+00,3.239265680313110352e-01,-5.010429620742797852e-01,1.809702999889850616e-02,-6.001950502395629883e-01,-2.503363490104675293e-01,-6.366150379180908203e-01,2.155327349901199341e-01,-3.582080006599426270e-01,2.272945642471313477e-01,2.949012815952301025e-01,-1.847279369831085205e-01,5.042276158928871155e-02,-5.521053820848464966e-02,-3.742144256830215454e-02,5.000000000000000000e-01,3.305535614490509033e-01,6.184586286544799805e-01,-2.502062320709228516e-01,1.490000009536743164e+00,4.193323850631713867e-02,-8.522296696901321411e-02,-1.317672729492187500e+00,1.913861483335494995e-01
1.127381205558776855e+00,-3.284281492233276367e-02,2.558071613311767578e-01,1.830863356590270996e-01,-5.514824297279119492e-03,-3.247559666633605957e-01,-9.278914332389831543e-01,0.000000000000000000e+00,0.000000000000000000e+00,4.108683764934539795e-01,-4.331476390361785889e-01,1.526375208050012589e-02,-7.031129002571105957e-01,-1.642855554819107056e-01,-6.852008104324340820e-01,1.497491728514432907e-03,-3.848783075809478760e-01,2.542741298675537109e-01,2.698313295841217041e-01,-2.887929677963256836e-01,1.408136188983917236e-01,-4.016107693314552307e-02,1.908742636442184448e-02,5.000000000000000000e-01,3.343027532100677490e-01,6.225004196166992188e-01,-3.979216814041137695e-01,1.490000009536743164e+00,4.146260395646095276e-02,-9.713105112314224243e-02,-1.394055008888244629e+00,2.147410064935684204e-01
1.166166782379150391e+00,-4.606106877326965332e-02,2.561030387878417969e-01,1.215967983007431030e-01,-3.388722985982894897e-02,-3.686522245407104492e-01,-9.209567904472351074e-01,0.000000000000000000e+00,0.000000000000000000e+00,4.140501618385314941e-01,-3.926998674869537354e-01,1.171340700238943100e-02,-7.918437123298645020e-01,-1.424337923526763916e-01,-6.896378993988037109e-01,6.364397704601287842e-03,-4.026046693325042725e-01,2.267573624849319458e-01,2.214975357055664062e-01,-3.552672266960144043e-01,2.332561165094375610e-01,-1.075430735945701599e-01,4.114774987101554871e-02,5.000000000000000000e-01,3.168406784534454346e-01,6.144463419914245605e-01,-6.147966384887695312e-01,1.490000009536743164e+00,4.149967338889837265e-03,-1.906448900699615479e-01,-1.412664771080017090e+00,2.553339302539825439e-01
1.199332594871520996e+00,-5.520271509885787964e-02,2.577368617057800293e-01,5.657990276813507080e-02,-3.060296736657619476e-02,-3.969672620296478271e-01,-9.155758619308471680e-01,0.000000000000000000e+00,0.000000000000000000e+00,4.621281325817108154e-01,-2.969409227371215820e-01,5.441263783723115921e-03,-8.335421681404113770e-01,-2.247227430343627930e-01,-5.613945126533508301e-01,9.356469660997390747e-02,-4.428386390209197998e-01,2.651697993278503418e-01,2.689084112644195557e-01,-3.585103154182434082e-01,2.758546471595764160e-01,-2.575258612632751465e-01,2.528107352554798126e-02,5.000000000000000000e-01,2.871363162994384766e-01,5.034767389297485352e-01,-9.645270109176635742e-01,1.490000009536743164e+00,-2.646902501583099365e-01,-4.711579382419586182e-01,-1.135736465454101562e+00,3.130494952201843262e-01
1.225741147994995117e+00,-6.241992861032485962e-02,2.604606449604034424e-01,3.091759793460369110e-02,-4.384006932377815247e-02,-4.144282042980194092e-01,-9.084995388984680176e-01,0.000000000000000000e+00,0.000000000000000000e+00,4.711934030055999756e-01,-2.981837093830108643e-01,6.389267742633819580e-03,-8.223881721496582031e-01,-2.239112704992294312e-01,-5.338265299797058105e-01,2.125200182199478149e-01,-5.246158838272094727e-01,3.300533890724182129e-01,2.633993923664093018e-01,-3.499593734741210938e-01,2.762745916843414307e-01,-3.461570441722869873e-01,1.614512642845511436e-03,5.000000000000000000e-01,2.469052970409393311e-01,4.201144278049468994e-01,-1.188206434249877930e+00,1.490000009536743164e+00,-4.534187614917755127e-01,-6.745072007179260254e-01,-9.527947902679443359e-01,3.747272491455078125e-01
1.246663689613342285e+00,-6.847373396158218384e-02,2.669681608676910400e-01,1.229227427393198013e-02,-7.199127972126007080e-02,-4.199706614017486572e-01,-9.045942425727844238e-01,0.000000000000000000e+00,0.000000000000000000e+00,3.902904987335205078e-01,-3.246771097183227539e-01,5.893392022699117661e-03,-7.896125316619873047e-01,-1.987927556037902832e-01,-5.706477761268615723e-01,2.928995192050933838e-01,-5.955771207809448242e-01,3.345025181770324707e-01,2.643595337867736816e-01,-3.240451812744140625e-01,2.321330606937408447e-01,-2.968644797801971436e-01,-6.807699799537658691e-02,5.000000000000000000e-01,1.600617170333862305e-01,4.085039198398590088e-01,-1.357159972190856934e+00,1.490000009536743164e+00,-5.621144771575927734e-01,-7.629454135894775391e-01,-9.291253089904785156e-01,4.151040017604827881e-01
1.266107320785522461e+00,-7.068323343992233276e-02,2.762863337993621826e-01,3.288899548351764679e-03,-1.057437509298324585e-01,-4.203912913799285889e-01,-9.011540412902832031e-01,0.000000000000000000e+00,0.000000000000000000e+00,2.602356970310211182e-01,-3.621897995471954346e-01,3.523540450260043144e-03,-7.170517444610595703e-01,-1.791026443243026733e-01,-5.960589647293090820e-01,2.925443649291992188e-01,-6.039851307868957520e-01,3.080650269985198975e-01,2.725135684013366699e-01,-2.793285250663757324e-01,1.555233746767044067e-01,-1.093017607927322388e-01,-1.463304907083511353e-01,5.000000000000000000e-01,8.031829446554183960e-02,4.347116649150848389e-01,-1.423104643821716309e+00,1.490000009536743164e+00,-6.511149406433105469e-01,-8.132053017616271973e-01,-8.959216475486755371e-01,4.039844870567321777e-01
1.281302213668823242e+00,-6.772753596305847168e-02,2.862233519554138184e-01,3.208593651652336121e-02,-1.322918087244033813e-01,-4.227577447891235352e-01,-8.959605097770690918e-01,0.000000000000000000e+00,0.000000000000000000e+00,1.238026693463325500e-01,-4.426598250865936279e-01,5.637910682708024979e-03,-6.863303184509277344e-01,-1.030344143509864807e-01,-5.841914415359497070e-01,1.965382695198059082e-01,-5.695777535438537598e-01,3.414069414138793945e-01,2.437944412231445312e-01,-2.684173882007598877e-01,1.261470019817352295e-01,1.710041239857673645e-02,-1.540337949991226196e-01,5.000000000000000000e-01,6.345729529857635498e-02,4.525750875473022461e-01,-1.410322427749633789e+00,1.490000009536743164e+00,-6.562433242797851562e-01,-7.958544492721557617e-01,-9.505992531776428223e-01,3.921267390251159668e-01
1.289773106575012207e+00,-6.532046198844909668e-02,2.917912900447845459e-01,6.853676587343215942e-02,-1.717051863670349121e-01,-4.342788457870483398e-01,-8.816019296646118164e-01,0.000000000000000000e+00,0.000000000000000000e+00,-5.380861088633537292e-02,-6.133217811584472656e-01,5.725708790123462677e-03,-6.891072988510131836e-01,-4.296132177114486694e-02,-6.593545675277709961e-01,1.534742116928100586e-01,-5.942578315734863281e-01,3.917797803878784180e-01,1.297049671411514282e-01,-2.889663577079772949e-01,1.616525352001190186e-01,3.603371605277061462e-02,-1.240085810422897339e-01,5.000000000000000000e-01,1.319546699523925781e-01,4.259376823902130127e-01,-1.487550497055053711e+00,1.490000009536743164e+00,-5.969872474670410156e-01,-7.727354168891906738e-01,-1.102289915084838867e+00,4.385026991367340088e-01
1.297034025192260742e+00,-6.413117051124572754e-02,2.949183583259582520e-01,1.103302240371704102e-01,-1.684783101081848145e-01,-4.393590092658996582e-01,-8.754461407661437988e-01,0.000000000000000000e+00,0.000000000000000000e+00,-8.657474815845489502e-02,-6.938414573669433594e-01,1.099670189432799816e-03,-6.391779780387878418e-01,2.496689371764659882e-02,-6.934651732444763184e-01,1.328165680170059204e-01,-5.951117277145385742e-01,4.513140022754669189e-01,1.050601601600646973e-01,-2.852712869644165039e-01,1.780943870544433594e-01,3.780091926455497742e-02,-8.577843755483627319e-02,5.000000000000000000e-01,1.606954187154769897e-01,4.415574371814727783e-01,-1.505263805389404297e+00,1.490000009536743164e+00,-5.300616621971130371e-01,-7.421824932098388672e-01,-1.180972933769226074e+00,4.825609326362609863e-01
1.303715825080871582e+00,-6.603858619928359985e-02,2.956894636154174805e-01,1.406047642230987549e-01,-1.371602416038513184e-01,-4.477699995040893555e-01,-8.723069429397583008e-01,0.000000000000000000e+00,0.000000000000000000e+00,-7.321219425648450851e-03,-6.858814954757690430e-01,5.051713436841964722e-03,-5.897333025932312012e-01,5.820934474468231201e-02,-7.006522417068481445e-01,1.905513554811477661e-01,-6.029106974601745605e-01,5.027727484703063965e-01,1.456507295370101929e-01,-2.981886267662048340e-01,1.792356669902801514e-01,5.012619122862815857e-02,-5.948150902986526489e-02,5.000000000000000000e-01,1.572864204645156860e-01,4.795337617397308350e-01,-1.498252987861633301e+00,1.490000009536743164e+00,-4.802214205265045166e-01,-6.918696761131286621e-01,-1.214920878410339355e+00,5.380783677101135254e-01
1.310228586196899414e+00,-7.152510434389114380e-02,2.930063009262084961e-01,1.510011106729507446e-01,-1.059113293886184692e-01,-4.613978862762451172e-01,-8.678095340728759766e-01,0.000000000000000000e+00,0.000000000000000000e+00,8.625599741935729980e-02,-6.540544629096984863e-01,9.781450033187866211e-03,-5.452659130096435547e-01,1.721150800585746765e-02,-7.040168642997741699e-01,2.769823074340820312e-01,-6.307591199874877930e-01,5.286821722984313965e-01,1.860827207565307617e-01,-3.272128701210021973e-01,1.760883778333663940e-01,7.576128095388412476e-02,-4.438583180308341980e-02,5.000000000000000000e-01,1.424964517354965210e-01,5.232145190238952637e-01,-1.471894383430480957e+00,1.490000009536743164e+00,-4.470057189464569092e-01,-6.459794640541076660e-01,-1.231729388236999512e+00,5.975445508956909180e-01
1.317265629768371582e+00,-7.924013584852218628e-02,2.873713672161102295e-01,1.443349421024322510e-01,-8.372009545564651489e-02,-4.821680784225463867e-01,-8.600420355796813965e-01,0.000000000000000000e+00,0.000000000000000000e+00,1.329195201396942139e-01,-6.169668436050415039e-01,6.794864311814308167e-03,-5.303587913513183594e-01,-8.916995674371719360e-02,-6.952601075172424316e-01,2.791786789894104004e-01,-6.435295939445495605e-01,5.390621423721313477e-01,2.013661414384841919e-01,-3.735416233539581299e-01,1.860948801040649414e-01,1.116024851799011230e-01,-3.358504921197891235e-02,5.000000000000000000e-01,1.350124180316925049e-01,5.515022277832031250e-01,-1.448407411575317383e+00,1.490000009536743164e+00,-4.222919940948486328e-01,-6.318511366844177246e-01,-1.242038965225219727e+00,6.647235751152038574e-01
1.325046658515930176e+00,-8.839374780654907227e-02,2.815483510494232178e-01,1.450316905975341797e-01,-7.957057654857635498e-02,-5.117854475975036621e-01,-8.430361747741699219e-01,0.000000000000000000e+00,0.000000000000000000e+00,1.552068591117858887e-01,-6.397665739059448242e-01,6.586054805666208267e-03,-5.322577357292175293e-01,-1.500550210475921631e-01,-6.435511708259582520e-01,1.790670603513717651e-01,-6.358726620674133301e-01,5.672180056571960449e-01,1.519463360309600830e-01,-4.180791974067687988e-01,1.925486624240875244e-01,1.403618901968002319e-01,-2.415260672569274902e-02,5.000000000000000000e-01,1.394938975572586060e-01,5.531024932861328125e-01,-1.441871762275695801e+00,1.490000009536743164e+00,-4.188099503517150879e-01,-6.622284650802612305e-01,-1.233720183372497559e+00,7.443373799324035645e-01
1.331849098205566406e+00,-9.603330492973327637e-02,2.781419754028320312e-01,1.387988775968551636e-01,-8.426402509212493896e-02,-5.302186012268066406e-01,-8.321674466133117676e-01,0.000000000000000000e+00,0.000000000000000000e+00,1.546054780483245850e-01,-6.662693619728088379e-01,6.786939688026905060e-03,-5.312172770500183105e-01,-1.515803486108779907e-01,-5.691989064216613770e-01,1.194921880960464478e-01,-6.421782970428466797e-01,5.788625478744506836e-01,1.222519725561141968e-01,-4.161490201950073242e-01,1.609598845243453979e-01,1.554875671863555908e-01,-5.767342168837785721e-03,5.000000000000000000e-01,1.210035681724548340e-01,5.366888642311096191e-01,-1.463434576988220215e+00,1.490000009536743164e+00,-4.650539457798004150e-01,-7.273472547531127930e-01,-1.195028305053710938e+00,8.461937308311462402e-01
1.338409662246704102e+00,-1.020620465278625488e-01,2.774299383163452148e-01,1.294867545366287231e-01,-8.608428388833999634e-02,-5.420919060707092285e-01,-8.258081078529357910e-01,0.000000000000000000e+00,0.000000000000000000e+00,1.635154187679290771e-01,-6.813107132911682129e-01,4.082929342985153198e-03,-5.227676630020141602e-01,-1.267829090356826782e-01,-5.236151814460754395e-01,9.579291194677352905e-02,-6.225796937942504883e-01,5.881942510604858398e-01,1.467528790235519409e-01,-3.819998800754547119e-01,4.449592903256416321e-03,1.881573796272277832e-01,3.912256658077239990e-02,4.932382702827453613e-01,2.885811030864715576e-02,5.311797261238098145e-01,-1.471718311309814453e+00,1.490000009536743164e+00,-5.970640778541564941e-01,-8.269219398498535156e-01,-1.055516839027404785e+00,9.066361188888549805e-01
1.344225287437438965e+00,-1.072361841797828674e-01,2.782661616802215576e-01,1.215595826506614685e-01,-8.849616348743438721e-02,-5.570878982543945312e-01,-8.167281150817871094e-01,0.000000000000000000e+00,0.000000000000000000e+00,1.691700518131256104e-01,-6.988452672958374023e-01,4.944905640513752587e-07,-5.022032856941223145e-01,-1.219738051295280457e-01,-5.231479406356811523e-01,9.493439644575119019e-02,-5.826685428619384766e-01,5.765544772148132324e-01,1.866440773010253906e-01,-3.612649738788604736e-01,-1.861670613288879395e-01,2.407612800598144531e-01,1.551571786403656006e-01,3.800500929355621338e-01,-8.830364793539047241e-02,5.558097958564758301e-01,-1.480469703674316406e+00,1.490000009536743164e+00,-6.976019740104675293e-01,-8.990305662155151367e-01,-9.525615572929382324e-01,9.160087108612060547e-01
1.349064350128173828e+00,-1.118886917829513550e-01,2.797679901123046875e-01,1.131163984537124634e-01,-8.068862557411193848e-02,-5.731662511825561523e-01,-8.075731992721557617e-01,0.000000000000000000e+00,0.000000000000000000e+00,1.961512267589569092e-01,-6.926345229148864746e-01,4.863299895077943802e-03,-4.659498929977416992e-01,-1.187559291720390320e-01,-5.286873579025268555e-01,1.386625021696090698e-01,-5.250216126441955566e-01,5.398809313774108887e-01,2.624836564064025879e-01,-3.478866219520568848e-01,-3.547576069831848145e-01,2.328720539808273315e-01,2.497495263814926147e-01,2.267691045999526978e-01,-2.259181588888168335e-01,6.243312954902648926e-01,-1.467105984687805176e+00,1.490000009536743164e+00,-7.712358236312866211e-01,-9.477643966674804688e-01,-8.372682332992553711e-01,8.697710633277893066e-01
1.351009726524353027e+00,-1.161097362637519836e-01,2.809515893459320068e-01,1.092382371425628662e-01,-6.862234324216842651e-02,-5.917869806289672852e-01,-7.957047820091247559e-01,0.000000000000000000e+00,0.000000000000000000e+00,2.485590726137161255e-01,-6.085608005523681641e-01,5.495992489159107208e-03,-4.495345354080200195e-01,-1.098650395870208740e-01,-5.139117836952209473e-01,1.637880951166152954e-01,-4.830596446990966797e-01,5.042562484741210938e-01,3.165174126625061035e-01,-3.628441989421844482e-01,-4.949334859848022461e-01,2.089360803365707397e-01,2.638936340808868408e-01,1.888851374387741089e-01,-3.346985578536987305e-01,6.860160827636718750e-01,-1.455061912536621094e+00,1.490000009536743164e+00,-7.880557179450988770e-01,-9.438329935073852539e-01,-7.674152851104736328e-01,7.763502597808837891e-01
1.348167061805725098e+00,-1.207477524876594543e-01,2.800552845001220703e-01,1.158895269036293030e-01,-5.376456305384635925e-02,-6.068904399871826172e-01,-7.844507694244384766e-01,0.000000000000000000e+00,0.000000000000000000e+00,3.068357110023498535e-01,-5.376426577568054199e-01,4.149014130234718323e-03,-4.868088960647583008e-01,-9.034622460603713989e-02,-5.124562978744506836e-01,1.774898320436477661e-01,-4.747897088527679443e-01,4.697926044464111328e-01,3.360172808170318604e-01,-3.794891834259033203e-01,-5.731000900268554688e-01,2.287000864744186401e-01,2.644262909889221191e-01,2.356306165456771851e-01,-4.197231829166412354e-01,7.489883303642272949e-01,-1.424756884574890137e+00,1.490000009536743164e+00,-7.730661630630493164e-01,-8.965089321136474609e-01,-7.144805788993835449e-01,7.045852541923522949e-01
1.341668963432312012e+00,-1.259658038616180420e-01,2.779521644115447998e-01,1.283427476882934570e-01,-3.526887297630310059e-02,-6.184818148612976074e-01,-7.744446396827697754e-01,0.000000000000000000e+00,0.000000000000000000e+00,3.362578451633453369e-01,-5.294693708419799805e-01,2.851307624951004982e-03,-5.392088294029235840e-01,-6.283674389123916626e-02,-5.239104032516479492e-01,2.014171928167343140e-01,-4.833813011646270752e-01,4.333374202251434326e-01,3.400000035762786865e-01,-3.776894807815551758e-01,-5.799571275711059570e-01,2.847361564636230469e-01,2.510126829147338867e-01,2.415231466293334961e-01,-4.629882574081420898e-01,7.911764383316040039e-01,-1.438146471977233887e+00,1.490000009536743164e+00,-7.452461123466491699e-01,-8.345180749893188477e-01,-6.533862352371215820e-01,6.523615121841430664e-01
1.334192514419555664e+00,-1.318688094615936279e-01,2.762235999107360840e-01,1.380379348993301392e-01,-2.279626391828060150e-02,-6.294896602630615234e-01,-7.643092870712280273e-01,0.000000000000000000e+00,0.000000000000000000e+00,3.270126283168792725e-01,-5.552656054496765137e-01,4.762239288538694382e-03,-5.887767672538757324e-01,-5.035045370459556580e-02,-5.437457561492919922e-01,2.114347815513610840e-01,-4.904237091541290283e-01,3.823741674423217773e-01,3.400000035762786865e-01,-3.607875108718872070e-01,-5.799999833106994629e-01,3.612053990364074707e-01,2.357263416051864624e-01,2.769395112991333008e-01,-5.017572045326232910e-01,8.088492155075073242e-01,-1.462110638618469238e+00,1.490000009536743164e+00,-7.235771417617797852e-01,-7.907270789146423340e-01,-5.750055909156799316e-01,6.111489534378051758e-01
1.325969815254211426e+00,-1.380377262830734253e-01,2.759333550930023193e-01,1.347036361694335938e-01,-2.368197590112686157e-02,-6.506803631782531738e-01,-7.469331622123718262e-01,0.000000000000000000e+00,0.000000000000000000e+00,2.338375300168991089e-01,-5.828415155410766602e-01,1.965282019227743149e-03,-6.165697574615478516e-01,-6.819178909063339233e-02,-5.715292692184448242e-01,2.445786744356155396e-01,-5.302151441574096680e-01,2.978246212005615234e-01,3.400000035762786865e-01,-3.414350748062133789e-01,-5.791651010513305664e-01,3.931611776351928711e-01,2.405275702476501465e-01,3.105864226818084717e-01,-4.559563994407653809e-01,7.311604022979736328e-01,-1.521502971649169922e+00,1.489583611488342285e+00,-6.754419803619384766e-01,-7.494384050369262695e-01,-5.310243964195251465e-01,6.639456152915954590e-01
1.320030450820922852e+00,-1.434044837951660156e-01,2.752004861831665039e-01,1.281642317771911621e-01,-1.987273246049880981e-02,-6.595214009284973145e-01,-7.404124140739440918e-01,0.000000000000000000e+00,0.000000000000000000e+00,1.872555464506149292e-01,-5.984198451042175293e-01,4.506257828325033188e-03,-6.321183443069458008e-01,-9.787782281637191772e-02,-5.967204570770263672e-01,2.940337359905242920e-01,-6.136153340339660645e-01,2.177316695451736450e-01,3.400000035762786865e-01,-2.920161783695220947e-01,-5.652517676353454590e-01,3.985810577869415283e-01,2.470193356275558472e-01,3.598060607910156250e-01,-4.226337075233459473e-01,7.058012485504150391e-01,-1.597836613655090332e+00,1.489108562469482422e+00,-6.211251616477966309e-01,-7.419133186340332031e-01,-4.844118654727935791e-01,8.495134115219116211e-01
1.315929293632507324e+00,-1.476904600858688354e-01,2.752012312412261963e-01,1.264271438121795654e-01,-1.556479837745428085e-02,-6.649132370948791504e-01,-7.359784245491027832e-01,0.000000000000000000e+00,0.000000000000000000e+00,1.672975718975067139e-01,-6.162500381469726562e-01,6.582547444850206375e-03,-6.425645947456359863e-01,-1.106169819831848145e-01,-6.146148443222045898e-01,3.191981017589569092e-01,-6.884562969207763672e-01,1.483160406351089478e-01,3.400000035762786865e-01,-1.708250939846038818e-01,-5.008131265640258789e-01,3.870174586772918701e-01,2.476262003183364868e-01,4.320519268512725830e-01,-3.416737318038940430e-01,5.541326403617858887e-01,-1.683807015419006348e+00,1.489091873168945312e+00,-5.805896520614624023e-01,-7.920119166374206543e-01,-3.817783296108245850e-01,1.077132463455200195e+00
1.313548088073730469e+00,-1.499014794826507568e-01,2.758299708366394043e-01,1.259414404630661011e-01,-8.713792078197002411e-03,-6.664338111877441406e-01,-7.347984313964843750e-01,0.000000000000000000e+00,0.000000000000000000e+00,1.644590944051742554e-01,-6.238922476768493652e-01,8.026569150388240814e-03,-6.475110054016113281e-01,-1.137890741229057312e-01,-6.134015321731567383e-01,3.218647837638854980e-01,-7.513126134872436523e-01,1.232349723577499390e-01,3.400000035762786865e-01,-2.479843795299530029e-02,-3.640961050987243652e-01,3.511598706245422363e-01,2.555685937404632568e-01,4.851861298084259033e-01,-2.239119261503219604e-01,3.492005467414855957e-01,-1.760901451110839844e+00,1.488965272903442383e+00,-5.393102169036865234e-01,-8.798757791519165039e-01,-2.601068615913391113e-01,1.327689766883850098e+00
1.312221288681030273e+00,-1.508620232343673706e-01,2.768067717552185059e-01,1.285704672336578369e-01,5.024343729019165039e-03,-6.624530553817749023e-01,-7.379704713821411133e-01,0.000000000000000000e+00,0.000000000000000000e+00,1.775704622268676758e-01,-6.049666404724121094e-01,1.712254132144153118e-03,-6.709305047988891602e-01,-9.155816584825515747e-02,-5.880946516990661621e-01,3.357497453689575195e-01,-8.578076958656311035e-01,1.295640468597412109e-01,3.399585485458374023e-01,1.194503679871559143e-01,-1.592866331338882446e-01,3.110910952091217041e-01,2.707314491271972656e-01,4.852983355522155762e-01,-1.278039366006851196e-01,1.974260807037353516e-01,-1.819874048233032227e+00,1.489941596984863281e+00,-4.596467912197113037e-01,-9.240502119064331055e-01,-1.782879382371902466e-01,1.489953279495239258e+00
1.309993386268615723e+00,-1.546179056167602539e-01,2.791663110256195068e-01,1.328300237655639648e-01,2.010653913021087646e-02,-6.657548546791076660e-01,-7.339770793914794922e-01,0.000000000000000000e+00,0.000000000000000000e+00,1.997471898794174194e-01,-6.105472445487976074e-01,1.178215170511975884e-04,-6.881758570671081543e-01,-7.465022802352905273e-02,-5.129851102828979492e-01,2.167752385139465332e-01,-9.444244503974914551e-01,1.370554119348526001e-01,3.394691944122314453e-01,1.465649008750915527e-01,-1.788099482655525208e-02,3.431387543678283691e-01,2.919883430004119873e-01,4.102884232997894287e-01,-1.016400381922721863e-01,2.386270314455032349e-01,-1.819896697998046875e+00,1.386153459548950195e+00,-3.594971299171447754e-01,-8.316260576248168945e-01,-3.043385744094848633e-01,1.489965677261352539e+00
1.308625698089599609e+00,-1.619335412979125977e-01,2.822560369968414307e-01,1.314605027437210083e-01,1.414815895259380341e-02,-6.725100278854370117e-01,-7.281814813613891602e-01,0.000000000000000000e+00,0.000000000000000000e+00,1.738563477993011475e-01,-6.552827358245849609e-01,4.498618000070564449e-05,-6.413685083389282227e-01,-9.952101111412048340e-02,-5.184927582740783691e-01,1.094123125076293945e-01,-8.051403760910034180e-01,8.333031833171844482e-02,3.400000035762786865e-01,1.311839073896408081e-01,-1.192207783460617065e-01,3.794078230857849121e-01,2.884151339530944824e-01,4.003514349460601807e-01,-2.502560317516326904e-01,3.322879970073699951e-01,-1.633725166320800781e+00,1.119495749473571777e+00,-2.470321953296661377e-01,-6.815082430839538574e-01,-6.315134763717651367e-01,1.487841010093688965e+00
1.310156106948852539e+00,-1.677599400281906128e-01,2.820658087730407715e-01,1.192535832524299622e-01,1.010954938828945160e-02,-6.753328442573547363e-01,-7.277375459671020508e-01,0.000000000000000000e+00,0.000000000000000000e+00,1.541869044303894043e-01,-6.671840548515319824e-01,-4.033637896454595010e-18,-5.919870138168334961e-01,-1.220134943723678589e-01,-5.747681260108947754e-01,1.357097029685974121e-01,-5.376170277595520020e-01,1.655939035117626190e-02,3.400000035762786865e-01,2.005616128444671631e-01,-2.439506798982620239e-01,3.468305766582489014e-01,1.874693930149078369e-01,4.566913545131683350e-01,-2.692400515079498291e-01,2.899558842182159424e-01,-1.549041152000427246e+00,7.030102014541625977e-01,-1.034979224205017090e-01,-5.685346722602844238e-01,-7.965043187141418457e-01,1.489979863166809082e+00
1.312080144882202148e+00,-1.752253472805023193e-01,2.794635891914367676e-01,1.062901988625526428e-01,-2.367857657372951508e-02,-6.954926252365112305e-01,-7.102335691452026367e-01,0.000000000000000000e+00,0.000000000000000000e+00,9.144066274166107178e-02,-7.062940597534179688e-01,3.295747708713910184e-18,-5.801156163215637207e-01,-1.942473053932189941e-01,-6.638388037681579590e-01,1.470360308885574341e-01,-2.667061090469360352e-01,-2.816350199282169342e-02,3.400000035762786865e-01,1.232290863990783691e-01,-4.028193652629852295e-01,3.188377022743225098e-01,1.041979193687438965e-01,4.906876385211944580e-01,-4.054133594036102295e-01,2.686984539031982422e-01,-1.423365116119384766e+00,2.641977369785308838e-01,-1.405069082975387573e-01,-5.330374240875244141e-01,-7.157762646675109863e-01,1.490000009536743164e+00
1.316370368003845215e+00,-1.830926835536956787e-01,2.740070521831512451e-01,8.537852764129638672e-02,-2.122011780738830566e-02,-7.046864628791809082e-01,-7.040434479713439941e-01,0.000000000000000000e+00,0.000000000000000000e+00,7.505801320075988770e-02,-7.039628624916076660e-01,-1.269384336988669569e-18,-5.846801400184631348e-01,-2.155003994703292847e-01,-6.852173209190368652e-01,2.263062000274658203e-01,-1.854992806911468506e-01,-3.875957056879997253e-02,3.400000035762786865e-01,1.152181401848793030e-01,-4.544692337512969971e-01,3.072245419025421143e-01,6.918244808912277222e-02,4.998877346515655518e-01,-3.909741640090942383e-01,2.162363827228546143e-01,-1.367039442062377930e+00,5.675095692276954651e-02,-1.266669929027557373e-01,-5.264272689819335938e-01,-6.726382970809936523e-01,1.490000009536743164e+00
1.321958899497985840e+00,-1.929166615009307861e-01,2.679246664047241211e-01,6.300211697816848755e-02,-2.511698286980390549e-03,-7.135879993438720703e-01,-6.977224349975585938e-01,0.000000000000000000e+00,0.000000000000000000e+00,8.240443468093872070e-02,-6.961050629615783691e-01,-4.891681444842588700e-18,-5.774741172790527344e-01,-2.169009596109390259e-01,-6.926274299621582031e-01,3.253282010555267334e-01,-1.882492452859878540e-01,-4.164952784776687622e-02,3.400000035762786865e-01,1.283798217773437500e-01,-4.701516926288604736e-01,3.209109008312225342e-01,8.267287164926528931e-02,4.522088170051574707e-01,-3.416182696819305420e-01,1.633853912353515625e-01,-1.322014451026916504e+00,4.132676403969526291e-03,-8.314310014247894287e-02,-5.052465796470642090e-01,-6.786659955978393555e-01,1.490000009536743164e+00
1.328257322311401367e+00,-2.036281675100326538e-01,2.623951137065887451e-01,3.830073773860931396e-02,2.624557167291641235e-02,-7.197840809822082520e-01,-6.926435232162475586e-01,0.000000000000000000e+00,0.000000000000000000e+00,1.037546992301940918e-01,-6.831358075141906738e-01,4.660184960812330246e-03,-5.644208192825317383e-01,-2.081296443939208984e-01,-6.924381852149963379e-01,4.277037680149078369e-01,-2.109287232160568237e-01,-6.101111695170402527e-02,3.400000035762786865e-01,1.600270867347717285e-01,-4.485029578208923340e-01,3.447311222553253174e-01,1.076513230800628662e-01,3.600603342056274414e-01,-2.868276238441467285e-01,1.346477419137954712e-01,-1.259923577308654785e+00,-1.238323282450437546e-02,-5.817906185984611511e-02,-3.650041222572326660e-01,-7.258314490318298340e-01,1.490000009536743164e+00
1.334535121917724609e+00,-2.149615436792373657e-01,2.576630711555480957e-01,9.642637334764003754e-03,5.307821184396743774e-02,-7.201185226440429688e-01,-6.917507052421569824e-01,0.000000000000000000e+00,0.000000000000000000e+00,1.203382685780525208e-01,-6.689414381980895996e-01,1.307322643697261810e-02,-5.409796237945556641e-01,-2.047541886568069458e-01,-6.803690195083618164e-01,5.050813555717468262e-01,-2.490716427564620972e-01,-8.012667298316955566e-02,3.400000035762786865e-01,1.963649839162826538e-01,-3.902926445007324219e-01,3.338097929954528809e-01,9.848784655332565308e-02,2.867134511470794678e-01,-2.419945001602172852e-01,1.076853051781654358e-01,-1.182779073715209961e+00,-8.930289186537265778e-03,-1.032924726605415344e-01,-1.418817788362503052e-01,-7.472301125526428223e-01,1.490000009536743164e+00
1.340734362602233887e+00,-2.259103804826736450e-01,2.532395422458648682e-01,-1.902809180319309235e-02,7.465450465679168701e-02,-7.173759937286376953e-01,-6.924133896827697754e-01,0.000000000000000000e+00,0.000000000000000000e+00,1.313002705574035645e-01,-6.576856970787048340e-01,2.011004835367202759e-02,-5.055846571922302246e-01,-2.070089876651763916e-01,-6.538051962852478027e-01,5.561062097549438477e-01,-3.138632774353027344e-01,-8.215061575174331665e-02,3.400000035762786865e-01,2.031056880950927734e-01,-3.248569667339324951e-01,2.803972363471984863e-01,2.969199558719992638e-03,3.228355348110198975e-01,-2.018934041261672974e-01,7.851874083280563354e-02,-1.096598148345947266e+00,-8.192325010895729065e-03,-2.179967164993286133e-01,1.219296753406524658e-01,-6.954927444458007812e-01,1.490000009536743164e+00
1.345480322837829590e+00,-2.346698343753814697e-01,2.502770423889160156e-01,-4.326867684721946716e-02,8.962882310152053833e-02,-7.144467234611511230e-01,-6.925751566886901855e-01,0.000000000000000000e+00,0.000000000000000000e+00,1.405852586030960083e-01,-6.505156755447387695e-01,2.460835129022598267e-02,-4.592157304286956787e-01,-2.101768702268600464e-01,-6.283735632896423340e-01,5.927383899688720703e-01,-3.888109624385833740e-01,-1.201506704092025757e-02,3.400000035762786865e-01,1.849889308214187622e-01,-2.661679089069366455e-01,1.820312589406967163e-01,-9.198494255542755127e-02,4.904968738555908203e-01,-1.447262465953826904e-01,-2.324414998292922974e-02,-1.020766258239746094e+00,-3.809011774137616158e-03,-2.816725671291351318e-01,1.800000071525573730e-01,-6.688359975814819336e-01,1.490000009536743164e+00
1.349513053894042969e+00,-2.417452931404113770e-01,2.498783171176910400e-01,-6.042491272091865540e-02,1.017111465334892273e-01,-7.108153700828552246e-01,-6.933578848838806152e-01,0.000000000000000000e+00,0.000000000000000000e+00,1.543136537075042725e-01,-6.455503702163696289e-01,2.545910701155662537e-02,-4.077817499637603760e-01,-2.060558497905731201e-01,-6.071101427078247070e-01,6.005435585975646973e-01,-4.427209794521331787e-01,7.689652591943740845e-02,3.400000035762786865e-01,1.731064021587371826e-01,-1.449257135391235352e-01,1.391663104295730591e-01,-1.305526793003082275e-01,5.000000000000000000e-01,-1.528491266071796417e-02,-1.321857273578643799e-01,-1.009045004844665527e+00,3.807055531069636345e-03,-2.568834722042083740e-01,1.800000071525573730e-01,-7.162346243858337402e-01,1.490000009536743164e+00
1.352807760238647461e+00,-2.472808510065078735e-01,2.516887187957763672e-01,-6.958925724029541016e-02,1.099092960357666016e-01,-7.049102187156677246e-01,-6.972652673721313477e-01,0.000000000000000000e+00,0.000000000000000000e+00,1.722246408462524414e-01,-6.471856236457824707e-01,2.441653609275817871e-02,-3.545360863208770752e-01,-1.910008788108825684e-01,-5.998604297637939453e-01,5.885366797447204590e-01,-4.755043983459472656e-01,1.554177999496459961e-01,3.400000035762786865e-01,1.444421857595443726e-01,-1.373076997697353363e-02,1.580313742160797119e-01,-1.358079016208648682e-01,5.000000000000000000e-01,1.678117811679840088e-01,-1.374319642782211304e-01,-1.068397045135498047e+00,-1.144233811646699905e-02,-2.006964534521102905e-01,1.800000071525573730e-01,-7.671790719032287598e-01,1.490000009536743164e+00
1.354965209960937500e+00,-2.496041506528854370e-01,2.549711465835571289e-01,-7.171236723661422729e-02,1.148398816585540771e-01,-6.964386701583862305e-01,-7.047285437583923340e-01,0.000000000000000000e+00,0.000000000000000000e+00,1.952632814645767212e-01,-6.467148065567016602e-01,2.262235246598720551e-02,-3.054963052272796631e-01,-1.691773980855941772e-01,-6.081780195236206055e-01,5.791279673576354980e-01,-4.781521260738372803e-01,2.116781771183013916e-01,3.400000035762786865e-01,1.158702149987220764e-01,9.057964384555816650e-02,1.646484881639480591e-01,-1.833541542291641235e-01,5.000000000000000000e-01,3.661127090454101562e-01,-7.565088570117950439e-02,-1.103578686714172363e+00,-1.768976263701915741e-02,-7.458339631557464600e-02,1.800000071525573730e-01,-8.998914361000061035e-01,1.490000009536743164e+00
1.355436086654663086e+00,-2.499527037143707275e-01,2.588448524475097656e-01,-7.174970209598541260e-02,1.131678074598312378e-01,-6.874672174453735352e-01,-7.137463688850402832e-01,0.000000000000000000e+00,0.000000000000000000e+00,2.071186602115631104e-01,-6.473237872123718262e-01,2.137993834912776947e-02,-2.660202682018280029e-01,-1.583685278892517090e-01,-6.138249039649963379e-01,5.532462000846862793e-01,-4.671325683593750000e-01,2.674380540847778320e-01,3.400000035762786865e-01,9.022192656993865967e-02,1.716096699237823486e-01,1.567732244729995728e-01,-2.372796237468719482e-01,5.000000000000000000e-01,4.839017689228057861e-01,-7.177251577377319336e-02,-9.644612669944763184e-01,-1.345380768179893494e-02,6.094430759549140930e-02,1.204703748226165771e-01,-1.017144680023193359e+00,1.490000009536743164e+00
1.353960394859313965e+00,-2.502620220184326172e-01,2.630159556865692139e-01,-7.211893796920776367e-02,1.014807894825935364e-01,-6.853978633880615234e-01,-7.174470424652099609e-01,0.000000000000000000e+00,0.000000000000000000e+00,1.827157437801361084e-01,-6.637774109840393066e-01,1.993261277675628662e-02,-2.185288518667221069e-01,-1.734658181667327881e-01,-6.010000109672546387e-01,4.682173132896423340e-01,-4.301348924636840820e-01,3.209786415100097656e-01,3.400000035762786865e-01,4.590790718793869019e-02,1.885611414909362793e-01,1.314691752195358276e-01,-2.704113721847534180e-01,5.000000000000000000e-01,4.833043217658996582e-01,-1.446643620729446411e-01,-7.984010577201843262e-01,-8.744739927351474762e-03,1.478307545185089111e-01,1.365085918223485351e-04,-1.045011401176452637e+00,1.490000009536743164e+00
1.351964235305786133e+00,-2.506253123283386230e-01,2.672850787639617920e-01,-7.714856415987014771e-02,8.633700013160705566e-02,-6.896127462387084961e-01,-7.148624062538146973e-01,0.000000000000000000e+00,0.000000000000000000e+00,1.367350816726684570e-01,-6.712893247604370117e-01,1.744674332439899445e-02,-1.725475043058395386e-01,-2.115747630596160889e-01,-5.688084363937377930e-01,3.655747473239898682e-01,-3.712860643863677979e-01,2.911814153194427490e-01,3.400000035762786865e-01,2.678877860307693481e-02,1.821600198745727539e-01,1.244472935795783997e-01,-3.675760626792907715e-01,5.000000000000000000e-01,4.691434800624847412e-01,-1.623962074518203735e-01,-7.863184809684753418e-01,-7.211650256067514420e-03,2.175886929035186768e-01,-1.977210305631160736e-02,-9.772616028785705566e-01,1.445976257324218750e+00
1.351938605308532715e+00,-2.507315874099731445e-01,2.724197208881378174e-01,-8.287490159273147583e-02,6.644681096076965332e-02,-6.967687606811523438e-01,-7.093869447708129883e-01,0.000000000000000000e+00,0.000000000000000000e+00,1.073246747255325317e-01,-6.408023834228515625e-01,2.868947573006153107e-02,-1.331833004951477051e-01,-2.417569309473037720e-01,-5.575829744338989258e-01,3.086147904396057129e-01,-3.179436028003692627e-01,2.039486616849899292e-01,3.400000035762786865e-01,2.327999472618103027e-02,1.909096240997314453e-01,1.254169791936874390e-01,-4.873015284538269043e-01,4.999944567680358887e-01,4.790275990962982178e-01,-1.190092489123344421e-01,-8.350622057914733887e-01,-9.477668441832065582e-03,2.677231132984161377e-01,6.196140125393867493e-02,-8.283507227897644043e-01,1.357490181922912598e+00
1.352145671844482422e+00,-2.494219839572906494e-01,2.780860662460327148e-01,-8.812970668077468872e-02,3.272148966789245605e-02,-7.109369635581970215e-01,-6.969441175460815430e-01,0.000000000000000000e+00,0.000000000000000000e+00,7.069927453994750977e-02,-5.127860307693481445e-01,3.539598733186721802e-02,-1.729618906974792480e-01,-2.952506244182586670e-01,-5.414369106292724609e-01,2.289752215147018433e-01,-2.892710566520690918e-01,9.040912240743637085e-02,3.206430673599243164e-01,-9.501946158707141876e-03,2.051365524530410767e-01,1.195368319749832153e-01,-5.943610668182373047e-01,4.752826392650604248e-01,4.982329905033111572e-01,-5.436910316348075867e-02,-8.847778439521789551e-01,-9.995996020734310150e-03,2.802751958370208740e-01,1.131518781185150146e-01,-6.565691828727722168e-01,1.489187002182006836e+00
1.351511359214782715e+00,-2.488458603620529175e-01,2.839308083057403564e-01,-7.875335216522216797e-02,1.957672834396362305e-02,-7.247784137725830078e-01,-6.841863393783569336e-01,0.000000000000000000e+00,0.000000000000000000e+00,1.190216839313507080e-01,-4.263869225978851318e-01,2.581935226917266846e-01,-2.993164658546447754e-01,-3.017427027225494385e-01,-5.162500739097595215e-01,1.506443917751312256e-01,-2.570790648460388184e-01,3.343057259917259216e-02,3.012795448303222656e-01,-4.724550619721412659e-02,2.571229338645935059e-01,9.265933930873870850e-02,-6.625336408615112305e-01,4.461536109447479248e-01,5.149958729743957520e-01,6.870243232697248459e-03,-9.217563271522521973e-01,-9.364622645080089569e-03,3.714592158794403076e-01,8.149438351392745972e-02,-7.796546220779418945e-01,1.490000009536743164e+00
1.349802851676940918e+00,-2.498621046543121338e-01,2.880237698554992676e-01,-5.917261540889739990e-02,2.975791133940219879e-02,-7.360696196556091309e-01,-6.736575961112976074e-01,0.000000000000000000e+00,0.000000000000000000e+00,2.595583200454711914e-01,-2.799719870090484619e-01,4.018162190914154053e-01,-4.474634826183319092e-01,-2.674735784530639648e-01,-4.742552936077117920e-01,5.693726986646652222e-02,-2.100740671157836914e-01,3.703364357352256775e-02,2.974955141544342041e-01,-8.003486692905426025e-02,3.096746802330017090e-01,6.253158301115036011e-02,-6.916654706001281738e-01,4.510744214057922363e-01,5.157415270805358887e-01,6.080057471990585327e-02,-9.434692263603210449e-01,-9.230694733560085297e-03,4.914718270301818848e-01,2.868513576686382294e-03,-1.122277140617370605e+00,1.490000009536743164e+00
1.346402883529663086e+00,-2.531175315380096436e-01,2.891305983066558838e-01,-3.778063878417015076e-02,5.604700371623039246e-02,-7.380641698837280273e-01,-6.713364720344543457e-01,0.000000000000000000e+00,0.000000000000000000e+00,4.296008646488189697e-01,-6.663841009140014648e-02,3.234944641590118408e-01,-5.695090293884277344e-01,-2.067860811948776245e-01,-4.694949984550476074e-01,3.638474270701408386e-02,-1.534567624330520630e-01,7.324384897947311401e-02,3.032529652118682861e-01,-1.336863785982131958e-01,3.471757769584655762e-01,5.828676372766494751e-02,-6.226433515548706055e-01,4.825252890586853027e-01,5.176352858543395996e-01,1.180537119507789612e-01,-9.356406927108764648e-01,-8.520470000803470612e-03,4.631638526916503906e-01,-4.331196844577789307e-02,-1.254957079887390137e+00,1.489770650863647461e+00
1.342422366142272949e+00,-2.602081596851348877e-01,2.887372672557830811e-01,-2.529251575469970703e-02,8.788309246301651001e-02,-7.315436601638793945e-01,-6.756335496902465820e-01,0.000000000000000000e+00,0.000000000000000000e+00,5.606850385665893555e-01,1.561812907457351685e-01,8.841081708669662476e-02,-6.481242179870605469e-01,-1.484094113111495972e-01,-4.784045219421386719e-01,3.480437397956848145e-02,-1.046717390418052673e-01,1.219456493854522705e-01,3.194289803504943848e-01,-1.940256059169769287e-01,3.860354721546173096e-01,8.183259516954421997e-02,-4.779292345046997070e-01,5.000000000000000000e-01,4.997663795948028564e-01,1.652606427669525146e-01,-8.819431662559509277e-01,-8.555120788514614105e-03,3.597715198993682861e-01,-7.929073274135589600e-02,-1.211827158927917480e+00,1.215348005294799805e+00
1.339742183685302734e+00,-2.694133818149566650e-01,2.870849967002868652e-01,-2.191924676299095154e-02,1.094641461968421936e-01,-7.223311662673950195e-01,-6.824769973754882812e-01,0.000000000000000000e+00,0.000000000000000000e+00,6.082215309143066406e-01,2.208665758371353149e-01,2.026597596704959869e-02,-7.379924058914184570e-01,-1.099028289318084717e-01,-4.952507019042968750e-01,3.196287155151367188e-02,-7.922505587339401245e-02,1.745950430631637573e-01,3.322742879390716553e-01,-2.386930584907531738e-01,4.241071939468383789e-01,9.143597632646560669e-02,-3.493813276290893555e-01,5.000000000000000000e-01,4.578745067119598389e-01,1.871554702520370483e-01,-8.085684776306152344e-01,-1.144562568515539169e-02,2.553374171257019043e-01,-1.734413057565689087e-01,-1.029424428939819336e+00,8.334522247314453125e-01
1.338920354843139648e+00,-2.785441279411315918e-01,2.859171330928802490e-01,-2.273413352668285370e-02,1.209177896380424500e-01,-7.100902795791625977e-01,-6.932775974273681641e-01,0.000000000000000000e+00,0.000000000000000000e+00,6.240935921669006348e-01,2.060307413339614868e-01,5.552198365330696106e-02,-7.859031558036804199e-01,-8.090829104185104370e-02,-5.253697037696838379e-01,2.850266918540000916e-02,-5.931690707802772522e-02,2.126240134239196777e-01,3.400000035762786865e-01,-2.756770253181457520e-01,4.248676598072052002e-01,1.085190474987030029e-01,-2.015750855207443237e-01,5.000000000000000000e-01,3.935954570770263672e-01,2.065086513757705688e-01,-7.125684022903442383e-01,-1.242727879434823990e-02,1.959599554538726807e-01,-1.908505409955978394e-01,-8.216634392738342285e-01,5.272809267044067383e-01
1.338362932205200195e+00,-2.877149283885955811e-01,2.852470874786376953e-01,-2.319418638944625854e-02,1.278657764196395874e-01,-6.963831782341003418e-01,-7.058064937591552734e-01,0.000000000000000000e+00,0.000000000000000000e+00,6.259500980377197266e-01,2.006423473358154297e-01,6.924869865179061890e-02,-8.231312632560729980e-01,-5.680883303284645081e-02,-5.639430880546569824e-01,2.427335456013679504e-02,-3.178907930850982666e-02,2.358132153749465942e-01,3.400000035762786865e-01,-2.886772155761718750e-01,4.077727794647216797e-01,1.074835881590843201e-01,-2.730726636946201324e-02,5.000000000000000000e-01,3.428526520729064941e-01,2.255833148956298828e-01,-6.451740264892578125e-01,-1.293532829731702805e-02,1.881810128688812256e-01,-1.568247377872467041e-01,-7.394179701805114746e-01,2.801482081413269043e-01
1.337384223937988281e+00,-2.949987351894378662e-01,2.843327522277832031e-01,-2.391238324344158173e-02,1.340775489807128906e-01,-6.814803481101989746e-01,-7.190521359443664551e-01,0.000000000000000000e+00,0.000000000000000000e+00,6.242247819900512695e-01,2.111554443836212158e-01,8.069255203008651733e-02,-9.081699848175048828e-01,-4.001023247838020325e-02,-5.927334427833557129e-01,2.321058325469493866e-02,-3.438363550230860710e-03,2.412978708744049072e-01,3.400000035762786865e-01,-2.745125293731689453e-01,3.860393762588500977e-01,1.309525370597839355e-01,1.233726963400840759e-01,5.000000000000000000e-01,3.079367876052856445e-01,2.475915104150772095e-01,-5.954729914665222168e-01,-1.302784122526645660e-02,1.878246217966079712e-01,-1.183880269527435303e-01,-7.487437725067138672e-01,2.197202146053314209e-01
1.337609291076660156e+00,-2.999440133571624756e-01,2.847848832607269287e-01,-2.013460174202919006e-02,1.387500911951065063e-01,-6.684598922729492188e-01,-7.304138541221618652e-01,0.000000000000000000e+00,0.000000000000000000e+00,6.275459527969360352e-01,2.208114713430404663e-01,6.701460480690002441e-02,-9.410173296928405762e-01,-2.203042432665824890e-02,-6.011284589767456055e-01,2.462200261652469635e-02,3.952809050679206848e-02,2.324889302253723145e-01,3.400000035762786865e-01,-2.412122040987014771e-01,3.677908778190612793e-01,1.877430081367492676e-01,2.409891933202743530e-01,5.000000000000000000e-01,2.727827429771423340e-01,2.861513793468475342e-01,-5.518381595611572266e-01,-1.368044223636388779e-02,1.928190141916275024e-01,-7.540499418973922729e-02,-7.196152806282043457e-01,1.307219713926315308e-01
1.339591622352600098e+00,-3.030757308006286621e-01,2.859550714492797852e-01,-1.777967438101768494e-02,1.393191814422607422e-01,-6.608909368515014648e-01,-7.372226715087890625e-01,0.000000000000000000e+00,0.000000000000000000e+00,6.304878592491149902e-01,2.234646826982498169e-01,4.757427796721458435e-02,-9.368720054626464844e-01,-3.272177278995513916e-02,-6.186157464981079102e-01,1.712331622838973999e-01,5.335815995931625366e-02,2.010626494884490967e-01,3.400000035762786865e-01,-2.047921717166900635e-01,3.620102107524871826e-01,2.408176064491271973e-01,3.080412149429321289e-01,5.000000000000000000e-01,2.386717051267623901e-01,3.346350193023681641e-01,-5.242837667465209961e-01,-1.469943020492792130e-02,2.177806049585342407e-01,-1.219016686081886292e-02,-7.003100514411926270e-01,3.200736641883850098e-02
1.343412756919860840e+00,-3.047670423984527588e-01,2.872134447097778320e-01,-2.006770297884941101e-02,1.370098739862442017e-01,-6.570750474929809570e-01,-7.409979104995727539e-01,0.000000000000000000e+00,0.000000000000000000e+00,6.332856416702270508e-01,2.332812398672103882e-01,1.375564187765121460e-02,-9.145882129669189453e-01,-7.956265658140182495e-02,-6.247416138648986816e-01,4.527457356452941895e-01,-4.892094433307647705e-02,1.659205704927444458e-01,3.400000035762786865e-01,-1.620018333196640015e-01,3.596180975437164307e-01,2.698562741279602051e-01,3.361407220363616943e-01,5.000000000000000000e-01,2.234632074832916260e-01,3.624169826507568359e-01,-5.588659644126892090e-01,-1.590170711278915405e-02,2.396065890789031982e-01,3.634399920701980591e-02,-6.824985146522521973e-01,-1.801512762904167175e-02
1.348055958747863770e+00,-3.059805333614349365e-01,2.883326113224029541e-01,-2.400247007608413696e-02,1.349411606788635254e-01,-6.541059613227844238e-01,-7.438818216323852539e-01,0.000000000000000000e+00,0.000000000000000000e+00,6.270938515663146973e-01,2.266855090856552124e-01,1.537869684398174286e-02,-9.238311648368835449e-01,-1.585056334733963013e-01,-5.351881980895996094e-01,6.059494614601135254e-01,-1.561275869607925415e-01,1.498999446630477905e-01,3.400000035762786865e-01,-1.232153624296188354e-01,3.700370490550994873e-01,2.693431973457336426e-01,3.418136537075042725e-01,5.000000000000000000e-01,2.459636628627777100e-01,3.557853102684020996e-01,-6.917989850044250488e-01,-8.213510736823081970e-03,2.503603696823120117e-01,5.261608958244323730e-02,-6.599973440170288086e-01,-2.035295031964778900e-02
1.353025317192077637e+00,-3.063670396804809570e-01,2.889434695243835449e-01,-2.779452502727508545e-02,1.302918344736099243e-01,-6.526432037353515625e-01,-7.458608150482177734e-01,0.000000000000000000e+00,0.000000000000000000e+00,6.202557086944580078e-01,2.214642316102981567e-01,1.639129966497421265e-02,-9.201425909996032715e-01,-2.455489486455917358e-01,-3.518187105655670166e-01,5.245137214660644531e-01,-2.270253747701644897e-01,1.496642976999282837e-01,3.349840939044952393e-01,-9.332385659217834473e-02,3.781318664550781250e-01,2.475489526987075806e-01,3.399086296558380127e-01,5.000000000000000000e-01,2.979800105094909668e-01,2.945605814456939697e-01,-9.160491824150085449e-01,6.500075757503509521e-02,2.387052774429321289e-01,3.562221676111221313e-02,-6.164559125900268555e-01,-2.191414125263690948e-02
1.358726263046264648e+00,-3.051682114601135254e-01,2.887419760227203369e-01,-4.137350246310234070e-02,1.210713461041450500e-01,-6.549320816993713379e-01,-7.447777986526489258e-01,0.000000000000000000e+00,0.000000000000000000e+00,6.104028820991516113e-01,2.291607558727264404e-01,1.664681173861026764e-02,-8.614978790283203125e-01,-3.207540512084960938e-01,-1.546262651681900024e-01,3.413792252540588379e-01,-3.224605321884155273e-01,1.220448985695838928e-01,3.349013924598693848e-01,-6.726033985614776611e-02,3.982428014278411865e-01,2.259916812181472778e-01,3.313575983047485352e-01,5.000000000000000000e-01,3.575823605060577393e-01,1.789719462394714355e-01,-1.113383889198303223e+00,1.195384413003921509e-01,2.280516177415847778e-01,2.108966559171676636e-02,-5.637311935424804688e-01,-2.297488041222095490e-02
1.365379571914672852e+00,-3.040999472141265869e-01,2.886905372142791748e-01,-5.064306035637855530e-02,1.110871732234954834e-01,-6.623026132583618164e-01,-7.392226457595825195e-01,0.000000000000000000e+00,0.000000000000000000e+00,5.912857055664062500e-01,2.180078178644180298e-01,1.570336334407329559e-02,-8.316328525543212891e-01,-3.354966640472412109e-01,-1.395850628614425659e-01,3.564545214176177979e-01,-3.920565545558929443e-01,8.196829259395599365e-02,3.314158916473388672e-01,-5.976797267794609070e-02,4.198601841926574707e-01,2.256096154451370239e-01,3.222490251064300537e-01,5.000000000000000000e-01,3.709686398506164551e-01,6.957533955574035645e-02,-1.179754257202148438e+00,1.069551259279251099e-01,2.260801196098327637e-01,3.441306203603744507e-02,-5.320580601692199707e-01,-2.545673213899135590e-02
1.372859835624694824e+00,-3.021208047866821289e-01,2.898381650447845459e-01,-5.346876755356788635e-02,1.036742627620697021e-01,-6.729704737663269043e-01,-7.304131984710693359e-01,0.000000000000000000e+00,0.000000000000000000e+00,5.853714346885681152e-01,1.860492676496505737e-01,1.456232275813817978e-02,-7.841849327087402344e-01,-3.205896615982055664e-01,-1.661756485700607300e-01,4.189047217369079590e-01,-3.881246149539947510e-01,4.248570278286933899e-02,3.271274268627166748e-01,-6.208082661032676697e-02,4.323587417602539062e-01,2.281122803688049316e-01,3.083753883838653564e-01,5.000000000000000000e-01,3.472991287708282471e-01,-1.421299390494823456e-02,-1.121021866798400879e+00,7.494293153285980225e-02,2.106131017208099365e-01,6.418062746524810791e-02,-4.872364997863769531e-01,-2.646639570593833923e-02
1.380844593048095703e+00,-2.987056374549865723e-01,2.915111184120178223e-01,-5.957270413637161255e-02,9.507847577333450317e-02,-6.835786104202270508e-01,-7.212014198303222656e-01,0.000000000000000000e+00,0.000000000000000000e+00,5.801304578781127930e-01,1.560875475406646729e-01,1.459601707756519318e-02,-7.238177657127380371e-01,-3.171417713165283203e-01,-1.580047011375427246e-01,4.437587261199951172e-01,-3.739346861839294434e-01,7.967059500515460968e-03,3.216674625873565674e-01,-6.504191458225250244e-02,4.435048103332519531e-01,2.097322642803192139e-01,2.945707440376281738e-01,5.000000000000000000e-01,3.183335959911346436e-01,-7.220484316349029541e-02,-9.728419780731201172e-01,5.832591652870178223e-02,1.924392729997634888e-01,8.132726699113845825e-02,-4.298225641250610352e-01,-2.586726471781730652e-02
1.388791561126708984e+00,-2.938889265060424805e-01,2.933958768844604492e-01,-6.739959120750427246e-02,8.527789264917373657e-02,-6.922386288642883301e-01,-7.134358286857604980e-01,0.000000000000000000e+00,0.000000000000000000e+00,5.734264850616455078e-01,1.327650249004364014e-01,1.404662337154150009e-02,-6.548648476600646973e-01,-3.289997279644012451e-01,-1.214189454913139343e-01,4.368218779563903809e-01,-3.690145313739776611e-01,-3.123426809906959534e-02,3.188120126724243164e-01,-4.692741110920906067e-02,4.491660892963409424e-01,1.735167056322097778e-01,2.716145217418670654e-01,5.000000000000000000e-01,3.237162232398986816e-01,-7.882069051265716553e-02,-8.757170438766479492e-01,1.160709280520677567e-02,1.805237680673599243e-01,9.704849123954772949e-02,-3.745569586753845215e-01,-2.579069696366786957e-02
1.396436214447021484e+00,-2.873814404010772705e-01,2.950879037380218506e-01,-7.225931435823440552e-02,7.683692127466201782e-02,-6.984950304031372070e-01,-7.077989578247070312e-01,0.000000000000000000e+00,0.000000000000000000e+00,5.763111114501953125e-01,1.173436269164085388e-01,1.298434101045131683e-02,-5.998352766036987305e-01,-3.366827070713043213e-01,-8.097182214260101318e-02,4.272953867912292480e-01,-3.722916543483734131e-01,-7.071906328201293945e-02,3.158588707447052002e-01,-9.409375488758087158e-03,4.494383931159973145e-01,1.437664180994033813e-01,2.490755468606948853e-01,5.000000000000000000e-01,3.363499939441680908e-01,-7.471275329589843750e-02,-8.454144597053527832e-01,-1.289190631359815598e-02,1.790039390325546265e-01,1.189252063632011414e-01,-3.569513261318206787e-01,-1.710302010178565979e-02
1.403824090957641602e+00,-2.792100310325622559e-01,2.967209219932556152e-01,-7.419568300247192383e-02,6.941413879394531250e-02,-7.028571367263793945e-01,-7.040373086929321289e-01,0.000000000000000000e+00,0.000000000000000000e+00,5.769195556640625000e-01,1.048442497849464417e-01,1.287774275988340378e-02,-5.590543746948242188e-01,-3.315507471561431885e-01,-4.211336746811866760e-02,4.247418045997619629e-01,-3.777572810649871826e-01,-1.117858067154884338e-01,3.052611052989959717e-01,2.686003223061561584e-02,4.497767984867095947e-01,1.230352148413658142e-01,2.439021468162536621e-01,5.000000000000000000e-01,3.554415702819824219e-01,-3.576296195387840271e-02,-8.295333981513977051e-01,-6.925348192453384399e-03,1.711341440677642822e-01,1.447856128215789795e-01,-3.665212690830230713e-01,5.895105749368667603e-02
1.410622596740722656e+00,-2.697354257106781006e-01,2.983014881610870361e-01,-7.484888285398483276e-02,6.378299742937088013e-02,-7.051399350166320801e-01,-7.022158503532409668e-01,0.000000000000000000e+00,0.000000000000000000e+00,5.915727019309997559e-01,9.788488596677780151e-02,1.266667433083057404e-02,-5.332805514335632324e-01,-3.331429362297058105e-01,-6.377019453793764114e-03,4.262819886207580566e-01,-3.818276822566986084e-01,-1.467875391244888306e-01,2.976342737674713135e-01,6.733787804841995239e-02,4.497563242912292480e-01,1.059928461909294128e-01,2.452172487974166870e-01,5.000000000000000000e-01,3.774201869964599609e-01,5.199445411562919617e-03,-8.166165351867675781e-01,-3.264363622292876244e-04,1.549959778785705566e-01,1.538606584072113037e-01,-4.687828719615936279e-01,1.970135420560836792e-01
1.416795492172241211e+00,-2.565118372440338135e-01,3.001431822776794434e-01,-8.050889521837234497e-02,5.045101791620254517e-02,-7.091705203056335449e-01,-6.986058950424194336e-01,0.000000000000000000e+00,0.000000000000000000e+00,5.851508975028991699e-01,8.691702038049697876e-02,1.349081285297870636e-02,-3.891991376876831055e-01,-3.917156457901000977e-01,9.166812151670455933e-02,3.060848116874694824e-01,-3.196245133876800537e-01,-1.808383315801620483e-01,2.982089519500732422e-01,8.844812214374542236e-02,4.491181075572967529e-01,7.974106818437576294e-02,2.780186831951141357e-01,5.000000000000000000e-01,4.021494686603546143e-01,2.597396448254585266e-02,-8.128671050071716309e-01,-9.041818790137767792e-03,1.512426882982254028e-01,1.058858931064605713e-01,-7.662012577056884766e-01,7.581031322479248047e-01
1.423635244369506836e+00,-2.409015148878097534e-01,3.024596869945526123e-01,-8.071488142013549805e-02,2.983433753252029419e-02,-7.109526991844177246e-01,-6.979550719261169434e-01,0.000000000000000000e+00,0.000000000000000000e+00,5.263968110084533691e-01,6.991507112979888916e-02,1.510196365416049957e-02,-2.702362537384033203e-01,-4.271135330200195312e-01,1.548019200563430786e-01,2.227728217840194702e-01,-2.451284378767013550e-01,-1.936005502939224243e-01,2.935023307800292969e-01,1.000425443053245544e-01,4.262863695621490479e-01,6.979076564311981201e-02,3.191926181316375732e-01,5.000000000000000000e-01,4.403852820396423340e-01,2.446332573890686035e-02,-8.272630572319030762e-01,-6.779457442462444305e-03,1.362478584051132202e-01,1.225718017667531967e-02,-1.062926769256591797e+00,1.305040836334228516e+00
1.431012392044067383e+00,-2.258402109146118164e-01,3.066416978836059570e-01,-7.168541103601455688e-02,8.896577171981334686e-03,-7.070528268814086914e-01,-7.034617066383361816e-01,0.000000000000000000e+00,0.000000000000000000e+00,3.982835412025451660e-01,6.795914471149444580e-02,2.016832679510116577e-02,-3.066613376140594482e-01,-3.910661935806274414e-01,1.684156656265258789e-01,2.141029983758926392e-01,-2.620940208435058594e-01,-1.891038417816162109e-01,2.686707079410552979e-01,1.152033656835556030e-01,4.255782663822174072e-01,7.091712206602096558e-02,3.262268602848052979e-01,5.000000000000000000e-01,4.947088658809661865e-01,2.690158225595951080e-02,-8.175603747367858887e-01,1.273896312341094017e-03,9.886074066162109375e-02,-9.502774477005004883e-02,-1.267037868499755859e+00,1.425725579261779785e+00
1.435743093490600586e+00,-2.096941769123077393e-01,3.106703460216522217e-01,-8.065569400787353516e-02,-1.039884518831968307e-02,-7.182888388633728027e-01,-6.909758448600769043e-01,0.000000000000000000e+00,0.000000000000000000e+00,2.347837090492248535e-01,4.418102651834487915e-02,6.852114945650100708e-02,-3.773211240768432617e-01,-5.202659964561462402e-01,2.890442013740539551e-01,5.658427625894546509e-02,-2.372076064348220825e-01,-1.868575662374496460e-01,3.029798269271850586e-01,4.457750543951988220e-02,3.789886832237243652e-01,7.950198650360107422e-02,3.120737373828887939e-01,5.000000000000000000e-01,4.948649704456329346e-01,9.825287386775016785e-03,-8.094387054443359375e-01,-8.592811413109302521e-03,-2.883296273648738861e-02,-2.432803958654403687e-01,-1.258020401000976562e+00,1.366811871528625488e+00
1.440720677375793457e+00,-1.929898113012313843e-01,3.122186362743377686e-01,-6.995248049497604370e-02,-4.358978942036628723e-03,-7.221859693527221680e-01,-6.881388425827026367e-01,0.000000000000000000e+00,0.000000000000000000e+00,1.103183105587959290e-01,-9.007058106362819672e-03,7.446227222681045532e-02,-4.877660572528839111e-01,-5.479596257209777832e-01,3.691410422325134277e-01,1.371576171368360519e-02,-1.375831365585327148e-01,-1.237039491534233093e-01,3.220906853675842285e-01,1.940998807549476624e-02,3.579761981964111328e-01,1.112789735198020935e-01,3.478830456733703613e-01,4.991274476051330566e-01,5.500330924987792969e-01,5.159456282854080200e-03,-8.128876090049743652e-01,-1.133825350552797318e-02,-1.267525255680084229e-01,-3.809188902378082275e-01,-1.170444965362548828e+00,1.041934728622436523e+00
1.445037364959716797e+00,-1.762556135654449463e-01,3.118422925472259521e-01,-5.093286186456680298e-02,1.034466456621885300e-02,-7.179524898529052734e-01,-6.941491365432739258e-01,0.000000000000000000e+00,0.000000000000000000e+00,-1.170784886926412582e-02,-9.405013173818588257e-02,1.949087530374526978e-02,-5.382158160209655762e-01,-5.354446768760681152e-01,4.143709838390350342e-01,9.020530618727207184e-03,-4.103038832545280457e-02,-4.737427830696105957e-02,3.332431316375732422e-01,1.923199184238910675e-02,3.512022197246551514e-01,1.474987566471099854e-01,4.467909038066864014e-01,4.554240405559539795e-01,5.916920304298400879e-01,1.461075711995363235e-02,-7.885226607322692871e-01,-1.326716598123311996e-02,-1.945882141590118408e-01,-4.271941483020782471e-01,-1.069139242172241211e+00,7.429545521736145020e-01
1.448935508728027344e+00,-1.590592712163925171e-01,3.096540570259094238e-01,-2.914502285420894623e-02,3.131512552499771118e-02,-7.035534381866455078e-01,-7.093535661697387695e-01,0.000000000000000000e+00,0.000000000000000000e+00,-9.677866101264953613e-02,-2.326707392930984497e-01,1.546578947454690933e-02,-4.836289882659912109e-01,-4.893530905246734619e-01,4.358553290367126465e-01,7.978177629411220551e-03,3.455771505832672119e-02,2.796980179846286774e-02,3.336362540721893311e-01,6.319487094879150391e-02,3.443971872329711914e-01,1.504844576120376587e-01,5.554511547088623047e-01,4.344779849052429199e-01,6.200824975967407227e-01,3.262720257043838501e-02,-7.294740676879882812e-01,-1.312086451798677444e-02,-2.166137844324111938e-01,-4.093502759933471680e-01,-9.203490614891052246e-01,5.804589986801147461e-01
1.454018473625183105e+00,-1.406535655260086060e-01,3.057393431663513184e-01,-9.091009385883808136e-03,5.865861475467681885e-02,-6.835147738456726074e-01,-7.275190949440002441e-01,0.000000000000000000e+00,0.000000000000000000e+00,-9.349045902490615845e-02,-3.050287663936614990e-01,1.206594146788120270e-02,-3.617539107799530029e-01,-4.510653614997863770e-01,4.562241137027740479e-01,1.149115804582834244e-02,1.283656507730484009e-01,1.063191369175910950e-01,3.359354138374328613e-01,1.406098306179046631e-01,3.485835194587707520e-01,1.701045036315917969e-01,6.086343526840209961e-01,4.982721805572509766e-01,6.511626839637756348e-01,5.256538838148117065e-02,-6.673032045364379883e-01,-1.247907709330320358e-02,-1.653306186199188232e-01,-4.052270054817199707e-01,-7.635211944580078125e-01,4.454476833343505859e-01
1.461692810058593750e+00,-1.221409440040588379e-01,3.035831451416015625e-01,-2.045094035565853119e-03,6.973478943109512329e-02,-6.696928739547729492e-01,-7.393539547920227051e-01,0.000000000000000000e+00,0.000000000000000000e+00,-5.629884451627731323e-02,-2.286792993545532227e-01,1.146567240357398987e-02,-3.552456498146057129e-01,-4.513004124164581299e-01,4.455949068069458008e-01,1.380986906588077545e-02,2.529887259006500244e-01,1.676656007766723633e-01,3.400000035762786865e-01,1.712800115346908569e-01,4.168780446052551270e-01,1.513788253068923950e-01,6.007013320922851562e-01,5.000000000000000000e-01,6.560519933700561523e-01,3.429027646780014038e-02,-6.395345926284790039e-01,-1.171598862856626511e-02,-1.023195683956146240e-01,-4.135709404945373535e-01,-6.279430389404296875e-01,2.240710705518722534e-01
1.472342967987060547e+00,-1.049006283283233643e-01,3.052044510841369629e-01,-1.744338078424334526e-03,6.043308600783348083e-02,-6.640997529029846191e-01,-7.451955080032348633e-01,0.000000000000000000e+00,0.000000000000000000e+00,-2.371122874319553375e-02,-1.559359133243560791e-01,1.053837686777114868e-02,-3.938891589641571045e-01,-3.694082200527191162e-01,3.288919925689697266e-01,9.508612751960754395e-02,2.611933052539825439e-01,1.924475282430648804e-01,3.257569372653961182e-01,2.087258547544479370e-01,4.499999880790710449e-01,1.386350989341735840e-01,5.686615109443664551e-01,5.000000000000000000e-01,6.484200358390808105e-01,-5.920098046772181988e-04,-7.201499342918395996e-01,2.975667081773281097e-02,-2.726065367460250854e-02,-4.333426058292388916e-01,-6.144562363624572754e-01,2.464345097541809082e-01
1.485368251800537109e+00,-8.885928243398666382e-02,3.080186247825622559e-01,-1.158941909670829773e-02,3.999276459217071533e-02,-6.695107817649841309e-01,-7.416343688964843750e-01,0.000000000000000000e+00,0.000000000000000000e+00,-2.751450426876544952e-02,-1.050094515085220337e-01,8.851515129208564758e-03,-4.353986680507659912e-01,-2.959696352481842041e-01,1.060546711087226868e-01,3.470682799816131592e-01,2.628723978996276855e-01,1.699820011854171753e-01,2.980638146400451660e-01,2.383952289819717407e-01,4.499999880790710449e-01,1.561818718910217285e-01,5.087927579879760742e-01,5.000000000000000000e-01,6.207284331321716309e-01,-1.600628904998302460e-02,-1.024042963981628418e+00,1.455691605806350708e-01,5.522109568119049072e-02,-4.272794127464294434e-01,-5.882685184478759766e-01,2.818042039871215820e-01
1.497901797294616699e+00,-7.618921250104904175e-02,3.097371757030487061e-01,-1.112745422869920731e-02,2.803130261600017548e-02,-6.852909922599792480e-01,-7.276446223258972168e-01,0.000000000000000000e+00,0.000000000000000000e+00,1.600480056367814541e-03,-7.997908443212509155e-02,3.250169102102518082e-03,-4.886737167835235596e-01,-2.199019044637680054e-01,-1.437561362981796265e-01,5.985693931579589844e-01,2.549944519996643066e-01,1.061569526791572571e-01,2.947767972946166992e-01,2.836127579212188721e-01,4.499999880790710449e-01,1.940678954124450684e-01,4.763582646846771240e-01,5.000000000000000000e-01,5.241644978523254395e-01,-2.001130022108554840e-03,-1.459532499313354492e+00,2.955954372882843018e-01,1.368200629949569702e-01,-3.705466091632843018e-01,-6.119526028633117676e-01,3.265568017959594727e-01
1.506285190582275391e+00,-6.214513257145881653e-02,3.082198202610015869e-01,-1.166242547333240509e-02,-4.700247664004564285e-03,-7.038016915321350098e-01,-7.102852463722229004e-01,0.000000000000000000e+00,0.000000000000000000e+00,-5.144043266773223877e-02,-7.972165197134017944e-02,8.893561607692390680e-05,-5.817356705665588379e-01,-2.868873775005340576e-01,-3.353242278099060059e-01,6.431948542594909668e-01,3.866171091794967651e-02,-8.468313515186309814e-02,2.241552174091339111e-01,3.456471264362335205e-01,4.499999880790710449e-01,3.008672893047332764e-01,4.267331659793853760e-01,5.000000000000000000e-01,3.914108276367187500e-01,2.554313093423843384e-02,-1.820000052452087402e+00,1.053562164306640625e+00,3.126022219657897949e-01,-2.043758779764175415e-01,-7.369247078895568848e-01,1.795425564050674438e-01
1.517233610153198242e+00,-4.677922278642654419e-02,3.063066899776458740e-01,3.006130270659923553e-02,-3.799779573455452919e-03,-7.228955626487731934e-01,-6.902926564216613770e-01,0.000000000000000000e+00,0.000000000000000000e+00,6.071297824382781982e-02,-1.093671768903732300e-01,1.182670894195325673e-04,-6.478602290153503418e-01,-1.821191757917404175e-01,-4.173708260059356689e-01,4.527766108512878418e-01,-2.122845798730850220e-01,-1.229821145534515381e-01,1.209075599908828735e-01,4.003719091415405273e-01,4.499590098857879639e-01,3.167188763618469238e-01,4.394687116146087646e-01,5.000000000000000000e-01,4.735899865627288818e-01,2.934967353940010071e-02,-1.819795846939086914e+00,1.433915257453918457e+00,4.854073524475097656e-01,-7.770026475191116333e-02,-8.062634468078613281e-01,5.838366970419883728e-02
1.533537983894348145e+00,-3.245617449283599854e-02,2.967156767845153809e-01,1.054532900452613831e-01,1.460491027683019638e-02,-7.427169680595397949e-01,-6.610883474349975586e-01,0.000000000000000000e+00,0.000000000000000000e+00,2.792641520500183105e-01,-1.833521425724029541e-01,-3.639647634792525163e-18,-9.959762692451477051e-01,-7.217351347208023071e-03,-6.932691931724548340e-01,5.250479578971862793e-01,-3.199499249458312988e-01,-8.741061389446258545e-02,-9.084568172693252563e-02,4.765492081642150879e-01,4.499936699867248535e-01,4.182648062705993652e-01,3.541043698787689209e-01,4.939923584461212158e-01,7.149320840835571289e-01,1.135315448045730591e-01,-1.818918943405151367e+00,1.489963769912719727e+00,7.863523960113525391e-01,1.101220473647117615e-01,-9.580674767494201660e-01,9.575349837541580200e-02
1.547600388526916504e+00,-1.884778775274753571e-02,2.918953597545623779e-01,1.106943115592002869e-01,3.453734144568443298e-02,-7.777552008628845215e-01,-6.177789568901062012e-01,0.000000000000000000e+00,0.000000000000000000e+00,3.910842835903167725e-01,-1.740703880786895752e-01,8.960136200460153198e-18,-1.305546522140502930e+00,-5.731553956866264343e-02,-6.753402948379516602e-01,4.382936954498291016e-01,-4.121384024620056152e-01,-1.172318607568740845e-01,-8.359160274267196655e-02,4.248180091381072998e-01,4.499859511852264404e-01,5.018311142921447754e-01,2.556920051574707031e-01,4.697273075580596924e-01,7.920798659324645996e-01,1.948733478784561157e-01,-1.716312885284423828e+00,1.489953637123107910e+00,8.712407350540161133e-01,1.799482703208923340e-01,-1.079656124114990234e+00,1.495349705219268799e-01
1.560781717300415039e+00,-5.194715224206447601e-03,2.898022830486297607e-01,1.177123337984085083e-01,4.794999957084655762e-02,-8.082121014595031738e-01,-5.750111341476440430e-01,0.000000000000000000e+00,0.000000000000000000e+00,4.781498610973358154e-01,-2.099494934082031250e-01,7.736597108151316358e-18,-1.422699928283691406e+00,-3.401451185345649719e-02,-5.679371953010559082e-01,4.187545776367187500e-01,-5.714317560195922852e-01,-1.262748837471008301e-01,-8.981162309646606445e-02,3.623640835285186768e-01,4.499810338020324707e-01,4.997211098670959473e-01,1.859877258539199829e-01,4.587810039520263672e-01,8.316562771797180176e-01,2.838739156723022461e-01,-1.635742068290710449e+00,1.489948868751525879e+00,8.727827072143554688e-01,1.800000071525573730e-01,-1.218771457672119141e+00,2.559510767459869385e-01
1.574869394302368164e+00,9.740519337356090546e-03,2.905580699443817139e-01,1.282894015312194824e-01,5.172358453273773193e-02,-8.305476307868957520e-01,-5.394970774650573730e-01,0.000000000000000000e+00,0.000000000000000000e+00,5.131179690361022949e-01,-2.472831010818481445e-01,-4.077653004029154165e-18,-1.422453284263610840e+00,7.525172829627990723e-02,-4.559594392776489258e-01,4.156036078929901123e-01,-8.066792488098144531e-01,-1.526923030614852905e-01,-9.862941503524780273e-02,3.234544396400451660e-01,4.499874711036682129e-01,4.422236084938049316e-01,1.184619367122650146e-01,4.797977507114410400e-01,8.305203914642333984e-01,3.773669898509979248e-01,-1.601062655448913574e+00,1.489948749542236328e+00,8.055130243301391602e-01,1.800000071525573730e-01,-1.468048572540283203e+00,4.149291813373565674e-01
1.589360833168029785e+00,2.678271383047103882e-02,2.934766113758087158e-01,1.313185542821884155e-01,2.978586405515670776e-02,-8.488258123397827148e-01,-5.112367272377014160e-01,0.000000000000000000e+00,0.000000000000000000e+00,4.417532384395599365e-01,-2.499183416366577148e-01,1.181946936412714422e-04,-1.408190131187438965e+00,1.457986086606979370e-01,-3.404800891876220703e-01,3.043653666973114014e-01,-1.106607437133789062e+00,-1.869027018547058105e-01,-7.851286977529525757e-02,2.960786521434783936e-01,4.499994218349456787e-01,3.261660039424896240e-01,5.621807649731636047e-02,5.000000000000000000e-01,8.059975504875183105e-01,4.113305807113647461e-01,-1.628153562545776367e+00,1.489945769309997559e+00,6.834967136383056641e-01,8.795078098773956299e-02,-1.706338763236999512e+00,6.119809746742248535e-01
1.601023077964782715e+00,4.491830989718437195e-02,2.975708544254302979e-01,1.258881092071533203e-01,-1.478054746985435486e-02,-8.646016120910644531e-01,-4.862074851989746094e-01,0.000000000000000000e+00,0.000000000000000000e+00,2.479623109102249146e-01,-2.290227860212326050e-01,1.725062727928161621e-03,-1.445229887962341309e+00,1.353362053632736206e-01,-2.221013158559799194e-01,1.003914102911949158e-01,-1.381469368934631348e+00,-2.221623957157135010e-01,-5.086342990398406982e-02,2.478950917720794678e-01,4.499999880790710449e-01,1.886281967163085938e-01,5.456423386931419373e-02,5.000000000000000000e-01,8.031746149063110352e-01,3.751795887947082520e-01,-1.676985144615173340e+00,1.489942193031311035e+00,5.479655265808105469e-01,-7.728394865989685059e-02,-1.810225605964660645e+00,8.685567975044250488e-01
1.609139680862426758e+00,6.354398280382156372e-02,3.018336892127990723e-01,1.228849142789840698e-01,-4.059121385216712952e-02,-8.760786056518554688e-01,-4.644760191440582275e-01,0.000000000000000000e+00,0.000000000000000000e+00,3.436691313982009888e-02,-1.965839862823486328e-01,1.150239724665880203e-02,-1.520725727081298828e+00,1.367465704679489136e-01,-1.731053590774536133e-01,6.812579929828643799e-03,-1.511218786239624023e+00,-2.153471410274505615e-01,-2.242136187851428986e-02,2.076017707586288452e-01,4.499999880790710449e-01,7.696384191513061523e-02,9.261710941791534424e-02,5.000000000000000000e-01,8.097165226936340332e-01,3.171001076698303223e-01,-1.706576704978942871e+00,1.489948034286499023e+00,5.069201588630676270e-01,-1.200503036379814148e-01,-1.819156289100646973e+00,1.197606086730957031e+00
1.616245269775390625e+00,8.042471855878829956e-02,3.042287230491638184e-01,1.283914297819137573e-01,-3.910822793841362000e-02,-8.862819075584411621e-01,-4.432725906372070312e-01,0.000000000000000000e+00,0.000000000000000000e+00,-1.294700801372528076e-01,-1.991808116436004639e-01,7.782281842082738876e-03,-1.555374503135681152e+00,1.510898619890213013e-01,-1.965578943490982056e-01,2.703381888568401337e-02,-1.607565999031066895e+00,-1.575500816106796265e-01,8.254348300397396088e-03,1.716696172952651978e-01,4.499999880790710449e-01,4.393155500292778015e-02,1.031604260206222534e-01,5.000000000000000000e-01,8.167299628257751465e-01,2.581998705863952637e-01,-1.743491649627685547e+00,1.489952087402343750e+00,5.316614508628845215e-01,-1.598717719316482544e-01,-1.819131255149841309e+00,1.489927649497985840e+00
1.624764680862426758e+00,9.139354526996612549e-02,3.035489022731781006e-01,1.223094388842582703e-01,-1.230836659669876099e-02,-8.994852900505065918e-01,-4.193031787872314453e-01,0.000000000000000000e+00,0.000000000000000000e+00,-2.122339457273483276e-01,-2.551030218601226807e-01,6.831475999206304550e-03,-1.501247763633728027e+00,1.187862530350685120e-01,-2.629721462726593018e-01,2.019372135400772095e-01,-1.881999969482421875e+00,-5.537980049848556519e-02,7.843815535306930542e-02,1.084240004420280457e-01,4.499999880790710449e-01,1.206165626645088196e-01,7.232212275266647339e-02,5.000000000000000000e-01,8.122786283493041992e-01,1.760053187608718872e-01,-1.790427923202514648e+00,1.489950895309448242e+00,5.248264670372009277e-01,-2.643292844295501709e-01,-1.819423556327819824e+00,1.489980220794677734e+00
1.636259675025939941e+00,9.801916033029556274e-02,2.957056164741516113e-01,9.587881714105606079e-02,3.953498974442481995e-02,-9.118867516517639160e-01,-3.971231579780578613e-01,0.000000000000000000e+00,0.000000000000000000e+00,-2.089722156524658203e-01,-3.014484047889709473e-01,4.293894453439861536e-04,-1.409811139106750488e+00,2.544914931058883667e-02,-3.423125445842742920e-01,4.083246588706970215e-01,-2.163260698318481445e+00,9.288983047008514404e-02,1.778600662946701050e-01,1.700994558632373810e-02,4.499999880790710449e-01,2.631732225418090820e-01,-4.064457491040229797e-03,5.000000000000000000e-01,8.074808716773986816e-01,8.242322504520416260e-02,-1.806506633758544922e+00,1.489951610565185547e+00,4.171466529369354248e-01,-3.300679922103881836e-01,-1.819870710372924805e+00,1.489985108375549316e+00
1.651756644248962402e+00,1.053997650742530823e-01,2.839953601360321045e-01,7.546111196279525757e-02,1.101942509412765503e-01,-9.179992079734802246e-01,-3.734170198440551758e-01,0.000000000000000000e+00,0.000000000000000000e+00,-8.471195399761199951e-02,-2.688336074352264404e-01,4.847488307859748602e-04,-1.407145857810974121e+00,-5.617233738303184509e-02,-3.992477357387542725e-01,3.029327392578125000e-01,-2.049098253250122070e+00,3.037083148956298828e-01,2.548927366733551025e-01,-1.074028909206390381e-01,4.499999880790710449e-01,4.237872362136840820e-01,-1.221103519201278687e-01,5.000000000000000000e-01,8.020635247230529785e-01,-2.017901977524161339e-03,-1.794323682785034180e+00,1.489952087402343750e+00,2.467561811208724976e-01,-3.632097840309143066e-01,-1.819869160652160645e+00,1.489994525909423828e+00
1.672914743423461914e+00,1.147846803069114685e-01,2.762666940689086914e-01,6.547842919826507568e-02,1.423935592174530029e-01,-9.205476641654968262e-01,-3.578108251094818115e-01,0.000000000000000000e+00,0.000000000000000000e+00,5.675700679421424866e-02,-2.773238718509674072e-01,5.283582210540771484e-02,-1.404626250267028809e+00,-1.439175307750701904e-01,-4.576597809791564941e-01,4.975368082523345947e-02,-1.350339055061340332e+00,4.634982049465179443e-01,2.747698724269866943e-01,-2.160805910825729370e-01,4.499999880790710449e-01,5.714334249496459961e-01,-2.851841449737548828e-01,5.000000000000000000e-01,7.252633571624755859e-01,-6.347211450338363647e-02,-1.671151995658874512e+00,1.307099342346191406e+00,-5.061849951744079590e-02,-2.648771703243255615e-01,-1.737747669219970703e+00,1.490000009536743164e+00
1.697471022605895996e+00,1.270518004894256592e-01,2.757545411586761475e-01,6.115260720252990723e-02,1.280181258916854858e-01,-9.322543144226074219e-01,-3.328267037868499756e-01,0.000000000000000000e+00,0.000000000000000000e+00,1.744416356086730957e-01,-3.649151623249053955e-01,3.196756914258003235e-02,-1.059420108795166016e+00,-1.968052387237548828e-01,-4.998744428157806396e-01,2.018901333212852478e-02,-6.378489136695861816e-01,4.851315915584564209e-01,2.901435494422912598e-01,-2.430279850959777832e-01,4.148284792900085449e-01,6.002513170242309570e-01,-3.264218866825103760e-01,5.000000000000000000e-01,6.259633898735046387e-01,-1.317340731620788574e-01,-1.562349677085876465e+00,6.173905730247497559e-01,-2.370719909667968750e-01,-1.613127738237380981e-01,-1.605354785919189453e+00,1.490000009536743164e+00
1.716937303543090820e+00,1.426715701818466187e-01,2.740561664104461670e-01,4.888054355978965759e-02,8.669638633728027344e-02,-9.486168026924133301e-01,-3.003673851490020752e-01,0.000000000000000000e+00,0.000000000000000000e+00,1.668471992015838623e-01,-4.083448946475982666e-01,2.177515998482704163e-02,-8.693251609802246094e-01,-2.166646122932434082e-01,-4.358929693698883057e-01,1.241597719490528107e-02,-4.074931442737579346e-01,4.491992890834808350e-01,2.918758690357208252e-01,-2.673265039920806885e-01,3.021317422389984131e-01,5.264233350753784180e-01,-3.162107765674591064e-01,5.000000000000000000e-01,5.824846029281616211e-01,-1.427701413631439209e-01,-1.513921260833740234e+00,1.611380130052566528e-01,-3.677847087383270264e-01,-2.244813144207000732e-01,-1.562028288841247559e+00,1.490000009536743164e+00
1.731719851493835449e+00,1.541528552770614624e-01,2.750600278377532959e-01,5.477702245116233826e-02,6.536263227462768555e-02,-9.575408697128295898e-01,-2.753954231739044189e-01,0.000000000000000000e+00,0.000000000000000000e+00,1.680570542812347412e-01,-4.838460385799407959e-01,1.377802435308694839e-02,-7.352992296218872070e-01,-1.994710415601730347e-01,-4.616659581661224365e-01,1.991751603782176971e-02,-3.529927134513854980e-01,4.178960919380187988e-01,2.970184385776519775e-01,-2.324633151292800903e-01,1.615383177995681763e-01,2.868170142173767090e-01,-2.729887664318084717e-01,5.000000000000000000e-01,4.998918473720550537e-01,-1.484544873237609863e-01,-1.527438640594482422e+00,-1.905248500406742096e-02,-4.940345585346221924e-01,-3.041386008262634277e-01,-1.493915200233459473e+00,1.490000009536743164e+00
1.741276621818542480e+00,1.599481105804443359e-01,2.777694165706634521e-01,6.448066234588623047e-02,5.630558729171752930e-02,-9.623098969459533691e-01,-2.581309378147125244e-01,0.000000000000000000e+00,0.000000000000000000e+00,1.611365228891372681e-01,-5.657289624214172363e-01,1.204348076134920120e-02,-6.185270547866821289e-01,-1.821130514144897461e-01,-5.071092844009399414e-01,2.854617685079574585e-02,-3.177543878555297852e-01,3.508892059326171875e-01,3.140939474105834961e-01,-1.686273515224456787e-01,3.288465365767478943e-02,1.217878796160221100e-02,-2.727367281913757324e-01,4.690201282501220703e-01,3.984336853027343750e-01,-1.435819268226623535e-01,-1.584737420082092285e+00,-1.760274171829223633e-02,-5.648107528686523438e-01,-3.348527550697326660e-01,-1.431518554687500000e+00,1.490000009536743164e+00
1.748481392860412598e+00,1.628342568874359131e-01,2.810829579830169678e-01,7.164390385150909424e-02,5.084803327918052673e-02,-9.667170047760009766e-01,-2.402911037206649780e-01,0.000000000000000000e+00,0.000000000000000000e+00,1.433346271514892578e-01,-6.388506293296813965e-01,1.322959363460540771e-02,-5.160862803459167480e-01,-1.721160411834716797e-01,-5.382113456726074219e-01,1.720841042697429657e-02,-2.762051820755004883e-01,2.513670027256011963e-01,3.400000035762786865e-01,-9.917594492435455322e-02,-2.045061998069286346e-02,-2.378908544778823853e-01,-3.891895711421966553e-01,4.118292927742004395e-01,2.759972214698791504e-01,-1.351456940174102783e-01,-1.637604236602783203e+00,-1.666543819010257721e-02,-5.943801403045654297e-01,-3.424793481826782227e-01,-1.375677108764648438e+00,1.490000009536743164e+00
1.755082368850708008e+00,1.647424250841140747e-01,2.845155000686645508e-01,7.579651474952697754e-02,4.417294636368751526e-02,-9.712343811988830566e-01,-2.213761061429977417e-01,0.000000000000000000e+00,0.000000000000000000e+00,1.206926479935646057e-01,-6.846979260444641113e-01,8.587560616433620453e-03,-4.312748312950134277e-01,-1.727259457111358643e-01,-5.696521401405334473e-01,2.021933905780315399e-02,-2.244194000959396362e-01,1.267236620187759399e-01,3.400000035762786865e-01,-2.930013649165630341e-02,-2.844950743019580841e-02,-5.095818042755126953e-01,-5.095567703247070312e-01,5.000000000000000000e-01,1.248724982142448425e-01,-4.795957356691360474e-02,-1.594464540481567383e+00,-1.482118945568799973e-02,-5.983608961105346680e-01,-3.490671515464782715e-01,-1.275728344917297363e+00,1.490000009536743164e+00
1.761543512344360352e+00,1.666123121976852417e-01,2.875106036663055420e-01,7.393018901348114014e-02,3.591213002800941467e-02,-9.755113720893859863e-01,-2.040153592824935913e-01,0.000000000000000000e+00,0.000000000000000000e+00,9.528273344039916992e-02,-6.921818852424621582e-01,5.990755744278430939e-03,-3.825790882110595703e-01,-1.828974932432174683e-01,-5.896759033203125000e-01,2.315879613161087036e-02,-1.716134250164031982e-01,1.411505788564682007e-02,3.400000035762786865e-01,3.138998895883560181e-02,2.153815887868404388e-02,-6.116102933883666992e-01,-5.427384376525878906e-01,5.000000000000000000e-01,-2.505315467715263367e-02,4.724631085991859436e-02,-1.494569778442382812e+00,-1.497413311153650284e-02,-6.185428500175476074e-01,-3.796077072620391846e-01,-1.126200199127197266e+00,1.490000009536743164e+00
1.767118811607360840e+00,1.680683046579360962e-01,2.890208363533020020e-01,7.277088612318038940e-02,3.258056938648223877e-02,-9.786069989204406738e-01,-1.896609663963317871e-01,0.000000000000000000e+00,0.000000000000000000e+00,7.576205581426620483e-02,-6.699121594429016113e-01,1.637962833046913147e-02,-3.511841893196105957e-01,-1.847899109125137329e-01,-6.024956703186035156e-01,2.541958913207054138e-02,-1.288659125566482544e-01,-6.136407330632209778e-02,3.400000035762786865e-01,9.041555225849151611e-02,5.801145732402801514e-02,-5.816110372543334961e-01,-5.149239301681518555e-01,5.000000000000000000e-01,-1.213712841272354126e-01,7.474108785390853882e-02,-1.433437466621398926e+00,-1.718231476843357086e-02,-6.495576500892639160e-01,-4.319593310356140137e-01,-9.670037031173706055e-01,1.490000009536743164e+00
1.771672487258911133e+00,1.690829098224639893e-01,2.892597913742065430e-01,6.535142660140991211e-02,3.631046041846275330e-02,-9.810331463813781738e-01,-1.788427829742431641e-01,0.000000000000000000e+00,0.000000000000000000e+00,7.661380618810653687e-02,-5.993770360946655273e-01,1.692063733935356140e-02,-3.658647835254669189e-01,-1.797519624233245850e-01,-5.958034396171569824e-01,2.781458757817745209e-02,-9.744556248188018799e-02,-1.161003783345222473e-01,3.400000035762786865e-01,1.581425368785858154e-01,9.706929326057434082e-02,-5.120108127593994141e-01,-4.646499454975128174e-01,5.000000000000000000e-01,-1.575757265090942383e-01,7.102327048778533936e-02,-1.398908257484436035e+00,-1.712517254054546356e-02,-6.333063244819641113e-01,-4.725714623928070068e-01,-8.498212695121765137e-01,1.490000009536743164e+00
1.776129007339477539e+00,1.684709340333938599e-01,2.880381941795349121e-01,5.429912731051445007e-02,4.446307942271232605e-02,-9.825348258018493652e-01,-1.723368018865585327e-01,0.000000000000000000e+00,0.000000000000000000e+00,8.997685462236404419e-02,-5.764780044555664062e-01,1.718354783952236176e-02,-4.023413658142089844e-01,-1.729946732521057129e-01,-5.855849981307983398e-01,2.985135838389396667e-02,-7.348527014255523682e-02,-1.516044437885284424e-01,3.400000035762786865e-01,2.156127095222473145e-01,9.652341157197952271e-02,-4.738315045833587646e-01,-3.094560205936431885e-01,5.000000000000000000e-01,-1.878139525651931763e-01,6.362558901309967041e-02,-1.351131677627563477e+00,-1.711218617856502533e-02,-6.144934296607971191e-01,-4.723525047302246094e-01,-7.635700702667236328e-01,1.490000009536743164e+00
1.780124664306640625e+00,1.668275296688079834e-01,2.867047488689422607e-01,3.963284194469451904e-02,5.153827741742134094e-02,-9.831109642982482910e-01,-1.710727661848068237e-01,0.000000000000000000e+00,0.000000000000000000e+00,1.029103994369506836e-01,-5.585455298423767090e-01,1.717939414083957672e-02,-4.296335875988006592e-01,-1.717314720153808594e-01,-5.708187222480773926e-01,3.117763251066207886e-02,-6.009475141763687134e-02,-1.784140467643737793e-01,3.400000035762786865e-01,2.641019821166992188e-01,7.366689294576644897e-02,-4.409198760986328125e-01,-9.816985577344894409e-02,5.000000000000000000e-01,-2.092275172472000122e-01,6.286797672510147095e-02,-1.290834188461303711e+00,-1.603082008659839630e-02,-5.744116306304931641e-01,-4.395174086093902588e-01,-7.334713935852050781e-01,1.490000009536743164e+00
1.782613396644592285e+00,1.646816730499267578e-01,2.854824066162109375e-01,2.199052087962627411e-02,5.444512516260147095e-02,-9.836803078651428223e-01,-1.700742393732070923e-01,0.000000000000000000e+00,0.000000000000000000e+00,1.043238565325737000e-01,-5.267389416694641113e-01,1.716026291251182556e-02,-4.567662477493286133e-01,-1.869700551033020020e-01,-5.447489023208618164e-01,3.253412246704101562e-02,-5.238405242562294006e-02,-2.046230733394622803e-01,3.400000035762786865e-01,3.011555373668670654e-01,5.107111111283302307e-02,-4.359703063964843750e-01,1.950428932905197144e-01,5.000000000000000000e-01,-1.941260844469070435e-01,7.442597299814224243e-02,-1.246718406677246094e+00,-1.478725206106901169e-02,-4.926706552505493164e-01,-3.883439004421234131e-01,-7.633993029594421387e-01,1.490000009536743164e+00
1.783913373947143555e+00,1.624623388051986694e-01,2.843170464038848877e-01,5.718052852898836136e-03,5.553496628999710083e-02,-9.839572906494140625e-01,-1.694438010454177856e-01,0.000000000000000000e+00,0.000000000000000000e+00,1.000296548008918762e-01,-4.928829073905944824e-01,1.777997240424156189e-02,-4.859984815120697021e-01,-2.065688520669937134e-01,-5.264804363250732422e-01,5.243211239576339722e-02,-5.383780226111412048e-02,-2.226353734731674194e-01,3.393937945365905762e-01,3.478901982307434082e-01,1.082881353795528412e-02,-4.565459787845611572e-01,4.560547769069671631e-01,5.000000000000000000e-01,-1.651661545038223267e-01,7.167572528123855591e-02,-1.220062375068664551e+00,-1.396035030484199524e-02,-3.768331110477447510e-01,-3.741215467453002930e-01,-8.303632140159606934e-01,1.490000009536743164e+00
1.783895373344421387e+00,1.599972248077392578e-01,2.838141620159149170e-01,-3.024017903953790665e-03,5.808409303426742554e-02,-9.842125177383422852e-01,-1.671609282493591309e-01,0.000000000000000000e+00,0.000000000000000000e+00,9.621912240982055664e-02,-4.682032167911529541e-01,1.690988242626190186e-02,-5.162420272827148438e-01,-2.214916050434112549e-01,-5.097674727439880371e-01,5.747784301638603210e-02,-5.900193378329277039e-02,-2.294959574937820435e-01,3.313755095005035400e-01,3.837659060955047607e-01,-4.701838362962007523e-03,-4.128334224224090576e-01,5.703443884849548340e-01,5.000000000000000000e-01,-1.269488036632537842e-01,6.403466314077377319e-02,-1.216350317001342773e+00,-1.330762542784214020e-02,-2.721155881881713867e-01,-3.613931536674499512e-01,-9.265467524528503418e-01,1.490000009536743164e+00
1.783100247383117676e+00,1.572388559579849243e-01,2.838874161243438721e-01,-8.082785643637180328e-03,5.947515368461608887e-02,-9.852721691131591797e-01,-1.601129919290542603e-01,0.000000000000000000e+00,0.000000000000000000e+00,8.518211543560028076e-02,-4.511772394180297852e-01,1.532483194023370743e-02,-5.433909893035888672e-01,-2.428170889616012573e-01,-4.812273979187011719e-01,3.655550256371498108e-02,-6.125904619693756104e-02,-2.404347956180572510e-01,3.232583999633789062e-01,3.999794721603393555e-01,3.346851328387856483e-03,-3.106920719146728516e-01,5.688495039939880371e-01,4.994702637195587158e-01,-8.113034814596176147e-02,7.518112659454345703e-02,-1.237526655197143555e+00,-1.337116677314043045e-02,-1.860289871692657471e-01,-3.380693495273590088e-01,-1.031136989593505859e+00,1.490000009536743164e+00
1.782542467117309570e+00,1.545077711343765259e-01,2.841498851776123047e-01,-1.257383264601230621e-02,5.886518582701683044e-02,-9.874283075332641602e-01,-1.461579948663711548e-01,0.000000000000000000e+00,0.000000000000000000e+00,6.707943230867385864e-02,-4.424333274364471436e-01,1.402141898870468140e-02,-5.598820447921752930e-01,-2.724251449108123779e-01,-4.561021625995635986e-01,2.546837925910949707e-02,-5.625256896018981934e-02,-2.528112828731536865e-01,3.182307481765747070e-01,3.845701515674591064e-01,4.054538905620574951e-02,-2.650948166847229004e-01,4.679535031318664551e-01,4.990589022636413574e-01,-2.400523610413074493e-02,1.033291891217231750e-01,-1.277122378349304199e+00,-1.372868847101926804e-02,-1.404944211244583130e-01,-2.974881827831268311e-01,-1.110980868339538574e+00,1.490000009536743164e+00
1.782453656196594238e+00,1.524891704320907593e-01,2.846263051033020020e-01,-1.568672619760036469e-02,6.138077378273010254e-02,-9.897564053535461426e-01,-1.279399991035461426e-01,0.000000000000000000e+00,0.000000000000000000e+00,5.872182920575141907e-02,-4.407455623149871826e-01,1.299576647579669952e-02,-5.672447681427001953e-01,-2.866938710212707520e-01,-4.393486082553863525e-01,2.540528215467929840e-02,-4.817485064268112183e-02,-2.579616904258728027e-01,3.133355379104614258e-01,3.445504903793334961e-01,1.253967285156250000e-01,-2.296652644872665405e-01,2.987977862358093262e-01,5.000000000000000000e-01,2.385959960520267487e-02,1.403558403253555298e-01,-1.298331975936889648e+00,-1.472386810928583145e-02,-1.136539652943611145e-01,-2.326697707176208496e-01,-1.185049533843994141e+00,1.490000009536743164e+00
1.781710267066955566e+00,1.514317095279693604e-01,2.851302325725555420e-01,-1.506941486150026321e-02,6.898646056652069092e-02,-9.916622638702392578e-01,-1.077949330210685730e-01,0.000000000000000000e+00,0.000000000000000000e+00,6.504856050014495850e-02,-4.452836215496063232e-01,1.240020524710416794e-02,-5.724195241928100586e-01,-2.792842984199523926e-01,-4.348972141742706299e-01,4.957424849271774292e-02,-4.894055053591728210e-02,-2.451453506946563721e-01,3.093647062778472900e-01,2.928173542022705078e-01,2.559615671634674072e-01,-1.567275524139404297e-01,1.678667515516281128e-01,5.000000000000000000e-01,6.486771255731582642e-02,1.716183274984359741e-01,-1.306602835655212402e+00,-1.648479141294956207e-02,-7.238969206809997559e-02,-1.841913759708404541e-01,-1.256174087524414062e+00,1.490000009536743164e+00
1.779834985733032227e+00,1.503498554229736328e-01,2.856462299823760986e-01,-1.314906403422355652e-02,7.397059351205825806e-02,-9.936910271644592285e-01,-8.326846361160278320e-02,0.000000000000000000e+00,0.000000000000000000e+00,6.351552903652191162e-02,-4.526017904281616211e-01,1.289226207882165909e-02,-5.692949295043945312e-01,-2.886849641799926758e-01,-4.285244941711425781e-01,7.732114195823669434e-02,-5.023092404007911682e-02,-2.249578833580017090e-01,3.117513358592987061e-01,2.262815833091735840e-01,3.500639498233795166e-01,1.359557081013917923e-02,1.124278604984283447e-01,5.000000000000000000e-01,9.177923947572708130e-02,1.897564530372619629e-01,-1.296527504920959473e+00,-1.775165461003780365e-02,7.730556186288595200e-03,-1.835798621177673340e-01,-1.309039235115051270e+00,1.489982962608337402e+00
1.778130292892456055e+00,1.488795131444931030e-01,2.867681086063385010e-01,-8.868986740708351135e-03,8.434066921472549438e-02,-9.945195913314819336e-01,-6.114504858851432800e-02,0.000000000000000000e+00,0.000000000000000000e+00,7.179348915815353394e-02,-4.672515988349914551e-01,1.398992538452148438e-02,-5.520091652870178223e-01,-2.795279920101165771e-01,-4.338067770004272461e-01,9.337878227233886719e-02,-3.588169068098068237e-02,-1.967908591032028198e-01,3.165849447250366211e-01,1.541796177625656128e-01,3.813485503196716309e-01,2.387323975563049316e-01,1.319934278726577759e-01,5.000000000000000000e-01,1.050007194280624390e-01,2.238666862249374390e-01,-1.286776900291442871e+00,-1.902643963694572449e-02,8.570948988199234009e-02,-1.713512986898422241e-01,-1.314820647239685059e+00,1.489981174468994141e+00
1.777052640914916992e+00,1.475054621696472168e-01,2.882533669471740723e-01,-5.081918090581893921e-03,9.702715277671813965e-02,-9.943231344223022461e-01,-4.337475448846817017e-02,0.000000000000000000e+00,0.000000000000000000e+00,8.638577163219451904e-02,-4.836834967136383057e-01,1.523165218532085419e-02,-5.327517986297607422e-01,-2.582499980926513672e-01,-4.549663662910461426e-01,1.124009937047958374e-01,-9.893899783492088318e-03,-1.641388088464736938e-01,3.228976130485534668e-01,1.037923023104667664e-01,4.111527204513549805e-01,3.464426696300506592e-01,1.414725482463836670e-01,5.000000000000000000e-01,1.104994118213653564e-01,2.337715923786163330e-01,-1.284873604774475098e+00,-1.973642036318778992e-02,1.473451107740402222e-01,-1.651631593704223633e-01,-1.254873394966125488e+00,1.489993214607238770e+00
1.776414394378662109e+00,1.459337472915649414e-01,2.899455726146697998e-01,-3.696386469528079033e-03,1.066507622599601746e-01,-9.938088655471801758e-01,-3.091740608215332031e-02,0.000000000000000000e+00,0.000000000000000000e+00,9.537281095981597900e-02,-4.966574907302856445e-01,1.639756932854652405e-02,-5.082215666770935059e-01,-2.466983646154403687e-01,-4.732282757759094238e-01,1.179438605904579163e-01,3.287257999181747437e-02,-1.369975209236145020e-01,3.275488317012786865e-01,6.803087890148162842e-02,4.424073398113250732e-01,3.510495126247406006e-01,1.395296454429626465e-01,5.000000000000000000e-01,1.050096079707145691e-01,2.118405401706695557e-01,-1.264285683631896973e+00,-1.927665993571281433e-02,1.836058646440505981e-01,-1.449886709451675415e-01,-1.129420042037963867e+00,1.490000009536743164e+00
1.776807069778442383e+00,1.446844935417175293e-01,2.912162840366363525e-01,-6.050766445696353912e-03,1.178900897502899170e-01,-9.927203059196472168e-01,-2.390994131565093994e-02,0.000000000000000000e+00,0.000000000000000000e+00,1.124425679445266724e-01,-5.029220581054687500e-01,1.694575883448123932e-02,-4.843744337558746338e-01,-2.311889678239822388e-01,-4.921508133411407471e-01,1.330873817205429077e-01,7.955988496541976929e-02,-1.031972691416740417e-01,3.297922313213348389e-01,4.325535148382186890e-02,4.422108232975006104e-01,3.355623483657836914e-01,1.166133508086204529e-01,5.000000000000000000e-01,9.724553674459457397e-02,1.732403337955474854e-01,-1.224102139472961426e+00,-1.820835284888744354e-02,1.943801343441009521e-01,-1.080858409404754639e-01,-9.909214973449707031e-01,1.490000009536743164e+00
1.779243826866149902e+00,1.435013860464096069e-01,2.917881906032562256e-01,-1.318916119635105133e-02,1.305504590272903442e-01,-9.911511540412902832e-01,-2.004949189722537994e-02,0.000000000000000000e+00,0.000000000000000000e+00,1.355896294116973877e-01,-5.037117600440979004e-01,1.669557206332683563e-02,-4.642090499401092529e-01,-2.148855030536651611e-01,-5.192739963531494141e-01,1.797065883874893188e-01,1.220407038927078247e-01,-6.895884871482849121e-02,3.296788036823272705e-01,1.927831768989562988e-02,3.906048536300659180e-01,3.526709079742431641e-01,4.137833788990974426e-02,5.000000000000000000e-01,9.019719809293746948e-02,1.490781456232070923e-01,-1.170846939086914062e+00,-1.689754053950309753e-02,2.049093693494796753e-01,-3.779587522149085999e-02,-9.270327091217041016e-01,1.490000009536743164e+00
1.782907009124755859e+00,1.423752307891845703e-01,2.913599908351898193e-01,-2.551911957561969757e-02,1.412118524312973022e-01,-9.894773960113525391e-01,-1.850437000393867493e-02,0.000000000000000000e+00,0.000000000000000000e+00,1.580070406198501587e-01,-4.931670725345611572e-01,1.519591361284255981e-02,-4.514015614986419678e-01,-2.052102088928222656e-01,-5.530350208282470703e-01,2.790755331516265869e-01,1.594261825084686279e-01,-3.765417635440826416e-02,3.234281241893768311e-01,1.123580150306224823e-02,2.998191416263580322e-01,3.475746810436248779e-01,-1.069778949022293091e-01,5.000000000000000000e-01,9.893920272588729858e-02,1.198539435863494873e-01,-1.117388963699340820e+00,-1.503149513155221939e-02,2.251205891370773315e-01,4.047542810440063477e-02,-9.862464070320129395e-01,1.490000009536743164e+00
1.787154555320739746e+00,1.418899595737457275e-01,2.898821830749511719e-01,-4.329392686486244202e-02,1.440247446298599243e-01,-9.884691238403320312e-01,-1.764429546892642975e-02,0.000000000000000000e+00,0.000000000000000000e+00,1.690022796392440796e-01,-4.670584201812744141e-01,1.322608161717653275e-02,-4.501183032989501953e-01,-2.103658616542816162e-01,-5.721249580383300781e-01,4.372091293334960938e-01,1.828637123107910156e-01,-8.179105818271636963e-03,3.145968914031982422e-01,1.324876304715871811e-02,2.256849855184555054e-01,2.374781817197799683e-01,-2.975635528564453125e-01,5.000000000000000000e-01,1.169356852769851685e-01,6.285507977008819580e-02,-1.057935595512390137e+00,-1.239223685115575790e-02,2.177739739418029785e-01,1.134933680295944214e-01,-1.050034284591674805e+00,1.490000009536743164e+00
1.791422128677368164e+00,1.426619291305541992e-01,2.872436940670013428e-01,-6.569840759038925171e-02,1.373409181833267212e-01,-9.882118105888366699e-01,-1.608097739517688751e-02,0.000000000000000000e+00,0.000000000000000000e+00,1.662718355655670166e-01,-4.273076951503753662e-01,1.362406369298696518e-02,-4.595744907855987549e-01,-2.302698343992233276e-01,-5.471336245536804199e-01,5.922366380691528320e-01,1.687474250793457031e-01,4.610707983374595642e-03,3.070164322853088379e-01,1.518861111253499985e-02,2.150200158357620239e-01,8.157908171415328979e-02,-4.370756447315216064e-01,5.000000000000000000e-01,1.428876221179962158e-01,1.786917448043823242e-02,-9.941668510437011719e-01,-1.131431292742490768e-02,1.689700037240982056e-01,1.784881353378295898e-01,-1.007640838623046875e+00,1.489412188529968262e+00
1.795011043548583984e+00,1.434535980224609375e-01,2.848761379718780518e-01,-9.019964188337326050e-02,1.204467043280601501e-01,-9.885329008102416992e-01,-1.262259855866432190e-02,0.000000000000000000e+00,0.000000000000000000e+00,1.450340896844863892e-01,-3.761628270149230957e-01,1.518294960260391235e-02,-4.779032766819000244e-01,-2.792245447635650635e-01,-4.169830083847045898e-01,5.674659609794616699e-01,1.137644425034523010e-01,2.396267279982566833e-02,3.028195798397064209e-01,-3.566527366638183594e-02,2.387114614248275757e-01,-1.981263421475887299e-02,-4.622218608856201172e-01,5.000000000000000000e-01,1.725361496210098267e-01,-6.057179532945156097e-03,-9.382183551788330078e-01,-9.493910707533359528e-03,9.820270538330078125e-02,1.800000071525573730e-01,-8.103343844413757324e-01,1.307467699050903320e+00
1.797530651092529297e+00,1.452354043722152710e-01,2.830156683921813965e-01,-1.096583306789398193e-01,1.096617951989173889e-01,-9.878082871437072754e-01,-1.357095688581466675e-02,0.000000000000000000e+00,0.000000000000000000e+00,1.439664512872695923e-01,-3.363491296768188477e-01,1.717338711023330688e-02,-4.949768483638763428e-01,-3.062792718410491943e-01,-2.894872426986694336e-01,5.192269682884216309e-01,6.867105513811111450e-02,4.819052293896675110e-02,2.996199727058410645e-01,-1.042167767882347107e-01,2.572496235370635986e-01,-4.070992395281791687e-02,-4.118774235248565674e-01,5.000000000000000000e-01,2.223703414201736450e-01,3.752842918038368225e-02,-9.137615561485290527e-01,-8.711317554116249084e-03,1.099090203642845154e-01,1.800000071525573730e-01,-6.831657290458679199e-01,1.161453366279602051e+00
1.798964262008666992e+00,1.484663039445877075e-01,2.822264730930328369e-01,-1.200038716197013855e-01,1.039576157927513123e-01,-9.871428012847900391e-01,-1.846525631844997406e-02,0.000000000000000000e+00,0.000000000000000000e+00,1.511615216732025146e-01,-3.162625133991241455e-01,1.872968114912509918e-02,-5.056328773498535156e-01,-3.105927407741546631e-01,-2.286387234926223755e-01,5.024559497833251953e-01,2.353649027645587921e-02,5.637889727950096130e-02,2.937500774860382080e-01,-1.322068572044372559e-01,2.478907555341720581e-01,-3.394462168216705322e-02,-3.780236840248107910e-01,5.000000000000000000e-01,3.207500576972961426e-01,1.334484368562698364e-01,-8.795734643936157227e-01,-1.014600507915019989e-02,1.669597327709197998e-01,1.800000071525573730e-01,-6.516597270965576172e-01,1.163260579109191895e+00
1.799262404441833496e+00,1.536482274532318115e-01,2.827268838882446289e-01,-1.235296204686164856e-01,9.752541035413742065e-02,-9.872096180915832520e-01,-2.542378753423690796e-02,0.000000000000000000e+00,0.000000000000000000e+00,1.545903086662292480e-01,-3.106190264225006104e-01,2.072165906429290771e-02,-5.084943175315856934e-01,-3.053491413593292236e-01,-2.523520290851593018e-01,5.467772483825683594e-01,3.482325701043009758e-03,6.209442764520645142e-02,2.888374328613281250e-01,-1.212914884090423584e-01,2.171026170253753662e-01,-4.131427034735679626e-02,-3.888137638568878174e-01,5.000000000000000000e-01,4.330910146236419678e-01,2.008963376283645630e-01,-7.306278944015502930e-01,-1.104898378252983093e-02,2.385653704404830933e-01,1.658050268888473511e-01,-6.992498636245727539e-01,1.255486130714416504e+00
1.797890901565551758e+00,1.593632549047470093e-01,2.839816510677337646e-01,-1.210141479969024658e-01,8.311626315116882324e-02,-9.888578653335571289e-01,-2.464558370411396027e-02,0.000000000000000000e+00,0.000000000000000000e+00,1.424728333950042725e-01,-3.176906704902648926e-01,2.204648777842521667e-02,-4.983130693435668945e-01,-3.005333840847015381e-01,-2.780913114547729492e-01,5.739327073097229004e-01,5.950587801635265350e-03,1.136736944317817688e-01,2.871010899543762207e-01,-1.448617726564407349e-01,1.536327898502349854e-01,-8.775855600833892822e-02,-3.820247352123260498e-01,5.000000000000000000e-01,4.574805498123168945e-01,1.615409553050994873e-01,-5.990555286407470703e-01,-1.051122508943080902e-02,2.675373554229736328e-01,-4.689859226346015930e-02,-7.725603580474853516e-01,1.394975185394287109e+00
1.796154737472534180e+00,1.656481027603149414e-01,2.864801287651062012e-01,-1.163477450609207153e-01,6.648632138967514038e-02,-9.908401966094970703e-01,-1.668627560138702393e-02,0.000000000000000000e+00,0.000000000000000000e+00,1.279131770133972168e-01,-3.345987796783447266e-01,2.180820703506469727e-02,-4.685327112674713135e-01,-2.930825352668762207e-01,-2.760660052299499512e-01,5.751007199287414551e-01,-3.454250050708651543e-03,1.412425339221954346e-01,2.928929626941680908e-01,-1.872823685407638550e-01,9.466706216335296631e-02,-1.289095431566238403e-01,-3.776785731315612793e-01,5.000000000000000000e-01,4.304405152797698975e-01,1.194049865007400513e-01,-5.825111865997314453e-01,-1.074152626097202301e-02,2.452488988637924194e-01,-2.587813138961791992e-01,-8.069043755531311035e-01,1.489495515823364258e+00
1.794007897377014160e+00,1.710135191679000854e-01,2.896666228771209717e-01,-1.159559637308120728e-01,5.577434599399566650e-02,-9.916634559631347656e-01,-6.859178654849529266e-03,0.000000000000000000e+00,0.000000000000000000e+00,1.257924884557723999e-01,-3.401749432086944580e-01,2.104397118091583252e-02,-4.318694770336151123e-01,-2.944348454475402832e-01,-2.508446574211120605e-01,5.606465339660644531e-01,-1.822644099593162537e-02,1.476188302040100098e-01,2.986752092838287354e-01,-2.464886307716369629e-01,7.072962075471878052e-02,-1.786137372255325317e-01,-4.064418375492095947e-01,5.000000000000000000e-01,3.788839578628540039e-01,9.994264692068099976e-02,-5.134694576263427734e-01,-1.183207705616950989e-02,1.511142551898956299e-01,-3.967848122119903564e-01,-7.984169721603393555e-01,1.488819479942321777e+00
1.790993690490722656e+00,1.745260059833526611e-01,2.925509810447692871e-01,-1.185687333345413208e-01,5.549982562661170959e-02,-9.913922548294067383e-01,-1.625353237614035606e-03,0.000000000000000000e+00,0.000000000000000000e+00,1.457324177026748657e-01,-3.317467868328094482e-01,1.979358121752738953e-02,-3.915224969387054443e-01,-2.942709028720855713e-01,-1.991349756717681885e-01,5.138770937919616699e-01,-3.215381130576133728e-02,1.586953997611999512e-01,3.020581007003784180e-01,-3.173636794090270996e-01,1.002997159957885742e-01,-2.453272491693496704e-01,-4.305573403835296631e-01,5.000000000000000000e-01,3.483332097530364990e-01,1.055378541350364685e-01,-4.365021884441375732e-01,-1.323143765330314636e-02,-4.737613722681999207e-03,-4.591323733329772949e-01,-7.640616297721862793e-01,1.441029191017150879e+00
1.787139296531677246e+00,1.767926216125488281e-01,2.944780290126800537e-01,-1.229807138442993164e-01,6.715708971023559570e-02,-9.901047945022583008e-01,-7.628000341355800629e-03,0.000000000000000000e+00,0.000000000000000000e+00,1.945075839757919312e-01,-3.062895238399505615e-01,1.819485798478126526e-02,-3.688902556896209717e-01,-2.746239602565765381e-01,-1.556571573019027710e-01,4.808787703514099121e-01,-3.438778221607208252e-02,1.648728847503662109e-01,3.030898869037628174e-01,-3.803120255470275879e-01,1.968523263931274414e-01,-2.599573135375976562e-01,-3.840785920619964600e-01,5.000000000000000000e-01,3.553979396820068359e-01,1.446016579866409302e-01,-3.834552764892578125e-01,-1.365650445222854614e-02,-6.984262168407440186e-02,-3.601764142513275146e-01,-8.492717146873474121e-01,1.248785257339477539e+00
1.781349778175354004e+00,1.794655323028564453e-01,2.956522703170776367e-01,-1.205653473734855652e-01,8.247338235378265381e-02,-9.889360666275024414e-01,-2.583768032491207123e-02,0.000000000000000000e+00,0.000000000000000000e+00,2.517118155956268311e-01,-2.746683657169342041e-01,1.676915958523750305e-02,-3.818763196468353271e-01,-2.382287979125976562e-01,-1.240873113274574280e-01,4.360132515430450439e-01,-2.704262733459472656e-02,1.740192472934722900e-01,3.043817579746246338e-01,-3.968922197818756104e-01,3.046686947345733643e-01,-2.798798084259033203e-01,-3.123854398727416992e-01,5.000000000000000000e-01,3.825413584709167480e-01,1.969289779663085938e-01,-3.847418725490570068e-01,-1.419680938124656677e-02,-3.360889106988906860e-02,-1.679896712303161621e-01,-9.922241568565368652e-01,9.576224088668823242e-01
1.772950768470764160e+00,1.826589107513427734e-01,2.966059744358062744e-01,-1.080906167626380920e-01,9.309916943311691284e-02,-9.885609745979309082e-01,-4.895031452178955078e-02,0.000000000000000000e+00,0.000000000000000000e+00,2.875396311283111572e-01,-2.470591366291046143e-01,1.593526080250740051e-02,-4.115504622459411621e-01,-1.942266821861267090e-01,-1.327660381793975830e-01,4.287538230419158936e-01,-2.332446537911891937e-02,2.194071263074874878e-01,2.927015423774719238e-01,-3.869759142398834229e-01,3.981646597385406494e-01,-3.284613788127899170e-01,-2.219336330890655518e-01,5.000000000000000000e-01,4.200008809566497803e-01,2.212290614843368530e-01,-4.729208052158355713e-01,-5.224492400884628296e-03,-7.552836835384368896e-02,-5.309527367353439331e-02,-9.163579940795898438e-01,6.730875372886657715e-01
1.763366103172302246e+00,1.859164983034133911e-01,2.987966537475585938e-01,-9.073406457901000977e-02,9.900200366973876953e-02,-9.880641698837280273e-01,-7.546590268611907959e-02,0.000000000000000000e+00,0.000000000000000000e+00,3.234492242336273193e-01,-2.271040976047515869e-01,1.617914065718650818e-02,-4.304214119911193848e-01,-1.703161597251892090e-01,-1.637312024831771851e-01,4.476005136966705322e-01,-4.730351269245147705e-02,2.929797768592834473e-01,2.797899842262268066e-01,-3.569646477699279785e-01,4.496274888515472412e-01,-3.769133687019348145e-01,-1.278480887413024902e-01,5.000000000000000000e-01,4.616209268569946289e-01,2.116005569696426392e-01,-7.437390685081481934e-01,5.993069708347320557e-02,-1.691036373376846313e-01,-5.724497511982917786e-02,-7.735438942909240723e-01,6.427276134490966797e-01
1.752689242362976074e+00,1.883722245693206787e-01,3.018534481525421143e-01,-6.512780487537384033e-02,1.090885549783706665e-01,-9.868451356887817383e-01,-9.997376799583435059e-02,0.000000000000000000e+00,0.000000000000000000e+00,3.882951736450195312e-01,-2.169874906539916992e-01,8.593420498073101044e-03,-4.472437500953674316e-01,-1.517312377691268921e-01,-9.855302423238754272e-02,2.625690996646881104e-01,4.160208336543291807e-04,3.783127963542938232e-01,3.108760416507720947e-01,-3.219048976898193359e-01,4.499999880790710449e-01,-5.028432607650756836e-01,9.420554339885711670e-02,5.000000000000000000e-01,4.504587054252624512e-01,3.222197890281677246e-01,-1.111559152603149414e+00,-2.298445440828800201e-02,-2.334326356649398804e-01,-1.136642917990684509e-01,-6.903926730155944824e-01,3.144155144691467285e-01
1.739959001541137695e+00,1.911296695470809937e-01,3.047542273998260498e-01,-3.017394058406352997e-02,1.056184992194175720e-01,-9.857453107833862305e-01,-1.274379044771194458e-01,0.000000000000000000e+00,0.000000000000000000e+00,3.923744261264801025e-01,-2.190013676881790161e-01,2.680126111954450607e-03,-4.591020941734313965e-01,-1.484913527965545654e-01,-1.100532039999961853e-01,1.773624420166015625e-01,2.212294377386569977e-02,4.075069129467010498e-01,3.258212506771087646e-01,-2.568425536155700684e-01,4.499999880790710449e-01,-5.235833525657653809e-01,2.416208237409591675e-01,5.000000000000000000e-01,3.233533203601837158e-01,3.652105033397674561e-01,-1.268189430236816406e+00,-2.848231792449951172e-02,-1.899208873510360718e-01,-1.375387310981750488e-01,-7.994409203529357910e-01,8.785855770111083984e-02
1.726815223693847656e+00,1.919034570455551147e-01,3.062660396099090576e-01,3.818684257566928864e-03,1.054863184690475464e-01,-9.834125041961669922e-01,-1.475057154893875122e-01,0.000000000000000000e+00,0.000000000000000000e+00,3.866280615329742432e-01,-2.250461876392364502e-01,-2.059878248604051637e-18,-4.784687161445617676e-01,-1.475386321544647217e-01,-1.082947030663490295e-01,8.794442564249038696e-02,1.604943536221981049e-02,3.819065093994140625e-01,3.400000035762786865e-01,-1.957615911960601807e-01,4.499999880790710449e-01,-4.418514072895050049e-01,3.592123687267303467e-01,5.000000000000000000e-01,1.301879435777664185e-01,4.061638116836547852e-01,-1.291243672370910645e+00,-2.926710620522499084e-02,-1.565998196601867676e-01,-7.817315310239791870e-02,-9.039463996887207031e-01,-2.974254451692104340e-02
1.715910792350769043e+00,1.913317143917083740e-01,3.070909678936004639e-01,2.594044245779514313e-02,1.081623584032058716e-01,-9.812600016593933105e-01,-1.573430001735687256e-01,0.000000000000000000e+00,0.000000000000000000e+00,3.802510499954223633e-01,-2.227664589881896973e-01,-9.464842519160914416e-19,-5.085088014602661133e-01,-1.488306522369384766e-01,-1.104871705174446106e-01,4.504968598484992981e-02,-6.896498613059520721e-03,3.293538391590118408e-01,3.400000035762786865e-01,-1.152989044785499573e-01,4.499999880790710449e-01,-3.625504076480865479e-01,4.112410545349121094e-01,5.000000000000000000e-01,6.296540144830942154e-03,2.845457196235656738e-01,-1.228590607643127441e+00,-2.830858901143074036e-02,-1.016384661197662354e-01,-2.970770932734012604e-02,-9.858489632606506348e-01,-2.999999932944774628e-02
1.706365108489990234e+00,1.896540969610214233e-01,3.068545460700988770e-01,3.517738357186317444e-02,1.163240969181060791e-01,-9.797732830047607422e-01,-1.589829027652740479e-01,0.000000000000000000e+00,0.000000000000000000e+00,3.846268355846405029e-01,-2.023149430751800537e-01,6.282935128659308390e-19,-5.417496562004089355e-01,-1.475988477468490601e-01,-1.184603124856948853e-01,5.033969134092330933e-02,-2.089733444154262543e-02,2.548268139362335205e-01,3.400000035762786865e-01,-5.449143052101135254e-02,4.499999880790710449e-01,-3.053926229476928711e-01,4.257260560989379883e-01,5.000000000000000000e-01,2.037761919200420380e-02,2.040871232748031616e-01,-1.144292116165161133e+00,-2.793603017926216125e-02,-4.824446886777877808e-02,2.526973932981491089e-02,-9.980431199073791504e-01,-2.999999932944774628e-02
1.698642849922180176e+00,1.872441768646240234e-01,3.065550029277801514e-01,3.660023212432861328e-02,1.300300806760787964e-01,-9.789313077926635742e-01,-1.531212478876113892e-01,0.000000000000000000e+00,0.000000000000000000e+00,4.030579328536987305e-01,-1.760714501142501831e-01,1.775704485064521745e-18,-5.697321891784667969e-01,-1.372084319591522217e-01,-1.342487037181854248e-01,7.546808570623397827e-02,2.268114686012268066e-02,1.543928384780883789e-01,3.374264836311340332e-01,-4.722325876355171204e-02,4.367513656616210938e-01,-2.939504086971282959e-01,4.704907238483428955e-01,5.000000000000000000e-01,1.194140594452619553e-02,3.444039821624755859e-01,-1.003116011619567871e+00,-2.324585616588592529e-02,-9.959317743778228760e-03,1.302072256803512573e-01,-9.546813964843750000e-01,-2.977686747908592224e-02
1.693351745605468750e+00,1.846616417169570923e-01,3.064200580120086670e-01,4.000390693545341492e-02,1.476166546344757080e-01,-9.775518774986267090e-01,-1.449185609817504883e-01,0.000000000000000000e+00,0.000000000000000000e+00,4.321474432945251465e-01,-1.654879599809646606e-01,3.746480906035892623e-18,-5.983036756515502930e-01,-1.082753017544746399e-01,-1.829071044921875000e-01,1.394491493701934814e-01,5.258098244667053223e-02,9.142839163541793823e-02,3.341554105281829834e-01,-1.065281406044960022e-02,3.048898875713348389e-01,-3.499284684658050537e-01,4.932881295680999756e-01,5.000000000000000000e-01,1.388823147863149643e-02,4.317286014556884766e-01,-1.010279297828674316e+00,-2.003161236643791199e-02,2.299662306904792786e-02,1.558590382337570190e-01,-9.370246529579162598e-01,-2.999999932944774628e-02
1.691007971763610840e+00,1.824109405279159546e-01,3.065303266048431396e-01,3.859118744730949402e-02,1.630831807851791382e-01,-9.762005209922790527e-01,-1.376484334468841553e-01,0.000000000000000000e+00,0.000000000000000000e+00,4.584629833698272705e-01,-1.552260667085647583e-01,1.912936230228906695e-18,-6.285068988800048828e-01,-8.650149405002593994e-02,-2.580420076847076416e-01,2.529787421226501465e-01,4.254187270998954773e-02,4.822081699967384338e-02,3.280949890613555908e-01,3.151997178792953491e-02,2.054730802774429321e-01,-3.834698200225830078e-01,4.943350851535797119e-01,4.475213587284088135e-01,-1.429918338544666767e-03,4.952791929244995117e-01,-9.971613883972167969e-01,-1.970814727246761322e-02,5.660258978605270386e-02,1.464069932699203491e-01,-9.222614169120788574e-01,-2.959207631647586823e-02
1.690990924835205078e+00,1.810986399650573730e-01,3.063667714595794678e-01,2.769006788730621338e-02,1.688121855258941650e-01,-9.764237999916076660e-01,-1.316520869731903076e-01,0.000000000000000000e+00,0.000000000000000000e+00,4.731371104717254639e-01,-1.293712556362152100e-01,-3.026599887796559177e-18,-6.578389406204223633e-01,-9.728659689426422119e-02,-3.093194365501403809e-01,3.308515250682830811e-01,1.348922774195671082e-02,2.805114351212978363e-02,3.211713135242462158e-01,4.015233740210533142e-02,1.635820865631103516e-01,-3.091456592082977295e-01,5.182533264160156250e-01,3.559638857841491699e-01,1.061207614839076996e-02,5.151625871658325195e-01,-9.578148722648620605e-01,-1.962302438914775848e-02,7.426454871892929077e-02,1.415920704603195190e-01,-8.697003126144409180e-01,-2.857169508934020996e-02
1.694337129592895508e+00,1.811823546886444092e-01,3.061777353286743164e-01,1.017246954143047333e-02,1.667818278074264526e-01,-9.776602387428283691e-01,-1.275176852941513062e-01,0.000000000000000000e+00,0.000000000000000000e+00,4.770343303680419922e-01,-1.008927598595619202e-01,2.579482090136892884e-18,-6.819821596145629883e-01,-1.071629300713539124e-01,-3.331142365932464600e-01,3.214663863182067871e-01,-3.531191498041152954e-02,4.073815792798995972e-02,3.127523064613342285e-01,3.013070859014987946e-02,1.474936306476593018e-01,-7.791937887668609619e-02,5.387718677520751953e-01,3.697686791419982910e-01,3.803187608718872070e-02,4.767465889453887939e-01,-9.028217792510986328e-01,-2.028575912117958069e-02,6.715583056211471558e-02,1.099032834172248840e-01,-7.808651924133300781e-01,-2.773726359009742737e-02
1.699783563613891602e+00,1.834084987640380859e-01,3.057091832160949707e-01,-1.067220233380794525e-02,1.581503450870513916e-01,-9.800267219543457031e-01,-1.200923323631286621e-01,0.000000000000000000e+00,0.000000000000000000e+00,4.739890992641448975e-01,-7.772986590862274170e-02,1.719708183305014829e-18,-6.921728253364562988e-01,-1.007900163531303406e-01,-3.300088346004486084e-01,2.037736922502517700e-01,-5.855957791209220886e-02,7.463204115629196167e-02,3.027204573154449463e-01,2.177286893129348755e-03,1.255043745040893555e-01,2.165249884128570557e-01,5.348914861679077148e-01,4.878010451793670654e-01,6.453460454940795898e-02,3.992300331592559814e-01,-8.316877484321594238e-01,-2.067571878433227539e-02,4.291725531220436096e-02,5.126738920807838440e-02,-6.696195602416992188e-01,-2.735850028693675995e-02
1.705175757408142090e+00,1.872314214706420898e-01,3.050992786884307861e-01,-3.223594650626182556e-02,1.422306895256042480e-01,-9.836130142211914062e-01,-1.060034707188606262e-01,0.000000000000000000e+00,0.000000000000000000e+00,4.592693448066711426e-01,-6.456330418586730957e-02,-1.259258819110407957e-18,-6.649525761604309082e-01,-1.115313097834587097e-01,-3.091102242469787598e-01,8.830178529024124146e-02,3.578030318021774292e-02,1.059828177094459534e-01,2.978819012641906738e-01,-2.740766666829586029e-02,1.562849581241607666e-01,3.584417402744293213e-01,4.975996315479278564e-01,5.000000000000000000e-01,8.268902450799942017e-02,2.979243099689483643e-01,-7.796676158905029297e-01,-2.028352022171020508e-02,3.725474816747009754e-04,-2.996163070201873779e-02,-5.510020256042480469e-01,-2.626047842204570770e-02
1.709686994552612305e+00,1.917277872562408447e-01,3.043124377727508545e-01,-5.043745040893554688e-02,1.180012822151184082e-01,-9.879419803619384766e-01,-8.661664277315139771e-02,0.000000000000000000e+00,0.000000000000000000e+00,4.263169467449188232e-01,-5.756638199090957642e-02,3.540055916221753184e-19,-6.550667285919189453e-01,-1.553064882755279541e-01,-2.524617612361907959e-01,7.778422534465789795e-02,5.746046453714370728e-02,1.204765141010284424e-01,2.970613241195678711e-01,-5.371448025107383728e-02,1.727775335311889648e-01,4.300931394100189209e-01,4.356031417846679688e-01,5.000000000000000000e-01,9.273505955934524536e-02,1.942330002784729004e-01,-7.548643350601196289e-01,-2.045740187168121338e-02,-4.756247997283935547e-02,-1.214458197355270386e-01,-4.534372687339782715e-01,-2.475016750395298004e-02
1.713437080383300781e+00,1.960647106170654297e-01,3.039805591106414795e-01,-6.251215189695358276e-02,9.312217682600021362e-02,-9.914366602897644043e-01,-6.688680499792098999e-02,0.000000000000000000e+00,0.000000000000000000e+00,3.876277804374694824e-01,-6.305248290300369263e-02,-1.236951153857136484e-19,-6.273158788681030273e-01,-1.997251808643341064e-01,-2.063590586185455322e-01,9.359448403120040894e-02,2.491792477667331696e-02,1.224944591522216797e-01,2.966230213642120361e-01,-6.412704288959503174e-02,1.465594321489334106e-01,4.700880050659179688e-01,3.404551446437835693e-01,5.000000000000000000e-01,8.791813999414443970e-02,9.913474321365356445e-02,-7.412942647933959961e-01,-2.034082449972629547e-02,-9.302156418561935425e-02,-2.088315188884735107e-01,-3.777425885200500488e-01,-1.968573778867721558e-02
1.716354966163635254e+00,1.997779011726379395e-01,3.040533661842346191e-01,-7.089878618717193604e-02,6.996726244688034058e-02,-9.938927292823791504e-01,-4.748860746622085571e-02,0.000000000000000000e+00,0.000000000000000000e+00,3.469831645488739014e-01,-7.622097432613372803e-02,-7.924324093809000883e-19,-5.793963074684143066e-01,-2.468498945236206055e-01,-1.934625059366226196e-01,1.273947656154632568e-01,-1.074361242353916168e-02,1.168621480464935303e-01,2.944699823856353760e-01,-5.875182524323463440e-02,1.071734130382537842e-01,4.439885318279266357e-01,2.473996132612228394e-01,5.000000000000000000e-01,8.085636049509048462e-02,8.087292313575744629e-03,-7.325273156166076660e-01,-1.958468370139598846e-02,-1.227622255682945251e-01,-2.951411008834838867e-01,-3.221387267112731934e-01,2.253380045294761658e-02
