-5.256272852420806885e-02,3.848510608077049255e-02,3.117720484733581543e-01,-9.420457482337951660e-02,-3.226097524166107178e-01,-4.090524017810821533e-01,8.483658432960510254e-01,-7.346686124801635742e-01,-6.477347109466791153e-03,3.268504887819290161e-02,-1.071781873703002930e+00,3.905396163463592529e-02,1.138349696993827820e-01,-2.377758175134658813e-01,6.438073515892028809e-01,-2.182075262069702148e+00,9.765363484621047974e-02,-4.896889254450798035e-02,-5.552165955305099487e-02,8.797901123762130737e-02,1.069508865475654602e-01,-2.108706831932067871e-01,9.266594797372817993e-02,4.417378082871437073e-02,2.672308385372161865e-01,3.277012379840016365e-03,-5.887955427169799805e-02,3.518360434100031853e-03
2.496667206287384033e-03,-4.551368299871683121e-03,3.385671973228454590e-01,-2.122251838445663452e-01,1.057489067316055298e-01,-9.675059914588928223e-01,-8.780550211668014526e-02,5.035592317581176758e-01,5.856845378875732422e-01,-4.715736210346221924e-01,-6.034118652343750000e+00,4.175346493721008301e-01,1.039326842874288559e-02,2.206102460622787476e-01,5.902963280677795410e-01,-6.693867500871419907e-03,-6.414829939603805542e-02,-5.969209074974060059e-01,3.114660382270812988e-01,1.146563172340393066e+00,-7.718544453382492065e-02,-8.921610563993453979e-02,3.592754304409027100e-01,2.807342112064361572e-01,2.616725265979766846e-01,-7.731452584266662598e-02,-2.251861095428466797e-01,6.064313463866710663e-03
1.091387937776744366e-03,-5.072978325188159943e-03,3.385481238365173340e-01,-2.168548703193664551e-01,1.087552309036254883e-01,-9.665312767028808594e-01,-8.344809710979461670e-02,5.161237120628356934e-01,5.903518199920654297e-01,-4.766708910465240479e-01,-6.028460502624511719e+00,4.321822226047515869e-01,-8.912611752748489380e-03,2.201967090368270874e-01,6.029340028762817383e-01,7.681276183575391769e-03,-6.981716305017471313e-02,-6.077798604965209961e-01,2.690096199512481689e-01,1.159938216209411621e+00,-7.755728811025619507e-02,-1.024269461631774902e-01,3.604314923286437988e-01,2.819672524929046631e-01,2.784014046192169189e-01,-9.227537363767623901e-02,-2.401273846626281738e-01,1.427174080163240433e-03
-3.487583890091627836e-04,-5.394261330366134644e-03,3.388285636901855469e-01,-2.194726765155792236e-01,1.054753512144088745e-01,-9.670155048370361328e-01,-7.475124299526214600e-02,5.095630288124084473e-01,5.929312705993652344e-01,-4.790607392787933350e-01,-6.013844490051269531e+00,4.473929107189178467e-01,-2.069247327744960785e-02,2.094360589981079102e-01,6.123798489570617676e-01,1.579700410366058350e-02,-8.202648162841796875e-02,-5.871654152870178223e-01,2.102413922548294067e-01,1.129531502723693848e+00,-7.772899419069290161e-02,-1.171720027923583984e-01,3.663205206394195557e-01,2.965893745422363281e-01,2.960847914218902588e-01,-1.170684397220611572e-01,-2.505097687244415283e-01,7.840223843231797218e-04
-1.914498978294432163e-03,-5.451898090541362762e-03,3.391924202442169189e-01,-2.209172844886779785e-01,1.000910550355911255e-01,-9.680182933807373047e-01,-6.417056918144226074e-02,4.976794719696044922e-01,5.916576981544494629e-01,-4.784705638885498047e-01,-5.998061180114746094e+00,4.575209915637969971e-01,-2.274073474109172821e-02,1.931959539651870728e-01,6.160483360290527344e-01,2.087356150150299072e-02,-1.017143353819847107e-01,-5.189222097396850586e-01,1.271037161350250244e-01,1.066421627998352051e+00,-8.206262439489364624e-02,-1.290665864944458008e-01,3.759278655052185059e-01,3.127510547637939453e-01,3.077288568019866943e-01,-1.402579396963119507e-01,-2.517268061637878418e-01,1.688426360487937927e-02
-3.805998479947447777e-03,-5.006269551813602448e-03,3.395263552665710449e-01,-2.233399897813796997e-01,9.327617287635803223e-02,-9.688609242439270020e-01,-5.222363024950027466e-02,4.854443371295928955e-01,5.907742381095886230e-01,-4.737614691257476807e-01,-5.978201866149902344e+00,4.695162177085876465e-01,-1.791122183203697205e-02,1.704468131065368652e-01,6.148618459701538086e-01,2.711637131869792938e-02,-1.123681962490081787e-01,-3.975196182727813721e-01,3.064252063632011414e-02,9.925858974456787109e-01,-9.292880445718765259e-02,-1.345717161893844604e-01,3.836787939071655273e-01,3.180896639823913574e-01,3.064591884613037109e-01,-1.413541585206985474e-01,-2.490485757589340210e-01,6.569817662239074707e-02
-9.177121333777904510e-03,-3.005549311637878418e-03,3.425171673297882080e-01,-2.266996055841445923e-01,8.660268038511276245e-02,-9.692538976669311523e-01,-4.067065939307212830e-02,4.716479480266571045e-01,6.217788457870483398e-01,-4.723157584667205811e-01,-5.969491958618164062e+00,5.079285502433776855e-01,-6.975158583372831345e-03,1.361787468194961548e-01,6.335728764533996582e-01,3.910138830542564392e-02,-1.107876598834991455e-01,-2.319219559431076050e-01,-7.660982012748718262e-02,9.155055880546569824e-01,-9.873469173908233643e-02,-1.334751397371292114e-01,3.963490426540374756e-01,3.229607641696929932e-01,2.589993476867675781e-01,-4.467290267348289490e-02,-2.456305176019668579e-01,2.251340150833129883e-01
-1.415251754224300385e-02,-9.674832690507173538e-04,3.424683511257171631e-01,-2.309620976448059082e-01,7.819212228059768677e-02,-9.694684743881225586e-01,-2.594908326864242554e-02,4.676904380321502686e-01,6.289061903953552246e-01,-4.532279074192047119e-01,-5.944300651550292969e+00,5.516712069511413574e-01,-8.532452397048473358e-03,7.640575617551803589e-02,6.177521944046020508e-01,6.342968344688415527e-02,-6.302379816770553589e-02,-8.350483328104019165e-02,-2.088683396577835083e-01,8.604301810264587402e-01,-1.204426810145378113e-01,-9.637065976858139038e-02,3.880604803562164307e-01,1.802640408277511597e-01,1.917924880981445312e-01,2.517066895961761475e-01,-2.299974262714385986e-01,6.094020605087280273e-01
-1.650761067867279053e-02,-1.062094816006720066e-03,3.407928347587585449e-01,-2.330870479345321655e-01,7.225011289119720459e-02,-9.697226881980895996e-01,-9.396217763423919678e-03,4.729028046131134033e-01,5.916126370429992676e-01,-4.266816675662994385e-01,-5.914314270019531250e+00,5.620344877243041992e-01,-1.833875291049480438e-02,4.399651661515235901e-02,5.878373980522155762e-01,4.462262615561485291e-02,-3.673724131658673286e-04,7.481027860194444656e-03,-3.018627762794494629e-01,8.330885767936706543e-01,-1.602550595998764038e-01,-6.837198883295059204e-02,3.818822801113128662e-01,8.344873203895986080e-04,1.568380892276763916e-01,4.754908978939056396e-01,-2.241378575563430786e-01,8.251450657844543457e-01
-2.086724713444709778e-02,-1.819542841985821724e-03,3.416017293930053711e-01,-2.352770417928695679e-01,6.800764054059982300e-02,-9.695401191711425781e-01,3.415351733565330505e-03,4.724866449832916260e-01,5.785932540893554688e-01,-3.881355226039886475e-01,-5.900916099548339844e+00,5.912607908248901367e-01,-2.340221218764781952e-02,6.595212034881114960e-03,5.900745391845703125e-01,2.386914007365703583e-02,5.270389840006828308e-02,6.254547834396362305e-02,-3.786762952804565430e-01,8.004854321479797363e-01,-1.822153180837631226e-01,-3.119433671236038208e-02,3.864397108554840088e-01,-1.881900727748870850e-01,1.097233444452285767e-01,8.123230338096618652e-01,-2.265481054782867432e-01,1.004681825637817383e+00
-2.608090639114379883e-02,-2.133464440703392029e-03,3.425528705120086670e-01,-2.291801124811172485e-01,6.498395651578903198e-02,-9.711777567863464355e-01,8.202513679862022400e-03,4.608606398105621338e-01,5.488197803497314453e-01,-3.284898102283477783e-01,-5.903214454650878906e+00,6.002247333526611328e-01,-2.613632380962371826e-02,-5.272289738059043884e-03,5.824945569038391113e-01,2.047025132924318314e-03,1.025740131735801697e-01,7.504941523075103760e-02,-4.353120923042297363e-01,7.823608517646789551e-01,-2.043216526508331299e-01,-9.700789116322994232e-03,3.852431178092956543e-01,-3.739783763885498047e-01,1.181093323975801468e-02,1.200668334960937500e+00,-2.338565886020660400e-01,1.175565481185913086e+00
-3.022426366806030273e-02,-2.876187209039926529e-03,3.429116308689117432e-01,-2.204554527997970581e-01,6.744279712438583374e-02,-9.730544686317443848e-01,3.989249933511018753e-03,4.554359614849090576e-01,4.904348850250244141e-01,-2.211581915616989136e-01,-5.919230937957763672e+00,5.892491340637207031e-01,-2.257465012371540070e-02,2.406565286219120026e-02,5.754591822624206543e-01,-5.185213312506675720e-02,1.387237310409545898e-01,1.018910184502601624e-01,-4.887644052505493164e-01,7.707985043525695801e-01,-2.226837128400802612e-01,-1.855522952973842621e-02,3.820420503616333008e-01,-4.533661603927612305e-01,-1.390601694583892822e-01,1.382024884223937988e+00,-2.442062199115753174e-01,1.147406220436096191e+00
-3.598427399992942810e-02,-7.060718722641468048e-03,3.455061316490173340e-01,-2.120073437690734863e-01,7.647614926099777222e-02,-9.742686748504638672e-01,-2.197716385126113892e-03,4.476297199726104736e-01,4.531799554824829102e-01,-9.158420562744140625e-02,-5.954686641693115234e+00,5.919440984725952148e-01,-9.161538444459438324e-03,7.536642253398895264e-02,6.031926274299621582e-01,-1.316764503717422485e-01,1.310770958662033081e-01,1.420311182737350464e-01,-5.479122996330261230e-01,7.797515392303466797e-01,-1.982646584510803223e-01,-3.637391328811645508e-02,3.757226467132568359e-01,-3.695637881755828857e-01,-2.119144350290298462e-01,1.243315100669860840e+00,-2.327897697687149048e-01,7.185481786727905273e-01
-4.160947725176811218e-02,-1.232318300753831863e-02,3.446323573589324951e-01,-1.991635710000991821e-01,8.986942470073699951e-02,-9.757844209671020508e-01,-1.010499149560928345e-02,4.628681540489196777e-01,4.086331725120544434e-01,-6.318054348230361938e-02,-5.993659019470214844e+00,5.650482773780822754e-01,-6.557919085025787354e-03,1.498059183359146118e-01,5.845370292663574219e-01,-1.978319585323333740e-01,1.235555559396743774e-01,2.124670445919036865e-01,-6.213057041168212891e-01,8.416206240653991699e-01,-2.027758955955505371e-01,-8.882331848144531250e-02,3.678239583969116211e-01,-2.556737661361694336e-01,-1.842935681343078613e-01,9.707357287406921387e-01,-1.943085640668869019e-01,3.420101404190063477e-01
-4.951713606715202332e-02,-1.871407963335514069e-02,3.419521152973175049e-01,-1.983236223459243774e-01,1.138260588049888611e-01,-9.732782244682312012e-01,-2.099794894456863403e-02,5.383784770965576172e-01,4.044754803180694580e-01,-1.770214140415191650e-01,-6.041194438934326172e+00,5.560934543609619141e-01,-1.159381470642983913e-03,2.447636127471923828e-01,5.753480792045593262e-01,-2.489453405141830444e-01,1.029776781797409058e-01,2.737765908241271973e-01,-6.943155527114868164e-01,9.351814985275268555e-01,-2.221326828002929688e-01,-1.410395205020904541e-01,3.676563203334808350e-01,-1.701332777738571167e-01,-1.345583051443099976e-01,7.517462372779846191e-01,-1.389300376176834106e-01,1.046326905488967896e-01
-5.842473730444908142e-02,-3.008371032774448395e-02,3.383701741695404053e-01,-1.928240656852722168e-01,1.420573443174362183e-01,-9.702688455581665039e-01,-3.488535061478614807e-02,5.942019224166870117e-01,3.673246502876281738e-01,-3.145494163036346436e-01,-6.077727317810058594e+00,5.325886607170104980e-01,1.377917733043432236e-02,3.395324647426605225e-01,5.480440855026245117e-01,-3.171233832836151123e-01,9.244033694267272949e-02,2.836053967475891113e-01,-7.127360701560974121e-01,9.959250688552856445e-01,-2.345199286937713623e-01,-1.645090579986572266e-01,4.051736593246459961e-01,-8.332814276218414307e-02,-8.986037969589233398e-02,5.893285870552062988e-01,-2.078343741595745087e-02,-2.245684526860713959e-02
-7.110948860645294189e-02,-4.374462738633155823e-02,3.337635695934295654e-01,-1.789883375167846680e-01,1.649064272642135620e-01,-9.688512086868286133e-01,-4.578623175621032715e-02,6.177333593368530273e-01,3.551255464553833008e-01,-3.957281112670898438e-01,-6.084202289581298828e+00,5.089060664176940918e-01,3.278462216258049011e-02,4.156665205955505371e-01,4.928638935089111328e-01,-4.226974248886108398e-01,1.003653854131698608e-01,2.165567725896835327e-01,-6.899455189704895020e-01,9.991680383682250977e-01,-2.664074897766113281e-01,-1.476716548204421997e-01,5.719097256660461426e-01,1.244487147778272629e-02,-7.540816813707351685e-02,4.670987725257873535e-01,3.168147504329681396e-01,-1.086641103029251099e-02
-8.609458804130554199e-02,-5.275487154722213745e-02,3.263908624649047852e-01,-1.482176929712295532e-01,1.804181337356567383e-01,-9.705631136894226074e-01,-5.905977264046669006e-02,6.236883401870727539e-01,3.841160237789154053e-01,-4.209757745265960693e-01,-6.084132194519042969e+00,4.663852751255035400e-01,2.481282874941825867e-02,4.647764265537261963e-01,4.096503555774688721e-01,-4.482632875442504883e-01,1.304731518030166626e-01,1.550797671079635620e-01,-6.939314603805541992e-01,9.739165306091308594e-01,-3.005459308624267578e-01,-1.104299500584602356e-01,9.063903689384460449e-01,1.391755789518356323e-02,-3.832507133483886719e-02,3.828453123569488525e-01,1.257663130760192871e+00,-1.253661960363388062e-01
-9.497672319412231445e-02,-6.041488796472549438e-02,3.199018239974975586e-01,-1.214795932173728943e-01,1.981705427169799805e-01,-9.702811837196350098e-01,-6.727202236652374268e-02,6.287451386451721191e-01,3.952826261520385742e-01,-4.195867478847503662e-01,-6.103037834167480469e+00,4.321168959140777588e-01,-1.561157219111919403e-02,5.109286308288574219e-01,3.675704896450042725e-01,-4.397881031036376953e-01,1.724041104316711426e-01,1.215494871139526367e-01,-7.144094109535217285e-01,9.388868808746337891e-01,-3.097476959228515625e-01,-9.324445272795855999e-04,1.282716393470764160e+00,-6.569889932870864868e-02,-3.191547468304634094e-03,4.437150359153747559e-01,1.867168664932250977e+00,-2.359762191772460938e-01
-1.003920212388038635e-01,-6.669670343399047852e-02,3.217932283878326416e-01,-1.072893515229225159e-01,2.186228036880493164e-01,-9.674698114395141602e-01,-6.852166354656219482e-02,6.419847011566162109e-01,4.052098691463470459e-01,-4.219820499420166016e-01,-6.163842678070068359e+00,4.023748338222503662e-01,-3.879888728260993958e-02,5.822762250900268555e-01,3.410117328166961670e-01,-4.655528068542480469e-01,2.263628989458084106e-01,8.796146512031555176e-02,-6.885892152786254883e-01,8.888618946075439453e-01,-3.072856664657592773e-01,1.257908642292022705e-01,1.458934545516967773e+00,-9.670470654964447021e-02,5.335796624422073364e-02,4.810232520103454590e-01,1.684958100318908691e+00,-3.054042756557464600e-01
-1.027917042374610901e-01,-7.394865900278091431e-02,3.289916515350341797e-01,-1.042793318629264832e-01,2.367350906133651733e-01,-9.640293121337890625e-01,-6.107174977660179138e-02,6.568776369094848633e-01,4.205193519592285156e-01,-4.499608576297760010e-01,-6.240958690643310547e+00,3.392494320869445801e-01,2.099635777994990349e-03,6.850649714469909668e-01,3.351367115974426270e-01,-5.508569478988647461e-01,2.673145532608032227e-01,4.452597722411155701e-02,-6.123743653297424316e-01,8.005275130271911621e-01,-4.120053052902221680e-01,2.383058369159698486e-01,1.374286770820617676e+00,-4.988298192620277405e-02,1.247254088521003723e-01,4.933160841464996338e-01,5.422148704528808594e-01,-3.091587722301483154e-01
-1.079409047961235046e-01,-7.948229461908340454e-02,3.342178165912628174e-01,-7.465920597314834595e-02,2.332863211631774902e-01,-9.683921933174133301e-01,-4.711708053946495056e-02,6.201731562614440918e-01,3.415808677673339844e-01,-4.411778450012207031e-01,-6.283185482025146484e+00,2.093441337347030640e-01,5.687640234827995300e-02,6.622352600097656250e-01,2.921070754528045654e-01,-5.533310174942016602e-01,3.042136132717132568e-01,3.470586985349655151e-02,-6.015884876251220703e-01,7.809736728668212891e-01,-3.450234830379486084e-01,2.981486320495605469e-01,1.228486537933349609e+00,-5.868574604392051697e-02,1.215935796499252319e-01,5.063319802284240723e-01,1.768306791782379150e-01,-3.287650346755981445e-01
-1.148054748773574829e-01,-8.364389836788177490e-02,3.411552011966705322e-01,-5.928381159901618958e-02,2.082780897617340088e-01,-9.757268428802490234e-01,-3.259999677538871765e-02,5.517970323562622070e-01,3.014315366744995117e-01,-4.399955272674560547e-01,-6.283185482025146484e+00,6.847273558378219604e-02,2.217161059379577637e-01,6.188477277755737305e-01,2.708864212036132812e-01,-5.813094973564147949e-01,3.015348911285400391e-01,8.891246467828750610e-02,-6.018300056457519531e-01,7.552375197410583496e-01,-2.896040081977844238e-01,2.872631847858428955e-01,1.136382460594177246e+00,-2.790925838053226471e-02,1.399797350168228149e-01,4.845853447914123535e-01,6.342422962188720703e-02,-3.294975757598876953e-01
-1.212184503674507141e-01,-8.654784411191940308e-02,3.472215831279754639e-01,-6.604640930891036987e-02,1.815652698278427124e-01,-9.806551337242126465e-01,-3.142396360635757446e-02,5.069236159324645996e-01,3.138781785964965820e-01,-4.413237273693084717e-01,-6.283185482025146484e+00,-4.157409444451332092e-02,3.930718004703521729e-01,5.718413591384887695e-01,2.945599555969238281e-01,-5.837519764900207520e-01,2.651305496692657471e-01,1.632158160209655762e-01,-6.043074131011962891e-01,7.383387088775634766e-01,-2.911444604396820068e-01,2.706754505634307861e-01,1.149374127388000488e+00,8.023148402571678162e-03,1.686177104711532593e-01,4.390545487403869629e-01,1.122127249836921692e-01,-3.141551017761230469e-01
-1.261173784732818604e-01,-8.913815766572952271e-02,3.509274721145629883e-01,-9.281545132398605347e-02,1.537250429391860962e-01,-9.830600023269653320e-01,-3.670112416148185730e-02,4.814939796924591064e-01,3.774055540561676025e-01,-4.453422725200653076e-01,-6.283185482025146484e+00,-8.439585566520690918e-02,4.698304533958435059e-01,5.051030516624450684e-01,3.632085919380187988e-01,-5.494742393493652344e-01,2.065042555332183838e-01,2.010385841131210327e-01,-5.889526009559631348e-01,7.387678027153015137e-01,-2.745674252510070801e-01,2.532856464385986328e-01,1.170307159423828125e+00,5.238445475697517395e-02,1.884244233369827271e-01,3.665390610694885254e-01,1.714798957109451294e-01,-2.838373780250549316e-01
-1.321652680635452271e-01,-9.177670627832412720e-02,3.507943451404571533e-01,-1.574452817440032959e-01,1.336854696273803711e-01,-9.770806431770324707e-01,-5.150337144732475281e-02,5.290020108222961426e-01,5.525283217430114746e-01,-4.599618613719940186e-01,-6.283185482025146484e+00,-6.285228766500949860e-03,4.040379524230957031e-01,4.096562862396240234e-01,5.167274475097656250e-01,-4.743871390819549561e-01,1.394986361265182495e-01,1.652112305164337158e-01,-5.654967427253723145e-01,7.619956731796264648e-01,-2.333442270755767822e-01,2.900064289569854736e-01,1.140315175056457520e+00,9.725450724363327026e-02,1.707942038774490356e-01,2.603327929973602295e-01,1.393788903951644897e-01,-2.459718734025955200e-01
-1.400607377290725708e-01,-9.504149854183197021e-02,3.483466207981109619e-01,-2.303871810436248779e-01,1.145467460155487061e-01,-9.645180106163024902e-01,-5.921025574207305908e-02,6.090683937072753906e-01,7.738064527511596680e-01,-4.803991615772247314e-01,-6.283185482025146484e+00,1.269265413284301758e-01,2.475604265928268433e-01,3.098309934139251709e-01,6.737673878669738770e-01,-3.997535407543182373e-01,6.917342543601989746e-02,1.325217485427856445e-01,-5.580809712409973145e-01,7.846890687942504883e-01,-1.386639773845672607e-01,3.317244648933410645e-01,9.878570437431335449e-01,1.486420482397079468e-01,1.566702723503112793e-01,1.426038444042205811e-01,3.630882874131202698e-02,-1.994182020425796509e-01
-1.467365473508834839e-01,-9.797288477420806885e-02,3.423930108547210693e-01,-2.769654095172882080e-01,9.704416990280151367e-02,-9.535863995552062988e-01,-6.742114573717117310e-02,6.958879232406616211e-01,9.019711613655090332e-01,-4.762933254241943359e-01,-6.283185482025146484e+00,2.161956429481506348e-01,4.515283927321434021e-02,1.844509392976760864e-01,7.389003634452819824e-01,-2.724161148071289062e-01,2.287495136260986328e-02,1.137134954333305359e-01,-5.685942769050598145e-01,7.999049425125122070e-01,-1.232431307435035706e-01,3.823523521423339844e-01,8.305780291557312012e-01,1.362531781196594238e-01,1.638072729110717773e-01,3.911434486508369446e-02,-2.325453236699104309e-02,-1.555228829383850098e-01
-1.548941880464553833e-01,-1.029880642890930176e-01,3.405988216400146484e-01,-2.908730506896972656e-01,9.300017356872558594e-02,-9.507507681846618652e-01,-5.307308211922645569e-02,7.103544473648071289e-01,9.623482227325439453e-01,-4.728671014308929443e-01,-6.283185482025146484e+00,2.860253453254699707e-01,-4.196643829345703125e-02,1.390758007764816284e-01,7.471199035644531250e-01,-2.311876118183135986e-01,-4.404263570904731750e-02,8.394745737314224243e-02,-5.930900573730468750e-01,7.805017828941345215e-01,-8.239168673753738403e-02,4.112527370452880859e-01,6.145947575569152832e-01,1.504795104265213013e-01,1.808598339557647705e-01,-5.140328034758567810e-02,-4.538951441645622253e-02,-9.709919989109039307e-02
-1.636368930339813232e-01,-1.089702323079109192e-01,3.395937383174896240e-01,-2.811714410781860352e-01,9.580346196889877319e-02,-9.542154073715209961e-01,-3.517474979162216187e-02,6.887022852897644043e-01,9.521663188934326172e-01,-4.519051015377044678e-01,-6.282449245452880859e+00,3.373605608940124512e-01,-7.504382729530334473e-02,1.227887198328971863e-01,7.122052907943725586e-01,-2.054713219404220581e-01,-9.739036858081817627e-02,5.593239143490791321e-02,-6.343156099319458008e-01,7.743378281593322754e-01,-1.786274462938308716e-02,4.033705592155456543e-01,3.522845804691314697e-01,1.504222005605697632e-01,2.099810093641281128e-01,-9.772960096597671509e-02,-3.907221555709838867e-02,-7.981565780937671661e-03
-1.733210533857345581e-01,-1.141829416155815125e-01,3.405593335628509521e-01,-2.569128572940826416e-01,9.883885085582733154e-02,-9.612073302268981934e-01,-1.752413809299468994e-02,6.441296935081481934e-01,8.931683301925659180e-01,-4.149982035160064697e-01,-6.282046794891357422e+00,3.524721860885620117e-01,-1.098328903317451477e-01,1.222749277949333191e-01,6.637958288192749023e-01,-1.655634790658950806e-01,-1.471396386623382568e-01,5.127935484051704407e-02,-6.895283460617065430e-01,7.652019858360290527e-01,4.871123656630516052e-02,3.699391186237335205e-01,1.873401105403900146e-01,1.239182278513908386e-01,2.387874871492385864e-01,-1.467203628271818161e-02,-7.750215381383895874e-02,2.163640111684799194e-01
-1.865178197622299194e-01,-1.210472807288169861e-01,3.462264835834503174e-01,-2.237446606159210205e-01,1.025508642196655273e-01,-9.692286252975463867e-01,4.180060233920812607e-03,5.669826269149780273e-01,8.158861994743347168e-01,-3.624804615974426270e-01,-6.283127784729003906e+00,3.571039438247680664e-01,-1.312890350818634033e-01,1.519370377063751221e-01,6.351563930511474609e-01,-1.730519980192184448e-01,-1.902220845222473145e-01,4.573739320039749146e-02,-7.227079868316650391e-01,7.323918938636779785e-01,6.160184368491172791e-02,2.979742884635925293e-01,1.843395084142684937e-01,1.217858195304870605e-01,2.355820089578628540e-01,2.602804005146026611e-01,-2.442216724157333374e-01,6.944338679313659668e-01
-1.944629251956939697e-01,-1.246069967746734619e-01,3.479588031768798828e-01,-1.834206283092498779e-01,1.003030091524124146e-01,-9.778375625610351562e-01,1.139407139271497726e-02,4.966309070587158203e-01,6.445299386978149414e-01,-2.762720882892608643e-01,-6.282502174377441406e+00,2.931607961654663086e-01,-1.578018516302108765e-01,1.727049201726913452e-01,5.411584377288818359e-01,-1.750671863555908203e-01,-1.823360621929168701e-01,2.926326543092727661e-02,-7.054936885833740234e-01,7.311716079711914062e-01,-2.372305095195770264e-02,2.235624343156814575e-01,2.242341935634613037e-01,4.608789086341857910e-02,2.100874930620193481e-01,5.531835556030273438e-01,-3.229469060897827148e-01,9.758105278015136719e-01
-2.023164331912994385e-01,-1.290088444948196411e-01,3.534086048603057861e-01,-9.940157085657119751e-02,8.546919375658035278e-02,-9.906813502311706543e-01,3.694285079836845398e-02,3.327583968639373779e-01,3.835362493991851807e-01,-1.576061546802520752e-01,-6.283154964447021484e+00,1.725195795297622681e-01,-1.590966582298278809e-01,2.082350254058837891e-01,3.776914179325103760e-01,-2.453184574842453003e-01,-1.597871780395507812e-01,2.596925012767314911e-02,-6.787160634994506836e-01,7.468951344490051270e-01,-7.721047848463058472e-02,1.152449175715446472e-01,2.474454045295715332e-01,6.217439472675323486e-02,1.376948952674865723e-01,7.683936357498168945e-01,-3.543874919414520264e-01,1.047901988029479980e+00
-2.071364670991897583e-01,-1.336103975772857666e-01,3.539082705974578857e-01,-3.552257269620895386e-02,7.750634104013442993e-02,-9.955154061317443848e-01,4.098722338676452637e-02,2.603086531162261963e-01,1.649711430072784424e-01,-2.949126809835433960e-02,-6.283122062683105469e+00,5.125644803047180176e-02,-1.294639557600021362e-01,2.376171499490737915e-01,2.207499295473098755e-01,-2.337249070405960083e-01,-9.636041522026062012e-02,6.288029253482818604e-02,-6.867523193359375000e-01,7.723394632339477539e-01,-1.649439781904220581e-01,1.588634587824344635e-02,2.832867801189422607e-01,1.854711398482322693e-02,6.319537758827209473e-02,8.966909050941467285e-01,-3.308196067810058594e-01,8.243130445480346680e-01
-2.151327580213546753e-01,-1.394526660442352295e-01,3.507623076438903809e-01,-3.368505463004112244e-02,8.350672572851181030e-02,-9.954625964164733887e-01,3.075942583382129669e-02,3.057602941989898682e-01,1.210773512721061707e-01,2.095070295035839081e-02,-6.282841682434082031e+00,5.897737666964530945e-02,-9.919410198926925659e-02,2.983932197093963623e-01,2.021940052509307861e-01,-2.125140726566314697e-01,-5.382117256522178650e-02,1.255459636449813843e-01,-7.090500593185424805e-01,7.895581722259521484e-01,-2.228593826293945312e-01,-6.742087006568908691e-02,3.027552068233489990e-01,6.555260717868804932e-02,1.567175984382629395e-02,8.750942349433898926e-01,-2.942524552345275879e-01,5.763714909553527832e-01
-2.270169854164123535e-01,-1.479054689407348633e-01,3.465166985988616943e-01,-6.824287027120590210e-02,9.093720465898513794e-02,-9.934448599815368652e-01,1.185829658061265945e-02,3.819882869720458984e-01,1.591020673513412476e-01,-6.560678035020828247e-02,-6.253975868225097656e+00,1.482508927583694458e-01,-7.092630118131637573e-02,3.468420803546905518e-01,2.760335505008697510e-01,-1.872648000717163086e-01,-4.037737846374511719e-02,1.966061145067214966e-01,-7.406449317932128906e-01,7.959133386611938477e-01,-2.418245822191238403e-01,-1.223989874124526978e-01,2.944585978984832764e-01,1.674407124519348145e-01,1.161407306790351868e-02,7.678003311157226562e-01,-2.528640925884246826e-01,4.146329462528228760e-01
-2.395395189523696899e-01,-1.593683212995529175e-01,3.433109819889068604e-01,-8.098210394382476807e-02,9.445245563983917236e-02,-9.921514987945556641e-01,-1.249118335545063019e-02,4.062441289424896240e-01,1.311979144811630249e-01,-2.290395349264144897e-01,-6.211033344268798828e+00,1.836811304092407227e-01,-4.629710689187049866e-02,3.732537627220153809e-01,3.096939027309417725e-01,-1.554324626922607422e-01,-4.325195774435997009e-02,2.652939260005950928e-01,-7.657356858253479004e-01,8.153129816055297852e-01,-2.516582906246185303e-01,-1.619520634412765503e-01,2.657583653926849365e-01,2.706879675388336182e-01,3.154993057250976562e-02,6.504848599433898926e-01,-2.156983762979507446e-01,3.576650619506835938e-01
-2.524906098842620850e-01,-1.720607131719589233e-01,3.399229645729064941e-01,-7.619792968034744263e-02,9.464052319526672363e-02,-9.917837977409362793e-01,-4.002391546964645386e-02,4.101615250110626221e-01,5.646961927413940430e-02,-3.620482683181762695e-01,-6.159821510314941406e+00,1.594338566064834595e-01,-1.635217852890491486e-02,3.965675234794616699e-01,3.055779039859771729e-01,-1.426995396614074707e-01,-5.731401592493057251e-02,3.421995043754577637e-01,-7.675371170043945312e-01,8.429006934165954590e-01,-2.801447808742523193e-01,-2.039353400468826294e-01,2.426147907972335815e-01,3.275440335273742676e-01,4.721399769186973572e-02,5.318686366081237793e-01,-1.747680902481079102e-01,2.180747538805007935e-01
-2.685869634151458740e-01,-1.840410232543945312e-01,3.361284434795379639e-01,-8.065738528966903687e-02,1.052132695913314819e-01,-9.886748194694519043e-01,-7.033286988735198975e-02,4.607148766517639160e-01,2.057644352316856384e-02,-4.568524956703186035e-01,-6.118848800659179688e+00,1.562403589487075806e-01,1.718507520854473114e-02,4.457292556762695312e-01,3.150779306888580322e-01,-1.728314161300659180e-01,-7.810650765895843506e-02,3.967540562152862549e-01,-7.360904812812805176e-01,8.758183121681213379e-01,-3.256489336490631104e-01,-2.472597509622573853e-01,2.282470464706420898e-01,3.384128212928771973e-01,3.923604264855384827e-02,4.289763569831848145e-01,-1.314153522253036499e-01,1.382726728916168213e-01
-2.854970693588256836e-01,-1.958362609148025513e-01,3.320275843143463135e-01,-8.236628025770187378e-02,1.249337121844291687e-01,-9.833633303642272949e-01,-1.029753163456916809e-01,5.376294255256652832e-01,6.069077551364898682e-02,-5.003235936164855957e-01,-6.093118190765380859e+00,1.404980421066284180e-01,6.703934073448181152e-02,4.957261681556701660e-01,3.160885572433471680e-01,-2.078951895236968994e-01,-9.897577762603759766e-02,3.865689337253570557e-01,-6.853024959564208984e-01,8.853442072868347168e-01,-3.863173127174377441e-01,-2.782469987869262695e-01,2.264560610055923462e-01,2.932307422161102295e-01,1.377351582050323486e-03,3.842204213142395020e-01,-8.161363005638122559e-02,8.968710154294967651e-02
-3.027995824813842773e-01,-2.054014205932617188e-01,3.275323808193206787e-01,-9.210527688264846802e-02,1.529899239540100098e-01,-9.758479595184326172e-01,-1.258230358362197876e-01,6.179770231246948242e-01,2.007116675376892090e-01,-4.821777045726776123e-01,-6.081545829772949219e+00,1.395665109157562256e-01,1.218549013137817383e-01,5.235946774482727051e-01,3.239431679248809814e-01,-2.450521588325500488e-01,-1.047024950385093689e-01,2.987396419048309326e-01,-6.743615865707397461e-01,8.568242192268371582e-01,-4.033578634262084961e-01,-2.541698813438415527e-01,1.717477291822433472e-01,1.866263300180435181e-01,-7.295916974544525146e-02,4.099302291870117188e-01,-1.789188943803310394e-02,8.013641089200973511e-02
-3.225233554840087891e-01,-2.135124951601028442e-01,3.242988288402557373e-01,-1.147391125559806824e-01,1.730730235576629639e-01,-9.676803946495056152e-01,-1.430920809507369995e-01,6.712864637374877930e-01,3.667760193347930908e-01,-4.552475810050964355e-01,-6.048233509063720703e+00,1.336352378129959106e-01,2.152559459209442139e-01,5.374349951744079590e-01,3.605952262878417969e-01,-3.243766725063323975e-01,-9.887613356113433838e-02,1.321028620004653931e-01,-6.529499292373657227e-01,7.787888646125793457e-01,-3.834647834300994873e-01,-2.264324873685836792e-01,1.302640438079833984e-01,9.521648287773132324e-02,-1.524333059787750244e-01,4.173662662506103516e-01,8.306251466274261475e-02,2.405097521841526031e-02
-3.431334793567657471e-01,-2.183523327112197876e-01,3.240389525890350342e-01,-1.514178961515426636e-01,1.752396523952484131e-01,-9.595680832862854004e-01,-1.599775701761245728e-01,7.230843901634216309e-01,5.117890834808349609e-01,-3.921874761581420898e-01,-6.008696079254150391e+00,1.411629170179367065e-01,3.016309440135955811e-01,5.122444033622741699e-01,4.353207647800445557e-01,-4.195405840873718262e-01,-6.315906345844268799e-02,-3.847813606262207031e-02,-6.327731013298034668e-01,6.924463510513305664e-01,-3.377628028392791748e-01,-1.778146177530288696e-01,2.433823496103286743e-01,3.821891173720359802e-02,-2.304940372705459595e-01,3.888320624828338623e-01,3.621050417423248291e-01,-7.096798717975616455e-02
-3.654285371303558350e-01,-2.131429016590118408e-01,3.206175267696380615e-01,-1.826783716678619385e-01,1.691547930240631104e-01,-9.495611190795898438e-01,-1.906539201736450195e-01,8.275179266929626465e-01,6.818814873695373535e-01,-3.757551610469818115e-01,-6.076675415039062500e+00,1.474011391401290894e-01,3.341796398162841797e-01,4.883964061737060547e-01,5.304846763610839844e-01,-4.569465816020965576e-01,-3.812285512685775757e-02,-1.773318201303482056e-01,-6.285753846168518066e-01,5.855206847190856934e-01,-2.751589119434356689e-01,-1.214977353811264038e-01,6.631508469581604004e-01,7.028325460851192474e-03,-2.865383327007293701e-01,3.595314621925354004e-01,1.404739856719970703e+00,-1.733512431383132935e-01
-3.825682401657104492e-01,-2.057848423719406128e-01,3.194324374198913574e-01,-2.134313434362411499e-01,1.643102467060089111e-01,-9.357176423072814941e-01,-2.277754545211791992e-01,9.577941894531250000e-01,8.296319246292114258e-01,-3.621298670768737793e-01,-6.266527652740478516e+00,1.018845885992050171e-01,2.901181578636169434e-01,4.654716551303863525e-01,6.410127878189086914e-01,-5.074638128280639648e-01,4.358839243650436401e-03,-2.565930187702178955e-01,-6.030968427658081055e-01,5.010550618171691895e-01,-1.514587104320526123e-01,-4.069527983665466309e-02,1.038675069808959961e+00,3.713213838636875153e-03,-3.529848754405975342e-01,3.186197578907012939e-01,1.967473268508911133e+00,-2.254906296730041504e-01
-4.013942182064056396e-01,-2.047069370746612549e-01,3.229888975620269775e-01,-2.859688401222229004e-01,1.107453927397727966e-01,-9.134351611137390137e-01,-2.675696611404418945e-01,1.010587096214294434e+00,1.073099493980407715e+00,-3.334100544452667236e-01,-6.283185482025146484e+00,1.334337890148162842e-01,1.900786310434341431e-01,3.005379140377044678e-01,8.084694147109985352e-01,-5.320852994918823242e-01,1.037827804684638977e-01,-2.566705942153930664e-01,-5.585864782333374023e-01,4.672206342220306396e-01,-9.380848705768585205e-02,1.400989852845668793e-02,1.343730092048645020e+00,3.762248158454895020e-02,-4.139699339866638184e-01,2.286203652620315552e-01,1.714064598083496094e+00,-2.202750742435455322e-01
-4.191279709339141846e-01,-2.122682631015777588e-01,3.297534286975860596e-01,-3.429746627807617188e-01,9.292140603065490723e-02,-8.779563903808593750e-01,-3.208217024803161621e-01,1.061842560768127441e+00,1.306928753852844238e+00,-3.152853548526763916e-01,-6.283185482025146484e+00,2.739726305007934570e-01,2.835805714130401611e-02,1.575725823640823364e-01,1.001092314720153809e+00,-4.781278967857360840e-01,1.788060963153839111e-01,-2.808468043804168701e-01,-5.335870385169982910e-01,4.430210590362548828e-01,-1.440092474222183228e-01,1.127801537513732910e-01,1.451346278190612793e+00,1.243129447102546692e-01,-4.909341931343078613e-01,1.520218104124069214e-01,5.951431393623352051e-01,-1.520198881626129150e-01
-4.331172108650207520e-01,-2.112420946359634399e-01,3.317293226718902588e-01,-3.366645872592926025e-01,1.018518358469009399e-01,-8.653408885002136230e-01,-3.570271134376525879e-01,1.022282004356384277e+00,1.253564476966857910e+00,-2.328789234161376953e-01,-6.283185482025146484e+00,3.278762698173522949e-01,-4.791957885026931763e-02,4.050443693995475769e-02,1.017449736595153809e+00,-3.612022995948791504e-01,2.446170300245285034e-01,-3.638623058795928955e-01,-5.808001160621643066e-01,4.378586411476135254e-01,-2.629017271101474762e-02,1.446283049881458282e-02,1.263670444488525391e+00,5.662609636783599854e-02,-5.502512454986572266e-01,1.464007794857025146e-01,1.019883081316947937e-01,-1.036164760589599609e-01
-4.506560564041137695e-01,-2.051580846309661865e-01,3.375788033008575439e-01,-3.036454916000366211e-01,1.284839063882827759e-01,-8.567509651184082031e-01,-3.965716660022735596e-01,9.353091120719909668e-01,1.097829222679138184e+00,-8.169051259756088257e-02,-6.283185482025146484e+00,3.545630574226379395e-01,-8.463498950004577637e-02,9.780774265527725220e-02,9.980539083480834961e-01,-4.129598438739776611e-01,2.713451385498046875e-01,-4.446076452732086182e-01,-6.575871706008911133e-01,4.141310453414916992e-01,4.796030372381210327e-02,-2.459981292486190796e-02,1.104520082473754883e+00,2.228813804686069489e-02,-5.817958712577819824e-01,1.263597458600997925e-01,-8.845915645360946655e-02,2.421960420906543732e-02
-4.670707881450653076e-01,-2.017042636871337891e-01,3.399087786674499512e-01,-2.242359071969985962e-01,1.394332051277160645e-01,-8.609300255775451660e-01,-4.348288774490356445e-01,7.826947569847106934e-01,8.303408026695251465e-01,6.048429012298583984e-02,-6.283185482025146484e+00,2.942286431789398193e-01,-1.155133694410324097e-01,2.341822534799575806e-01,8.446776866912841797e-01,-5.777893662452697754e-01,2.733319401741027832e-01,-5.115390419960021973e-01,-7.440523505210876465e-01,3.751997053623199463e-01,1.065981090068817139e-01,-3.434745222330093384e-02,9.092012047767639160e-01,-7.809469848871231079e-02,-5.633740425109863281e-01,1.887216866016387939e-01,-1.263981759548187256e-01,3.139427602291107178e-01
-4.863052666187286377e-01,-1.986776888370513916e-01,3.388018906116485596e-01,-1.251652687788009644e-01,1.214553341269493103e-01,-8.783821463584899902e-01,-4.450023174285888672e-01,6.402739286422729492e-01,5.310090780258178711e-01,1.237520724534988403e-01,-6.283185482025146484e+00,1.651892662048339844e-01,-1.253420561552047729e-01,3.451371490955352783e-01,6.216307878494262695e-01,-7.552903294563293457e-01,2.477258294820785522e-01,-6.240009069442749023e-01,-8.273895978927612305e-01,3.585538268089294434e-01,1.643568575382232666e-01,-4.449350759387016296e-03,7.119424939155578613e-01,-2.509661018848419189e-01,-4.850831329822540283e-01,4.653436839580535889e-01,-1.980331987142562866e-01,7.856047153472900391e-01
-5.071946978569030762e-01,-1.993172168731689453e-01,3.350929021835327148e-01,-6.804583221673965454e-02,1.173048391938209534e-01,-8.672500252723693848e-01,-4.790477454662322998e-01,6.404119729995727539e-01,3.702178299427032471e-01,-2.310096658766269684e-02,-6.283185482025146484e+00,8.084816485643386841e-02,-1.329547166824340820e-01,3.751916885375976562e-01,5.248357653617858887e-01,-7.333879470825195312e-01,2.054658532142639160e-01,-7.943859100341796875e-01,-9.143261909484863281e-01,3.247983753681182861e-01,1.003067567944526672e-01,2.425298653542995453e-02,7.188186049461364746e-01,-3.522272706031799316e-01,-3.690440654754638672e-01,8.473694920539855957e-01,-3.254835307598114014e-01,1.253611922264099121e+00
-5.334388613700866699e-01,-1.994946151971817017e-01,3.339484632015228271e-01,-3.321927413344383240e-02,1.293603479862213135e-01,-8.404315114021301270e-01,-5.252020955085754395e-01,7.048321962356567383e-01,2.902715802192687988e-01,-2.149764001369476318e-01,-6.283185005187988281e+00,4.506262019276618958e-02,-1.312526464462280273e-01,4.095994234085083008e-01,5.050534009933471680e-01,-6.844499111175537109e-01,2.065646648406982422e-01,-9.681988358497619629e-01,-9.162036180496215820e-01,2.385095059871673584e-01,1.295785140246152878e-02,5.409322679042816162e-02,7.633025646209716797e-01,-4.400472939014434814e-01,-2.390795946121215820e-01,1.174971103668212891e+00,-4.655110538005828857e-01,1.347783207893371582e+00
-5.622335076332092285e-01,-1.994584798812866211e-01,3.330882191658020020e-01,-1.430999371223151684e-03,1.371662616729736328e-01,-8.031875491142272949e-01,-5.797181725502014160e-01,7.559381723403930664e-01,2.213855832815170288e-01,-3.572436571121215820e-01,-6.268751621246337891e+00,1.699848286807537079e-02,-1.417707055807113647e-01,4.072655141353607178e-01,5.051625370979309082e-01,-5.988411307334899902e-01,2.684462964534759521e-01,-1.058292031288146973e+00,-8.442927002906799316e-01,1.931868344545364380e-01,-7.243155688047409058e-02,8.676901459693908691e-02,8.152835965156555176e-01,-5.221689939498901367e-01,-1.695288270711898804e-01,1.357303261756896973e+00,-5.356227159500122070e-01,1.299554705619812012e+00
-5.918226838111877441e-01,-1.995622515678405762e-01,3.300977349281311035e-01,-2.035374054685235023e-03,1.270382851362228394e-01,-7.666744589805603027e-01,-6.293389201164245605e-01,7.357431650161743164e-01,2.197586148977279663e-01,-4.691780805587768555e-01,-6.163300991058349609e+00,1.421558856964111328e-02,-1.509871631860733032e-01,3.433772325515747070e-01,5.206602215766906738e-01,-5.117586851119995117e-01,3.217703998088836670e-01,-1.030969738960266113e+00,-7.838958501815795898e-01,2.465345412492752075e-01,-1.406535655260086060e-01,9.381140768527984619e-02,8.571944832801818848e-01,-5.577493309974670410e-01,-1.114447265863418579e-01,1.420884490013122559e+00,-5.489826798439025879e-01,1.270928263664245605e+00
-6.203589439392089844e-01,-1.968346089124679565e-01,3.242318928241729736e-01,-1.972300931811332703e-02,1.483578234910964966e-01,-7.234204411506652832e-01,-6.739909648895263672e-01,7.693877220153808594e-01,2.994144558906555176e-01,-5.375264883041381836e-01,-6.073382377624511719e+00,5.934676527976989746e-02,-1.561076790094375610e-01,3.162611126899719238e-01,5.816191434860229492e-01,-4.586504399776458740e-01,3.501656055450439453e-01,-9.661501646041870117e-01,-7.264226675033569336e-01,3.549041152000427246e-01,-1.836754381656646729e-01,9.685200452804565430e-02,8.516517281532287598e-01,-5.603690743446350098e-01,-7.711333036422729492e-02,1.431079268455505371e+00,-5.397102236747741699e-01,1.296121358871459961e+00
-6.461959481239318848e-01,-1.940569579601287842e-01,3.164793550968170166e-01,-2.694368362426757812e-02,1.810154169797897339e-01,-6.776047945022583008e-01,-7.122915387153625488e-01,8.298818469047546387e-01,4.414644539356231689e-01,-5.017760992050170898e-01,-6.023591041564941406e+00,8.114771544933319092e-02,-1.742467880249023438e-01,3.375432193279266357e-01,6.198073625564575195e-01,-4.471692144870758057e-01,3.688181638717651367e-01,-8.580372333526611328e-01,-6.534858942031860352e-01,4.909812510013580322e-01,-2.142279744148254395e-01,1.028029546141624451e-01,8.157371878623962402e-01,-5.438216328620910645e-01,-3.640065342187881470e-02,1.423786640167236328e+00,-5.177131891250610352e-01,1.377904295921325684e+00
-6.671118140220642090e-01,-1.917904615402221680e-01,3.103010952472686768e-01,-3.058966062963008881e-02,2.065431028604507446e-01,-6.470382809638977051e-01,-7.333114147186279297e-01,8.691034317016601562e-01,5.696374773979187012e-01,-4.112741351127624512e-01,-5.997522354125976562e+00,5.613472312688827515e-02,-1.343785375356674194e-01,3.712789118289947510e-01,6.324954628944396973e-01,-4.915702342987060547e-01,3.623923361301422119e-01,-7.773413062095642090e-01,-5.820382237434387207e-01,5.941819548606872559e-01,-2.249901741743087769e-01,1.093184277415275574e-01,7.639298439025878906e-01,-4.998801946640014648e-01,8.363155648112297058e-04,1.398558616638183594e+00,-4.998159110546112061e-01,1.490048050880432129e+00
-6.802406907081604004e-01,-1.920298188924789429e-01,3.095741569995880127e-01,-1.457069255411624908e-02,2.150590717792510986e-01,-6.476417183876037598e-01,-7.308197021484375000e-01,8.668950200080871582e-01,5.799773335456848145e-01,-3.506269454956054688e-01,-6.043046474456787109e+00,-2.719222195446491241e-02,5.027266219258308411e-02,4.311540126800537109e-01,5.842112302780151367e-01,-5.862448215484619141e-01,3.416586220264434814e-01,-6.904738545417785645e-01,-5.248174071311950684e-01,6.575875282287597656e-01,-2.178418189287185669e-01,8.993724733591079712e-02,7.156310081481933594e-01,-4.094356298446655273e-01,3.268231078982353210e-02,1.329220294952392578e+00,-4.831291437149047852e-01,1.595221400260925293e+00
-6.853601932525634766e-01,-1.943129450082778931e-01,3.122935593128204346e-01,-2.173515385948121548e-04,2.100891619920730591e-01,-6.560529470443725586e-01,-7.248841524124145508e-01,8.505093455314636230e-01,5.260697603225708008e-01,-3.057891726493835449e-01,-6.169385433197021484e+00,-1.869129240512847900e-01,4.516221284866333008e-01,4.720606803894042969e-01,5.208874344825744629e-01,-6.550659537315368652e-01,3.031131327152252197e-01,-5.814171433448791504e-01,-4.924446642398834229e-01,6.952516436576843262e-01,-1.970022320747375488e-01,3.754005581140518188e-02,6.862339377403259277e-01,-3.070647716522216797e-01,5.781448259949684143e-02,1.246020913124084473e+00,-4.247698485851287842e-01,1.713167905807495117e+00
-6.865343451499938965e-01,-1.919727474451065063e-01,3.148812353610992432e-01,-3.912443295121192932e-02,2.095701396465301514e-01,-6.371855139732360840e-01,-7.406377196311950684e-01,8.464401960372924805e-01,6.111514568328857422e-01,-2.828138470649719238e-01,-6.283185482025146484e+00,-2.450542002916336060e-01,8.003364801406860352e-01,4.233040809631347656e-01,5.877652168273925781e-01,-6.326015591621398926e-01,2.323475182056427002e-01,-5.378179550170898438e-01,-4.557715952396392822e-01,6.854671239852905273e-01,-1.716996431350708008e-01,-7.704329676926136017e-03,6.960284709930419922e-01,-2.517634034156799316e-01,5.090150237083435059e-02,1.222463369369506836e+00,-3.247952163219451904e-01,1.780810475349426270e+00
-6.913425326347351074e-01,-1.858942955732345581e-01,3.187710940837860107e-01,-9.456099569797515869e-02,2.229521721601486206e-01,-6.020468473434448242e-01,-7.608483433723449707e-01,8.697475790977478027e-01,8.041114807128906250e-01,-3.168512284755706787e-01,-6.283141136169433594e+00,-2.205536887049674988e-02,7.375435233116149902e-01,3.413032889366149902e-01,7.268633246421813965e-01,-5.638565421104431152e-01,2.188975811004638672e-01,-4.869044721126556396e-01,-3.936812281608581543e-01,6.676107048988342285e-01,-1.599516868591308594e-01,-1.257576420903205872e-02,7.312034368515014648e-01,-2.051770389080047607e-01,3.812934830784797668e-02,1.206582188606262207e+00,-2.651134431362152100e-01,1.796826839447021484e+00
-6.948590278625488281e-01,-1.805306077003479004e-01,3.209509551525115967e-01,-1.286939531564712524e-01,2.392525076866149902e-01,-5.671016573905944824e-01,-7.775549888610839844e-01,9.452315568923950195e-01,9.150744080543518066e-01,-3.394510447978973389e-01,-6.195230007171630859e+00,2.130227237939834595e-01,4.979076981544494629e-01,2.505545914173126221e-01,8.414974808692932129e-01,-4.423129856586456299e-01,2.475799769163131714e-01,-3.590430915355682373e-01,-3.356932401657104492e-01,6.812542080879211426e-01,-1.785908192396163940e-01,-5.981544498354196548e-03,8.052942752838134766e-01,-2.304566204547882080e-01,3.779757022857666016e-02,1.234422922134399414e+00,-2.246020734310150146e-01,1.809174895286560059e+00
-6.973846554756164551e-01,-1.667075157165527344e-01,3.286913335323333740e-01,-1.061584576964378357e-01,2.598403096199035645e-01,-5.679915547370910645e-01,-7.736917734146118164e-01,9.913524985313415527e-01,9.589076638221740723e-01,-3.875088393688201904e-01,-6.204957962036132812e+00,3.567855656147003174e-01,3.895274996757507324e-01,3.216658532619476318e-01,8.941177725791931152e-01,-4.970102012157440186e-01,2.728900015354156494e-01,-2.673655748367309570e-01,-2.212689518928527832e-01,7.373187541961669922e-01,-2.165074497461318970e-01,5.543652921915054321e-02,8.893595337867736816e-01,-1.559616178274154663e-01,5.401803064160048962e-04,1.197040319442749023e+00,-2.429659366607666016e-01,1.852880716323852539e+00
-6.996930241584777832e-01,-1.574345976114273071e-01,3.344168066978454590e-01,-6.198411434888839722e-02,2.577532827854156494e-01,-5.528646111488342285e-01,-7.899758815765380859e-01,9.969226717948913574e-01,9.073249697685241699e-01,-4.039376080036163330e-01,-6.257086753845214844e+00,3.551618456840515137e-01,2.384962290525436401e-01,3.685914278030395508e-01,8.958160281181335449e-01,-4.766256213188171387e-01,2.673111855983734131e-01,-2.819361984729766846e-01,-5.954981595277786255e-02,7.735041975975036621e-01,-2.583646774291992188e-01,5.059793591499328613e-02,9.713090658187866211e-01,-1.456526368856430054e-01,-2.420408837497234344e-02,1.206048965454101562e+00,-3.092186450958251953e-01,1.884730458259582520e+00
-7.019189000129699707e-01,-1.504365056753158569e-01,3.379442095756530762e-01,-1.830821484327316284e-02,2.266130447387695312e-01,-5.436260700225830078e-01,-8.079493045806884766e-01,9.126134514808654785e-01,7.889252901077270508e-01,-3.834832012653350830e-01,-6.257001399993896484e+00,3.160496354103088379e-01,8.565469086170196533e-02,3.858522772789001465e-01,8.454864025115966797e-01,-4.549506008625030518e-01,2.501346766948699951e-01,-3.420756161212921143e-01,1.263655275106430054e-01,7.560613155364990234e-01,-3.213386833667755127e-01,3.301850333809852600e-02,1.086670637130737305e+00,-1.460982561111450195e-01,-4.411156475543975830e-02,1.235138416290283203e+00,-3.387639224529266357e-01,1.973883748054504395e+00
-7.054430842399597168e-01,-1.466401219367980957e-01,3.359559774398803711e-01,2.845118753612041473e-03,1.986726820468902588e-01,-5.331553220748901367e-01,-8.223542571067810059e-01,8.451521396636962891e-01,6.663166880607604980e-01,-3.270294070243835449e-01,-6.207864284515380859e+00,2.677592039108276367e-01,5.384064745157957077e-03,3.712598085403442383e-01,8.152067661285400391e-01,-4.147979021072387695e-01,2.493180036544799805e-01,-4.258998930454254150e-01,3.284080028533935547e-01,7.445693016052246094e-01,-3.659808933734893799e-01,6.527154147624969482e-02,1.178833365440368652e+00,-1.475841253995895386e-01,-5.464838817715644836e-02,1.268345952033996582e+00,-3.891243040561676025e-01,2.091097354888916016e+00
-7.115139365196228027e-01,-1.410614252090454102e-01,3.281117975711822510e-01,4.924200475215911865e-03,2.102675139904022217e-01,-5.136922001838684082e-01,-8.317953944206237793e-01,8.337345123291015625e-01,6.110590696334838867e-01,-3.503703773021697998e-01,-6.145047664642333984e+00,2.660019397735595703e-01,6.059794104658067226e-04,3.424028158187866211e-01,8.700172901153564453e-01,-3.134273588657379150e-01,2.465299367904663086e-01,-4.382967352867126465e-01,4.796417951583862305e-01,7.775187492370605469e-01,-3.692615032196044922e-01,1.035144105553627014e-01,1.219658017158508301e+00,-1.324228048324584961e-01,-5.248067155480384827e-02,1.274884462356567383e+00,-4.656489789485931396e-01,2.239367485046386719e+00
-7.221359610557556152e-01,-1.337935775518417358e-01,3.190097808837890625e-01,2.464083954691886902e-02,2.090142518281936646e-01,-4.939198791980743408e-01,-8.436521887779235840e-01,7.558611035346984863e-01,4.808254241943359375e-01,-4.481400847434997559e-01,-6.113308906555175781e+00,2.254413515329360962e-01,1.432967372238636017e-02,3.170483708381652832e-01,8.913351893424987793e-01,-1.755703091621398926e-01,2.224781364202499390e-01,-3.749777376651763916e-01,5.888677835464477539e-01,8.333486914634704590e-01,-3.672745227813720703e-01,6.617867946624755859e-02,1.265504479408264160e+00,-5.612838640809059143e-02,-1.898464187979698181e-02,1.260280489921569824e+00,-5.657114386558532715e-01,2.473059654235839844e+00
-7.365677356719970703e-01,-1.312697529792785645e-01,3.081497848033905029e-01,2.772201411426067352e-02,1.861928999423980713e-01,-4.770807027816772461e-01,-8.584623932838439941e-01,6.559561491012573242e-01,3.246580362319946289e-01,-5.135545730590820312e-01,-6.029319763183593750e+00,1.339210271835327148e-01,4.367753490805625916e-02,2.381414026021957397e-01,8.595229983329772949e-01,-4.740440100431442261e-02,2.157874852418899536e-01,-2.850655615329742432e-01,6.566398739814758301e-01,8.865112066268920898e-01,-3.905160427093505859e-01,-7.494861725717782974e-03,1.332567214965820312e+00,-9.195412695407867432e-02,2.454687654972076416e-02,1.320820212364196777e+00,-6.200684309005737305e-01,2.583028316497802734e+00
-7.471344470977783203e-01,-1.267649233341217041e-01,2.992601096630096436e-01,4.035334568470716476e-03,1.814536899328231812e-01,-4.712132811546325684e-01,-8.631432652473449707e-01,5.824120640754699707e-01,3.087096512317657471e-01,-4.346022009849548340e-01,-5.898483276367187500e+00,1.323807984590530396e-01,7.322617620229721069e-02,1.381701678037643433e-01,8.719636797904968262e-01,1.636491157114505768e-02,2.277320772409439087e-01,-2.183888554573059082e-01,6.820632815361022949e-01,8.892362713813781738e-01,-4.229708611965179443e-01,-4.900652915239334106e-02,1.404621481895446777e+00,-1.739046126604080200e-01,-6.731808651238679886e-03,1.405933737754821777e+00,-6.100020408630371094e-01,2.622653484344482422e+00
-7.539817690849304199e-01,-1.222323775291442871e-01,2.958211600780487061e-01,-3.400020301342010498e-03,1.919163614511489868e-01,-4.610345959663391113e-01,-8.663738369941711426e-01,5.603116154670715332e-01,3.838689625263214111e-01,-4.192493259906768799e-01,-5.835700988769531250e+00,1.910527050495147705e-01,4.272513091564178467e-02,1.112786903977394104e-01,8.971259593963623047e-01,5.217617750167846680e-02,2.470020949840545654e-01,-2.236670851707458496e-01,7.334502935409545898e-01,9.224239587783813477e-01,-4.291301369667053223e-01,-6.504859775304794312e-02,1.414878487586975098e+00,-1.751400381326675415e-01,1.068562455475330353e-02,1.413757085800170898e+00,-6.198096871376037598e-01,2.632497310638427734e+00
-7.567530274391174316e-01,-1.182232350111007690e-01,2.987829148769378662e-01,-1.372578553855419159e-04,1.934447437524795532e-01,-4.514716267585754395e-01,-8.710640072822570801e-01,5.469613075256347656e-01,4.051569998264312744e-01,-3.998065590858459473e-01,-5.828054904937744141e+00,2.386550605297088623e-01,-3.300805389881134033e-02,1.163978576660156250e-01,9.087983369827270508e-01,6.629231572151184082e-02,2.655162811279296875e-01,-2.626045942306518555e-01,8.255832195281982422e-01,1.002046346664428711e+00,-4.168978035449981689e-01,-7.558020949363708496e-02,1.401750206947326660e+00,-1.484828144311904907e-01,4.145454987883567810e-02,1.400880098342895508e+00,-6.384695768356323242e-01,2.628144025802612305e+00
-7.572128772735595703e-01,-1.157164648175239563e-01,3.040155768394470215e-01,9.901459328830242157e-03,1.903048306703567505e-01,-4.463718533515930176e-01,-8.743215799331665039e-01,5.493865013122558594e-01,3.897681236267089844e-01,-3.990388512611389160e-01,-5.857817649841308594e+00,2.493222355842590332e-01,-9.992352873086929321e-02,1.301815658807754517e-01,9.151441454887390137e-01,7.294531911611557007e-02,2.714143693447113037e-01,-3.176590204238891602e-01,9.175195693969726562e-01,1.109048247337341309e+00,-3.838183879852294922e-01,-8.204538375139236450e-02,1.374189615249633789e+00,-1.062627732753753662e-01,6.742511689662933350e-02,1.380367636680603027e+00,-6.728464365005493164e-01,2.627770900726318359e+00
-7.561724781990051270e-01,-1.159535124897956848e-01,3.080746829509735107e-01,1.956726610660552979e-02,1.874165832996368408e-01,-4.494849443435668945e-01,-8.731869459152221680e-01,5.612125992774963379e-01,3.695830404758453369e-01,-4.212779402732849121e-01,-5.901185989379882812e+00,2.402779012918472290e-01,-1.323449611663818359e-01,1.376211047172546387e-01,9.196593761444091797e-01,8.347483724355697632e-02,2.647519409656524658e-01,-3.574545383453369141e-01,1.005699276924133301e+00,1.222498536109924316e+00,-3.331285119056701660e-01,-7.534294575452804565e-02,1.334447860717773438e+00,-6.385958194732666016e-02,8.272387832403182983e-02,1.348034858703613281e+00,-7.113426327705383301e-01,2.621331453323364258e+00
-7.545351386070251465e-01,-1.179308295249938965e-01,3.101027309894561768e-01,2.049962803721427917e-02,1.889469772577285767e-01,-4.597257375717163086e-01,-8.674854636192321777e-01,5.687585473060607910e-01,3.651816546916961670e-01,-4.570076465606689453e-01,-5.923405647277832031e+00,2.409840226173400879e-01,-1.272117048501968384e-01,1.261150240898132324e-01,9.319033622741699219e-01,1.073731780052185059e-01,2.559085488319396973e-01,-3.744890093803405762e-01,1.092683553695678711e+00,1.321854472160339355e+00,-2.702845931053161621e-01,-4.819328710436820984e-02,1.295417547225952148e+00,-3.371129930019378662e-02,8.889263868331909180e-02,1.299346804618835449e+00,-7.163493633270263672e-01,2.600807189941406250e+00
-7.534587383270263672e-01,-1.206253096461296082e-01,3.100993633270263672e-01,1.346954330801963806e-02,1.943736672401428223e-01,-4.747043550014495850e-01,-8.583083748817443848e-01,5.672143697738647461e-01,3.586784601211547852e-01,-4.670969843864440918e-01,-5.917988300323486328e+00,2.607540190219879150e-01,-1.056661456823348999e-01,8.799634128808975220e-02,9.466600418090820312e-01,1.563199162483215332e-01,2.472103387117385864e-01,-3.583770990371704102e-01,1.161085963249206543e+00,1.402172088623046875e+00,-2.243025749921798706e-01,-7.010965608060359955e-03,1.281665921211242676e+00,-2.180330827832221985e-02,8.621048927307128906e-02,1.240404129028320312e+00,-6.990953683853149414e-01,2.553165912628173828e+00
-7.526686191558837891e-01,-1.226616054773330688e-01,3.091236352920532227e-01,-2.056271070614457130e-03,1.981702893972396851e-01,-4.926787018775939941e-01,-8.473441004753112793e-01,5.457617640495300293e-01,3.542261421680450439e-01,-4.580331444740295410e-01,-5.879389286041259766e+00,2.916938364505767822e-01,-8.213361352682113647e-02,2.453541755676269531e-02,9.590594172477722168e-01,2.192084193229675293e-01,2.507746517658233643e-01,-3.197925388813018799e-01,1.187184214591979980e+00,1.460623383522033691e+00,-2.020492404699325562e-01,3.470115363597869873e-02,1.289028763771057129e+00,-1.286723930388689041e-02,7.178372889757156372e-02,1.169745683670043945e+00,-6.758453249931335449e-01,2.491164207458496094e+00
-7.517271041870117188e-01,-1.244933903217315674e-01,3.088524341583251953e-01,-1.768912002444267273e-02,1.933582723140716553e-01,-5.107275247573852539e-01,-8.375303745269775391e-01,5.069304108619689941e-01,3.413977921009063721e-01,-4.515157341957092285e-01,-5.837169647216796875e+00,3.141228854656219482e-01,-7.207269221544265747e-02,-3.908723220229148865e-02,9.577142596244812012e-01,2.651409804821014404e-01,2.839949727058410645e-01,-2.702154517173767090e-01,1.197105169296264648e+00,1.518632769584655762e+00,-1.864358633756637573e-01,6.937954574823379517e-02,1.297317266464233398e+00,7.947939448058605194e-03,5.287868902087211609e-02,1.088979721069335938e+00,-6.548212766647338867e-01,2.420919179916381836e+00
-7.505794763565063477e-01,-1.262755841016769409e-01,3.097285330295562744e-01,-2.963442541658878326e-02,1.842675209045410156e-01,-5.258482098579406738e-01,-8.298499584197998047e-01,4.674820899963378906e-01,3.201095163822174072e-01,-4.480301141738891602e-01,-5.809216022491455078e+00,3.215346336364746094e-01,-6.487389653921127319e-02,-9.980946779251098633e-02,9.515655636787414551e-01,2.986572384834289551e-01,2.910270392894744873e-01,-2.482404559850692749e-01,1.216429352760314941e+00,1.522586703300476074e+00,-1.611104756593704224e-01,8.845645934343338013e-02,1.295890688896179199e+00,4.752201959490776062e-02,3.369778022170066833e-02,9.948393702507019043e-01,-6.271439194679260254e-01,2.351890563964843750e+00
-7.489703893661499023e-01,-1.286949366331100464e-01,3.114151060581207275e-01,-3.663409873843193054e-02,1.762892305850982666e-01,-5.364621281623840332e-01,-8.244928717613220215e-01,4.406866133213043213e-01,2.947472333908081055e-01,-4.436275362968444824e-01,-5.801987171173095703e+00,3.161501884460449219e-01,-5.644109100103378296e-02,-1.385062038898468018e-01,9.465791583061218262e-01,3.190406560897827148e-01,2.892538905143737793e-01,-2.437132149934768677e-01,1.213188767433166504e+00,1.496254801750183105e+00,-1.239022836089134216e-01,8.025688678026199341e-02,1.276100039482116699e+00,9.909438341856002808e-02,2.404756657779216766e-02,8.948420286178588867e-01,-6.080688238143920898e-01,2.287718296051025391e+00
-7.472942471504211426e-01,-1.315505504608154297e-01,3.132368028163909912e-01,-3.886610269546508789e-02,1.737692207098007202e-01,-5.422553420066833496e-01,-8.211290240287780762e-01,4.333910942077636719e-01,2.750468254089355469e-01,-4.415819346904754639e-01,-5.811214923858642578e+00,3.035463392734527588e-01,-4.361514747142791748e-02,-1.532382369041442871e-01,9.441971182823181152e-01,3.286100327968597412e-01,2.652663290500640869e-01,-2.443390935659408569e-01,1.168423295021057129e+00,1.457989573478698730e+00,-7.776269316673278809e-02,7.161170989274978638e-02,1.230126142501831055e+00,1.482491195201873779e-01,2.222949638962745667e-02,8.050091266632080078e-01,-6.091840863227844238e-01,2.233857154846191406e+00
-7.463120222091674805e-01,-1.344562470912933350e-01,3.148857653141021729e-01,-3.844140842556953430e-02,1.777588576078414917e-01,-5.442486405372619629e-01,-8.189734220504760742e-01,4.423321485519409180e-01,2.680588066577911377e-01,-4.470837712287902832e-01,-5.827774524688720703e+00,2.909799218177795410e-01,-2.975337579846382141e-02,-1.513519734144210815e-01,9.464057683944702148e-01,3.254049122333526611e-01,1.917134374380111694e-01,-1.950927078723907471e-01,1.126060009002685547e+00,1.422198295593261719e+00,-3.774603828787803650e-02,7.071740180253982544e-02,1.171176075935363770e+00,1.865726858377456665e-01,2.043128758668899536e-02,7.287655472755432129e-01,-6.258423924446105957e-01,2.187434434890747070e+00
-7.462337017059326172e-01,-1.376070380210876465e-01,3.162789940834045410e-01,-3.674419224262237549e-02,1.886149048805236816e-01,-5.411794185638427734e-01,-8.186569213867187500e-01,4.669523239135742188e-01,2.783143520355224609e-01,-4.613823890686035156e-01,-5.849810600280761719e+00,2.827520966529846191e-01,-1.739993505179882050e-02,-1.355689167976379395e-01,9.491397738456726074e-01,3.164782822132110596e-01,8.353087306022644043e-02,-1.253834068775177002e-01,1.097641587257385254e+00,1.350541710853576660e+00,-1.222790591418743134e-02,7.701243460178375244e-02,1.106848359107971191e+00,2.145311534404754639e-01,1.800839230418205261e-02,6.656985282897949219e-01,-6.422615051269531250e-01,2.144020080566406250e+00
-7.473157048225402832e-01,-1.411828398704528809e-01,3.174452185630798340e-01,-3.465189039707183838e-02,2.049504220485687256e-01,-5.324428081512451172e-01,-8.205481171607971191e-01,5.022795796394348145e-01,2.998768091201782227e-01,-4.770853817462921143e-01,-5.876455307006835938e+00,2.805366218090057373e-01,-8.590618148446083069e-03,-1.071034148335456848e-01,9.491956830024719238e-01,3.043756484985351562e-01,-5.166234448552131653e-02,-3.454842418432235718e-02,9.883544445037841797e-01,1.204887986183166504e+00,1.787743531167507172e-03,7.569905370473861694e-02,1.034858703613281250e+00,2.352697849273681641e-01,1.477270200848579407e-02,6.195294857025146484e-01,-6.474038958549499512e-01,2.110198974609375000e+00
-7.483502626419067383e-01,-1.449727565050125122e-01,3.187681436538696289e-01,-3.688960522413253784e-02,2.323051244020462036e-01,-5.180526971817016602e-01,-8.223714828491210938e-01,5.526918768882751465e-01,3.362260758876800537e-01,-4.932077825069427490e-01,-5.895173072814941406e+00,3.070006072521209717e-01,-2.089822292327880859e-02,-3.949450701475143433e-02,9.633580446243286133e-01,2.731324136257171631e-01,-7.827828079462051392e-02,2.161716520786285400e-01,6.614161729812622070e-01,9.311381578445434570e-01,1.267634425312280655e-02,4.294728115200996399e-02,9.486413002014160156e-01,2.336738258600234985e-01,2.994977869093418121e-02,5.830127596855163574e-01,-6.183885335922241211e-01,2.051819324493408203e+00
-7.504686117172241211e-01,-1.503615975379943848e-01,3.186555802822113037e-01,-4.031784087419509888e-02,2.449143826961517334e-01,-5.028151869773864746e-01,-8.279905319213867188e-01,5.770755410194396973e-01,3.568036556243896484e-01,-4.994733631610870361e-01,-5.906644821166992188e+00,3.091042041778564453e-01,-1.214740332216024399e-02,2.345110476016998291e-02,9.415270686149597168e-01,2.296523898839950562e-01,-9.783837199211120605e-02,2.489447444677352905e-01,3.449868261814117432e-01,9.267384409904479980e-01,5.545011721551418304e-03,4.076539538800716400e-03,8.442885875701904297e-01,2.205401211977005005e-01,5.087117850780487061e-02,5.629164576530456543e-01,-6.277614831924438477e-01,2.011977195739746094e+00
-7.526266574859619141e-01,-1.547624766826629639e-01,3.179358243942260742e-01,-4.392746835947036743e-02,2.576530575752258301e-01,-4.878453612327575684e-01,-8.328818678855895996e-01,6.036652922630310059e-01,3.779082298278808594e-01,-5.008732676506042480e-01,-5.914528846740722656e+00,3.208031356334686279e-01,1.614631473785266280e-04,9.358654916286468506e-02,9.222076535224914551e-01,1.686782836914062500e-01,-1.104657649993896484e-01,2.821316719055175781e-01,1.063197180628776550e-01,9.566000699996948242e-01,-1.088759023696184158e-02,-3.686074540019035339e-02,7.584491372108459473e-01,2.094874233007431030e-01,7.045646011829376221e-02,5.450935959815979004e-01,-6.232630610466003418e-01,1.978067755699157715e+00
-7.546464204788208008e-01,-1.575593650341033936e-01,3.173705041408538818e-01,-4.309232532978057861e-02,2.673715353012084961e-01,-4.758230149745941162e-01,-8.368082046508789062e-01,6.313752532005310059e-01,3.922576606273651123e-01,-5.015484690666198730e-01,-5.931484699249267578e+00,3.318890929222106934e-01,1.032613124698400497e-02,1.560987830162048340e-01,9.018330574035644531e-01,9.966001659631729126e-02,-1.098898202180862427e-01,3.593082726001739502e-01,-6.502333283424377441e-02,9.671590328216552734e-01,-4.750743508338928223e-02,-6.661783903837203979e-02,7.134416103363037109e-01,1.838680654764175415e-01,7.915912568569183350e-02,5.966098308563232422e-01,-6.225743293762207031e-01,1.954169750213623047e+00
-7.565908432006835938e-01,-1.582666188478469849e-01,3.177281618118286133e-01,-3.416747227311134338e-02,2.746957540512084961e-01,-4.656362831592559814e-01,-8.405698537826538086e-01,6.657758355140686035e-01,4.006038606166839600e-01,-5.085847973823547363e-01,-5.968544006347656250e+00,3.345861732959747314e-01,1.272086985409259796e-02,2.133214324712753296e-01,8.783563971519470215e-01,1.336866803467273712e-02,-6.815873086452484131e-02,4.461123943328857422e-01,-1.754339486360549927e-01,9.808295369148254395e-01,-1.001961231231689453e-01,-6.812044978141784668e-02,7.030528187751770020e-01,1.177629828453063965e-01,6.108948215842247009e-02,7.502708435058593750e-01,-6.099566817283630371e-01,1.932177662849426270e+00
-7.592180967330932617e-01,-1.567459702491760254e-01,3.194297552108764648e-01,-1.927888765931129456e-02,2.810696661472320557e-01,-4.566849172115325928e-01,-8.438406586647033691e-01,7.035397291183471680e-01,4.098246395587921143e-01,-5.249633789062500000e-01,-6.015485763549804688e+00,3.317261934280395508e-01,2.757629845291376114e-04,2.520592212677001953e-01,8.569844961166381836e-01,-9.196371585130691528e-02,4.416274838149547577e-03,5.163272023200988770e-01,-2.261341810226440430e-01,1.009139895439147949e+00,-1.712274849414825439e-01,-3.103317320346832275e-02,7.293962836265563965e-01,-1.545917429029941559e-02,-8.616312406957149506e-03,1.012843489646911621e+00,-5.897414088249206543e-01,1.818032383918762207e+00
-7.621033787727355957e-01,-1.534509360790252686e-01,3.229359388351440430e-01,-4.625599365681409836e-03,2.850204706192016602e-01,-4.490164518356323242e-01,-8.468329906463623047e-01,7.304391860961914062e-01,4.199744462966918945e-01,-5.293415784835815430e-01,-6.051182746887207031e+00,3.320413231849670410e-01,-2.245784737169742584e-02,2.663539052009582520e-01,8.595299720764160156e-01,-1.904253363609313965e-01,6.710477918386459351e-02,5.234947204589843750e-01,-2.423076778650283813e-01,1.028449416160583496e+00,-2.411169111728668213e-01,3.017103113234043121e-02,7.746362686157226562e-01,-2.076790183782577515e-01,-1.308029741048812866e-01,1.391190886497497559e+00,-5.915647149085998535e-01,1.542044878005981445e+00
-7.673981189727783203e-01,-1.487587988376617432e-01,3.279335498809814453e-01,1.316024921834468842e-02,2.933747768402099609e-01,-4.409726858139038086e-01,-8.481162190437316895e-01,7.480256557464599609e-01,4.784635901451110840e-01,-5.462524890899658203e-01,-6.094106197357177734e+00,3.607035577297210693e-01,-2.468976005911827087e-02,3.037411868572235107e-01,9.092307090759277344e-01,-2.640244662761688232e-01,1.182430759072303772e-01,4.339476823806762695e-01,-2.440080493688583374e-01,9.947048425674438477e-01,-2.237357497215270996e-01,1.089095026254653931e-01,7.712016701698303223e-01,-2.379412502050399780e-01,-1.367593705654144287e-01,1.606276392936706543e+00,-6.237046122550964355e-01,9.501339793205261230e-01
-7.698358297348022461e-01,-1.443586200475692749e-01,3.287427723407745361e-01,3.366224467754364014e-02,2.936861217021942139e-01,-4.236164391040802002e-01,-8.562502264976501465e-01,7.812504172325134277e-01,4.940188527107238770e-01,-5.422700047492980957e-01,-6.137019157409667969e+00,3.490623831748962402e-01,-6.532505899667739868e-02,3.572133481502532959e-01,9.326493740081787109e-01,-3.206382691860198975e-01,1.740730702877044678e-01,3.278000652790069580e-01,-2.175902277231216431e-01,9.404745697975158691e-01,-2.264717519283294678e-01,1.474820226430892944e-01,7.929446101188659668e-01,-1.569397151470184326e-01,-1.106431335210800171e-01,1.503366231918334961e+00,-6.336635351181030273e-01,4.619164466857910156e-01
-7.685036659240722656e-01,-1.399184614419937134e-01,3.284092843532562256e-01,6.098613888025283813e-02,2.889686822891235352e-01,-3.949418365955352783e-01,-8.699417710304260254e-01,8.308535218238830566e-01,5.040488839149475098e-01,-5.348534584045410156e-01,-6.192857265472412109e+00,3.217701315879821777e-01,-1.175724938511848450e-01,4.447519779205322266e-01,9.324562549591064453e-01,-3.481552302837371826e-01,2.113969326019287109e-01,2.294227182865142822e-01,-1.771218627691268921e-01,9.098173379898071289e-01,-2.497063577175140381e-01,1.326028853654861450e-01,8.257988095283508301e-01,-3.093241341412067413e-02,-8.224072307348251343e-02,1.243023037910461426e+00,-6.550329327583312988e-01,1.991911977529525757e-01
-7.683135867118835449e-01,-1.361864507198333740e-01,3.289135098457336426e-01,8.555866032838821411e-02,2.859650254249572754e-01,-3.653267323970794678e-01,-8.817256093025207520e-01,8.734266757965087891e-01,5.239268541336059570e-01,-5.316170454025268555e-01,-6.236586570739746094e+00,3.078856170177459717e-01,-1.712640076875686646e-01,5.519424676895141602e-01,9.284895658493041992e-01,-3.612702786922454834e-01,2.387615442276000977e-01,1.598817557096481323e-01,-1.535038053989410400e-01,9.165764451026916504e-01,-2.853820323944091797e-01,7.358255982398986816e-02,8.708680868148803711e-01,1.133641004562377930e-01,3.671946004033088684e-02,1.044705271720886230e+00,-6.688616871833801270e-01,4.192215204238891602e-02
-7.670275568962097168e-01,-1.321669965982437134e-01,3.297816812992095947e-01,1.021253168582916260e-01,2.901117205619812012e-01,-3.342826664447784424e-01,-8.908763527870178223e-01,9.267092347145080566e-01,5.636443495750427246e-01,-5.232341289520263672e-01,-6.262706279754638672e+00,3.210401535034179688e-01,-2.213540971279144287e-01,6.269587874412536621e-01,9.456357955932617188e-01,-3.417733311653137207e-01,2.593210637569427490e-01,7.212531566619873047e-02,-1.289393007755279541e-01,9.353138804435729980e-01,-3.333225548267364502e-01,2.541666105389595032e-02,9.254839420318603516e-01,1.979874074459075928e-01,1.375056207180023193e-01,9.454830884933471680e-01,-6.553904414176940918e-01,-4.991685971617698669e-02
-7.651454806327819824e-01,-1.281377971172332764e-01,3.301575481891632080e-01,1.087850704789161682e-01,2.973869144916534424e-01,-3.048201203346252441e-01,-8.982268571853637695e-01,9.783696532249450684e-01,6.131998300552368164e-01,-5.036514401435852051e-01,-6.270450592041015625e+00,3.377099335193634033e-01,-2.584063112735748291e-01,6.449842453002929688e-01,9.785026907920837402e-01,-2.911520302295684814e-01,2.852139472961425781e-01,-7.436452060937881470e-02,-1.208711564540863037e-01,9.573234319686889648e-01,-3.948826789855957031e-01,-3.688701661303639412e-03,9.940472841262817383e-01,2.259717136621475220e-01,1.930129826068878174e-01,9.158707261085510254e-01,-6.181875467300415039e-01,-6.857691705226898193e-02
-7.635387778282165527e-01,-1.243815049529075623e-01,3.302188515663146973e-01,1.108817905187606812e-01,3.072410225868225098e-01,-2.868525981903076172e-01,-9.005686044692993164e-01,1.013700366020202637e+00,6.685511469841003418e-01,-4.967038035392761230e-01,-6.266580581665039062e+00,3.652691543102264404e-01,-2.716164886951446533e-01,6.726897358894348145e-01,1.008176445960998535e+00,-2.826073467731475830e-01,3.097459971904754639e-01,-2.399925291538238525e-01,-1.448115259408950806e-01,9.806249141693115234e-01,-4.319324493408203125e-01,-3.488901630043983459e-02,1.043359398841857910e+00,2.525666654109954834e-01,2.329304367303848267e-01,8.846352100372314453e-01,-5.721623301506042480e-01,-8.813825249671936035e-02
-7.627869844436645508e-01,-1.217939853668212891e-01,3.300797045230865479e-01,1.008770912885665894e-01,3.159792125225067139e-01,-2.795675694942474365e-01,-9.010121822357177734e-01,1.029062986373901367e+00,7.081542611122131348e-01,-4.786531627178192139e-01,-6.238696098327636719e+00,3.722962439060211182e-01,-2.529617249965667725e-01,6.356853246688842773e-01,1.034482955932617188e+00,-2.443677037954330444e-01,3.295148015022277832e-01,-3.205996751785278320e-01,-1.979231685400009155e-01,9.881184101104736328e-01,-4.559257328510284424e-01,-1.995815150439739227e-02,1.089335322380065918e+00,2.404927164316177368e-01,2.569174766540527344e-01,8.707764148712158203e-01,-4.988566935062408447e-01,-1.164380237460136414e-01
-7.626271843910217285e-01,-1.197582334280014038e-01,3.309389650821685791e-01,8.682120591402053833e-02,3.278506398200988770e-01,-2.850513160228729248e-01,-8.965052962303161621e-01,1.032830119132995605e+00,7.399362921714782715e-01,-4.659228920936584473e-01,-6.201259613037109375e+00,3.855983614921569824e-01,-2.086832374334335327e-01,6.113769412040710449e-01,1.043000340461730957e+00,-2.505501210689544678e-01,3.557251393795013428e-01,-2.861689925193786621e-01,-2.277907878160476685e-01,9.983964562416076660e-01,-4.365173280239105225e-01,1.077232956886291504e-01,1.119831204414367676e+00,2.407031953334808350e-01,3.020915687084197998e-01,8.128803968429565430e-01,-3.110671043395996094e-01,-1.434123814105987549e-01
-7.639107704162597656e-01,-1.221101209521293640e-01,3.320763707160949707e-01,7.280340045690536499e-02,3.384997248649597168e-01,-2.942851483821868896e-01,-8.907939195632934570e-01,1.030545473098754883e+00,7.500758767127990723e-01,-4.542417526245117188e-01,-6.175261497497558594e+00,3.892053365707397461e-01,-1.611142903566360474e-01,5.922553539276123047e-01,1.050740242004394531e+00,-2.415639907121658325e-01,3.440124690532684326e-01,-2.120721191167831421e-01,-2.283038645982742310e-01,1.023198962211608887e+00,-3.708684444427490234e-01,3.163493573665618896e-01,1.178434133529663086e+00,2.761349976062774658e-01,3.609500229358673096e-01,7.241511940956115723e-01,-1.338317394256591797e-01,-1.452237069606781006e-01
-7.674427032470703125e-01,-1.290140300989151001e-01,3.311749994754791260e-01,6.399690359830856323e-02,3.472713232040405273e-01,-3.104176223278045654e-01,-8.825802803039550781e-01,1.021430730819702148e+00,7.312558889389038086e-01,-4.574880599975585938e-01,-6.172024250030517578e+00,3.857670426368713379e-01,-1.234881356358528137e-01,5.563694834709167480e-01,1.078362941741943359e+00,-1.510283797979354858e-01,2.761007547378540039e-01,-1.335128247737884521e-01,-2.447126358747482300e-01,1.019154310226440430e+00,-9.743943065404891968e-02,4.915717542171478271e-01,1.082360148429870605e+00,4.295380711555480957e-01,4.504152238368988037e-01,5.379730463027954102e-01,-2.781432569026947021e-01,-8.434623479843139648e-02
-7.697997093200683594e-01,-1.306122392416000366e-01,3.280640542507171631e-01,5.515261366963386536e-02,3.449179530143737793e-01,-3.492553532123565674e-01,-8.694886565208435059e-01,9.725261330604553223e-01,6.879431605339050293e-01,-4.783347249031066895e-01,-6.148375511169433594e+00,3.845871984958648682e-01,-9.831895679235458374e-02,4.545986056327819824e-01,1.092349648475646973e+00,-7.443777471780776978e-02,2.007175683975219727e-01,-6.518851220607757568e-02,-2.274168580770492554e-01,1.013461947441101074e+00,2.782532274723052979e-01,5.724155306816101074e-01,9.120442271232604980e-01,6.037961244583129883e-01,4.752582907676696777e-01,3.599820733070373535e-01,-1.880637556314468384e-01,-6.095758173614740372e-03
-7.736145853996276855e-01,-1.242866739630699158e-01,3.238281011581420898e-01,5.440801754593849182e-02,3.280800879001617432e-01,-3.954473435878753662e-01,-8.561685681343078613e-01,9.033256173133850098e-01,6.370484232902526855e-01,-5.088272690773010254e-01,-6.126347541809082031e+00,3.766354322433471680e-01,-8.874387294054031372e-02,4.075176119804382324e-01,1.068366646766662598e+00,-1.407755464315414429e-01,1.420716643333435059e-01,1.778507977724075317e-02,-1.625833958387374878e-01,1.019226789474487305e+00,4.796736836433410645e-01,5.192930698394775391e-01,8.105474114418029785e-01,7.101111412048339844e-01,4.314880967140197754e-01,2.849525511264801025e-01,-2.091900259256362915e-01,8.314456790685653687e-02
-7.762271761894226074e-01,-1.197392120957374573e-01,3.187516927719116211e-01,5.308673530817031860e-02,3.025036454200744629e-01,-4.316809475421905518e-01,-8.481302261352539062e-01,8.373616933822631836e-01,5.611003637313842773e-01,-5.267169475555419922e-01,-6.100553512573242188e+00,3.595247864723205566e-01,-1.087742149829864502e-01,3.623409271240234375e-01,1.004474401473999023e+00,-1.740457415580749512e-01,1.301979273557662964e-01,1.173067986965179443e-01,-1.458915472030639648e-01,1.055218100547790527e+00,4.774178266525268555e-01,4.272607862949371338e-01,7.760486602783203125e-01,6.797267198562622070e-01,4.324165880680084229e-01,3.266644775867462158e-01,-2.699313759803771973e-01,1.811491250991821289e-01
-7.766228318214416504e-01,-1.147155463695526123e-01,3.174065351486206055e-01,5.535340681672096252e-02,2.763694822788238525e-01,-4.618953466415405273e-01,-8.409569859504699707e-01,7.713627219200134277e-01,5.142185091972351074e-01,-5.449073314666748047e-01,-6.081212997436523438e+00,3.616246283054351807e-01,-1.326192468404769897e-01,3.506967127323150635e-01,9.604953527450561523e-01,-2.210236042737960815e-01,1.363960057497024536e-01,2.006719112396240234e-01,-2.349218875169754028e-01,1.032979249954223633e+00,4.420491456985473633e-01,4.210150539875030518e-01,7.910682559013366699e-01,6.428850293159484863e-01,4.380914568901062012e-01,4.063018262386322021e-01,-3.466610312461853027e-01,2.702032625675201416e-01
-7.759604454040527344e-01,-1.090254411101341248e-01,3.184524774551391602e-01,6.367856264114379883e-02,2.515750825405120850e-01,-4.860099852085113525e-01,-8.345354199409484863e-01,7.169646620750427246e-01,4.890042245388031006e-01,-5.596594810485839844e-01,-6.088967323303222656e+00,3.549776077270507812e-01,-1.309433430433273315e-01,4.235769212245941162e-01,9.209924340248107910e-01,-3.367629945278167725e-01,1.568727642297744751e-01,2.037479877471923828e-01,-4.104113578796386719e-01,9.774541258811950684e-01,3.944203257560729980e-01,4.276407659053802490e-01,8.373169898986816406e-01,7.010052800178527832e-01,4.804311096668243408e-01,3.792143464088439941e-01,-3.747416734695434570e-01,2.353235930204391479e-01
-7.756482362747192383e-01,-1.076477393507957458e-01,3.169981539249420166e-01,7.168689370155334473e-02,2.295498847961425781e-01,-4.923942685127258301e-01,-8.364901542663574219e-01,6.964188814163208008e-01,4.267117977142333984e-01,-5.540446043014526367e-01,-6.107207298278808594e+00,3.076229393482208252e-01,-1.299498081207275391e-01,4.489792585372924805e-01,8.669338822364807129e-01,-3.542574048042297363e-01,1.715715974569320679e-01,1.670816987752914429e-01,-5.602469444274902344e-01,9.310618638992309570e-01,3.055451810359954834e-01,4.016844928264617920e-01,9.307551980018615723e-01,7.080653905868530273e-01,5.621817708015441895e-01,3.148576319217681885e-01,-3.765546679496765137e-01,1.572524011135101318e-01
-7.741233706474304199e-01,-1.049337536096572876e-01,3.177221417427062988e-01,7.947327196598052979e-02,2.096012234687805176e-01,-5.042953491210937500e-01,-8.339290022850036621e-01,6.691184043884277344e-01,3.780969083309173584e-01,-5.481936335563659668e-01,-6.120974063873291016e+00,2.766804695129394531e-01,-1.282372176647186279e-01,4.807463288307189941e-01,8.151286244392395020e-01,-3.840507268905639648e-01,1.709595769643783569e-01,7.480205595493316650e-02,-7.123977541923522949e-01,8.964918851852416992e-01,2.348969578742980957e-01,3.473851382732391357e-01,1.006430149078369141e+00,7.073631286621093750e-01,6.124604344367980957e-01,2.994712889194488525e-01,-3.800658881664276123e-01,1.117031127214431763e-01
-7.727247476577758789e-01,-1.015517786145210266e-01,3.186117708683013916e-01,8.416409045457839966e-02,2.017881125211715698e-01,-5.120266079902648926e-01,-8.306784629821777344e-01,6.609705686569213867e-01,3.545463681221008301e-01,-5.391826629638671875e-01,-6.128907680511474609e+00,2.662923336029052734e-01,-1.258850991725921631e-01,5.063820481300354004e-01,7.782184481620788574e-01,-4.121326208114624023e-01,1.626300960779190063e-01,-5.782068520784378052e-02,-8.542666435241699219e-01,8.631038665771484375e-01,1.749601215124130249e-01,3.000709414482116699e-01,1.033536076545715332e+00,6.958575248718261719e-01,6.371926665306091309e-01,2.935741841793060303e-01,-3.994117081165313721e-01,1.247571781277656555e-01
-7.713242173194885254e-01,-9.722293913364410400e-02,3.205676376819610596e-01,8.744397014379501343e-02,2.063128501176834106e-01,-5.149017572402954102e-01,-8.274446725845336914e-01,6.756467819213867188e-01,3.542006909847259521e-01,-5.173159837722778320e-01,-6.142328262329101562e+00,2.702852487564086914e-01,-1.151000708341598511e-01,5.192599296569824219e-01,7.594742178916931152e-01,-4.303083121776580811e-01,1.717247068881988525e-01,-2.041012495756149292e-01,-9.795978665351867676e-01,8.406798243522644043e-01,1.176098138093948364e-01,2.923240065574645996e-01,1.018423914909362793e+00,6.299353241920471191e-01,6.262468099594116211e-01,3.392834961414337158e-01,-4.155937135219573975e-01,1.705596148967742920e-01
-7.705520987510681152e-01,-8.982446044683456421e-02,3.253621459007263184e-01,9.304791688919067383e-02,2.199250459671020508e-01,-5.250952839851379395e-01,-8.168537020683288574e-01,6.911390423774719238e-01,3.870523571968078613e-01,-4.953029155731201172e-01,-6.163919448852539062e+00,3.062199056148529053e-01,-9.670867025852203369e-02,5.823444128036499023e-01,7.279622554779052734e-01,-5.249579548835754395e-01,2.153960019350051880e-01,-3.446599841117858887e-01,-1.082466244697570801e+00,8.159190416336059570e-01,7.778313010931015015e-02,2.854312956333160400e-01,9.576585292816162109e-01,5.205564498901367188e-01,5.503771901130676270e-01,5.204550027847290039e-01,-4.101977050304412842e-01,3.398084640502929688e-01
-7.697237730026245117e-01,-8.462407439947128296e-02,3.302052617073059082e-01,9.593981504440307617e-02,2.312912046909332275e-01,-5.207132101058959961e-01,-8.161848187446594238e-01,7.177506685256958008e-01,4.133007526397705078e-01,-4.608391523361206055e-01,-6.182431697845458984e+00,3.245961666107177734e-01,-8.518355339765548706e-02,6.162723302841186523e-01,7.082796692848205566e-01,-5.885732173919677734e-01,2.867441177368164062e-01,-4.630883038043975830e-01,-1.075036048889160156e+00,7.557698488235473633e-01,4.591774940490722656e-02,2.954216897487640381e-01,8.746454715728759766e-01,2.772806286811828613e-01,3.807993233203887939e-01,8.844507932662963867e-01,-4.109517931938171387e-01,5.242078304290771484e-01
-7.650914192199707031e-01,-7.700076699256896973e-02,3.338451087474822998e-01,9.259428828954696655e-02,2.443055659532546997e-01,-5.177271366119384766e-01,-8.146776556968688965e-01,7.491536140441894531e-01,4.595453441143035889e-01,-4.398075938224792480e-01,-6.183189868927001953e+00,3.751078248023986816e-01,-7.846152037382125854e-02,6.451206803321838379e-01,7.272540926933288574e-01,-6.709247827529907227e-01,3.927718698978424072e-01,-6.178252696990966797e-01,-9.518025517463684082e-01,6.439258456230163574e-01,6.430922448635101318e-02,3.532563745975494385e-01,7.602189183235168457e-01,-1.423164308071136475e-01,7.180948555469512939e-02,1.319256782531738281e+00,-3.956014811992645264e-01,4.450524151325225830e-01
-7.627193331718444824e-01,-7.010912150144577026e-02,3.341570496559143066e-01,1.031227484345436096e-01,2.356628179550170898e-01,-5.126242637634277344e-01,-8.191733956336975098e-01,7.571411728858947754e-01,4.472059905529022217e-01,-4.303299486637115479e-01,-6.190968990325927734e+00,3.486191332340240479e-01,-8.343371748924255371e-02,7.008280754089355469e-01,7.027693986892700195e-01,-7.523655295372009277e-01,4.736548364162445068e-01,-7.246831059455871582e-01,-8.030365705490112305e-01,5.391844511032104492e-01,5.348752066493034363e-02,4.047139585018157959e-01,7.169505953788757324e-01,-4.994190931320190430e-01,-2.374708503484725952e-01,1.554956912994384766e+00,-3.550985455513000488e-01,9.776522219181060791e-02
-7.627592682838439941e-01,-6.388837844133377075e-02,3.351667225360870361e-01,1.226166412234306335e-01,2.039724886417388916e-01,-5.173467993736267090e-01,-8.220174312591552734e-01,7.158059477806091309e-01,3.725681304931640625e-01,-4.258464276790618896e-01,-6.207314491271972656e+00,2.436535954475402832e-01,-6.926690042018890381e-02,7.756208777427673340e-01,5.919838547706604004e-01,-8.663868904113769531e-01,5.198764204978942871e-01,-7.564528584480285645e-01,-7.010121941566467285e-01,4.963933229446411133e-01,1.419189665466547012e-02,4.309580922126770020e-01,6.965726613998413086e-01,-5.493878722190856934e-01,-2.944397926330566406e-01,1.561667561531066895e+00,-3.107868731021881104e-01,-1.653403192758560181e-01
-7.636600732803344727e-01,-5.746671184897422791e-02,3.384312391281127930e-01,1.217465102672576904e-01,1.711867302656173706e-01,-5.389445424079895020e-01,-8.157277107238769531e-01,6.314024925231933594e-01,3.082568347454071045e-01,-4.386950135231018066e-01,-6.200427532196044922e+00,1.108181700110435486e-01,6.393812596797943115e-02,8.468237519264221191e-01,4.265132546424865723e-01,-1.059692502021789551e+00,5.572312474250793457e-01,-7.171061635017395020e-01,-6.031827926635742188e-01,4.920728206634521484e-01,7.147180382162332535e-03,4.458098709583282471e-01,6.495609879493713379e-01,-4.017234742641448975e-01,-1.499676853418350220e-01,1.415063738822937012e+00,-2.217819690704345703e-01,-3.144240081310272217e-01
-7.648799419403076172e-01,-5.537036806344985962e-02,3.435525000095367432e-01,1.296866238117218018e-01,1.423602849245071411e-01,-5.336830019950866699e-01,-8.234667181968688965e-01,5.862581133842468262e-01,2.464466840028762817e-01,-4.364281594753265381e-01,-6.265864849090576172e+00,-7.951515167951583862e-02,2.330865263938903809e-01,8.773362040519714355e-01,3.091576695442199707e-01,-1.084143996238708496e+00,5.518020391464233398e-01,-6.528633236885070801e-01,-5.822163820266723633e-01,5.069451928138732910e-01,-7.461965084075927734e-02,4.861283004283905029e-01,7.353673577308654785e-01,-2.603954672813415527e-01,1.471489085815846920e-04,1.290781736373901367e+00,-1.045941859483718872e-01,-3.363869786262512207e-01
-7.677820920944213867e-01,-5.622233077883720398e-02,3.475195765495300293e-01,1.045712530612945557e-01,1.041630432009696960e-01,-5.257278680801391602e-01,-8.377500176429748535e-01,4.908441305160522461e-01,2.101183086633682251e-01,-4.281458258628845215e-01,-6.283184051513671875e+00,-2.541741728782653809e-01,3.958039581775665283e-01,8.295255899429321289e-01,2.632252573966979980e-01,-1.028074502944946289e+00,5.197868943214416504e-01,-5.940206050872802734e-01,-6.065793633460998535e-01,5.258646011352539062e-01,-9.660619497299194336e-02,5.740739107131958008e-01,8.336610198020935059e-01,-1.470832824707031250e-01,1.166938468813896179e-01,1.190256237983703613e+00,-6.395031511783599854e-02,-3.380006849765777588e-01
-7.701985239982604980e-01,-5.698448047041893005e-02,3.493594527244567871e-01,6.013779714703559875e-02,4.950633272528648376e-02,-5.243942737579345703e-01,-8.479052186012268066e-01,3.373986482620239258e-01,1.569078415632247925e-01,-4.195231497287750244e-01,-6.283185482025146484e+00,-3.928028643131256104e-01,4.260610938072204590e-01,7.064949274063110352e-01,2.345717698335647583e-01,-9.560305476188659668e-01,4.611225724220275879e-01,-5.456689596176147461e-01,-6.508487462997436523e-01,5.366562604904174805e-01,-4.161679744720458984e-02,7.146092653274536133e-01,7.906686067581176758e-01,-8.327360451221466064e-02,1.979597955942153931e-01,1.125662922859191895e+00,-7.514102011919021606e-02,-3.459658622741699219e-01
-7.729568481445312500e-01,-5.496609583497047424e-02,3.489766418933868408e-01,1.642401143908500671e-02,-2.205466665327548981e-02,-5.269251465797424316e-01,-8.494667410850524902e-01,1.594806313514709473e-01,4.432269930839538574e-02,-3.785722553730010986e-01,-6.283185482025146484e+00,-4.874638319015502930e-01,2.632285058498382568e-01,5.572233200073242188e-01,1.959079205989837646e-01,-9.008056521415710449e-01,3.737079799175262451e-01,-4.897058010101318359e-01,-6.726965904235839844e-01,5.356310606002807617e-01,7.836297899484634399e-02,8.278783559799194336e-01,7.182969450950622559e-01,-2.857081033289432526e-02,2.425347864627838135e-01,1.086695432662963867e+00,-4.234857112169265747e-02,-3.515611886978149414e-01
-7.791144847869873047e-01,-5.394295230507850647e-02,3.463383615016937256e-01,-7.079725153744220734e-03,-8.982391655445098877e-02,-5.210159420967102051e-01,-8.487778902053833008e-01,3.555941209197044373e-02,-1.149445474147796631e-01,-3.099994659423828125e-01,-6.283185482025146484e+00,-5.357171297073364258e-01,7.796802371740341187e-02,4.410976767539978027e-01,1.350688040256500244e-01,-8.405559062957763672e-01,2.668461501598358154e-01,-4.225076436996459961e-01,-6.506443619728088379e-01,5.321338176727294922e-01,1.760310828685760498e-01,8.498366475105285645e-01,6.407133936882019043e-01,2.408129349350929260e-02,2.767871916294097900e-01,1.067175745964050293e+00,-2.434814535081386566e-02,-3.348308205604553223e-01
-7.902319431304931641e-01,-5.221027508378028870e-02,3.378833532333374023e-01,-1.380680035799741745e-02,-1.011356562376022339e-01,-5.119341611862182617e-01,-8.529386520385742188e-01,6.677064299583435059e-02,-2.215878814458847046e-01,-2.227132320404052734e-01,-6.283185482025146484e+00,-5.144546031951904297e-01,2.543155103921890259e-02,4.161639511585235596e-01,1.187356635928153992e-01,-8.142469525337219238e-01,1.546487063169479370e-01,-3.437435925006866455e-01,-5.752518773078918457e-01,5.085896849632263184e-01,2.144231349229812622e-01,7.861663103103637695e-01,5.929418206214904785e-01,9.206464886665344238e-02,3.322150409221649170e-01,1.040341734886169434e+00,-3.747564554214477539e-02,-2.994553744792938232e-01
-8.030629158020019531e-01,-4.552103951573371887e-02,3.255040943622589111e-01,-3.379442170262336731e-02,-4.687766358256340027e-02,-4.934575557708740234e-01,-8.678479194641113281e-01,2.044938653707504272e-01,-2.019077241420745850e-01,-1.744488328695297241e-01,-6.249448776245117188e+00,-4.034324288368225098e-01,8.189848065376281738e-02,4.560954272747039795e-01,2.235026508569717407e-01,-7.989206314086914062e-01,5.417521670460700989e-02,-2.545497119426727295e-01,-4.786836206912994385e-01,4.763118922710418701e-01,2.587422430515289307e-01,6.484962105751037598e-01,5.361737608909606934e-01,2.482471913099288940e-01,4.516669213771820068e-01,9.302775263786315918e-01,-7.263024151325225830e-02,-2.352255880832672119e-01
-8.168321847915649414e-01,-3.159475326538085938e-02,3.160814046859741211e-01,-5.368173867464065552e-02,9.733572602272033691e-03,-4.522751867771148682e-01,-8.902082443237304688e-01,3.300848901271820068e-01,-1.280968934297561646e-01,-1.997748613357543945e-01,-6.205089569091796875e+00,-3.362530469894409180e-01,1.985512077808380127e-01,4.729437530040740967e-01,3.885768055915832520e-01,-7.030134201049804688e-01,-2.467479556798934937e-02,-1.405928134918212891e-01,-4.349084496498107910e-01,4.429594874382019043e-01,2.979385554790496826e-01,5.186501145362854004e-01,5.029030442237854004e-01,4.489930272102355957e-01,5.888346433639526367e-01,7.580616474151611328e-01,-9.172682464122772217e-02,-1.475793868303298950e-01
-8.318488001823425293e-01,-1.947055757045745850e-02,3.068474233150482178e-01,-4.291771724820137024e-02,4.546405375003814697e-02,-4.207852780818939209e-01,-9.050032496452331543e-01,4.282993376255035400e-01,-1.055193841457366943e-01,-2.638044059276580811e-01,-6.195598125457763672e+00,-3.427743017673492432e-01,2.968092858791351318e-01,4.713151752948760986e-01,5.141775012016296387e-01,-5.338923335075378418e-01,-8.879581093788146973e-02,5.608848368865437806e-05,-4.174460470676422119e-01,4.174471795558929443e-01,3.418255746364593506e-01,4.446451067924499512e-01,5.083209276199340820e-01,6.601337194442749023e-01,7.344251275062561035e-01,5.570196509361267090e-01,-1.412918567657470703e-01,-3.998092561960220337e-02
-8.480078577995300293e-01,-1.197462342679500580e-02,2.930453717708587646e-01,-1.506676618009805679e-02,8.903720974922180176e-02,-4.124822020530700684e-01,-9.064788222312927246e-01,5.336821675300598145e-01,-1.031451486051082611e-02,-3.781109452247619629e-01,-6.204118251800537109e+00,-3.370490670204162598e-01,3.632216453552246094e-01,4.515694975852966309e-01,6.242331862449645996e-01,-3.819402456283569336e-01,-1.202602386474609375e-01,1.241471618413925171e-01,-4.106761515140533447e-01,4.620095789432525635e-01,3.858342766761779785e-01,4.772501289844512939e-01,5.838801860809326172e-01,8.137195706367492676e-01,8.558837771415710449e-01,3.814496695995330811e-01,-3.023505210876464844e-01,5.373535677790641785e-02
-8.592116832733154297e-01,-5.298069445416331291e-04,2.841663658618927002e-01,7.933055050671100616e-03,1.418804824352264404e-01,-4.104507863521575928e-01,-9.007425308227539062e-01,6.310251951217651367e-01,1.561325490474700928e-01,-4.695385098457336426e-01,-6.205150604248046875e+00,-2.759253382682800293e-01,3.960869908332824707e-01,4.215863347053527832e-01,7.465842366218566895e-01,-3.014387488365173340e-01,-1.599250882863998413e-01,1.688762456178665161e-01,-3.632347881793975830e-01,5.321446061134338379e-01,4.166487157344818115e-01,5.593378543853759766e-01,6.741501688957214355e-01,8.898711800575256348e-01,8.848353624343872070e-01,2.797698378562927246e-01,-3.992453813552856445e-01,1.154953390359878540e-01
-8.679802417755126953e-01,1.203093957155942917e-02,2.839607298374176025e-01,3.699785843491554260e-02,1.627559810876846313e-01,-4.146535992622375488e-01,-8.945412635803222656e-01,6.596487760543823242e-01,2.189891934394836426e-01,-4.886376559734344482e-01,-6.226491928100585938e+00,-2.270809859037399292e-01,3.562387526035308838e-01,3.802468776702880859e-01,8.076165914535522461e-01,-2.465764582157135010e-01,-2.114465087652206421e-01,1.650594621896743774e-01,-2.707496881484985352e-01,4.975890517234802246e-01,4.436112344264984131e-01,6.589342951774597168e-01,7.764021754264831543e-01,9.071695804595947266e-01,8.585638403892517090e-01,2.412621825933456421e-01,-3.966725468635559082e-01,1.409432142972946167e-01
-8.767060041427612305e-01,2.085664309561252594e-02,2.863992154598236084e-01,6.801387667655944824e-02,1.526674479246139526e-01,-4.238896071910858154e-01,-8.901597261428833008e-01,6.459172964096069336e-01,1.708048284053802490e-01,-4.797813296318054199e-01,-6.249296188354492188e+00,-2.202170044183731079e-01,2.418145835399627686e-01,3.291105926036834717e-01,7.976586222648620605e-01,-2.026548236608505249e-01,-2.328151315450668335e-01,1.585580706596374512e-01,-2.211175560951232910e-01,4.251122474670410156e-01,4.642291069030761719e-01,7.338184118270874023e-01,8.767320513725280762e-01,8.539899587631225586e-01,8.383482694625854492e-01,2.552414238452911377e-01,-3.689562082290649414e-01,1.417335569858551025e-01
-8.815191984176635742e-01,2.965912781655788422e-02,2.945594489574432373e-01,9.771132469177246094e-02,1.227716505527496338e-01,-4.371696412563323975e-01,-8.855858445167541504e-01,5.894696116447448730e-01,1.105783060193061829e-01,-4.783897697925567627e-01,-6.255212783813476562e+00,-2.203990221023559570e-01,1.123663261532783508e-01,3.577471077442169189e-01,7.664266228675842285e-01,-2.216935902833938599e-01,-2.438734471797943115e-01,2.308630496263504028e-01,-2.755991220474243164e-01,3.679122626781463623e-01,5.328224897384643555e-01,7.119566202163696289e-01,9.362333416938781738e-01,9.096585512161254883e-01,8.266631960868835449e-01,2.606326043605804443e-01,-3.369002938270568848e-01,1.298491805791854858e-01
-8.852599263191223145e-01,3.548493981361389160e-02,2.997726202011108398e-01,1.173371225595474243e-01,9.683841466903686523e-02,-4.387094378471374512e-01,-8.856570124626159668e-01,5.486091375350952148e-01,5.406195670366287231e-02,-4.912470579147338867e-01,-6.256564617156982422e+00,-2.304881662130355835e-01,-2.141961827874183655e-02,3.848370611667633057e-01,7.504528164863586426e-01,-2.066806256771087646e-01,-2.590072453022003174e-01,2.618869245052337646e-01,-3.860272765159606934e-01,3.400017321109771729e-01,5.744569301605224609e-01,6.527147293090820312e-01,9.886457920074462891e-01,9.727674722671508789e-01,8.606396317481994629e-01,2.598344981670379639e-01,-3.295896649360656738e-01,1.057917922735214233e-01
-8.893671631813049316e-01,3.854225575923919678e-02,3.013759851455688477e-01,1.291666924953460693e-01,8.653270453214645386e-02,-4.340427517890930176e-01,-8.873752951622009277e-01,5.322110056877136230e-01,2.967778779566287994e-02,-4.997331798076629639e-01,-6.258734703063964844e+00,-2.283741384744644165e-01,-1.265711337327957153e-01,4.132112860679626465e-01,7.449470758438110352e-01,-1.851206868886947632e-01,-2.664402127265930176e-01,2.556349337100982666e-01,-4.202396869659423828e-01,3.038958907127380371e-01,5.694987177848815918e-01,5.933815836906433105e-01,1.036864280700683594e+00,1.027077794075012207e+00,8.959038257598876953e-01,2.556072473526000977e-01,-3.402462303638458252e-01,8.904378861188888550e-02
-8.932998776435852051e-01,3.887850046157836914e-02,3.009062111377716064e-01,1.365097612142562866e-01,8.959087729454040527e-02,-4.270752668380737305e-01,-8.893510699272155762e-01,5.365982651710510254e-01,3.348730504512786865e-02,-5.027385950088500977e-01,-6.266630649566650391e+00,-2.223597913980484009e-01,-1.843906342983245850e-01,4.487417042255401611e-01,7.504877448081970215e-01,-1.801520586013793945e-01,-2.656319737434387207e-01,2.201976478099822998e-01,-3.573750555515289307e-01,2.415360510349273682e-01,5.529267787933349609e-01,5.665680170059204102e-01,1.055703163146972656e+00,1.066905617713928223e+00,9.102031588554382324e-01,2.581025660037994385e-01,-3.511578440666198730e-01,7.186467945575714111e-02
-8.967888951301574707e-01,3.806252032518386841e-02,3.004257380962371826e-01,1.402168571949005127e-01,1.019808501005172729e-01,-4.167035818099975586e-01,-8.923549056053161621e-01,5.559792518615722656e-01,5.627293512225151062e-02,-4.957525432109832764e-01,-6.278986930847167969e+00,-2.095826715230941772e-01,-2.113987356424331665e-01,4.801138639450073242e-01,7.676660418510437012e-01,-1.894070953130722046e-01,-2.412064224481582642e-01,1.673461943864822388e-01,-2.253505587577819824e-01,1.935747712850570679e-01,5.434970855712890625e-01,5.720244646072387695e-01,1.036623477935791016e+00,1.084792017936706543e+00,8.929281234741210938e-01,2.708094716072082520e-01,-3.543555140495300293e-01,6.204372271895408630e-02
-8.995497226715087891e-01,3.670057654380798340e-02,3.003510832786560059e-01,1.371314376592636108e-01,1.197973340749740601e-01,-4.023845195770263672e-01,-8.971790671348571777e-01,5.813680887222290039e-01,9.512435644865036011e-02,-4.820772409439086914e-01,-6.283184051513671875e+00,-1.852862834930419922e-01,-2.284891456365585327e-01,4.979981780052185059e-01,7.971555590629577637e-01,-2.019939422607421875e-01,-2.161944955587387085e-01,1.383249759674072266e-01,-1.479772329330444336e-01,2.018210142850875854e-01,5.498676896095275879e-01,5.857841968536376953e-01,9.832020401954650879e-01,1.087064743041992188e+00,8.554075360298156738e-01,2.878441810607910156e-01,-3.495539128780364990e-01,5.275778099894523621e-02
-9.008433818817138672e-01,3.506468236446380615e-02,3.009970784187316895e-01,1.294235140085220337e-01,1.393869966268539429e-01,-3.850415050983428955e-01,-9.030857682228088379e-01,6.100288033485412598e-01,1.450406312942504883e-01,-4.670286774635314941e-01,-6.283185005187988281e+00,-1.535508632659912109e-01,-2.422098368406295776e-01,5.066049098968505859e-01,8.335327506065368652e-01,-2.112673819065093994e-01,-2.106419205665588379e-01,1.182927191257476807e-01,-1.640575379133224487e-01,2.545833885669708252e-01,5.638733506202697754e-01,5.998958945274353027e-01,9.077933430671691895e-01,1.076355099678039551e+00,8.118395805358886719e-01,3.039519488811492920e-01,-3.466204702854156494e-01,3.484771773219108582e-02
-9.006536006927490234e-01,3.369821980595588684e-02,3.023445606231689453e-01,1.202182993292808533e-01,1.602611541748046875e-01,-3.648163676261901855e-01,-9.092705845832824707e-01,6.455492377281188965e-01,2.035875022411346436e-01,-4.529374539852142334e-01,-6.283185005187988281e+00,-1.191667243838310242e-01,-2.512054741382598877e-01,5.101229548454284668e-01,8.736649751663208008e-01,-2.113231569528579712e-01,-2.126143574714660645e-01,8.897254616022109985e-02,-1.900000572204589844e-01,3.215847909450531006e-01,5.722942948341369629e-01,6.061221361160278320e-01,8.278572559356689453e-01,1.059515833854675293e+00,7.711989283561706543e-01,3.081569075584411621e-01,-3.484214544296264648e-01,3.875265829265117645e-03
-8.986359834671020508e-01,3.293861076235771179e-02,3.046799898147583008e-01,1.114496588706970215e-01,1.780331134796142578e-01,-3.478981554508209229e-01,-9.137012958526611328e-01,6.771451830863952637e-01,2.631407976150512695e-01,-4.456790089607238770e-01,-6.283185482025146484e+00,-8.416784554719924927e-02,-2.569862008094787598e-01,5.321854948997497559e-01,9.130080342292785645e-01,-2.359370589256286621e-01,-2.142895311117172241e-01,5.101319774985313416e-02,-2.055051475763320923e-01,3.933908343315124512e-01,5.963703393936157227e-01,6.088029742240905762e-01,7.330025434494018555e-01,1.067178130149841309e+00,7.295412421226501465e-01,2.954508960247039795e-01,-3.585745096206665039e-01,-3.338107839226722717e-02
-8.968244194984436035e-01,3.185051307082176208e-02,3.064772486686706543e-01,9.863571077585220337e-02,2.049891203641891479e-01,-3.204488158226013184e-01,-9.195449948310852051e-01,7.352289557456970215e-01,3.401847779750823975e-01,-4.320574700832366943e-01,-6.283185482025146484e+00,-3.951663896441459656e-02,-2.614406645298004150e-01,5.143797993659973145e-01,9.524972438812255859e-01,-2.327315509319305420e-01,-2.069899886846542358e-01,3.636285196989774704e-03,-2.115428000688552856e-01,4.777988493442535400e-01,5.798857808113098145e-01,6.385366320610046387e-01,6.231967210769653320e-01,9.886310100555419922e-01,6.602105498313903809e-01,3.350344300270080566e-01,-3.728235363960266113e-01,-5.817392840981483459e-02
-8.933200240135192871e-01,3.189849108457565308e-02,3.090620338916778564e-01,8.629230409860610962e-02,2.300199568271636963e-01,-2.947111129760742188e-01,-9.234662055969238281e-01,7.923604846000671387e-01,4.231110811233520508e-01,-4.262002408504486084e-01,-6.283185482025146484e+00,8.122506551444530487e-03,-2.615047097206115723e-01,5.110277533531188965e-01,9.935567975044250488e-01,-2.598544061183929443e-01,-1.987651139497756958e-01,-3.840563818812370300e-02,-2.096952646970748901e-01,5.546261668205261230e-01,5.844101905822753906e-01,6.742635965347290039e-01,4.856260418891906738e-01,9.199655652046203613e-01,5.768802762031555176e-01,3.789366483688354492e-01,-3.679299950599670410e-01,-8.421225845813751221e-02
-8.889265656471252441e-01,3.285265713930130005e-02,3.117134571075439453e-01,7.362999022006988525e-02,2.568214237689971924e-01,-2.663495242595672607e-01,-9.261097908020019531e-01,8.589247465133666992e-01,5.171350240707397461e-01,-4.214518070220947266e-01,-6.283185482025146484e+00,5.700028315186500549e-02,-2.518620193004608154e-01,5.031846761703491211e-01,1.035325407981872559e+00,-2.929421365261077881e-01,-2.015806287527084351e-01,-7.385351508855819702e-02,-1.990901529788970947e-01,6.043725013732910156e-01,5.808202028274536133e-01,7.128247618675231934e-01,3.398986160755157471e-01,8.246695399284362793e-01,4.787577986717224121e-01,4.444859623908996582e-01,-3.438354730606079102e-01,-1.123606488108634949e-01
-8.841568827629089355e-01,3.460576012730598450e-02,3.143959939479827881e-01,6.203614175319671631e-02,2.830512225627899170e-01,-2.367360740900039673e-01,-9.273562431335449219e-01,9.278237819671630859e-01,6.147726178169250488e-01,-4.182849526405334473e-01,-6.283185482025146484e+00,1.067772880196571350e-01,-2.372892200946807861e-01,4.812035262584686279e-01,1.076513767242431641e+00,-3.146335482597351074e-01,-2.153849154710769653e-01,-1.015188917517662048e-01,-1.969118714332580566e-01,6.105825901031494141e-01,5.771877765655517578e-01,7.496362328529357910e-01,2.029859572649002075e-01,7.054248452186584473e-01,3.733747005462646484e-01,5.294461250305175781e-01,-3.103261291980743408e-01,-1.398566663265228271e-01
-8.792793154716491699e-01,3.651982918381690979e-02,3.171527385711669922e-01,5.265268310904502869e-02,3.063191771507263184e-01,-2.072758078575134277e-01,-9.275952577590942383e-01,9.927399754524230957e-01,7.064912319183349609e-01,-4.172563254833221436e-01,-6.283185482025146484e+00,1.550043523311614990e-01,-2.248390763998031616e-01,4.462543129920959473e-01,1.111940860748291016e+00,-3.143404722213745117e-01,-2.408222556114196777e-01,-1.391445994377136230e-01,-1.892590075731277466e-01,6.038888692855834961e-01,5.654569268226623535e-01,7.758157253265380859e-01,9.224363416433334351e-02,5.775783061981201172e-01,2.755020856857299805e-01,6.155253052711486816e-01,-2.746946215629577637e-01,-1.663478314876556396e-01
-8.743125200271606445e-01,3.861470893025398254e-02,3.204767405986785889e-01,4.610581323504447937e-02,3.249597549438476562e-01,-1.798620522022247314e-01,-9.273214340209960938e-01,1.049088001251220703e+00,7.885407805442810059e-01,-4.195777773857116699e-01,-6.283185482025146484e+00,1.990338265895843506e-01,-2.174859046936035156e-01,4.250347316265106201e-01,1.127797245979309082e+00,-3.215991854667663574e-01,-2.607749998569488525e-01,-1.738532334566116333e-01,-1.469783335924148560e-01,6.157011389732360840e-01,4.835309982299804688e-01,7.667797207832336426e-01,8.071963489055633545e-02,4.526736736297607422e-01,1.965548247098922729e-01,6.842912435531616211e-01,-2.146892845630645752e-01,-1.912028342485427856e-01
-8.686110377311706543e-01,3.995683044195175171e-02,3.245322108268737793e-01,4.177108407020568848e-02,3.355740904808044434e-01,-1.618043035268783569e-01,-9.270731210708618164e-01,1.083316802978515625e+00,8.453374505043029785e-01,-4.232701659202575684e-01,-6.283185482025146484e+00,2.326782494783401489e-01,-2.136247009038925171e-01,4.197705388069152832e-01,1.099650979042053223e+00,-3.443358838558197021e-01,-2.470125406980514526e-01,-1.851148754358291626e-01,-6.395021826028823853e-02,6.582373380661010742e-01,2.986545264720916748e-01,6.980655193328857422e-01,2.413359433412551880e-01,3.385914862155914307e-01,1.484509855508804321e-01,7.015488743782043457e-01,-9.286301792599260807e-04,-2.178852111101150513e-01
-8.626576066017150879e-01,4.186467081308364868e-02,3.278616666793823242e-01,4.096613451838493347e-02,3.376212418079376221e-01,-1.557071208953857422e-01,-9.274098277091979980e-01,1.093492150306701660e+00,8.685415387153625488e-01,-4.224878549575805664e-01,-6.283185482025146484e+00,2.508962154388427734e-01,-2.069056332111358643e-01,4.126118719577789307e-01,1.034498572349548340e+00,-3.602463901042938232e-01,-2.078196555376052856e-01,-1.984917670488357544e-01,2.688095159828662872e-02,7.201873660087585449e-01,9.447960555553436279e-02,5.612348318099975586e-01,6.101587414741516113e-01,2.486170381307601929e-01,1.257025450468063354e-01,6.573208570480346680e-01,5.526223778724670410e-01,-2.466047555208206177e-01
-8.596351146697998047e-01,4.616556316614151001e-02,3.286227881908416748e-01,4.591183364391326904e-02,3.343272805213928223e-01,-1.607737839221954346e-01,-9.275069832801818848e-01,1.087301611900329590e+00,8.642001152038574219e-01,-4.173687696456909180e-01,-6.283185482025146484e+00,2.522188127040863037e-01,-1.930326223373413086e-01,4.053877592086791992e-01,9.802930355072021484e-01,-3.628749251365661621e-01,-1.741598844528198242e-01,-2.427676469087600708e-01,8.688680827617645264e-02,7.856722474098205566e-01,-1.832092925906181335e-02,3.558560609817504883e-01,1.058389306068420410e+00,2.092102617025375366e-01,1.126715093851089478e-01,5.847396254539489746e-01,1.072615623474121094e+00,-2.721596360206604004e-01
-8.639473915100097656e-01,5.030428990721702576e-02,3.277960419654846191e-01,5.261638760566711426e-02,3.359094262123107910e-01,-1.661236435174942017e-01,-9.256345629692077637e-01,1.078484773635864258e+00,8.677209019660949707e-01,-4.166866540908813477e-01,-6.283185482025146484e+00,2.499094307422637939e-01,-1.609304696321487427e-01,4.140103161334991455e-01,9.930590987205505371e-01,-4.010660350322723389e-01,-1.994444131851196289e-01,-3.059046864509582520e-01,1.348978728055953979e-01,8.357421755790710449e-01,-1.479284614324569702e-01,2.168592959642410278e-01,1.160005092620849609e+00,2.528221011161804199e-01,8.511148393154144287e-02,5.205407142639160156e-01,-1.315707713365554810e-01,-2.707059979438781738e-01
-8.587049841880798340e-01,5.342097580432891846e-02,3.289302587509155273e-01,5.665917694568634033e-02,3.323576152324676514e-01,-1.685571819543838501e-01,-9.262378811836242676e-01,1.077618837356567383e+00,8.544894456863403320e-01,-3.899435400962829590e-01,-6.283185482025146484e+00,2.445715665817260742e-01,-1.472009122371673584e-01,3.453207015991210938e-01,9.612534642219543457e-01,-3.625030219554901123e-01,-1.918099373579025269e-01,-3.355954885482788086e-01,1.449144631624221802e-01,8.555644750595092773e-01,-1.519523710012435913e-01,8.514729142189025879e-02,1.090946078300476074e+00,1.731952279806137085e-01,2.930184267461299896e-02,5.121881365776062012e-01,-3.862566128373146057e-02,-2.763642370700836182e-01
-8.551646471023559570e-01,5.517509579658508301e-02,3.291091024875640869e-01,6.107951328158378601e-02,3.262703716754913330e-01,-1.697369068861007690e-01,-9.279042482376098633e-01,1.069416284561157227e+00,8.432257175445556641e-01,-3.712581992149353027e-01,-6.283161640167236328e+00,2.341188192367553711e-01,-1.349529623985290527e-01,2.945438623428344727e-01,9.462673068046569824e-01,-3.034431040287017822e-01,-2.140282243490219116e-01,-3.377839028835296631e-01,1.406629085540771484e-01,8.683412671089172363e-01,-5.414713546633720398e-02,1.710712164640426636e-02,8.969906568527221680e-01,1.549206972122192383e-01,4.145084414631128311e-03,4.797204434871673584e-01,-1.661875545978546143e-01,-2.617667913436889648e-01
-8.510328531265258789e-01,5.630441755056381226e-02,3.299819529056549072e-01,6.371790915727615356e-02,3.206297755241394043e-01,-1.695741266012191772e-01,-9.297209978103637695e-01,1.062629103660583496e+00,8.362975120544433594e-01,-3.580448031425476074e-01,-6.281881332397460938e+00,2.300048768520355225e-01,-1.315324455499649048e-01,2.429477721452713013e-01,9.266893267631530762e-01,-2.290329933166503906e-01,-2.335854619741439819e-01,-3.146110177040100098e-01,1.179199069738388062e-01,8.742995262145996094e-01,2.793827280402183533e-02,1.017285604029893875e-02,6.770802140235900879e-01,1.384930312633514404e-01,-1.117656473070383072e-02,4.416460692882537842e-01,-2.292508184909820557e-01,-2.368821054697036743e-01
-8.476155996322631836e-01,5.720403417944908142e-02,3.307438790798187256e-01,6.199802458286285400e-02,3.147720992565155029e-01,-1.726327687501907349e-01,-9.312747716903686523e-01,1.047098636627197266e+00,8.264423608779907227e-01,-3.464267551898956299e-01,-6.267245292663574219e+00,2.279765456914901733e-01,-1.309023052453994751e-01,1.925534158945083618e-01,9.063057303428649902e-01,-1.777117699384689331e-01,-2.307521551847457886e-01,-2.966661751270294189e-01,9.802906215190887451e-02,8.844338655471801758e-01,3.314439207315444946e-02,3.581999614834785461e-02,5.888106226921081543e-01,1.207652613520622253e-01,-2.900830842554569244e-02,4.188180863857269287e-01,-3.384895920753479004e-01,-1.887795925140380859e-01
-8.457320332527160645e-01,5.531521886587142944e-02,3.288742303848266602e-01,5.579512938857078552e-02,3.021167516708374023e-01,-1.738252043724060059e-01,-9.356266260147094727e-01,1.027376532554626465e+00,7.813597321510314941e-01,-3.286926150321960449e-01,-6.245858192443847656e+00,1.919213086366653442e-01,-1.377286761999130249e-01,1.220139414072036743e-01,8.373300433158874512e-01,-1.142618879675865173e-01,-1.821764111518859863e-01,-2.922421693801879883e-01,8.321084082126617432e-02,9.189963936805725098e-01,-2.834482491016387939e-02,5.692454427480697632e-02,5.541643500328063965e-01,4.798058792948722839e-02,-4.022452980279922485e-02,4.097243547439575195e-01,-4.011327922344207764e-01,-1.437405645847320557e-01
-8.421322107315063477e-01,5.474873259663581848e-02,3.293433189392089844e-01,5.492971837520599365e-02,2.939729690551757812e-01,-1.745346337556838989e-01,-9.381365776062011719e-01,1.014850378036499023e+00,7.677761912345886230e-01,-3.307431340217590332e-01,-6.240528583526611328e+00,1.746461689472198486e-01,-1.306279003620147705e-01,9.295805543661117554e-02,8.033443689346313477e-01,-8.765412867069244385e-02,-1.565275788307189941e-01,-3.123937249183654785e-01,8.805286884307861328e-02,9.386094212532043457e-01,-4.282818734645843506e-02,7.643655687570571899e-02,5.176987051963806152e-01,6.167479325085878372e-03,-6.253810971975326538e-02,4.301281571388244629e-01,-4.268795847892761230e-01,-7.777470350265502930e-02
-8.384603261947631836e-01,5.308635160326957703e-02,3.296078741550445557e-01,5.097984895110130310e-02,2.867209017276763916e-01,-1.712905168533325195e-01,-9.411969780921936035e-01,1.002568125724792480e+00,7.696677446365356445e-01,-3.380564451217651367e-01,-6.232250690460205078e+00,1.603973507881164551e-01,-1.141795441508293152e-01,7.107323408126831055e-02,7.744212746620178223e-01,-6.194392219185829163e-02,-1.340785622596740723e-01,-3.300927281379699707e-01,1.252021193504333496e-01,9.408831000328063965e-01,-4.725640267133712769e-02,9.023924916982650757e-02,4.805052280426025391e-01,-3.170142695307731628e-02,-7.640182226896286011e-02,4.825417697429656982e-01,-4.414560794830322266e-01,2.227132767438888550e-02
-8.338889479637145996e-01,5.018107965588569641e-02,3.295491039752960205e-01,4.498840123414993286e-02,2.797188758850097656e-01,-1.643848568201065063e-01,-9.448338747024536133e-01,9.941344857215881348e-01,7.798808217048645020e-01,-3.459233641624450684e-01,-6.225792407989501953e+00,1.443578749895095825e-01,-8.718495070934295654e-02,6.150435283780097961e-02,7.482426762580871582e-01,-3.783043473958969116e-02,-1.118237450718879700e-01,-3.654446005821228027e-01,1.891453266143798828e-01,9.434888362884521484e-01,-5.964089184999465942e-02,9.810867160558700562e-02,4.598921537399291992e-01,-5.916297435760498047e-02,-7.267852127552032471e-02,5.722256302833557129e-01,-4.492341578006744385e-01,2.131731808185577393e-01
-8.286873102188110352e-01,4.608671739697456360e-02,3.283983767032623291e-01,3.720024600625038147e-02,2.726369202136993408e-01,-1.553345620632171631e-01,-9.487657546997070312e-01,9.885649085044860840e-01,7.902960181236267090e-01,-3.479312658309936523e-01,-6.220466136932373047e+00,1.204627081751823425e-01,-3.271020948886871338e-02,5.731371417641639709e-02,7.246563434600830078e-01,-1.315937750041484833e-02,-9.493745863437652588e-02,-4.201740324497222900e-01,2.674808800220489502e-01,9.612891674041748047e-01,-7.968837767839431763e-02,1.042350977659225464e-01,4.553388059139251709e-01,-7.758992165327072144e-02,-5.478439852595329285e-02,7.015794515609741211e-01,-4.480961561203002930e-01,4.977790117263793945e-01
-8.236752748489379883e-01,4.041042178869247437e-02,3.259958624839782715e-01,2.740167640149593353e-02,2.666893601417541504e-01,-1.461568176746368408e-01,-9.522415995597839355e-01,9.863371849060058594e-01,7.988570928573608398e-01,-3.433592915534973145e-01,-6.215964317321777344e+00,9.697316586971282959e-02,4.334352165460586548e-02,5.542983487248420715e-02,7.076693177223205566e-01,8.884561248123645782e-03,-7.772396504878997803e-02,-4.875565171241760254e-01,3.535939455032348633e-01,9.883944988250732422e-01,-9.750019013881683350e-02,1.061854362487792969e-01,4.547380506992340088e-01,-9.354861080646514893e-02,-3.208875656127929688e-02,8.475593924522399902e-01,-4.420838356018066406e-01,7.325060367584228516e-01
-8.185607194900512695e-01,3.380240127444267273e-02,3.233577907085418701e-01,1.194411981850862503e-02,2.648554444313049316e-01,-1.366554796695709229e-01,-9.544811248779296875e-01,9.863219261169433594e-01,8.147127628326416016e-01,-3.328966796398162842e-01,-6.202201366424560547e+00,8.379232138395309448e-02,1.293990164995193481e-01,4.019863158464431763e-02,7.047080993652343750e-01,3.742413967847824097e-02,-6.717374175786972046e-02,-5.608090162277221680e-01,4.272953271865844727e-01,1.020848751068115234e+00,-1.099506467580795288e-01,1.117575541138648987e-01,4.524673521518707275e-01,-1.066882461309432983e-01,-1.036181813105940819e-03,9.858250021934509277e-01,-4.327789247035980225e-01,8.245429396629333496e-01
-8.130361437797546387e-01,2.746991254389286041e-02,3.213451504707336426e-01,-9.258283302187919617e-03,2.643931508064270020e-01,-1.271676272153854370e-01,-9.559492468833923340e-01,9.759761691093444824e-01,8.377959728240966797e-01,-3.263864219188690186e-01,-6.172352313995361328e+00,7.343548536300659180e-02,2.170627415180206299e-01,8.098977617919445038e-03,7.083439230918884277e-01,6.808570027351379395e-02,-6.824945658445358276e-02,-6.268337965011596680e-01,4.552190601825714111e-01,1.048605799674987793e+00,-1.193958073854446411e-01,1.245702505111694336e-01,4.441181123256683350e-01,-9.863110631704330444e-02,4.513630270957946777e-02,1.068534374237060547e+00,-4.282128810882568359e-01,7.883433103561401367e-01
-8.073173165321350098e-01,2.165118977427482605e-02,3.204752802848815918e-01,-2.682692743837833405e-02,2.593349516391754150e-01,-1.178628131747245789e-01,-9.581931233406066895e-01,9.550902247428894043e-01,8.448922038078308105e-01,-3.268853127956390381e-01,-6.150875091552734375e+00,6.553699076175689697e-02,2.761511504650115967e-01,-2.244488708674907684e-02,7.036099433898925781e-01,9.045518934726715088e-02,-8.564517647027969360e-02,-6.527910828590393066e-01,4.562438726425170898e-01,1.046948075294494629e+00,-1.239391192793846130e-01,1.465668529272079468e-01,4.254778027534484863e-01,-4.289021342992782593e-02,1.127762272953987122e-01,1.043178081512451172e+00,-4.258101880550384521e-01,6.780132055282592773e-01
-7.985823154449462891e-01,1.766663417220115662e-02,3.232619762420654297e-01,-3.281175345182418823e-02,2.520321309566497803e-01,-1.021670624613761902e-01,-9.617510437965393066e-01,9.380179047584533691e-01,8.708087801933288574e-01,-3.485375642776489258e-01,-6.156090259552001953e+00,8.310184627771377563e-02,3.199538588523864746e-01,-3.271759301424026489e-02,7.179193496704101562e-01,1.181536763906478882e-01,-1.329780817031860352e-01,-6.208204030990600586e-01,4.507195651531219482e-01,1.005376815795898438e+00,-9.359582513570785522e-02,1.715369075536727905e-01,3.878280222415924072e-01,1.113815456628799438e-01,1.940585374832153320e-01,8.703578114509582520e-01,-4.272494614124298096e-01,5.024120807647705078e-01
-7.895355820655822754e-01,1.305257063359022141e-02,3.256819248199462891e-01,-3.409096598625183105e-02,2.325129806995391846e-01,-8.476152271032333374e-02,-9.682928323745727539e-01,8.963973522186279297e-01,8.585178852081298828e-01,-3.679755628108978271e-01,-6.167302131652832031e+00,8.133651316165924072e-02,3.167821764945983887e-01,-2.647673524916172028e-02,6.925672888755798340e-01,1.490336060523986816e-01,-1.762414872646331787e-01,-5.103281140327453613e-01,4.150361716747283936e-01,9.319090843200683594e-01,-7.784690707921981812e-02,1.844695657491683960e-01,3.416175842285156250e-01,2.495103180408477783e-01,2.714990377426147461e-01,6.095994710922241211e-01,-4.232061803340911865e-01,3.144692480564117432e-01
-7.794283628463745117e-01,8.321244269609451294e-03,3.304361999034881592e-01,-3.232169896364212036e-02,1.961624473333358765e-01,-6.616207957267761230e-02,-9.778027534484863281e-01,7.948977947235107422e-01,7.837334871292114258e-01,-3.445833325386047363e-01,-6.184811592102050781e+00,5.875453352928161621e-02,2.595838010311126709e-01,-1.166082918643951416e-02,6.322239041328430176e-01,1.711422502994537354e-01,-2.115506082773208618e-01,-3.605208992958068848e-01,3.565343320369720459e-01,8.309592604637145996e-01,-6.506585329771041870e-02,1.939623206853866577e-01,2.886131107807159424e-01,3.393185436725616455e-01,3.042128682136535645e-01,3.566147387027740479e-01,-4.051850736141204834e-01,1.796367615461349487e-01
-7.701603174209594727e-01,3.388516372069716454e-03,3.379869759082794189e-01,-3.533494099974632263e-02,1.475178450345993042e-01,-5.079480260610580444e-02,-9.871219992637634277e-01,6.164858937263488770e-01,6.192913651466369629e-01,-2.189058959484100342e-01,-6.190946578979492188e+00,1.183791086077690125e-02,1.875670850276947021e-01,1.737706334097310901e-04,5.501403212547302246e-01,1.769845038652420044e-01,-2.377295196056365967e-01,-2.295595407485961914e-01,2.839490771293640137e-01,7.305591702461242676e-01,-4.269453138113021851e-02,1.995980590581893921e-01,2.161852121353149414e-01,3.657471239566802979e-01,3.147021234035491943e-01,2.043764740228652954e-01,-3.854043185710906982e-01,1.055241096764802933e-03
-7.598603963851928711e-01,-1.584381796419620514e-03,3.453722894191741943e-01,-4.154634848237037659e-02,1.099836677312850952e-01,-3.738531097769737244e-02,-9.923607110977172852e-01,4.528552889823913574e-01,4.574555456638336182e-01,-3.503423184156417847e-02,-6.179365634918212891e+00,-1.482497807592153549e-02,1.208086684346199036e-01,-4.881988570559769869e-04,4.785817861557006836e-01,2.027741074562072754e-01,-2.424188256263732910e-01,-1.187163740396499634e-01,1.979438960552215576e-01,6.434136629104614258e-01,-1.472552679479122162e-02,2.049874067306518555e-01,1.474005877971649170e-01,3.142120838165283203e-01,2.977315783500671387e-01,1.754801869392395020e-01,-3.418645560741424561e-01,-1.350749731063842773e-01
-7.480517029762268066e-01,-5.315073300153017044e-03,3.500060439109802246e-01,-3.819327056407928467e-02,1.025891974568367004e-01,-2.517714165151119232e-02,-9.936714172363281250e-01,3.716937005519866943e-01,3.642595410346984863e-01,9.758172184228897095e-02,-6.170307159423828125e+00,1.615831628441810608e-02,7.104135304689407349e-02,2.674896083772182465e-02,4.577034711837768555e-01,2.090323269367218018e-01,-2.264620512723922729e-01,-5.032680928707122803e-02,1.430522352457046509e-01,5.996739268302917480e-01,2.804382704198360443e-03,2.031386494636535645e-01,1.032514572143554688e-01,2.562272846698760986e-01,2.688915431499481201e-01,1.822668910026550293e-01,-2.535237371921539307e-01,-1.859875917434692383e-01
-7.365822792053222656e-01,-5.634309258311986923e-03,3.503480255603790283e-01,-2.854148298501968384e-02,1.212655901908874512e-01,-1.630957052111625671e-02,-9.920756220817565918e-01,3.263269066810607910e-01,3.110728561878204346e-01,9.583760052919387817e-02,-6.141441345214843750e+00,8.798326551914215088e-02,3.065430559217929840e-02,7.012441009283065796e-02,4.630203247070312500e-01,1.736428290605545044e-01,-1.942763775587081909e-01,-2.185097709298133850e-02,1.173699498176574707e-01,5.830981731414794922e-01,-6.729277223348617554e-02,2.020183801651000977e-01,1.456467509269714355e-01,1.486591696739196777e-01,2.309987992048263550e-01,2.273787856101989746e-01,-1.567045301198959351e-01,-2.109631001949310303e-01
-7.224822640419006348e-01,-1.553327456349506974e-04,3.531535863876342773e-01,-1.483413856476545334e-02,1.103700548410415649e-01,-2.974012168124318123e-03,-9.937754273414611816e-01,2.160276919603347778e-01,2.395525425672531128e-01,-6.837014574557542801e-03,-6.141079425811767578e+00,1.138137876987457275e-01,-2.762881806120276451e-03,1.094352677464485168e-01,4.332733750343322754e-01,1.213553622364997864e-01,-1.717729717493057251e-01,-1.653651520609855652e-02,1.216588243842124939e-01,5.609245896339416504e-01,-1.642877459526062012e-01,1.577877551317214966e-01,3.208132386207580566e-01,8.819039165973663330e-02,1.862893998622894287e-01,2.463482767343521118e-01,1.798119954764842987e-02,-2.442118823528289795e-01
-7.086375355720520020e-01,8.706036023795604706e-03,3.554496169090270996e-01,-1.200406067073345184e-02,3.870024904608726501e-02,1.464885566383600235e-02,-9.990713596343994141e-01,4.206502065062522888e-02,5.782188475131988525e-02,-1.733770519495010376e-01,-6.174541950225830078e+00,1.246886793524026871e-03,-1.813488267362117767e-02,1.220178157091140747e-01,2.757346928119659424e-01,8.355329930782318115e-02,-1.482070088386535645e-01,-2.537650056183338165e-02,1.498255282640457153e-01,5.434013009071350098e-01,-2.810363173484802246e-01,6.653834879398345947e-02,6.907017827033996582e-01,3.491233661770820618e-02,1.437851488590240479e-01,2.376546412706375122e-01,4.323703348636627197e-01,-2.764932811260223389e-01
-7.026491761207580566e-01,1.566559821367263794e-02,3.520139157772064209e-01,-3.038612892851233482e-03,2.389818802475929260e-02,3.000501543283462524e-02,-9.992594122886657715e-01,-1.866050064563751221e-02,-5.661923065781593323e-02,-3.211942017078399658e-01,-6.179657459259033203e+00,-2.917042002081871033e-02,-1.770522817969322205e-02,9.540937840938568115e-02,2.521160840988159180e-01,5.718343332409858704e-02,-1.382438838481903076e-01,-4.901941493153572083e-02,1.418501585721969604e-01,5.330407619476318359e-01,-2.875863313674926758e-01,2.841102518141269684e-02,9.424031972885131836e-01,-1.147482544183731079e-02,6.339669972658157349e-02,2.733395099639892578e-01,2.158861793577671051e-02,-2.704774141311645508e-01
-6.865633726119995117e-01,1.927494071424007416e-02,3.487831056118011475e-01,2.688308060169219971e-02,-5.009647924453020096e-03,4.017144441604614258e-02,-9.988185167312622070e-01,-1.200949028134346008e-02,-1.496187746524810791e-01,-3.954524993896484375e-01,-6.248025894165039062e+00,-7.834333181381225586e-02,2.498394250869750977e-02,1.264438629150390625e-01,1.484265327453613281e-01,2.907153405249118805e-02,-1.141086667776107788e-01,-9.789693355560302734e-02,1.436409354209899902e-01,5.538622736930847168e-01,-2.620908617973327637e-01,-6.140754744410514832e-02,9.208012223243713379e-01,-8.651212602853775024e-02,1.777846598997712135e-03,2.351155430078506470e-01,9.115789085626602173e-02,-2.849249541759490967e-01
-6.756448745727539062e-01,2.006276138126850128e-02,3.438550233840942383e-01,4.962233453989028931e-02,-1.035226881504058838e-02,3.831604495644569397e-02,-9.979791045188903809e-01,1.540699228644371033e-02,-1.861269325017929077e-01,-4.584649205207824707e-01,-6.283097267150878906e+00,-7.277256995439529419e-02,4.673838615417480469e-02,1.499186307191848755e-01,1.406878083944320679e-01,-3.465588018298149109e-02,-1.193076148629188538e-01,-1.515962779521942139e-01,1.555152088403701782e-01,5.696630477905273438e-01,-7.364703714847564697e-02,-9.255903959274291992e-02,8.740962743759155273e-01,-1.034122705459594727e-01,-4.700534045696258545e-02,2.091642767190933228e-01,-1.756269112229347229e-02,-2.824203968048095703e-01
-6.615453958511352539e-01,1.757892221212387085e-02,3.405032455921173096e-01,5.266100540757179260e-02,-8.361004292964935303e-03,2.830359712243080139e-02,-9.981762170791625977e-01,2.977010421454906464e-02,-1.508086323738098145e-01,-5.030637979507446289e-01,-6.283145904541015625e+00,-4.346659779548645020e-02,6.171634048223495483e-02,1.528135091066360474e-01,1.354792863130569458e-01,-9.334108978509902954e-02,-1.343406438827514648e-01,-1.855535656213760376e-01,1.632861644029617310e-01,5.961158871650695801e-01,1.186581104993820190e-01,-1.441584378480911255e-01,6.762296557426452637e-01,-1.164032146334648132e-01,-6.890914589166641235e-02,1.520361304283142090e-01,-1.251168549060821533e-01,-2.827969491481781006e-01
-6.467550992965698242e-01,1.213591173291206360e-02,3.385173976421356201e-01,4.748355597257614136e-02,-9.691755287349224091e-03,9.645263664424419403e-03,-9.987784028053283691e-01,4.233040288090705872e-02,-7.302113622426986694e-02,-5.221140384674072266e-01,-6.283185482025146484e+00,-1.737055741250514984e-02,6.834047287702560425e-02,1.376186609268188477e-01,1.190154030919075012e-01,-1.620673388242721558e-01,-1.495697051286697388e-01,-2.107148021459579468e-01,1.605965197086334229e-01,6.178935170173645020e-01,2.555964887142181396e-01,-1.693874150514602661e-01,5.154948234558105469e-01,-1.293418854475021362e-01,-8.928811550140380859e-02,8.657614886760711670e-02,-9.055685997009277344e-02,-2.778608500957489014e-01
-6.301837563514709473e-01,4.814807325601577759e-03,3.383822739124298096e-01,3.625242784619331360e-02,-1.402831729501485825e-02,-1.265146303921937943e-02,-9.991641044616699219e-01,4.600949957966804504e-02,-2.635407634079456329e-02,-5.162981748580932617e-01,-6.283185482025146484e+00,-5.804651416838169098e-03,7.443475723266601562e-02,8.940412849187850952e-02,1.070787385106086731e-01,-2.177043110132217407e-01,-1.634752303361892700e-01,-2.232218831777572632e-01,1.304035931825637817e-01,6.205593347549438477e-01,2.920579314231872559e-01,-1.721558421850204468e-01,4.077656269073486328e-01,-1.500871777534484863e-01,-1.294955313205718994e-01,3.471062704920768738e-02,-7.857541739940643311e-02,-2.669743597507476807e-01
-6.137717366218566895e-01,-3.338244743645191193e-03,3.402504324913024902e-01,2.251664921641349792e-02,-2.045027725398540497e-02,-2.946940064430236816e-02,-9.991027712821960449e-01,5.064912512898445129e-02,-1.547464053146541119e-03,-5.067460536956787109e-01,-6.283185482025146484e+00,-3.082528337836265564e-02,8.692907541990280151e-02,3.865771368145942688e-02,9.976205229759216309e-02,-2.615085840225219727e-01,-1.791587769985198975e-01,-2.079534828662872314e-01,8.372304588556289673e-02,6.098371148109436035e-01,2.684580981731414795e-01,-1.517928540706634521e-01,3.434026241302490234e-01,-1.731569617986679077e-01,-1.678002327680587769e-01,-2.922415733337402344e-04,-7.559992372989654541e-02,-2.395932227373123169e-01
-5.959057211875915527e-01,-1.069115102291107178e-02,3.429383039474487305e-01,3.806877881288528442e-02,4.389020800590515137e-02,-2.448543719947338104e-02,-9.980104565620422363e-01,1.750773489475250244e-01,1.791127920150756836e-01,-5.022720098495483398e-01,-6.283185482025146484e+00,6.032435595989227295e-02,1.558223813772201538e-01,6.716056168079376221e-02,2.669707238674163818e-01,-2.617104947566986084e-01,-2.222183793783187866e-01,-1.485345214605331421e-01,1.819690316915512085e-02,5.827350616455078125e-01,2.483406215906143188e-01,-1.226735264062881470e-01,3.130924999713897705e-01,-1.528970897197723389e-01,-1.933973282575607300e-01,-1.652055792510509491e-02,-1.410303115844726562e-01,-1.840022504329681396e-01
-5.823643207550048828e-01,-1.757572405040264130e-02,3.432236611843109131e-01,5.997302383184432983e-02,8.297140151262283325e-02,-1.067866012454032898e-02,-9.946883916854858398e-01,3.010767102241516113e-01,2.714250385761260986e-01,-4.766074717044830322e-01,-6.283185482025146484e+00,3.418618813157081604e-02,2.856578528881072998e-01,9.217283874750137329e-02,3.384777009487152100e-01,-2.225741147994995117e-01,-2.307557761669158936e-01,-7.073297351598739624e-02,-5.475948750972747803e-02,5.540305972099304199e-01,1.854303181171417236e-01,-1.051413491368293762e-01,2.957522571086883545e-01,-1.581569164991378784e-01,-2.070913016796112061e-01,-7.418172806501388550e-02,-2.062464952468872070e-01,-1.270992904901504517e-01
-5.697808861732482910e-01,-2.403780817985534668e-02,3.433527350425720215e-01,8.172526955604553223e-02,1.189503148198127747e-01,-3.148644696921110153e-03,-9.895260930061340332e-01,4.171682894229888916e-01,3.762800693511962891e-01,-4.637393355369567871e-01,-6.282555103302001953e+00,-1.497229747474193573e-02,4.220441877841949463e-01,1.190674751996994019e-01,4.130542576313018799e-01,-2.026136517524719238e-01,-2.452483177185058594e-01,2.567675663158297539e-03,-1.227879151701927185e-01,5.072590112686157227e-01,1.372606754302978516e-01,-7.777569442987442017e-02,2.925956547260284424e-01,-1.342834681272506714e-01,-2.237628251314163208e-01,-1.199943199753761292e-01,-2.495488077402114868e-01,-1.848096586763858795e-02
-5.587256550788879395e-01,-3.150292485952377319e-02,3.411401212215423584e-01,9.815387427806854248e-02,1.242408230900764465e-01,-5.289155989885330200e-03,-9.873712658882141113e-01,4.876286685466766357e-01,4.118991792201995850e-01,-4.496037662029266357e-01,-6.278582096099853516e+00,-7.861749082803726196e-02,3.635358810424804688e-01,1.397885233163833618e-01,4.097242653369903564e-01,-1.946022808551788330e-01,-2.497009783983230591e-01,4.517491906881332397e-02,-1.702056974172592163e-01,4.635414183139801025e-01,9.238689392805099487e-02,-6.147466599941253662e-02,2.750902175903320312e-01,-1.118252649903297424e-01,-2.403549253940582275e-01,-1.334226578474044800e-01,-2.752485871315002441e-01,1.943103075027465820e-01
-5.461143255233764648e-01,-4.051106423139572144e-02,3.365116119384765625e-01,1.137215644121170044e-01,1.200288087129592896e-01,-1.342767756432294846e-02,-9.861441254615783691e-01,5.563963651657104492e-01,4.091864526271820068e-01,-4.152831137180328369e-01,-6.279912948608398438e+00,-1.295076012611389160e-01,1.544957607984542847e-01,1.635177284479141235e-01,3.738769888877868652e-01,-2.117652148008346558e-01,-2.323015183210372925e-01,6.718108057975769043e-02,-2.026394754648208618e-01,4.264590740203857422e-01,3.170596808195114136e-02,-4.893172159790992737e-02,2.519950270652770996e-01,-1.057903990149497986e-01,-2.476976662874221802e-01,-4.753120988607406616e-02,-3.034874200820922852e-01,5.801854133605957031e-01
-5.331904888153076172e-01,-4.999503493309020996e-02,3.310238420963287354e-01,1.153139844536781311e-01,1.186320856213569641e-01,-2.407494187355041504e-02,-9.859257340431213379e-01,6.027046442031860352e-01,4.033314883708953857e-01,-3.686158061027526855e-01,-6.253543853759765625e+00,-1.555388718843460083e-01,-6.768111884593963623e-02,1.665092855691909790e-01,3.444458246231079102e-01,-2.378997355699539185e-01,-2.117790281772613525e-01,7.612829655408859253e-02,-2.182113677263259888e-01,4.073382019996643066e-01,-2.328105270862579346e-02,-4.085194692015647888e-02,2.220579832792282104e-01,-1.047127395868301392e-01,-2.400507032871246338e-01,1.403068900108337402e-01,-3.247841298580169678e-01,1.013579249382019043e+00
-5.233099460601806641e-01,-5.986901000142097473e-02,3.272146284580230713e-01,9.483271837234497070e-02,1.335531622171401978e-01,-3.043603710830211639e-02,-9.860243201255798340e-01,6.232178807258605957e-01,4.292664825916290283e-01,-3.219845592975616455e-01,-6.198292732238769531e+00,-1.323263645172119141e-01,-1.796919107437133789e-01,1.330077648162841797e-01,3.547076284885406494e-01,-2.350418120622634888e-01,-1.983743757009506226e-01,9.443803131580352783e-02,-2.341799437999725342e-01,4.047288000583648682e-01,-6.138697266578674316e-02,-4.036013782024383545e-02,2.052119076251983643e-01,-1.041104719042778015e-01,-2.244451940059661865e-01,3.925302922725677490e-01,-3.107854425907135010e-01,1.167282342910766602e+00
-5.170317292213439941e-01,-6.938626617193222046e-02,3.270076513290405273e-01,7.634048908948898315e-02,1.383969187736511230e-01,-3.777888789772987366e-02,-9.867072701454162598e-01,6.274778246879577637e-01,4.431415200233459473e-01,-2.982747852802276611e-01,-6.174600124359130859e+00,-9.503902494907379150e-02,-1.240956038236618042e-01,1.130572557449340820e-01,3.473537266254425049e-01,-2.519543766975402832e-01,-1.969778388738632202e-01,9.446511417627334595e-02,-2.286406606435775757e-01,4.078131914138793945e-01,-8.798034489154815674e-02,-4.513302817940711975e-02,1.804208755493164062e-01,-8.194043487310409546e-02,-2.050909101963043213e-01,5.386204719543457031e-01,-3.091454505920410156e-01,8.590843081474304199e-01
-5.079698562622070312e-01,-7.995490729808807373e-02,3.298807144165039062e-01,5.245916917920112610e-02,1.393133103847503662e-01,-4.762597009539604187e-02,-9.877102971076965332e-01,6.073495745658874512e-01,4.733438789844512939e-01,-3.164066076278686523e-01,-6.157610893249511719e+00,-2.521098777651786804e-02,-4.810270294547080994e-02,1.058167070150375366e-01,3.602589666843414307e-01,-2.620843052864074707e-01,-2.119845747947692871e-01,1.006249040365219116e-01,-2.233614325523376465e-01,4.063349664211273193e-01,-8.002516627311706543e-02,-6.309653073549270630e-02,1.530623883008956909e-01,1.220236252993345261e-02,-1.706364899873733521e-01,5.474933981895446777e-01,-3.081412315368652344e-01,4.881415665149688721e-01
-4.974645674228668213e-01,-9.040955454111099243e-02,3.321841955184936523e-01,4.299816861748695374e-02,1.405925452709197998e-01,-4.937227442860603333e-02,-9.879004359245300293e-01,6.275087594985961914e-01,4.812714159488677979e-01,-3.345147669315338135e-01,-6.171436786651611328e+00,1.555394940078258514e-02,-2.844059094786643982e-02,1.145526170730590820e-01,3.688274323940277100e-01,-2.391911000013351440e-01,-2.069509327411651611e-01,1.218734085559844971e-01,-2.352811545133590698e-01,4.190411567687988281e-01,-7.866442948579788208e-02,-8.015490323305130005e-02,1.297049224376678467e-01,1.397950053215026855e-01,-1.096757948398590088e-01,4.779858291149139404e-01,-2.936515212059020996e-01,3.955850899219512939e-01
-4.862989485263824463e-01,-9.861971437931060791e-02,3.355356156826019287e-01,4.450779035687446594e-02,1.429743617773056030e-01,-4.551218077540397644e-02,-9.876770973205566406e-01,6.645402908325195312e-01,4.915269315242767334e-01,-3.387713134288787842e-01,-6.196617603302001953e+00,5.333464592695236206e-02,-4.217765107750892639e-02,1.405797898769378662e-01,3.881563246250152588e-01,-2.185150831937789917e-01,-2.012718766927719116e-01,1.251776218414306641e-01,-2.291022241115570068e-01,4.369651675224304199e-01,-7.812930643558502197e-02,-8.979635685682296753e-02,1.198978647589683533e-01,2.667083740234375000e-01,-4.378444701433181763e-02,3.431797623634338379e-01,-2.750068902969360352e-01,3.823792636394500732e-01
-4.789873659610748291e-01,-1.055206954479217529e-01,3.377151787281036377e-01,3.427224606275558472e-02,1.466454118490219116e-01,-3.614469617605209351e-02,-9.879342317581176758e-01,6.582276225090026855e-01,4.917307794094085693e-01,-3.121911883354187012e-01,-6.181774139404296875e+00,7.140976190567016602e-02,-6.659401953220367432e-02,1.267460137605667114e-01,3.999700248241424561e-01,-1.703409999608993530e-01,-1.735164076089859009e-01,1.298281401395797729e-01,-2.013417035341262817e-01,4.877581000328063965e-01,-9.532007575035095215e-02,-8.977044373750686646e-02,1.241081580519676208e-01,2.888900935649871826e-01,1.743738353252410889e-02,2.280720174312591553e-01,-2.511054873466491699e-01,2.425692379474639893e-01
-4.714536666870117188e-01,-1.101339012384414673e-01,3.423705697059631348e-01,1.886245235800743103e-02,1.432727128267288208e-01,-2.940358966588973999e-02,-9.890665411949157715e-01,5.780271291732788086e-01,4.928718209266662598e-01,-2.711771130561828613e-01,-6.150561332702636719e+00,9.287943691015243530e-02,-7.826668769121170044e-02,1.135510280728340149e-01,4.181158542633056641e-01,-1.504146456718444824e-01,-1.698305159807205200e-01,9.626994282007217407e-02,-1.098581403493881226e-01,5.459836721420288086e-01,-9.941665828227996826e-02,-8.713721483945846558e-02,1.402496844530105591e-01,2.823234796524047852e-01,3.821498528122901917e-02,1.808875650167465210e-01,-2.351552098989486694e-01,9.579692780971527100e-02
-4.626719951629638672e-01,-1.127125695347785950e-01,3.483998179435729980e-01,3.888395614922046661e-03,1.361238211393356323e-01,-2.891429327428340912e-02,-9.902621507644653320e-01,4.510236978530883789e-01,4.860862493515014648e-01,-1.940890103578567505e-01,-6.118779659271240234e+00,1.191272661089897156e-01,-7.746798545122146606e-02,1.212963089346885681e-01,4.450254738330841064e-01,-1.916047632694244385e-01,-1.777801811695098877e-01,-1.405071839690208435e-02,8.563350141048431396e-02,6.298888921737670898e-01,-8.390723913908004761e-02,-8.882588148117065430e-02,1.575706452131271362e-01,2.894802093505859375e-01,1.856328360736370087e-02,1.847113817930221558e-01,-2.228505164384841919e-01,2.932836301624774933e-03
-4.564366638660430908e-01,-1.163202449679374695e-01,3.504653871059417725e-01,1.803542021661996841e-03,1.445464193820953369e-01,-2.686418965458869934e-02,-9.891316294670104980e-01,3.889222741127014160e-01,4.679196476936340332e-01,-1.385636180639266968e-01,-6.105596542358398438e+00,1.612042188644409180e-01,-8.321283757686614990e-02,1.469487249851226807e-01,4.713980555534362793e-01,-2.158071547746658325e-01,-1.489441990852355957e-01,-1.334052979946136475e-01,2.893179953098297119e-01,7.119669914245605469e-01,-8.670237660408020020e-02,-9.587048739194869995e-02,1.658584624528884888e-01,2.573963701725006104e-01,1.382277067750692368e-02,2.124724537134170532e-01,-1.985904425382614136e-01,-4.311097785830497742e-02
-4.508410394191741943e-01,-1.199063137173652649e-01,3.507338762283325195e-01,1.169351208955049515e-02,1.618213504552841187e-01,-2.324174903333187103e-02,-9.864770174026489258e-01,3.633173704147338867e-01,4.694460332393646240e-01,-1.674369722604751587e-01,-6.111380100250244141e+00,2.179442048072814941e-01,-8.533433824777603149e-02,1.945012360811233521e-01,5.070747137069702148e-01,-2.321102321147918701e-01,-1.046937927603721619e-01,-2.808759510517120361e-01,4.740413129329681396e-01,8.127915263175964355e-01,-8.415025472640991211e-02,-1.076152846217155457e-01,1.703522503376007080e-01,2.263687551021575928e-01,1.881977729499340057e-02,2.331636995077133179e-01,-1.598786711692810059e-01,-8.052911609411239624e-02
-4.462639093399047852e-01,-1.227015182375907898e-01,3.504979610443115234e-01,3.020308539271354675e-02,1.698258519172668457e-01,-1.540720555931329727e-02,-9.848906397819519043e-01,3.389113545417785645e-01,4.520864486694335938e-01,-2.487903982400894165e-01,-6.143253803253173828e+00,2.528334259986877441e-01,-9.421989321708679199e-02,2.529797852039337158e-01,5.202468633651733398e-01,-2.310380339622497559e-01,-6.828314810991287231e-02,-4.335554242134094238e-01,5.968737006187438965e-01,9.269534349441528320e-01,-1.018874347209930420e-01,-1.231816187500953674e-01,2.054195106029510498e-01,1.977586448192596436e-01,2.989148348569869995e-02,2.473573088645935059e-01,-1.155211105942726135e-01,-1.025758534669876099e-01
-4.435644447803497314e-01,-1.243396103382110596e-01,3.506150245666503906e-01,4.702199995517730713e-02,1.505636721849441528e-01,-4.753198008984327316e-03,-9.874699711799621582e-01,2.724451422691345215e-01,3.596438169479370117e-01,-3.291200697422027588e-01,-6.189489841461181641e+00,2.251871079206466675e-01,-1.082901582121849060e-01,2.977861464023590088e-01,4.760879874229431152e-01,-1.939175277948379517e-01,-3.952381759881973267e-02,-5.677499771118164062e-01,6.589722633361816406e-01,1.027487993240356445e+00,-1.476294249296188354e-01,-1.444708853960037231e-01,2.994770109653472900e-01,1.667963713407516479e-01,5.039594694972038269e-02,2.550213932991027832e-01,-5.389121919870376587e-02,-1.142748966813087463e-01
-4.408099949359893799e-01,-1.264994740486145020e-01,3.496589362621307373e-01,6.164820864796638489e-02,1.338141262531280518e-01,3.025806741788983345e-03,-9.890824556350708008e-01,2.447928935289382935e-01,2.849825322628021240e-01,-3.967784643173217773e-01,-6.228517532348632812e+00,1.873463988304138184e-01,-1.041626483201980591e-01,3.243829905986785889e-01,4.330807626247406006e-01,-1.347591876983642578e-01,-2.193981036543846130e-02,-6.731386780738830566e-01,6.853477358818054199e-01,1.119769692420959473e+00,-2.119268476963043213e-01,-1.570367366075515747e-01,4.560484290122985840e-01,1.345445364713668823e-01,6.899476051330566406e-02,2.508417069911956787e-01,7.565839588642120361e-02,-1.197690367698669434e-01
-4.391303956508636475e-01,-1.301592141389846802e-01,3.460074961185455322e-01,7.755319774150848389e-02,1.565294563770294189e-01,1.381463557481765747e-02,-9.845268726348876953e-01,3.145227730274200439e-01,3.127958178520202637e-01,-4.250825643539428711e-01,-6.240168571472167969e+00,2.028355598449707031e-01,-8.154077827930450439e-02,3.399490118026733398e-01,4.653317630290985107e-01,-5.754198133945465088e-02,-1.957922987639904022e-02,-7.553712725639343262e-01,6.900085806846618652e-01,1.189580082893371582e+00,-2.725812792778015137e-01,-1.494074463844299316e-01,6.385838985443115234e-01,9.773146361112594604e-02,8.243393898010253906e-02,2.380166500806808472e-01,2.132917344570159912e-01,-1.218409314751625061e-01
-4.345120191574096680e-01,-1.343760788440704346e-01,3.434937894344329834e-01,8.994666486978530884e-02,2.181525230407714844e-01,2.850599773228168488e-02,-9.713426232337951660e-01,4.384707808494567871e-01,4.924681186676025391e-01,-4.612753391265869141e-01,-6.229132652282714844e+00,3.156708776950836182e-01,-6.083529815077781677e-02,3.392891287803649902e-01,6.012665629386901855e-01,1.236540172249078751e-02,-3.738199546933174133e-02,-8.381310105323791504e-01,6.933163404464721680e-01,1.243222475051879883e+00,-2.967944741249084473e-01,-1.259314417839050293e-01,7.854681015014648438e-01,8.862701803445816040e-02,7.174947112798690796e-02,2.260488867759704590e-01,2.212460190057754517e-01,-1.250245571136474609e-01
-4.343228936195373535e-01,-1.380759775638580322e-01,3.421434462070465088e-01,8.865773677825927734e-02,2.225398272275924683e-01,2.491775713860988617e-02,-9.705642461776733398e-01,4.531677365303039551e-01,5.355379581451416016e-01,-4.935373663902282715e-01,-6.238152503967285156e+00,2.953852415084838867e-01,-2.017001621425151825e-02,3.046835958957672119e-01,6.127409934997558594e-01,8.887171000242233276e-02,-5.482719466090202332e-02,-8.967714309692382812e-01,7.126936316490173340e-01,1.272656559944152832e+00,-2.695903480052947998e-01,-9.793709218502044678e-02,8.249118924140930176e-01,9.638793021440505981e-02,6.851109117269515991e-02,1.956916302442550659e-01,1.143343672156333923e-01,-1.187955588102340698e-01
-4.330970346927642822e-01,-1.419599950313568115e-01,3.419445157051086426e-01,7.962150871753692627e-02,2.278556972742080688e-01,1.193535607308149338e-02,-9.703606367111206055e-01,4.523852169513702393e-01,5.579596757888793945e-01,-5.059892535209655762e-01,-6.234075546264648438e+00,2.653264105319976807e-01,3.592975810170173645e-02,2.568635940551757812e-01,6.268960833549499512e-01,1.395671814680099487e-01,-7.863697409629821777e-02,-9.496856927871704102e-01,7.288168668746948242e-01,1.295732855796813965e+00,-2.231139540672302246e-01,-5.475439876317977905e-02,8.192628026008605957e-01,1.039601266384124756e-01,6.558451801538467407e-02,1.744149476289749146e-01,-1.897887513041496277e-02,-1.125271692872047424e-01
-4.312354326248168945e-01,-1.457599848508834839e-01,3.424496650695800781e-01,6.312949955463409424e-02,2.399592995643615723e-01,-1.332619111053645611e-03,-9.687272310256958008e-01,4.448081851005554199e-01,5.839843153953552246e-01,-5.075175762176513672e-01,-6.206127643585205078e+00,2.496328651905059814e-01,9.718127548694610596e-02,2.091006487607955933e-01,6.586331129074096680e-01,1.741263568401336670e-01,-9.362823516130447388e-02,-1.000850200653076172e+00,7.387322187423706055e-01,1.313955783843994141e+00,-1.771842986345291138e-01,2.209907397627830505e-03,8.240912556648254395e-01,1.156862974166870117e-01,7.626157253980636597e-02,1.574153155088424683e-01,-6.095933169126510620e-02,-1.085352525115013123e-01
-4.295816421508789062e-01,-1.503766626119613647e-01,3.427151441574096680e-01,4.432230442762374878e-02,2.604818344116210938e-01,-1.343010645359754562e-02,-9.643673300743103027e-01,4.424886107444763184e-01,6.221193671226501465e-01,-5.041159391403198242e-01,-6.158648490905761719e+00,2.402018159627914429e-01,1.745688319206237793e-01,1.750732958316802979e-01,7.086777687072753906e-01,2.038272023200988770e-01,-9.753998368978500366e-02,-1.044074177742004395e+00,7.448906302452087402e-01,1.322618722915649414e+00,-1.448313295841217041e-01,5.687569454312324524e-02,8.455334305763244629e-01,1.308086365461349487e-01,1.052728071808815002e-01,1.371283680200576782e-01,-3.771714493632316589e-02,-1.123686879873275757e-01
-4.295631945133209229e-01,-1.567910760641098022e-01,3.423663377761840820e-01,2.615177072584629059e-02,2.751257419586181641e-01,-2.925270795822143555e-02,-9.606071710586547852e-01,4.335090517997741699e-01,6.455612778663635254e-01,-5.058805346488952637e-01,-6.116975784301757812e+00,1.658774465322494507e-01,3.042155504226684570e-01,1.608579158782958984e-01,7.442057728767395020e-01,2.296455502510070801e-01,-9.592096507549285889e-02,-1.070473670959472656e+00,7.491208910942077637e-01,1.314513921737670898e+00,-1.453168839216232300e-01,9.350926429033279419e-02,8.906219601631164551e-01,1.514664441347122192e-01,1.546407788991928101e-01,1.039890795946121216e-01,2.434141235426068306e-03,-1.263108700513839722e-01
-4.333152472972869873e-01,-1.649051159620285034e-01,3.399931490421295166e-01,1.400210894644260406e-02,2.752972245216369629e-01,-5.059233680367469788e-02,-9.599248766899108887e-01,4.212091863155364990e-01,6.272631287574768066e-01,-5.095457434654235840e-01,-6.089172840118408203e+00,3.892048448324203491e-02,4.252613186836242676e-01,1.660414636135101318e-01,7.434934973716735840e-01,2.552110254764556885e-01,-9.883037954568862915e-02,-1.082162261009216309e+00,7.547512054443359375e-01,1.290484070777893066e+00,-1.705159991979598999e-01,1.090739369392395020e-01,9.616276621818542480e-01,1.788775324821472168e-01,2.203437387943267822e-01,5.272624269127845764e-02,1.106167677789926529e-03,-1.468825340270996094e-01
-4.368772208690643311e-01,-1.738471835851669312e-01,3.352436721324920654e-01,1.017226465046405792e-02,2.672993242740631104e-01,-7.914513349533081055e-02,-9.603039622306823730e-01,4.192299246788024902e-01,5.839994549751281738e-01,-5.125878453254699707e-01,-6.055343627929687500e+00,-3.701629489660263062e-02,4.409919083118438721e-01,1.899322122335433960e-01,7.221274375915527344e-01,2.759418487548828125e-01,-1.101551949977874756e-01,-1.083503365516662598e+00,7.715750932693481445e-01,1.247606277465820312e+00,-1.982646584510803223e-01,1.019579321146011353e-01,1.013177990913391113e+00,2.139943689107894897e-01,2.989434301853179932e-01,-1.980398967862129211e-02,-2.037514746189117432e-02,-1.629391908645629883e-01
-4.365335404872894287e-01,-1.850600987672805786e-01,3.299606442451477051e-01,1.172562316060066223e-02,2.506601810455322266e-01,-1.203949078917503357e-01,-9.604879021644592285e-01,4.189434945583343506e-01,5.160377025604248047e-01,-5.141692161560058594e-01,-6.043707370758056641e+00,-4.310320317745208740e-02,2.990915179252624512e-01,2.203652709722518921e-01,6.809124946594238281e-01,2.812931835651397705e-01,-1.274510771036148071e-01,-1.068781852722167969e+00,7.929843068122863770e-01,1.191707253456115723e+00,-2.129450887441635132e-01,8.114752173423767090e-02,1.026902079582214355e+00,2.648679614067077637e-01,3.817822635173797607e-01,-1.210332214832305908e-01,-4.420257359743118286e-02,-1.675844788551330566e-01
-4.353221356868743896e-01,-1.960455030202865601e-01,3.258788287639617920e-01,1.565472595393657684e-02,2.283846139907836914e-01,-1.703115552663803101e-01,-9.584307074546813965e-01,4.147931337356567383e-01,4.148014187812805176e-01,-4.958714842796325684e-01,-6.044957160949707031e+00,-1.984438300132751465e-02,1.218093857169151306e-01,2.366980165243148804e-01,6.242798566818237305e-01,2.882338762283325195e-01,-1.499388664960861206e-01,-1.025560259819030762e+00,8.008430004119873047e-01,1.127842426300048828e+00,-1.969946026802062988e-01,4.158395901322364807e-02,9.669135212898254395e-01,3.381116092205047607e-01,4.665311872959136963e-01,-2.591497004032135010e-01,-1.391918659210205078e-01,-1.582718640565872192e-01
-4.327185451984405518e-01,-2.028226107358932495e-01,3.219038248062133789e-01,-1.064946595579385757e-02,2.344303727149963379e-01,-2.172633260488510132e-01,-9.474838376045227051e-01,3.897994756698608398e-01,3.916345238685607910e-01,-4.748085439205169678e-01,-5.980805397033691406e+00,8.414685726165771484e-02,7.101270556449890137e-02,1.873952001333236694e-01,6.312751173973083496e-01,2.878507673740386963e-01,-1.706107705831527710e-01,-9.598156809806823730e-01,7.841081619262695312e-01,1.052033782005310059e+00,-1.508918553590774536e-01,9.564970619976520538e-03,7.900308966636657715e-01,3.713262081146240234e-01,5.159496068954467773e-01,-3.494942188262939453e-01,-2.172202467918395996e-01,-1.270273178815841675e-01
-4.270398318767547607e-01,-2.057419568300247192e-01,3.197386562824249268e-01,-4.385092109441757202e-02,2.497057914733886719e-01,-2.643342018127441406e-01,-9.305114150047302246e-01,3.643164038658142090e-01,4.266607165336608887e-01,-4.915562272071838379e-01,-5.902993202209472656e+00,1.866890788078308105e-01,9.662000089883804321e-02,1.251744180917739868e-01,6.689711809158325195e-01,2.796744406223297119e-01,-2.105528563261032104e-01,-8.630856871604919434e-01,7.420757412910461426e-01,9.431748390197753906e-01,-6.145131215453147888e-02,-2.134859189391136169e-02,5.413628816604614258e-01,3.933468163013458252e-01,5.507692098617553711e-01,-4.185117483139038086e-01,-2.087141275405883789e-01,-6.847438216209411621e-02
-4.215278327465057373e-01,-2.078576236963272095e-01,3.210072815418243408e-01,-6.062533706426620483e-02,2.562811672687530518e-01,-3.097880482673645020e-01,-9.136059880256652832e-01,3.576259613037109375e-01,4.383656680583953857e-01,-5.202187299728393555e-01,-5.873099327087402344e+00,2.246675342321395874e-01,1.461948603391647339e-01,7.381158322095870972e-02,6.944932341575622559e-01,2.647794783115386963e-01,-2.582836151123046875e-01,-7.897549271583557129e-01,6.771594882011413574e-01,8.330076932907104492e-01,4.181637614965438843e-02,-1.374789793044328690e-02,3.678255379199981689e-01,3.917188942432403564e-01,5.496355891227722168e-01,-4.278393983840942383e-01,-1.859896183013916016e-01,-2.726152888499200344e-04
-4.155107438564300537e-01,-2.082045823335647583e-01,3.247802257537841797e-01,-6.827973574399948120e-02,2.658202946186065674e-01,-3.451716303825378418e-01,-8.975154757499694824e-01,3.733884692192077637e-01,4.460300803184509277e-01,-5.325505137443542480e-01,-5.863009452819824219e+00,2.638546824455261230e-01,1.750161647796630859e-01,4.826962947845458984e-02,7.341452240943908691e-01,2.615866363048553467e-01,-3.205450475215911865e-01,-7.832432389259338379e-01,5.743042826652526855e-01,7.452700138092041016e-01,1.095145121216773987e-01,-1.820926368236541748e-02,2.946170568466186523e-01,3.574820756912231445e-01,5.332962870597839355e-01,-3.620460927486419678e-01,-2.562511265277862549e-01,1.000167950987815857e-01
-4.077571928501129150e-01,-2.054625600576400757e-01,3.292771875858306885e-01,-6.969809532165527344e-02,2.721889019012451172e-01,-3.657866120338439941e-01,-8.872742056846618652e-01,3.961126208305358887e-01,4.548581242561340332e-01,-5.254472494125366211e-01,-5.873085975646972656e+00,3.042776584625244141e-01,1.728256046772003174e-01,5.258709564805030823e-02,7.453880906105041504e-01,2.722366154193878174e-01,-3.926295638084411621e-01,-8.077979087829589844e-01,4.551752507686614990e-01,6.726545691490173340e-01,1.345014721155166626e-01,-4.170345515012741089e-02,2.327774465084075928e-01,2.583256661891937256e-01,4.849953353404998779e-01,-2.063922286033630371e-01,-2.791908681392669678e-01,2.899122536182403564e-01
-4.019665718078613281e-01,-2.031151056289672852e-01,3.329226076602935791e-01,-7.116495817899703979e-02,2.676171958446502686e-01,-3.741499781608581543e-01,-8.850584030151367188e-01,3.931791186332702637e-01,4.382475614547729492e-01,-4.975723922252655029e-01,-5.886554718017578125e+00,3.203647434711456299e-01,1.560508012771606445e-01,7.213907688856124878e-02,7.230984568595886230e-01,2.790078520774841309e-01,-4.493530988693237305e-01,-8.241776823997497559e-01,3.911830782890319824e-01,6.150116920471191406e-01,1.473392695188522339e-01,-8.182043582201004028e-02,1.706784516572952271e-01,1.699110716581344604e-01,4.262112975120544434e-01,2.129627205431461334e-02,-2.502655386924743652e-01,5.666744709014892578e-01
-3.997391462326049805e-01,-2.031282484531402588e-01,3.358491361141204834e-01,-7.141035050153732300e-02,2.590904831886291504e-01,-3.732389807701110840e-01,-8.879557251930236816e-01,3.774380683898925781e-01,4.026089012622833252e-01,-4.638677537441253662e-01,-5.904130458831787109e+00,3.241420984268188477e-01,1.335356533527374268e-01,1.049642488360404968e-01,6.875587105751037598e-01,2.506014406681060791e-01,-4.859769642353057861e-01,-8.466919660568237305e-01,4.068765938282012939e-01,5.807586908340454102e-01,1.507591009140014648e-01,-1.132580414414405823e-01,1.223951876163482666e-01,1.151713728904724121e-01,3.239229321479797363e-01,3.107076287269592285e-01,-2.029279172420501709e-01,7.829887866973876953e-01
-3.987723588943481445e-01,-2.048608213663101196e-01,3.375357389450073242e-01,-7.218161225318908691e-02,2.546485066413879395e-01,-3.683967888355255127e-01,-8.911945819854736328e-01,3.671867251396179199e-01,3.782809078693389893e-01,-4.392971992492675781e-01,-5.915665149688720703e+00,3.293603658676147461e-01,1.218301653861999512e-01,1.330027878284454346e-01,6.597853899002075195e-01,2.280902266502380371e-01,-5.222662687301635742e-01,-9.199102520942687988e-01,4.271045029163360596e-01,5.160341858863830566e-01,1.537998467683792114e-01,-1.305480748414993286e-01,8.182270079851150513e-02,4.547262564301490784e-02,1.752640753984451294e-01,5.973639488220214844e-01,-1.513784378767013550e-01,7.498475909233093262e-01
-3.967714607715606689e-01,-2.072536647319793701e-01,3.378366529941558838e-01,-7.093140482902526855e-02,2.616163194179534912e-01,-3.615426719188690186e-01,-8.920832872390747070e-01,3.910146951675415039e-01,3.891893625259399414e-01,-4.328381121158599854e-01,-5.933591365814208984e+00,3.355918526649475098e-01,1.358501166105270386e-01,1.662975996732711792e-01,6.621400713920593262e-01,2.472743988037109375e-01,-5.521825551986694336e-01,-9.658224582672119141e-01,3.764780163764953613e-01,5.165841579437255859e-01,1.599234640598297119e-01,-1.546617150306701660e-01,6.601673364639282227e-02,4.214639309793710709e-03,3.719681873917579651e-02,7.710825204849243164e-01,-8.970369398593902588e-02,5.486234426498413086e-01
-3.952705860137939453e-01,-2.085417211055755615e-01,3.374923765659332275e-01,-6.960008293390274048e-02,2.776621282100677490e-01,-3.606429100036621094e-01,-8.876915574073791504e-01,4.357890486717224121e-01,4.302606284618377686e-01,-4.439078867435455322e-01,-5.952344894409179688e+00,3.353325724601745605e-01,1.962020248174667358e-01,1.955053806304931641e-01,6.898396015167236328e-01,2.589157521724700928e-01,-6.024043560028076172e-01,-9.453371763229370117e-01,2.476519644260406494e-01,6.303139925003051758e-01,1.876900792121887207e-01,-1.710327565670013428e-01,5.215007811784744263e-02,6.677594035863876343e-02,-5.052657052874565125e-02,8.171620965003967285e-01,-3.452502936124801636e-02,4.674111604690551758e-01
-3.957035541534423828e-01,-2.079477757215499878e-01,3.373785912990570068e-01,-6.896983832120895386e-02,2.933222949504852295e-01,-3.635848760604858398e-01,-8.814824223518371582e-01,4.759669303894042969e-01,4.716353118419647217e-01,-4.561948180198669434e-01,-5.965274333953857422e+00,3.304509222507476807e-01,2.654213309288024902e-01,2.031212300062179565e-01,7.292526364326477051e-01,2.294489592313766479e-01,-6.926978230476379395e-01,-8.989671468734741211e-01,1.812156736850738525e-01,8.609489798545837402e-01,2.388319820165634155e-01,-1.559194177389144897e-01,4.075670987367630005e-02,1.668640822172164917e-01,-9.385076165199279785e-02,8.235247731208801270e-01,1.706830970942974091e-02,4.930985867977142334e-01
-3.979607224464416504e-01,-2.054727673530578613e-01,3.374326229095458984e-01,-6.785649061203002930e-02,3.057579100131988525e-01,-3.635696470737457275e-01,-8.773395419120788574e-01,5.043487548828125000e-01,5.068838596343994141e-01,-4.681192338466644287e-01,-5.966452121734619141e+00,3.324014842510223389e-01,3.030533492565155029e-01,2.129766792058944702e-01,7.774713635444641113e-01,1.619105637073516846e-01,-7.790980935096740723e-01,-8.793237209320068359e-01,1.598438322544097900e-01,1.061840415000915527e+00,2.755341827869415283e-01,-1.270484477281570435e-01,6.198890879750251770e-02,2.573222219944000244e-01,-8.217920362949371338e-02,7.447217702865600586e-01,5.198939144611358643e-02,4.306214749813079834e-01
-4.009054601192474365e-01,-2.034760266542434692e-01,3.367762565612792969e-01,-5.776665732264518738e-02,3.036460578441619873e-01,-3.597749471664428711e-01,-8.803545236587524414e-01,5.153662562370300293e-01,5.064281821250915527e-01,-4.782874286174774170e-01,-5.991161823272705078e+00,3.206937313079833984e-01,2.901709675788879395e-01,2.370609790086746216e-01,7.786471247673034668e-01,1.053824797272682190e-01,-7.680053710937500000e-01,-9.146345257759094238e-01,1.815269589424133301e-01,1.139903187751770020e+00,2.658309936523437500e-01,-1.034495234489440918e-01,1.063627377152442932e-01,3.424614071846008301e-01,-1.165438350290060043e-02,5.429154634475708008e-01,6.224445253610610962e-02,3.339546322822570801e-01
-4.025431275367736816e-01,-2.022061198949813843e-01,3.354890942573547363e-01,-4.262300953269004822e-02,2.936151325702667236e-01,-3.503289818763732910e-01,-8.883935213088989258e-01,5.240114927291870117e-01,4.838605523109436035e-01,-4.823617339134216309e-01,-6.023062705993652344e+00,3.090810477733612061e-01,2.424748390913009644e-01,2.835025489330291748e-01,7.732501029968261719e-01,7.520923763513565063e-02,-7.235850095748901367e-01,-9.403740763664245605e-01,2.036017924547195435e-01,1.197137117385864258e+00,2.337719798088073730e-01,-1.091883033514022827e-01,1.773861795663833618e-01,4.590636491775512695e-01,1.001428440213203430e-01,2.558337748050689697e-01,3.785084933042526245e-02,2.719883620738983154e-01
-4.025805592536926270e-01,-2.017774432897567749e-01,3.353054821491241455e-01,-3.219131007790565491e-02,2.863898277282714844e-01,-3.378038406372070312e-01,-8.960095643997192383e-01,5.320643782615661621e-01,4.758433401584625244e-01,-4.877716004848480225e-01,-6.036328315734863281e+00,3.105859458446502686e-01,1.930539608001708984e-01,3.192147016525268555e-01,8.041208386421203613e-01,8.407022804021835327e-02,-6.704943180084228516e-01,-9.415051341056823730e-01,2.205553948879241943e-01,1.272270321846008301e+00,2.133018076419830322e-01,-1.307718008756637573e-01,2.730928063392639160e-01,5.046617388725280762e-01,1.901634186506271362e-01,1.530956029891967773e-01,6.087297108024358749e-03,1.012530624866485596e-01
-4.007318019866943359e-01,-1.995914578437805176e-01,3.361397981643676758e-01,-2.376112714409828186e-02,2.847912609577178955e-01,-3.231441378593444824e-01,-9.021680951118469238e-01,5.477957725524902344e-01,4.976621866226196289e-01,-4.998610019683837891e-01,-6.038663387298583984e+00,3.266844749450683594e-01,1.516797393560409546e-01,3.404410481452941895e-01,8.454192280769348145e-01,1.144999787211418152e-01,-5.461765527725219727e-01,-8.800152540206909180e-01,2.721663117408752441e-01,1.311613559722900391e+00,1.761885136365890503e-01,-1.513665914535522461e-01,3.937926888465881348e-01,4.801943600177764893e-01,2.071734070777893066e-01,2.247262448072433472e-01,-1.190356444567441940e-02,-3.128318116068840027e-02
-3.989896774291992188e-01,-1.965862512588500977e-01,3.361505568027496338e-01,-1.997808553278446198e-02,2.853324413299560547e-01,-3.162071406841278076e-01,-9.045436978340148926e-01,5.538678169250488281e-01,5.292966365814208984e-01,-5.108686685562133789e-01,-6.025661945343017578e+00,3.521861433982849121e-01,1.153430268168449402e-01,3.362672328948974609e-01,8.684993386268615723e-01,1.462045758962631226e-01,-3.464672267436981201e-01,-7.945012450218200684e-01,3.215524554252624512e-01,1.272010564804077148e+00,1.112185865640640259e-01,-1.616936922073364258e-01,5.177516341209411621e-01,4.580099880695343018e-01,2.065141946077346802e-01,2.787727415561676025e-01,-3.923381119966506958e-02,-3.788808360695838928e-02
-3.969918787479400635e-01,-1.933611035346984863e-01,3.349987268447875977e-01,-2.640321664512157440e-02,2.867566943168640137e-01,-3.247782588005065918e-01,-9.008843302726745605e-01,5.434463620185852051e-01,5.543882846832275391e-01,-5.126783251762390137e-01,-5.981755733489990234e+00,3.826765716075897217e-01,9.043055772781372070e-02,2.891516983509063721e-01,8.760237693786621094e-01,1.884984672069549561e-01,-1.262881308794021606e-01,-7.508467435836791992e-01,3.250638544559478760e-01,1.114000082015991211e+00,-2.707164734601974487e-03,-1.703788191080093384e-01,6.831779479980468750e-01,4.089810550212860107e-01,1.963834464550018311e-01,3.316047191619873047e-01,-6.255834549665451050e-02,-2.960190176963806152e-02
-3.941463530063629150e-01,-1.902508288621902466e-01,3.345934152603149414e-01,-3.490217030048370361e-02,2.898585200309753418e-01,-3.420566618442535400e-01,-8.931747078895568848e-01,5.370210409164428711e-01,5.830302834510803223e-01,-5.248448252677917480e-01,-5.937554836273193359e+00,4.151973426342010498e-01,9.208762645721435547e-02,2.351270169019699097e-01,8.966239690780639648e-01,2.243545651435852051e-01,3.111426159739494324e-02,-8.204420804977416992e-01,3.117915987968444824e-01,9.566688537597656250e-01,-1.125693842768669128e-01,-1.940885633230209351e-01,8.481533527374267578e-01,3.750120103359222412e-01,1.843170076608657837e-01,3.815701603889465332e-01,-9.352356195449829102e-02,-1.468881312757730484e-02
-3.911079466342926025e-01,-1.874762773513793945e-01,3.358406424522399902e-01,-4.266050830483436584e-02,2.911217510700225830e-01,-3.602266311645507812e-01,-8.852485418319702148e-01,5.294381976127624512e-01,6.009167432785034180e-01,-5.384029746055603027e-01,-5.909126758575439453e+00,4.416224956512451172e-01,9.525115042924880981e-02,1.846295744180679321e-01,9.228056669235229492e-01,2.458197623491287231e-01,1.270718723535537720e-01,-9.176992177963256836e-01,2.951875329017639160e-01,8.699684143066406250e-01,-2.346791028976440430e-01,-2.021148055791854858e-01,1.020668148994445801e+00,3.522056937217712402e-01,1.693916618824005127e-01,4.320155680179595947e-01,-1.066189482808113098e-01,-3.093320876359939575e-03
-3.882216811180114746e-01,-1.854502260684967041e-01,3.385397195816040039e-01,-4.868202283978462219e-02,2.875480353832244873e-01,-3.769783675670623779e-01,-8.791095018386840820e-01,5.152750611305236816e-01,6.019858121871948242e-01,-5.530406832695007324e-01,-5.898317813873291016e+00,4.606053531169891357e-01,7.819598168134689331e-02,1.406528651714324951e-01,9.434784054756164551e-01,2.632825374603271484e-01,1.732003390789031982e-01,-9.508028626441955566e-01,2.630749642848968506e-01,8.514748215675354004e-01,-3.378842473030090332e-01,-1.890185922384262085e-01,1.164084434509277344e+00,3.449018895626068115e-01,1.618149280548095703e-01,4.700798690319061279e-01,-8.247224241495132446e-02,6.000551395118236542e-03
-3.856868445873260498e-01,-1.855802983045578003e-01,3.406302332878112793e-01,-5.490561574697494507e-02,2.831059694290161133e-01,-3.903546035289764404e-01,-8.743338584899902344e-01,5.000193119049072266e-01,5.948930382728576660e-01,-5.672661662101745605e-01,-5.894632816314697266e+00,4.719842076301574707e-01,6.010923534631729126e-02,1.290795058012008667e-01,9.612815380096435547e-01,2.681935727596282959e-01,2.045856863260269165e-01,-8.898754119873046875e-01,2.406290173530578613e-01,8.641344308853149414e-01,-3.910341262817382812e-01,-1.665252149105072021e-01,1.218727350234985352e+00,3.534388840198516846e-01,1.862499564886093140e-01,4.845681190490722656e-01,-1.014166846871376038e-01,1.614187471568584442e-02
-3.838798701763153076e-01,-1.864053159952163696e-01,3.417803645133972168e-01,-6.101762130856513977e-02,2.808738350868225098e-01,-3.986107409000396729e-01,-8.709169030189514160e-01,4.884307384490966797e-01,5.880312323570251465e-01,-5.742067694664001465e-01,-5.891249179840087891e+00,4.775407016277313232e-01,5.639836564660072327e-02,1.507774591445922852e-01,9.801278114318847656e-01,2.563504874706268311e-01,2.331224232912063599e-01,-7.914535403251647949e-01,2.258670330047607422e-01,8.918150663375854492e-01,-3.831054568290710449e-01,-1.277956813573837280e-01,1.133521676063537598e+00,3.782879412174224854e-01,2.410173714160919189e-01,4.786843359470367432e-01,-1.736456900835037231e-01,3.349577635526657104e-02
-3.834440112113952637e-01,-1.864273101091384888e-01,3.418613970279693604e-01,-6.750738620758056641e-02,2.810818552970886230e-01,-4.079422950744628906e-01,-8.660362958908081055e-01,4.774052202701568604e-01,5.817883014678955078e-01,-5.737161636352539062e-01,-5.879344940185546875e+00,4.878292679786682129e-01,6.176228448748588562e-02,1.657337099313735962e-01,9.924209713935852051e-01,2.407938987016677856e-01,2.595577239990234375e-01,-7.025781869888305664e-01,2.013566195964813232e-01,9.107800126075744629e-01,-3.141139745712280273e-01,-9.509179741144180298e-02,9.514656066894531250e-01,3.946801126003265381e-01,2.911108136177062988e-01,4.716650545597076416e-01,-2.501381933689117432e-01,5.587234720587730408e-02
-3.838180303573608398e-01,-1.852200329303741455e-01,3.414639234542846680e-01,-7.565607130527496338e-02,2.797500193119049072e-01,-4.214828908443450928e-01,-8.592835664749145508e-01,4.585126936435699463e-01,5.757709741592407227e-01,-5.730738043785095215e-01,-5.857853412628173828e+00,4.997382760047912598e-01,7.375593483448028564e-02,1.699840128421783447e-01,1.001544117927551270e+00,2.075369805097579956e-01,2.997519671916961670e-01,-6.499483585357666016e-01,1.766436249017715454e-01,9.230536222457885742e-01,-2.572115659713745117e-01,-7.994400709867477417e-02,8.121754527091979980e-01,3.932417631149291992e-01,3.261044025421142578e-01,4.889326095581054688e-01,-3.353925943374633789e-01,7.948087155818939209e-02
-3.841364979743957520e-01,-1.827349066734313965e-01,3.408049046993255615e-01,-8.457990735769271851e-02,2.766090035438537598e-01,-4.377317428588867188e-01,-8.513075709342956543e-01,4.361524283885955811e-01,5.719951987266540527e-01,-5.759556293487548828e-01,-5.829525947570800781e+00,5.130707621574401855e-01,8.720410615205764771e-02,1.706541627645492554e-01,1.013109803199768066e+00,1.626596748828887939e-01,3.341493606567382812e-01,-6.279806494712829590e-01,1.717336624860763550e-01,9.024147391319274902e-01,-2.484212815761566162e-01,-9.488390386104583740e-02,7.674679160118103027e-01,3.838800191879272461e-01,3.490751683712005615e-01,5.233846306800842285e-01,-4.187503159046173096e-01,1.041745916008949280e-01
-3.841301202774047852e-01,-1.794266849756240845e-01,3.404743373394012451e-01,-9.266197681427001953e-02,2.719128429889678955e-01,-4.542235136032104492e-01,-8.433019518852233887e-01,4.121622443199157715e-01,5.688261389732360840e-01,-5.816774368286132812e-01,-5.801844120025634766e+00,5.258129835128784180e-01,9.747435897588729858e-02,1.647340059280395508e-01,1.026530265808105469e+00,1.202907934784889221e-01,3.616633415222167969e-01,-5.975694060325622559e-01,1.843101084232330322e-01,8.489247560501098633e-01,-2.721092104911804199e-01,-1.203510910272598267e-01,7.959827184677124023e-01,3.820171952247619629e-01,3.582597374916076660e-01,5.516697168350219727e-01,-4.682786464691162109e-01,1.296887546777725220e-01
-3.841040432453155518e-01,-1.768200546503067017e-01,3.404667377471923828e-01,-9.904931485652923584e-02,2.647453844547271729e-01,-4.699645042419433594e-01,-8.362011909484863281e-01,3.853123486042022705e-01,5.608955025672912598e-01,-5.892511010169982910e-01,-5.783606052398681641e+00,5.320884585380554199e-01,1.002125665545463562e-01,1.470610201358795166e-01,1.030596256256103516e+00,9.333039075136184692e-02,3.836889863014221191e-01,-5.279685854911804199e-01,2.020025998353958130e-01,7.977055311203002930e-01,-2.995135486125946045e-01,-1.302167624235153198e-01,8.391955494880676270e-01,3.836606442928314209e-01,3.575260639190673828e-01,5.637220740318298340e-01,-4.940703511238098145e-01,1.427876502275466919e-01
-3.822088241577148438e-01,-1.735058873891830444e-01,3.423903286457061768e-01,-1.017965227365493774e-01,2.577288448810577393e-01,-4.750638902187347412e-01,-8.351811766624450684e-01,3.679590523242950439e-01,5.945802330970764160e-01,-6.114169955253601074e-01,-5.793953418731689453e+00,5.408861041069030762e-01,1.254377365112304688e-01,1.307912468910217285e-01,1.048904061317443848e+00,9.483966231346130371e-02,3.899263739585876465e-01,-4.168901741504669189e-01,2.568241059780120850e-01,7.674700021743774414e-01,-3.148313164710998535e-01,-1.449173539876937866e-01,8.709617257118225098e-01,4.733825623989105225e-01,3.699572682380676270e-01,5.154664516448974609e-01,-5.275267958641052246e-01,1.597644984722137451e-01
-3.825333714485168457e-01,-1.725141406059265137e-01,3.425920605659484863e-01,-1.033002212643623352e-01,2.531245052814483643e-01,-4.826119840145111084e-01,-8.320713639259338379e-01,3.533843457698822021e-01,5.865217447280883789e-01,-6.150688529014587402e-01,-5.791649341583251953e+00,5.386675000190734863e-01,1.264048516750335693e-01,1.127469539642333984e-01,1.041666030883789062e+00,9.053345024585723877e-02,3.977770209312438965e-01,-3.258716762065887451e-01,3.120191097259521484e-01,7.687911391258239746e-01,-3.286491036415100098e-01,-1.225543469190597534e-01,8.896180987358093262e-01,4.764778614044189453e-01,3.640526235103607178e-01,4.977072477340698242e-01,-5.271553397178649902e-01,1.461019515991210938e-01
-3.831945955753326416e-01,-1.721881628036499023e-01,3.427035212516784668e-01,-1.034515276551246643e-01,2.499588578939437866e-01,-4.867201149463653564e-01,-8.306153416633605957e-01,3.431546986103057861e-01,5.778690576553344727e-01,-6.148011088371276855e-01,-5.790014743804931641e+00,5.345116853713989258e-01,1.211320012807846069e-01,9.320304542779922485e-02,1.030138492584228516e+00,9.733703732490539551e-02,3.879334926605224609e-01,-2.373093068599700928e-01,3.727216422557830811e-01,7.895581722259521484e-01,-3.409206569194793701e-01,-1.003196537494659424e-01,9.023439884185791016e-01,4.763296544551849365e-01,3.535022139549255371e-01,4.750914871692657471e-01,-5.190702676773071289e-01,1.308180540800094604e-01
-3.842407464981079102e-01,-1.724035739898681641e-01,3.426460623741149902e-01,-1.018257737159729004e-01,2.499200105667114258e-01,-4.866490364074707031e-01,-8.308695554733276367e-01,3.409002721309661865e-01,5.722801685333251953e-01,-6.109772324562072754e-01,-5.788585186004638672e+00,5.314189791679382324e-01,1.144490391016006470e-01,7.918571680784225464e-02,1.016853094100952148e+00,1.105663180351257324e-01,3.634365499019622803e-01,-1.496123075485229492e-01,4.485504627227783203e-01,8.058544397354125977e-01,-3.446715474128723145e-01,-7.512288540601730347e-02,8.999853730201721191e-01,4.746719002723693848e-01,3.408381342887878418e-01,4.466573297977447510e-01,-5.104609727859497070e-01,1.128827482461929321e-01
-3.875430226325988770e-01,-1.747788190841674805e-01,3.405915498733520508e-01,-9.880416095256805420e-02,2.542466819286346436e-01,-4.896304011344909668e-01,-8.281657099723815918e-01,3.449166417121887207e-01,5.315374135971069336e-01,-5.912566184997558594e-01,-5.774060249328613281e+00,5.245177745819091797e-01,8.677835017442703247e-02,7.344596832990646362e-02,9.834564328193664551e-01,1.129236370325088501e-01,3.479374051094055176e-01,-1.123989447951316833e-01,5.430142283439636230e-01,8.388425111770629883e-01,-3.503789007663726807e-01,-2.654681354761123657e-02,8.830806612968444824e-01,4.031035900115966797e-01,3.183076381683349609e-01,4.417508840560913086e-01,-4.895900189876556396e-01,8.332388103008270264e-02
-3.896459341049194336e-01,-1.768936514854431152e-01,3.407537341117858887e-01,-9.426753968000411987e-02,2.611336708068847656e-01,-4.796778857707977295e-01,-8.323652744293212891e-01,3.595817685127258301e-01,5.305384397506713867e-01,-5.812769532203674316e-01,-5.781329154968261719e+00,5.130044221878051758e-01,7.811048626899719238e-02,6.819295883178710938e-02,9.704537987709045410e-01,1.415926218032836914e-01,3.142726421356201172e-01,-1.395981758832931519e-01,6.712509989738464355e-01,9.078779816627502441e-01,-3.198438584804534912e-01,5.469472613185644150e-03,8.305412530899047852e-01,4.112824499607086182e-01,2.991276681423187256e-01,4.033088982105255127e-01,-4.683044552803039551e-01,7.492706179618835449e-02
-3.919111192226409912e-01,-1.794579923152923584e-01,3.406898379325866699e-01,-8.772524446249008179e-02,2.736627757549285889e-01,-4.622814357280731201e-01,-8.388735651969909668e-01,3.901757597923278809e-01,5.437796711921691895e-01,-5.724426507949829102e-01,-5.793527126312255859e+00,5.027226805686950684e-01,8.069876581430435181e-02,7.642252743244171143e-02,9.659529924392700195e-01,1.827045530080795288e-01,2.798943817615509033e-01,-2.439336776733398438e-01,8.052337765693664551e-01,1.025683164596557617e+00,-2.722046375274658203e-01,2.006678283214569092e-02,7.545877695083618164e-01,4.278734922409057617e-01,2.943377196788787842e-01,3.595862090587615967e-01,-4.398349225521087646e-01,6.982557475566864014e-02
-3.938677906990051270e-01,-1.823414266109466553e-01,3.403557240962982178e-01,-7.915403693914413452e-02,2.874132096767425537e-01,-4.384985864162445068e-01,-8.478485941886901855e-01,4.306535720825195312e-01,5.638770461082458496e-01,-5.652409195899963379e-01,-5.813363075256347656e+00,4.932471811771392822e-01,8.544027805328369141e-02,1.024540811777114868e-01,9.633410573005676270e-01,2.267631441354751587e-01,2.303012162446975708e-01,-4.319140017032623291e-01,8.843916058540344238e-01,1.189912676811218262e+00,-2.280758619308471680e-01,6.619061809033155441e-03,6.823615431785583496e-01,4.448558092117309570e-01,3.010711073875427246e-01,3.207665979862213135e-01,-4.017943143844604492e-01,6.964781135320663452e-02
-3.957947492599487305e-01,-1.856120228767395020e-01,3.399884104728698730e-01,-6.926032155752182007e-02,2.978032231330871582e-01,-4.143867194652557373e-01,-8.572046756744384766e-01,4.674870371818542480e-01,5.790272355079650879e-01,-5.607849359512329102e-01,-5.845653057098388672e+00,4.806314706802368164e-01,8.926142007112503052e-02,1.391026824712753296e-01,9.608103036880493164e-01,2.528689205646514893e-01,1.217362731695175171e-01,-6.381671428680419922e-01,8.754414916038513184e-01,1.365554332733154297e+00,-1.895327717065811157e-01,-4.510474856942892075e-03,6.266016960144042969e-01,4.657274484634399414e-01,3.090895116329193115e-01,2.906632721424102783e-01,-3.574989736080169678e-01,7.184474170207977295e-02
-3.972755074501037598e-01,-1.893789768218994141e-01,3.394926786422729492e-01,-5.959227681159973145e-02,3.023092746734619141e-01,-3.930553495883941650e-01,-8.663517236709594727e-01,4.931802451610565186e-01,5.810033082962036133e-01,-5.555926561355590820e-01,-5.884366512298583984e+00,4.639574289321899414e-01,8.857336640357971191e-02,1.709444373846054077e-01,9.510706067085266113e-01,2.784511446952819824e-01,9.392752312123775482e-03,-8.325847387313842773e-01,8.524561524391174316e-01,1.493951439857482910e+00,-1.663568466901779175e-01,-1.632850617170333862e-02,5.993044972419738770e-01,4.828523397445678711e-01,3.175233602523803711e-01,2.666945755481719971e-01,-3.112174868583679199e-01,7.401937246322631836e-02
-3.982974588871002197e-01,-1.934420615434646606e-01,3.387542366981506348e-01,-5.143029615283012390e-02,3.020887970924377441e-01,-3.758005797863006592e-01,-8.745691776275634766e-01,5.087216496467590332e-01,5.707431435585021973e-01,-5.467367172241210938e-01,-5.921956539154052734e+00,4.430556893348693848e-01,8.906605094671249390e-02,1.969834566116333008e-01,9.348784089088439941e-01,3.015399277210235596e-01,-8.358230441808700562e-02,-9.966179132461547852e-01,8.622151017189025879e-01,1.559434533119201660e+00,-1.617473512887954712e-01,-2.863307669758796692e-02,6.178829669952392578e-01,4.977234899997711182e-01,3.263038396835327148e-01,2.419098466634750366e-01,-2.475569248199462891e-01,7.137092202901840210e-02
-3.988355994224548340e-01,-1.975547373294830322e-01,3.378660380840301514e-01,-4.529872164130210876e-02,3.017103672027587891e-01,-3.619679212570190430e-01,-8.808507919311523438e-01,5.239496231079101562e-01,5.602826476097106934e-01,-5.390647053718566895e-01,-5.953441619873046875e+00,4.235173761844635010e-01,9.541748464107513428e-02,2.176300734281539917e-01,9.235888123512268066e-01,3.210061788558959961e-01,-1.609472334384918213e-01,-1.143564343452453613e+00,9.187629222869873047e-01,1.579727411270141602e+00,-1.632620692253112793e-01,-3.816175833344459534e-02,6.860199570655822754e-01,5.120660662651062012e-01,3.328327834606170654e-01,2.184365540742874146e-01,-1.579749584197998047e-01,6.382929533720016479e-02
-3.990514576435089111e-01,-2.010921686887741089e-01,3.367838561534881592e-01,-4.281210154294967651e-02,3.050385415554046631e-01,-3.524461090564727783e-01,-8.836856484413146973e-01,5.430665612220764160e-01,5.583311915397644043e-01,-5.337728857994079590e-01,-5.970447063446044922e+00,4.152506887912750244e-01,1.069876477122306824e-01,2.267140597105026245e-01,9.241032600402832031e-01,3.385848402976989746e-01,-2.225124686956405640e-01,-1.268650650978088379e+00,9.885371327400207520e-01,1.553998827934265137e+00,-1.617522388696670532e-01,-4.297975078225135803e-02,7.862465977668762207e-01,5.227740406990051270e-01,3.331519067287445068e-01,2.040037512779235840e-01,-6.539107859134674072e-02,6.313469260931015015e-02
-3.992052078247070312e-01,-2.036916315555572510e-01,3.354417085647583008e-01,-4.427455365657806396e-02,3.093765079975128174e-01,-3.478498756885528564e-01,-8.839266896247863770e-01,5.539640784263610840e-01,5.619958043098449707e-01,-5.315981507301330566e-01,-5.968874931335449219e+00,4.179117083549499512e-01,1.166713386774063110e-01,2.142841964960098267e-01,9.279050827026367188e-01,3.680830001831054688e-01,-2.617289721965789795e-01,-1.345538854598999023e+00,1.049492478370666504e+00,1.516104817390441895e+00,-1.551294326782226562e-01,-4.937647283077239990e-02,8.989640474319458008e-01,5.317250490188598633e-01,3.292575180530548096e-01,1.879775673151016235e-01,3.057418949902057648e-02,6.883192062377929688e-02
-3.996946811676025391e-01,-2.061111479997634888e-01,3.336593508720397949e-01,-4.984902963042259216e-02,3.118086755275726318e-01,-3.494551777839660645e-01,-8.821402788162231445e-01,5.473538637161254883e-01,5.663504004478454590e-01,-5.332670211791992188e-01,-5.952181816101074219e+00,4.229776561260223389e-01,1.260982751846313477e-01,1.768353581428527832e-01,9.269902706146240234e-01,4.037750363349914551e-01,-3.056007921695709229e-01,-1.323312044143676758e+00,1.134636044502258301e+00,1.469515562057495117e+00,-1.305654197931289673e-01,-4.653825238347053528e-02,9.809144139289855957e-01,5.396863818168640137e-01,3.176576793193817139e-01,1.653492599725723267e-01,6.528560072183609009e-02,7.160217314958572388e-02
-4.001612067222595215e-01,-2.080669701099395752e-01,3.317136764526367188e-01,-5.757782235741615295e-02,3.115770816802978516e-01,-3.567048907279968262e-01,-8.788436651229858398e-01,5.281544327735900879e-01,5.670550465583801270e-01,-5.347601175308227539e-01,-5.927402973175048828e+00,4.225816726684570312e-01,1.430395841598510742e-01,1.263536661863327026e-01,9.233031272888183594e-01,4.461469352245330811e-01,-3.664689064025878906e-01,-1.189249992370605469e+00,1.187851190567016602e+00,1.423825144767761230e+00,-7.989931851625442505e-02,-6.811176240444183350e-02,9.931278228759765625e-01,5.559228062629699707e-01,3.113358020782470703e-01,1.305448859930038452e-01,3.015336766839027405e-02,7.430739700794219971e-02
-4.005234539508819580e-01,-2.090581655502319336e-01,3.296621441841125488e-01,-6.721285730600357056e-02,3.087961375713348389e-01,-3.704777359962463379e-01,-8.734263777732849121e-01,4.981627464294433594e-01,5.621757507324218750e-01,-5.342302322387695312e-01,-5.893473625183105469e+00,4.200620353221893311e-01,1.670626997947692871e-01,6.501106172800064087e-02,9.191027283668518066e-01,4.860906302928924561e-01,-4.434557855129241943e-01,-9.813439846038818359e-01,1.181511521339416504e+00,1.406214594841003418e+00,-2.277414686977863312e-02,-1.127102747559547424e-01,9.233861565589904785e-01,5.800952315330505371e-01,3.084369599819183350e-01,9.315904974937438965e-02,-7.496432960033416748e-02,8.320925384759902954e-02
-4.003739058971405029e-01,-2.084839344024658203e-01,3.285780251026153564e-01,-7.781097292900085449e-02,3.019839227199554443e-01,-3.890514075756072998e-01,-8.668276667594909668e-01,4.592345952987670898e-01,5.502577424049377441e-01,-5.318672060966491699e-01,-5.856863498687744141e+00,4.175119400024414062e-01,1.900978386402130127e-01,6.556364241987466812e-03,9.038222432136535645e-01,4.959822893142700195e-01,-4.728129804134368896e-01,-8.244764208793640137e-01,1.190169095993041992e+00,1.374618291854858398e+00,2.135786227881908417e-02,-1.222777217626571655e-01,7.576001286506652832e-01,5.878746509552001953e-01,2.941896617412567139e-01,7.105015963315963745e-02,-1.398541480302810669e-01,9.836413711309432983e-02
-3.986285030841827393e-01,-2.088472545146942139e-01,3.274626135826110840e-01,-8.850270509719848633e-02,2.926070392131805420e-01,-4.085049927234649658e-01,-8.600419163703918457e-01,4.219627380371093750e-01,5.341942310333251953e-01,-5.335562229156494141e-01,-5.823870182037353516e+00,4.154619276523590088e-01,2.074869424104690552e-01,-4.440065100789070129e-02,8.757143616676330566e-01,5.031166672706604004e-01,-4.010367691516876221e-01,-7.784941196441650391e-01,1.201600909233093262e+00,1.292294144630432129e+00,4.058674722909927368e-02,-1.004891470074653625e-01,6.457755565643310547e-01,5.513149499893188477e-01,2.774709463119506836e-01,8.846400678157806396e-02,-2.029027938842773438e-01,1.249581575393676758e-01
-3.952289521694183350e-01,-2.064391970634460449e-01,3.282907307147979736e-01,-9.615995734930038452e-02,2.820784449577331543e-01,-4.258759915828704834e-01,-8.542919158935546875e-01,3.934065997600555420e-01,5.232170224189758301e-01,-5.420511364936828613e-01,-5.795863151550292969e+00,4.195595383644104004e-01,2.133529335260391235e-01,-8.185040950775146484e-02,8.531427979469299316e-01,5.036005377769470215e-01,-2.800800204277038574e-01,-8.129889965057373047e-01,1.196666240692138672e+00,1.159872055053710938e+00,-6.576018407940864563e-03,-7.009523361921310425e-02,6.810526847839355469e-01,4.831305742263793945e-01,2.626593410968780518e-01,1.635647118091583252e-01,-2.450891584157943726e-01,1.777909398078918457e-01
-3.908124566078186035e-01,-2.024466991424560547e-01,3.296145796775817871e-01,-1.004351824522018433e-01,2.725096046924591064e-01,-4.402304589748382568e-01,-8.496166467666625977e-01,3.748459815979003906e-01,5.144392848014831543e-01,-5.467732548713684082e-01,-5.773003101348876953e+00,4.330176413059234619e-01,2.026972770690917969e-01,-1.115639209747314453e-01,8.383488655090332031e-01,5.117120742797851562e-01,-1.618533730506896973e-01,-8.458809852600097656e-01,1.147131204605102539e+00,1.001586318016052246e+00,-3.909019753336906433e-02,-5.130679532885551453e-02,7.185075283050537109e-01,3.947316110134124756e-01,2.579247057437896729e-01,2.838961482048034668e-01,-2.379500567913055420e-01,2.590841054916381836e-01
-3.859026432037353516e-01,-1.969192624092102051e-01,3.312524557113647461e-01,-1.027699112892150879e-01,2.636280357837677002e-01,-4.522506892681121826e-01,-8.458179235458374023e-01,3.612951338291168213e-01,5.114518404006958008e-01,-5.498549342155456543e-01,-5.748981952667236328e+00,4.516906440258026123e-01,1.811953932046890259e-01,-1.308060139417648315e-01,8.342450261116027832e-01,5.210805535316467285e-01,-8.304964005947113037e-02,-8.071327805519104004e-01,1.043965697288513184e+00,8.215835690498352051e-01,-6.537176668643951416e-02,-4.847034439444541931e-02,7.411041855812072754e-01,3.056905567646026611e-01,2.761940062046051025e-01,4.184169471263885498e-01,-2.724651396274566650e-01,3.729246258735656738e-01
-3.816021978855133057e-01,-1.907382160425186157e-01,3.327339589595794678e-01,-1.036111935973167419e-01,2.533551752567291260e-01,-4.625944495201110840e-01,-8.432569503784179688e-01,3.470996618270874023e-01,5.143198966979980469e-01,-5.551571249961853027e-01,-5.735235691070556641e+00,4.644825756549835205e-01,1.607002913951873779e-01,-1.417512297630310059e-01,8.241425156593322754e-01,5.185056328773498535e-01,-6.159827858209609985e-02,-6.418029069900512695e-01,8.635035157203674316e-01,6.303305029869079590e-01,-9.106571972370147705e-02,-5.450556054711341858e-02,7.573639154434204102e-01,2.112418860197067261e-01,3.073296844959259033e-01,5.633438229560852051e-01,-3.177011311054229736e-01,5.293248891830444336e-01
-3.786462545394897461e-01,-1.857668608427047729e-01,3.341120183467864990e-01,-1.023610681295394897e-01,2.403812855482101440e-01,-4.677565395832061768e-01,-8.443594574928283691e-01,3.355529308319091797e-01,5.215299129486083984e-01,-5.616799592971801758e-01,-5.745311260223388672e+00,4.601029753684997559e-01,1.554111987352371216e-01,-1.382163465023040771e-01,8.103362917900085449e-01,4.680768251419067383e-01,-7.228647172451019287e-02,-4.092440307140350342e-01,6.676217317581176758e-01,4.743329584598541260e-01,-1.180851012468338013e-01,-5.564358830451965332e-02,7.509008646011352539e-01,2.093610614538192749e-01,3.250192105770111084e-01,7.052492499351501465e-01,-3.930525183677673340e-01,7.369457483291625977e-01
-3.737925291061401367e-01,-1.818407326936721802e-01,3.368431031703948975e-01,-1.035069972276687622e-01,2.296714931726455688e-01,-4.610176682472229004e-01,-8.508819341659545898e-01,3.332579135894775391e-01,5.551062226295471191e-01,-5.673189759254455566e-01,-5.768581390380859375e+00,4.525702297687530518e-01,1.794241219758987427e-01,-1.429337412118911743e-01,8.151833415031433105e-01,4.398071169853210449e-01,-9.849267452955245972e-02,-1.475221365690231323e-01,4.824846982955932617e-01,3.909058272838592529e-01,-1.438591629266738892e-01,-6.861643493175506592e-02,7.355977892875671387e-01,3.437165021896362305e-01,3.712332248687744141e-01,7.944079637527465820e-01,-4.800791442394256592e-01,7.785696983337402344e-01
-3.673325777053833008e-01,-1.792656183242797852e-01,3.365024030208587646e-01,-1.077162176370620728e-01,2.261473089456558228e-01,-4.642540216445922852e-01,-8.495427370071411133e-01,3.404200971126556396e-01,5.661728978157043457e-01,-5.599168539047241211e-01,-5.758907794952392578e+00,4.603191018104553223e-01,1.958207935094833374e-01,-1.064598336815834045e-01,8.435040712356567383e-01,3.916057646274566650e-01,-8.062066137790679932e-02,1.755326390266418457e-01,2.835186719894409180e-01,2.432904988527297974e-01,-1.670480519533157349e-01,-9.766299277544021606e-02,7.234794497489929199e-01,4.814593493938446045e-01,4.652045667171478271e-01,8.544339537620544434e-01,-5.544555187225341797e-01,6.356061100959777832e-01
-3.584093153476715088e-01,-1.745276004076004028e-01,3.357582986354827881e-01,-1.090044304728507996e-01,2.195809334516525269e-01,-4.695662856101989746e-01,-8.481802344322204590e-01,3.535649478435516357e-01,5.767143368721008301e-01,-5.598235130310058594e-01,-5.752134323120117188e+00,4.760689735412597656e-01,2.028796672821044922e-01,-9.430973231792449951e-02,8.546530008316040039e-01,3.808819949626922607e-01,-3.410962596535682678e-02,3.843926787376403809e-01,6.629187613725662231e-02,6.972174346446990967e-02,-1.833603233098983765e-01,-9.983280301094055176e-02,7.059555649757385254e-01,6.066988110542297363e-01,5.654677748680114746e-01,8.757103085517883301e-01,-6.031243205070495605e-01,3.888739049434661865e-01
-3.488761484622955322e-01,-1.675130128860473633e-01,3.370979726314544678e-01,-1.014305129647254944e-01,2.088287323713302612e-01,-4.775100946426391602e-01,-8.473998308181762695e-01,3.742136061191558838e-01,5.782422423362731934e-01,-5.748208761215209961e-01,-5.781777858734130859e+00,4.832726418972015381e-01,1.904415786266326904e-01,-1.119469255208969116e-01,8.192764520645141602e-01,3.920356631278991699e-01,5.201643332839012146e-03,4.557827711105346680e-01,-2.029137909412384033e-01,-3.685861825942993164e-02,-1.904956400394439697e-01,-4.030166938900947571e-02,6.621337532997131348e-01,6.145876646041870117e-01,6.150861382484436035e-01,9.115025401115417480e-01,-6.190988421440124512e-01,2.606063485145568848e-01
-3.385533690452575684e-01,-1.615993529558181763e-01,3.393750488758087158e-01,-8.680629730224609375e-02,1.975464671850204468e-01,-4.800197780132293701e-01,-8.503064513206481934e-01,4.122785627841949463e-01,5.655145049095153809e-01,-5.870666503906250000e-01,-5.847064971923828125e+00,4.644672572612762451e-01,1.644077897071838379e-01,-1.196048632264137268e-01,7.616082429885864258e-01,3.960358202457427979e-01,2.457512356340885162e-02,4.216429293155670166e-01,-4.745087623596191406e-01,-7.366050500422716141e-03,-1.576492786407470703e-01,4.870563000440597534e-02,5.498404502868652344e-01,5.663029551506042480e-01,6.111177802085876465e-01,9.177623987197875977e-01,-6.081287860870361328e-01,2.325571477413177490e-01
-3.269968330860137939e-01,-1.555403172969818115e-01,3.423525989055633545e-01,-7.864230871200561523e-02,2.022812366485595703e-01,-4.734802842140197754e-01,-8.536475300788879395e-01,4.755809307098388672e-01,5.745276808738708496e-01,-5.660607814788818359e-01,-5.896836757659912109e+00,4.747955203056335449e-01,1.498110592365264893e-01,-6.998180598020553589e-02,7.319817543029785156e-01,3.488501012325286865e-01,3.788566961884498596e-02,3.695643246173858643e-01,-6.497679948806762695e-01,1.005826592445373535e-01,-1.371454745531082153e-01,9.304162859916687012e-02,4.083035588264465332e-01,4.898674786090850830e-01,5.371151566505432129e-01,7.923886775970458984e-01,-5.628081560134887695e-01,2.107836753129959106e-01
-3.137850761413574219e-01,-1.495523154735565186e-01,3.447307646274566650e-01,-8.076458424329757690e-02,2.208378612995147705e-01,-4.588574469089508057e-01,-8.568299412727355957e-01,5.551415085792541504e-01,6.032339334487915039e-01,-5.125897526741027832e-01,-5.913390636444091797e+00,5.489354133605957031e-01,1.298660039901733398e-01,2.832316048443317413e-02,7.400744557380676270e-01,2.386709600687026978e-01,5.455067753791809082e-02,3.450548648834228516e-01,-6.903321146965026855e-01,2.402095645666122437e-01,-1.149384677410125732e-01,9.276197105646133423e-02,2.458067089319229126e-01,4.324338436126708984e-01,4.323343634605407715e-01,6.231937408447265625e-01,-4.782634377479553223e-01,2.251293361186981201e-01
-3.025546669960021973e-01,-1.454259455204010010e-01,3.437532782554626465e-01,-8.383253216743469238e-02,2.333049327135086060e-01,-4.472384452819824219e-01,-8.593711256980895996e-01,6.102644801139831543e-01,5.557279586791992188e-01,-3.950414359569549561e-01,-5.896397113800048828e+00,6.255311369895935059e-01,7.803363353013992310e-02,1.391507834196090698e-01,7.114344239234924316e-01,4.323092103004455566e-02,7.284034043550491333e-02,3.236783146858215332e-01,-6.118771433830261230e-01,3.793423473834991455e-01,-1.336501836776733398e-01,9.598127752542495728e-02,8.945390582084655762e-02,3.292264044284820557e-01,3.072892725467681885e-01,4.735485613346099854e-01,-3.741042315959930420e-01,2.296723127365112305e-01
-2.909185588359832764e-01,-1.377193927764892578e-01,3.449771404266357422e-01,-7.907846570014953613e-02,2.588587403297424316e-01,-4.267640113830566406e-01,-8.629086017608642578e-01,6.462624669075012207e-01,5.429458022117614746e-01,-2.357943952083587646e-01,-5.890533447265625000e+00,7.213095426559448242e-01,7.876884937286376953e-02,2.834299206733703613e-01,7.617913484573364258e-01,-1.665740162134170532e-01,5.758368875831365585e-03,2.818105816841125488e-01,-4.371954500675201416e-01,4.772161245346069336e-01,-6.900963187217712402e-02,7.064411044120788574e-02,-3.728457540273666382e-02,3.491259515285491943e-01,2.255713641643524170e-01,2.672599554061889648e-01,-2.348198294639587402e-01,6.483445316553115845e-02
-2.831729650497436523e-01,-1.295466274023056030e-01,3.424376547336578369e-01,-5.151052772998809814e-02,2.589623332023620605e-01,-4.071650505065917969e-01,-8.743579387664794922e-01,5.816344618797302246e-01,4.676152467727661133e-01,-2.481621801853179932e-01,-5.935296058654785156e+00,6.788432002067565918e-01,1.479699760675430298e-01,3.993145227432250977e-01,7.201586961746215820e-01,-2.840068638324737549e-01,-4.946586489677429199e-02,2.332242429256439209e-01,-2.978157401084899902e-01,5.376320481300354004e-01,-7.991925626993179321e-02,6.248899921774864197e-02,-6.339216232299804688e-02,2.723899781703948975e-01,1.743627041578292847e-01,2.532460689544677734e-01,-1.016495600342750549e-01,-1.165607497096061707e-01
-2.799836695194244385e-01,-1.154583990573883057e-01,3.394172191619873047e-01,-1.709896326065063477e-02,2.104679197072982788e-01,-3.730857968330383301e-01,-9.034477472305297852e-01,4.553352892398834229e-01,3.350703120231628418e-01,-4.031876027584075928e-01,-5.977488994598388672e+00,3.781358301639556885e-01,4.122650027275085449e-01,4.520206451416015625e-01,5.923275947570800781e-01,-3.254520893096923828e-01,-6.128048896789550781e-02,1.812874078750610352e-01,-1.670766770839691162e-01,5.149968862533569336e-01,-1.988774091005325317e-01,3.638572618365287781e-02,1.321319788694381714e-01,8.393234014511108398e-02,1.428948193788528442e-01,4.611745476722717285e-01,7.977169752120971680e-02,-1.247926354408264160e-01
-2.753209173679351807e-01,-1.044041365385055542e-01,3.300318717956542969e-01,-2.338070236146450043e-02,1.740087419748306274e-01,-3.307980895042419434e-01,-9.272254109382629395e-01,4.256499409675598145e-01,3.422462642192840576e-01,-4.446385800838470459e-01,-5.932934284210205078e+00,-3.297586925327777863e-03,8.523733019828796387e-01,4.185809493064880371e-01,5.125749707221984863e-01,-3.044577240943908691e-01,-1.546964701265096664e-02,1.544455289840698242e-01,-7.549174129962921143e-02,4.027892053127288818e-01,-3.630338609218597412e-01,4.961654543876647949e-02,6.346362233161926270e-01,-1.587464511394500732e-01,1.246115937829017639e-01,6.811714768409729004e-01,5.653174519538879395e-01,-1.323152035474777222e-01
-2.644992768764495850e-01,-9.735467284917831421e-02,3.070814013481140137e-01,-4.857756942510604858e-02,2.011288553476333618e-01,-2.755320668220520020e-01,-9.387595653533935547e-01,5.393612384796142578e-01,5.250746607780456543e-01,-3.584164381027221680e-01,-5.950397014617919922e+00,-1.386607438325881958e-01,9.052594900131225586e-01,3.582088053226470947e-01,5.848174095153808594e-01,-2.243060320615768433e-01,2.074685879051685333e-02,1.482680141925811768e-01,-9.712952189147472382e-03,2.648774683475494385e-01,-3.138010203838348389e-01,1.070033237338066101e-01,1.154489755630493164e+00,-3.599212765693664551e-01,5.300678312778472900e-02,7.920163273811340332e-01,1.799424171447753906e+00,-2.544995546340942383e-01
-2.508907616138458252e-01,-9.901528805494308472e-02,2.914267480373382568e-01,-7.447181642055511475e-02,2.322183251380920410e-01,-2.395843118429183960e-01,-9.397488832473754883e-01,6.587688922882080078e-01,6.659657955169677734e-01,-2.444375306367874146e-01,-6.088959217071533203e+00,-1.327543854713439941e-01,6.138594746589660645e-01,3.001067936420440674e-01,6.370464563369750977e-01,-2.010791301727294922e-01,7.273952662944793701e-02,8.749298751354217529e-02,7.376558333635330200e-02,1.818903982639312744e-01,-3.308510482311248779e-01,2.021360844373703003e-01,1.527660608291625977e+00,-4.866935014724731445e-01,-4.612858965992927551e-02,7.955793142318725586e-01,1.646628737449645996e+00,-3.576073646545410156e-01
-2.379234731197357178e-01,-9.685575217008590698e-02,2.873589098453521729e-01,-8.571895956993103027e-02,2.404330521821975708e-01,-2.326657772064208984e-01,-9.384619593620300293e-01,6.930811405181884766e-01,7.847119569778442383e-01,-1.522795557975769043e-01,-6.132124423980712891e+00,-8.604417741298675537e-02,6.695795059204101562e-01,2.627217471599578857e-01,6.660875678062438965e-01,-2.124239653348922729e-01,6.181754171848297119e-02,3.732797130942344666e-02,7.858017832040786743e-02,2.705363929271697998e-01,-2.891782522201538086e-01,2.545610666275024414e-01,1.453022003173828125e+00,-4.475363194942474365e-01,-1.460469514131546021e-01,6.268049478530883789e-01,1.985634863376617432e-01,-4.251278638839721680e-01
-2.132783383131027222e-01,-9.136528521776199341e-02,2.843073606491088867e-01,-1.067588031291961670e-01,2.087920755147933960e-01,-2.361896634101867676e-01,-9.429861307144165039e-01,6.843686103820800781e-01,7.814801931381225586e-01,-1.417668908834457397e-01,-6.065175533294677734e+00,7.430654950439929962e-03,6.678487658500671387e-01,9.754089266061782837e-02,5.610046982765197754e-01,-1.413425207138061523e-01,5.079438537359237671e-02,3.706400096416473389e-02,1.706867292523384094e-02,4.855282008647918701e-01,-1.151574850082397461e-01,8.022835850715637207e-02,1.293134450912475586e+00,-3.842996954917907715e-01,-2.613714039325714111e-01,2.262552678585052490e-01,-7.879389822483062744e-02,-4.191474020481109619e-01
-1.768890023231506348e-01,-8.363161236047744751e-02,2.871426045894622803e-01,-1.196574717760086060e-01,1.802386492490768433e-01,-2.286615967750549316e-01,-9.491627812385559082e-01,7.015085816383361816e-01,8.413756489753723145e-01,-2.397250533103942871e-01,-6.031756401062011719e+00,1.532523781061172485e-01,6.161953806877136230e-01,-8.476794697344303131e-03,4.831285476684570312e-01,-8.631798624992370605e-02,2.482028491795063019e-02,1.172749921679496765e-01,-1.144702360033988953e-02,6.599758267402648926e-01,6.304133683443069458e-02,-8.131708204746246338e-02,1.039124727249145508e+00,-2.766579091548919678e-01,-3.203268349170684814e-01,-1.987113617360591888e-02,-1.044189259409904480e-01,-3.533430770039558411e-02
-1.334285736083984375e-01,-7.356977462768554688e-02,2.948968410491943359e-01,-1.124400869011878967e-01,1.392237991094589233e-01,-2.129258960485458374e-01,-9.605396986007690430e-01,7.265270948410034180e-01,8.671795725822448730e-01,-3.905631303787231445e-01,-6.061812877655029297e+00,2.392974644899368286e-01,5.060202479362487793e-01,-4.476456344127655029e-02,3.846049010753631592e-01,-9.153248369693756104e-02,5.060556158423423767e-02,1.613226383924484253e-01,2.202706038951873779e-02,6.691655516624450684e-01,1.612578034400939941e-01,-8.401101082563400269e-02,6.803326010704040527e-01,-2.258149981498718262e-01,-3.032091557979583740e-01,2.832958102226257324e-02,-3.905200958251953125e-02,7.227376103401184082e-01
-8.995029330253601074e-02,-6.333129107952117920e-02,3.040536344051361084e-01,-9.675827622413635254e-02,9.491246938705444336e-02,-1.959153711795806885e-01,-9.712088704109191895e-01,7.160344719886779785e-01,8.282670974731445312e-01,-4.737065434455871582e-01,-6.096458435058593750e+00,3.273356258869171143e-01,3.218361139297485352e-01,-8.905756473541259766e-02,3.125544190406799316e-01,-8.170469105243682861e-02,8.159922063350677490e-02,1.630124300718307495e-01,5.151215195655822754e-02,5.962607860565185547e-01,7.046199589967727661e-02,9.958101436495780945e-03,5.278882980346679688e-01,-3.296149671077728271e-01,-2.363615781068801880e-01,5.875743031501770020e-01,-1.124489605426788330e-01,1.555561661720275879e+00
-4.717103764414787292e-02,-5.672082304954528809e-02,3.175729811191558838e-01,-8.816683292388916016e-02,8.171279728412628174e-02,-1.830945760011672974e-01,-9.757182002067565918e-01,6.804233789443969727e-01,7.402855157852172852e-01,-3.591716885566711426e-01,-6.088382244110107422e+00,4.733406901359558105e-01,1.056874394416809082e-01,-1.495577096939086914e-01,3.291350901126861572e-01,-5.574516579508781433e-02,9.148730337619781494e-02,2.347019314765930176e-01,7.367579638957977295e-02,5.324069261550903320e-01,-1.125647723674774170e-01,1.388109028339385986e-01,5.873718261718750000e-01,-4.407526552677154541e-01,-1.798794567584991455e-01,1.231512665748596191e+00,-3.466185927391052246e-01,1.629585027694702148e+00
-7.631313055753707886e-03,-5.177357047796249390e-02,3.356720209121704102e-01,-8.952244371175765991e-02,1.053404510021209717e-01,-1.825358718633651733e-01,-9.734319448471069336e-01,5.759363770484924316e-01,6.447855830192565918e-01,-4.378333315253257751e-02,-6.016134738922119141e+00,6.640741229057312012e-01,-6.430280953645706177e-02,-1.822682619094848633e-01,4.643701612949371338e-01,-8.010941743850708008e-02,8.503773808479309082e-02,3.496501147747039795e-01,5.722922831773757935e-02,4.282098412513732910e-01,-1.771321594715118408e-01,2.614773511886596680e-01,5.113806724548339844e-01,-2.231324911117553711e-01,1.640786044299602509e-02,1.388324975967407227e+00,-5.857361555099487305e-01,9.791947007179260254e-01
2.967397309839725494e-02,-4.757699370384216309e-02,3.440188467502593994e-01,-8.183816820383071899e-02,1.492802053689956665e-01,-1.856723576784133911e-01,-9.677518606185913086e-01,4.711967706680297852e-01,5.480549931526184082e-01,2.039949446916580200e-01,-5.914401531219482422e+00,7.904711961746215820e-01,-1.193132847547531128e-01,-1.079407706856727600e-01,6.120755076408386230e-01,-1.423843652009963989e-01,5.380149185657501221e-02,4.417444765567779541e-01,3.021415695548057556e-02,3.436366617679595947e-01,-1.863173395395278931e-01,2.821968793869018555e-01,4.022731781005859375e-01,1.934726089239120483e-01,2.843368053436279297e-01,1.103961110115051270e+00,-6.460787057876586914e-01,5.203726291656494141e-01
6.925785541534423828e-02,-4.387798905372619629e-02,3.452039659023284912e-01,-3.809142112731933594e-02,1.955395936965942383e-01,-1.682204008102416992e-01,-9.654093384742736816e-01,3.894981741905212402e-01,4.654415845870971680e-01,1.120778992772102356e-01,-5.850642204284667969e+00,7.775588631629943848e-01,-1.235100068151950836e-02,2.270961552858352661e-02,6.945392489433288574e-01,-1.364018321037292480e-01,1.757450029253959656e-02,4.946177303791046143e-01,1.488385163247585297e-02,3.175241053104400635e-01,-2.395163327455520630e-01,2.862458229064941406e-01,3.130082488059997559e-01,4.036069214344024658e-01,3.749690949916839600e-01,7.230591773986816406e-01,-5.774459242820739746e-01,2.768454551696777344e-01
1.084273755550384521e-01,-3.668493404984474182e-02,3.486837744712829590e-01,2.254336886107921600e-02,1.723936051130294800e-01,-1.061807647347450256e-01,-9.790290594100952148e-01,2.422061115503311157e-01,3.317954540252685547e-01,-2.153749465942382812e-01,-5.933375358581542969e+00,4.308159947395324707e-01,3.262582123279571533e-01,1.476578861474990845e-01,6.755660772323608398e-01,3.090316243469715118e-02,-6.467419862747192383e-02,4.889512658119201660e-01,2.093476057052612305e-02,3.124044537544250488e-01,-1.560370773077011108e-01,2.481676787137985229e-01,1.547504812479019165e-01,5.086258649826049805e-01,4.377456903457641602e-01,3.883742392063140869e-01,-4.003573060035705566e-01,1.053375303745269775e-01
1.390910297632217407e-01,-3.013893589377403259e-02,3.426006436347961426e-01,3.853438794612884521e-02,9.997026622295379639e-02,1.606426551006734371e-03,-9.942426681518554688e-01,1.546960026025772095e-01,7.064836472272872925e-02,-4.858374297618865967e-01,-6.056715011596679688e+00,-8.979577571153640747e-02,6.405798196792602539e-01,1.929458975791931152e-01,5.157368183135986328e-01,2.236718237400054932e-01,-1.017015576362609863e-01,4.626398980617523193e-01,1.408232748508453369e-01,3.539248108863830566e-01,-1.621663570404052734e-01,2.001456320285797119e-01,1.200187504291534424e-01,3.936715722084045410e-01,4.674914479255676270e-01,2.715275585651397705e-01,-9.095141291618347168e-02,-1.117538437247276306e-01
1.738438010215759277e-01,-2.412113547325134277e-02,3.259613215923309326e-01,1.872331090271472931e-02,1.148787364363670349e-01,7.757028937339782715e-02,-9.901692867279052734e-01,1.787816286087036133e-01,8.561161160469055176e-02,-4.967950880527496338e-01,-6.088515758514404297e+00,-3.498927354812622070e-01,6.753452420234680176e-01,2.214586287736892700e-01,4.980847537517547607e-01,2.139281779527664185e-01,-6.568471342325210571e-02,3.920525312423706055e-01,3.210735023021697998e-01,3.773086965084075928e-01,-3.158079683780670166e-01,1.161235347390174866e-01,4.819168448448181152e-01,1.892726719379425049e-01,4.311399161815643311e-01,3.350284695625305176e-01,6.723584532737731934e-01,-2.690300941467285156e-01
2.072675824165344238e-01,-2.652053907513618469e-02,3.049323856830596924e-01,-5.699231289327144623e-03,1.282504349946975708e-01,7.879416644573211670e-02,-9.885903000831604004e-01,1.949593424797058105e-01,2.376672625541687012e-01,-3.676413893699645996e-01,-6.136513233184814453e+00,-4.123719036579132080e-01,3.324575126171112061e-01,1.585359424352645874e-01,4.511228501796722412e-01,1.445208489894866943e-01,-2.913408540189266205e-02,2.760249972343444824e-01,4.129525423049926758e-01,4.216773211956024170e-01,-3.053237795829772949e-01,1.005300506949424744e-01,1.147802352905273438e+00,-3.788765892386436462e-02,3.200288712978363037e-01,3.776869177818298340e-01,1.904679179191589355e+00,-3.888846635818481445e-01
2.393951117992401123e-01,-3.299525380134582520e-02,2.929722666740417480e-01,-9.225992485880851746e-03,1.624541580677032471e-01,4.337249696254730225e-02,-9.857192039489746094e-01,2.539786696434020996e-01,3.497534692287445068e-01,-6.804668158292770386e-02,-6.101963996887207031e+00,-2.754338085651397705e-01,3.158995136618614197e-02,1.182882338762283325e-01,4.008501768112182617e-01,5.842752754688262939e-02,5.604781210422515869e-03,1.062600165605545044e-01,4.106009900569915771e-01,5.770663619041442871e-01,-4.421148002147674561e-01,2.641224861145019531e-02,1.682928681373596191e+00,-2.339989244937896729e-01,2.075541317462921143e-01,2.607105076313018799e-01,1.667109489440917969e+00,-4.527036547660827637e-01
2.801460623741149902e-01,-3.296215832233428955e-02,2.905924618244171143e-01,-1.881128177046775818e-02,1.526049673557281494e-01,1.217512693256139755e-02,-9.880332350730895996e-01,2.713874876499176025e-01,4.024038016796112061e-01,1.073551177978515625e-01,-6.023005008697509766e+00,-1.538286507129669189e-01,2.659728229045867920e-01,6.836122274398803711e-02,2.728969454765319824e-01,6.264591962099075317e-02,4.299435764551162720e-02,4.763223696500062943e-03,3.440769612789154053e-01,7.000312805175781250e-01,-4.828149378299713135e-01,-1.472917199134826660e-01,1.864322185516357422e+00,-2.752464115619659424e-01,1.633523851633071899e-01,-6.647378951311111450e-02,1.850619554519653320e+00,-4.119259417057037354e-01
3.314603269100189209e-01,-3.501192480325698853e-02,2.952343821525573730e-01,-2.581775747239589691e-02,1.223323270678520203e-01,4.691956099122762680e-03,-9.921422600746154785e-01,2.856786847114562988e-01,4.380573034286499023e-01,1.881318390369415283e-01,-5.985583305358886719e+00,-3.774180635809898376e-02,3.990654647350311279e-01,7.551199197769165039e-02,1.467196494340896606e-01,8.482410758733749390e-02,5.355962738394737244e-02,-6.452949345111846924e-02,2.973157465457916260e-01,8.032582998275756836e-01,-4.832145571708679199e-01,-7.686848193407058716e-02,1.970367908477783203e+00,-2.315821349620819092e-01,1.748610138893127441e-01,-3.095985651016235352e-01,2.243936538696289062e+00,4.519761353731155396e-02
3.834565877914428711e-01,-4.313214868307113647e-02,3.083239197731018066e-01,-2.391825057566165924e-02,8.304562419652938843e-02,1.822674646973609924e-02,-9.960919022560119629e-01,2.902559340000152588e-01,4.395326673984527588e-01,1.373041272163391113e-01,-5.997694015502929688e+00,1.808792352676391602e-02,4.216446578502655029e-01,1.083681285381317139e-01,6.882203370332717896e-02,2.055432498455047607e-01,2.410557121038436890e-02,-7.769684493541717529e-02,2.644654512405395508e-01,8.666885495185852051e-01,-3.269263803958892822e-01,1.457363665103912354e-01,1.920552849769592285e+00,-2.531701624393463135e-01,1.399036347866058350e-01,9.158388525247573853e-02,2.390215635299682617e+00,9.737697839736938477e-01
4.235516786575317383e-01,-5.017589032649993896e-02,3.228736519813537598e-01,-8.719447068870067596e-03,4.809604212641716003e-02,5.748619884252548218e-02,-9.971489906311035156e-01,2.926187217235565186e-01,3.961476385593414307e-01,-2.174798026680946350e-02,-6.030773639678955078e+00,5.372251942753791809e-02,3.317878544330596924e-01,8.543650060892105103e-02,5.303069576621055603e-02,3.617961406707763672e-01,-1.237302739173173904e-02,-1.274883747100830078e-01,2.226997613906860352e-01,8.469169139862060547e-01,1.720473915338516235e-02,4.894787967205047607e-01,1.637641191482543945e+00,-2.553176283836364746e-01,6.933028250932693481e-02,9.098882079124450684e-01,2.263364315032958984e+00,1.296172618865966797e+00
4.523706734180450439e-01,-5.871380120515823364e-02,3.397555053234100342e-01,2.085928618907928467e-02,2.214318886399269104e-02,1.066689193248748779e-01,-9.938291311264038086e-01,3.420464098453521729e-01,3.262156546115875244e-01,-1.809726059436798096e-01,-6.080887794494628906e+00,6.922382861375808716e-02,1.876086145639419556e-01,7.757847011089324951e-02,1.293567419052124023e-01,5.485816001892089844e-01,-8.994997292757034302e-02,-1.964134424924850464e-01,2.023614645004272461e-01,7.835747003555297852e-01,1.111643835902214050e-01,5.617963075637817383e-01,1.019740343093872070e+00,6.689079105854034424e-02,1.959180235862731934e-01,7.832094430923461914e-01,2.574340105056762695e-01,5.589519143104553223e-01
5.006311535835266113e-01,-5.981764197349548340e-02,3.434655666351318359e-01,2.095466293394565582e-02,1.547886338084936142e-02,9.445238858461380005e-02,-9.951884746551513672e-01,3.615044057369232178e-01,3.184338808059692383e-01,-2.195978611707687378e-01,-6.007481098175048828e+00,1.686337739229202271e-01,1.241724193096160889e-01,-2.606490859761834145e-03,1.909900158643722534e-01,6.630461812019348145e-01,-1.567448079586029053e-01,-1.898046880960464478e-01,1.681738793849945068e-01,7.221579551696777344e-01,2.772952020168304443e-01,4.674964547157287598e-01,7.829331755638122559e-01,3.919528126716613770e-01,4.065246284008026123e-01,1.752015650272369385e-01,-1.914053708314895630e-01,1.384003758430480957e-01
5.480038523674011230e-01,-5.762413516640663147e-02,3.445291519165039062e-01,1.665475033223628998e-02,5.657400935888290405e-02,4.753700643777847290e-02,-9.971269965171813965e-01,3.572833538055419922e-01,2.868742346763610840e-01,-1.702851653099060059e-01,-5.908617496490478516e+00,3.107349872589111328e-01,2.015970200300216675e-01,-2.126989141106605530e-02,3.451262116432189941e-01,5.784972310066223145e-01,-2.278544604778289795e-01,-1.316194385290145874e-01,1.843100786209106445e-01,6.824555397033691406e-01,1.800653785467147827e-01,3.097940981388092041e-01,7.176918983459472656e-01,3.772090375423431396e-01,4.616978168487548828e-01,-2.198779955506324768e-02,-3.416493535041809082e-01,-1.951497346162796021e-01
5.955765247344970703e-01,-4.439166560769081116e-02,3.399503529071807861e-01,1.470441184937953949e-02,9.901534020900726318e-02,-3.116137580946087837e-03,-9.949723482131958008e-01,2.443532794713973999e-01,2.370769083499908447e-01,-2.192060798406600952e-01,-5.765942096710205078e+00,3.194053769111633301e-01,4.666077196598052979e-01,3.882428864017128944e-04,4.680165946483612061e-01,3.423101902008056641e-01,-2.592835128307342529e-01,-5.799017846584320068e-02,3.055126368999481201e-01,6.414415240287780762e-01,-3.862971439957618713e-02,1.686464101076126099e-01,7.361105680465698242e-01,1.158652901649475098e-01,3.974384367465972900e-01,1.189509108662605286e-01,-3.474039733409881592e-01,-4.333893358707427979e-01
6.352020502090454102e-01,-3.626383468508720398e-02,3.323555886745452881e-01,2.157326228916645050e-02,1.424056291580200195e-01,-1.491430494934320450e-02,-9.894608855247497559e-01,1.526316553354263306e-01,2.602192461490631104e-01,-3.393555283546447754e-01,-5.681563377380371094e+00,1.853086054325103760e-01,8.612494468688964844e-01,-6.572750210762023926e-02,5.790749192237854004e-01,3.307960629463195801e-01,-2.958027124404907227e-01,1.761023886501789093e-02,4.215494990348815918e-01,5.778008699417114258e-01,-3.837099298834800720e-03,1.973912119865417480e-01,5.855482816696166992e-01,-2.746543660759925842e-02,2.779034078121185303e-01,1.570274978876113892e-01,-4.095768928527832031e-01,-4.973592460155487061e-01
6.642548441886901855e-01,-4.178405553102493286e-02,3.161900937557220459e-01,4.702849313616752625e-02,2.319877892732620239e-01,-2.373686619102954865e-02,-9.712911844253540039e-01,3.101095855236053467e-01,5.275994539260864258e-01,-3.545260131359100342e-01,-5.699537754058837891e+00,1.024708524346351624e-01,1.009698748588562012e+00,-3.254634141921997070e-02,6.609339714050292969e-01,3.524489104747772217e-01,-1.741043180227279663e-01,1.695838868618011475e-01,4.685379266738891602e-01,5.218013525009155273e-01,-1.001356095075607300e-01,3.394321799278259277e-01,4.354181289672851562e-01,-2.035047858953475952e-01,1.708034723997116089e-01,1.249567940831184387e-01,-4.469409584999084473e-01,-2.808943688869476318e-01
7.034696340560913086e-01,-4.916202276945114136e-02,3.006500899791717529e-01,4.638066887855529785e-02,2.490213364362716675e-01,-3.940653800964355469e-02,-9.665838479995727539e-01,4.801069498062133789e-01,7.422270774841308594e-01,-2.572332024574279785e-01,-5.868081569671630859e+00,-8.425114676356315613e-03,7.318097949028015137e-01,-4.779396206140518188e-02,5.727345943450927734e-01,3.018143177032470703e-01,-2.401779964566230774e-02,2.540814280509948730e-01,4.918174743652343750e-01,5.138032436370849609e-01,-3.066888451576232910e-01,4.633001685142517090e-01,4.587795138359069824e-01,-2.430138736963272095e-01,1.167172417044639587e-01,1.349731832742691040e-01,-2.087744027376174927e-01,3.917188048362731934e-01
7.529338598251342773e-01,-6.247692182660102844e-02,2.983498871326446533e-01,5.242208763957023621e-02,1.906467378139495850e-01,-8.821222931146621704e-02,-9.762808680534362793e-01,5.886673927307128906e-01,6.893811225891113281e-01,-1.458166092634201050e-01,-6.067054748535156250e+00,-1.597659587860107422e-01,2.766498029232025146e-01,-5.976963043212890625e-02,3.903965353965759277e-01,2.424704283475875854e-01,1.006213948130607605e-01,3.069188892841339111e-01,4.443291723728179932e-01,5.689573287963867188e-01,-5.149518251419067383e-01,4.763990640640258789e-01,7.523704767227172852e-01,-2.255585342645645142e-01,1.487866491079330444e-01,4.949813485145568848e-01,3.883360326290130615e-01,1.115022420883178711e+00
7.888127565383911133e-01,-6.949035823345184326e-02,2.888468503952026367e-01,5.101559683680534363e-02,1.246796399354934692e-01,-1.344802379608154297e-01,-9.817165732383728027e-01,6.468284726142883301e-01,5.763417482376098633e-01,-8.139652013778686523e-02,-6.150646686553955078e+00,-2.536018490791320801e-01,-8.598080277442932129e-02,-1.514026373624801636e-01,2.891812920570373535e-01,1.855727136135101318e-01,1.707947701215744019e-01,2.910524904727935791e-01,3.627887368202209473e-01,6.270687580108642578e-01,-2.622604966163635254e-01,4.976544082164764404e-01,1.323127269744873047e+00,-7.831185311079025269e-02,2.148428708314895630e-01,9.054448008537292480e-01,2.134457349777221680e+00,9.033071398735046387e-01
8.325923085212707520e-01,-7.329681515693664551e-02,2.872164547443389893e-01,-2.112261252477765083e-03,9.362719953060150146e-02,-1.666941791772842407e-01,-9.815511107444763184e-01,6.423009634017944336e-01,6.072514057159423828e-01,-1.425138562917709351e-01,-6.069049358367919922e+00,-1.585355401039123535e-01,-1.161305233836174011e-02,-1.889348179101943970e-01,3.565361201763153076e-01,1.162544861435890198e-01,1.672407537698745728e-01,3.333232104778289795e-01,3.062154948711395264e-01,6.384155154228210449e-01,-2.712467312812805176e-01,3.328677415847778320e-01,1.753314018249511719e+00,2.645903825759887695e-01,3.626340031623840332e-01,8.151627779006958008e-01,2.066911458969116211e+00,3.237327635288238525e-01
8.935607075691223145e-01,-6.961914151906967163e-02,2.952884137630462646e-01,-1.729130186140537262e-02,7.742603123188018799e-02,-1.823878586292266846e-01,-9.800208806991577148e-01,6.800604462623596191e-01,7.047904133796691895e-01,-3.242352902889251709e-01,-6.030630111694335938e+00,7.520038634538650513e-02,6.908284127712249756e-02,-9.300523996353149414e-02,4.890148043632507324e-01,5.081234872341156006e-02,1.113922297954559326e-01,4.948227107524871826e-01,2.686834931373596191e-01,5.299363136291503906e-01,-2.240810692310333252e-01,2.380398362874984741e-01,1.852142453193664551e+00,6.022490262985229492e-01,3.889580965042114258e-01,6.580210924148559570e-01,1.841232299804687500e+00,7.146248221397399902e-02
9.534943699836730957e-01,-6.377208232879638672e-02,3.095083534717559814e-01,-3.940332680940628052e-04,-1.064177136868238449e-02,-1.995512098073959351e-01,-9.798295497894287109e-01,4.920573234558105469e-01,5.688790082931518555e-01,-3.581307530403137207e-01,-6.087126731872558594e+00,1.345473974943161011e-01,1.436221599578857422e-02,-2.447617985308170319e-02,4.263854622840881348e-01,2.047291770577430725e-02,7.844401150941848755e-02,5.873361229896545410e-01,1.565108001232147217e-01,4.434361159801483154e-01,-1.529917865991592407e-01,2.103676795959472656e-01,1.853363752365112305e+00,6.845901608467102051e-01,3.228288888931274414e-01,6.901440620422363281e-01,2.064921379089355469e+00,8.971490710973739624e-02
1.006613016128540039e+00,-5.900841951370239258e-02,3.173243403434753418e-01,-1.153667923063039780e-02,-6.785507500171661377e-02,-2.408152371644973755e-01,-9.681273698806762695e-01,3.199585676193237305e-01,3.224056661128997803e-01,-5.418527498841285706e-02,-6.041527748107910156e+00,1.448772996664047241e-01,-7.913033664226531982e-02,-3.141356166452169418e-03,3.937594592571258545e-01,-3.689572960138320923e-02,1.127934902906417847e-01,5.158886313438415527e-01,-2.015994861721992493e-03,3.596059381961822510e-01,-2.157959938049316406e-01,1.426459401845932007e-01,1.828912019729614258e+00,5.992286801338195801e-01,4.482206702232360840e-01,8.819336295127868652e-01,2.425236225128173828e+00,1.269440650939941406e-01
1.054511308670043945e+00,-5.670545250177383423e-02,3.189576268196105957e-01,-5.126254167407751083e-03,-3.027332760393619537e-02,-2.846781015396118164e-01,-9.581313133239746094e-01,3.358834385871887207e-01,3.149487972259521484e-01,5.311394110321998596e-02,-6.016625404357910156e+00,2.818540334701538086e-01,-5.954475328326225281e-02,4.726752638816833496e-02,5.142334699630737305e-01,-1.000072583556175232e-01,1.147856190800666809e-01,4.501103758811950684e-01,-6.535300612449645996e-02,2.465788573026657104e-01,-2.468507587909698486e-01,1.942256391048431396e-01,1.672687768936157227e+00,5.193134546279907227e-01,5.484510660171508789e-01,9.369645118713378906e-01,2.587371826171875000e+00,8.173865079879760742e-02
1.088190674781799316e+00,-5.125765874981880188e-02,3.166536986827850342e-01,1.857831887900829315e-02,-1.072522904723882675e-02,-3.142088353633880615e-01,-9.491114616394042969e-01,2.047236412763595581e-01,2.073202133178710938e-01,-7.107043266296386719e-02,-5.952780246734619141e+00,3.200195729732513428e-01,6.884615868330001831e-02,1.048642769455909729e-01,5.534087419509887695e-01,-1.345673650503158569e-01,8.420298993587493896e-02,4.764294028282165527e-01,-1.018927618861198425e-01,1.991478204727172852e-01,-2.949704229831695557e-01,2.966673970222473145e-01,1.535296201705932617e+00,4.861441552639007568e-01,5.642839074134826660e-01,9.073385000228881836e-01,2.612419366836547852e+00,4.405057430267333984e-02
1.110792040824890137e+00,-3.710629045963287354e-02,3.102881908416748047e-01,8.331272751092910767e-02,-6.902753561735153198e-02,-3.155703246593475342e-01,-9.427139163017272949e-01,-2.883435413241386414e-02,-9.564004838466644287e-02,-2.781975567340850830e-01,-5.950701713562011719e+00,1.179150789976119995e-01,2.014870494604110718e-01,2.092561125755310059e-01,4.115108549594879150e-01,-1.497522741556167603e-01,4.382186755537986755e-02,4.819519519805908203e-01,-1.075677871704101562e-01,2.167897969484329224e-01,-2.134875953197479248e-01,3.972500860691070557e-01,1.257106661796569824e+00,6.021195054054260254e-01,5.922383666038513184e-01,7.923738956451416016e-01,2.587634801864624023e+00,3.000244125723838806e-02
1.128265619277954102e+00,-3.202138468623161316e-02,2.945809662342071533e-01,1.390429139137268066e-01,-5.858981609344482422e-02,-2.945804297924041748e-01,-9.436401128768920898e-01,2.368821296840906143e-03,-3.509362041950225830e-01,-4.323718845844268799e-01,-5.912615776062011719e+00,-1.414068639278411865e-01,3.465088307857513428e-01,3.002798855304718018e-01,3.647373020648956299e-01,-1.107817888259887695e-01,-1.197262201458215714e-02,4.186886250972747803e-01,-9.007285535335540771e-02,3.265962004661560059e-01,-1.873404830694198608e-01,4.961827099323272705e-01,9.458279013633728027e-01,6.530011892318725586e-01,6.291902661323547363e-01,6.724143028259277344e-01,2.397921562194824219e+00,2.188677154481410980e-02
1.150741338729858398e+00,-4.030640423297882080e-02,2.711405158042907715e-01,1.746176779270172119e-01,5.158001556992530823e-02,-2.927601337432861328e-01,-9.386904239654541016e-01,2.190204262733459473e-01,-2.619846165180206299e-01,-4.773132503032684326e-01,-5.904655933380126953e+00,-2.801535129547119141e-01,3.843876123428344727e-01,4.225544631481170654e-01,4.677590429782867432e-01,-1.445900946855545044e-01,-4.450153186917304993e-02,3.112660646438598633e-01,-6.347505003213882446e-02,4.756453931331634521e-01,-2.581426799297332764e-01,4.959733486175537109e-01,7.198116779327392578e-01,6.024448275566101074e-01,6.353995800018310547e-01,6.044061779975891113e-01,2.021981000900268555e+00,7.125341147184371948e-02
1.188099980354309082e+00,-4.751362279057502747e-02,2.526727914810180664e-01,1.847490221261978149e-01,1.197234541177749634e-01,-3.017511665821075439e-01,-9.276207685470581055e-01,4.385305047035217285e-01,-2.838772535324096680e-02,-4.223341047763824463e-01,-5.995518684387207031e+00,-3.582088053226470947e-01,2.187805771827697754e-01,5.427207350730895996e-01,5.245716571807861328e-01,-2.214208990335464478e-01,-3.689861670136451721e-02,2.321386635303497314e-01,-2.084704348817467690e-03,5.831528902053833008e-01,-3.247012197971343994e-01,4.347798824310302734e-01,6.164301633834838867e-01,6.296240091323852539e-01,6.746035218238830566e-01,5.930425524711608887e-01,2.034231424331665039e+00,1.390024870634078979e-01
1.229914188385009766e+00,-5.749945715069770813e-02,2.445106059312820435e-01,1.692614704370498657e-01,1.176605224609375000e-01,-3.363206684589385986e-01,-9.189096689224243164e-01,5.615234971046447754e-01,3.248646482825279236e-02,-3.059294223785400391e-01,-6.131252765655517578e+00,-4.145536422729492188e-01,-3.042454831302165985e-02,6.087452769279479980e-01,4.899049699306488037e-01,-2.947387993335723877e-01,1.700923196040093899e-03,2.491859644651412964e-01,4.908640310168266296e-02,6.635339856147766113e-01,-3.055511116981506348e-01,4.097378849983215332e-01,7.034476995468139648e-01,7.155778408050537109e-01,7.454712390899658203e-01,5.900571346282958984e-01,2.360192537307739258e+00,1.436922997236251831e-01
1.268823981285095215e+00,-6.974975019693374634e-02,2.425352334976196289e-01,1.169049963355064392e-01,9.382823109626770020e-02,-3.668168485164642334e-01,-9.181366562843322754e-01,5.953133702278137207e-01,3.713975846767425537e-02,-2.233982831239700317e-01,-6.172531604766845703e+00,-4.016518592834472656e-01,-1.436602324247360229e-01,5.695282816886901855e-01,4.608110189437866211e-01,-2.981039881706237793e-01,3.852002322673797607e-02,3.450091183185577393e-01,4.123000428080558777e-02,7.545422315597534180e-01,-2.247894406318664551e-01,4.210626780986785889e-01,8.836476206779479980e-01,7.477170825004577637e-01,8.145600557327270508e-01,6.098729372024536133e-01,2.564302444458007812e+00,1.318923085927963257e-01
1.303505301475524902e+00,-7.779944688081741333e-02,2.430551946163177490e-01,6.070190295577049255e-02,8.207079023122787476e-02,-3.909750580787658691e-01,-9.147229790687561035e-01,6.151785850524902344e-01,6.486482173204421997e-02,-2.067184150218963623e-01,-6.111198902130126953e+00,-3.095559477806091309e-01,-3.589323163032531738e-02,5.115084052085876465e-01,4.781655967235565186e-01,-3.125337660312652588e-01,6.156543269753456116e-02,4.094265699386596680e-01,2.729774825274944305e-02,8.321347236633300781e-01,-1.379431039094924927e-01,4.305015504360198975e-01,1.029121041297912598e+00,7.591862678527832031e-01,8.613018989562988281e-01,6.465453505516052246e-01,2.618864297866821289e+00,1.460369229316711426e-01
1.334494113922119141e+00,-8.202254027128219604e-02,2.474859058856964111e-01,2.069520577788352966e-02,7.996563613414764404e-02,-4.024243056774139404e-01,-9.117192029953002930e-01,6.415622830390930176e-01,9.117256104946136475e-02,-1.945815682411193848e-01,-6.079139232635498047e+00,-2.412939667701721191e-01,1.367856413125991821e-01,4.820767641067504883e-01,5.278220772743225098e-01,-3.339909017086029053e-01,4.509279504418373108e-02,4.210674166679382324e-01,1.036790385842323303e-02,8.461605310440063477e-01,-4.443197324872016907e-02,4.454318284988403320e-01,1.118905425071716309e+00,7.845448851585388184e-01,8.951193094253540039e-01,6.695313453674316406e-01,2.598117589950561523e+00,1.462746113538742065e-01
1.359431743621826172e+00,-8.397111296653747559e-02,2.588272988796234131e-01,4.696678835898637772e-03,5.109667778015136719e-02,-3.973078727722167969e-01,-9.162496924400329590e-01,5.725558996200561523e-01,6.046782433986663818e-02,-1.544270664453506470e-01,-6.105671882629394531e+00,-2.641044855117797852e-01,2.643444836139678955e-01,4.579589664936065674e-01,5.464117527008056641e-01,-3.170366585254669189e-01,-5.329199600964784622e-03,3.650904595851898193e-01,-5.314504727721214294e-02,8.245911598205566406e-01,5.344612523913383484e-02,4.511325955390930176e-01,1.214981675148010254e+00,8.248019814491271973e-01,9.129562377929687500e-01,7.086777091026306152e-01,2.521434545516967773e+00,1.532948464155197144e-01
1.379004359245300293e+00,-8.664600551128387451e-02,2.731450796127319336e-01,1.190601103007793427e-02,-2.378218993544578552e-02,-4.089170694351196289e-01,-9.121838808059692383e-01,3.715353608131408691e-01,-8.379459381103515625e-02,-1.142347678542137146e-01,-6.145812988281250000e+00,-3.730020523071289062e-01,3.078357577323913574e-01,4.366311132907867432e-01,4.503256380558013916e-01,-2.882187366485595703e-01,-4.571629688143730164e-02,2.379949539899826050e-01,-1.193901300430297852e-01,7.978212237358093262e-01,1.125265583395957947e-01,4.461405575275421143e-01,1.290543079376220703e+00,8.666535615921020508e-01,9.371818304061889648e-01,7.560977935791015625e-01,2.422789573669433594e+00,1.603988409042358398e-01
1.393984556198120117e+00,-8.653841167688369751e-02,2.853738367557525635e-01,4.834676906466484070e-02,-1.060733571648597717e-01,-4.289069175720214844e-01,-8.957957029342651367e-01,1.454446017742156982e-01,-2.505447864532470703e-01,-1.651404201984405518e-01,-6.212188243865966797e+00,-4.831346571445465088e-01,2.476988434791564941e-01,4.465808570384979248e-01,2.881382405757904053e-01,-2.508481144905090332e-01,-5.940772220492362976e-02,1.164908856153488159e-01,-1.443418264389038086e-01,7.929161190986633301e-01,1.125572323799133301e-01,4.443711340427398682e-01,1.303857922554016113e+00,8.806822299957275391e-01,9.615085124969482422e-01,7.912136912345886230e-01,2.350010395050048828e+00,1.680643409490585327e-01
1.405798912048339844e+00,-8.324488252401351929e-02,2.953367233276367188e-01,1.044843569397926331e-01,-2.064750343561172485e-01,-4.414016902446746826e-01,-8.669576644897460938e-01,-9.782152622938156128e-02,-4.697940647602081299e-01,-2.964081764221191406e-01,-6.283185482025146484e+00,-6.410081386566162109e-01,1.386266946792602539e-01,4.589917361736297607e-01,6.944505870342254639e-02,-1.824619024991989136e-01,-6.108817085623741150e-02,7.140231877565383911e-02,-1.341571211814880371e-01,8.065990209579467773e-01,1.080281212925910950e-01,4.556579589843750000e-01,1.296989917755126953e+00,8.759355545043945312e-01,9.769533276557922363e-01,8.273119330406188965e-01,2.308863639831542969e+00,1.711453944444656372e-01
1.414538741111755371e+00,-8.278319239616394043e-02,2.997511923313140869e-01,1.300665140151977539e-01,-2.987217307090759277e-01,-4.343383610248565674e-01,-8.397607803344726562e-01,-2.983823716640472412e-01,-6.770841479301452637e-01,-4.147793352603912354e-01,-6.283185482025146484e+00,-8.383549451828002930e-01,8.250255137681961060e-02,4.190389215946197510e-01,-1.214431896805763245e-01,-1.111403405666351318e-01,-5.400221049785614014e-02,7.810333371162414551e-02,-1.064176559448242188e-01,8.239259719848632812e-01,1.132922470569610596e-01,4.718222022056579590e-01,1.297870993614196777e+00,8.552683591842651367e-01,9.874710440635681152e-01,8.628339171409606934e-01,2.312235593795776367e+00,1.777216196060180664e-01
1.420767426490783691e+00,-8.858989924192428589e-02,2.994661927223205566e-01,1.529976427555084229e-01,-3.030419051647186279e-01,-4.434740245342254639e-01,-8.295107483863830566e-01,-2.781754732131958008e-01,-7.187989950180053711e-01,-4.702853560447692871e-01,-6.283185482025146484e+00,-9.526011347770690918e-01,1.495408266782760620e-01,4.451045691967010498e-01,-1.595794856548309326e-01,-1.113268584012985229e-01,-5.167111009359359741e-02,7.288460433483123779e-02,-8.955797553062438965e-02,8.385044336318969727e-01,1.190268024802207947e-01,4.940531849861145020e-01,1.300539731979370117e+00,8.331084251403808594e-01,9.744938611984252930e-01,8.756470680236816406e-01,2.323269844055175781e+00,1.843247413635253906e-01
1.425890445709228516e+00,-9.768333286046981812e-02,2.946255803108215332e-01,1.720898151397705078e-01,-2.418223321437835693e-01,-4.650726914405822754e-01,-8.340350389480590820e-01,-1.261888146400451660e-01,-6.322646737098693848e-01,-4.864610731601715088e-01,-6.254809379577636719e+00,-9.346561431884765625e-01,2.500672638416290283e-01,5.256705880165100098e-01,-7.955109328031539917e-02,-1.597156971693038940e-01,-5.246183276176452637e-02,5.111870169639587402e-02,-7.733640819787979126e-02,8.428780436515808105e-01,1.234418079257011414e-01,5.103587508201599121e-01,1.294829487800598145e+00,8.191022872924804688e-01,9.588465690612792969e-01,8.687144517898559570e-01,2.312018394470214844e+00,1.831910163164138794e-01
1.434734225273132324e+00,-1.051663905382156372e-01,2.865838408470153809e-01,1.761189252138137817e-01,-1.576421409845352173e-01,-4.972149133682250977e-01,-8.348103761672973633e-01,1.857502944767475128e-02,-4.909581840038299561e-01,-4.926022887229919434e-01,-6.171687126159667969e+00,-7.854202389717102051e-01,2.633860111236572266e-01,6.133137941360473633e-01,3.643088787794113159e-02,-2.578549087047576904e-01,-5.245568603277206421e-02,1.486151386052370071e-02,-6.645045429468154907e-02,8.571674227714538574e-01,1.298922449350357056e-01,5.180078744888305664e-01,1.282816886901855469e+00,8.121508955955505371e-01,9.577325582504272461e-01,8.474946022033691406e-01,2.301601171493530273e+00,1.779759228229522705e-01
1.446625471115112305e+00,-1.120907589793205261e-01,2.796237468719482422e-01,1.796015501022338867e-01,-1.104953512549400330e-01,-5.425431132316589355e-01,-8.131303787231445312e-01,1.018634811043739319e-01,-4.153745472431182861e-01,-5.033143162727355957e-01,-6.116015434265136719e+00,-6.282483935356140137e-01,1.636871099472045898e-01,6.927585601806640625e-01,6.160752475261688232e-02,-3.636408746242523193e-01,-6.542174518108367920e-02,-1.303301192820072174e-02,-5.017872154712677002e-02,8.658004999160766602e-01,1.643649190664291382e-01,5.123880505561828613e-01,1.266765952110290527e+00,8.369202017784118652e-01,9.844900965690612793e-01,8.185512423515319824e-01,2.314755439758300781e+00,1.732453852891921997e-01
1.452062010765075684e+00,-1.203123778104782104e-01,2.752434909343719482e-01,1.766759902238845825e-01,-9.417621046304702759e-02,-5.515078902244567871e-01,-8.097872734069824219e-01,1.385683715343475342e-01,-4.058501422405242920e-01,-5.011866688728332520e-01,-6.143345355987548828e+00,-5.217394232749938965e-01,5.867129564285278320e-02,6.964526772499084473e-01,7.470504194498062134e-02,-3.591457009315490723e-01,-1.002303138375282288e-01,-4.661536589264869690e-02,-3.620458766818046570e-02,8.305134177207946777e-01,1.760832816362380981e-01,5.278112888336181641e-01,1.274897694587707520e+00,8.297964930534362793e-01,1.021015763282775879e+00,7.942681908607482910e-01,2.323037862777709961e+00,1.805411130189895630e-01
1.457572937011718750e+00,-1.270875632762908936e-01,2.737101614475250244e-01,1.611355096101760864e-01,-8.920777589082717896e-02,-5.521264672279357910e-01,-8.131627440452575684e-01,1.485072672367095947e-01,-3.996461331844329834e-01,-5.000525116920471191e-01,-6.169669151306152344e+00,-4.776442646980285645e-01,5.422215163707733154e-02,6.791940927505493164e-01,1.208117678761482239e-01,-3.290371298789978027e-01,-1.871769577264785767e-01,-9.859492629766464233e-02,3.051830083131790161e-02,6.910807490348815918e-01,2.427376210689544678e-01,5.385582447052001953e-01,1.284516572952270508e+00,8.671388030052185059e-01,1.066429376602172852e+00,7.770373821258544922e-01,2.316342592239379883e+00,1.945791840553283691e-01
1.464239001274108887e+00,-1.333411484956741333e-01,2.743744552135467529e-01,1.553122401237487793e-01,-9.248908609151840210e-02,-5.666012763977050781e-01,-8.039196729660034180e-01,1.453277766704559326e-01,-4.288777112960815430e-01,-5.070321559906005859e-01,-6.179973125457763672e+00,-4.828988015651702881e-01,7.514937222003936768e-02,6.560587882995605469e-01,1.459269821643829346e-01,-3.130271434783935547e-01,-2.925587296485900879e-01,-1.529870182275772095e-01,1.522773951292037964e-01,4.749623835086822510e-01,3.388092815876007080e-01,5.683544874191284180e-01,1.301388025283813477e+00,9.020220041275024414e-01,1.107265353202819824e+00,7.555528283119201660e-01,2.306703329086303711e+00,2.071353197097778320e-01
1.469608664512634277e+00,-1.413548737764358521e-01,2.754872739315032959e-01,1.539609432220458984e-01,-9.780975431203842163e-02,-5.903038978576660156e-01,-7.863018512725830078e-01,1.307939440011978149e-01,-4.756848514080047607e-01,-4.889178574085235596e-01,-6.183959484100341797e+00,-5.159639120101928711e-01,1.128370389342308044e-01,6.193578839302062988e-01,1.566361188888549805e-01,-3.195458054542541504e-01,-3.993326127529144287e-01,-1.581082195043563843e-01,2.577146887779235840e-01,3.070637285709381104e-01,4.366252720355987549e-01,6.142128705978393555e-01,1.335168004035949707e+00,9.202451109886169434e-01,1.128076434135437012e+00,7.319024801254272461e-01,2.282710075378417969e+00,2.118774652481079102e-01
1.474294185638427734e+00,-1.501110643148422241e-01,2.761558294296264648e-01,1.492416560649871826e-01,-9.392173588275909424e-02,-6.133281588554382324e-01,-7.698923349380493164e-01,1.641399711370468140e-01,-4.660939872264862061e-01,-4.144838154315948486e-01,-6.185406684875488281e+00,-5.264148712158203125e-01,1.495043635368347168e-01,5.760842561721801758e-01,1.808463633060455322e-01,-3.439924716949462891e-01,-5.150788426399230957e-01,-1.365904361009597778e-01,3.054643571376800537e-01,2.232478111982345581e-01,5.144707560539245605e-01,6.670477986335754395e-01,1.364215970039367676e+00,9.259466528892517090e-01,1.122010827064514160e+00,6.941983103752136230e-01,2.241862058639526367e+00,1.988506615161895752e-01
1.475561022758483887e+00,-1.564522534608840942e-01,2.749487757682800293e-01,1.453624516725540161e-01,-6.540536880493164062e-02,-6.280646324157714844e-01,-7.616604566574096680e-01,2.479246854782104492e-01,-3.785552084445953369e-01,-3.630814552307128906e-01,-6.200133323669433594e+00,-4.990105926990509033e-01,1.840894073247909546e-01,5.474391579627990723e-01,2.411460876464843750e-01,-3.698734939098358154e-01,-6.281808018684387207e-01,-1.304458379745483398e-01,3.121908009052276611e-01,2.365135103464126587e-01,5.820351243019104004e-01,7.198057770729064941e-01,1.380913734436035156e+00,9.266721010208129883e-01,1.081557154655456543e+00,6.298491954803466797e-01,2.187666416168212891e+00,1.704833507537841797e-01
1.471931934356689453e+00,-1.623062789440155029e-01,2.717127501964569092e-01,1.482011526823043823e-01,-2.137809060513973236e-02,-6.367020010948181152e-01,-7.564323544502258301e-01,3.181435167789459229e-01,-2.971846759319305420e-01,-3.973551690578460693e-01,-6.232792377471923828e+00,-4.658939540386199951e-01,2.220992147922515869e-01,5.373373031616210938e-01,3.110983669757843018e-01,-3.853037357330322266e-01,-7.402696609497070312e-01,-1.816975027322769165e-01,2.875536084175109863e-01,3.133563697338104248e-01,6.391826272010803223e-01,7.594435811042785645e-01,1.404670596122741699e+00,9.301802515983581543e-01,1.019890666007995605e+00,5.450631380081176758e-01,2.118360757827758789e+00,1.432331502437591553e-01
1.466542363166809082e+00,-1.683261245489120483e-01,2.698757648468017578e-01,1.510888338088989258e-01,2.044861763715744019e-02,-6.404392123222351074e-01,-7.527227997779846191e-01,3.638567328453063965e-01,-2.382528781890869141e-01,-4.297623634338378906e-01,-6.265525817871093750e+00,-4.424797594547271729e-01,2.520112991333007812e-01,5.108619332313537598e-01,3.960337936878204346e-01,-3.681807518005371094e-01,-8.166505694389343262e-01,-2.678405940532684326e-01,2.398712486028671265e-01,4.103224873542785645e-01,6.747593879699707031e-01,7.816244959831237793e-01,1.470897436141967773e+00,9.381708502769470215e-01,9.679977893829345703e-01,4.471891820430755615e-01,1.964314103126525879e+00,1.225204244256019592e-01
1.459543466567993164e+00,-1.746397912502288818e-01,2.698585689067840576e-01,1.479359418153762817e-01,4.773235321044921875e-02,-6.570730805397033691e-01,-7.376255989074707031e-01,3.570553958415985107e-01,-2.018065005540847778e-01,-4.463852345943450928e-01,-6.265241622924804688e+00,-4.241006672382354736e-01,2.926605343818664551e-01,4.850771725177764893e-01,6.110451221466064453e-01,-3.086258471012115479e-01,-9.724123477935791016e-01,-3.335092663764953613e-01,1.949917376041412354e-01,5.083073973655700684e-01,7.369928956031799316e-01,7.517628073692321777e-01,1.563997149467468262e+00,1.172384381294250488e+00,9.889904856681823730e-01,2.682205140590667725e-01,7.268514037132263184e-01,9.513318538665771484e-02
1.453047275543212891e+00,-1.820337772369384766e-01,2.680040001869201660e-01,1.254771947860717773e-01,8.745777606964111328e-02,-6.533794999122619629e-01,-7.414187788963317871e-01,3.891120553016662598e-01,-1.597097069025039673e-01,-4.226501286029815674e-01,-6.253217220306396484e+00,-3.825219273567199707e-01,2.900094389915466309e-01,3.942955732345581055e-01,6.743475198745727539e-01,-2.218818068504333496e-01,-9.311830997467041016e-01,-3.279254138469696045e-01,1.700459122657775879e-01,6.173434257507324219e-01,6.442173719406127930e-01,7.607471942901611328e-01,1.340176582336425781e+00,1.031702518463134766e+00,9.809314012527465820e-01,2.022086381912231445e-01,-2.687611281871795654e-01,5.335459858179092407e-02
1.450463175773620605e+00,-1.885033547878265381e-01,2.706488668918609619e-01,9.412650763988494873e-02,1.150224655866622925e-01,-6.643594503402709961e-01,-7.324865460395812988e-01,3.803355395793914795e-01,-1.253106594085693359e-01,-4.207431375980377197e-01,-6.215577602386474609e+00,-3.273647725582122803e-01,2.553374171257019043e-01,2.764142453670501709e-01,7.564018368721008301e-01,-1.261655092239379883e-01,-8.204417228698730469e-01,-3.262302577495574951e-01,1.733074188232421875e-01,6.446790695190429688e-01,5.939711332321166992e-01,6.397187113761901855e-01,1.265491843223571777e+00,9.235177040100097656e-01,9.690124392509460449e-01,1.476597934961318970e-01,-3.584320247173309326e-01,6.754738837480545044e-02
1.447668552398681641e+00,-1.915462166070938110e-01,2.748638987541198730e-01,6.575541198253631592e-02,1.248560696840286255e-01,-6.806493997573852539e-01,-7.188905477523803711e-01,3.415558338165283203e-01,-8.909589052200317383e-02,-4.372410774230957031e-01,-6.158566474914550781e+00,-2.679661214351654053e-01,2.108334749937057495e-01,1.877476722002029419e-01,8.054600954055786133e-01,-3.920384123921394348e-02,-6.520491242408752441e-01,-3.089027106761932373e-01,1.959686875343322754e-01,6.277824640274047852e-01,5.572624802589416504e-01,4.947359561920166016e-01,1.261510372161865234e+00,8.311798572540283203e-01,9.627530574798583984e-01,1.160310879349708557e-01,-3.594179749488830566e-01,1.216945573687553406e-01
1.443847656250000000e+00,-1.902590394020080566e-01,2.808984816074371338e-01,5.298894271254539490e-02,1.200095042586326599e-01,-6.909371018409729004e-01,-7.109119892120361328e-01,2.970409989356994629e-01,-6.563689559698104858e-02,-4.683986902236938477e-01,-6.113677978515625000e+00,-2.272222638130187988e-01,1.610944718122482300e-01,1.255714893341064453e-01,8.217785358428955078e-01,3.161500766873359680e-02,-4.716562926769256592e-01,-3.092634677886962891e-01,2.273748517036437988e-01,5.624464154243469238e-01,5.204200148582458496e-01,4.062441289424896240e-01,1.280144810676574707e+00,7.599809765815734863e-01,9.350540637969970703e-01,1.570260077714920044e-01,-4.310385584831237793e-01,2.355677932500839233e-01
1.440211415290832520e+00,-1.897664815187454224e-01,2.853262424468994141e-01,4.321274533867835999e-02,1.253411769866943359e-01,-6.911372542381286621e-01,-7.104586362838745117e-01,2.890237867832183838e-01,-4.417972266674041748e-02,-4.974705576896667480e-01,-6.091069698333740234e+00,-1.920424401760101318e-01,1.046939268708229065e-01,1.392281651496887207e-01,8.362594842910766602e-01,1.961535401642322540e-02,-3.710231184959411621e-01,-3.626061677932739258e-01,2.552311420440673828e-01,5.118341445922851562e-01,4.755931496620178223e-01,4.245293140411376953e-01,1.317381978034973145e+00,6.276021003723144531e-01,8.755001425743103027e-01,3.270860016345977783e-01,-4.246236085891723633e-01,4.034709036350250244e-01
1.438354611396789551e+00,-1.880986541509628296e-01,2.879060208797454834e-01,3.465224429965019226e-02,1.363285183906555176e-01,-6.931644082069396973e-01,-7.069206833839416504e-01,2.975302636623382568e-01,-1.063163485378026962e-02,-5.310620665550231934e-01,-6.079928398132324219e+00,-1.480234414339065552e-01,6.076727062463760376e-02,1.238950714468955994e-01,8.554797768592834473e-01,2.735201269388198853e-02,-3.544563055038452148e-01,-3.848658502101898193e-01,2.553655505180358887e-01,4.838669300079345703e-01,4.653974175453186035e-01,4.272688031196594238e-01,1.327722549438476562e+00,4.108692109584808350e-01,7.546411752700805664e-01,5.729131698608398438e-01,-4.325094223022460938e-01,7.818701267242431641e-01
1.441428542137145996e+00,-1.864572316408157349e-01,2.849322855472564697e-01,1.495722681283950806e-02,1.339780241250991821e-01,-6.999857425689697266e-01,-7.013174295425415039e-01,2.794501781463623047e-01,2.882174216210842133e-02,-5.619766116142272949e-01,-6.039648532867431641e+00,-1.107636839151382446e-01,6.270507723093032837e-02,4.624001681804656982e-02,8.654475808143615723e-01,7.819635421037673950e-02,-4.150440692901611328e-01,-3.515083789825439453e-01,1.847092062234878540e-01,4.784959554672241211e-01,4.489275217056274414e-01,3.954308629035949707e-01,1.344203472137451172e+00,1.269634515047073364e-01,6.244550347328186035e-01,8.923183083534240723e-01,-4.478561580181121826e-01,1.390254259109497070e+00
1.445307374000549316e+00,-1.916765868663787842e-01,2.787046432495117188e-01,-8.531516417860984802e-03,1.205887496471405029e-01,-7.071638107299804688e-01,-6.966382861137390137e-01,2.348815649747848511e-01,4.480197280645370483e-02,-5.852195620536804199e-01,-5.994476795196533203e+00,-1.162237972021102905e-01,1.192375123500823975e-01,-1.135866437107324600e-02,8.663249611854553223e-01,7.559070736169815063e-02,-4.900704324245452881e-01,-3.354521691799163818e-01,1.025391668081283569e-01,4.853183031082153320e-01,4.655145704746246338e-01,3.510080575942993164e-01,1.325857520103454590e+00,4.195414111018180847e-02,5.101177096366882324e-01,1.017065167427062988e+00,-4.477006793022155762e-01,1.780111312866210938e+00
1.449592232704162598e+00,-2.011527121067047119e-01,2.717463672161102295e-01,-3.114285878837108612e-02,1.126633435487747192e-01,-7.151684165000915527e-01,-6.891090273857116699e-01,1.969852596521377563e-01,4.197565466165542603e-02,-5.939269065856933594e-01,-5.960677146911621094e+00,-1.437737345695495605e-01,2.171927690505981445e-01,-4.591336846351623535e-02,8.593931794166564941e-01,6.484702229499816895e-02,-5.554642677307128906e-01,-3.373603820800781250e-01,6.071999296545982361e-02,4.951831698417663574e-01,4.813119769096374512e-01,3.106140792369842529e-01,1.284808278083801270e+00,4.080925136804580688e-02,4.947821497917175293e-01,1.023041963577270508e+00,-4.503785371780395508e-01,1.912184238433837891e+00
1.456737518310546875e+00,-2.106139212846755981e-01,2.647430002689361572e-01,-4.824675992131233215e-02,1.147168874740600586e-01,-7.221678495407104492e-01,-6.804306507110595703e-01,1.857361942529678345e-01,3.089646250009536743e-02,-5.917129516601562500e-01,-5.954696178436279297e+00,-1.725924611091613770e-01,3.284434676170349121e-01,-6.432492285966873169e-02,8.335932493209838867e-01,8.411673456430435181e-02,-5.901090502738952637e-01,-3.500995635986328125e-01,7.001274824142456055e-02,4.569573998451232910e-01,4.549903869628906250e-01,2.577573359012603760e-01,1.246990799903869629e+00,-1.096146274358034134e-02,4.828735888004302979e-01,1.033384084701538086e+00,-4.558923840522766113e-01,1.968894124031066895e+00
1.466625690460205078e+00,-2.192265689373016357e-01,2.535734176635742188e-01,-7.352484017610549927e-02,1.373428106307983398e-01,-7.284411191940307617e-01,-6.671615839004516602e-01,2.048563212156295776e-01,1.251766923815011978e-02,-5.678533911705017090e-01,-5.951469421386718750e+00,-1.820876002311706543e-01,4.071348309516906738e-01,-4.418845847249031067e-02,8.393813371658325195e-01,1.070133671164512634e-01,-5.750256776809692383e-01,-3.368381857872009277e-01,1.079957857728004456e-01,3.727919459342956543e-01,4.321674704551696777e-01,1.806687414646148682e-01,1.231012821197509766e+00,-1.857349425554275513e-01,3.960771262645721436e-01,1.106629133224487305e+00,-4.256595075130462646e-01,2.091043949127197266e+00
1.476444244384765625e+00,-2.254397273063659668e-01,2.465019822120666504e-01,-1.126403734087944031e-01,1.815384775400161743e-01,-7.199402451515197754e-01,-6.603347063064575195e-01,2.669772505760192871e-01,8.190837502479553223e-02,-5.577384233474731445e-01,-5.943362712860107422e+00,-1.095192953944206238e-01,4.639170467853546143e-01,-9.356969967484474182e-03,9.004970788955688477e-01,1.667841672897338867e-01,-4.925673604011535645e-01,-2.599053084850311279e-01,1.114296764135360718e-01,2.716663181781768799e-01,4.343221485614776611e-01,8.263402432203292847e-02,1.145981311798095703e+00,-2.849216163158416748e-01,2.302895933389663696e-01,1.273088455200195312e+00,-3.652754724025726318e-01,2.307582139968872070e+00
1.484595060348510742e+00,-2.348332554101943970e-01,2.417395710945129395e-01,-1.443077176809310913e-01,2.085808217525482178e-01,-7.083324193954467773e-01,-6.587370634078979492e-01,3.027577400207519531e-01,1.229173988103866577e-01,-5.513228774070739746e-01,-5.940845489501953125e+00,-7.063192874193191528e-02,5.153824090957641602e-01,3.585089370608329773e-02,9.211468100547790527e-01,2.116903960704803467e-01,-4.379477798938751221e-01,-1.695781499147415161e-01,5.708896089345216751e-03,3.367863595485687256e-01,4.429729878902435303e-01,-3.185090795159339905e-02,1.016003727912902832e+00,-1.622919440269470215e-01,4.295906051993370056e-02,1.249966263771057129e+00,-3.202418684959411621e-01,2.481056451797485352e+00
1.489182114601135254e+00,-2.436930984258651733e-01,2.402535825967788696e-01,-1.792453229427337646e-01,2.438027262687683105e-01,-6.951323151588439941e-01,-6.520907878875732422e-01,3.450895845890045166e-01,1.859638392925262451e-01,-5.528798699378967285e-01,-5.928599357604980469e+00,3.657880472019314766e-03,5.416531562805175781e-01,7.485856860876083374e-02,9.543015360832214355e-01,2.133017778396606445e-01,-4.085683822631835938e-01,-5.418044701218605042e-02,-1.277258247137069702e-01,5.499658584594726562e-01,4.100745320320129395e-01,-1.217564567923545837e-01,9.260412454605102539e-01,-1.011122949421405792e-04,-1.547377556562423706e-01,1.150939702987670898e+00,-2.574491202831268311e-01,2.452912807464599609e+00
1.492284059524536133e+00,-2.509915530681610107e-01,2.428612858057022095e-01,-2.016652524471282959e-01,2.746104300022125244e-01,-6.782846450805664062e-01,-6.510377526283264160e-01,3.962929248809814453e-01,2.415757477283477783e-01,-5.682640671730041504e-01,-5.939237117767333984e+00,5.801415815949440002e-02,5.475566983222961426e-01,1.267263889312744141e-01,9.812055826187133789e-01,2.000380158424377441e-01,-3.738700151443481445e-01,-3.318583220243453979e-02,-1.877881586551666260e-01,7.450103163719177246e-01,2.268469184637069702e-01,-1.679177880287170410e-01,9.875698685646057129e-01,6.692518293857574463e-02,-2.642041146755218506e-01,1.106972813606262207e+00,-2.441015839576721191e-01,2.280501127243041992e+00
1.495388031005859375e+00,-2.568604350090026855e-01,2.489980906248092651e-01,-2.081889361143112183e-01,2.966646850109100342e-01,-6.560809016227722168e-01,-6.619707345962524414e-01,4.567348659038543701e-01,2.736785113811492920e-01,-5.805267691612243652e-01,-5.987372875213623047e+00,7.587028294801712036e-02,5.378592014312744141e-01,2.042657732963562012e-01,1.005111813545227051e+00,1.656843721866607666e-01,-3.061355650424957275e-01,-6.201480701565742493e-02,-2.108435034751892090e-01,8.582056164741516113e-01,-2.207406051456928253e-02,-1.261348873376846313e-01,1.135356664657592773e+00,5.737251415848731995e-02,-2.955976128578186035e-01,1.114338159561157227e+00,-2.642685472965240479e-01,2.092052221298217773e+00
1.496741175651550293e+00,-2.604758143424987793e-01,2.563035190105438232e-01,-1.997140944004058838e-01,3.042699694633483887e-01,-6.394332647323608398e-01,-6.772437691688537598e-01,4.983527362346649170e-01,2.796144187450408936e-01,-5.960197448730468750e-01,-6.049162387847900391e+00,5.987027660012245178e-02,5.129306316375732422e-01,2.900499701499938965e-01,1.007195234298706055e+00,1.222347319126129150e-01,-2.098618596792221069e-01,-5.788534879684448242e-02,-2.723265290260314941e-01,8.494948148727416992e-01,-2.225273847579956055e-01,-5.369915440678596497e-02,1.188457250595092773e+00,-4.633750766515731812e-02,-2.150620520114898682e-01,1.228267192840576172e+00,-2.765622437000274658e-01,2.035384654998779297e+00
1.496935963630676270e+00,-2.632808387279510498e-01,2.633413076400756836e-01,-1.891845613718032837e-01,3.070692718029022217e-01,-6.236555576324462891e-01,-6.935210227966308594e-01,5.285830497741699219e-01,2.782404422760009766e-01,-6.089648008346557617e-01,-6.098863601684570312e+00,4.710776358842849731e-02,4.633061587810516357e-01,3.716760575771331787e-01,1.008844137191772461e+00,8.901224285364151001e-02,-1.073483973741531372e-01,-5.770146474242210388e-02,-3.206492364406585693e-01,7.798692584037780762e-01,-2.810182869434356689e-01,-6.151212379336357117e-02,1.006754279136657715e+00,-1.873855441808700562e-01,-8.950857073068618774e-02,1.355151414871215820e+00,-3.255193829536437988e-01,1.932925343513488770e+00
1.496887803077697754e+00,-2.670602798461914062e-01,2.693074941635131836e-01,-1.824679076671600342e-01,3.088911175727844238e-01,-6.106457114219665527e-01,-7.059770226478576660e-01,5.469940900802612305e-01,2.647801041603088379e-01,-6.064110994338989258e-01,-6.128497600555419922e+00,4.385472461581230164e-02,4.036357700824737549e-01,4.365160167217254639e-01,1.021385550498962402e+00,6.317675858736038208e-02,-4.107869043946266174e-02,-6.883865594863891602e-02,-3.625243604183197021e-01,6.942669749259948730e-01,-2.275964617729187012e-01,-1.147187352180480957e-01,7.907291650772094727e-01,-3.253113329410552979e-01,-8.117616525851190090e-04,1.426118493080139160e+00,-4.345226883888244629e-01,1.625808238983154297e+00
1.496954441070556641e+00,-2.712403237819671631e-01,2.743739783763885498e-01,-1.868430525064468384e-01,3.058262765407562256e-01,-6.096862554550170898e-01,-7.069955468177795410e-01,5.338471531867980957e-01,2.382212281227111816e-01,-5.684309005737304688e-01,-6.115793704986572266e+00,6.542555987834930420e-02,3.417340219020843506e-01,4.422908425331115723e-01,1.033518791198730469e+00,5.147164314985275269e-02,8.362424559891223907e-03,-8.219502121210098267e-02,-4.586757719516754150e-01,6.253639459609985352e-01,-1.792106777429580688e-01,-1.397431045770645142e-01,7.320181131362915039e-01,-4.758286476135253906e-01,2.548774518072605133e-02,1.442938208580017090e+00,-4.736765325069427490e-01,1.181044697761535645e+00
1.497561812400817871e+00,-2.748069465160369873e-01,2.789155542850494385e-01,-1.951081007719039917e-01,2.648042440414428711e-01,-6.345797777175903320e-01,-6.993712186813354492e-01,4.420320093631744385e-01,1.659059077501296997e-01,-4.014839231967926025e-01,-6.045847415924072266e+00,5.523759126663208008e-02,2.778116464614868164e-01,3.612975478172302246e-01,9.799218177795410156e-01,3.722633048892021179e-02,4.927006736397743225e-02,-8.161162585020065308e-02,-5.701231360435485840e-01,5.536544919013977051e-01,-1.756695806980133057e-01,-1.339542865753173828e-01,7.426417469978332520e-01,-5.856903791427612305e-01,-2.928702346980571747e-02,1.350760340690612793e+00,-4.951221346855163574e-01,1.085271477699279785e+00
1.496100783348083496e+00,-2.756520211696624756e-01,2.814697623252868652e-01,-2.003488391637802124e-01,2.007115930318832397e-01,-6.720675230026245117e-01,-6.840324997901916504e-01,3.272530734539031982e-01,7.471818476915359497e-02,-5.422510579228401184e-02,-5.942025661468505859e+00,1.425923034548759460e-02,1.855089813470840454e-01,2.172454148530960083e-01,8.976906538009643555e-01,8.556369692087173462e-03,9.760268777608871460e-02,-9.259508550167083740e-02,-6.705141067504882812e-01,4.710660576820373535e-01,-2.082078158855438232e-01,-8.108843117952346802e-02,7.846342325210571289e-01,-6.521061658859252930e-01,-9.564208984375000000e-02,1.221649289131164551e+00,-5.523506999015808105e-01,1.620701551437377930e+00
1.494982838630676270e+00,-2.789754867553710938e-01,2.828732430934906006e-01,-1.946916282176971436e-01,1.621577590703964233e-01,-6.954805850982666016e-01,-6.723889112472534180e-01,3.327133655548095703e-01,9.999272227287292480e-02,2.418271899223327637e-01,-5.903548240661621094e+00,-3.993210557382553816e-04,1.000045016407966614e-01,1.198441386222839355e-01,8.607814908027648926e-01,-2.816961146891117096e-02,1.434913724660873413e-01,-6.633514165878295898e-02,-7.306992411613464355e-01,4.444806575775146484e-01,-2.300325632095336914e-01,-9.688483551144599915e-03,8.416835069656372070e-01,-7.303773760795593262e-01,-1.027428358793258667e-01,1.363740801811218262e+00,-5.948972105979919434e-01,2.237121582031250000e+00
1.495608329772949219e+00,-2.792832553386688232e-01,2.892988324165344238e-01,-1.877248287200927734e-01,1.606664359569549561e-01,-7.051571607589721680e-01,-6.646044850349426270e-01,4.641160964965820312e-01,2.582939267158508301e-01,3.707489967346191406e-01,-5.919911861419677734e+00,2.104053832590579987e-02,6.956940982490777969e-03,7.412261515855789185e-02,8.547853827476501465e-01,-4.333363100886344910e-02,1.916042715311050415e-01,-3.743528947234153748e-02,-7.499478459358215332e-01,4.749655127525329590e-01,-2.583297491073608398e-01,7.370864599943161011e-02,8.828677535057067871e-01,-8.095189332962036133e-01,-5.265759304165840149e-02,1.662248015403747559e+00,-6.049703955650329590e-01,2.163496017456054688e+00
1.493474841117858887e+00,-2.817043960094451904e-01,2.979069352149963379e-01,-1.758215725421905518e-01,1.782486736774444580e-01,-7.051454186439514160e-01,-6.633883714675903320e-01,6.187183856964111328e-01,4.589227437973022461e-01,2.711229026317596436e-01,-5.975731849670410156e+00,4.998996108770370483e-02,-7.400655746459960938e-02,5.076924711465835571e-02,8.519983291625976562e-01,-6.640198826789855957e-02,2.360523790121078491e-01,-6.494881212711334229e-02,-6.777845025062561035e-01,4.936795234680175781e-01,-2.686611711978912354e-01,1.691441833972930908e-01,8.764076828956604004e-01,-8.015651702880859375e-01,-6.612153351306915283e-02,1.767343044281005859e+00,-5.970824360847473145e-01,1.518940091133117676e+00
1.489446401596069336e+00,-2.933702468872070312e-01,2.984896004199981689e-01,-1.715116202831268311e-01,2.076706737279891968e-01,-6.971362829208374023e-01,-6.644228100776672363e-01,7.371787428855895996e-01,6.434051394462585449e-01,8.843776583671569824e-02,-6.028167724609375000e+00,7.777660340070724487e-02,-1.239694431424140930e-01,5.590368434786796570e-02,8.758543729782104492e-01,-1.139416322112083435e-01,2.555766701698303223e-01,-8.814048022031784058e-02,-5.671662688255310059e-01,5.608832836151123047e-01,-2.386922538280487061e-01,2.550031542778015137e-01,8.187499642372131348e-01,-6.564715504646301270e-01,-7.427025586366653442e-02,1.708667755126953125e+00,-5.799082517623901367e-01,8.943740725517272949e-01
1.485793471336364746e+00,-3.043269217014312744e-01,2.954050898551940918e-01,-1.745267063379287720e-01,2.357089072465896606e-01,-6.831406950950622559e-01,-6.688053011894226074e-01,7.978546023368835449e-01,7.423682212829589844e-01,1.640919968485832214e-02,-6.063477039337158203e+00,1.000767573714256287e-01,-1.558847874402999878e-01,7.473064959049224854e-02,9.008582830429077148e-01,-1.568423956632614136e-01,2.518238723278045654e-01,-1.022177338600158691e-01,-4.489136636257171631e-01,6.558429002761840820e-01,-1.910257190465927124e-01,3.162293136119842529e-01,7.292675971984863281e-01,-4.375692903995513916e-01,8.184644393622875214e-03,1.443314313888549805e+00,-5.452790260314941406e-01,6.156724095344543457e-01
1.481535315513610840e+00,-3.128030002117156982e-01,2.968552410602569580e-01,-1.794999539852142334e-01,2.663644254207611084e-01,-6.625764966011047363e-01,-6.766255497932434082e-01,8.441101908683776855e-01,8.077706694602966309e-01,6.432005763053894043e-02,-6.108827590942382812e+00,1.537128090858459473e-01,-1.988371163606643677e-01,1.453394740819931030e-01,9.574747085571289062e-01,-2.396810650825500488e-01,1.800612509250640869e-01,-1.183703467249870300e-01,-2.946266829967498779e-01,7.888509631156921387e-01,-4.505395516753196716e-02,3.651921451091766357e-01,5.677283406257629395e-01,-1.881068795919418335e-01,5.728127062320709229e-02,1.071266174316406250e+00,-5.040961503982543945e-01,3.231885433197021484e-01
1.481101989746093750e+00,-3.216319084167480469e-01,2.964419722557067871e-01,-1.826540082693099976e-01,2.874453961849212646e-01,-6.385003328323364258e-01,-6.901665925979614258e-01,8.844246268272399902e-01,8.355007171630859375e-01,8.910308033227920532e-02,-6.148646354675292969e+00,1.626994460821151733e-01,-2.484118640422821045e-01,1.830075830221176147e-01,9.974424839019775391e-01,-2.496618628501892090e-01,9.300573915243148804e-02,-1.463167518377304077e-01,-1.332627683877944946e-01,8.981380462646484375e-01,5.434388294816017151e-02,3.896586894989013672e-01,4.726776778697967529e-01,-1.223277226090431213e-01,2.947428263723850250e-02,9.292249083518981934e-01,-4.650030732154846191e-01,6.634545326232910156e-02
1.481482267379760742e+00,-3.279292881488800049e-01,2.957683205604553223e-01,-1.868654191493988037e-01,3.028710186481475830e-01,-6.129991412162780762e-01,-7.053952813148498535e-01,9.182583689689636230e-01,8.787014484405517578e-01,9.610310196876525879e-02,-6.172775268554687500e+00,1.471665352582931519e-01,-2.495282292366027832e-01,1.893419027328491211e-01,1.026961922645568848e+00,-2.172514945268630981e-01,3.295243158936500549e-02,-2.172585576772689819e-01,1.121000293642282486e-02,9.361121058464050293e-01,1.245621889829635620e-01,4.087028205394744873e-01,4.070547819137573242e-01,-1.067324951291084290e-01,-6.752912420779466629e-03,9.067529439926147461e-01,-4.170662164688110352e-01,-1.856182352639734745e-03
1.483435511589050293e+00,-3.342383205890655518e-01,2.957300245761871338e-01,-1.795977652072906494e-01,3.114668428897857666e-01,-5.972841978073120117e-01,-7.169272303581237793e-01,9.432661533355712891e-01,8.852645158767700195e-01,8.808260411024093628e-02,-6.204910755157470703e+00,7.534256577491760254e-02,-1.334365457296371460e-01,1.931246519088745117e-01,1.025313377380371094e+00,-1.738329380750656128e-01,1.609332114458084106e-02,-3.003096282482147217e-01,1.089386641979217529e-01,9.214835762977600098e-01,1.730684638023376465e-01,4.265786111354827881e-01,3.702502846717834473e-01,-9.362397342920303345e-02,-2.965499088168144226e-02,8.725582361221313477e-01,-3.597441613674163818e-01,-5.587491393089294434e-02
1.486918807029724121e+00,-3.400411903858184814e-01,2.965581715106964111e-01,-1.617266386747360229e-01,3.126298785209655762e-01,-5.942616462707519531e-01,-7.231598496437072754e-01,9.542209506034851074e-01,8.467589020729064941e-01,6.939523667097091675e-02,-6.221792221069335938e+00,-3.714551031589508057e-02,1.445747762918472290e-01,1.989628374576568604e-01,9.906811118125915527e-01,-1.437247991561889648e-01,2.042419463396072388e-02,-3.609532415866851807e-01,1.797674894332885742e-01,9.004716873168945312e-01,2.041347175836563110e-01,4.458084702491760254e-01,3.541831076145172119e-01,-1.067643538117408752e-01,-6.824884563684463501e-02,8.383907079696655273e-01,-2.918708920478820801e-01,-1.202657744288444519e-01
1.491377472877502441e+00,-3.438393771648406982e-01,2.984050512313842773e-01,-1.444783210754394531e-01,3.070715665817260742e-01,-5.979315042495727539e-01,-7.261617779731750488e-01,9.447417259216308594e-01,8.013132214546203613e-01,3.642200306057929993e-02,-6.195155143737792969e+00,-9.580174833536148071e-02,4.625880122184753418e-01,2.074621468782424927e-01,9.427435398101806641e-01,-1.261713355779647827e-01,3.051732107996940613e-02,-3.892239928245544434e-01,2.269859611988067627e-01,8.903107643127441406e-01,1.932996064424514771e-01,4.449328184127807617e-01,4.032559692859649658e-01,-1.299343854188919067e-01,-9.464084357023239136e-02,8.117480874061584473e-01,-2.117947190999984741e-01,-1.624843776226043701e-01
1.496339321136474609e+00,-3.442965745925903320e-01,3.012635111808776855e-01,-1.283746957778930664e-01,2.987924814224243164e-01,-6.059907674789428711e-01,-7.259601354598999023e-01,9.231995344161987305e-01,7.693288326263427734e-01,-2.118065394461154938e-02,-6.123545169830322266e+00,-4.728764295578002930e-02,6.590843796730041504e-01,2.285429239273071289e-01,8.868288993835449219e-01,-1.213705092668533325e-01,4.616095125675201416e-02,-3.840844631195068359e-01,2.534530758857727051e-01,8.888936638832092285e-01,1.205674558877944946e-01,4.151627421379089355e-01,5.634105205535888672e-01,-1.470779925584793091e-01,-9.050672501325607300e-02,7.727100253105163574e-01,-7.123841345310211182e-02,-1.868437975645065308e-01
1.501408100128173828e+00,-3.442617356777191162e-01,3.029550611972808838e-01,-1.167618781328201294e-01,2.852571010589599609e-01,-6.157066226005554199e-01,-7.251899242401123047e-01,8.856915235519409180e-01,7.378494143486022949e-01,-7.899465411901473999e-02,-6.044522285461425781e+00,9.652597457170486450e-02,5.914247632026672363e-01,2.499691694974899292e-01,8.289900422096252441e-01,-1.192364096641540527e-01,6.826141476631164551e-02,-3.568792641162872314e-01,2.644450068473815918e-01,8.863504528999328613e-01,7.326385471969842911e-03,3.361402451992034912e-01,8.175961375236511230e-01,-1.483022570610046387e-01,-5.696822702884674072e-02,7.227459549903869629e-01,7.953342795372009277e-02,-1.977654397487640381e-01
1.506150007247924805e+00,-3.465290963649749756e-01,2.999371290206909180e-01,-1.333185732364654541e-01,2.631541192531585693e-01,-6.177154183387756348e-01,-7.289744615554809570e-01,8.414981961250305176e-01,7.130686640739440918e-01,-1.094719171524047852e-01,-5.943672657012939453e+00,2.289065569639205933e-01,3.862861990928649902e-01,1.995140165090560913e-01,7.931974530220031738e-01,-7.553064078092575073e-02,1.059418544173240662e-01,-3.139175474643707275e-01,2.616726458072662354e-01,8.829030394554138184e-01,-1.474436521530151367e-01,2.003278732299804688e-01,1.072431087493896484e+00,-1.616791188716888428e-01,-2.646505087614059448e-02,6.805963516235351562e-01,5.750517919659614563e-02,-2.013037353754043579e-01
1.511663556098937988e+00,-3.439303338527679443e-01,2.999711632728576660e-01,-1.512109190225601196e-01,2.486483901739120483e-01,-6.278936266899108887e-01,-7.218440175056457520e-01,8.054338097572326660e-01,7.171432971954345703e-01,-1.464018821716308594e-01,-5.900503158569335938e+00,2.702123522758483887e-01,3.695701658725738525e-01,1.422715932130813599e-01,7.982259988784790039e-01,-7.637545466423034668e-02,1.299980878829956055e-01,-3.044143021106719971e-01,2.573823332786560059e-01,8.718155622482299805e-01,-1.778735071420669556e-01,8.303752541542053223e-02,1.145206570625305176e+00,-1.607008874416351318e-01,-3.745807707309722900e-02,6.555079221725463867e-01,-1.883643865585327148e-02,-1.890262961387634277e-01
1.517922520637512207e+00,-3.373105823993682861e-01,3.040369451045989990e-01,-1.594910472631454468e-01,2.420084029436111450e-01,-6.428760290145874023e-01,-7.090169191360473633e-01,7.852316498756408691e-01,7.490761876106262207e-01,-1.940917968750000000e-01,-5.908862113952636719e+00,2.740718722343444824e-01,4.776347577571868896e-01,9.888003766536712646e-02,8.291166424751281738e-01,-1.037102416157722473e-01,1.207819730043411255e-01,-3.274070024490356445e-01,2.650948464870452881e-01,8.691739439964294434e-01,-7.467260211706161499e-02,1.350555103272199631e-02,1.010173439979553223e+00,-1.210064664483070374e-01,-7.817845791578292847e-02,6.376872658729553223e-01,-1.009975299239158630e-01,-1.385395079851150513e-01
1.525837540626525879e+00,-3.330843448638916016e-01,3.067059516906738281e-01,-1.676696687936782837e-01,2.251384258270263672e-01,-6.556246876716613770e-01,-7.009677886962890625e-01,7.593299746513366699e-01,7.374815940856933594e-01,-2.432923316955566406e-01,-5.903798580169677734e+00,2.719345390796661377e-01,5.151314735412597656e-01,4.874055832624435425e-02,8.174425363540649414e-01,-1.006536856293678284e-01,1.285636276006698608e-01,-3.108340799808502197e-01,2.571287751197814941e-01,8.777973055839538574e-01,-2.596503589302301407e-03,-4.370678588747978210e-02,8.224173188209533691e-01,-1.170292049646377563e-01,-9.622256457805633545e-02,6.110012531280517578e-01,-1.169902384281158447e-01,-1.027304828166961670e-01
1.534664750099182129e+00,-3.275485634803771973e-01,3.095143437385559082e-01,-1.776657551527023315e-01,2.074853628873825073e-01,-6.649066805839538574e-01,-6.951861381530761719e-01,7.344503402709960938e-01,7.346792221069335938e-01,-3.031150102615356445e-01,-5.884804248809814453e+00,3.004565238952636719e-01,5.096197724342346191e-01,-3.601803909987211227e-03,8.064998984336853027e-01,-6.562469154596328735e-02,1.393726766109466553e-01,-2.602778971195220947e-01,2.411092370748519897e-01,8.781370520591735840e-01,-2.711491286754608154e-02,-5.987342447042465210e-02,7.552484273910522461e-01,-1.237938404083251953e-01,-1.064768657088279724e-01,5.832283496856689453e-01,-1.968591064214706421e-01,-6.821295619010925293e-02
1.543826103210449219e+00,-3.189459145069122314e-01,3.119395375251770020e-01,-1.831732392311096191e-01,1.897579282522201538e-01,-6.725157499313354492e-01,-6.914926171302795410e-01,7.199664115905761719e-01,7.357199192047119141e-01,-3.627967536449432373e-01,-5.872471332550048828e+00,3.380568921566009521e-01,4.888833165168762207e-01,-5.814682319760322571e-02,7.833923101425170898e-01,-8.457622490823268890e-03,1.548567116260528564e-01,-2.097349166870117188e-01,2.243189662694931030e-01,8.711060285568237305e-01,-8.301712572574615479e-02,-6.753178685903549194e-02,7.474370598793029785e-01,-1.599390357732772827e-01,-1.240340843796730042e-01,6.026091575622558594e-01,-2.855102121829986572e-01,4.837725684046745300e-02
1.552767395973205566e+00,-3.079268932342529297e-01,3.142237067222595215e-01,-1.863031536340713501e-01,1.733376085758209229e-01,-6.774612069129943848e-01,-6.901388168334960938e-01,7.146363258361816406e-01,7.398365736007690430e-01,-4.155409932136535645e-01,-5.862973213195800781e+00,3.787974119186401367e-01,4.616086184978485107e-01,-1.017151996493339539e-01,7.563329339027404785e-01,3.861220926046371460e-02,1.771944910287857056e-01,-1.662931889295578003e-01,2.296553105115890503e-01,8.541234135627746582e-01,-1.205751597881317139e-01,-5.027161911129951477e-02,7.353036403656005859e-01,-1.955143958330154419e-01,-1.341051012277603149e-01,6.597339510917663574e-01,-3.212611973285675049e-01,2.528248727321624756e-01
1.561708092689514160e+00,-2.936733663082122803e-01,3.156802654266357422e-01,-1.862834692001342773e-01,1.572559177875518799e-01,-6.805043220520019531e-01,-6.910013556480407715e-01,7.169473767280578613e-01,7.391043901443481445e-01,-4.574787020683288574e-01,-5.853445053100585938e+00,4.249504506587982178e-01,4.235100746154785156e-01,-1.368105709552764893e-01,7.259100079536437988e-01,9.210693091154098511e-02,2.044990360736846924e-01,-1.226131916046142578e-01,2.453168481588363647e-01,8.237627148628234863e-01,-1.634611934423446655e-01,-3.192217275500297546e-02,7.164020538330078125e-01,-2.278922945261001587e-01,-1.252151131629943848e-01,8.068765997886657715e-01,-3.872673511505126953e-01,6.693470478057861328e-01
1.569171428680419922e+00,-2.771003544330596924e-01,3.161888420581817627e-01,-1.802836507558822632e-01,1.379777789115905762e-01,-6.831324696540832520e-01,-6.941109299659729004e-01,7.060436606407165527e-01,7.214927077293395996e-01,-4.672784805297851562e-01,-5.843033790588378906e+00,4.701419472694396973e-01,3.676470816135406494e-01,-1.614675670862197876e-01,6.956257224082946777e-01,1.282328814268112183e-01,2.288114428520202637e-01,-9.803085029125213623e-02,2.841811776161193848e-01,7.765908241271972656e-01,-2.099559754133224487e-01,-1.457064878195524216e-02,7.099879980087280273e-01,-2.533276081085205078e-01,-7.653545588254928589e-02,1.059415340423583984e+00,-4.576029181480407715e-01,1.239159822463989258e+00
1.575144529342651367e+00,-2.605209648609161377e-01,3.193053901195526123e-01,-1.734322905540466309e-01,1.166352182626724243e-01,-6.825493574142456055e-01,-7.003169655799865723e-01,6.488946080207824707e-01,6.896481513977050781e-01,-4.118398427963256836e-01,-5.825649738311767578e+00,5.161601305007934570e-01,3.019104003906250000e-01,-1.886616498231887817e-01,6.797526478767395020e-01,1.538155227899551392e-01,2.348627597093582153e-01,-9.454199671745300293e-02,3.354367613792419434e-01,7.168565988540649414e-01,-2.473392486572265625e-01,1.028437982313334942e-03,7.122130990028381348e-01,-2.212352156639099121e-01,4.600427579134702682e-03,1.299789786338806152e+00,-5.243022441864013672e-01,1.606013417243957520e+00
1.580034613609313965e+00,-2.489249557256698608e-01,3.267292678356170654e-01,-1.717994064092636108e-01,9.243180602788925171e-02,-6.860769391059875488e-01,-7.008849978446960449e-01,4.895974099636077881e-01,6.172465682029724121e-01,-2.753116786479949951e-01,-5.788393020629882812e+00,5.475529432296752930e-01,2.378015965223312378e-01,-2.039738148450851440e-01,6.758341193199157715e-01,1.267069280147552490e-01,2.285018414258956909e-01,-9.143313765525817871e-02,3.640978336334228516e-01,6.677815318107604980e-01,-2.715700864791870117e-01,4.134698770940303802e-03,7.054951190948486328e-01,-1.155274286866188049e-01,1.257144063711166382e-01,1.451978206634521484e+00,-5.860802531242370605e-01,1.473987340927124023e+00
1.585290908813476562e+00,-2.374488264322280884e-01,3.315352499485015869e-01,-1.862126737833023071e-01,9.533366560935974121e-02,-6.982508897781372070e-01,-6.846035718917846680e-01,3.447968363761901855e-01,5.498164892196655273e-01,-7.155865430831909180e-02,-5.714124679565429688e+00,6.406043171882629395e-01,1.783973127603530884e-01,-1.841405183076858521e-01,7.459139227867126465e-01,5.671140924096107483e-02,2.152056843042373657e-01,-9.370733052492141724e-02,3.620303571224212646e-01,6.184396147727966309e-01,-2.822092175483703613e-01,1.799238380044698715e-03,7.034362554550170898e-01,3.485844284296035767e-02,2.533792555332183838e-01,1.451890826225280762e+00,-6.288934946060180664e-01,1.058216810226440430e+00
1.591539978981018066e+00,-2.197642624378204346e-01,3.309457302093505859e-01,-2.036013454198837280e-01,1.374784409999847412e-01,-7.134577631950378418e-01,-6.562196016311645508e-01,2.575094401836395264e-01,5.345795154571533203e-01,4.382335022091865540e-02,-5.623652935028076172e+00,8.508123159408569336e-01,9.592144191265106201e-02,-9.921479225158691406e-02,8.657336235046386719e-01,-2.181692421436309814e-02,2.077441364526748657e-01,-1.122381463646888733e-01,3.837321102619171143e-01,5.512918829917907715e-01,-3.040416836738586426e-01,5.552857648581266403e-03,7.049211263656616211e-01,1.840064823627471924e-01,3.751903772354125977e-01,1.288301825523376465e+00,-6.543962955474853516e-01,6.506141424179077148e-01
1.598109245300292969e+00,-1.977831423282623291e-01,3.290908634662628174e-01,-1.906900554895401001e-01,1.856406778097152710e-01,-7.161626219749450684e-01,-6.452022194862365723e-01,1.969232857227325439e-01,5.571827888488769531e-01,-5.829269066452980042e-02,-5.621237754821777344e+00,1.042144179344177246e+00,-2.912934683263301849e-02,1.519374549388885498e-02,9.262254238128662109e-01,-5.208490043878555298e-02,2.147984802722930908e-01,-1.469639986753463745e-01,4.607431590557098389e-01,4.748847782611846924e-01,-3.496312499046325684e-01,3.227465599775314331e-02,6.964970827102661133e-01,2.877581119537353516e-01,4.018808007240295410e-01,1.093174815177917480e+00,-6.645693182945251465e-01,4.370859861373901367e-01
1.603266477584838867e+00,-1.755840778350830078e-01,3.268478810787200928e-01,-1.511018574237823486e-01,2.131868302822113037e-01,-7.037606239318847656e-01,-6.606364846229553223e-01,1.303674727678298950e-01,5.314890146255493164e-01,-2.855013012886047363e-01,-5.706256866455078125e+00,1.106636643409729004e+00,-1.176277250051498413e-01,1.125883162021636963e-01,9.050449728965759277e-01,-1.228631753474473953e-02,2.196153253316879272e-01,-1.540543884038925171e-01,5.634700655937194824e-01,4.415658414363861084e-01,-4.043313562870025635e-01,5.250113084912300110e-02,6.634552478790283203e-01,3.185490965843200684e-01,3.859234154224395752e-01,9.253666996955871582e-01,-6.482325792312622070e-01,3.435481190681457520e-01
1.608672499656677246e+00,-1.556120216846466064e-01,3.238789737224578857e-01,-1.055895239114761353e-01,2.157223969697952271e-01,-6.801623106002807617e-01,-6.925994157791137695e-01,1.005209311842918396e-01,4.592058360576629639e-01,-4.792543649673461914e-01,-5.811363220214843750e+00,1.052494287490844727e+00,-1.539371162652969360e-01,1.730974912643432617e-01,8.378779888153076172e-01,8.597096055746078491e-02,2.390715628862380981e-01,-1.488296240568161011e-01,6.352244615554809570e-01,4.791376888751983643e-01,-4.612659215927124023e-01,5.527203530073165894e-02,6.278749704360961914e-01,2.949174046516418457e-01,3.983401060104370117e-01,7.737727761268615723e-01,-5.965746045112609863e-01,2.352564781904220581e-01
1.618279099464416504e+00,-1.375203430652618408e-01,3.223518729209899902e-01,-7.698844373226165771e-02,2.013023644685745239e-01,-6.592016220092773438e-01,-7.204188704490661621e-01,1.209644004702568054e-01,4.749105274677276611e-01,-5.339032411575317383e-01,-5.874392986297607422e+00,9.087574481964111328e-01,-8.722656965255737305e-02,2.355838418006896973e-01,7.710873484611511230e-01,1.360167264938354492e-01,2.742212116718292236e-01,-1.707186549901962280e-01,6.383337974548339844e-01,5.938521623611450195e-01,-5.305461287498474121e-01,6.919935811311006546e-03,6.559383869171142578e-01,2.509119808673858643e-01,4.320257604122161865e-01,6.439209580421447754e-01,-4.318248331546783447e-01,-2.110929787158966064e-02
1.629886507987976074e+00,-1.172424107789993286e-01,3.244423270225524902e-01,-6.360468268394470215e-02,1.703286319971084595e-01,-6.546113491058349609e-01,-7.337755560874938965e-01,1.292634457349777222e-01,5.222387313842773438e-01,-5.359948873519897461e-01,-5.945440769195556641e+00,6.752437949180603027e-01,9.655716270208358765e-02,2.666109204292297363e-01,6.897880434989929199e-01,1.709012985229492188e-01,3.078905344009399414e-01,-2.142472565174102783e-01,5.728662014007568359e-01,7.503005266189575195e-01,-6.613959670066833496e-01,-6.169081106781959534e-02,8.714212775230407715e-01,1.545866727828979492e-01,4.790944159030914307e-01,5.874391198158264160e-01,-5.506866797804832458e-02,-1.205009147524833679e-01
1.639713048934936523e+00,-1.012127324938774109e-01,3.269129097461700439e-01,-1.240905467420816422e-02,8.334886282682418823e-02,-6.616164445877075195e-01,-7.450923919677734375e-01,7.696872949600219727e-02,4.147536754608154297e-01,-5.676407814025878906e-01,-6.080159187316894531e+00,1.915655732154846191e-01,4.919996857643127441e-01,2.440801858901977539e-01,4.928366243839263916e-01,2.609198689460754395e-01,3.141035437583923340e-01,-2.946422398090362549e-01,4.811703562736511230e-01,8.969684839248657227e-01,-6.363259553909301758e-01,-1.067080721259117126e-01,1.384854078292846680e+00,1.235801056027412415e-01,5.202226042747497559e-01,4.614380300045013428e-01,1.258918046951293945e+00,-2.577791213989257812e-01
1.651795148849487305e+00,-8.845390379428863525e-02,3.289918005466461182e-01,-2.393681183457374573e-02,3.395599126815795898e-02,-6.847361922264099121e-01,-7.276059389114379883e-01,2.597059123218059540e-02,3.311016559600830078e-01,-4.962297379970550537e-01,-6.044373035430908203e+00,-1.456815749406814575e-02,6.088758707046508789e-01,1.082776114344596863e-01,4.260476827621459961e-01,2.756605446338653564e-01,3.114554286003112793e-01,-3.538459539413452148e-01,3.988167047500610352e-01,9.178220033645629883e-01,-4.048862159252166748e-01,-5.728360638022422791e-02,1.617946982383728027e+00,-1.227047853171825409e-02,4.284386336803436279e-01,5.454721450805664062e-01,1.884157896041870117e+00,-3.007091283798217773e-01
1.665015220642089844e+00,-7.939789444208145142e-02,3.304001390933990479e-01,-3.000918775796890259e-02,7.569082546979188919e-03,-7.010974287986755371e-01,-7.123935222625732422e-01,2.498914115130901337e-02,2.908911406993865967e-01,-4.587735235691070557e-01,-6.024393558502197266e+00,-1.459816992282867432e-01,6.115827560424804688e-01,-4.677600786089897156e-02,3.926306962966918945e-01,3.178071975708007812e-01,3.009980618953704834e-01,-3.846744298934936523e-01,4.048408269882202148e-01,8.482914566993713379e-01,-2.526627182960510254e-01,-2.656443044543266296e-02,1.834362387657165527e+00,-1.347648650407791138e-01,2.880080938339233398e-01,6.424004435539245605e-01,1.816416978836059570e+00,-3.005749285221099854e-01
1.681408405303955078e+00,-6.712716817855834961e-02,3.310208618640899658e-01,-3.600387275218963623e-02,2.570047229528427124e-02,-7.095575928688049316e-01,-7.032575607299804688e-01,1.201247572898864746e-01,3.488053381443023682e-01,-4.456658959388732910e-01,-6.038370132446289062e+00,-1.517360061407089233e-01,4.057424366474151611e-01,-1.353066265583038330e-01,4.395417571067810059e-01,3.935603797435760498e-01,3.201473057270050049e-01,-3.315527737140655518e-01,4.927407801151275635e-01,6.354689002037048340e-01,-4.738003313541412354e-01,-7.234452664852142334e-02,1.840460896492004395e+00,-2.345743924379348755e-01,1.647076904773712158e-01,7.943789362907409668e-01,8.159027099609375000e-01,-1.662900894880294800e-01
1.700092554092407227e+00,-5.099835619330406189e-02,3.272665143013000488e-01,-6.438481062650680542e-02,3.003910370171070099e-02,-7.469205260276794434e-01,-6.611066460609436035e-01,1.761642247438430786e-01,3.619675934314727783e-01,-3.976324498653411865e-01,-5.959764480590820312e+00,-1.006898283958435059e-01,7.156435400247573853e-02,-2.103524357080459595e-01,5.093329548835754395e-01,3.620600104331970215e-01,3.392906486988067627e-01,-2.682420611381530762e-01,4.740885496139526367e-01,4.677621126174926758e-01,-5.598366260528564453e-01,-1.568108946084976196e-01,1.612828612327575684e+00,-3.699765205383300781e-01,7.121631503105163574e-02,9.459819793701171875e-01,6.657449156045913696e-02,-5.217920988798141479e-02
1.718430638313293457e+00,-3.186483681201934814e-02,3.251752853393554688e-01,-4.637294635176658630e-02,3.787337243556976318e-02,-7.823915481567382812e-01,-6.199020743370056152e-01,2.970974445343017578e-01,3.383083343505859375e-01,-4.056053757667541504e-01,-5.960125923156738281e+00,-8.510588109493255615e-02,-1.414502263069152832e-01,-2.458309531211853027e-01,4.991963505744934082e-01,3.704705238342285156e-01,3.312501013278961182e-01,-2.901592850685119629e-01,3.900668323040008545e-01,3.781889379024505615e-01,-5.057621002197265625e-01,-4.269538819789886475e-02,1.362380623817443848e+00,-4.742183983325958252e-01,-4.935806989669799805e-02,1.093135356903076172e+00,-3.871915936470031738e-01,2.099389731884002686e-01
1.733498930931091309e+00,-1.196221634745597839e-02,3.229527473449707031e-01,-1.955098286271095276e-02,3.508184477686882019e-02,-8.111007213592529297e-01,-5.835260152816772461e-01,3.985627293586730957e-01,2.690343558788299561e-01,-4.187676906585693359e-01,-6.002595901489257812e+00,-4.659154638648033142e-02,-1.653647571802139282e-01,-2.633062303066253662e-01,4.410510063171386719e-01,3.664264976978302002e-01,3.144796788692474365e-01,-2.689229547977447510e-01,2.818721830844879150e-01,3.588187098503112793e-01,-4.682818949222564697e-01,1.049002259969711304e-01,1.219781994819641113e+00,-5.674810409545898438e-01,-1.486214399337768555e-01,1.333741426467895508e+00,-6.097504496574401855e-01,7.925210595130920410e-01
1.747020602226257324e+00,6.690154783427715302e-03,3.206968307495117188e-01,-1.658077351748943329e-02,3.568846732378005981e-02,-8.365715146064758301e-01,-5.464425683021545410e-01,4.586581289768218994e-01,2.350752204656600952e-01,-4.221782088279724121e-01,-6.060270786285400391e+00,4.100862890481948853e-02,-1.329298913478851318e-01,-2.846256792545318604e-01,4.386814832687377930e-01,3.497379720211029053e-01,3.111150562763214111e-01,-2.042744904756546021e-01,1.826739460229873657e-01,3.932841122150421143e-01,-4.436585605144500732e-01,1.951557844877243042e-01,1.160554051399230957e+00,-5.057368278503417969e-01,-1.156089082360267639e-01,1.565398097038269043e+00,-7.136651873588562012e-01,1.286336064338684082e+00
1.761409163475036621e+00,2.130600623786449432e-02,3.235805332660675049e-01,-2.808090485632419586e-02,2.453874982893466949e-02,-8.579614162445068359e-01,-5.123587250709533691e-01,4.197392761707305908e-01,2.304877191781997681e-01,-4.021206200122833252e-01,-6.084288597106933594e+00,1.125878468155860901e-01,-1.280418485403060913e-01,-3.063602149486541748e-01,4.686035811901092529e-01,3.225892782211303711e-01,3.196113109588623047e-01,-1.006257086992263794e-01,1.113683357834815979e-01,4.964186251163482666e-01,-4.302795231342315674e-01,2.161941528320312500e-01,1.148613691329956055e+00,-2.997879981994628906e-01,6.591653823852539062e-02,1.617276072502136230e+00,-7.587175369262695312e-01,1.192296981811523438e+00
1.773939728736877441e+00,3.724977746605873108e-02,3.323439657688140869e-01,-2.277229353785514832e-02,-1.262315362691879272e-02,-8.743134140968322754e-01,-4.846629202365875244e-01,2.492382228374481201e-01,1.918372362852096558e-01,-3.247382044792175293e-01,-6.080975055694580078e+00,1.173052862286567688e-01,-1.546604931354522705e-01,-3.083115220069885254e-01,4.752652943134307861e-01,2.731514871120452881e-01,3.086256086826324463e-01,-4.083082079887390137e-03,1.086071133613586426e-01,5.945340991020202637e-01,-4.280579388141632080e-01,1.911339312791824341e-01,1.170500278472900391e+00,-6.604339182376861572e-02,2.487631887197494507e-01,1.454560756683349609e+00,-7.760309576988220215e-01,1.007673382759094238e+00
1.784682750701904297e+00,5.645838379859924316e-02,3.409966528415679932e-01,-1.396440248936414719e-02,-4.247528314590454102e-02,-8.933006525039672852e-01,-4.472301602363586426e-01,7.200890034437179565e-02,1.302478611469268799e-01,-2.318396717309951782e-01,-6.076702594757080078e+00,1.001898273825645447e-01,-1.753974556922912598e-01,-2.588871121406555176e-01,5.029432773590087891e-01,1.591840684413909912e-01,2.804076969623565674e-01,7.482121884822845459e-02,1.430791169404983521e-01,6.790187954902648926e-01,-4.639997482299804688e-01,1.153415441513061523e-01,1.261774420738220215e+00,-3.648290783166885376e-02,2.793985009193420410e-01,1.396975398063659668e+00,-7.355837821960449219e-01,9.141620993614196777e-01
1.796839952468872070e+00,7.416889816522598267e-02,3.470736443996429443e-01,2.205590717494487762e-02,-3.399211913347244263e-02,-9.100225567817687988e-01,-4.125737249851226807e-01,-2.251510135829448700e-02,9.072399139404296875e-02,-2.380389869213104248e-01,-6.159206390380859375e+00,-2.900415286421775818e-02,-7.493054121732711792e-02,-1.608673632144927979e-01,5.040847063064575195e-01,6.553077697753906250e-02,2.530230283737182617e-01,4.773510992527008057e-02,1.390341520309448242e-01,7.407982349395751953e-01,-4.742570519447326660e-01,5.943530052900314331e-02,1.351649999618530273e+00,-1.180962920188903809e-01,2.613849341869354248e-01,1.449773430824279785e+00,-6.840997934341430664e-01,6.822037100791931152e-01
1.809610486030578613e+00,8.402833342552185059e-02,3.492071926593780518e-01,1.187882497906684875e-01,-1.871961168944835663e-02,-9.110324978828430176e-01,-3.944093585014343262e-01,-1.258417814970016479e-01,-1.280805021524429321e-01,-2.859091460704803467e-01,-6.280431747436523438e+00,-4.064666926860809326e-01,2.327797561883926392e-01,-2.638054452836513519e-02,3.488724231719970703e-01,3.189261257648468018e-02,2.411504536867141724e-01,-9.445191174745559692e-02,6.796661019325256348e-02,7.843707799911499023e-01,-5.070381164550781250e-01,5.459764506667852402e-03,1.434678912162780762e+00,-1.488226652145385742e-01,2.954710721969604492e-01,1.454614400863647461e+00,-6.354563236236572266e-01,5.539509057998657227e-01
1.824928879737854004e+00,8.904305100440979004e-02,3.374476134777069092e-01,1.830347776412963867e-01,7.031526416540145874e-03,-9.048557877540588379e-01,-3.842979073524475098e-01,-1.929448843002319336e-01,-3.660276830196380615e-01,-3.404257297515869141e-01,-6.279914379119873047e+00,-6.885100007057189941e-01,4.382015764713287354e-01,1.144837364554405212e-01,2.044725716114044189e-01,2.472236566245555878e-02,2.631189227104187012e-01,-2.550515234470367432e-01,-5.948830395936965942e-02,8.417738676071166992e-01,-6.012645363807678223e-01,-8.226740360260009766e-02,1.529296755790710449e+00,-1.486721187829971313e-01,2.879927456378936768e-01,1.498314261436462402e+00,-5.782985687255859375e-01,7.077220082283020020e-01
1.846240282058715820e+00,1.019180342555046082e-01,3.173624575138092041e-01,1.600171923637390137e-01,7.856221497058868408e-02,-9.139814376831054688e-01,-3.645001649856567383e-01,-7.539822161197662354e-02,-3.578914105892181396e-01,-3.788716495037078857e-01,-6.215377807617187500e+00,-6.776335239410400391e-01,3.307958245277404785e-01,2.904287278652191162e-01,2.587930560111999512e-01,-2.573810145258903503e-02,2.740274369716644287e-01,-3.974558711051940918e-01,-2.171732634305953979e-01,9.034226536750793457e-01,-6.935885548591613770e-01,-1.688301414251327515e-01,1.610041499137878418e+00,-1.187856197357177734e-01,2.330607622861862183e-01,1.601372003555297852e+00,-5.674366354942321777e-01,1.057271718978881836e+00
1.866451144218444824e+00,1.254250109195709229e-01,2.991496324539184570e-01,8.700156956911087036e-02,1.558400392532348633e-01,-9.251534342765808105e-01,-3.350160121917724609e-01,1.443580090999603271e-01,-1.682560294866561890e-01,-3.458157479763031006e-01,-6.143631458282470703e+00,-4.927809834480285645e-01,1.871264539659023285e-02,4.773033559322357178e-01,4.224312603473663330e-01,-1.800475716590881348e-01,2.294043749570846558e-01,-4.553912281990051270e-01,-3.488462865352630615e-01,9.405763745307922363e-01,-7.848517298698425293e-01,-2.831294536590576172e-01,1.687557101249694824e+00,-6.983124464750289917e-02,1.040524989366531372e-01,1.719128727912902832e+00,-6.182626485824584961e-01,1.444660902023315430e+00
1.885542273521423340e+00,1.450477391481399536e-01,2.829250991344451904e-01,3.818609565496444702e-02,1.741930097341537476e-01,-9.320426583290100098e-01,-3.154284060001373291e-01,2.616870403289794922e-01,-5.911167711019515991e-02,-3.013956248760223389e-01,-6.113842964172363281e+00,-3.218454122543334961e-01,-1.363735049962997437e-01,5.633276700973510742e-01,4.822657704353332520e-01,-2.977905571460723877e-01,1.574855446815490723e-01,-4.671058654785156250e-01,-4.087500870227813721e-01,9.496912956237792969e-01,-8.909995555877685547e-01,-4.030767977237701416e-01,1.781242489814758301e+00,-2.829194627702236176e-02,3.316044807434082031e-02,1.807522773742675781e+00,-6.743051409721374512e-01,1.828905820846557617e+00
1.904755592346191406e+00,1.598598062992095947e-01,2.729145288467407227e-01,2.170754969120025635e-02,1.429293751716613770e-01,-9.430128931999206543e-01,-2.997110188007354736e-01,2.633212804794311523e-01,-6.076162680983543396e-02,-3.089867830276489258e-01,-6.103459835052490234e+00,-2.441477328538894653e-01,-1.102584600448608398e-01,5.571320652961730957e-01,4.509921967983245850e-01,-3.343839347362518311e-01,7.985632121562957764e-02,-4.246800243854522705e-01,-3.873383402824401855e-01,8.939091563224792480e-01,-9.388912916183471680e-01,-4.868845641613006592e-01,1.840622663497924805e+00,1.001227349042892456e-01,1.002465412020683289e-01,1.757331371307373047e+00,-6.986823678016662598e-01,2.147229433059692383e+00
1.920063018798828125e+00,1.726117283105850220e-01,2.707379162311553955e-01,4.131912440061569214e-02,1.069368198513984680e-01,-9.539870023727416992e-01,-2.770669162273406982e-01,2.244800925254821777e-01,-1.231575533747673035e-01,-3.871763348579406738e-01,-6.115320205688476562e+00,-2.837440669536590576e-01,-4.044607281684875488e-02,5.416255593299865723e-01,3.842880427837371826e-01,-2.994275689125061035e-01,7.012962363660335541e-03,-2.512510120868682861e-01,-3.007863461971282959e-01,7.467776536941528320e-01,-9.039067029953002930e-01,-5.340452194213867188e-01,1.875187158584594727e+00,3.488609492778778076e-01,2.646767795085906982e-01,1.578910231590270996e+00,-6.962344646453857422e-01,2.393371582031250000e+00
1.931185007095336914e+00,1.813991069793701172e-01,2.726573050022125244e-01,5.096856132149696350e-02,8.959549665451049805e-02,-9.578806757926940918e-01,-2.680289447307586670e-01,2.184415906667709351e-01,-1.782403290271759033e-01,-4.382422268390655518e-01,-6.136958122253417969e+00,-3.459498286247253418e-01,1.803824119269847870e-02,4.916508495807647705e-01,4.074369072914123535e-01,-1.897057741880416870e-01,-5.582429096102714539e-02,2.711015520617365837e-03,-2.685583531856536865e-01,5.542792081832885742e-01,-7.734094262123107910e-01,-5.091935396194458008e-01,1.890878319740295410e+00,5.586658716201782227e-01,3.934407830238342285e-01,1.404063940048217773e+00,-6.773741841316223145e-01,2.481990337371826172e+00
1.937569975852966309e+00,1.881311684846878052e-01,2.771187722682952881e-01,3.144370764493942261e-02,9.160882234573364258e-02,-9.600095748901367188e-01,-2.626799046993255615e-01,2.517813444137573242e-01,-1.686990261077880859e-01,-4.598778188228607178e-01,-6.152152538299560547e+00,-3.345734179019927979e-01,4.098902642726898193e-02,4.025939404964447021e-01,5.216768980026245117e-01,-7.536074519157409668e-02,-9.848080575466156006e-02,2.589644491672515869e-01,-3.897321224212646484e-01,4.322281181812286377e-01,-5.770769119262695312e-01,-4.379445016384124756e-01,1.874322175979614258e+00,6.689449548721313477e-01,4.532524049282073975e-01,1.289341330528259277e+00,-6.409216523170471191e-01,2.444801807403564453e+00
1.942585587501525879e+00,1.908361762762069702e-01,2.800447046756744385e-01,-1.942866854369640350e-02,1.010381653904914856e-01,-9.639225602149963379e-01,-2.454936355352401733e-01,2.884686291217803955e-01,-1.199768558144569397e-01,-4.635137915611267090e-01,-6.130955219268798828e+00,-2.601692080497741699e-01,4.428109154105186462e-02,2.588676214218139648e-01,6.808986067771911621e-01,3.239240124821662903e-02,-1.037565246224403381e-01,5.034428834915161133e-01,-5.508225560188293457e-01,4.961130321025848389e-01,-3.013461530208587646e-01,-2.924413084983825684e-01,1.805196762084960938e+00,6.815183162689208984e-01,4.752983152866363525e-01,1.180935025215148926e+00,-5.724378228187561035e-01,2.381470441818237305e+00
1.946647882461547852e+00,1.938158422708511353e-01,2.832634449005126953e-01,-7.737787067890167236e-02,9.306870400905609131e-02,-9.695333838462829590e-01,-2.129693329334259033e-01,2.809941470623016357e-01,-4.121710360050201416e-02,-4.323305487632751465e-01,-6.054738998413085938e+00,-1.463356912136077881e-01,3.879756852984428406e-02,1.172888502478599548e-01,8.063440322875976562e-01,9.556329995393753052e-02,-1.173480153083801270e-01,6.985443830490112305e-01,-5.949177145957946777e-01,6.976619958877563477e-01,-3.832393884658813477e-02,-1.264992058277130127e-01,1.637222290039062500e+00,6.851221323013305664e-01,4.865138530731201172e-01,1.084197640419006348e+00,-4.883079230785369873e-01,2.331448078155517578e+00
1.952025532722473145e+00,1.960465162992477417e-01,2.846405804157257080e-01,-1.171976774930953979e-01,7.775186002254486084e-02,-9.738503694534301758e-01,-1.784231215715408325e-01,2.555709779262542725e-01,3.849652037024497986e-02,-3.700209856033325195e-01,-5.975926876068115234e+00,-6.068602576851844788e-02,2.480154484510421753e-02,7.438456173986196518e-03,8.730960488319396973e-01,1.358383744955062866e-01,-1.666020452976226807e-01,8.011240959167480469e-01,-5.007293224334716797e-01,9.342500567436218262e-01,1.517457664012908936e-01,-2.614504657685756683e-02,1.472383379936218262e+00,7.027489542961120605e-01,5.253842473030090332e-01,9.533820152282714844e-01,-4.401364326477050781e-01,2.288850545883178711e+00
1.956958770751953125e+00,1.975141316652297974e-01,2.843408584594726562e-01,-1.351074129343032837e-01,6.451889872550964355e-02,-9.770501852035522461e-01,-1.515132039785385132e-01,2.330091297626495361e-01,1.109846681356430054e-01,-3.350741565227508545e-01,-5.926679134368896484e+00,-1.780075766146183014e-02,9.280825965106487274e-03,-7.237993925809860229e-02,8.899679780006408691e-01,1.779267191886901855e-01,-2.320351749658584595e-01,8.132787942886352539e-01,-3.612423241138458252e-01,1.112670540809631348e+00,2.499616295099258423e-01,6.431649904698133469e-03,1.365487456321716309e+00,7.039529681205749512e-01,5.661546587944030762e-01,8.334453701972961426e-01,-4.282614886760711670e-01,2.241208076477050781e+00
1.960319280624389648e+00,1.972679644823074341e-01,2.823606133460998535e-01,-1.467735171318054199e-01,6.015638262033462524e-02,-9.781638383865356445e-01,-1.342917382717132568e-01,2.236687988042831421e-01,1.540378183126449585e-01,-3.551461100578308105e-01,-5.901521205902099609e+00,5.281087011098861694e-03,1.791265443898737431e-03,-1.200117096304893494e-01,8.927246928215026855e-01,2.160923331975936890e-01,-2.815586030483245850e-01,7.337284684181213379e-01,-1.923990249633789062e-01,1.153321743011474609e+00,2.919012308120727539e-01,6.322552450001239777e-03,1.300167679786682129e+00,6.863426566123962402e-01,5.719023942947387695e-01,7.503009438514709473e-01,-4.268632233142852783e-01,2.204014539718627930e+00
1.963471293449401855e+00,1.952107846736907959e-01,2.806855142116546631e-01,-1.551982462406158447e-01,5.875601992011070251e-02,-9.779800176620483398e-01,-1.265557855367660522e-01,2.142671346664428711e-01,1.748329997062683105e-01,-3.831706345081329346e-01,-5.887925624847412109e+00,1.208155602216720581e-02,7.546438137069344521e-04,-1.513337194919586182e-01,8.822832703590393066e-01,2.479747384786605835e-01,-2.990038692951202393e-01,5.828533172607421875e-01,-1.151117123663425446e-02,1.095452308654785156e+00,3.025709092617034912e-01,2.062256680801510811e-03,1.251592636108398438e+00,6.508968472480773926e-01,5.479994416236877441e-01,7.130231261253356934e-01,-4.280174374580383301e-01,2.178481578826904297e+00
1.966916441917419434e+00,1.918769925832748413e-01,2.791717350482940674e-01,-1.614770591259002686e-01,5.876743048429489136e-02,-9.772496223449707031e-01,-1.243169680237770081e-01,2.037084847688674927e-01,1.775351613759994507e-01,-3.836238980293273926e-01,-5.878427028656005859e+00,5.226680077612400055e-03,1.258340943604707718e-02,-1.706804335117340088e-01,8.563266396522521973e-01,2.728157937526702881e-01,-2.736799716949462891e-01,4.352503716945648193e-01,2.317285090684890747e-01,1.010255098342895508e+00,2.895848155021667480e-01,9.083601646125316620e-03,1.206043481826782227e+00,5.792821645736694336e-01,5.096931457519531250e-01,7.323015332221984863e-01,-4.343037605285644531e-01,2.153011798858642578e+00
1.969395518302917480e+00,1.876044124364852905e-01,2.780038714408874512e-01,-1.696269065141677856e-01,5.843092128634452820e-02,-9.766784310340881348e-01,-1.179479807615280151e-01,1.875954717397689819e-01,1.792476773262023926e-01,-3.698317408561706543e-01,-5.857774257659912109e+00,5.478813312947750092e-03,3.198963403701782227e-02,-1.977113038301467896e-01,8.360947966575622559e-01,3.021400570869445801e-01,-2.584112584590911865e-01,3.502994477748870850e-01,4.878267049789428711e-01,9.164639711380004883e-01,2.737425267696380615e-01,2.455857209861278534e-02,1.165536642074584961e+00,4.579556286334991455e-01,4.866078794002532959e-01,8.114886879920959473e-01,-4.423108100891113281e-01,2.056045293807983398e+00
1.969583868980407715e+00,1.833543777465820312e-01,2.785713374614715576e-01,-1.740506589412689209e-01,5.787415057420730591e-02,-9.767972230911254883e-01,-1.105627641081809998e-01,1.704645454883575439e-01,1.842654198408126831e-01,-3.607094287872314453e-01,-5.838875770568847656e+00,1.340453233569860458e-02,3.886685520410537720e-02,-2.138632833957672119e-01,8.208269476890563965e-01,3.210177123546600342e-01,-2.291288822889328003e-01,2.994215190410614014e-01,6.194238662719726562e-01,8.077272176742553711e-01,2.539329826831817627e-01,2.969585917890071869e-02,1.140076994895935059e+00,3.408960998058319092e-01,4.672805368900299072e-01,9.074905514717102051e-01,-4.515132904052734375e-01,1.948709011077880859e+00
1.967010378837585449e+00,1.795240193605422974e-01,2.835405170917510986e-01,-1.522290259599685669e-01,5.326084792613983154e-02,-9.796296954154968262e-01,-1.196465417742729187e-01,1.452291607856750488e-01,1.921866238117218018e-01,-3.804951608180999756e-01,-5.861956596374511719e+00,-3.642552997916936874e-03,2.958595938980579376e-02,-2.745291590690612793e-01,7.463181018829345703e-01,3.822882771492004395e-01,-1.713857203722000122e-01,2.445140630006790161e-01,6.208303570747375488e-01,6.680986285209655762e-01,2.261849641799926758e-01,6.196863949298858643e-02,1.100357532501220703e+00,2.864240407943725586e-01,4.118103086948394775e-01,9.993293285369873047e-01,-4.855079054832458496e-01,1.876724600791931152e+00
1.967395544052124023e+00,1.757103800773620605e-01,2.850508391857147217e-01,-1.429993063211441040e-01,5.082990601658821106e-02,-9.819253683090209961e-01,-1.130934730172157288e-01,1.234051659703254700e-01,1.733410209417343140e-01,-3.921328783035278320e-01,-5.860739707946777344e+00,-2.489036694169044495e-02,2.852668613195419312e-02,-2.854639589786529541e-01,7.046936750411987305e-01,3.778014779090881348e-01,-9.607664495706558228e-02,2.524267137050628662e-01,5.160305500030517578e-01,5.894978642463684082e-01,1.918379068374633789e-01,8.814802020788192749e-02,1.100518703460693359e+00,1.968450397253036499e-01,3.709306418895721436e-01,1.110249042510986328e+00,-4.814224839210510254e-01,1.817208528518676758e+00
1.967041611671447754e+00,1.730183809995651245e-01,2.868432998657226562e-01,-1.507354527711868286e-01,5.038135871291160583e-02,-9.824668169021606445e-01,-9.746550768613815308e-02,1.127466782927513123e-01,1.901571452617645264e-01,-4.097450375556945801e-01,-5.840225219726562500e+00,-9.704514406621456146e-03,3.348702937364578247e-02,-2.784583568572998047e-01,7.104594707489013672e-01,3.406256139278411865e-01,-9.315531700849533081e-03,2.465900182723999023e-01,3.412931263446807861e-01,6.001711487770080566e-01,1.575766503810882568e-01,1.061795502901077271e-01,1.106116414070129395e+00,1.228796318173408508e-01,3.218569159507751465e-01,1.225899100303649902e+00,-4.686921536922454834e-01,1.746557950973510742e+00
1.965901136398315430e+00,1.711173504590988159e-01,2.885878086090087891e-01,-1.643019914627075195e-01,5.336354300379753113e-02,-9.819114208221435547e-01,-7.750595360994338989e-02,1.149348318576812744e-01,2.251161038875579834e-01,-4.335943460464477539e-01,-5.818706512451171875e+00,1.935380138456821442e-02,5.599333718419075012e-02,-2.568766474723815918e-01,7.414461970329284668e-01,2.820249497890472412e-01,7.330137491226196289e-02,1.768448054790496826e-01,1.968402564525604248e-01,7.142643928527832031e-01,1.402323544025421143e-01,1.222854852676391602e-01,1.093897104263305664e+00,5.040506646037101746e-02,2.896426022052764893e-01,1.333800554275512695e+00,-4.711569547653198242e-01,1.658904552459716797e+00
1.963157653808593750e+00,1.688666492700576782e-01,2.902866899967193604e-01,-1.822344362735748291e-01,6.095463037490844727e-02,-9.798238873481750488e-01,-5.495690926909446716e-02,1.306597888469696045e-01,2.765227258205413818e-01,-4.612173438072204590e-01,-5.797420501708984375e+00,6.058394908905029297e-02,9.065083414316177368e-02,-2.221008241176605225e-01,7.930363416671752930e-01,2.062127739191055298e-01,1.181736737489700317e-01,5.481064319610595703e-03,1.349770724773406982e-01,7.890627384185791016e-01,1.239093169569969177e-01,1.414902210235595703e-01,1.083677649497985840e+00,-4.461944475769996643e-02,2.897049486637115479e-01,1.416873097419738770e+00,-4.844988286495208740e-01,1.556922554969787598e+00
1.959122538566589355e+00,1.665464788675308228e-01,2.921335399150848389e-01,-1.960169970989227295e-01,7.340968400239944458e-02,-9.772666096687316895e-01,-3.373972326517105103e-02,1.585651934146881104e-01,3.270272910594940186e-01,-4.910066723823547363e-01,-5.793926715850830078e+00,9.481955319643020630e-02,1.170680522918701172e-01,-1.700300276279449463e-01,8.469357490539550781e-01,1.045704185962677002e-01,1.505426168441772461e-01,-2.206260859966278076e-01,1.427276879549026489e-01,7.675905227661132812e-01,1.133855283260345459e-01,1.809254586696624756e-01,1.081665873527526855e+00,-1.283539235591888428e-01,2.749735713005065918e-01,1.457048296928405762e+00,-4.916637837886810303e-01,1.558270454406738281e+00
1.956408977508544922e+00,1.645700335502624512e-01,2.940286397933959961e-01,-1.977949440479278564e-01,8.690787851810455322e-02,-9.762271642684936523e-01,-1.745560392737388611e-02,1.849820017814636230e-01,3.507223725318908691e-01,-5.218744277954101562e-01,-5.816894054412841797e+00,9.325049072504043579e-02,1.308192759752273560e-01,-1.273746490478515625e-01,8.745804429054260254e-01,3.412561491131782532e-02,1.820409744977951050e-01,-3.316168785095214844e-01,1.521169245243072510e-01,7.605279684066772461e-01,1.155553013086318970e-01,2.044659256935119629e-01,1.081990718841552734e+00,-1.949886828660964966e-01,2.617603242397308350e-01,1.438154816627502441e+00,-4.853661954402923584e-01,1.576238632202148438e+00
1.955065250396728516e+00,1.630698591470718384e-01,2.954852283000946045e-01,-1.903698891401290894e-01,9.779476374387741089e-02,-9.767919778823852539e-01,-8.539704605937004089e-03,2.008562386035919189e-01,3.468242287635803223e-01,-5.480945706367492676e-01,-5.846571445465087891e+00,6.609205901622772217e-02,1.313060373067855835e-01,-9.752643108367919922e-02,8.734177947044372559e-01,-5.272331181913614273e-03,1.920760273933410645e-01,-3.423667550086975098e-01,1.434065401554107666e-01,8.004666566848754883e-01,1.350368708372116089e-01,1.944937855005264282e-01,1.061781525611877441e+00,-2.374695986509323120e-01,2.325522452592849731e-01,1.354555368423461914e+00,-4.722300171852111816e-01,1.676983714103698730e+00
1.957020521163940430e+00,1.620283722877502441e-01,2.964451611042022705e-01,-1.751051247119903564e-01,1.108583584427833557e-01,-9.782714247703552246e-01,-5.797278601676225662e-03,2.163488417863845825e-01,3.114847838878631592e-01,-5.634393692016601562e-01,-5.894094467163085938e+00,1.061674393713474274e-02,1.368103325366973877e-01,-6.571932882070541382e-02,8.464901447296142578e-01,-2.772510983049869537e-02,1.689985841512680054e-01,-3.336828052997589111e-01,1.066221296787261963e-01,8.284965753555297852e-01,1.669224947690963745e-01,1.657077223062515259e-01,1.020633697509765625e+00,-2.334086149930953979e-01,1.863064169883728027e-01,1.246773123741149902e+00,-4.606237411499023438e-01,1.775986552238464355e+00
1.961786866188049316e+00,1.602872908115386963e-01,2.978709340095520020e-01,-1.614954024553298950e-01,1.280505806207656860e-01,-9.785122275352478027e-01,-6.008227355778217316e-03,2.369522005319595337e-01,2.687749266624450684e-01,-5.749183893203735352e-01,-5.950086116790771484e+00,-6.132923811674118042e-02,1.786656528711318970e-01,-2.409629896283149719e-02,8.058382868766784668e-01,-5.451940745115280151e-02,1.104154214262962341e-01,-3.374118804931640625e-01,2.420301735401153564e-02,8.335117101669311523e-01,1.954686492681503296e-01,1.445703506469726562e-01,9.600145220756530762e-01,-2.409408837556838989e-01,1.064078435301780701e-01,1.201774477958679199e+00,-4.513066411018371582e-01,1.721435427665710449e+00
1.967220425605773926e+00,1.600831151008605957e-01,2.986612319946289062e-01,-1.483926177024841309e-01,1.430474519729614258e-01,-9.784598350524902344e-01,-1.154976710677146912e-02,2.558389902114868164e-01,2.246212512254714966e-01,-5.801432132720947266e-01,-6.002967834472656250e+00,-1.559599190950393677e-01,2.802193462848663330e-01,2.589061670005321503e-02,7.419307231903076172e-01,-4.840302839875221252e-02,5.002737790346145630e-02,-2.881864011287689209e-01,-1.184862405061721802e-01,7.735550999641418457e-01,2.116254866123199463e-01,9.375125169754028320e-02,8.842079639434814453e-01,-2.764587998390197754e-01,3.857559710741043091e-02,1.247939467430114746e+00,-4.410044550895690918e-01,1.695835947990417480e+00
1.974407553672790527e+00,1.609124094247817993e-01,2.964064180850982666e-01,-1.750662922859191895e-01,1.433896869421005249e-01,-9.740254878997802734e-01,-8.098596706986427307e-03,2.710695564746856689e-01,2.087177187204360962e-01,-5.575201511383056641e-01,-5.981137275695800781e+00,-1.623181998729705811e-01,3.917587995529174805e-01,5.637640878558158875e-02,7.356595993041992188e-01,-1.453142426908016205e-02,4.437407106161117554e-02,-1.262266486883163452e-01,-3.360145390033721924e-01,6.662512421607971191e-01,2.279650270938873291e-01,5.359922535717487335e-03,8.239036798477172852e-01,-3.340493440628051758e-01,-1.736411266028881073e-02,1.294542312622070312e+00,-3.610474169254302979e-01,1.621045708656311035e+00
1.981337308883666992e+00,1.614991128444671631e-01,2.950771749019622803e-01,-2.004553377628326416e-01,1.369931697845458984e-01,-9.700554013252258301e-01,-6.557920482009649277e-03,2.699102759361267090e-01,2.308320701122283936e-01,-5.420634150505065918e-01,-5.956948757171630859e+00,-1.350235641002655029e-01,5.343580245971679688e-01,6.643372029066085815e-02,7.233753204345703125e-01,1.208557002246379852e-02,6.415820121765136719e-02,3.150771930813789368e-02,-4.670906960964202881e-01,6.312881112098693848e-01,2.100501507520675659e-01,-5.186868831515312195e-02,7.562345862388610840e-01,-2.732764482498168945e-01,-9.866569936275482178e-02,1.243567228317260742e+00,-3.255595862865447998e-01,1.468282103538513184e+00
1.986084222793579102e+00,1.621222347021102905e-01,2.931137382984161377e-01,-2.379751205444335938e-01,1.289470642805099487e-01,-9.626705646514892578e-01,-2.419144148007035255e-03,2.744143903255462646e-01,2.908938229084014893e-01,-5.309796929359436035e-01,-5.916067123413085938e+00,-7.515926845371723175e-03,5.433683991432189941e-01,5.770028755068778992e-02,7.428396344184875488e-01,-1.556588802486658096e-02,6.961162388324737549e-02,1.331492811441421509e-01,-4.962650239467620850e-01,6.904158592224121094e-01,1.624845862388610840e-01,-3.489740192890167236e-02,7.373099923133850098e-01,-1.924828439950942993e-01,-2.450080960988998413e-01,1.056241393089294434e+00,-2.865554392337799072e-01,1.145853519439697266e+00
1.987618923187255859e+00,1.620922833681106567e-01,2.913978099822998047e-01,-2.613505125045776367e-01,1.258158832788467407e-01,-9.569914937019348145e-01,-5.792181007564067841e-03,2.862189114093780518e-01,3.335415422916412354e-01,-5.115794539451599121e-01,-5.888345718383789062e+00,1.333046257495880127e-01,4.828667342662811279e-01,6.793359667062759399e-02,7.490090727806091309e-01,-7.876982539892196655e-02,4.855170100927352905e-02,1.761720627546310425e-01,-4.506229758262634277e-01,7.771154642105102539e-01,4.320438206195831299e-02,4.458511993288993835e-02,7.952916622161865234e-01,-2.246668040752410889e-01,-3.284085988998413086e-01,9.469540119171142578e-01,-2.593941986560821533e-01,1.010632753372192383e+00
1.987827658653259277e+00,1.638907194137573242e-01,2.911768257617950439e-01,-2.628823220729827881e-01,1.252631396055221558e-01,-9.565730094909667969e-01,-1.304092444479465485e-02,2.939255237579345703e-01,3.321783542633056641e-01,-4.893843531608581543e-01,-5.901083946228027344e+00,1.822223961353302002e-01,4.661674499511718750e-01,9.244176000356674194e-02,7.219238877296447754e-01,-1.131559163331985474e-01,1.641522906720638275e-02,1.854657679796218872e-01,-4.120677113533020020e-01,8.259892463684082031e-01,-1.588921844959259033e-01,1.486018300056457520e-01,8.803874850273132324e-01,-3.334341347217559814e-01,-2.963285148143768311e-01,9.578182101249694824e-01,-2.638684511184692383e-01,1.105990290641784668e+00
1.987408161163330078e+00,1.685593873262405396e-01,2.918278574943542480e-01,-2.562431991100311279e-01,1.213967427611351013e-01,-9.587838053703308105e-01,-1.832648180425167084e-02,2.935193181037902832e-01,3.093444406986236572e-01,-4.668249785900115967e-01,-5.923988819122314453e+00,1.452607959508895874e-01,5.075393915176391602e-01,1.290937066078186035e-01,6.941067576408386230e-01,-1.095873489975929260e-01,-1.238172501325607300e-02,2.035380452871322632e-01,-4.111480116844177246e-01,8.209725618362426758e-01,-3.374417722225189209e-01,1.967049092054367065e-01,8.313227295875549316e-01,-4.542737603187561035e-01,-1.670324057340621948e-01,1.048520207405090332e+00,-3.383364379405975342e-01,1.387164354324340820e+00
1.988162398338317871e+00,1.724980026483535767e-01,2.930145859718322754e-01,-2.496646195650100708e-01,1.137152090668678284e-01,-9.614449143409729004e-01,-1.897535286843776703e-02,2.846662104129791260e-01,2.883080244064331055e-01,-4.578582048416137695e-01,-5.945580005645751953e+00,1.108079180121421814e-01,5.294123291969299316e-01,1.489614397287368774e-01,6.929474472999572754e-01,-1.359563916921615601e-01,-6.270247697830200195e-02,2.183434516191482544e-01,-4.070976972579956055e-01,7.973988056182861328e-01,-3.281842470169067383e-01,2.038173973560333252e-01,6.633192896842956543e-01,-4.899695217609405518e-01,-1.472340431064367294e-03,1.146599769592285156e+00,-4.912787675857543945e-01,1.568424820899963379e+00
1.987729668617248535e+00,1.760631352663040161e-01,2.986984848976135254e-01,-2.321169823408126831e-01,1.009110137820243835e-01,-9.673042893409729004e-01,-1.615840382874011993e-02,2.550052702426910400e-01,2.909420430660247803e-01,-4.715259075164794922e-01,-5.978433132171630859e+00,7.371105253696441650e-02,5.941011309623718262e-01,1.404777616262435913e-01,6.795266866683959961e-01,-1.823135912418365479e-01,-1.034986227750778198e-01,1.997734159231185913e-01,-4.104954302310943604e-01,7.849693894386291504e-01,-2.540746331214904785e-01,2.207365930080413818e-01,5.601725578308105469e-01,-3.499895930290222168e-01,1.813226044178009033e-01,1.132587790489196777e+00,-5.384626388549804688e-01,1.596508860588073730e+00
1.988085150718688965e+00,1.801469027996063232e-01,3.031009435653686523e-01,-2.358573377132415771e-01,8.932831883430480957e-02,-9.676371216773986816e-01,-8.378536440432071686e-03,2.457170486450195312e-01,2.950387895107269287e-01,-4.751042127609252930e-01,-5.978137493133544922e+00,7.362645119428634644e-02,6.514350771903991699e-01,1.597472280263900757e-01,6.852933764457702637e-01,-2.650493979454040527e-01,-1.086123362183570862e-01,2.267349958419799805e-01,-4.249401092529296875e-01,7.673436999320983887e-01,-1.823196560144424438e-01,2.066632062196731567e-01,4.482447504997253418e-01,-1.282818615436553955e-01,3.409700393676757812e-01,1.006938815116882324e+00,-5.310240983963012695e-01,1.463793039321899414e+00
1.986283779144287109e+00,1.833273917436599731e-01,3.057578504085540771e-01,-2.472671121358871460e-01,8.574113249778747559e-02,-9.651286602020263672e-01,-5.840390454977750778e-03,2.621985971927642822e-01,3.207449913024902344e-01,-4.804602265357971191e-01,-5.968103408813476562e+00,1.047604531049728394e-01,6.614469885826110840e-01,2.135830074548721313e-01,6.941535472869873047e-01,-3.681761622428894043e-01,-8.211857825517654419e-02,3.032231330871582031e-01,-4.261430799961090088e-01,7.854529023170471191e-01,-1.650907248258590698e-01,1.845052391290664673e-01,3.887644708156585693e-01,1.209141984581947327e-01,4.481781423091888428e-01,8.822098970413208008e-01,-4.997232258319854736e-01,1.278530716896057129e+00
1.982563734054565430e+00,1.867085695266723633e-01,3.068765401840209961e-01,-2.541368007659912109e-01,9.457159787416458130e-02,-9.623768925666809082e-01,-1.736071519553661346e-02,3.115082085132598877e-01,3.422414064407348633e-01,-4.756367504596710205e-01,-5.982828140258789062e+00,1.447209119796752930e-01,6.225388646125793457e-01,2.711644172668457031e-01,6.766355037689208984e-01,-4.374328851699829102e-01,-2.875351160764694214e-02,3.807801008224487305e-01,-3.643053174018859863e-01,8.692351579666137695e-01,-2.046403884887695312e-01,1.706093549728393555e-01,3.789431452751159668e-01,2.576427757740020752e-01,4.269611537456512451e-01,8.417988419532775879e-01,-4.178627133369445801e-01,9.772238731384277344e-01
1.975682973861694336e+00,1.923547536134719849e-01,3.082975745201110840e-01,-2.496564686298370361e-01,1.085560172796249390e-01,-9.615712761878967285e-01,-3.560786321759223938e-02,3.685602545738220215e-01,3.714006841182708740e-01,-4.772396087646484375e-01,-6.020079612731933594e+00,1.586349606513977051e-01,5.875248312950134277e-01,3.357902765274047852e-01,6.596112251281738281e-01,-4.793455004692077637e-01,2.106754854321479797e-02,4.351913928985595703e-01,-2.584782540798187256e-01,9.378167390823364258e-01,-2.348315268754959106e-01,1.620223075151443481e-01,4.114433228969573975e-01,2.748689949512481689e-01,2.914836406707763672e-01,8.763881921768188477e-01,-2.966768443584442139e-01,5.937554240226745605e-01
1.964143514633178711e+00,1.994752287864685059e-01,3.088555932044982910e-01,-2.316767722368240356e-01,1.264520734548568726e-01,-9.624543786048889160e-01,-6.338245421648025513e-02,4.394524693489074707e-01,3.848843276500701904e-01,-4.746575951576232910e-01,-6.070319175720214844e+00,1.720888018608093262e-01,5.149401426315307617e-01,3.820499777793884277e-01,6.306094527244567871e-01,-4.556063711643218994e-01,8.922374248504638672e-02,4.671680331230163574e-01,-1.374280005693435669e-01,9.701715707778930664e-01,-3.173616230487823486e-01,1.779976040124893188e-01,5.606933832168579102e-01,2.419419586658477783e-01,1.434033662080764771e-01,8.092880249023437500e-01,-8.447537571191787720e-02,2.043444216251373291e-01
1.950602412223815918e+00,2.054353505373001099e-01,3.110132217407226562e-01,-2.096155434846878052e-01,1.420953422784805298e-01,-9.630976319313049316e-01,-9.117654711008071899e-02,5.005992054939270020e-01,4.045844674110412598e-01,-4.820252954959869385e-01,-6.107007026672363281e+00,1.842865794897079468e-01,4.359605908393859863e-01,4.701201915740966797e-01,5.981387495994567871e-01,-4.267832338809967041e-01,1.612766534090042114e-01,4.839173257350921631e-01,-1.922919042408466339e-02,9.554667472839355469e-01,-4.426769018173217773e-01,1.481663286685943604e-01,9.340037703514099121e-01,3.281526267528533936e-01,1.535007357597351074e-01,5.992156267166137695e-01,2.569751441478729248e-01,5.052113533020019531e-02
1.945156693458557129e+00,2.055073380470275879e-01,3.105164468288421631e-01,-1.852636188268661499e-01,1.564770936965942383e-01,-9.635958671569824219e-01,-1.125846579670906067e-01,5.389425754547119141e-01,4.064998924732208252e-01,-5.079903602600097656e-01,-6.132744789123535156e+00,1.730368882417678833e-01,3.638185858726501465e-01,5.551087856292724609e-01,6.250737309455871582e-01,-3.999168574810028076e-01,2.019269913434982300e-01,5.081473588943481445e-01,1.124539896845817566e-01,9.323155283927917480e-01,-3.917199969291687012e-01,2.879905998706817627e-01,1.232432246208190918e+00,4.205526113510131836e-01,2.114867568016052246e-01,5.524602532386779785e-01,-3.311402797698974609e-01,-4.533399362117052078e-03
1.932416915893554688e+00,2.135893702507019043e-01,3.157051205635070801e-01,-1.519294828176498413e-01,1.596626937389373779e-01,-9.647861123085021973e-01,-1.435724049806594849e-01,5.597984790802001953e-01,4.105994105339050293e-01,-5.337145924568176270e-01,-6.151737213134765625e+00,1.630518138408660889e-01,2.834526896476745605e-01,5.512852668762207031e-01,6.287103295326232910e-01,-2.868562340736389160e-01,2.509220540523529053e-01,4.733398854732513428e-01,2.154726237058639526e-01,9.422454237937927246e-01,-2.381502538919448853e-01,3.395474255084991455e-01,1.186995148658752441e+00,3.380884528160095215e-01,2.162543982267379761e-01,6.574258208274841309e-01,-2.574753463268280029e-01,-1.416845917701721191e-01
1.921029090881347656e+00,2.146111726760864258e-01,3.157862126827239990e-01,-1.234105676412582397e-01,1.676832288503646851e-01,-9.642803072929382324e-01,-1.637547612190246582e-01,5.749092698097229004e-01,4.196040630340576172e-01,-5.640934705734252930e-01,-6.159668922424316406e+00,1.744814515113830566e-01,1.895711123943328857e-01,5.073020458221435547e-01,6.684523224830627441e-01,-2.055812627077102661e-01,2.721022665500640869e-01,3.484410345554351807e-01,3.009815812110900879e-01,9.149247407913208008e-01,5.236766859889030457e-02,4.135650098323822021e-01,1.213497400283813477e+00,2.539376318454742432e-01,1.232782676815986633e-01,8.119202852249145508e-01,-1.904285699129104614e-01,-2.218397855758666992e-01
1.907935142517089844e+00,2.178533673286437988e-01,3.169497847557067871e-01,-1.192241311073303223e-01,1.746673136949539185e-01,-9.625418186187744141e-01,-1.696766465902328491e-01,5.963221788406372070e-01,4.575625956058502197e-01,-5.682826638221740723e-01,-6.150281429290771484e+00,2.227387428283691406e-01,1.284826844930648804e-01,3.687275350093841553e-01,7.293616533279418945e-01,-5.019915476441383362e-02,2.707095146179199219e-01,2.072529345750808716e-01,3.219925165176391602e-01,9.258866906166076660e-01,2.537294626235961914e-01,3.676408529281616211e-01,1.072158455848693848e+00,1.266546100378036499e-01,-9.561340324580669403e-03,9.660678505897521973e-01,-2.498325109481811523e-01,-2.279755324125289917e-01
1.895416855812072754e+00,2.187735140323638916e-01,3.169915080070495605e-01,-1.215144991874694824e-01,1.743067502975463867e-01,-9.640021920204162598e-01,-1.598474383354187012e-01,5.932628512382507324e-01,5.015315413475036621e-01,-5.712054371833801270e-01,-6.123497009277343750e+00,2.544423937797546387e-01,1.155829355120658875e-01,2.279681116342544556e-01,7.652717828750610352e-01,5.567735433578491211e-02,2.327396720647811890e-01,1.108362525701522827e-01,3.240402936935424805e-01,9.360939264297485352e-01,2.923208177089691162e-01,3.236050307750701904e-01,9.312913417816162109e-01,2.171883825212717056e-03,-1.266544759273529053e-01,1.085250496864318848e+00,-3.431011438369750977e-01,-2.432876229286193848e-01
1.889812350273132324e+00,2.173914909362792969e-01,3.159328401088714600e-01,-1.168724298477172852e-01,1.737683415412902832e-01,-9.662584662437438965e-01,-1.499666124582290649e-01,5.958456397056579590e-01,4.846144616603851318e-01,-5.533523559570312500e-01,-6.107079982757568359e+00,2.371455430984497070e-01,1.070040389895439148e-01,1.942864209413528442e-01,7.383273839950561523e-01,3.198659420013427734e-02,1.960669755935668945e-01,1.548271328210830688e-01,3.962239623069763184e-01,8.781428337097167969e-01,2.009029537439346313e-01,3.400916755199432373e-01,8.976408839225769043e-01,-3.703154623508453369e-02,-1.512825042009353638e-01,1.076973795890808105e+00,-3.439233899116516113e-01,-2.488230466842651367e-01
1.887085914611816406e+00,2.140223085880279541e-01,3.160523474216461182e-01,-1.091103404760360718e-01,1.825112253427505493e-01,-9.675337672233581543e-01,-1.366126984357833862e-01,6.005488634109497070e-01,4.685364365577697754e-01,-5.437940359115600586e-01,-6.128480434417724609e+00,1.774078160524368286e-01,1.474462449550628662e-01,1.323534995317459106e-01,7.207519412040710449e-01,5.676971375942230225e-02,1.337161362171173096e-01,2.815666198730468750e-01,4.487370848655700684e-01,7.197793126106262207e-01,2.431024610996246338e-01,4.179146289825439453e-01,8.842923045158386230e-01,-2.691321074962615967e-02,-1.521886736154556274e-01,1.018681883811950684e+00,-3.632363379001617432e-01,-2.497014254331588745e-01
1.886991262435913086e+00,2.109785974025726318e-01,3.164725005626678467e-01,-1.018196344375610352e-01,1.903955340385437012e-01,-9.684571623802185059e-01,-1.243907138705253601e-01,6.038070917129516602e-01,4.461787343025207520e-01,-5.347921252250671387e-01,-6.148538589477539062e+00,8.129224926233291626e-02,2.421027868986129761e-01,8.405646681785583496e-02,6.920871734619140625e-01,8.603830635547637939e-02,8.505176752805709839e-02,3.874504268169403076e-01,4.527701437473297119e-01,5.504868626594543457e-01,2.755905985832214355e-01,4.790689647197723389e-01,8.463439941406250000e-01,7.877498283050954342e-04,-1.190027594566345215e-01,9.437897205352783203e-01,-4.070644080638885498e-01,-2.468680888414382935e-01
1.888983607292175293e+00,2.090462148189544678e-01,3.160924613475799561e-01,-1.055356860160827637e-01,1.925046890974044800e-01,-9.683591723442077637e-01,-1.186787784099578857e-01,6.074655055999755859e-01,4.422286450862884521e-01,-5.240181088447570801e-01,-6.142426490783691406e+00,-3.144636284559965134e-03,3.242624700069427490e-01,6.995344161987304688e-02,6.687930822372436523e-01,8.489915728569030762e-02,6.150089204311370850e-02,3.622286617755889893e-01,4.731646478176116943e-01,4.095138013362884521e-01,2.775349318981170654e-01,4.927772879600524902e-01,7.900491952896118164e-01,2.837875112891197205e-02,-9.627509117126464844e-02,8.492821455001831055e-01,-4.267963767051696777e-01,-2.526001632213592529e-01
1.893423199653625488e+00,2.088810056447982788e-01,3.150043487548828125e-01,-1.221281066536903381e-01,1.879764944314956665e-01,-9.671497344970703125e-01,-1.198787838220596313e-01,6.108678579330444336e-01,4.596594870090484619e-01,-5.095418691635131836e-01,-6.132974624633789062e+00,-4.283469170331954956e-02,3.295982182025909424e-01,8.592386543750762939e-02,6.600380539894104004e-01,6.877643615007400513e-02,6.205132603645324707e-02,1.744489371776580811e-01,5.013050436973571777e-01,3.681828081607818604e-01,2.563703954219818115e-01,4.571222662925720215e-01,7.273928523063659668e-01,5.733469873666763306e-02,-5.871585384011268616e-02,7.486957907676696777e-01,-4.235619008541107178e-01,-2.569867968559265137e-01
1.898139834403991699e+00,2.116770595312118530e-01,3.137155175209045410e-01,-1.399298310279846191e-01,1.773177534341812134e-01,-9.667195677757263184e-01,-1.201307028532028198e-01,6.083486676216125488e-01,4.746844768524169922e-01,-4.911469817161560059e-01,-6.147262096405029297e+00,-4.935035854578018188e-02,2.508835196495056152e-01,1.199025213718414307e-01,6.483473181724548340e-01,3.837308660149574280e-02,6.402673572301864624e-02,-8.315861225128173828e-02,5.162966251373291016e-01,4.249078035354614258e-01,2.211847305297851562e-01,3.880605995655059814e-01,6.640237569808959961e-01,8.808741718530654907e-02,-3.426860552281141281e-03,6.419724822044372559e-01,-4.112859368324279785e-01,-2.594319581985473633e-01
1.901297092437744141e+00,2.153567373752593994e-01,3.129599094390869141e-01,-1.560839712619781494e-01,1.623594462871551514e-01,-9.678754210472106934e-01,-1.117782518267631531e-01,5.947401523590087891e-01,4.798079431056976318e-01,-4.725843667984008789e-01,-6.146176815032958984e+00,-3.346936032176017761e-02,1.464788168668746948e-01,1.543080657720565796e-01,6.363638043403625488e-01,-2.816495485603809357e-03,5.580018088221549988e-02,-2.887866497039794922e-01,4.857610166072845459e-01,5.492309331893920898e-01,1.827718615531921387e-01,3.030422031879425049e-01,6.227886080741882324e-01,1.355934739112854004e-01,6.713361293077468872e-02,5.260111689567565918e-01,-3.928266763687133789e-01,-2.283355444669723511e-01
1.903755903244018555e+00,2.175517678260803223e-01,3.125539720058441162e-01,-1.702886372804641724e-01,1.422914117574691772e-01,-9.705299139022827148e-01,-9.394995868206024170e-02,5.638276934623718262e-01,4.778963029384613037e-01,-4.605772197246551514e-01,-6.104801654815673828e+00,2.629374340176582336e-02,9.728034585714340210e-02,1.692606210708618164e-01,6.295452713966369629e-01,-4.332363978028297424e-02,2.615145966410636902e-02,-4.341727197170257568e-01,4.076666831970214844e-01,6.567416787147521973e-01,1.631929427385330200e-01,2.187881618738174438e-01,5.948924422264099121e-01,1.927713155746459961e-01,1.445747017860412598e-01,4.306724667549133301e-01,-3.802937865257263184e-01,-1.528189331293106079e-01
1.905558943748474121e+00,2.193065434694290161e-01,3.125611841678619385e-01,-1.823499798774719238e-01,1.185481101274490356e-01,-9.733577966690063477e-01,-7.259105890989303589e-02,5.241722464561462402e-01,4.740090072154998779e-01,-4.571799039840698242e-01,-6.056078910827636719e+00,8.579546958208084106e-02,9.831742197275161743e-02,1.586977839469909668e-01,6.302019953727722168e-01,-6.684018671512603760e-02,-2.101878263056278229e-02,-5.042921900749206543e-01,3.043063879013061523e-01,6.970507502555847168e-01,1.659561991691589355e-01,1.440842747688293457e-01,5.714285969734191895e-01,2.417305260896682739e-01,2.141414433717727661e-01,3.699177801609039307e-01,-3.727805018424987793e-01,-5.623452737927436829e-02
1.905126810073852539e+00,2.205989658832550049e-01,3.147587478160858154e-01,-1.917047202587127686e-01,9.511682391166687012e-02,-9.755585789680480957e-01,-4.987523332238197327e-02,4.724162817001342773e-01,4.967939853668212891e-01,-4.725545346736907959e-01,-6.013021945953369141e+00,1.198609918355941772e-01,1.628752648830413818e-01,1.356280297040939331e-01,6.582674980163574219e-01,-7.847782969474792480e-02,-9.315492212772369385e-02,-5.054371953010559082e-01,2.109569311141967773e-01,6.998028755187988281e-01,2.228431105613708496e-01,8.160378783941268921e-02,5.227267742156982422e-01,3.457104265689849854e-01,2.716251611709594727e-01,3.032814264297485352e-01,-3.638668060302734375e-01,5.793599039316177368e-02
