-1.965155533980578184e-04,3.796650096774101257e-03,3.109004199504852295e-01,1.361674219369888306e-01,-2.664198540151119232e-02,9.884480834007263184e-01,6.098386645317077637e-02,0.000000000000000000e+00,0.000000000000000000e+00,3.302908837795257568e-01,-4.519743844866752625e-02,3.243457674980163574e-01,-3.129994124174118042e-02,-2.580513991415500641e-02,-3.698351681232452393e-01,4.415423609316349030e-03,-9.774151258170604706e-03,6.328903883695602417e-02,2.273458987474441528e-01,-2.449037432670593262e-01,-8.595154434442520142e-02,7.179381698369979858e-02,5.365348979830741882e-02,8.468499034643173218e-02,2.416826635599136353e-01,-1.413639187812805176e-01,-3.541385829448699951e-01,2.313993638381361961e-03,-5.744502320885658264e-02,2.005450241267681122e-02,-2.999997735023498535e-01,6.383908540010452271e-02
-7.637519389390945435e-03,1.557695446535944939e-03,3.026643097400665283e-01,1.490597873926162720e-01,-1.112940255552530289e-02,9.861853718757629395e-01,7.138401269912719727e-02,0.000000000000000000e+00,0.000000000000000000e+00,2.510128319263458252e-01,-1.196650266647338867e-01,6.567171812057495117e-01,-1.753440201282501221e-01,-9.415063261985778809e-02,-3.614032864570617676e-01,7.884425669908523560e-02,-4.139115288853645325e-02,2.511543408036231995e-02,2.211878746747970581e-01,-2.030144333839416504e-01,-1.493945121765136719e-01,9.100384265184402466e-02,4.339544475078582764e-02,2.284152507781982422e-01,3.305191695690155029e-01,-1.605537533760070801e-01,-4.370164871215820312e-01,6.129696592688560486e-02,-2.368194423615932465e-02,-7.189674302935600281e-03,-4.510039985179901123e-01,2.104293406009674072e-01
-1.521491538733243942e-02,-2.176152076572179794e-03,2.978722155094146729e-01,1.577815711498260498e-01,-2.823557890951633453e-02,9.816532731056213379e-01,1.032692193984985352e-01,0.000000000000000000e+00,0.000000000000000000e+00,2.467158585786819458e-01,-6.367722153663635254e-02,7.688162326812744141e-01,-4.347505271434783936e-01,-7.339756190776824951e-02,-3.608444035053253174e-01,1.702263057231903076e-01,-1.053836420178413391e-01,5.779464542865753174e-02,2.177987694740295410e-01,-1.101383119821548462e-01,-1.637556701898574829e-01,6.765733659267425537e-02,2.150987088680267334e-02,2.782905697822570801e-01,3.520767390727996826e-01,-1.602259576320648193e-01,-4.090479612350463867e-01,1.099417954683303833e-01,-2.367757260799407959e-02,-5.096221715211868286e-02,-5.756601691246032715e-01,4.245878458023071289e-01
-2.203192934393882751e-02,-9.106097742915153503e-03,2.961830198764801025e-01,1.372533142566680908e-01,-5.060093849897384644e-02,9.796469807624816895e-01,1.374513506889343262e-01,0.000000000000000000e+00,0.000000000000000000e+00,2.179316878318786621e-01,-8.042746037244796753e-02,8.125195503234863281e-01,-5.441351532936096191e-01,-4.259775206446647644e-02,-4.004216790199279785e-01,1.754700988531112671e-01,-1.330033391714096069e-01,1.036562919616699219e-01,1.565046906471252441e-01,-6.139354780316352844e-02,-1.429581046104431152e-01,5.709800869226455688e-02,2.456486783921718597e-02,2.686166167259216309e-01,3.989186882972717285e-01,-1.544303297996520996e-01,-4.034508466720581055e-01,1.250104606151580811e-01,-3.972654789686203003e-02,-6.681109219789505005e-02,-6.382986307144165039e-01,5.564407706260681152e-01
-2.943065576255321503e-02,-1.607685163617134094e-02,2.968212664127349854e-01,1.154086142778396606e-01,-6.861974298954010010e-02,9.761793017387390137e-01,1.704293489456176758e-01,0.000000000000000000e+00,0.000000000000000000e+00,1.988736987113952637e-01,-7.639051973819732666e-02,7.740593552589416504e-01,-6.379129290580749512e-01,-2.716235630214214325e-02,-4.171224236488342285e-01,1.251053512096405029e-01,-1.281850039958953857e-01,1.333456635475158691e-01,1.168306469917297363e-01,-3.909159824252128601e-02,-1.359099149703979492e-01,6.598150730133056641e-02,2.440423145890235901e-02,2.541725933551788330e-01,4.609916806221008301e-01,-1.365982741117477417e-01,-4.529930055141448975e-01,1.322128921747207642e-01,-4.607884585857391357e-02,-5.451412498950958252e-02,-7.293848395347595215e-01,6.860743761062622070e-01
-3.575852885842323303e-02,-2.288965135812759399e-02,2.938369810581207275e-01,8.186221122741699219e-02,-6.453397125005722046e-02,9.752755165100097656e-01,1.948629915714263916e-01,0.000000000000000000e+00,0.000000000000000000e+00,1.180705949664115906e-01,-1.904866099357604980e-01,9.576637148857116699e-01,-8.368421792984008789e-01,-3.536459803581237793e-02,-4.996406435966491699e-01,1.220790594816207886e-01,-1.926929056644439697e-01,1.096637994050979614e-01,1.210698671638965607e-02,-3.277596458792686462e-02,-6.905893236398696899e-02,7.294026762247085571e-02,8.223037235438823700e-03,2.062294036149978638e-01,5.827434659004211426e-01,-1.064180284738540649e-01,-5.169882774353027344e-01,1.826813071966171265e-01,3.793842345476150513e-02,-4.786260053515434265e-02,-9.392161369323730469e-01,8.849425315856933594e-01
-4.265515878796577454e-02,-2.706287801265716553e-02,2.965525686740875244e-01,1.217668354511260986e-01,-6.288059800863265991e-02,9.645084738731384277e-01,2.257040441036224365e-01,0.000000000000000000e+00,0.000000000000000000e+00,1.557569205760955811e-01,-5.315665528178215027e-02,9.548432826995849609e-01,-8.769143223762512207e-01,-1.147901564836502075e-01,-4.022178947925567627e-01,1.589861139655113220e-02,-7.107003033161163330e-02,8.506320416927337646e-02,1.832443475723266602e-01,1.888259686529636383e-02,-1.149733141064643860e-01,2.412635833024978638e-02,-2.436858788132667542e-02,1.495489478111267090e-01,5.802982449531555176e-01,-9.457170963287353516e-02,-6.262575984001159668e-01,1.358407884836196899e-01,1.100061647593975067e-02,-1.224412620067596436e-01,-1.115107417106628418e+00,9.953659772872924805e-01
-4.314885661005973816e-02,-3.101513534784317017e-02,2.956881523132324219e-01,1.501419395208358765e-01,-4.105196148157119751e-02,9.571326971054077148e-01,2.442727684974670410e-01,0.000000000000000000e+00,0.000000000000000000e+00,1.724056303501129150e-01,-1.372511237859725952e-01,9.635211229324340820e-01,-9.931657910346984863e-01,-2.462218403816223145e-01,-4.561280906200408936e-01,6.234411615878343582e-03,-6.152692716568708420e-03,3.558795899152755737e-02,2.821838855743408203e-01,4.421167075634002686e-02,-1.475425362586975098e-01,-4.633199423551559448e-02,-7.414720207452774048e-02,7.552751898765563965e-02,5.597612261772155762e-01,-1.035274863243103027e-01,-7.210991382598876953e-01,1.240143924951553345e-01,1.153180934488773346e-02,-2.429978847503662109e-01,-1.164362072944641113e+00,9.800696969032287598e-01
-3.997157141566276550e-02,-3.744234144687652588e-02,2.867581546306610107e-01,1.656876355409622192e-01,-2.492335811257362366e-02,9.513770937919616699e-01,2.584725618362426758e-01,0.000000000000000000e+00,0.000000000000000000e+00,1.554576754570007324e-01,-2.903530001640319824e-01,8.684462308883666992e-01,-1.234619736671447754e+00,-3.426323235034942627e-01,-5.588951706886291504e-01,7.747598458081483841e-03,5.303111672401428223e-02,-7.036710623651742935e-03,3.036026358604431152e-01,4.637687653303146362e-02,-1.289438009262084961e-01,-1.648489832878112793e-01,-2.090061753988265991e-01,1.066122669726610184e-02,5.794170498847961426e-01,-1.013242900371551514e-01,-7.679750919342041016e-01,9.482943266630172729e-02,1.535828318446874619e-02,-3.563061952590942383e-01,-1.144558310508728027e+00,9.167841672897338867e-01
-4.214611649513244629e-02,-4.599628970026969910e-02,2.711333036422729492e-01,1.871284097433090210e-01,-3.708723559975624084e-02,9.375723004341125488e-01,2.908017337322235107e-01,0.000000000000000000e+00,0.000000000000000000e+00,9.151834994554519653e-02,-3.932414352893829346e-01,6.756321191787719727e-01,-1.481063604354858398e+00,-3.866531252861022949e-01,-7.080013751983642578e-01,3.002799153327941895e-01,-5.526056140661239624e-02,7.274169940501451492e-03,2.886425852775573730e-01,3.059339150786399841e-02,-1.599075272679328918e-02,-2.556738257408142090e-01,-3.194600343704223633e-01,-1.661600172519683838e-02,6.653805971145629883e-01,-8.076074719429016113e-02,-7.419775128364562988e-01,1.368986815214157104e-01,6.244653090834617615e-02,-3.993580341339111328e-01,-1.089967608451843262e+00,1.002613902091979980e+00
-4.999592527747154236e-02,-5.148496478796005249e-02,2.556223273277282715e-01,2.249940484762191772e-01,-8.562576770782470703e-02,9.112406373023986816e-01,3.341951966285705566e-01,0.000000000000000000e+00,0.000000000000000000e+00,1.375139951705932617e-01,-3.759818375110626221e-01,3.461228609085083008e-01,-1.603916764259338379e+00,-4.343454837799072266e-01,-7.099999785423278809e-01,8.561156988143920898e-01,-3.860801160335540771e-01,6.268030405044555664e-02,3.399988710880279541e-01,3.949997201561927795e-02,1.085284203290939331e-01,-3.176826238632202148e-01,-4.218135774135589600e-01,-4.625223577022552490e-02,6.943132877349853516e-01,-4.576115310192108154e-02,-6.899394392967224121e-01,2.331908047199249268e-01,6.478057801723480225e-02,-3.707131147384643555e-01,-9.533222317695617676e-01,1.263123035430908203e+00
-5.473025515675544739e-02,-5.433594435453414917e-02,2.392289042472839355e-01,2.391389310359954834e-01,-1.341126561164855957e-01,8.827980160713195801e-01,3.814367353916168213e-01,0.000000000000000000e+00,0.000000000000000000e+00,2.304332554340362549e-01,-2.917951345443725586e-01,2.587772607803344727e-01,-1.717198133468627930e+00,-4.504830241203308105e-01,-7.099999785423278809e-01,1.425186395645141602e+00,-7.792260050773620605e-01,1.487518996000289917e-01,3.400000035762786865e-01,1.708534732460975647e-02,1.443387567996978760e-01,-3.403282463550567627e-01,-5.007185339927673340e-01,-6.110465899109840393e-02,6.639719009399414062e-01,-8.746366016566753387e-03,-5.465329885482788086e-01,3.593667447566986084e-01,5.731579847633838654e-03,-2.925401031970977783e-01,-7.416427731513977051e-01,1.455979466438293457e+00
-5.764765664935112000e-02,-5.638173595070838928e-02,2.250961959362030029e-01,2.463690787553787231e-01,-1.539424508810043335e-01,8.469088673591613770e-01,4.453643560409545898e-01,0.000000000000000000e+00,0.000000000000000000e+00,3.098387122154235840e-01,-2.079639583826065063e-01,3.413389027118682861e-01,-2.028267621994018555e+00,-5.096953511238098145e-01,-7.099999785423278809e-01,1.559685230255126953e+00,-1.021008253097534180e+00,2.037457227706909180e-01,3.399576246738433838e-01,4.582241922616958618e-02,9.377037733793258667e-02,-3.298595547676086426e-01,-5.632573962211608887e-01,-9.110391139984130859e-02,5.345881581306457520e-01,4.177128151059150696e-02,-3.143003284931182861e-01,5.140416622161865234e-01,-6.222086772322654724e-02,-1.588946133852005005e-01,-4.974887669086456299e-01,1.440707564353942871e+00
-5.926063284277915955e-02,-5.761393532156944275e-02,2.173701077699661255e-01,2.520247399806976318e-01,-1.255735456943511963e-01,8.151147365570068359e-01,5.062635540962219238e-01,0.000000000000000000e+00,0.000000000000000000e+00,2.691963911056518555e-01,-2.278187572956085205e-01,5.209057927131652832e-01,-2.038008928298950195e+00,-5.939846038818359375e-01,-6.572296619415283203e-01,1.302436590194702148e+00,-1.105185747146606445e+00,-1.511358655989170074e-02,3.015685379505157471e-01,1.546328067779541016e-01,-1.745483279228210449e-01,-3.156751692295074463e-01,-7.084657549858093262e-01,2.599829062819480896e-02,3.617077693343162537e-02,4.118225574493408203e-01,4.118137657642364502e-01,6.642279028892517090e-01,-1.177149266004562378e-01,1.719714999198913574e-01,-3.618300259113311768e-01,1.105764389038085938e+00
-5.677104741334915161e-02,-5.680206045508384705e-02,2.190898805856704712e-01,2.706817090511322021e-01,-1.061484888195991516e-01,7.939958572387695312e-01,5.338861942291259766e-01,0.000000000000000000e+00,0.000000000000000000e+00,2.625778615474700928e-01,-2.323362678289413452e-01,6.067553162574768066e-01,-1.471608281135559082e+00,-6.413382291793823242e-01,-5.699424147605895996e-01,1.103983402252197266e+00,-9.288338422775268555e-01,1.156883873045444489e-02,2.806313931941986084e-01,8.073290809988975525e-03,-2.451361566781997681e-01,-3.590570390224456787e-01,-6.657581329345703125e-01,1.166205629706382751e-01,1.334351599216461182e-01,3.505230844020843506e-01,1.460259854793548584e-01,6.502063274383544922e-01,-4.771578311920166016e-02,1.788984537124633789e-01,-4.163286685943603516e-01,6.223207712173461914e-01
-5.271572619676589966e-02,-4.883685708045959473e-02,2.178059518337249756e-01,2.814124524593353271e-01,-1.142661422491073608e-01,7.661331892013549805e-01,5.663834810256958008e-01,0.000000000000000000e+00,0.000000000000000000e+00,3.293641805648803711e-01,-1.432126760482788086e-01,6.575229167938232422e-01,-1.528877854347229004e+00,-6.005895733833312988e-01,-5.611516237258911133e-01,1.181786298751831055e+00,-9.827640652656555176e-01,1.172021999955177307e-01,2.503075599670410156e-01,-9.827606379985809326e-02,-1.798556149005889893e-01,-3.045986592769622803e-01,-6.091692447662353516e-01,5.513295903801918030e-02,2.301559001207351685e-01,1.676222383975982666e-01,-3.863279223442077637e-01,8.688987493515014648e-01,-2.738005109131336212e-02,1.800000071525573730e-01,-5.115588307380676270e-01,7.096484303474426270e-01
-4.291291907429695129e-02,-3.867151215672492981e-02,2.198391556739807129e-01,2.841266393661499023e-01,-1.095146164298057556e-01,7.500174045562744141e-01,5.871562957763671875e-01,0.000000000000000000e+00,0.000000000000000000e+00,3.992456495761871338e-01,-6.990938633680343628e-02,6.193704009056091309e-01,-1.567313432693481445e+00,-5.354027152061462402e-01,-5.552706718444824219e-01,1.234061002731323242e+00,-1.033845901489257812e+00,1.581701189279556274e-01,2.195641398429870605e-01,-1.861015707254409790e-01,-1.396820843219757080e-01,-2.417399883270263672e-01,-5.275843143463134766e-01,1.061107683926820755e-02,1.959822773933410645e-01,3.096422553062438965e-02,-8.499886989593505859e-01,1.102535963058471680e+00,1.536953379400074482e-03,1.800000071525573730e-01,-7.566077113151550293e-01,9.156239628791809082e-01
-3.017712570726871490e-02,-2.278864756226539612e-02,2.241719067096710205e-01,2.785395085811614990e-01,-6.925946474075317383e-02,7.474021911621093750e-01,5.991734862327575684e-01,0.000000000000000000e+00,0.000000000000000000e+00,4.095630943775177002e-01,-1.949420757591724396e-02,4.785659909248352051e-01,-1.438507795333862305e+00,-5.030589699745178223e-01,-5.182290673255920410e-01,1.184395074844360352e+00,-1.098871588706970215e+00,1.064659282565116882e-01,1.468315273523330688e-01,-2.536169290542602539e-01,-9.902267158031463623e-02,-1.311508119106292725e-01,-4.140917658805847168e-01,-4.408459179103374481e-03,1.192755624651908875e-01,-5.632368102669715881e-02,-1.214450240135192871e+00,1.375864028930664062e+00,5.634061619639396667e-02,1.800000071525573730e-01,-1.180793285369873047e+00,1.401740670204162598e+00
-1.454668119549751282e-02,-3.667776705697178841e-03,2.301988601684570312e-01,2.630391716957092285e-01,-2.015815675258636475e-02,7.436498999595642090e-01,6.143198609352111816e-01,0.000000000000000000e+00,0.000000000000000000e+00,4.023256003856658936e-01,-2.008892223238945007e-02,3.737285733222961426e-01,-1.299744248390197754e+00,-4.559740722179412842e-01,-5.210877656936645508e-01,1.222571492195129395e+00,-1.167274594306945801e+00,6.519754417240619659e-03,5.324861779808998108e-02,-2.274293303489685059e-01,-1.885959878563880920e-02,-1.138989105820655823e-01,-4.148911237716674805e-01,1.743894815444946289e-02,2.267805486917495728e-02,-1.656581759452819824e-01,-1.143412470817565918e+00,1.396879315376281738e+00,1.007196754217147827e-01,1.800000071525573730e-01,-1.498055338859558105e+00,1.490000009536743164e+00
2.480866853147745132e-03,1.906711421906948090e-02,2.444674074649810791e-01,2.622435092926025391e-01,3.834660351276397705e-02,7.329412102699279785e-01,6.265421509742736816e-01,0.000000000000000000e+00,0.000000000000000000e+00,3.214561939239501953e-01,5.388297885656356812e-02,6.796738505363464355e-02,-6.358050704002380371e-01,-4.643980264663696289e-01,-4.246698915958404541e-01,1.048422574996948242e+00,-1.142409086227416992e+00,-1.369574218988418579e-01,-1.668392360443249345e-05,-2.015021592378616333e-01,5.525286123156547546e-02,-8.565024286508560181e-02,-4.292149543762207031e-01,7.776509225368499756e-02,2.087452076375484467e-02,-1.800000071525573730e-01,-7.689766287803649902e-01,7.886682748794555664e-01,1.116152256727218628e-01,-4.621470812708139420e-03,-1.544779181480407715e+00,1.490000009536743164e+00
1.850916072726249695e-02,4.399067535996437073e-02,2.582438886165618896e-01,2.385825514793395996e-01,7.522996515035629272e-02,7.142439484596252441e-01,6.536623239517211914e-01,0.000000000000000000e+00,0.000000000000000000e+00,2.978672683238983154e-01,-8.414756506681442261e-03,1.930930717274385259e-18,-1.787470579147338867e-01,-4.039002656936645508e-01,-3.846566379070281982e-01,9.145559072494506836e-01,-1.026570200920104980e+00,-1.680929511785507202e-01,-4.323964565992355347e-02,-2.024413049221038818e-01,1.307900846004486084e-01,-1.109357401728630066e-01,-4.120709598064422607e-01,9.761022031307220459e-02,1.278783231973648071e-01,-1.800000071525573730e-01,-4.878254830837249756e-01,5.000201463699340820e-01,2.161605656147003174e-02,-1.768598407506942749e-01,-1.237410545349121094e+00,1.122187852859497070e+00
3.591325879096984863e-02,7.136243581771850586e-02,2.753198146820068359e-01,2.269202917814254761e-01,9.931983798742294312e-02,6.832731366157531738e-01,6.868628263473510742e-01,0.000000000000000000e+00,0.000000000000000000e+00,1.994067728519439697e-01,-1.847454346716403961e-02,4.782239493295037391e-09,1.153065785765647888e-01,-3.840619623661041260e-01,-3.510217368602752686e-01,7.825571298599243164e-01,-7.784633040428161621e-01,-1.447700709104537964e-01,2.315692976117134094e-02,-1.555165648460388184e-01,7.953923195600509644e-02,-2.889325320720672607e-01,-4.572107195854187012e-01,1.356725394725799561e-01,2.350966185331344604e-01,-1.678373962640762329e-01,-4.248525798320770264e-01,2.005663961172103882e-01,-1.779723018407821655e-01,-3.307889401912689209e-01,-8.309853672981262207e-01,5.871549248695373535e-01
5.582119897007942200e-02,1.043040081858634949e-01,2.917679250240325928e-01,1.833435744047164917e-01,6.869023293256759644e-02,6.468919515609741211e-01,7.370194196701049805e-01,0.000000000000000000e+00,0.000000000000000000e+00,1.796251684427261353e-01,-1.842155307531356812e-01,6.679801940917968750e-01,-2.042950093746185303e-01,-2.747686505317687988e-01,-2.412428110837936401e-01,7.298318743705749512e-01,-5.398436188697814941e-01,-4.313824698328971863e-02,1.288984715938568115e-01,-8.815043419599533081e-02,1.320062298327684402e-02,-4.022945165634155273e-01,-5.721654891967773438e-01,1.233030259609222412e-01,2.871214151382446289e-01,-3.768798196688294411e-03,-4.087308347225189209e-01,4.351330175995826721e-02,-2.617252767086029053e-01,-3.044236600399017334e-01,-6.227360963821411133e-01,4.861544072628021240e-01
7.882404327392578125e-02,1.333115547895431519e-01,3.062953650951385498e-01,1.294174194335937500e-01,3.576199710369110107e-02,6.022063493728637695e-01,7.869687080383300781e-01,0.000000000000000000e+00,0.000000000000000000e+00,1.465756893157958984e-01,-2.208180427551269531e-01,8.229209184646606445e-01,-8.840863108634948730e-01,-1.370678395032882690e-01,-2.909623682498931885e-01,7.170608043670654297e-01,-1.611348688602447510e-01,8.528256416320800781e-02,2.288987636566162109e-01,-6.754373665899038315e-03,-9.895614534616470337e-02,-4.179277718067169189e-01,-6.864232420921325684e-01,7.131578028202056885e-02,2.397321164608001709e-01,1.048055812716484070e-01,-3.166364431381225586e-01,-6.791791529394686222e-04,-1.597814261913299561e-01,-1.903728246688842773e-01,-6.178025007247924805e-01,1.908680349588394165e-01
9.728835523128509521e-02,1.590692102909088135e-01,3.162870407104492188e-01,1.229415461421012878e-01,3.379333019256591797e-02,5.482257008552551270e-01,8.265542387962341309e-01,0.000000000000000000e+00,0.000000000000000000e+00,-2.849206095561385155e-03,-3.537773489952087402e-01,3.994139730930328369e-01,-9.874876737594604492e-01,-2.212200015783309937e-01,-4.774397313594818115e-01,9.340675473213195801e-01,-1.175956577062606812e-01,9.424435347318649292e-02,3.176512718200683594e-01,5.211376026272773743e-02,-2.978076338768005371e-01,-4.100843966007232666e-01,-7.255259752273559570e-01,6.500296294689178467e-02,6.166451051831245422e-02,2.127968072891235352e-01,-1.503366082906723022e-01,9.573496878147125244e-02,-1.084382236003875732e-01,-3.861996158957481384e-02,-6.357591748237609863e-01,6.447371840476989746e-02
1.120663583278656006e-01,1.897452920675277710e-01,3.160687983036041260e-01,1.329583376646041870e-01,9.476775303483009338e-03,4.625422358512878418e-01,8.765197992324829102e-01,0.000000000000000000e+00,0.000000000000000000e+00,-6.080961599946022034e-02,-4.556678235530853271e-01,1.271000206470489502e-01,-9.523125290870666504e-01,-2.221998572349548340e-01,-7.091199755668640137e-01,1.335804224014282227e+00,-1.660531908273696899e-01,1.015285775065422058e-01,3.400000035762786865e-01,9.126547724008560181e-02,-3.407970070838928223e-01,-3.522626459598541260e-01,-6.964381933212280273e-01,6.307287514209747314e-02,8.842380344867706299e-02,2.333493679761886597e-01,-2.380335330963134766e-01,2.088914811611175537e-01,2.022134512662887573e-02,1.537172645330429077e-01,-4.981836676597595215e-01,5.953146889805793762e-02
1.226331964135169983e-01,2.151349186897277832e-01,3.147121965885162354e-01,1.784201562404632568e-01,1.731032878160476685e-02,3.779015243053436279e-01,9.083265066146850586e-01,0.000000000000000000e+00,0.000000000000000000e+00,-1.532692909240722656e-01,-6.666681170463562012e-01,2.098433300852775574e-02,-3.568581044673919678e-01,-2.053688168525695801e-01,-7.003902792930603027e-01,8.264085650444030762e-01,-6.664679646492004395e-01,1.712737232446670532e-02,3.388565182685852051e-01,1.775714457035064697e-01,-4.309687614440917969e-01,-3.544124066829681396e-01,-5.902084112167358398e-01,1.563560813665390015e-01,7.073238492012023926e-02,1.127339899539947510e-01,-8.049377799034118652e-01,1.106577277183532715e+00,-2.800907194614410400e-02,1.800000071525573730e-01,-1.503950059413909912e-01,-1.734529994428157806e-02
1.393050700426101685e-01,2.398275732994079590e-01,2.997016906738281250e-01,2.035525590181350708e-01,-2.471887134015560150e-02,3.168232142925262451e-01,9.260553121566772461e-01,0.000000000000000000e+00,0.000000000000000000e+00,-1.398333907127380371e-01,-5.444186925888061523e-01,1.979255862534046173e-02,-1.144215390086174011e-01,-1.156216561794281006e-01,-6.609169840812683105e-01,4.431162774562835693e-01,-7.188144922256469727e-01,3.831943869590759277e-02,3.196238577365875244e-01,1.628502607345581055e-01,-3.984891772270202637e-01,-3.746655881404876709e-01,-5.124403238296508789e-01,2.605089545249938965e-01,5.804035346955060959e-03,-1.468973420560359955e-02,-1.097699046134948730e+00,1.490000009536743164e+00,2.154340036213397980e-02,1.800000071525573730e-01,8.322036266326904297e-02,5.767969414591789246e-02
1.654663532972335815e-01,2.649195492267608643e-01,2.835707366466522217e-01,2.174371480941772461e-01,-6.248215585947036743e-02,2.890002429485321045e-01,9.302128553390502930e-01,0.000000000000000000e+00,0.000000000000000000e+00,-1.047836393117904663e-01,-2.014844566583633423e-01,2.466714009642601013e-02,-2.577065229415893555e-01,-1.427217572927474976e-01,-5.810153484344482422e-01,2.633042335510253906e-01,-3.084875941276550293e-01,7.606933265924453735e-02,2.511587440967559814e-01,5.882075056433677673e-02,-3.246393203735351562e-01,-3.203976154327392578e-01,-3.764364421367645264e-01,3.690459430217742920e-01,-5.203463137149810791e-02,-1.627210229635238647e-01,-1.174726486206054688e+00,1.489624261856079102e+00,-3.410238400101661682e-02,1.800000071525573730e-01,2.040538340806961060e-01,5.434936285018920898e-01
1.989619284868240356e-01,2.892460525035858154e-01,2.752335667610168457e-01,2.075058668851852417e-01,-7.403972744941711426e-02,2.778160572052001953e-01,9.350281357765197754e-01,0.000000000000000000e+00,0.000000000000000000e+00,-2.221735753118991852e-02,5.933732911944389343e-02,1.115042120218276978e-01,-5.769346356391906738e-01,-1.533063650131225586e-01,-3.961873054504394531e-01,3.894861936569213867e-01,-2.875325679779052734e-01,6.673807650804519653e-02,1.187884733080863953e-01,-3.400830551981925964e-02,-1.384558677673339844e-01,-2.209715396165847778e-01,-2.782302498817443848e-01,4.521493315696716309e-01,-5.772915482521057129e-02,-1.800000071525573730e-01,-1.045774698257446289e+00,1.038845062255859375e+00,-1.171007528901100159e-01,1.800000071525573730e-01,4.365781322121620178e-02,1.280281662940979004e+00
2.359785586595535278e-01,3.094996213912963867e-01,2.760773301124572754e-01,1.821271628141403198e-01,-4.161886870861053467e-03,2.741965949535369873e-01,9.442608952522277832e-01,0.000000000000000000e+00,0.000000000000000000e+00,1.314975321292877197e-03,3.644393756985664368e-02,1.334546804428100586e-01,-7.115650177001953125e-01,-1.189145892858505249e-01,-3.983537256717681885e-01,4.906077980995178223e-01,-4.131233692169189453e-01,-4.088433925062417984e-03,-1.830233782529830933e-01,-5.949798598885536194e-02,9.248230606317520142e-03,-1.378834098577499390e-01,-2.109086215496063232e-01,5.000000000000000000e-01,-7.640977203845977783e-02,-1.800000071525573730e-01,-9.057398438453674316e-01,9.056956171989440918e-01,-1.340716332197189331e-01,1.800000071525573730e-01,-3.479761183261871338e-01,1.490000009536743164e+00
2.810635268688201904e-01,3.285421729087829590e-01,2.873764932155609131e-01,1.801439225673675537e-01,4.043484851717948914e-02,2.584882378578186035e-01,9.482072591781616211e-01,0.000000000000000000e+00,0.000000000000000000e+00,-3.689965978264808655e-02,8.091072738170623779e-02,2.321962965652346611e-03,-6.061452627182006836e-01,-1.419061869382858276e-01,-2.957639992237091064e-01,3.918556869029998779e-01,-4.371480345726013184e-01,-1.101445257663726807e-01,-2.792446613311767578e-01,-7.567521929740905762e-02,1.080379858613014221e-01,-4.206495825201272964e-03,-1.650716960430145264e-01,5.000000000000000000e-01,-1.174664497375488281e-01,-1.690334528684616089e-01,-7.561737895011901855e-01,7.953093051910400391e-01,-1.334800124168395996e-01,1.800000071525573730e-01,-7.773674130439758301e-01,1.488965988159179688e+00
3.346823155879974365e-01,3.491022288799285889e-01,3.050642013549804688e-01,1.718721836805343628e-01,5.404878035187721252e-02,2.271907478570938110e-01,9.570387005805969238e-01,0.000000000000000000e+00,0.000000000000000000e+00,-6.228518113493919373e-02,3.246997669339179993e-02,4.330032426363983333e-18,5.287307128310203552e-02,-1.849262565374374390e-01,-1.089993789792060852e-01,1.491259187459945679e-01,-8.817339688539505005e-02,-1.405662745237350464e-01,-2.253430336713790894e-01,-1.969001442193984985e-02,1.578089892864227295e-01,2.703538723289966583e-02,-1.868912428617477417e-01,4.999727010726928711e-01,-5.756644904613494873e-02,-1.800000071525573730e-01,-5.626873373985290527e-01,5.518636703491210938e-01,-1.073281690478324890e-01,6.567875295877456665e-02,-9.985577464103698730e-01,9.511697888374328613e-01
3.941243290901184082e-01,3.703918755054473877e-01,3.209519088268280029e-01,1.583843380212783813e-01,5.897691845893859863e-02,2.042883634567260742e-01,9.642107486724853516e-01,0.000000000000000000e+00,0.000000000000000000e+00,-5.552348122000694275e-02,3.260219842195510864e-02,-1.270549420881450509e-19,2.771468162536621094e-01,-2.545693218708038330e-01,1.260605640709400177e-02,4.152867011725902557e-03,2.304758578538894653e-01,-9.102522581815719604e-02,-1.208330169320106506e-01,-2.464866079390048981e-02,1.450542360544204712e-01,-1.781932823359966278e-02,-1.139322817325592041e-01,4.984264671802520752e-01,8.140214532613754272e-02,-1.800000071525573730e-01,-4.165057837963104248e-01,3.610627949237823486e-01,-2.185384035110473633e-01,-1.158651486039161682e-01,-9.520491957664489746e-01,6.126619577407836914e-01
4.553492367267608643e-01,3.906860947608947754e-01,3.361361622810363770e-01,1.296363919973373413e-01,6.280806660652160645e-02,1.851679682731628418e-01,9.720917344093322754e-01,0.000000000000000000e+00,0.000000000000000000e+00,-1.505680195987224579e-02,2.317897789180278778e-02,2.102443017065525055e-02,3.132710158824920654e-01,-2.908946871757507324e-01,-1.977382414042949677e-02,1.801307499408721924e-02,4.044661819934844971e-01,-1.283720228821039200e-02,-5.125485826283693314e-03,-1.711055450141429901e-02,1.114403977990150452e-01,-1.002371087670326233e-01,-7.164469361305236816e-02,4.380649030208587646e-01,2.593485713005065918e-01,-1.800000071525573730e-01,-4.094955623149871826e-01,6.961851567029953003e-02,-3.499859571456909180e-01,-2.557983696460723877e-01,-8.271369338035583496e-01,5.483996868133544922e-01
5.160691142082214355e-01,4.100355505943298340e-01,3.477109968662261963e-01,8.999242633581161499e-02,6.468924134969711304e-02,1.668948680162429810e-01,9.797258377075195312e-01,0.000000000000000000e+00,0.000000000000000000e+00,6.161756813526153564e-02,-1.482473164796829224e-01,3.320418894290924072e-01,1.888864785432815552e-01,-2.960104346275329590e-01,-2.243028581142425537e-01,2.834090888500213623e-01,4.386330544948577881e-01,5.306982621550559998e-02,9.338380396366119385e-02,1.835583709180355072e-02,6.488308310508728027e-02,-1.652873605489730835e-01,-1.202845573425292969e-01,3.684364557266235352e-01,3.959470987319946289e-01,-1.633289307355880737e-01,-4.463452696800231934e-01,-9.998237714171409607e-03,-3.423385620117187500e-01,-3.238090574741363525e-01,-7.416471242904663086e-01,5.507715344429016113e-01
5.728471279144287109e-01,4.246981143951416016e-01,3.515863716602325439e-01,5.255980417132377625e-02,5.515208467841148376e-02,1.326407045125961304e-01,9.882318377494812012e-01,0.000000000000000000e+00,0.000000000000000000e+00,1.603328883647918701e-01,-3.926834166049957275e-01,6.976970434188842773e-01,-1.553506683558225632e-02,-2.845876216888427734e-01,-5.840029120445251465e-01,6.753944754600524902e-01,4.399216473102569580e-01,1.020973920822143555e-01,1.577197462320327759e-01,4.332831501960754395e-02,8.579017966985702515e-02,-1.893256455659866333e-01,-2.039986401796340942e-01,3.174570798873901367e-01,4.983260631561279297e-01,-7.365083694458007812e-02,-3.666988313198089600e-01,1.961910538375377655e-02,-1.806162446737289429e-01,-2.270342707633972168e-01,-7.405790686607360840e-01,3.563455939292907715e-01
6.279048323631286621e-01,4.373090267181396484e-01,3.550362884998321533e-01,5.060093104839324951e-02,2.514517307281494141e-02,9.404504299163818359e-02,9.939631819725036621e-01,0.000000000000000000e+00,0.000000000000000000e+00,1.644600182771682739e-01,-4.194636642932891846e-01,6.614037156105041504e-01,-2.614284753799438477e-01,-3.193213045597076416e-01,-7.049689888954162598e-01,7.317646145820617676e-01,2.872163951396942139e-01,1.366849988698959351e-01,2.721745073795318604e-01,3.254954516887664795e-02,6.217289716005325317e-02,-1.256899982690811157e-01,-2.087400853633880615e-01,2.946160137653350830e-01,4.379003643989562988e-01,-7.139952480792999268e-02,-2.831066846847534180e-01,2.528166174888610840e-01,6.804502010345458984e-02,-1.658382415771484375e-01,-7.390399575233459473e-01,-2.978585846722126007e-02
6.776839494705200195e-01,4.511415362358093262e-01,3.528816998004913330e-01,7.267863303422927856e-02,6.817930843681097031e-03,6.118613854050636292e-02,9.954534769058227539e-01,0.000000000000000000e+00,0.000000000000000000e+00,1.010571271181106567e-01,-4.632512629032135010e-01,3.567920327186584473e-01,-2.957499325275421143e-01,-3.668001592159271240e-01,-7.089858055114746094e-01,5.201213359832763672e-01,1.292525976896286011e-01,1.045542955398559570e-01,3.211663365364074707e-01,2.176799625158309937e-02,6.813222914934158325e-02,-5.719147156924009323e-03,-1.829722076654434204e-01,2.733621001243591309e-01,3.344441652297973633e-01,-9.656149148941040039e-02,-5.783323049545288086e-01,1.233978867530822754e+00,2.198698073625564575e-01,-1.355753242969512939e-01,-6.721160411834716797e-01,-2.217077463865280151e-02
7.237339019775390625e-01,4.644281268119812012e-01,3.443272411823272705e-01,9.187714755535125732e-02,-2.857853844761848450e-02,2.981780469417572021e-02,9.949134588241577148e-01,0.000000000000000000e+00,0.000000000000000000e+00,6.320947408676147461e-02,-5.153349041938781738e-01,3.408522903919219971e-02,-2.640787065029144287e-01,-3.250191509723663330e-01,-7.099999785423278809e-01,2.334483861923217773e-01,9.785114228725433350e-02,5.116764828562736511e-02,3.242747485637664795e-01,4.184170439839363098e-02,1.451709717512130737e-01,7.495834678411483765e-02,-1.619849950075149536e-01,2.761126756668090820e-01,2.978665232658386230e-01,-1.762882620096206665e-01,-1.024869084358215332e+00,1.489999532699584961e+00,3.487184643745422363e-01,-6.385836750268936157e-02,-4.478678405284881592e-01,-1.491681393235921860e-02
7.702062726020812988e-01,4.778932929039001465e-01,3.318791687488555908e-01,8.657629787921905518e-02,-7.690674811601638794e-02,1.938855461776256561e-02,9.930830597877502441e-01,0.000000000000000000e+00,0.000000000000000000e+00,6.924572587013244629e-02,-6.688029170036315918e-01,1.185377314686775208e-02,-5.635873973369598389e-02,-2.393256276845932007e-01,-6.977202296257019043e-01,3.149149194359779358e-02,1.485169380903244019e-01,-2.072777226567268372e-02,3.294863402843475342e-01,1.962669193744659424e-02,2.230705767869949341e-01,1.472028195858001709e-01,-1.480097770690917969e-01,3.082156479358673096e-01,2.110661119222640991e-01,-1.765086948871612549e-01,-1.387434244155883789e+00,1.490000009536743164e+00,3.132249414920806885e-01,4.805141687393188477e-02,-1.384842395782470703e-01,1.152111962437629700e-01
8.198830485343933105e-01,4.897399246692657471e-01,3.157035410404205322e-01,6.112272664904594421e-02,-1.141160354018211365e-01,2.318635024130344391e-02,9.913142323493957520e-01,0.000000000000000000e+00,0.000000000000000000e+00,1.191962882876396179e-01,-6.007621288299560547e-01,3.524174913763999939e-03,1.519394367933273315e-01,-1.409945636987686157e-01,-7.006852626800537109e-01,2.693149447441101074e-02,1.771809905767440796e-01,-7.160513103008270264e-02,3.194926977157592773e-01,-3.239196911454200745e-02,2.838937044143676758e-01,2.243658453226089478e-01,-1.099906191229820251e-01,3.889625370502471924e-01,8.842790126800537109e-02,-1.217434927821159363e-01,-1.351133108139038086e+00,1.132573246955871582e+00,1.323032528162002563e-01,1.578133553266525269e-01,-6.515313684940338135e-02,8.246759772300720215e-01
8.722310662269592285e-01,4.999676942825317383e-01,3.002171218395233154e-01,5.317274853587150574e-02,-1.248525753617286682e-01,2.812399715185165405e-02,9.903501868247985840e-01,0.000000000000000000e+00,0.000000000000000000e+00,1.731270104646682739e-01,-2.583212554454803467e-01,1.381008792668581009e-02,-2.725050225853919983e-02,-9.421771764755249023e-02,-7.048704028129577637e-01,2.399269491434097290e-02,1.878923028707504272e-01,-1.385626941919326782e-01,3.027531802654266357e-01,-8.373267203569412231e-02,2.680746614933013916e-01,3.008365631103515625e-01,-7.342119514942169189e-02,5.000000000000000000e-01,-1.078803762793540955e-01,-2.344345673918724060e-02,-1.156049132347106934e+00,7.134649157524108887e-01,5.124723911285400391e-02,1.800000071525573730e-01,-4.662823081016540527e-01,1.490000009536743164e+00
9.280959963798522949e-01,5.046592354774475098e-01,2.933455705642700195e-01,6.592822819948196411e-02,-1.192466840147972107e-01,3.409470617771148682e-02,9.900864958763122559e-01,0.000000000000000000e+00,0.000000000000000000e+00,2.011780440807342529e-01,4.519414156675338745e-02,1.743671111762523651e-02,-2.765095531940460205e-01,-5.588261783123016357e-02,-6.445798873901367188e-01,9.919257834553718567e-03,1.906074732542037964e-01,-2.210317105054855347e-01,2.747013568878173828e-01,-1.185276359319686890e-01,2.886879444122314453e-01,3.500413894653320312e-01,-6.663695722818374634e-02,5.000000000000000000e-01,-2.818320989608764648e-01,6.207089498639106750e-02,-9.313549995422363281e-01,6.606158018112182617e-01,1.916776597499847412e-02,1.800000071525573730e-01,-9.150977134704589844e-01,1.490000009536743164e+00
9.866501092910766602e-01,5.053836703300476074e-01,2.958298325538635254e-01,9.336108714342117310e-02,-6.539900600910186768e-02,2.240291051566600800e-02,9.932294487953186035e-01,0.000000000000000000e+00,0.000000000000000000e+00,1.338597238063812256e-01,1.193833947181701660e-01,3.889118880033493042e-02,-4.156089127063751221e-01,-4.814841970801353455e-02,-5.015036463737487793e-01,4.754548892378807068e-03,-5.739619489759206772e-03,-2.646784782409667969e-01,2.100311666727066040e-01,-1.500852257013320923e-01,2.915304601192474365e-01,3.098043203353881836e-01,-5.889656767249107361e-02,5.000000000000000000e-01,-3.498485386371612549e-01,8.871619403362274170e-02,-7.542873620986938477e-01,4.273641407489776611e-01,-9.520571678876876831e-02,1.800000071525573730e-01,-1.066184520721435547e+00,1.030925512313842773e+00
1.050306558609008789e+00,5.066760778427124023e-01,3.028325438499450684e-01,1.065612062811851501e-01,2.776739187538623810e-02,-1.470236387103796005e-02,9.938095808029174805e-01,0.000000000000000000e+00,0.000000000000000000e+00,3.461679071187973022e-02,1.435111649334430695e-02,6.056285572868247424e-19,-1.057993397116661072e-01,-9.029909968376159668e-02,-4.257758557796478271e-01,5.853455513715744019e-03,-2.238108366727828979e-01,-1.279403418302536011e-01,9.399886429309844971e-02,-1.899865567684173584e-01,2.353259325027465820e-01,1.651727408170700073e-01,7.987638935446739197e-03,5.000000000000000000e-01,-3.094957470893859863e-01,-7.702406495809555054e-03,-7.004494071006774902e-01,2.560641765594482422e-01,-3.603056669235229492e-01,1.069617420434951782e-01,-9.520884752273559570e-01,4.326953589916229248e-01
1.119174122810363770e+00,5.080765485763549805e-01,3.125343024730682373e-01,9.438828378915786743e-02,1.059272363781929016e-01,-4.867944121360778809e-02,9.886862635612487793e-01,0.000000000000000000e+00,0.000000000000000000e+00,-1.589036174118518829e-02,-7.873830199241638184e-02,6.244273947599498706e-18,9.890816360712051392e-02,-1.071420907974243164e-01,-3.985770344734191895e-01,2.667841908987611532e-04,-1.751377731561660767e-01,6.390185654163360596e-02,3.290146216750144958e-02,-1.317454725503921509e-01,2.362864911556243896e-01,-9.882978629320859909e-04,1.052785292267799377e-01,4.464883208274841309e-01,-3.483572229743003845e-02,-1.800000071525573730e-01,-9.222067594528198242e-01,-1.387143880128860474e-02,-6.393437385559082031e-01,-9.879644960165023804e-03,-7.687748074531555176e-01,2.154270857572555542e-01
1.185694336891174316e+00,5.056881904602050781e-01,3.224572241306304932e-01,9.633287787437438965e-02,1.464721113443374634e-01,-6.997121870517730713e-02,9.820233583450317383e-01,0.000000000000000000e+00,0.000000000000000000e+00,-5.368189886212348938e-02,-9.087906032800674438e-02,3.830292913651296770e-19,9.412945061922073364e-02,-1.590182334184646606e-01,-3.495377302169799805e-01,-4.870373272263222707e-19,-2.829506061971187592e-02,3.770510107278823853e-02,4.184494167566299438e-02,-3.350685536861419678e-02,3.286223411560058594e-01,-8.147978782653808594e-02,1.330222040414810181e-01,3.532849550247192383e-01,3.088853359222412109e-01,-1.800000071525573730e-01,-1.226062059402465820e+00,-6.548944860696792603e-03,-6.264215111732482910e-01,-5.707572400569915771e-02,-8.363811373710632324e-01,2.302574366331100464e-01
1.244942307472229004e+00,5.016563534736633301e-01,3.321886062622070312e-01,9.739829599857330322e-02,1.576467603445053101e-01,-8.065140992403030396e-02,9.793652892112731934e-01,0.000000000000000000e+00,0.000000000000000000e+00,-1.686036773025989532e-02,-9.229223430156707764e-02,6.532093882560729980e-02,-1.116900146007537842e-01,-2.072339355945587158e-01,-2.822107076644897461e-01,-5.327473278760025801e-19,7.424196600914001465e-02,2.264669351279735565e-02,1.089623421430587769e-01,-8.716977201402187347e-03,3.955983221530914307e-01,-1.312881559133529663e-01,1.627302616834640503e-01,3.054578006267547607e-01,5.655856728553771973e-01,-1.800000071525573730e-01,-1.368950366973876953e+00,-7.199874613434076309e-03,-4.940687716007232666e-01,-1.051665097475051880e-01,-1.022594094276428223e+00,1.825295984745025635e-01
1.294312477111816406e+00,4.983566999435424805e-01,3.406306207180023193e-01,9.598201513290405273e-02,1.255448758602142334e-01,-9.361810982227325439e-02,9.829860329627990723e-01,0.000000000000000000e+00,0.000000000000000000e+00,4.817600920796394348e-02,-1.975356489419937134e-01,3.050741851329803467e-01,-3.596290349960327148e-01,-2.710314989089965820e-01,-2.345221638679504395e-01,9.568168967962265015e-02,9.593113511800765991e-02,3.074429556727409363e-02,2.401776313781738281e-01,-2.536971867084503174e-02,4.499999880790710449e-01,-1.057408004999160767e-01,1.758544594049453735e-01,2.997864186763763428e-01,6.939350366592407227e-01,-1.800000071525573730e-01,-1.342456579208374023e+00,2.296847524121403694e-03,-3.211931288242340088e-01,-1.576405018568038940e-01,-1.180167078971862793e+00,1.606452018022537231e-01
1.331867814064025879e+00,4.990063607692718506e-01,3.435468673706054688e-01,1.093168258666992188e-01,9.272851794958114624e-02,-1.238936930894851685e-01,9.818867444992065430e-01,0.000000000000000000e+00,0.000000000000000000e+00,2.365076169371604919e-02,-3.795843422412872314e-01,3.942007720470428467e-01,-6.050249338150024414e-01,-3.361037969589233398e-01,-4.374809861183166504e-01,4.703291058540344238e-01,-4.320250824093818665e-02,2.205063356086611748e-03,2.782241702079772949e-01,-4.945478402078151703e-03,4.499999880790710449e-01,-6.872072070837020874e-02,1.571067720651626587e-01,4.157772064208984375e-01,7.592679858207702637e-01,-1.800000071525573730e-01,-1.363149166107177734e+00,3.639250099658966064e-01,-8.709147572517395020e-02,-1.716851294040679932e-01,-1.274884462356567383e+00,5.354629084467887878e-02
1.362922787666320801e+00,5.056173801422119141e-01,3.409397900104522705e-01,1.286689937114715576e-01,4.656593501567840576e-02,-1.444462984800338745e-01,9.800056815147399902e-01,0.000000000000000000e+00,0.000000000000000000e+00,9.524536319077014923e-03,-5.207424163818359375e-01,7.997536659240722656e-02,-4.128777384757995605e-01,-4.579958915710449219e-01,-5.870766639709472656e-01,6.275399923324584961e-01,-1.795483231544494629e-01,4.805090371519327164e-03,3.279620409011840820e-01,-2.757091075181961060e-02,4.499999880790710449e-01,-6.302904337644577026e-02,1.110411062836647034e-01,4.998881518840789795e-01,4.919334650039672852e-01,-1.800000071525573730e-01,-1.531151652336120605e+00,1.439841747283935547e+00,9.658723138272762299e-03,-2.720469236373901367e-01,-1.166946768760681152e+00,-1.405706815421581268e-02
1.392559647560119629e+00,5.168468356132507324e-01,3.339635729789733887e-01,1.318861842155456543e-01,2.473219297826290131e-03,-1.683515459299087524e-01,9.768611192703247070e-01,0.000000000000000000e+00,0.000000000000000000e+00,1.102725230157375336e-02,-7.096564769744873047e-01,1.824440321041009838e-10,-2.108838111162185669e-01,-4.612690210342407227e-01,-7.099999785423278809e-01,5.601530075073242188e-01,-2.220741212368011475e-01,-4.091723635792732239e-02,3.400000035762786865e-01,2.032220736145973206e-02,4.499999880790710449e-01,-7.072085049003362656e-03,4.511211067438125610e-02,5.000000000000000000e-01,3.391779065132141113e-01,-1.800000071525573730e-01,-1.676053881645202637e+00,1.490000009536743164e+00,1.591821312904357910e-01,-2.664451003074645996e-01,-1.046572566032409668e+00,-2.435707300901412964e-02
1.424695730209350586e+00,5.254004597663879395e-01,3.244835138320922852e-01,9.004232287406921387e-02,-2.994308620691299438e-02,-1.804589182138442993e-01,9.789945483207702637e-01,0.000000000000000000e+00,0.000000000000000000e+00,4.825795069336891174e-02,-7.099999785423278809e-01,-3.562078772850364993e-18,-1.510767787694931030e-01,-3.301242887973785400e-01,-6.990141868591308594e-01,2.646315991878509521e-01,-1.576627194881439209e-01,-7.313569635152816772e-02,3.400000035762786865e-01,1.299450248479843140e-01,4.499999880790710449e-01,1.165473833680152893e-01,-8.717993646860122681e-02,5.000000000000000000e-01,2.125707268714904785e-01,-1.557432860136032104e-01,-1.626174449920654297e+00,1.179480433464050293e+00,2.784260511398315430e-01,-1.680271774530410767e-01,-8.512944579124450684e-01,-1.643004640936851501e-02
1.456434488296508789e+00,5.312926769256591797e-01,3.097368478775024414e-01,3.740786761045455933e-02,-5.216589570045471191e-02,-1.686708629131317139e-01,9.835799336433410645e-01,0.000000000000000000e+00,0.000000000000000000e+00,7.026668637990951538e-02,-7.099999785423278809e-01,-9.491545977285657532e-19,-1.169598177075386047e-01,-1.879453808069229126e-01,-7.018301486968994141e-01,1.963589526712894440e-02,-2.289913967251777649e-02,-1.136073991656303406e-01,3.400000035762786865e-01,2.037029564380645752e-01,4.499999880790710449e-01,2.574017047882080078e-01,-2.135691493749618530e-01,5.000000000000000000e-01,1.561532914638519287e-02,-1.431558728218078613e-01,-1.379280209541320801e+00,7.671101689338684082e-01,3.425209224224090576e-01,-3.596081584692001343e-02,-6.255416870117187500e-01,-1.453367713838815689e-02
1.487875938415527344e+00,5.336144566535949707e-01,2.962241172790527344e-01,-6.069483701139688492e-03,-7.343287765979766846e-02,-1.440804600715637207e-01,9.868189096450805664e-01,0.000000000000000000e+00,0.000000000000000000e+00,9.560404717922210693e-02,-6.336125135421752930e-01,1.904290169477462769e-02,-7.532340288162231445e-02,-1.167168021202087402e-01,-7.099999785423278809e-01,-4.197128903754782100e-18,-9.291151654906570911e-04,-1.208336353302001953e-01,3.400000035762786865e-01,1.934567689895629883e-01,4.499999880790710449e-01,3.520759344100952148e-01,-3.170422911643981934e-01,5.000000000000000000e-01,-5.142878741025924683e-02,-1.295387446880340576e-01,-1.106010317802429199e+00,5.354213118553161621e-01,3.813040852546691895e-01,3.447349742054939270e-02,-4.692681133747100830e-01,-4.497556481510400772e-03
1.515767812728881836e+00,5.332406759262084961e-01,2.920316755771636963e-01,-4.380210861563682556e-02,-8.594242483377456665e-02,-1.161840707063674927e-01,9.885325431823730469e-01,0.000000000000000000e+00,0.000000000000000000e+00,1.587214767932891846e-01,-4.557173848152160645e-01,3.638751804828643799e-02,-1.211702674627304077e-01,-6.349293887615203857e-02,-6.968452334403991699e-01,1.932580210268497467e-02,7.334815338253974915e-03,-1.209807172417640686e-01,3.400000035762786865e-01,1.258512288331985474e-01,4.499999880790710449e-01,3.838568925857543945e-01,-3.508618474006652832e-01,5.000000000000000000e-01,9.050576388835906982e-02,-3.461817651987075806e-02,-1.084536790847778320e+00,5.085661411285400391e-01,3.344620764255523682e-01,8.024276047945022583e-02,-4.899956583976745605e-01,7.518991827964782715e-02
1.539045214653015137e+00,5.295091867446899414e-01,2.953997552394866943e-01,-5.525500327348709106e-02,-6.334701925516128540e-02,-8.401291817426681519e-02,9.929128289222717285e-01,0.000000000000000000e+00,0.000000000000000000e+00,1.927177757024765015e-01,-4.241574704647064209e-01,6.688748300075531006e-02,-2.725314795970916748e-01,-2.777133882045745850e-02,-6.916015148162841797e-01,2.382756397128105164e-02,7.158849388360977173e-02,-1.009762361645698547e-01,3.400000035762786865e-01,1.836838759481906891e-02,4.499999880790710449e-01,2.120692878961563110e-01,-2.008014172315597534e-01,5.000000000000000000e-01,2.857238054275512695e-01,-5.740906670689582825e-02,-1.253812074661254883e+00,3.571627140045166016e-01,1.628043502569198608e-01,7.912382483482360840e-02,-8.573086857795715332e-01,4.786217212677001953e-01
1.564959287643432617e+00,5.226430892944335938e-01,3.007304668426513672e-01,-3.296496719121932983e-02,-3.803123161196708679e-02,-7.477752119302749634e-02,9.959293603897094727e-01,0.000000000000000000e+00,0.000000000000000000e+00,1.682313382625579834e-01,-4.112274050712585449e-01,1.151861250400543213e-01,-4.642726778984069824e-01,-7.765126228332519531e-02,-6.686545610427856445e-01,3.520800545811653137e-02,1.132621616125106812e-01,-1.244361549615859985e-01,3.400000035762786865e-01,1.219228934496641159e-02,4.499999880790710449e-01,1.580960117280483246e-02,-2.688098000362515450e-03,5.000000000000000000e-01,4.176513552665710449e-01,-7.993964105844497681e-02,-1.289484739303588867e+00,-1.385336555540561676e-02,1.955410279333591461e-02,7.751222699880599976e-02,-1.210793375968933105e+00,9.544696807861328125e-01
1.588474392890930176e+00,5.198656320571899414e-01,3.085223436355590820e-01,-1.276536099612712860e-02,-1.545047387480735779e-02,-9.502203017473220825e-02,9.952734112739562988e-01,0.000000000000000000e+00,0.000000000000000000e+00,1.378845572471618652e-01,-3.954649865627288818e-01,1.323468685150146484e-01,-4.675736427307128906e-01,-1.411103904247283936e-01,-6.302511692047119141e-01,2.614681050181388855e-02,6.824811547994613647e-02,-8.676962554454803467e-02,3.400000035762786865e-01,5.565943941473960876e-02,4.498914778232574463e-01,-8.615163713693618774e-02,1.221751496195793152e-01,5.000000000000000000e-01,5.040237903594970703e-01,-1.502419561147689819e-01,-1.310516595840454102e+00,-1.584640331566333771e-02,-1.393409967422485352e-01,-4.455752298235893250e-02,-1.216807961463928223e+00,5.296186804771423340e-01
1.611477613449096680e+00,5.170822143554687500e-01,3.174127936363220215e-01,-6.461096461862325668e-03,5.430042743682861328e-03,-1.233080551028251648e-01,9.923325777053833008e-01,0.000000000000000000e+00,0.000000000000000000e+00,1.272828727960586548e-01,-3.671015799045562744e-01,1.344164758920669556e-01,-4.824716448783874512e-01,-1.794156581163406372e-01,-6.066420674324035645e-01,1.703615114092826843e-02,5.709789320826530457e-02,-4.631134495139122009e-02,3.400000035762786865e-01,1.372255235910415649e-01,3.917493224143981934e-01,-1.154123991727828979e-01,2.388708293437957764e-01,5.000000000000000000e-01,5.187138319015502930e-01,-1.799999922513961792e-01,-1.255342006683349609e+00,-1.427056081593036652e-02,-2.515796720981597900e-01,-1.005741953849792480e-01,-1.071435213088989258e+00,3.846193253993988037e-01
1.632102489471435547e+00,5.143145322799682617e-01,3.253930807113647461e-01,-7.578700780868530273e-03,1.857912912964820862e-02,-1.408348679542541504e-01,9.898297190666198730e-01,0.000000000000000000e+00,0.000000000000000000e+00,1.268515884876251221e-01,-3.353213667869567871e-01,1.098920851945877075e-01,-4.486062228679656982e-01,-2.094324529170989990e-01,-5.988536477088928223e-01,7.087370753288269043e-02,7.040347158908843994e-02,-3.379032388329505920e-02,3.400000035762786865e-01,2.003765851259231567e-01,3.489362597465515137e-01,-6.069477275013923645e-02,3.131085336208343506e-01,5.000000000000000000e-01,5.521236062049865723e-01,-1.800000071525573730e-01,-1.221855521202087402e+00,-1.304171234369277954e-02,-2.000094652175903320e-01,-1.361004859209060669e-01,-1.013221859931945801e+00,2.405666708946228027e-01
1.648952126502990723e+00,5.114775896072387695e-01,3.302491903305053711e-01,-9.004456922411918640e-03,2.321826107800006866e-02,-1.499004364013671875e-01,9.883874058723449707e-01,0.000000000000000000e+00,0.000000000000000000e+00,1.301346123218536377e-01,-3.113077580928802490e-01,5.779016390442848206e-02,-4.919232428073883057e-01,-2.508918046951293945e-01,-5.928663015365600586e-01,1.556355655193328857e-01,4.506443440914154053e-02,-4.754684120416641235e-02,3.400000035762786865e-01,2.573974132537841797e-01,3.370843827724456787e-01,5.291581898927688599e-02,3.449670970439910889e-01,5.000000000000000000e-01,5.886042714118957520e-01,-1.800000071525573730e-01,-1.207435727119445801e+00,-1.108322665095329285e-02,-9.770485758781433105e-02,-1.695823371410369873e-01,-1.031249523162841797e+00,1.390619575977325439e-01
1.662001967430114746e+00,5.081519484519958496e-01,3.329933881759643555e-01,9.863092564046382904e-03,1.550196111202239990e-02,-1.570226848125457764e-01,9.874240756034851074e-01,0.000000000000000000e+00,0.000000000000000000e+00,5.872523039579391479e-02,-3.214013874530792236e-01,3.890094906091690063e-02,-5.244604945182800293e-01,-3.359788954257965088e-01,-5.612985491752624512e-01,1.348145604133605957e-01,2.859878726303577423e-02,-1.163750439882278442e-01,3.400000035762786865e-01,3.230416774749755859e-01,3.431259393692016602e-01,1.723860353231430054e-01,3.567261695861816406e-01,5.000000000000000000e-01,6.170375347137451172e-01,-1.800000071525573730e-01,-1.188421368598937988e+00,-9.331026114523410797e-03,-4.169899225234985352e-02,-1.691970974206924438e-01,-9.728968739509582520e-01,5.050188302993774414e-02
1.671131730079650879e+00,5.032218098640441895e-01,3.323405385017395020e-01,2.818643674254417419e-02,-2.026583300903439522e-03,-1.657501757144927979e-01,9.857627749443054199e-01,0.000000000000000000e+00,0.000000000000000000e+00,-3.300618380308151245e-02,-3.972452282905578613e-01,1.068465262651443481e-01,-5.614843964576721191e-01,-4.004777371883392334e-01,-5.412046313285827637e-01,6.298881769180297852e-02,2.602237090468406677e-02,-1.777097433805465698e-01,3.400000035762786865e-01,3.961617648601531982e-01,3.664790987968444824e-01,2.400808185338973999e-01,3.710884153842926025e-01,5.000000000000000000e-01,6.477047204971313477e-01,-1.800000071525573730e-01,-1.162573575973510742e+00,-4.875931423157453537e-03,1.553791016340255737e-02,-1.494577825069427490e-01,-9.166374206542968750e-01,-1.170448120683431625e-02
1.676731467247009277e+00,4.967077970504760742e-01,3.279431462287902832e-01,2.555249445140361786e-02,-2.247702144086360931e-02,-1.638180315494537354e-01,9.859033823013305664e-01,0.000000000000000000e+00,0.000000000000000000e+00,-6.781537830829620361e-02,-4.491135776042938232e-01,7.872796058654785156e-02,-5.428153276443481445e-01,-4.044888317584991455e-01,-5.307850241661071777e-01,1.373275555670261383e-02,2.765885367989540100e-02,-1.917922645807266235e-01,3.400000035762786865e-01,4.537777602672576904e-01,3.855180442333221436e-01,2.540473937988281250e-01,3.880747556686401367e-01,5.000000000000000000e-01,6.658051013946533203e-01,-1.748552322387695312e-01,-1.130346059799194336e+00,1.817801594734191895e-02,6.279715150594711304e-02,-1.299761682748794556e-01,-8.524058461189270020e-01,-2.999999932944774628e-02
1.679006338119506836e+00,4.892402887344360352e-01,3.220229148864746094e-01,3.197818063199520111e-03,-4.260629415512084961e-02,-1.501298248767852783e-01,9.877426624298095703e-01,0.000000000000000000e+00,0.000000000000000000e+00,-3.650238364934921265e-02,-4.174842834472656250e-01,4.858447238802909851e-02,-5.026463866233825684e-01,-3.549091517925262451e-01,-5.373399257659912109e-01,1.631086133420467377e-02,3.351705148816108704e-02,-1.656187474727630615e-01,3.400000035762786865e-01,4.931874871253967285e-01,4.003711342811584473e-01,2.415290027856826782e-01,4.029764831066131592e-01,5.000000000000000000e-01,6.741166114807128906e-01,-1.632562875747680664e-01,-1.098181843757629395e+00,5.182757973670959473e-02,1.013804525136947632e-01,-1.120055764913558960e-01,-7.861011028289794922e-01,-2.999999932944774628e-02
1.679108023643493652e+00,4.801402688026428223e-01,3.159144818782806396e-01,-1.581827737390995026e-02,-6.078085675835609436e-02,-1.242818236351013184e-01,9.902572631835937500e-01,0.000000000000000000e+00,0.000000000000000000e+00,1.788253150880336761e-02,-3.571662306785583496e-01,9.394231438636779785e-02,-4.989385902881622314e-01,-3.098137080669403076e-01,-5.409450531005859375e-01,1.937958225607872009e-02,4.855362325906753540e-02,-1.483288854360580444e-01,3.400000035762786865e-01,5.116060972213745117e-01,4.015176594257354736e-01,2.343533933162689209e-01,3.946821987628936768e-01,5.000000000000000000e-01,6.763107180595397949e-01,-1.514889299869537354e-01,-1.081816196441650391e+00,8.317972719669342041e-02,1.267588287591934204e-01,-8.942635357379913330e-02,-7.188602685928344727e-01,-2.999999932944774628e-02
1.678054451942443848e+00,4.685641527175903320e-01,3.113371729850769043e-01,-1.973223686218261719e-02,-7.517122477293014526e-02,-9.318663179874420166e-02,9.926108121871948242e-01,0.000000000000000000e+00,0.000000000000000000e+00,7.713768631219863892e-02,-3.263688981533050537e-01,1.338227838277816772e-01,-5.336206555366516113e-01,-2.950114011764526367e-01,-5.345847010612487793e-01,3.692521899938583374e-02,6.570738554000854492e-02,-1.462129652500152588e-01,3.400000035762786865e-01,5.092343091964721680e-01,4.001260995864868164e-01,2.227288335561752319e-01,3.667262196540832520e-01,5.000000000000000000e-01,6.795711517333984375e-01,-1.435154825448989868e-01,-1.075177788734436035e+00,1.075506880879402161e-01,1.472487747669219971e-01,-7.516428828239440918e-02,-6.635369062423706055e-01,-2.999999932944774628e-02
1.677220702171325684e+00,4.549537897109985352e-01,3.094605803489685059e-01,-1.181429810822010040e-02,-8.402867615222930908e-02,-6.012599542737007141e-02,9.945775270462036133e-01,0.000000000000000000e+00,0.000000000000000000e+00,1.126502752304077148e-01,-3.311774432659149170e-01,1.363852024078369141e-01,-5.639114379882812500e-01,-2.998369038105010986e-01,-5.227116942405700684e-01,1.004702597856521606e-01,7.124448567628860474e-02,-1.463595926761627197e-01,3.400000035762786865e-01,4.828503727912902832e-01,4.094661772251129150e-01,1.990712583065032959e-01,3.283897340297698975e-01,5.000000000000000000e-01,6.889238357543945312e-01,-1.399452090263366699e-01,-1.070519328117370605e+00,1.272659748792648315e-01,1.707084327936172485e-01,-7.232423871755599976e-02,-6.287975311279296875e-01,-2.999999932944774628e-02
1.676710486412048340e+00,4.413614869117736816e-01,3.096926808357238770e-01,5.620872601866722107e-03,-8.613023906946182251e-02,-3.053173609077930450e-02,9.958000779151916504e-01,0.000000000000000000e+00,0.000000000000000000e+00,1.132658347487449646e-01,-3.428543806076049805e-01,1.026148572564125061e-01,-5.717085599899291992e-01,-3.101355731487274170e-01,-5.027543902397155762e-01,1.485232561826705933e-01,5.856401473283767700e-02,-1.529693454504013062e-01,3.400000035762786865e-01,4.445484280586242676e-01,4.287269115447998047e-01,1.640371233224868774e-01,2.865901291370391846e-01,5.000000000000000000e-01,6.923816800117492676e-01,-1.403371691703796387e-01,-1.063717961311340332e+00,1.427413672208786011e-01,1.833723634481430054e-01,-8.043805509805679321e-02,-6.039310693740844727e-01,-2.999999932944774628e-02
1.676411867141723633e+00,4.306757450103759766e-01,3.111999332904815674e-01,2.357542514801025391e-02,-8.273269236087799072e-02,-1.186483260244131088e-02,9.962221980094909668e-01,0.000000000000000000e+00,0.000000000000000000e+00,9.729507565498352051e-02,-3.458498120307922363e-01,3.574429824948310852e-02,-5.563963651657104492e-01,-3.191649019718170166e-01,-4.835565984249114990e-01,1.460289657115936279e-01,3.495335951447486877e-02,-1.579794436693191528e-01,3.400000035762786865e-01,4.165249466896057129e-01,4.478404819965362549e-01,1.172733604907989502e-01,2.545758485794067383e-01,5.000000000000000000e-01,6.828858852386474609e-01,-1.439550220966339111e-01,-1.051684856414794922e+00,1.532346904277801514e-01,1.829262673854827881e-01,-1.015628501772880554e-01,-5.883520245552062988e-01,-2.999999932944774628e-02
1.675579190254211426e+00,4.219871163368225098e-01,3.135246336460113525e-01,4.788405820727348328e-02,-7.622332125902175903e-02,2.210408682003617287e-03,9.959378838539123535e-01,0.000000000000000000e+00,0.000000000000000000e+00,5.874219164252281189e-02,-3.841829299926757812e-01,1.538393460214138031e-02,-4.232677817344665527e-01,-3.473766446113586426e-01,-4.572438299655914307e-01,9.325039386749267578e-02,1.850746572017669678e-02,-1.757529079914093018e-01,3.400000035762786865e-01,3.917396366596221924e-01,4.489905536174774170e-01,5.688633769750595093e-02,2.301239669322967529e-01,5.000000000000000000e-01,6.630435585975646973e-01,-1.500874012708663940e-01,-1.023618221282958984e+00,9.069024026393890381e-02,1.645694226026535034e-01,-1.298538893461227417e-01,-5.683324933052062988e-01,-2.999999932944774628e-02
1.673185944557189941e+00,4.149961769580841064e-01,3.163985311985015869e-01,8.711985498666763306e-02,-6.324484944343566895e-02,1.792991347610950470e-02,9.940265417098999023e-01,0.000000000000000000e+00,0.000000000000000000e+00,-2.057284116744995117e-02,-4.370994567871093750e-01,1.409065537154674530e-02,-3.140513896942138672e-01,-4.144412279129028320e-01,-4.598608613014221191e-01,3.593766316771507263e-02,1.301452517509460449e-02,-2.207424342632293701e-01,3.400000035762786865e-01,3.457010090351104736e-01,4.488089680671691895e-01,-1.886041602119803429e-03,2.061555683612823486e-01,5.000000000000000000e-01,6.174709796905517578e-01,-1.611219942569732666e-01,-9.955065250396728516e-01,4.418994113802909851e-02,1.183971539139747620e-01,-1.668622493743896484e-01,-5.555140376091003418e-01,-2.992538549005985260e-02
1.671309828758239746e+00,4.071046710014343262e-01,3.181373775005340576e-01,9.323703497648239136e-02,-6.050586700439453125e-02,2.021904848515987396e-02,9.935980439186096191e-01,0.000000000000000000e+00,0.000000000000000000e+00,-9.001151192933320999e-04,-4.341861009597778320e-01,3.411108627915382385e-02,-3.187867105007171631e-01,-3.841705620288848877e-01,-4.694834947586059570e-01,5.261962860822677612e-02,-6.823616567999124527e-03,-1.848914176225662231e-01,3.400000035762786865e-01,3.255691826343536377e-01,4.499999880790710449e-01,-2.082664892077445984e-02,1.782945841550827026e-01,5.000000000000000000e-01,6.118027567863464355e-01,-1.705130338668823242e-01,-9.771624207496643066e-01,6.465444713830947876e-02,1.332855224609375000e-01,-1.967549622058868408e-01,-5.855471491813659668e-01,-2.946848049759864807e-02
1.667540550231933594e+00,4.013454914093017578e-01,3.208101689815521240e-01,1.130832806229591370e-01,-5.051405355334281921e-02,3.096652776002883911e-02,9.918172955513000488e-01,0.000000000000000000e+00,0.000000000000000000e+00,-3.688622266054153442e-02,-4.791855812072753906e-01,1.766559928655624390e-01,-3.452792167663574219e-01,-4.014192819595336914e-01,-4.834783375263214111e-01,2.596668154001235962e-02,-1.910130679607391357e-02,-1.881862580776214600e-01,3.400000035762786865e-01,2.805907726287841797e-01,4.499999880790710449e-01,-3.526728227734565735e-02,1.141019687056541443e-01,5.000000000000000000e-01,5.734950900077819824e-01,-1.799999326467514038e-01,-9.567435383796691895e-01,7.619818300008773804e-02,1.054476723074913025e-01,-2.298542410135269165e-01,-6.056736111640930176e-01,-2.869342081248760223e-02
1.662698984146118164e+00,3.963557183742523193e-01,3.231463432312011719e-01,1.219063624739646912e-01,-4.079588130116462708e-02,4.546450078487396240e-02,9.906601309776306152e-01,0.000000000000000000e+00,0.000000000000000000e+00,-4.912377148866653442e-02,-5.189887881278991699e-01,3.438953459262847900e-01,-3.891361951828002930e-01,-3.978804647922515869e-01,-5.035903453826904297e-01,1.922981068491935730e-02,-2.282429300248622894e-02,-1.759025007486343384e-01,3.400000035762786865e-01,2.218558043241500854e-01,4.499999880790710449e-01,-2.825703471899032593e-02,3.135569766163825989e-02,5.000000000000000000e-01,5.344530940055847168e-01,-1.800000071525573730e-01,-9.416052103042602539e-01,7.832469046115875244e-02,6.858199089765548706e-02,-2.574361264705657959e-01,-6.284925341606140137e-01,-2.905263565480709076e-02
1.656823515892028809e+00,3.920176923274993896e-01,3.246921598911285400e-01,1.212184429168701172e-01,-3.271660208702087402e-02,6.543238461017608643e-02,9.899263978004455566e-01,0.000000000000000000e+00,0.000000000000000000e+00,-3.516066819429397583e-02,-5.281229615211486816e-01,4.607264101505279541e-01,-4.370705187320709229e-01,-3.784405887126922607e-01,-5.219826102256774902e-01,1.843948289752006531e-02,-2.100994437932968140e-02,-1.525945067405700684e-01,3.400000035762786865e-01,1.528589576482772827e-01,4.499999880790710449e-01,-6.999163422733545303e-03,-6.310772895812988281e-02,5.000000000000000000e-01,5.004198551177978516e-01,-1.800000071525573730e-01,-9.386710524559020996e-01,7.183519005775451660e-02,2.430900931358337402e-02,-2.758823931217193604e-01,-6.491096019744873047e-01,-2.999999187886714935e-02
1.649968147277832031e+00,3.891372382640838623e-01,3.252455592155456543e-01,1.121024489402770996e-01,-2.693409845232963562e-02,8.874925971031188965e-02,9.893589615821838379e-01,0.000000000000000000e+00,0.000000000000000000e+00,-1.022551860660314560e-02,-4.916712045669555664e-01,4.599536657333374023e-01,-4.584687948226928711e-01,-3.484065234661102295e-01,-5.362266302108764648e-01,1.765405014157295227e-02,-1.790420338511466980e-02,-1.255903840065002441e-01,3.400000035762786865e-01,8.137889951467514038e-02,4.499999880790710449e-01,2.274088002741336823e-02,-1.592003554105758667e-01,5.000000000000000000e-01,4.711111187934875488e-01,-1.800000071525573730e-01,-9.463511109352111816e-01,5.545226484537124634e-02,-3.153329715132713318e-02,-2.756082117557525635e-01,-6.589727997779846191e-01,-2.999999932944774628e-02
1.642161130905151367e+00,3.882269561290740967e-01,3.248416781425476074e-01,9.615625441074371338e-02,-2.331476844847202301e-02,1.126893237233161926e-01,9.886918067932128906e-01,0.000000000000000000e+00,0.000000000000000000e+00,8.661900646984577179e-03,-3.864312171936035156e-01,3.047271668910980225e-01,-4.357941746711730957e-01,-3.134783804416656494e-01,-5.512494444847106934e-01,1.668511144816875458e-02,-1.470140181481838226e-02,-8.786004036664962769e-02,3.400000035762786865e-01,1.106671406887471676e-03,4.499999880790710449e-01,4.514046385884284973e-02,-2.377484738826751709e-01,5.000000000000000000e-01,4.458072185516357422e-01,-1.800000071525573730e-01,-9.597958922386169434e-01,3.138502687215805054e-02,-9.254092723131179810e-02,-2.668638229370117188e-01,-6.669349670410156250e-01,-2.999999932944774628e-02
1.634220838546752930e+00,3.887220323085784912e-01,3.243017792701721191e-01,6.908658146858215332e-02,-2.376118861138820648e-02,1.329516023397445679e-01,9.884262084960937500e-01,0.000000000000000000e+00,0.000000000000000000e+00,6.632227450609207153e-02,-2.308767139911651611e-01,2.527206391096115112e-02,-2.141422927379608154e-01,-2.616901397705078125e-01,-5.689486265182495117e-01,1.550721470266580582e-02,2.968348003923892975e-02,-2.768792212009429932e-02,3.400000035762786865e-01,-7.453424483537673950e-02,4.499999880790710449e-01,6.721149384975433350e-02,-3.083266317844390869e-01,5.000000000000000000e-01,4.179330766201019287e-01,-1.800000071525573730e-01,-9.577006101608276367e-01,-2.639054879546165466e-02,-1.634869277477264404e-01,-2.528695166110992432e-01,-6.528311967849731445e-01,-2.703055739402770996e-02
1.625328302383422852e+00,3.904909491539001465e-01,3.224756121635437012e-01,4.244160652160644531e-02,-2.864842675626277924e-02,1.482833325862884521e-01,9.876183867454528809e-01,0.000000000000000000e+00,0.000000000000000000e+00,1.287435293197631836e-01,-2.115560322999954224e-01,1.239938288927078247e-02,-1.945323199033737183e-01,-2.180288285017013550e-01,-5.884939432144165039e-01,1.488490868359804153e-02,4.465999826788902283e-02,3.044504113495349884e-02,3.400000035762786865e-01,-1.467984467744827271e-01,4.499999880790710449e-01,7.969060540199279785e-02,-3.390385508537292480e-01,5.000000000000000000e-01,4.032178819179534912e-01,-1.800000071525573730e-01,-9.768800735473632812e-01,-2.566140331327915192e-02,-2.108449637889862061e-01,-2.250679582357406616e-01,-6.647407412528991699e-01,-1.587004400789737701e-02
1.616073489189147949e+00,3.924721479415893555e-01,3.217569291591644287e-01,2.138699963688850403e-02,-2.927694655954837799e-02,1.559562981128692627e-01,9.870983362197875977e-01,0.000000000000000000e+00,0.000000000000000000e+00,1.654457151889801025e-01,-2.445944845676422119e-01,1.217112224549055099e-02,-2.395589649677276611e-01,-1.917624771595001221e-01,-6.194537281990051270e-01,1.437658723443746567e-02,4.818008467555046082e-02,7.989768683910369873e-02,3.400000035762786865e-01,-1.993325203657150269e-01,4.499999880790710449e-01,7.960785925388336182e-02,-3.588595688343048096e-01,5.000000000000000000e-01,3.772840499877929688e-01,-1.800000071525573730e-01,-1.000304102897644043e+00,-2.541801147162914276e-02,-2.663158774375915527e-01,-1.995561271905899048e-01,-6.748474836349487305e-01,-9.632214903831481934e-03
1.607545018196105957e+00,3.945979177951812744e-01,3.230336606502532959e-01,-6.435533054172992706e-03,-2.444274164736270905e-02,1.585036516189575195e-01,9.870347976684570312e-01,0.000000000000000000e+00,0.000000000000000000e+00,2.008738070726394653e-01,-2.939012944698333740e-01,1.140299439430236816e-02,-2.706310749053955078e-01,-1.622547954320907593e-01,-6.364737153053283691e-01,1.534954551607370377e-02,5.800003185868263245e-02,1.470652669668197632e-01,3.400000035762786865e-01,-2.398163676261901855e-01,4.499999880790710449e-01,7.452241331338882446e-02,-3.793870508670806885e-01,5.000000000000000000e-01,3.412281870841979980e-01,-1.800000071525573730e-01,-1.033373594284057617e+00,-2.549586817622184753e-02,-3.284732401371002197e-01,-1.777777671813964844e-01,-6.911654472351074219e-01,-3.754107048735022545e-03
1.600164055824279785e+00,3.963602781295776367e-01,3.257353305816650391e-01,-3.913343325257301331e-02,-1.728740148246288300e-02,1.578083336353302002e-01,9.865425825119018555e-01,0.000000000000000000e+00,0.000000000000000000e+00,2.475249767303466797e-01,-3.438968956470489502e-01,8.485684171319007874e-03,-2.777810990810394287e-01,-1.232906356453895569e-01,-6.599087715148925781e-01,1.360185295343399048e-01,6.294826418161392212e-02,2.249440550804138184e-01,3.400000035762786865e-01,-2.656934261322021484e-01,4.499999880790710449e-01,6.862092763185501099e-02,-3.941258192062377930e-01,5.000000000000000000e-01,2.961059808731079102e-01,-1.800000071525573730e-01,-1.059276103973388672e+00,-2.550167217850685120e-02,-3.778101205825805664e-01,-1.609461158514022827e-01,-7.179311513900756836e-01,1.874986337497830391e-03
1.593461990356445312e+00,3.979040384292602539e-01,3.278420567512512207e-01,-5.503587797284126282e-02,-8.357156068086624146e-03,1.531042605638504028e-01,9.866409301757812500e-01,0.000000000000000000e+00,0.000000000000000000e+00,2.575844824314117432e-01,-3.807362318038940430e-01,5.745480768382549286e-03,-2.828090488910675049e-01,-1.200958937406539917e-01,-7.085827589035034180e-01,4.162837862968444824e-01,1.954656280577182770e-02,2.626752853393554688e-01,3.400000035762786865e-01,-2.702002823352813721e-01,4.499999880790710449e-01,7.247893512248992920e-02,-3.905438184738159180e-01,5.000000000000000000e-01,2.594789564609527588e-01,-1.800000071525573730e-01,-1.086013913154602051e+00,-2.548930794000625610e-02,-4.049829840660095215e-01,-1.461192816495895386e-01,-7.600848674774169922e-01,5.948937963694334030e-03
1.586293697357177734e+00,3.987596929073333740e-01,3.285513222217559814e-01,-5.121721327304840088e-02,1.177921658381819725e-03,1.407413631677627563e-01,9.887199997901916504e-01,0.000000000000000000e+00,0.000000000000000000e+00,2.273491024971008301e-01,-4.067484140396118164e-01,4.484727513045072556e-03,-2.801313698291778564e-01,-1.624108701944351196e-01,-6.552864313125610352e-01,5.362925529479980469e-01,-4.148675501346588135e-02,2.617129385471343994e-01,3.400000035762786865e-01,-2.563077509403228760e-01,4.499999880790710449e-01,7.639531046152114868e-02,-3.757445514202117920e-01,5.000000000000000000e-01,2.281778156757354736e-01,-1.800000071525573730e-01,-1.107991099357604980e+00,-2.576817199587821960e-02,-4.308486282825469971e-01,-1.310947537422180176e-01,-7.850447297096252441e-01,5.941350944340229034e-03
1.578596353530883789e+00,3.964817523956298828e-01,3.284937739372253418e-01,-4.252317547798156738e-02,5.804989486932754517e-03,1.285217255353927612e-01,9.907776117324829102e-01,0.000000000000000000e+00,0.000000000000000000e+00,2.039171755313873291e-01,-4.403781890869140625e-01,2.955903066322207451e-03,-2.034248262643814087e-01,-1.969086229801177979e-01,-4.617339670658111572e-01,3.139564394950866699e-01,-2.142773475497961044e-03,2.596172094345092773e-01,3.400000035762786865e-01,-2.397413849830627441e-01,4.499999880790710449e-01,5.383956059813499451e-02,-3.806105256080627441e-01,5.000000000000000000e-01,1.884249299764633179e-01,-1.800000071525573730e-01,-1.109334349632263184e+00,-2.372056059539318085e-02,-4.355837404727935791e-01,-1.279155611991882324e-01,-8.120334148406982422e-01,4.171310365200042725e-02
1.570581793785095215e+00,3.909597694873809814e-01,3.263829350471496582e-01,-1.545926183462142944e-02,4.003490786999464035e-03,1.218415275216102600e-01,9.924210906028747559e-01,0.000000000000000000e+00,0.000000000000000000e+00,1.541181057691574097e-01,-4.635710120201110840e-01,3.231978975236415863e-03,-1.337230652570724487e-01,-2.645439207553863525e-01,-2.969820797443389893e-01,1.139040887355804443e-01,8.671026676893234253e-02,2.235537171363830566e-01,3.400000035762786865e-01,-2.243674546480178833e-01,4.499999880790710449e-01,1.266051083803176880e-02,-4.508041143417358398e-01,5.000000000000000000e-01,1.523448973894119263e-01,-1.800000071525573730e-01,-1.092863798141479492e+00,-2.153391577303409576e-02,-3.228408396244049072e-01,-1.645533740520477295e-01,-9.188892841339111328e-01,1.205799952149391174e-01
1.562099695205688477e+00,3.830238282680511475e-01,3.232405483722686768e-01,1.608314551413059235e-02,3.917582507710903883e-04,1.193119063973426819e-01,9.927264451980590820e-01,0.000000000000000000e+00,0.000000000000000000e+00,9.923762828111648560e-02,-4.792202711105346680e-01,4.442315082997083664e-03,-1.345579624176025391e-01,-3.309589922428131104e-01,-2.464452236890792847e-01,9.289012104272842407e-02,3.478226810693740845e-02,1.846161037683486938e-01,3.400000035762786865e-01,-2.269616872072219849e-01,4.499999880790710449e-01,-2.505665086209774017e-02,-5.553166866302490234e-01,5.000000000000000000e-01,1.159779056906700134e-01,-1.800000071525573730e-01,-1.074586033821105957e+00,-2.023193612694740295e-02,-1.475001573562622070e-01,-2.269608080387115479e-01,-1.012970209121704102e+00,1.292910128831863403e-01
1.553613543510437012e+00,3.760683536529541016e-01,3.210364580154418945e-01,3.230707347393035889e-02,-4.885477945208549500e-03,1.237508282065391541e-01,9.917752146720886230e-01,0.000000000000000000e+00,0.000000000000000000e+00,7.156426459550857544e-02,-4.982610940933227539e-01,5.413922946900129318e-03,-1.447739005088806152e-01,-3.543541729450225830e-01,-2.777941823005676270e-01,1.500465273857116699e-01,-3.389170020818710327e-02,1.669834405183792114e-01,3.400000035762786865e-01,-2.693068981170654297e-01,4.499999880790710449e-01,-2.347700856626033783e-02,-6.380998492240905762e-01,5.000000000000000000e-01,8.073753118515014648e-02,-1.670501232147216797e-01,-1.063732862472534180e+00,-1.250037271529436111e-02,1.146810315549373627e-02,-2.588006854057312012e-01,-1.016721963882446289e+00,1.288648694753646851e-01
1.546258211135864258e+00,3.706592917442321777e-01,3.203101754188537598e-01,3.300736844539642334e-02,-9.580853395164012909e-03,1.307988464832305908e-01,9.908130168914794922e-01,0.000000000000000000e+00,0.000000000000000000e+00,7.425737380981445312e-02,-5.211210250854492188e-01,5.669361911714076996e-03,-1.532273292541503906e-01,-3.361812531948089600e-01,-3.167967200279235840e-01,2.077098637819290161e-01,-9.148994833230972290e-02,1.700242906808853149e-01,3.400000035762786865e-01,-3.190059363842010498e-01,4.499999880790710449e-01,4.647625610232353210e-03,-6.904916167259216309e-01,5.000000000000000000e-01,5.662248656153678894e-02,-1.459395140409469604e-01,-1.065499186515808105e+00,-4.336159676313400269e-03,9.206515550613403320e-02,-2.623402774333953857e-01,-8.757745623588562012e-01,1.408124566078186035e-01
1.540140032768249512e+00,3.658056855201721191e-01,3.203420341014862061e-01,2.716039679944515228e-02,-1.020384486764669418e-02,1.316255629062652588e-01,9.908748269081115723e-01,0.000000000000000000e+00,0.000000000000000000e+00,9.352412074804306030e-02,-5.517389178276062012e-01,5.132145248353481293e-03,-1.531289964914321899e-01,-3.017122745513916016e-01,-3.391360044479370117e-01,2.174991667270660400e-01,-1.315295845270156860e-01,1.966110318899154663e-01,3.400000035762786865e-01,-3.503703773021697998e-01,4.499825835227966309e-01,2.971072494983673096e-02,-7.305821776390075684e-01,5.000000000000000000e-01,3.677774593234062195e-02,-1.331598311662673950e-01,-1.081093788146972656e+00,4.860285669565200806e-03,7.063055783510208130e-02,-2.535131871700286865e-01,-7.811665534973144531e-01,1.582409292459487915e-01
1.534493565559387207e+00,3.613578677177429199e-01,3.208213746547698975e-01,2.461876533925533295e-02,-3.633326618000864983e-03,1.248676106333732605e-01,9.918612837791442871e-01,0.000000000000000000e+00,0.000000000000000000e+00,1.108631417155265808e-01,-5.890105962753295898e-01,2.323163673281669617e-03,-1.390016376972198486e-01,-2.786055803298950195e-01,-3.532175719738006592e-01,1.808275133371353149e-01,-1.506653875112533569e-01,2.184558659791946411e-01,3.400000035762786865e-01,-3.612395823001861572e-01,4.496759176254272461e-01,4.230473935604095459e-02,-7.743755578994750977e-01,5.000000000000000000e-01,6.032198201864957809e-03,-1.253921687602996826e-01,-1.105406999588012695e+00,1.552663464099168777e-02,-4.426133818924427032e-04,-2.239752709865570068e-01,-7.899472117424011230e-01,1.566242724657058716e-01
1.529839038848876953e+00,3.580518066883087158e-01,3.207746744155883789e-01,2.391719259321689606e-02,-2.997711708303540945e-04,1.141650602221488953e-01,9.931738376617431641e-01,0.000000000000000000e+00,0.000000000000000000e+00,1.195898354053497314e-01,-6.111628413200378418e-01,2.745016536209732294e-04,-1.234756857156753540e-01,-2.616161704063415527e-01,-3.588239252567291260e-01,1.478853970766067505e-01,-1.680609583854675293e-01,2.394930571317672729e-01,3.400000035762786865e-01,-3.564391136169433594e-01,4.498792588710784912e-01,4.646253213286399841e-02,-8.261249065399169922e-01,5.000000000000000000e-01,-1.225957460701465607e-02,-1.198184490203857422e-01,-1.112761616706848145e+00,2.502527460455894470e-02,-3.636975958943367004e-02,-2.245361953973770142e-01,-7.931852340698242188e-01,1.329665333032608032e-01
1.525016188621520996e+00,3.562307953834533691e-01,3.201716542243957520e-01,2.278057858347892761e-02,1.417005900293588638e-03,9.964344650506973267e-02,9.947614073753356934e-01,0.000000000000000000e+00,0.000000000000000000e+00,1.289330720901489258e-01,-6.256155371665954590e-01,-9.766289881842082909e-19,-1.096160560846328735e-01,-2.489312589168548584e-01,-3.684264421463012695e-01,1.233927160501480103e-01,-1.831078380346298218e-01,2.602341771125793457e-01,3.400000035762786865e-01,-3.445379436016082764e-01,4.499999880790710449e-01,4.639681428670883179e-02,-8.685945272445678711e-01,5.000000000000000000e-01,-2.416279725730419159e-02,-1.147585958242416382e-01,-1.112195491790771484e+00,3.245459869503974915e-02,-4.669990390539169312e-02,-2.293211817741394043e-01,-8.060765266418457031e-01,9.481866657733917236e-02
1.520021319389343262e+00,3.556664288043975830e-01,3.189688324928283691e-01,2.061681076884269714e-02,2.694357419386506081e-03,8.197009563446044922e-02,9.964178800582885742e-01,0.000000000000000000e+00,0.000000000000000000e+00,1.397816389799118042e-01,-6.352251768112182617e-01,1.655711183865741891e-18,-9.924537688493728638e-02,-2.372923940420150757e-01,-3.875385224819183350e-01,1.116813197731971741e-01,-1.956212520599365234e-01,2.778468728065490723e-01,3.400000035762786865e-01,-3.307645022869110107e-01,4.499999880790710449e-01,4.831752926111221313e-02,-8.871229887008666992e-01,5.000000000000000000e-01,-3.291147947311401367e-02,-9.368637204170227051e-02,-1.103527784347534180e+00,3.554036468267440796e-02,-3.089014999568462372e-02,-2.196830064058303833e-01,-8.653832674026489258e-01,5.118677765130996704e-02
1.514969587326049805e+00,3.563909232616424561e-01,3.173453509807586670e-01,1.815882511436939240e-02,2.947037806734442711e-03,6.246623024344444275e-02,9.978775382041931152e-01,0.000000000000000000e+00,0.000000000000000000e+00,1.498755514621734619e-01,-6.390485167503356934e-01,-9.174690307744157516e-19,-9.368843585252761841e-02,-2.283531874418258667e-01,-4.147736430168151855e-01,1.135022044181823730e-01,-2.068030089139938354e-01,2.896233797073364258e-01,3.400000035762786865e-01,-3.173553645610809326e-01,4.499999880790710449e-01,7.564886659383773804e-02,-8.745110630989074707e-01,5.000000000000000000e-01,-4.121688380837440491e-02,-5.922110378742218018e-02,-1.083712339401245117e+00,3.490890935063362122e-02,-1.056404039263725281e-02,-1.913578063249588013e-01,-9.298136830329895020e-01,6.778534036129713058e-03
1.509941577911376953e+00,3.579368591308593750e-01,3.155086040496826172e-01,1.469697244465351105e-02,1.112557714805006981e-03,4.319148883223533630e-02,9.989581108093261719e-01,0.000000000000000000e+00,0.000000000000000000e+00,1.610952168703079224e-01,-6.375560760498046875e-01,-2.275126360421987946e-18,-9.330231696367263794e-02,-2.191114127635955811e-01,-4.445378184318542480e-01,1.230351701378822327e-01,-2.162500917911529541e-01,2.989230751991271973e-01,3.400000035762786865e-01,-3.035459518432617188e-01,4.499999880790710449e-01,1.205312535166740417e-01,-8.350883126258850098e-01,5.000000000000000000e-01,-4.693604260683059692e-02,-2.141093276441097260e-02,-1.057169318199157715e+00,3.363439813256263733e-02,3.785481210798025131e-03,-1.594238728284835815e-01,-9.688249230384826660e-01,-2.999998442828655243e-02
1.504875659942626953e+00,3.598672449588775635e-01,3.135610222816467285e-01,1.038737129420042038e-02,-2.713991794735193253e-03,2.525125630199909210e-02,9.996234774589538574e-01,0.000000000000000000e+00,0.000000000000000000e+00,1.732825338840484619e-01,-6.315613389015197754e-01,3.613337914639357288e-18,-1.005608960986137390e-01,-2.098124027252197266e-01,-4.723380804061889648e-01,1.392322480678558350e-01,-2.338509112596511841e-01,3.024966120719909668e-01,3.400000035762786865e-01,-2.864385545253753662e-01,4.499999880790710449e-01,1.744586527347564697e-01,-7.774218916893005371e-01,5.000000000000000000e-01,-5.465675517916679382e-02,1.991807296872138977e-02,-1.021924138069152832e+00,3.518928214907646179e-02,2.290331944823265076e-02,-1.287186294794082642e-01,-1.001452445983886719e+00,-2.999999932944774628e-02
1.499806761741638184e+00,3.619118332862854004e-01,3.113257586956024170e-01,5.397655069828033447e-03,-9.708992205560207367e-03,9.208158589899539948e-03,9.998958706855773926e-01,0.000000000000000000e+00,0.000000000000000000e+00,1.812393963336944580e-01,-6.220911145210266113e-01,1.249976198276337881e-18,-1.118491217494010925e-01,-1.987128406763076782e-01,-4.945980012416839600e-01,1.603205502033233643e-01,-2.523716688156127930e-01,3.044901490211486816e-01,3.400000035762786865e-01,-2.729669511318206787e-01,4.499999880790710449e-01,2.234011292457580566e-01,-7.062119841575622559e-01,5.000000000000000000e-01,-6.224267557263374329e-02,7.341849058866500854e-02,-9.719704985618591309e-01,4.024027287960052490e-02,5.571645870804786682e-02,-1.085100993514060974e-01,-1.033842325210571289e+00,-2.999999932944774628e-02
1.494106411933898926e+00,3.638584613800048828e-01,3.091252446174621582e-01,1.518618781119585037e-03,-1.332894619554281235e-02,-6.846477743238210678e-03,9.998865723609924316e-01,0.000000000000000000e+00,0.000000000000000000e+00,1.909559518098831177e-01,-6.182066798210144043e-01,7.579600787721574306e-04,-1.270902603864669800e-01,-1.898526549339294434e-01,-5.204869508743286133e-01,1.740646362304687500e-01,-2.724637091159820557e-01,2.970168888568878174e-01,3.400000035762786865e-01,-2.459451705217361450e-01,4.499999880790710449e-01,2.606931626796722412e-01,-6.306198239326477051e-01,5.000000000000000000e-01,-9.208628535270690918e-02,1.154155284166336060e-01,-9.184556007385253906e-01,4.892885684967041016e-02,7.274900376796722412e-02,-8.051537722349166870e-02,-1.058220744132995605e+00,-2.999999932944774628e-02
1.488293170928955078e+00,3.652779459953308105e-01,3.068491518497467041e-01,-1.040357514284551144e-03,-1.631254330277442932e-02,-2.190766669809818268e-02,9.996263384819030762e-01,0.000000000000000000e+00,0.000000000000000000e+00,1.990548670291900635e-01,-6.173304319381713867e-01,2.116402611136436462e-03,-1.426201909780502319e-01,-1.811589598655700684e-01,-5.451570153236389160e-01,1.838799417018890381e-01,-2.869269251823425293e-01,2.841383218765258789e-01,3.400000035762786865e-01,-2.137630432844161987e-01,4.499999880790710449e-01,2.976827323436737061e-01,-5.439102649688720703e-01,5.000000000000000000e-01,-1.288917362689971924e-01,1.536910533905029297e-01,-8.650250434875488281e-01,6.097280979156494141e-02,8.306535333395004272e-02,-5.327486246824264526e-02,-1.074379205703735352e+00,-2.999999932944774628e-02
1.482522726058959961e+00,3.660232424736022949e-01,3.045606613159179688e-01,-1.908646663650870323e-03,-1.942864432930946350e-02,-3.512544557452201843e-02,9.991922378540039062e-01,0.000000000000000000e+00,0.000000000000000000e+00,2.052563875913619995e-01,-6.178563237190246582e-01,3.320937976241111755e-03,-1.573361158370971680e-01,-1.736021488904953003e-01,-5.682767033576965332e-01,1.941471248865127563e-01,-2.969357371330261230e-01,2.680809199810028076e-01,3.400000035762786865e-01,-1.811532378196716309e-01,4.499999880790710449e-01,3.548455536365509033e-01,-4.421194493770599365e-01,5.000000000000000000e-01,-1.666520088911056519e-01,1.855385899543762207e-01,-8.161509633064270020e-01,7.485255599021911621e-02,8.685858547687530518e-02,-3.000756539404392242e-02,-1.082243561744689941e+00,-2.999999932944774628e-02
1.476941704750061035e+00,3.659553825855255127e-01,3.023298680782318115e-01,-1.123764785006642342e-03,-2.258108183741569519e-02,-4.516180232167243958e-02,9.987238049507141113e-01,0.000000000000000000e+00,0.000000000000000000e+00,2.092679142951965332e-01,-6.209617257118225098e-01,4.375519696623086929e-03,-1.701087206602096558e-01,-1.674193441867828369e-01,-5.892470479011535645e-01,2.045945823192596436e-01,-3.033567667007446289e-01,2.481420338153839111e-01,3.400000035762786865e-01,-1.505990624427795410e-01,4.499481916427612305e-01,4.302777647972106934e-01,-3.191637396812438965e-01,5.000000000000000000e-01,-2.015246748924255371e-01,2.092247456312179565e-01,-7.750626802444458008e-01,8.804710954427719116e-02,8.266359567642211914e-02,-8.790144696831703186e-03,-1.079285264015197754e+00,-2.999999932944774628e-02
1.471823811531066895e+00,3.650704622268676758e-01,3.001156747341156006e-01,1.325748395174741745e-03,-2.569564990699291229e-02,-5.276983603835105896e-02,9.982751607894897461e-01,0.000000000000000000e+00,0.000000000000000000e+00,2.116888910531997681e-01,-6.251208186149597168e-01,5.262297112494707108e-03,-1.796258389949798584e-01,-1.630387008190155029e-01,-6.081346273422241211e-01,2.164663374423980713e-01,-3.064267039299011230e-01,2.255198508501052856e-01,3.400000035762786865e-01,-1.192361339926719666e-01,4.499999880790710449e-01,4.794777631759643555e-01,-1.958585381507873535e-01,5.000000000000000000e-01,-2.246903479099273682e-01,2.219685763120651245e-01,-7.541109323501586914e-01,9.922996163368225098e-02,7.903160154819488525e-02,4.794337786734104156e-03,-1.074233412742614746e+00,-2.999999932944774628e-02
1.467076539993286133e+00,3.635754585266113281e-01,2.979280054569244385e-01,5.679311230778694153e-03,-2.943735383450984955e-02,-5.740365013480186462e-02,9.979007840156555176e-01,0.000000000000000000e+00,0.000000000000000000e+00,2.106847614049911499e-01,-6.294553875923156738e-01,5.858454853296279907e-03,-1.855681091547012329e-01,-1.629952788352966309e-01,-6.245536208152770996e-01,2.311134934425354004e-01,-3.063599169254302979e-01,1.990580409765243530e-01,3.400000035762786865e-01,-8.438771218061447144e-02,4.499999880790710449e-01,4.916926622390747070e-01,-9.551493078470230103e-02,5.000000000000000000e-01,-2.266176939010620117e-01,2.189464718103408813e-01,-7.656878829002380371e-01,1.108880639076232910e-01,7.509677112102508545e-02,5.999980028718709946e-03,-1.063023447990417480e+00,-2.999999932944774628e-02
1.462679982185363770e+00,3.617351353168487549e-01,2.958752214908599854e-01,1.071491278707981110e-02,-3.379555046558380127e-02,-5.847127735614776611e-02,9.976593255996704102e-01,0.000000000000000000e+00,0.000000000000000000e+00,2.068394571542739868e-01,-6.344577074050903320e-01,6.174619775265455246e-03,-1.878382116556167603e-01,-1.664912700653076172e-01,-6.379045248031616211e-01,2.477494627237319946e-01,-3.040493428707122803e-01,1.707781255245208740e-01,3.400000035762786865e-01,-4.604102298617362976e-02,4.499999880790710449e-01,4.759744107723236084e-01,-2.672449126839637756e-02,5.000000000000000000e-01,-1.984042078256607056e-01,1.936401426792144775e-01,-8.193375468254089355e-01,1.254709064960479736e-01,7.068450003862380981e-02,-4.760934505611658096e-03,-1.046451210975646973e+00,-2.999999932944774628e-02
1.458522677421569824e+00,3.596563637256622314e-01,2.940807640552520752e-01,1.607952639460563660e-02,-3.844690695405006409e-02,-5.643023177981376648e-02,9.975364208221435547e-01,0.000000000000000000e+00,0.000000000000000000e+00,2.010875195264816284e-01,-6.411461830139160156e-01,6.296298000961542130e-03,-1.861391365528106689e-01,-1.722703427076339722e-01,-6.484084129333496094e-01,2.646701037883758545e-01,-3.002564609050750732e-01,1.432988345623016357e-01,3.400000035762786865e-01,-5.732549354434013367e-03,4.499999880790710449e-01,4.571299850940704346e-01,1.435191649943590164e-02,5.000000000000000000e-01,-1.283222287893295288e-01,1.404159516096115112e-01,-9.191146492958068848e-01,1.447488218545913696e-01,6.545461714267730713e-02,-3.103090263903141022e-02,-1.026215553283691406e+00,-2.999999932944774628e-02
1.454666018486022949e+00,3.576714694499969482e-01,2.926566302776336670e-01,2.064053900539875031e-02,-4.184324294328689575e-02,-5.137448385357856750e-02,9.975889921188354492e-01,0.000000000000000000e+00,0.000000000000000000e+00,1.945202499628067017e-01,-6.521263122558593750e-01,5.906252190470695496e-03,-1.800897866487503052e-01,-1.777347922325134277e-01,-6.576079726219177246e-01,2.793747484683990479e-01,-2.955715954303741455e-01,1.196566373109817505e-01,3.400000035762786865e-01,3.121508285403251648e-02,4.499999880790710449e-01,4.412588477134704590e-01,3.345530852675437927e-02,5.000000000000000000e-01,5.840568337589502335e-03,4.921768605709075928e-02,-1.091293931007385254e+00,1.737047880887985229e-01,5.502617359161376953e-02,-6.740505993366241455e-02,-1.005329608917236328e+00,-2.999999932944774628e-02
1.451772570610046387e+00,3.560486733913421631e-01,2.915174365043640137e-01,2.521626651287078857e-02,-4.263896495103836060e-02,-4.530520364642143250e-02,9.977442026138305664e-01,0.000000000000000000e+00,0.000000000000000000e+00,1.856468766927719116e-01,-6.658907532691955566e-01,4.726083949208259583e-03,-1.718939095735549927e-01,-1.840436607599258423e-01,-6.672614216804504395e-01,2.916534543037414551e-01,-2.925854623317718506e-01,1.002146899700164795e-01,3.400000035762786865e-01,7.299397885799407959e-02,4.499999880790710449e-01,4.268478155136108398e-01,4.043641313910484314e-02,5.000000000000000000e-01,1.860443800687789917e-01,-1.029686033725738525e-01,-1.269466042518615723e+00,2.129753082990646362e-01,4.091192409396171570e-02,-1.220286339521408081e-01,-9.815530776977539062e-01,-2.999999932944774628e-02
1.449702620506286621e+00,3.544130623340606689e-01,2.909818589687347412e-01,2.630750089883804321e-02,-4.196325317025184631e-02,-4.280639812350273132e-02,9.978550076484680176e-01,0.000000000000000000e+00,0.000000000000000000e+00,1.832447946071624756e-01,-6.797524094581604004e-01,4.336230922490358353e-03,-1.629297733306884766e-01,-1.816732436418533325e-01,-6.762335896492004395e-01,2.991148233413696289e-01,-2.913908064365386963e-01,5.637861415743827820e-02,3.400000035762786865e-01,1.300387680530548096e-01,4.499999880790710449e-01,4.265454411506652832e-01,4.929614067077636719e-02,5.000000000000000000e-01,3.442180156707763672e-01,-1.455055624246597290e-01,-1.378020048141479492e+00,2.489171028137207031e-01,2.795168198645114899e-02,-1.516912281513214111e-01,-9.544175267219543457e-01,-2.998990006744861603e-02
1.448029518127441406e+00,3.532893657684326172e-01,2.908957600593566895e-01,2.566177211701869965e-02,-3.948149830102920532e-02,-4.207456484436988831e-02,9.980041980743408203e-01,0.000000000000000000e+00,0.000000000000000000e+00,1.841686964035034180e-01,-6.934752464294433594e-01,3.654394764453172684e-03,-1.535261273384094238e-01,-1.762370467185974121e-01,-6.853274703025817871e-01,2.982850670814514160e-01,-2.886320650577545166e-01,2.137767150998115540e-03,3.400000035762786865e-01,2.017908543348312378e-01,4.499999880790710449e-01,4.473975002765655518e-01,6.387109309434890747e-02,5.000000000000000000e-01,3.908059298992156982e-01,-1.488589793443679810e-01,-1.423451423645019531e+00,2.741998136043548584e-01,1.736496388912200928e-02,-1.646252721548080444e-01,-9.364629983901977539e-01,-2.995021268725395203e-02
1.446549415588378906e+00,3.528342545032501221e-01,2.910600900650024414e-01,2.565328963100910187e-02,-3.592832386493682861e-02,-4.105967655777931213e-02,9.981809258460998535e-01,0.000000000000000000e+00,0.000000000000000000e+00,1.812031567096710205e-01,-6.997877359390258789e-01,2.791223960230126977e-05,-1.488506048917770386e-01,-1.752453595399856567e-01,-6.896798014640808105e-01,2.845201492309570312e-01,-2.816799879074096680e-01,-5.677534639835357666e-02,3.400000035762786865e-01,2.746936976909637451e-01,4.499999880790710449e-01,4.722720384597778320e-01,8.798296749591827393e-02,5.000000000000000000e-01,3.426167666912078857e-01,-1.430468261241912842e-01,-1.464276790618896484e+00,2.981935739517211914e-01,1.233453978784382343e-03,-1.691090315580368042e-01,-9.216902852058410645e-01,-2.992845512926578522e-02
1.445289611816406250e+00,3.527297377586364746e-01,2.913222610950469971e-01,2.664962038397789001e-02,-3.253640234470367432e-02,-4.145050421357154846e-02,9.982550144195556641e-01,0.000000000000000000e+00,0.000000000000000000e+00,1.765882968902587891e-01,-7.046399712562561035e-01,4.451859586980793249e-18,-1.501222252845764160e-01,-1.767794042825698853e-01,-6.898716688156127930e-01,2.621974050998687744e-01,-2.723237574100494385e-01,-1.006473675370216370e-01,3.400000035762786865e-01,3.307791352272033691e-01,4.499999880790710449e-01,4.880692660808563232e-01,1.185354143381118774e-01,5.000000000000000000e-01,2.861501574516296387e-01,-1.367970257997512817e-01,-1.477279067039489746e+00,3.252897858619689941e-01,-1.374156214296817780e-02,-1.764228790998458862e-01,-9.159875512123107910e-01,-2.991367131471633911e-02
1.443939685821533203e+00,3.529493212699890137e-01,2.915251851081848145e-01,2.857152372598648071e-02,-2.880516462028026581e-02,-4.224791377782821655e-02,9.982830286026000977e-01,0.000000000000000000e+00,0.000000000000000000e+00,1.706672757863998413e-01,-7.088575959205627441e-01,3.794059094099023945e-18,-1.557897180318832397e-01,-1.791315525770187378e-01,-6.908055543899536133e-01,2.401010841131210327e-01,-2.618978619575500488e-01,-1.207628920674324036e-01,3.400000035762786865e-01,3.578127026557922363e-01,4.499999880790710449e-01,4.773807525634765625e-01,1.603798568248748779e-01,5.000000000000000000e-01,2.576500475406646729e-01,-1.324778944253921509e-01,-1.479777574539184570e+00,3.491196334362030029e-01,-2.918113581836223602e-02,-1.924917697906494141e-01,-9.195858240127563477e-01,-2.990085445344448090e-02
1.442515730857849121e+00,3.532733619213104248e-01,2.916181981563568115e-01,3.113290481269359589e-02,-2.521572634577751160e-02,-4.329554364085197449e-02,9.982587099075317383e-01,0.000000000000000000e+00,0.000000000000000000e+00,1.634920686483383179e-01,-7.099999785423278809e-01,-1.404552680115040992e-18,-1.663373112678527832e-01,-1.822994947433471680e-01,-6.919763088226318359e-01,2.196441590785980225e-01,-2.520998120307922363e-01,-1.364736557006835938e-01,3.400000035762786865e-01,3.832437396049499512e-01,4.499999880790710449e-01,4.371862411499023438e-01,2.108235508203506470e-01,5.000000000000000000e-01,2.518300414085388184e-01,-1.306469887495040894e-01,-1.494755029678344727e+00,3.704998195171356201e-01,-4.760546609759330750e-02,-2.160279005765914917e-01,-9.198241829872131348e-01,-2.987507171928882599e-02
1.441017508506774902e+00,3.536742329597473145e-01,2.915583252906799316e-01,3.335575014352798462e-02,-2.206853963434696198e-02,-4.531878232955932617e-02,9.981716275215148926e-01,0.000000000000000000e+00,0.000000000000000000e+00,1.575644314289093018e-01,-7.099999785423278809e-01,2.790377991161881437e-18,-1.818172335624694824e-01,-1.844108998775482178e-01,-6.931896209716796875e-01,2.001532316207885742e-01,-2.440632283687591553e-01,-1.552785784006118774e-01,3.400000035762786865e-01,4.189670979976654053e-01,4.499999880790710449e-01,4.018827378749847412e-01,2.360811382532119751e-01,5.000000000000000000e-01,2.596176564693450928e-01,-1.305284500122070312e-01,-1.518696188926696777e+00,3.918084502220153809e-01,-7.152586430311203003e-02,-2.425314933061599731e-01,-9.097548723220825195e-01,-2.984649688005447388e-02
1.439502477645874023e+00,3.545127213001251221e-01,2.911545336246490479e-01,3.438687324523925781e-02,-2.043556980788707733e-02,-4.574212431907653809e-02,9.981520771980285645e-01,0.000000000000000000e+00,0.000000000000000000e+00,1.520865708589553833e-01,-7.099999785423278809e-01,-7.053785982268393710e-18,-2.006660550832748413e-01,-1.866656094789505005e-01,-6.937379240989685059e-01,1.852979809045791626e-01,-2.380319535732269287e-01,-1.722109019756317139e-01,3.400000035762786865e-01,4.419367015361785889e-01,4.499999880790710449e-01,3.930276036262512207e-01,2.391008138656616211e-01,5.000000000000000000e-01,2.685036957263946533e-01,-1.321421861648559570e-01,-1.537167429924011230e+00,4.088560938835144043e-01,-9.067060053348541260e-02,-2.627160847187042236e-01,-8.989853858947753906e-01,-2.983264625072479248e-02
1.437809348106384277e+00,3.555920720100402832e-01,2.905632257461547852e-01,3.318688645958900452e-02,-2.010939456522464752e-02,-4.397302120923995972e-02,9.982788562774658203e-01,0.000000000000000000e+00,0.000000000000000000e+00,1.487147957086563110e-01,-7.099999785423278809e-01,-7.550332577816625586e-18,-2.224670797586441040e-01,-1.871290802955627441e-01,-6.933951377868652344e-01,1.747791320085525513e-01,-2.334837764501571655e-01,-1.879784762859344482e-01,3.400000035762786865e-01,4.546355009078979492e-01,4.499999880790710449e-01,4.074787497520446777e-01,2.284489721059799194e-01,5.000000000000000000e-01,2.625910639762878418e-01,-1.336752176284790039e-01,-1.549151778221130371e+00,4.237162768840789795e-01,-1.017148941755294800e-01,-2.710158526897430420e-01,-8.960921764373779297e-01,-2.982055209577083588e-02
1.435800909996032715e+00,3.568449616432189941e-01,2.898975312709808350e-01,3.154658153653144836e-02,-2.064309269189834595e-02,-4.141637682914733887e-02,9.984304308891296387e-01,0.000000000000000000e+00,0.000000000000000000e+00,1.454986184835433960e-01,-7.099999785423278809e-01,1.338179707763786051e-19,-2.473307698965072632e-01,-1.874358057975769043e-01,-6.921104192733764648e-01,1.631111204624176025e-01,-2.290593683719635010e-01,-2.038793116807937622e-01,3.400000035762786865e-01,4.607012867927551270e-01,4.499999880790710449e-01,3.994393646717071533e-01,2.304222434759140015e-01,5.000000000000000000e-01,2.411334216594696045e-01,-1.334263682365417480e-01,-1.543082952499389648e+00,4.336090087890625000e-01,-1.054149791598320007e-01,-2.697533369064331055e-01,-9.018389582633972168e-01,-2.981029637157917023e-02
1.433472752571105957e+00,3.586455285549163818e-01,2.892624437808990479e-01,3.353068977594375610e-02,-2.217049337923526764e-02,-4.043912142515182495e-02,9.983730912208557129e-01,0.000000000000000000e+00,0.000000000000000000e+00,1.342436820268630981e-01,-7.099999785423278809e-01,-1.970469950554419982e-17,-2.759070098400115967e-01,-1.965055316686630249e-01,-6.904509067535400391e-01,1.462936997413635254e-01,-2.234637141227722168e-01,-2.214916050434112549e-01,3.400000035762786865e-01,4.666884839534759521e-01,4.499999880790710449e-01,3.685252964496612549e-01,2.344951927661895752e-01,5.000000000000000000e-01,2.281616032123565674e-01,-1.343392878770828247e-01,-1.536814808845520020e+00,4.367534816265106201e-01,-1.077183857560157776e-01,-2.746526896953582764e-01,-9.031976461410522461e-01,-2.979244291782379150e-02
1.430572748184204102e+00,3.611121475696563721e-01,2.888724505901336670e-01,4.491236805915832520e-02,-2.336031012237071991e-02,-4.103031754493713379e-02,9.978745579719543457e-01,0.000000000000000000e+00,0.000000000000000000e+00,1.045900732278823853e-01,-7.099999785423278809e-01,1.161254377417063983e-17,-3.037358820438385010e-01,-2.252187728881835938e-01,-6.902163028717041016e-01,1.204640939831733704e-01,-2.174338996410369873e-01,-2.472162842750549316e-01,3.400000035762786865e-01,4.675506651401519775e-01,4.499999880790710449e-01,3.293682336807250977e-01,2.286722958087921143e-01,5.000000000000000000e-01,2.255484461784362793e-01,-1.370754987001419067e-01,-1.532184839248657227e+00,4.328863620758056641e-01,-1.138549074530601501e-01,-2.917956411838531494e-01,-8.998084664344787598e-01,-2.977204881608486176e-02
1.426505208015441895e+00,3.644269704818725586e-01,2.893642783164978027e-01,6.616538017988204956e-02,-1.864656992256641388e-02,-4.113686457276344299e-02,9.967859387397766113e-01,0.000000000000000000e+00,0.000000000000000000e+00,4.865880683064460754e-02,-7.099999785423278809e-01,4.638478625565767288e-03,-3.113457858562469482e-01,-2.740432620048522949e-01,-6.934737563133239746e-01,7.283550500869750977e-02,-2.134737819433212280e-01,-2.821195125579833984e-01,3.400000035762786865e-01,4.523417055606842041e-01,4.499999880790710449e-01,2.898318767547607422e-01,2.123173028230667114e-01,5.000000000000000000e-01,2.155455350875854492e-01,-1.445202082395553589e-01,-1.528538227081298828e+00,4.172245562076568604e-01,-1.372288763523101807e-01,-3.223499655723571777e-01,-8.992978334426879883e-01,-2.975766174495220184e-02
1.422413706779479980e+00,3.681467175483703613e-01,2.918334305286407471e-01,8.548405766487121582e-02,-1.433623488992452621e-02,-4.335410520434379578e-02,9.952926039695739746e-01,0.000000000000000000e+00,0.000000000000000000e+00,-1.602046750485897064e-02,-7.099770903587341309e-01,2.638179659843444824e-01,-3.458000123500823975e-01,-3.170349299907684326e-01,-6.944098472595214844e-01,2.012328617274761200e-02,-2.056924700736999512e-01,-3.047997951507568359e-01,3.400000035762786865e-01,4.320207536220550537e-01,4.499999880790710449e-01,2.537199258804321289e-01,1.896131187677383423e-01,5.000000000000000000e-01,2.028085142374038696e-01,-1.520665735006332397e-01,-1.509514570236206055e+00,3.896229863166809082e-01,-1.620483547449111938e-01,-3.511933386325836182e-01,-8.937305808067321777e-01,-2.974819578230381012e-02
1.418683290481567383e+00,3.714631497859954834e-01,2.926272749900817871e-01,6.748767197132110596e-02,-2.306479215621948242e-02,-4.597250744700431824e-02,9.963935017585754395e-01,0.000000000000000000e+00,0.000000000000000000e+00,-3.173461183905601501e-03,-7.098909020423889160e-01,7.317549586296081543e-01,-5.322881340980529785e-01,-2.853090465068817139e-01,-6.840161681175231934e-01,2.289076335728168488e-02,-2.040927261114120483e-01,-2.523642182350158691e-01,3.400000035762786865e-01,4.179169833660125732e-01,4.499999880790710449e-01,2.372262477874755859e-01,1.513701677322387695e-01,5.000000000000000000e-01,2.368046790361404419e-01,-1.514146178960800171e-01,-1.493351340293884277e+00,3.880046606063842773e-01,-1.103301867842674255e-01,-3.530184626579284668e-01,-9.231549501419067383e-01,-2.970136702060699463e-02
1.410928368568420410e+00,3.759012520313262939e-01,2.921168804168701172e-01,4.669106751680374146e-02,-2.170561067759990692e-02,-3.046609088778495789e-02,9.982087016105651855e-01,0.000000000000000000e+00,0.000000000000000000e+00,1.184869743883609772e-02,-6.167080998420715332e-01,7.809815406799316406e-01,-6.238477230072021484e-01,-2.644960284233093262e-01,-6.905740499496459961e-01,1.767918653786182404e-02,-1.797142326831817627e-01,-2.043108642101287842e-01,3.400000035762786865e-01,3.570527136325836182e-01,4.499999880790710449e-01,2.178633064031600952e-01,1.366609036922454834e-01,5.000000000000000000e-01,1.994795799255371094e-01,-1.526275277137756348e-01,-1.452030777931213379e+00,3.571716845035552979e-01,-1.335044503211975098e-01,-3.586951792240142822e-01,-9.461136460304260254e-01,-2.616928890347480774e-02
1.402810573577880859e+00,3.793812692165374756e-01,2.910200357437133789e-01,1.292230840772390366e-02,-3.309042751789093018e-02,-1.975762099027633667e-02,9.991735219955444336e-01,0.000000000000000000e+00,0.000000000000000000e+00,9.826858341693878174e-02,-4.153038859367370605e-01,5.816667675971984863e-01,-7.020258903503417969e-01,-2.150437533855438232e-01,-6.870007514953613281e-01,1.852161809802055359e-02,-1.498944610357284546e-01,-1.590355932712554932e-01,3.400000035762786865e-01,3.252245485782623291e-01,4.499999880790710449e-01,2.220550626516342163e-01,1.244379878044128418e-01,5.000000000000000000e-01,1.973698586225509644e-01,-1.396614462137222290e-01,-1.431197643280029297e+00,3.252905607223510742e-01,-3.096637129783630371e-02,-2.720392942428588867e-01,-1.050666689872741699e+00,-1.759759336709976196e-02
1.395450115203857422e+00,3.812357485294342041e-01,2.923689186573028564e-01,3.635199973359704018e-04,-4.684527963399887085e-02,-5.569587927311658859e-03,9.988865852355957031e-01,0.000000000000000000e+00,0.000000000000000000e+00,1.472150087356567383e-01,-2.599238455295562744e-01,3.410037159919738770e-01,-7.560982108116149902e-01,-2.138380259275436401e-01,-6.893844604492187500e-01,1.730099320411682129e-02,-6.010362133383750916e-02,-1.846919804811477661e-01,3.400000035762786865e-01,3.095843195915222168e-01,4.499999880790710449e-01,2.673459649085998535e-01,1.019601225852966309e-01,5.000000000000000000e-01,1.718767881393432617e-01,-1.203806102275848389e-01,-1.366890192031860352e+00,1.455928385257720947e-01,1.219260096549987793e-01,-9.570520371198654175e-02,-1.237321257591247559e+00,3.446394205093383789e-01
1.389313817024230957e+00,3.799400329589843750e-01,2.950344085693359375e-01,-2.227318182121962309e-04,-6.036893278360366821e-02,3.008687868714332581e-03,9.981715679168701172e-01,0.000000000000000000e+00,0.000000000000000000e+00,1.553631573915481567e-01,-2.905344665050506592e-01,3.515243232250213623e-01,-7.671757340431213379e-01,-2.111508548259735107e-01,-6.894878149032592773e-01,1.900302246212959290e-02,-2.127127721905708313e-03,-2.354598045349121094e-01,3.400000035762786865e-01,3.157246708869934082e-01,4.499999880790710449e-01,3.165096342563629150e-01,7.672650367021560669e-02,5.000000000000000000e-01,1.392268985509872437e-01,-3.992722183465957642e-02,-1.307081699371337891e+00,1.049546971917152405e-01,2.830207049846649170e-01,8.312084525823593140e-02,-1.311882495880126953e+00,5.674943327903747559e-01
1.383994579315185547e+00,3.789008855819702148e-01,2.978934347629547119e-01,-9.143791161477565765e-03,-6.247726082801818848e-02,5.773319862782955170e-03,9.979878067970275879e-01,0.000000000000000000e+00,0.000000000000000000e+00,1.712823957204818726e-01,-3.117144703865051270e-01,3.416714668273925781e-01,-8.235284686088562012e-01,-2.031120210886001587e-01,-6.773285269737243652e-01,2.562949433922767639e-02,2.702517807483673096e-02,-2.400173544883728027e-01,3.400000035762786865e-01,3.112348020076751709e-01,4.499999880790710449e-01,3.363456428050994873e-01,4.703696817159652710e-02,5.000000000000000000e-01,7.895275950431823730e-02,2.997350133955478668e-02,-1.242145180702209473e+00,1.289053708314895630e-01,3.811900317668914795e-01,1.572571098804473877e-01,-1.184630274772644043e+00,6.208664178848266602e-01
1.380222439765930176e+00,3.776943385601043701e-01,3.011607229709625244e-01,-3.070420771837234497e-02,-5.612811446189880371e-02,6.587866228073835373e-03,9.979295730590820312e-01,0.000000000000000000e+00,0.000000000000000000e+00,2.137666344642639160e-01,-3.263414800167083740e-01,3.004408180713653564e-01,-8.478614687919616699e-01,-1.949270069599151611e-01,-6.669358611106872559e-01,1.587276160717010498e-01,4.487232118844985962e-02,-1.525574326515197754e-01,3.400000035762786865e-01,2.894676327705383301e-01,4.499999880790710449e-01,3.124951124191284180e-01,9.440202265977859497e-03,5.000000000000000000e-01,4.060221090912818909e-02,9.107577614486217499e-03,-1.191569685935974121e+00,1.496687531471252441e-01,3.348280191421508789e-01,8.250644057989120483e-02,-8.072582483291625977e-01,5.994637012481689453e-01
1.379013299942016602e+00,3.735380470752716064e-01,3.030341863632202148e-01,-4.128426685929298401e-02,-6.103006377816200256e-02,-1.284210593439638615e-03,9.972809553146362305e-01,0.000000000000000000e+00,0.000000000000000000e+00,2.264041155576705933e-01,-2.985281348228454590e-01,2.355040013790130615e-01,-7.440418004989624023e-01,-2.127811908721923828e-01,-7.099999785423278809e-01,6.276521086692810059e-01,-7.883348315954208374e-02,-8.662603050470352173e-02,3.400000035762786865e-01,3.044337630271911621e-01,4.499999880790710449e-01,2.851821482181549072e-01,-4.403673112392425537e-02,5.000000000000000000e-01,7.673002779483795166e-02,1.818430051207542419e-02,-1.160997152328491211e+00,1.091095432639122009e-01,4.076363444328308105e-01,3.369519114494323730e-02,-6.584344506263732910e-01,1.485702693462371826e-01
1.371823906898498535e+00,3.691911995410919189e-01,3.054684400558471680e-01,-3.051611594855785370e-02,-3.178030624985694885e-02,1.993970945477485657e-04,9.990289211273193359e-01,0.000000000000000000e+00,0.000000000000000000e+00,2.230026721954345703e-01,-3.327810764312744141e-01,1.225661635398864746e-01,-6.726221442222595215e-01,-3.337872028350830078e-01,-6.717945933341979980e-01,7.462205886840820312e-01,-1.821663230657577515e-01,-4.222211614251136780e-02,3.400000035762786865e-01,2.127385139465332031e-01,4.499999880790710449e-01,3.059283196926116943e-01,-7.166749238967895508e-02,5.000000000000000000e-01,-3.197257220745086670e-02,-2.489272691309452057e-02,-1.132645726203918457e+00,9.979358315467834473e-02,3.587523698806762695e-01,2.451737225055694580e-02,-7.268435359001159668e-01,-2.999999932944774628e-02
1.366345643997192383e+00,3.623634278774261475e-01,3.059146106243133545e-01,-2.559548802673816681e-02,-2.665871381759643555e-02,-1.881573814898729324e-03,9.993150830268859863e-01,0.000000000000000000e+00,0.000000000000000000e+00,2.232700139284133911e-01,-3.287779390811920166e-01,4.762156680226325989e-02,-6.602873206138610840e-01,-3.876751661300659180e-01,-5.093865394592285156e-01,6.092863082885742188e-01,-1.766249835491180420e-01,4.022426146548241377e-04,3.400000035762786865e-01,1.778291761875152588e-01,4.499999880790710449e-01,3.330947756767272949e-01,-1.033634170889854431e-01,5.000000000000000000e-01,-6.583006680011749268e-02,-2.348513342440128326e-02,-1.098532557487487793e+00,1.192811727523803711e-01,3.601303696632385254e-01,5.152856465429067612e-03,-7.902626395225524902e-01,-2.999999932944774628e-02
1.360053658485412598e+00,3.542189598083496094e-01,3.066064119338989258e-01,-1.443704031407833099e-02,-2.335684932768344879e-02,1.975965133169665933e-04,9.996229410171508789e-01,0.000000000000000000e+00,0.000000000000000000e+00,2.179709374904632568e-01,-3.652102053165435791e-01,1.855767145752906799e-02,-4.908946454524993896e-01,-4.272429049015045166e-01,-3.118908405303955078e-01,3.454604446887969971e-01,-5.267624184489250183e-02,3.751735389232635498e-02,3.400000035762786865e-01,1.414696872234344482e-01,4.499999880790710449e-01,3.336947262287139893e-01,-1.304578036069869995e-01,5.000000000000000000e-01,-9.704616665840148926e-02,-3.821497783064842224e-02,-1.065933108329772949e+00,1.216302812099456787e-01,3.146083354949951172e-01,-3.897952660918235779e-02,-7.901245355606079102e-01,-2.999990060925483704e-02
1.351814150810241699e+00,3.453192114830017090e-01,3.052064776420593262e-01,-1.847519772127270699e-03,-2.353779040277004242e-02,-1.540981611469760537e-04,9.997212290763854980e-01,0.000000000000000000e+00,0.000000000000000000e+00,2.160851955413818359e-01,-3.984188735485076904e-01,1.795870624482631683e-02,-4.813051819801330566e-01,-4.545969069004058838e-01,-2.699491679668426514e-01,3.408108949661254883e-01,-8.520691096782684326e-02,5.957985669374465942e-02,3.400000035762786865e-01,1.209878176450729370e-01,4.499999880790710449e-01,3.253028988838195801e-01,-1.338408291339874268e-01,5.000000000000000000e-01,-1.412282288074493408e-01,-3.907050937414169312e-02,-1.026661753654479980e+00,1.479269564151763916e-01,2.826113998889923096e-01,-7.118631154298782349e-02,-8.102461695671081543e-01,-2.999999932944774628e-02
1.343535065650939941e+00,3.369892835617065430e-01,3.044625222682952881e-01,9.623510763049125671e-03,-2.182056754827499390e-02,3.698869375512003899e-03,9.997087717056274414e-01,0.000000000000000000e+00,0.000000000000000000e+00,2.102906107902526855e-01,-4.421315789222717285e-01,1.625877432525157928e-02,-4.527858793735504150e-01,-4.631045162677764893e-01,-2.749661505222320557e-01,3.483551740646362305e-01,-1.161108016967773438e-01,6.875679641962051392e-02,3.400000035762786865e-01,9.700725972652435303e-02,4.499999880790710449e-01,3.078500926494598389e-01,-1.182748079299926758e-01,5.000000000000000000e-01,-1.830720901489257812e-01,-3.415637090802192688e-02,-1.007134318351745605e+00,1.721848249435424805e-01,2.460747212171554565e-01,-8.653273433446884155e-02,-8.377897143363952637e-01,-2.999999932944774628e-02
1.335973024368286133e+00,3.292799293994903564e-01,3.042645752429962158e-01,1.720076613128185272e-02,-1.818444393575191498e-02,7.631911430507898331e-03,9.996575713157653809e-01,0.000000000000000000e+00,0.000000000000000000e+00,2.102175801992416382e-01,-4.890190958976745605e-01,1.329546235501766205e-02,-4.103235304355621338e-01,-4.435988962650299072e-01,-3.071244060993194580e-01,3.703540563583374023e-01,-1.415078938007354736e-01,6.771511584520339966e-02,3.400000035762786865e-01,8.232975006103515625e-02,4.499999880790710449e-01,2.999483942985534668e-01,-8.422565460205078125e-02,5.000000000000000000e-01,-2.077383697032928467e-01,-2.138304710388183594e-02,-1.012418031692504883e+00,1.947410106658935547e-01,2.215307950973510742e-01,-8.111558109521865845e-02,-8.873215317726135254e-01,-2.999999932944774628e-02
1.329498767852783203e+00,3.226846158504486084e-01,3.041804730892181396e-01,2.468067407608032227e-02,-1.406138390302658081e-02,1.086707226932048798e-02,9.995374083518981934e-01,0.000000000000000000e+00,0.000000000000000000e+00,2.079999446868896484e-01,-5.325853228569030762e-01,1.020872220396995544e-02,-3.619729876518249512e-01,-4.259548485279083252e-01,-3.443205654621124268e-01,4.012429714202880859e-01,-1.673445254564285278e-01,5.589858070015907288e-02,3.400000035762786865e-01,8.106720447540283203e-02,4.499999880790710449e-01,2.924223542213439941e-01,-4.402725398540496826e-02,5.000000000000000000e-01,-1.921720653772354126e-01,-2.400090359151363373e-02,-1.056667447090148926e+00,2.215915918350219727e-01,2.041868120431900024e-01,-6.897265464067459106e-02,-9.372248649597167969e-01,-2.999999932944774628e-02
1.324161767959594727e+00,3.178159594535827637e-01,3.041429519653320312e-01,3.074507415294647217e-02,-9.550956077873706818e-03,1.308976393193006516e-02,9.993959069252014160e-01,0.000000000000000000e+00,0.000000000000000000e+00,2.040268480777740479e-01,-5.710945725440979004e-01,7.545303553342819214e-03,-3.154782056808471680e-01,-4.171392023563385010e-01,-3.784057796001434326e-01,4.242727756500244141e-01,-1.926993280649185181e-01,4.903820529580116272e-02,3.400000035762786865e-01,9.149065613746643066e-02,4.499999880790710449e-01,2.666109800338745117e-01,-6.360520143061876297e-03,5.000000000000000000e-01,-1.168391928076744080e-01,-6.857838481664657593e-02,-1.138469815254211426e+00,2.460770308971405029e-01,1.882652342319488525e-01,-7.607427984476089478e-02,-9.757633209228515625e-01,-2.999999932944774628e-02
1.319620251655578613e+00,3.150479197502136230e-01,3.042769432067871094e-01,3.843651339411735535e-02,-3.690728684887290001e-03,1.449535507708787918e-02,9.991490840911865234e-01,0.000000000000000000e+00,0.000000000000000000e+00,1.917604058980941772e-01,-6.076273918151855469e-01,6.035557482391595840e-03,-2.673017978668212891e-01,-4.283309578895568848e-01,-3.994807600975036621e-01,4.222112596035003662e-01,-2.089802771806716919e-01,3.575625270605087280e-02,3.400000035762786865e-01,1.057056188583374023e-01,4.499999880790710449e-01,2.194954156875610352e-01,2.701084502041339874e-02,5.000000000000000000e-01,-2.716362476348876953e-03,-1.319264471530914307e-01,-1.251897573471069336e+00,2.631983757019042969e-01,1.478009819984436035e-01,-8.581712096929550171e-02,-9.805682897567749023e-01,-2.999999932944774628e-02
1.316200852394104004e+00,3.132110834121704102e-01,3.041094541549682617e-01,3.897955268621444702e-02,-3.746040863916277885e-03,9.367824532091617584e-03,9.991890788078308105e-01,0.000000000000000000e+00,0.000000000000000000e+00,1.922247111797332764e-01,-6.228901147842407227e-01,4.405506420880556107e-03,-2.320983260869979858e-01,-4.194641411304473877e-01,-4.194099009037017822e-01,4.415645599365234375e-01,-2.299955934286117554e-01,1.857827417552471161e-02,3.400000035762786865e-01,1.439846754074096680e-01,4.499999880790710449e-01,1.841850578784942627e-01,4.004179686307907104e-02,5.000000000000000000e-01,1.072191670536994934e-01,-1.356715559959411621e-01,-1.334103822708129883e+00,2.844126522541046143e-01,1.416386514902114868e-01,-8.309398591518402100e-02,-9.905539751052856445e-01,-2.999999932944774628e-02
1.312916755676269531e+00,3.125352561473846436e-01,3.038444519042968750e-01,3.991756588220596313e-02,-4.245057236403226852e-03,4.390724003314971924e-03,9.991843104362487793e-01,0.000000000000000000e+00,0.000000000000000000e+00,1.907320469617843628e-01,-6.363840103149414062e-01,3.715111408382654190e-03,-2.033960968255996704e-01,-4.185079932212829590e-01,-4.312408566474914551e-01,4.473106563091278076e-01,-2.486299127340316772e-01,-3.464347915723919868e-03,3.400000035762786865e-01,1.833823174238204956e-01,4.499999880790710449e-01,1.522443145513534546e-01,3.878285735845565796e-02,5.000000000000000000e-01,1.417863219976425171e-01,-1.359088718891143799e-01,-1.364878535270690918e+00,3.053216934204101562e-01,1.296721845865249634e-01,-7.715775072574615479e-02,-9.929356575012207031e-01,-2.999999932944774628e-02
1.310100913047790527e+00,3.128449022769927979e-01,3.034892678260803223e-01,3.932817652821540833e-02,-6.531833205372095108e-03,4.991569439880549908e-04,9.992048740386962891e-01,0.000000000000000000e+00,0.000000000000000000e+00,1.903960257768630981e-01,-6.432433128356933594e-01,3.296280978247523308e-03,-1.802280396223068237e-01,-4.170558750629425049e-01,-4.344249963760375977e-01,4.493098258972167969e-01,-2.651373445987701416e-01,-1.585773937404155731e-02,3.400000035762786865e-01,2.096714675426483154e-01,4.499999880790710449e-01,1.285264045000076294e-01,3.812728822231292725e-02,5.000000000000000000e-01,1.187231689691543579e-01,-1.335644721984863281e-01,-1.345178961753845215e+00,3.241161406040191650e-01,1.267412155866622925e-01,-7.548661530017852783e-02,-9.964263439178466797e-01,-2.999129705131053925e-02
1.307971119880676270e+00,3.141706585884094238e-01,3.029093742370605469e-01,3.810669109225273132e-02,-1.025617495179176331e-02,-2.750047016888856888e-03,9.992172718048095703e-01,0.000000000000000000e+00,0.000000000000000000e+00,1.897881478071212769e-01,-6.427241563796997070e-01,3.111839294433593750e-03,-1.628840118646621704e-01,-4.196669459342956543e-01,-4.301515817642211914e-01,4.498127400875091553e-01,-2.804559767246246338e-01,-2.036759816110134125e-02,3.400000035762786865e-01,2.228684425354003906e-01,4.499999880790710449e-01,1.169624254107475281e-01,4.331176728010177612e-02,5.000000000000000000e-01,9.431999921798706055e-02,-1.327075511217117310e-01,-1.320458769798278809e+00,3.382675945758819580e-01,1.227478533983230591e-01,-7.663926482200622559e-02,-9.886499643325805664e-01,-2.995236217975616455e-02
1.306366562843322754e+00,3.162499070167541504e-01,3.022906780242919922e-01,3.622199594974517822e-02,-1.475368347018957138e-02,-5.843190476298332214e-03,9.992177486419677734e-01,0.000000000000000000e+00,0.000000000000000000e+00,1.897018402814865112e-01,-6.363697648048400879e-01,3.299041884019970894e-03,-1.518987566232681274e-01,-4.250966608524322510e-01,-4.219488501548767090e-01,4.488651454448699951e-01,-2.952417731285095215e-01,-2.186192572116851807e-02,3.400000035762786865e-01,2.304259240627288818e-01,4.499999880790710449e-01,1.174573227763175964e-01,4.885612428188323975e-02,5.000000000000000000e-01,7.900119572877883911e-02,-1.327346861362457275e-01,-1.290787100791931152e+00,3.462526798248291016e-01,1.176341921091079712e-01,-7.640582323074340820e-02,-9.725034832954406738e-01,-2.993536926805973053e-02
1.305331587791442871e+00,3.189897239208221436e-01,3.017944693565368652e-01,3.350713849067687988e-02,-1.880478300154209137e-02,-9.328354150056838989e-03,9.992179870605468750e-01,0.000000000000000000e+00,0.000000000000000000e+00,1.901582479476928711e-01,-6.260149478912353516e-01,3.754371078684926033e-03,-1.473784446716308594e-01,-4.309639930725097656e-01,-4.134899973869323730e-01,4.438127577304840088e-01,-3.086585104465484619e-01,-1.720149628818035126e-02,3.400000035762786865e-01,2.320111542940139771e-01,4.499999880790710449e-01,1.264878958463668823e-01,4.685545340180397034e-02,5.000000000000000000e-01,7.610771805047988892e-02,-1.331903785467147827e-01,-1.262870192527770996e+00,3.455014824867248535e-01,1.119174137711524963e-01,-7.850871235132217407e-02,-9.538979530334472656e-01,-2.992941811680793762e-02
1.304827809333801270e+00,3.222709596157073975e-01,3.015588521957397461e-01,3.024819307029247284e-02,-2.144993282854557037e-02,-1.322431117296218872e-02,9.992247223854064941e-01,0.000000000000000000e+00,0.000000000000000000e+00,1.905002444982528687e-01,-6.148195862770080566e-01,4.273534752428531647e-03,-1.491412967443466187e-01,-4.360217750072479248e-01,-4.055078625679016113e-01,4.325469136238098145e-01,-3.198185861110687256e-01,-5.837641190737485886e-03,3.400000035762786865e-01,2.273922264575958252e-01,4.499999880790710449e-01,1.355690807104110718e-01,4.558565840125083923e-02,5.000000000000000000e-01,8.245249092578887939e-02,-1.337432861328125000e-01,-1.247169971466064453e+00,3.398197889328002930e-01,1.036987230181694031e-01,-8.571117371320724487e-02,-9.348879456520080566e-01,-2.992327325046062469e-02
1.304804682731628418e+00,3.259809613227844238e-01,3.016919195652008057e-01,2.668622322380542755e-02,-2.332681789994239807e-02,-1.719430088996887207e-02,9.992237091064453125e-01,0.000000000000000000e+00,0.000000000000000000e+00,1.900754719972610474e-01,-6.027604937553405762e-01,4.889540374279022217e-03,-1.559117883443832397e-01,-4.410327374935150146e-01,-3.957192599773406982e-01,4.139873981475830078e-01,-3.284992873668670654e-01,8.693453855812549591e-03,3.400000035762786865e-01,2.194325774908065796e-01,4.499999880790710449e-01,1.401552855968475342e-01,5.086940154433250427e-02,5.000000000000000000e-01,9.203824400901794434e-02,-1.339647918939590454e-01,-1.234978795051574707e+00,3.331764042377471924e-01,9.286908805370330811e-02,-9.572280198335647583e-02,-9.126448631286621094e-01,-2.991523221135139465e-02
1.305368661880493164e+00,3.300121426582336426e-01,3.021961450576782227e-01,2.310184761881828308e-02,-2.499442361295223236e-02,-2.111186459660530090e-02,9.991976022720336914e-01,0.000000000000000000e+00,0.000000000000000000e+00,1.885527521371841431e-01,-5.884827375411987305e-01,5.651173647493124008e-03,-1.661108285188674927e-01,-4.471215307712554932e-01,-3.827601373195648193e-01,3.893398344516754150e-01,-3.340406119823455811e-01,2.504313178360462189e-02,3.400000035762786865e-01,2.090598791837692261e-01,4.499999880790710449e-01,1.412803232669830322e-01,5.450738966464996338e-02,5.000000000000000000e-01,1.032237038016319275e-01,-1.341546028852462769e-01,-1.219984292984008789e+00,3.263399302959442139e-01,8.147008717060089111e-02,-1.074727848172187805e-01,-8.865495324134826660e-01,-2.990381978452205658e-02
1.306744933128356934e+00,3.343895673751831055e-01,3.030467629432678223e-01,1.992973126471042633e-02,-2.700495533645153046e-02,-2.513417415320873260e-02,9.991205334663391113e-01,0.000000000000000000e+00,0.000000000000000000e+00,1.849549561738967896e-01,-5.695818662643432617e-01,6.346204783767461777e-03,-1.796543896198272705e-01,-4.558060169219970703e-01,-3.641363978385925293e-01,3.575001657009124756e-01,-3.363279998302459717e-01,4.242182523012161255e-02,3.400000035762786865e-01,1.964905709028244019e-01,4.499999880790710449e-01,1.430157870054244995e-01,5.115482956171035767e-02,5.000000000000000000e-01,1.162217184901237488e-01,-1.349558532238006592e-01,-1.199142813682556152e+00,3.196165859699249268e-01,7.853671908378601074e-02,-1.228564605116844177e-01,-8.627113103866577148e-01,-2.990125864744186401e-02
1.308802843093872070e+00,3.389570415019989014e-01,3.039376735687255859e-01,1.709970086812973022e-02,-3.052590973675251007e-02,-2.868179045617580414e-02,9.989760518074035645e-01,0.000000000000000000e+00,0.000000000000000000e+00,1.802884340286254883e-01,-5.459220409393310547e-01,7.256940472871065140e-03,-1.965968459844589233e-01,-4.690611958503723145e-01,-3.381899297237396240e-01,3.219470977783203125e-01,-3.357096612453460693e-01,5.912964791059494019e-02,3.400000035762786865e-01,1.832287758588790894e-01,4.499999880790710449e-01,1.269964128732681274e-01,3.390473872423171997e-02,4.998126029968261719e-01,1.335960626602172852e-01,-1.367900669574737549e-01,-1.173636317253112793e+00,3.129592537879943848e-01,8.676703274250030518e-02,-1.416451632976531982e-01,-8.415367007255554199e-01,-2.989488095045089722e-02
1.311336874961853027e+00,3.434746861457824707e-01,3.047271668910980225e-01,1.383619196712970734e-02,-3.580429777503013611e-02,-3.175068646669387817e-02,9.987584948539733887e-01,0.000000000000000000e+00,0.000000000000000000e+00,1.766212582588195801e-01,-5.178328156471252441e-01,8.528108708560466766e-03,-2.167201936244964600e-01,-4.843319058418273926e-01,-3.074424564838409424e-01,2.874193191528320312e-01,-3.320650756359100342e-01,7.411308586597442627e-02,3.400000035762786865e-01,1.734500527381896973e-01,4.499999880790710449e-01,8.635994046926498413e-02,4.665369342546910048e-04,4.775501787662506104e-01,1.538844853639602661e-01,-1.393394172191619873e-01,-1.144239544868469238e+00,3.056408464908599854e-01,1.007026508450508118e-01,-1.623191088438034058e-01,-8.128151893615722656e-01,-2.990825660526752472e-02
1.314264774322509766e+00,3.478723466396331787e-01,3.053404092788696289e-01,9.020188823342323303e-03,-4.306645318865776062e-02,-3.483326733112335205e-02,9.984240531921386719e-01,0.000000000000000000e+00,0.000000000000000000e+00,1.770447492599487305e-01,-4.840033352375030518e-01,1.023757737129926682e-02,-2.406214177608489990e-01,-4.981310367584228516e-01,-2.731394767761230469e-01,2.554703354835510254e-01,-3.235902488231658936e-01,8.665662258863449097e-02,3.400000035762786865e-01,1.716576367616653442e-01,4.499999880790710449e-01,3.443817794322967529e-02,-4.136485233902931213e-02,4.408118426799774170e-01,1.756793260574340820e-01,-1.418121606111526489e-01,-1.111811757087707520e+00,2.966976165771484375e-01,1.169705018401145935e-01,-1.802747994661331177e-01,-7.691379785537719727e-01,-2.712564915418624878e-02
1.317134499549865723e+00,3.520558476448059082e-01,3.057952225208282471e-01,2.027840586379170418e-03,-5.256842449307441711e-02,-3.747621923685073853e-02,9.979118108749389648e-01,0.000000000000000000e+00,0.000000000000000000e+00,1.834994554519653320e-01,-4.461323916912078857e-01,1.245514955371618271e-02,-2.688223123550415039e-01,-5.071447491645812988e-01,-2.383109927177429199e-01,2.294379919767379761e-01,-3.092879951000213623e-01,1.026973575353622437e-01,3.400000035762786865e-01,1.674399673938751221e-01,4.499999880790710449e-01,-2.062002941966056824e-02,-8.586584031581878662e-02,4.046889245510101318e-01,1.974447816610336304e-01,-1.427857726812362671e-01,-1.072660684585571289e+00,2.864608764648437500e-01,1.218937262892723083e-01,-1.907611638307571411e-01,-6.974650025367736816e-01,-2.383852377533912659e-02
1.319678783416748047e+00,3.560582697391510010e-01,3.061289191246032715e-01,-7.103733252733945847e-03,-6.383039057254791260e-02,-3.962863236665725708e-02,9.971483349800109863e-01,0.000000000000000000e+00,0.000000000000000000e+00,1.961430907249450684e-01,-4.065867364406585693e-01,1.508317049592733383e-02,-2.999899387359619141e-01,-5.099316835403442383e-01,-2.086041122674942017e-01,2.136524766683578491e-01,-2.889060974121093750e-01,1.257315129041671753e-01,3.373398780822753906e-01,1.550365388393402100e-01,4.456494152545928955e-01,-8.659913390874862671e-02,-1.269415020942687988e-01,3.765041828155517578e-01,2.146723568439483643e-01,-1.428320705890655518e-01,-1.017349720001220703e+00,2.756476104259490967e-01,1.099159270524978638e-01,-1.954520344734191895e-01,-5.909740328788757324e-01,-2.524999342858791351e-02
1.322476983070373535e+00,3.599487245082855225e-01,3.066481053829193115e-01,-1.784162409603595734e-02,-7.452680915594100952e-02,-4.019967839121818542e-02,9.962486624717712402e-01,0.000000000000000000e+00,0.000000000000000000e+00,2.123723477125167847e-01,-3.699280619621276855e-01,1.784679107367992401e-02,-3.219834268093109131e-01,-5.085349082946777344e-01,-1.875843852758407593e-01,1.857748925685882568e-01,-1.492690443992614746e-01,1.547178477048873901e-01,3.325856924057006836e-01,1.330045014619827271e-01,3.449304401874542236e-01,-1.506515443325042725e-01,-1.480494439601898193e-01,4.020150601863861084e-01,2.259225249290466309e-01,-1.442408114671707153e-01,-9.437337517738342285e-01,2.161298394203186035e-01,8.346844464540481567e-02,-1.992976367473602295e-01,-4.644488990306854248e-01,-2.299220487475395203e-02
1.325331926345825195e+00,3.635956048965454102e-01,3.066521883010864258e-01,-3.282419592142105103e-02,-8.502321690320968628e-02,-4.421478137373924255e-02,9.948561191558837891e-01,0.000000000000000000e+00,0.000000000000000000e+00,2.434532642364501953e-01,-3.301393091678619385e-01,2.045117318630218506e-02,-3.559240996837615967e-01,-4.907781779766082764e-01,-1.772538274526596069e-01,2.088874131441116333e-01,-1.412820667028427124e-01,1.983916312456130981e-01,3.232377171516418457e-01,1.097125560045242310e-01,2.633566558361053467e-01,-1.568007916212081909e-01,-1.640378534793853760e-01,3.877523243427276611e-01,2.381611913442611694e-01,-1.453436613082885742e-01,-8.795095086097717285e-01,2.260711044073104858e-01,7.026035338640213013e-02,-2.049088031053543091e-01,-3.552296757698059082e-01,-2.100705355405807495e-02
1.329318761825561523e+00,3.670879900455474854e-01,3.072921931743621826e-01,-4.973684623837471008e-02,-9.460003674030303955e-02,-4.666675627231597900e-02,9.931763410568237305e-01,0.000000000000000000e+00,0.000000000000000000e+00,2.823874056339263916e-01,-2.945678532123565674e-01,2.355438843369483948e-02,-3.720994293689727783e-01,-4.742352068424224854e-01,-1.391568928956985474e-01,1.719760298728942871e-01,-4.445113614201545715e-02,2.479200512170791626e-01,3.199676573276519775e-01,7.935168594121932983e-02,1.326518654823303223e-01,-1.021022722125053406e-01,-2.149351537227630615e-01,3.833702504634857178e-01,2.401274591684341431e-01,-1.450556963682174683e-01,-8.182459473609924316e-01,2.220125943422317505e-01,5.109827965497970581e-02,-2.163080126047134399e-01,-2.610914409160614014e-01,-1.864495128393173218e-02
1.333712816238403320e+00,3.703770041465759277e-01,3.080185353755950928e-01,-6.292553246021270752e-02,-1.009187027812004089e-01,-4.960740730166435242e-02,9.916626811027526855e-01,0.000000000000000000e+00,0.000000000000000000e+00,3.100194036960601807e-01,-2.613409459590911865e-01,2.708511613309383392e-02,-4.002954959869384766e-01,-4.547454714775085449e-01,-1.498557776212692261e-01,2.067959010601043701e-01,-3.649625554680824280e-02,2.884726524353027344e-01,3.114396929740905762e-01,5.190453305840492249e-02,2.203783765435218811e-02,-3.975732997059822083e-02,-2.681959569454193115e-01,2.924103140830993652e-01,2.446004599332809448e-01,-1.428765058517456055e-01,-7.950498461723327637e-01,2.630365788936614990e-01,3.464208543300628662e-02,-2.270033955574035645e-01,-1.799350827932357788e-01,-1.751901581883430481e-02
1.339410305023193359e+00,3.728609383106231689e-01,3.104662895202636719e-01,-7.406666129827499390e-02,-1.020035445690155029e-01,-4.593716189265251160e-02,9.909586906433105469e-01,0.000000000000000000e+00,0.000000000000000000e+00,3.338075876235961914e-01,-2.570568919181823730e-01,4.411165788769721985e-02,-3.902808427810668945e-01,-4.349930882453918457e-01,-1.651539653539657593e-01,1.974853128194808960e-01,8.249440044164657593e-02,3.090051114559173584e-01,3.124791681766510010e-01,2.592291124165058136e-02,-1.799945831298828125e-01,-5.519921705126762390e-02,-3.539904952049255371e-01,2.188895940780639648e-01,2.036059051752090454e-01,-1.245816126465797424e-01,-8.242496848106384277e-01,4.050553143024444580e-01,-4.519234225153923035e-02,-2.243099212646484375e-01,-4.409457370638847351e-02,-1.553513389080762863e-02
1.348091363906860352e+00,3.743111193180084229e-01,3.129611313343048096e-01,-7.721529155969619751e-02,-1.039882376790046692e-01,-3.659237176179885864e-02,9.909012317657470703e-01,0.000000000000000000e+00,0.000000000000000000e+00,3.415303826332092285e-01,-2.289913445711135864e-01,5.109826847910881042e-02,-3.764170408248901367e-01,-4.194389581680297852e-01,-2.394619435071945190e-01,2.754101455211639404e-01,2.290854454040527344e-01,2.859636247158050537e-01,3.057267963886260986e-01,-1.156887598335742950e-02,-3.284169137477874756e-01,-4.569856822490692139e-02,-3.408465385437011719e-01,-1.098560541868209839e-02,1.001484692096710205e-01,-4.793450608849525452e-02,-8.455918431282043457e-01,7.614420056343078613e-01,-9.299702942371368408e-02,-1.877129971981048584e-01,6.696420162916183472e-02,-1.283244788646697998e-02
1.359960556030273438e+00,3.749537765979766846e-01,3.127752542495727539e-01,-7.665699720382690430e-02,-1.140167415142059326e-01,-1.756255328655242920e-02,9.903612732887268066e-01,0.000000000000000000e+00,0.000000000000000000e+00,3.593081235885620117e-01,-1.522017568349838257e-01,3.452439606189727783e-02,-3.948321342468261719e-01,-3.875314593315124512e-01,-3.403325378894805908e-01,4.433533847332000732e-01,2.552754282951354980e-01,2.396486699581146240e-01,2.850366532802581787e-01,-9.240987151861190796e-02,-3.220826387405395508e-01,3.947838768362998962e-02,-3.019814491271972656e-01,-2.932164967060089111e-01,-2.639943733811378479e-03,4.186272993683815002e-02,-8.477500677108764648e-01,1.258990645408630371e+00,-6.142378598451614380e-02,-1.298823952674865723e-01,1.214937642216682434e-01,-1.140026841312646866e-02
1.371164917945861816e+00,3.743834197521209717e-01,3.098265230655670166e-01,-6.469217687845230103e-02,-1.350405216217041016e-01,7.818881422281265259e-03,9.886950254440307617e-01,0.000000000000000000e+00,0.000000000000000000e+00,3.759883940219879150e-01,-5.649206042289733887e-02,4.003101587295532227e-02,-4.306478202342987061e-01,-3.543178439140319824e-01,-4.241845011711120605e-01,5.968169569969177246e-01,1.108443513512611389e-01,1.628623902797698975e-01,2.596539556980133057e-01,-1.778147518634796143e-01,-2.161391377449035645e-01,1.227267384529113770e-01,-2.903144359588623047e-01,-4.016609191894531250e-01,-1.687601208686828613e-02,6.358474493026733398e-02,-8.914958834648132324e-01,1.490000009536743164e+00,2.438997663557529449e-02,-7.251103967428207397e-02,1.445198953151702881e-01,-4.939352162182331085e-03
1.381564736366271973e+00,3.726216554641723633e-01,3.068528771400451660e-01,-4.702771455049514771e-02,-1.586106121540069580e-01,2.471932955086231232e-02,9.859107732772827148e-01,0.000000000000000000e+00,0.000000000000000000e+00,3.844345808029174805e-01,1.594958826899528503e-02,1.030818596482276917e-01,-4.692168235778808594e-01,-2.968516349792480469e-01,-4.519637525081634521e-01,5.562637448310852051e-01,-6.003472208976745605e-02,1.017797961831092834e-01,2.383373528718948364e-01,-2.325903475284576416e-01,-8.688761293888092041e-02,2.069272845983505249e-01,-2.429836094379425049e-01,-4.329350292682647705e-01,9.812356904149055481e-03,-1.380313746631145477e-02,-9.714704751968383789e-01,1.476940512657165527e+00,1.024697944521903992e-01,-4.789525642991065979e-02,1.602882295846939087e-01,3.240051865577697754e-02
1.391852617263793945e+00,3.684026598930358887e-01,3.036561012268066406e-01,-1.939179934561252594e-02,-1.765689402818679810e-01,3.749400004744529724e-02,9.833827018737792969e-01,0.000000000000000000e+00,0.000000000000000000e+00,3.687225282192230225e-01,5.122857913374900818e-02,1.959064602851867676e-01,-4.869337975978851318e-01,-2.340683788061141968e-01,-4.381133913993835449e-01,3.211579918861389160e-01,-3.833051770925521851e-02,2.641097269952297211e-02,2.055270522832870483e-01,-2.794538140296936035e-01,5.855573341250419617e-02,3.062895834445953369e-01,-1.950727701187133789e-01,-3.688720464706420898e-01,9.239190816879272461e-02,-7.869780063629150391e-02,-1.051844239234924316e+00,1.190299987792968750e+00,1.606410592794418335e-01,-1.707260496914386749e-02,1.507287919521331787e-01,1.449984759092330933e-01
1.404276132583618164e+00,3.630867600440979004e-01,3.008080124855041504e-01,1.789947040379047394e-02,-1.868360787630081177e-01,4.858749359846115112e-02,9.810255765914916992e-01,0.000000000000000000e+00,0.000000000000000000e+00,3.255783021450042725e-01,7.425232231616973877e-02,2.821347117424011230e-01,-4.839536249637603760e-01,-2.036260515451431274e-01,-3.806468248367309570e-01,1.329157054424285889e-01,7.360946387052536011e-02,-4.681966081261634827e-02,1.890888512134552002e-01,-2.901968061923980713e-01,1.263703703880310059e-01,3.301917910575866699e-01,-1.947307586669921875e-01,-2.558972835540771484e-01,1.310248672962188721e-01,-1.799972802400588989e-01,-1.055943012237548828e+00,7.989835143089294434e-01,1.875628083944320679e-01,-1.835856237448751926e-03,8.314563333988189697e-02,2.902303636074066162e-01
1.418102502822875977e+00,3.571161031723022461e-01,2.991134524345397949e-01,4.691298678517341614e-02,-1.761220097541809082e-01,5.455524846911430359e-02,9.817351698875427246e-01,0.000000000000000000e+00,0.000000000000000000e+00,2.791643440723419189e-01,5.998596549034118652e-02,3.376622796058654785e-01,-5.204418301582336426e-01,-2.133378684520721436e-01,-3.640477955341339111e-01,2.171245366334915161e-01,1.841235905885696411e-02,-1.229842826724052429e-01,1.435497105121612549e-01,-2.961843609809875488e-01,1.796548664569854736e-01,3.112343549728393555e-01,-2.191146910190582275e-01,-1.699949949979782104e-01,1.040098518133163452e-01,-1.800000071525573730e-01,-1.033743619918823242e+00,7.800232172012329102e-01,2.084861844778060913e-01,4.035509377717971802e-02,-8.204256743192672729e-02,4.369523823261260986e-01
1.433864355087280273e+00,3.518759012222290039e-01,3.001933991909027100e-01,5.945132300257682800e-02,-1.613763570785522461e-01,5.844905599951744080e-02,9.833651185035705566e-01,0.000000000000000000e+00,0.000000000000000000e+00,2.619871497154235840e-01,6.237323582172393799e-02,3.380858600139617920e-01,-5.422770977020263672e-01,-2.361029684543609619e-01,-3.684626519680023193e-01,3.093085885047912598e-01,-5.345610529184341431e-02,-1.536328941583633423e-01,1.181182488799095154e-01,-3.105226159095764160e-01,1.996395885944366455e-01,2.750261425971984863e-01,-2.501544058322906494e-01,-8.104202896356582642e-02,6.132256239652633667e-02,-1.800000071525573730e-01,-9.355451464653015137e-01,7.927261590957641602e-01,2.153966575860977173e-01,8.510130643844604492e-02,-3.756927549839019775e-01,6.932057738304138184e-01
1.451046943664550781e+00,3.476627469062805176e-01,3.031807839870452881e-01,6.393833458423614502e-02,-1.381318867206573486e-01,5.970218032598495483e-02,9.865429997444152832e-01,0.000000000000000000e+00,0.000000000000000000e+00,2.537455260753631592e-01,6.744073331356048584e-02,2.902949154376983643e-01,-5.487967133522033691e-01,-2.305976152420043945e-01,-3.822160065174102783e-01,3.553454279899597168e-01,-1.066973507404327393e-01,-1.511876732110977173e-01,9.824086725711822510e-02,-3.407965600490570068e-01,2.137986272573471069e-01,2.541024088859558105e-01,-2.700186371803283691e-01,1.644900813698768616e-02,2.806414850056171417e-02,-1.800000071525573730e-01,-7.921774387359619141e-01,8.043463826179504395e-01,1.850504279136657715e-01,1.254890561103820801e-01,-7.078503370285034180e-01,9.994664788246154785e-01
1.470608115196228027e+00,3.447896540164947510e-01,3.074758648872375488e-01,6.309003382921218872e-02,-1.019674465060234070e-01,5.628525465726852417e-02,9.911882877349853516e-01,0.000000000000000000e+00,0.000000000000000000e+00,2.441234290599822998e-01,6.270799040794372559e-02,2.014892250299453735e-01,-5.315402746200561523e-01,-2.090496569871902466e-01,-3.845789432525634766e-01,3.419890999794006348e-01,-1.457632780075073242e-01,-1.412875801324844360e-01,6.976532936096191406e-02,-3.517495989799499512e-01,2.250478118658065796e-01,2.517695128917694092e-01,-3.188214898109436035e-01,1.397767961025238037e-01,2.183004841208457947e-02,-1.553773730993270874e-01,-6.390863060951232910e-01,7.941703796386718750e-01,1.237000748515129089e-01,1.473096907138824463e-01,-1.016630768775939941e+00,1.283648252487182617e+00
1.495080709457397461e+00,3.434298038482666016e-01,3.143282532691955566e-01,6.288297474384307861e-02,-7.554592192173004150e-02,4.180869832634925842e-02,9.942789077758789062e-01,0.000000000000000000e+00,0.000000000000000000e+00,2.366719990968704224e-01,9.539316594600677490e-02,5.937978997826576233e-02,-1.945834010839462280e-01,-2.062657177448272705e-01,-2.863247692584991455e-01,2.117720544338226318e-01,-1.324706077575683594e-01,-1.227465495467185974e-01,9.732656180858612061e-02,-3.219673633575439453e-01,1.644904613494873047e-01,2.291922569274902344e-01,-4.422329366207122803e-01,3.816244304180145264e-01,6.505373865365982056e-02,-1.251244693994522095e-01,-4.957250952720642090e-01,5.194504857063293457e-01,4.611825570464134216e-02,1.020145937800407410e-01,-1.303284287452697754e+00,1.490000009536743164e+00
1.519408345222473145e+00,3.436688482761383057e-01,3.201906979084014893e-01,6.067825108766555786e-02,-4.044723510742187500e-02,2.414644137024879456e-02,9.970452189445495605e-01,0.000000000000000000e+00,0.000000000000000000e+00,2.089148312807083130e-01,4.331674799323081970e-02,2.975524030625820160e-02,1.083402410149574280e-01,-2.093002200126647949e-01,-2.384583950042724609e-01,1.107941269874572754e-01,-7.119385898113250732e-02,-9.591675549745559692e-02,1.078939065337181091e-01,-2.780890166759490967e-01,2.243886739015579224e-01,2.036412209272384644e-01,-4.682490229606628418e-01,4.985513091087341309e-01,1.745813786983489990e-01,-1.347679197788238525e-01,-5.238361358642578125e-01,1.783683598041534424e-01,-2.089482173323631287e-02,-6.745307147502899170e-02,-1.425283432006835938e+00,1.192838549613952637e+00
1.547061681747436523e+00,3.433663547039031982e-01,3.240819871425628662e-01,5.993600189685821533e-02,-9.394062682986259460e-03,2.148995408788323402e-04,9.981579780578613281e-01,0.000000000000000000e+00,0.000000000000000000e+00,1.640700995922088623e-01,-2.660108357667922974e-02,1.545787751674652100e-01,1.150299161672592163e-01,-2.310336679220199585e-01,-1.726587265729904175e-01,1.567755639553070068e-02,-3.097588010132312775e-02,-5.835177749395370483e-02,1.240953207015991211e-01,-2.601772844791412354e-01,3.596850037574768066e-01,1.924952566623687744e-01,-3.835108280181884766e-01,5.000000000000000000e-01,2.744326293468475342e-01,-1.595026552677154541e-01,-5.908017158508300781e-01,-1.519515179097652435e-02,-1.109631732106208801e-01,-1.443339735269546509e-01,-1.399243354797363281e+00,7.372627854347229004e-01
1.576687216758728027e+00,3.418626785278320312e-01,3.264334201812744141e-01,5.323634296655654907e-02,9.387625381350517273e-03,-2.729792147874832153e-02,9.981645941734313965e-01,0.000000000000000000e+00,0.000000000000000000e+00,1.368042528629302979e-01,-1.043291911482810974e-01,3.897296786308288574e-01,-4.847318679094314575e-02,-2.477087229490280151e-01,-1.176946833729743958e-01,6.281161913648247719e-04,-4.352255538105964661e-02,3.212177194654941559e-03,1.303028762340545654e-01,-2.377599328756332397e-01,4.499999582767486572e-01,1.692738533020019531e-01,-2.669586837291717529e-01,5.000000000000000000e-01,3.563578724861145020e-01,-1.764384657144546509e-01,-6.232084631919860840e-01,-1.462653744965791702e-02,-2.095565944910049438e-01,-1.410709917545318604e-01,-1.248200178146362305e+00,6.091880202293395996e-01
1.606243729591369629e+00,3.383664488792419434e-01,3.294769525527954102e-01,3.286713361740112305e-02,-1.065151207149028778e-02,-5.589068308472633362e-02,9.978389143943786621e-01,0.000000000000000000e+00,0.000000000000000000e+00,1.703626811504364014e-01,-1.015719100832939148e-01,5.555749535560607910e-01,-3.135475218296051025e-01,-2.606247067451477051e-01,8.866056799888610840e-03,2.027585117489981437e-19,3.312503173947334290e-02,1.134193539619445801e-01,2.317641526460647583e-01,-1.889981180429458618e-01,4.499999880790710449e-01,1.693333871662616730e-02,-9.977018088102340698e-02,5.000000000000000000e-01,3.692536652088165283e-01,-1.800000071525573730e-01,-5.801888108253479004e-01,-1.636286638677120209e-02,-3.332964777946472168e-01,-2.011084407567977905e-01,-9.423255920410156250e-01,4.711059331893920898e-01
1.631456732749938965e+00,3.352246582508087158e-01,3.311222493648529053e-01,3.255747258663177490e-02,7.409928366541862488e-03,-8.262375742197036743e-02,9.960212707519531250e-01,0.000000000000000000e+00,0.000000000000000000e+00,9.735397994518280029e-02,-2.253284156322479248e-01,5.513200163841247559e-01,-4.799011945724487305e-01,-2.342393696308135986e-01,-1.282625459134578705e-02,1.860710233449935913e-02,6.488802284002304077e-02,1.409178674221038818e-01,1.992263346910476685e-01,-1.290136575698852539e-01,4.499999880790710449e-01,-1.088664680719375610e-01,6.211873516440391541e-02,5.000000000000000000e-01,4.555011093616485596e-01,-1.800000071525573730e-01,-5.048099756240844727e-01,-5.939138121902942657e-03,-3.074704110622406006e-01,-1.648969203233718872e-01,-7.716775536537170410e-01,3.640869259834289551e-01
1.657304406166076660e+00,3.351601660251617432e-01,3.342049419879913330e-01,4.245991259813308716e-02,8.854941464960575104e-03,-1.175134181976318359e-01,9.921236634254455566e-01,0.000000000000000000e+00,0.000000000000000000e+00,1.679317094385623932e-02,-2.933120131492614746e-01,2.649735510349273682e-01,-4.621100425720214844e-01,-3.018234372138977051e-01,-5.408215150237083435e-02,3.153958916664123535e-02,1.777264326810836792e-01,1.373754292726516724e-01,2.137272804975509644e-01,-6.646502763032913208e-02,4.499999880790710449e-01,-1.731543987989425659e-01,2.354287654161453247e-01,5.000000000000000000e-01,4.697996377944946289e-01,-1.800000071525573730e-01,-4.051121175289154053e-01,-3.868995932862162590e-03,-1.996450275182723999e-01,-1.902056634426116943e-01,-7.665106654167175293e-01,2.710140049457550049e-01
1.683411598205566406e+00,3.372854888439178467e-01,3.324998617172241211e-01,5.524508655071258545e-02,-3.900198964402079582e-03,-1.519090831279754639e-01,9.868416190147399902e-01,0.000000000000000000e+00,0.000000000000000000e+00,-2.530580200254917145e-02,-3.827506005764007568e-01,3.045477718114852905e-02,-3.710775077342987061e-01,-3.961450159549713135e-01,-2.383510619401931763e-01,3.137538135051727295e-01,2.421131581068038940e-01,9.823792427778244019e-02,2.146453857421875000e-01,-1.183838769793510437e-02,4.499999880790710449e-01,-1.717560887336730957e-01,4.054691791534423828e-01,5.000000000000000000e-01,5.071581006050109863e-01,-1.800000071525573730e-01,-3.043709099292755127e-01,2.162939496338367462e-02,-2.019570581614971161e-02,-2.054576873779296875e-01,-7.740377783775329590e-01,1.680404096841812134e-01
1.708644032478332520e+00,3.384205102920532227e-01,3.263333141803741455e-01,5.196908861398696899e-02,-4.000977426767349243e-02,-1.790412515401840210e-01,9.816530346870422363e-01,0.000000000000000000e+00,0.000000000000000000e+00,5.930459592491388321e-03,-4.749556779861450195e-01,9.961135685443878174e-03,-2.535953819751739502e-01,-4.442966878414154053e-01,-4.136167168617248535e-01,7.213480472564697266e-01,1.780834197998046875e-01,8.691743761301040649e-02,2.392221540212631226e-01,5.295597761869430542e-02,4.499515891075134277e-01,-8.781430125236511230e-02,5.107660293579101562e-01,5.000000000000000000e-01,5.105192661285400391e-01,-1.800000071525573730e-01,-2.607286870479583740e-01,2.177965193986892700e-01,1.205388456583023071e-01,-2.379794716835021973e-01,-6.197991967201232910e-01,1.655802316963672638e-02
1.730843424797058105e+00,3.398354351520538330e-01,3.192452788352966309e-01,7.031848281621932983e-02,-7.849968969821929932e-02,-1.897093057632446289e-01,9.761677384376525879e-01,0.000000000000000000e+00,0.000000000000000000e+00,-2.394778653979301453e-02,-4.407688677310943604e-01,5.673861596733331680e-03,-8.443466573953628540e-02,-4.831843674182891846e-01,-4.957864284515380859e-01,8.770604729652404785e-01,-1.259787231683731079e-01,6.288510560989379883e-02,2.962244451045989990e-01,8.285036683082580566e-02,3.339184522628784180e-01,7.360973954200744629e-02,5.486774444580078125e-01,5.000000000000000000e-01,4.025959670543670654e-01,-1.800000071525573730e-01,-4.425953626632690430e-01,8.956161737442016602e-01,1.477334499359130859e-01,-3.303208351135253906e-01,-4.531450867652893066e-01,-1.767732948064804077e-02
1.749045610427856445e+00,3.383445441722869873e-01,3.059015274047851562e-01,7.766873389482498169e-02,-1.108492016792297363e-01,-1.777568459510803223e-01,9.747217893600463867e-01,0.000000000000000000e+00,0.000000000000000000e+00,-2.996236644685268402e-02,-2.476949989795684814e-01,1.564108952879905701e-02,-1.762201189994812012e-01,-3.568077385425567627e-01,-5.948935747146606445e-01,8.052733540534973145e-01,-3.086779415607452393e-01,1.675080321729183197e-02,2.804616689682006836e-01,9.839668124914169312e-02,1.964463442564010620e-01,2.723574638366699219e-01,5.412332415580749512e-01,5.000000000000000000e-01,3.259007632732391357e-01,-1.800000071525573730e-01,-6.925384998321533203e-01,1.486019134521484375e+00,1.919804215431213379e-01,-3.075726330280303955e-01,-2.097442150115966797e-01,-1.779320091009140015e-02
1.763224720954895020e+00,3.286573290824890137e-01,2.934438288211822510e-01,7.494991272687911987e-02,-1.449183970689773560e-01,-1.266472786664962769e-01,9.784383773803710938e-01,0.000000000000000000e+00,0.000000000000000000e+00,1.529949810355901718e-02,-9.986967593431472778e-02,9.176774322986602783e-02,-3.416953086853027344e-01,-1.863775104284286499e-01,-5.809050798416137695e-01,3.366360962390899658e-01,-2.931259274482727051e-01,-2.971730940043926239e-02,2.545232176780700684e-01,4.675838351249694824e-02,1.864320039749145508e-02,3.993801772594451904e-01,4.674678146839141846e-01,4.999998807907104492e-01,2.539205253124237061e-01,-1.800000071525573730e-01,-9.229771494865417480e-01,1.488751649856567383e+00,1.852824538946151733e-01,-2.385945171117782593e-01,6.994324177503585815e-02,-1.951630041003227234e-02
1.782356142997741699e+00,3.143006563186645508e-01,2.824562489986419678e-01,8.428824692964553833e-02,-1.890093088150024414e-01,-5.427837371826171875e-02,9.768443107604980469e-01,0.000000000000000000e+00,0.000000000000000000e+00,5.594634637236595154e-02,-2.462829649448394775e-02,3.324372470378875732e-01,-6.655181050300598145e-01,-1.818663030862808228e-01,-5.795996785163879395e-01,1.207872666418552399e-02,1.225252598524093628e-01,-1.282857507467269897e-01,2.510167658329010010e-01,-3.733957931399345398e-02,-9.635354578495025635e-02,4.087759256362915039e-01,3.649952411651611328e-01,4.355403184890747070e-01,1.819290220737457275e-01,-1.800000071525573730e-01,-9.878854751586914062e-01,1.359893798828125000e+00,1.942627429962158203e-01,-1.508998423814773560e-01,2.723940014839172363e-01,-1.939194835722446442e-02
1.804733991622924805e+00,3.015566170215606689e-01,2.790040969848632812e-01,9.804868698120117188e-02,-2.172701656818389893e-01,-4.142567981034517288e-03,9.711657762527465820e-01,0.000000000000000000e+00,0.000000000000000000e+00,9.042326360940933228e-02,2.436896599829196930e-02,5.154523849487304688e-01,-7.563309073448181152e-01,-2.246011495590209961e-01,-4.510397613048553467e-01,3.357978537678718567e-02,2.890160493552684784e-02,-2.271772176027297974e-01,2.577131986618041992e-01,-7.052746415138244629e-02,-1.227820068597793579e-01,3.559977710247039795e-01,2.652386128902435303e-01,3.251180350780487061e-01,1.078560501337051392e-01,-1.800000071525573730e-01,-8.855097293853759766e-01,6.102581024169921875e-01,1.599462926387786865e-01,-8.534697443246841431e-02,3.389176428318023682e-01,1.927638649940490723e-01
1.832295060157775879e+00,2.906585335731506348e-01,2.795578241348266602e-01,1.151161268353462219e-01,-2.090541422367095947e-01,2.190580405294895172e-02,9.708577394485473633e-01,0.000000000000000000e+00,0.000000000000000000e+00,9.299686551094055176e-02,2.027105353772640228e-02,6.017609238624572754e-01,-6.952413916587829590e-01,-2.423620969057083130e-01,-3.978029191493988037e-01,2.621315419673919678e-01,-2.412668913602828979e-01,-2.811762988567352295e-01,2.118845134973526001e-01,-1.164898648858070374e-01,-1.543950736522674561e-01,3.577884137630462646e-01,2.623063921928405762e-01,2.087837755680084229e-01,-1.555549539625644684e-02,-1.800000071525573730e-01,-9.116763472557067871e-01,5.047265291213989258e-01,4.628323018550872803e-02,-9.330775588750839233e-02,3.560783863067626953e-01,5.793052315711975098e-01
1.860486149787902832e+00,2.822339534759521484e-01,2.864981889724731445e-01,1.133711785078048706e-01,-1.848471909761428833e-01,2.459473535418510437e-02,9.758962988853454590e-01,0.000000000000000000e+00,0.000000000000000000e+00,1.033291295170783997e-01,-2.899760380387306213e-02,6.266255378723144531e-01,-5.734182596206665039e-01,-2.097869515419006348e-01,-3.785393238067626953e-01,3.576110899448394775e-01,-3.184216618537902832e-01,-2.557457387447357178e-01,1.555763930082321167e-01,-1.528776735067367554e-01,-2.341360598802566528e-01,4.091869294643402100e-01,3.725181818008422852e-01,1.388017982244491577e-01,-1.636113524436950684e-01,-1.800000071525573730e-01,-8.844652175903320312e-01,5.629110932350158691e-01,-9.665095061063766479e-02,-1.056206077337265015e-01,1.486774384975433350e-01,1.063719153404235840e+00
1.889619231224060059e+00,2.751528024673461914e-01,2.973740398883819580e-01,1.214307919144630432e-01,-1.576324105262756348e-01,1.876801066100597382e-02,9.798236489295959473e-01,0.000000000000000000e+00,0.000000000000000000e+00,6.254526972770690918e-02,-4.656542092561721802e-02,5.410211682319641113e-01,-3.768445253372192383e-01,-2.186911702156066895e-01,-3.335170149803161621e-01,3.604864180088043213e-01,-3.125895857810974121e-01,-2.411717772483825684e-01,1.161407604813575745e-01,-1.532630324363708496e-01,-4.779329597949981689e-01,4.341480731964111328e-01,3.821499645709991455e-01,1.309504806995391846e-01,-3.014527559280395508e-01,-1.800000071525573730e-01,-7.520186305046081543e-01,5.383059382438659668e-01,-2.780839800834655762e-01,-7.105842232704162598e-02,-7.353865355253219604e-02,1.486968398094177246e+00
1.920061349868774414e+00,2.688451111316680908e-01,3.073142170906066895e-01,1.364620029926300049e-01,-1.327696144580841064e-01,1.115127839148044586e-02,9.816445112228393555e-01,0.000000000000000000e+00,0.000000000000000000e+00,5.364883225411176682e-03,-6.114441528916358948e-02,4.101012647151947021e-01,-5.060208216309547424e-02,-2.764415740966796875e-01,-2.617962956428527832e-01,3.047752976417541504e-01,-2.374135255813598633e-01,-2.507196962833404541e-01,2.883600629866123199e-02,-1.245344653725624084e-01,-5.064011216163635254e-01,2.887306809425354004e-01,2.619180977344512939e-01,-4.160244762897491455e-02,-2.516664862632751465e-01,-1.800000071525573730e-01,-6.996510028839111328e-01,5.214813947677612305e-01,-3.184113204479217529e-01,-3.800110891461372375e-02,-2.458290457725524902e-01,1.471055626869201660e+00
1.950116395950317383e+00,2.626463472843170166e-01,3.160967826843261719e-01,1.273194253444671631e-01,-1.237608417868614197e-01,-6.140032783150672913e-04,9.841100573539733887e-01,0.000000000000000000e+00,0.000000000000000000e+00,2.068100683391094208e-02,-1.369457244873046875e-01,4.751811325550079346e-01,1.836598813533782959e-01,-3.030171096324920654e-01,-1.621814817190170288e-01,2.298114001750946045e-01,-8.307997882366180420e-02,-2.329981327056884766e-01,-4.374699294567108154e-02,-4.512885585427284241e-02,-2.281690090894699097e-01,6.464497745037078857e-02,1.342320740222930908e-01,-2.597474753856658936e-01,-1.095723584294319153e-01,-1.800000071525573730e-01,-6.682404279708862305e-01,5.554785132408142090e-01,-2.196143418550491333e-01,-4.665645956993103027e-02,-3.751448094844818115e-01,1.032925963401794434e+00
1.984440445899963379e+00,2.552419304847717285e-01,3.240114450454711914e-01,8.913648128509521484e-02,-9.758983552455902100e-02,-9.179756976664066315e-03,9.911844730377197266e-01,0.000000000000000000e+00,0.000000000000000000e+00,6.655868887901306152e-02,-3.181125819683074951e-01,7.936409115791320801e-01,2.500120364129543304e-02,-2.183277606964111328e-01,-7.501211017370223999e-02,1.477450877428054810e-01,5.373067408800125122e-02,-1.700665056705474854e-01,-1.513846367597579956e-01,2.451497502624988556e-02,-2.687789686024188995e-02,-5.773227289319038391e-02,7.835339009761810303e-02,-1.306568831205368042e-01,7.583057880401611328e-02,-1.800000071525573730e-01,-5.826510190963745117e-01,5.501154661178588867e-01,-3.261825814843177795e-02,-6.698305904865264893e-02,-5.455639958381652832e-01,6.157521009445190430e-01
2.022350072860717773e+00,2.495891600847244263e-01,3.371287882328033447e-01,7.362814992666244507e-02,-1.154211163520812988e-01,1.773384632542729378e-03,9.905825257301330566e-01,0.000000000000000000e+00,0.000000000000000000e+00,4.517626389861106873e-02,-2.329507619142532349e-01,7.873433828353881836e-01,-3.957720696926116943e-01,-2.959669530391693115e-01,1.214406490325927734e-01,5.264538899064064026e-02,2.007882297039031982e-01,-1.090936660766601562e-01,-1.668689772486686707e-02,1.495710201561450958e-02,-2.886040322482585907e-02,-1.490665525197982788e-01,1.428628806024789810e-03,9.559860825538635254e-02,1.385255008935928345e-01,-1.800000071525573730e-01,-4.972118139266967773e-01,4.536978304386138916e-01,-3.653609380125999451e-02,-1.995921134948730469e-01,-7.268930077552795410e-01,4.765391647815704346e-01
2.060330629348754883e+00,2.438602745532989502e-01,3.435770571231842041e-01,4.040916636586189270e-02,-9.962025284767150879e-02,1.241678185760974884e-02,9.941270947456359863e-01,0.000000000000000000e+00,0.000000000000000000e+00,6.469214800745248795e-03,-2.570605278015136719e-01,5.797247886657714844e-01,-5.008074641227722168e-01,-2.650462687015533447e-01,4.088115319609642029e-02,2.667807042598724365e-01,3.094526827335357666e-01,-3.671262040734291077e-02,1.523626502603292465e-02,-5.840602889657020569e-02,-3.085103258490562439e-02,-1.942527890205383301e-01,-3.836601972579956055e-02,2.270841896533966064e-01,2.244253605604171753e-01,-1.800000071525573730e-01,-4.232883751392364502e-01,3.860380053520202637e-01,-1.051548793911933899e-01,-1.898728460073471069e-01,-8.035856485366821289e-01,4.684589803218841553e-01
2.095632553100585938e+00,2.397752553224563599e-01,3.430365920066833496e-01,6.279249675571918488e-03,-7.752812653779983521e-02,1.790062896907329559e-02,9.968096613883972168e-01,0.000000000000000000e+00,0.000000000000000000e+00,-5.052277445793151855e-02,-3.205730617046356201e-01,2.386810779571533203e-01,-4.808935523033142090e-01,-2.271651476621627808e-01,-2.671357095241546631e-01,7.479962706565856934e-01,3.052603602409362793e-01,5.176930502057075500e-02,5.734933912754058838e-02,-1.124968677759170532e-01,-9.870076924562454224e-02,-2.275096923112869263e-01,-6.181551143527030945e-02,2.368202805519104004e-01,2.389926016330718994e-01,-1.799950152635574341e-01,-3.337981998920440674e-01,3.549470901489257812e-01,-2.391400337219238281e-01,-1.811986714601516724e-01,-7.841371893882751465e-01,4.829109907150268555e-01
2.131650209426879883e+00,2.377462536096572876e-01,3.391573727130889893e-01,-1.074365712702274323e-02,-1.129457056522369385e-01,5.750887561589479446e-03,9.935264587402343750e-01,0.000000000000000000e+00,0.000000000000000000e+00,-5.886409804224967957e-02,-3.201792836189270020e-01,3.972573205828666687e-03,-7.227583229541778564e-02,-3.403059244155883789e-01,-3.970208466053009033e-01,1.044230341911315918e+00,-3.196654319763183594e-01,8.131495118141174316e-02,2.706640958786010742e-01,-5.420896038413047791e-02,-1.979062855243682861e-01,-2.443591058254241943e-01,-1.254653185606002808e-01,1.962540298700332642e-01,2.201470136642456055e-01,-1.445617228746414185e-01,-2.424232065677642822e-01,1.221112012863159180e-01,-3.824547827243804932e-01,-1.782850176095962524e-01,-6.529971361160278320e-01,3.843274712562561035e-01
2.165121078491210938e+00,2.353814393281936646e-01,3.280732035636901855e-01,-1.184740569442510605e-02,-9.712182730436325073e-02,-1.462540216743946075e-02,9.950945377349853516e-01,0.000000000000000000e+00,0.000000000000000000e+00,-7.021182030439376831e-02,-3.051329851150512695e-01,1.087702158838510513e-02,-6.272591650485992432e-02,-3.523688018321990967e-01,-6.156748533248901367e-01,8.381782770156860352e-01,-5.447431802749633789e-01,4.432677105069160461e-02,2.995017468929290771e-01,5.646336823701858521e-02,-2.397004216909408569e-01,-2.263949066400527954e-01,-2.122597098350524902e-01,1.399585157632827759e-01,3.038166463375091553e-01,-1.076589152216911316e-01,-2.041240632534027100e-01,-2.080036140978336334e-02,-3.687666654586791992e-01,-9.124673902988433838e-02,-5.510271191596984863e-01,3.595978915691375732e-01
2.203337192535400391e+00,2.237634807825088501e-01,3.163730502128601074e-01,-5.238274112343788147e-02,-7.876148819923400879e-02,-1.536954287439584732e-02,9.953976273536682129e-01,0.000000000000000000e+00,0.000000000000000000e+00,7.105705142021179199e-02,-1.301456987857818604e-01,8.688407391309738159e-02,-2.771422863006591797e-01,-1.708604693412780762e-01,-6.782647371292114258e-01,3.734168410301208496e-01,-4.372101426124572754e-01,1.125152111053466797e-01,2.945998907089233398e-01,6.197374314069747925e-02,-2.771924436092376709e-01,-1.556856930255889893e-01,-2.480755746364593506e-01,6.157518550753593445e-02,3.681856095790863037e-01,-6.078248843550682068e-02,-1.308557838201522827e-01,-1.993142999708652496e-02,-2.335022091865539551e-01,7.744953036308288574e-02,-4.415262341499328613e-01,2.732033431529998779e-01
2.247392654418945312e+00,2.079426795244216919e-01,3.061654865741729736e-01,-7.233840972185134888e-02,-7.412271946668624878e-02,-9.062848053872585297e-03,9.945807456970214844e-01,0.000000000000000000e+00,0.000000000000000000e+00,2.334722578525543213e-01,-3.966855350881814957e-03,2.680687904357910156e-01,-5.326179862022399902e-01,-1.088974159210920334e-02,-6.538405418395996094e-01,1.498219370841979980e-01,-1.160167455673217773e-01,1.308512091636657715e-01,2.750718295574188232e-01,4.457125812768936157e-02,-3.542529940605163574e-01,-3.547190874814987183e-02,-1.984017789363861084e-01,9.862755239009857178e-02,2.541141808032989502e-01,3.476187214255332947e-02,2.139552980661392212e-01,3.838903794530779123e-04,-1.208316460251808167e-01,1.799999326467514038e-01,-2.885241806507110596e-01,1.472071260213851929e-01
2.295718908309936523e+00,1.972938627004623413e-01,2.945773303508758545e-01,-1.727626100182533264e-02,-1.049615517258644104e-01,1.339231431484222412e-02,9.942359924316406250e-01,0.000000000000000000e+00,0.000000000000000000e+00,2.251573801040649414e-01,2.390389889478683472e-01,3.717680275440216064e-01,-6.496273875236511230e-01,-8.298704773187637329e-02,-4.090820848941802979e-01,3.901819884777069092e-01,-1.449259221553802490e-01,6.050605326890945435e-03,1.885214149951934814e-01,-5.468301475048065186e-02,-1.770519465208053589e-01,3.942313417792320251e-02,-1.388687044382095337e-01,1.884784698486328125e-01,2.271373271942138672e-01,3.903180360794067383e-02,2.284102588891983032e-01,5.638145804405212402e-01,-1.120981015264987946e-02,1.800000071525573730e-01,9.875774383544921875e-02,1.195152029395103455e-01
2.344476222991943359e+00,1.856840997934341431e-01,2.861890196800231934e-01,3.991824761033058167e-02,-4.815886914730072021e-02,1.913327910006046295e-02,9.978582859039306641e-01,0.000000000000000000e+00,0.000000000000000000e+00,1.192744076251983643e-01,2.510545253753662109e-01,2.970776259899139404e-01,-4.923516511917114258e-01,-2.151101529598236084e-01,-3.123058378696441650e-01,5.338720083236694336e-01,-4.140633046627044678e-01,-9.650219231843948364e-02,-1.061973497271537781e-01,-9.848329424858093262e-02,1.616889983415603638e-02,-2.614139765501022339e-02,-1.037064343690872192e-01,2.641995549201965332e-01,2.601038515567779541e-01,-1.260034292936325073e-01,-3.272060453891754150e-01,1.490000009536743164e+00,5.399121716618537903e-02,1.800000071525573730e-01,3.875274658203125000e-01,3.209546208381652832e-01
2.394614696502685547e+00,1.755845993757247925e-01,2.953796982765197754e-01,6.666417419910430908e-02,5.287435837090015411e-03,3.713556099683046341e-03,9.977545738220214844e-01,0.000000000000000000e+00,0.000000000000000000e+00,2.807106636464595795e-02,2.353180646896362305e-01,8.706028014421463013e-02,-4.267900884151458740e-01,-2.681702077388763428e-01,-2.504257261753082275e-01,4.812967777252197266e-01,-4.440325498580932617e-01,-1.140704154968261719e-01,-2.958859503269195557e-01,-8.451241999864578247e-02,1.011058464646339417e-01,-7.452761381864547729e-02,-6.845135241746902466e-02,3.454102277755737305e-01,2.043838202953338623e-01,-1.800000071525573730e-01,-8.569446802139282227e-01,1.490000009536743164e+00,-1.131963133811950684e-01,1.126557067036628723e-01,5.020334124565124512e-01,5.718070864677429199e-01
2.456281185150146484e+00,1.707965880632400513e-01,3.106578588485717773e-01,6.176486983895301819e-02,2.314814366400241852e-02,-1.996739767491817474e-02,9.976224303245544434e-01,0.000000000000000000e+00,0.000000000000000000e+00,-2.308385260403156281e-02,2.242908328771591187e-01,5.194233264774084091e-03,-1.870691962540149689e-02,-3.132391870021820068e-01,2.591657452285289764e-02,9.443234652280807495e-02,-2.038093954324722290e-01,-9.155561029911041260e-02,-2.959990799427032471e-01,-5.898520722985267639e-02,9.350015223026275635e-02,-1.331767588853836060e-01,-6.368092447519302368e-02,4.647655785083770752e-01,1.024119406938552856e-01,-1.800000071525573730e-01,-1.032702803611755371e+00,1.331531047821044922e+00,-7.768848445266485214e-03,2.666062861680984497e-02,-3.839323520660400391e-01,1.489978194236755371e+00
2.519951581954956055e+00,1.687756627798080444e-01,3.262593448162078857e-01,4.113801196217536926e-02,2.732395008206367493e-02,-3.887205198407173157e-02,9.980230331420898438e-01,0.000000000000000000e+00,0.000000000000000000e+00,-4.900301247835159302e-02,1.176256462931632996e-01,9.794122725725173950e-02,2.436700761318206787e-01,-3.684644997119903564e-01,1.222172975540161133e-01,5.097175948321819305e-03,1.996727436780929565e-01,-4.543698206543922424e-02,-2.269393652677536011e-01,-8.329793810844421387e-02,1.097577735781669617e-01,-1.244791224598884583e-01,-5.585562065243721008e-02,4.993513524532318115e-01,3.987719770520925522e-03,-1.474585533142089844e-01,-8.718540072441101074e-01,7.347542047500610352e-01,1.649323618039488792e-03,-3.173448145389556885e-02,-1.016728162765502930e+00,1.490000009536743164e+00
2.584376335144042969e+00,1.671749949455261230e-01,3.340714275836944580e-01,-9.192978031933307648e-03,5.128424987196922302e-02,-6.328143179416656494e-02,9.966347813606262207e-01,0.000000000000000000e+00,0.000000000000000000e+00,4.244711622595787048e-02,-2.332426458597183228e-01,6.456489562988281250e-01,-2.506578154861927032e-02,-3.433097600936889648e-01,-8.037407696247100830e-02,2.854248285293579102e-01,4.963318109512329102e-01,2.062409184873104095e-02,-2.136316746473312378e-01,-7.770349085330963135e-02,1.586894541978836060e-01,-1.224230527877807617e-01,-1.220893785357475281e-01,4.999608099460601807e-01,2.593920938670635223e-02,4.101132974028587341e-02,-5.740659832954406738e-01,4.940673112869262695e-01,-6.381705403327941895e-02,-9.444498270750045776e-02,-1.285559773445129395e+00,1.300844430923461914e+00
2.644610643386840820e+00,1.654411256313323975e-01,3.376072645187377930e-01,-4.829145222902297974e-02,4.231224581599235535e-02,-7.352817058563232422e-02,9.952241778373718262e-01,0.000000000000000000e+00,0.000000000000000000e+00,1.665100306272506714e-01,-3.838520348072052002e-01,9.739409685134887695e-01,-7.212491631507873535e-01,-3.859753906726837158e-01,-3.740633428096771240e-01,7.972965240478515625e-01,4.259500801563262939e-01,1.444369852542877197e-01,-2.330144308507442474e-02,-8.847002685070037842e-02,8.166181296110153198e-02,-2.431250363588333130e-01,-1.774247139692306519e-01,4.999541640281677246e-01,8.796942234039306641e-02,2.426573447883129120e-02,-4.353761672973632812e-01,1.460883915424346924e-01,-3.432202041149139404e-01,-2.287618070840835571e-01,-1.272266507148742676e+00,6.617047190666198730e-01
2.705027580261230469e+00,1.591364443302154541e-01,3.388340473175048828e-01,-5.986372008919715881e-02,-2.589560579508543015e-03,-8.446049690246582031e-02,9.946236014366149902e-01,0.000000000000000000e+00,0.000000000000000000e+00,2.306398600339889526e-01,-4.328934252262115479e-01,8.640930056571960449e-01,-1.081535696983337402e+00,-4.396962523460388184e-01,-5.367776751518249512e-01,1.042206406593322754e+00,6.583295017480850220e-02,1.463862210512161255e-01,2.197722345590591431e-01,-2.503681182861328125e-02,-3.228049725294113159e-02,-3.318166732788085938e-01,-2.793805003166198730e-01,5.000000000000000000e-01,2.224200963973999023e-01,2.788259589578956366e-04,-5.523810982704162598e-01,-1.764141581952571869e-02,-5.817065238952636719e-01,-3.367147743701934814e-01,-1.064951777458190918e+00,4.330092072486877441e-01
2.762200593948364258e+00,1.501322835683822632e-01,3.318380415439605713e-01,-4.440665617585182190e-02,-4.085238650441169739e-02,-1.194180026650428772e-01,9.910088181495666504e-01,0.000000000000000000e+00,0.000000000000000000e+00,2.360568046569824219e-01,-4.481333196163177490e-01,5.233220458030700684e-01,-1.119872212409973145e+00,-3.789782524108886719e-01,-7.081389427185058594e-01,9.854126572608947754e-01,-3.514717221260070801e-01,7.634224742650985718e-02,3.043242394924163818e-01,1.197961419820785522e-01,-5.881338845938444138e-03,-3.280049264430999756e-01,-4.298256635665893555e-01,5.000000000000000000e-01,4.140189290046691895e-01,2.613430842757225037e-02,-5.528463721275329590e-01,-2.410466223955154419e-02,-5.304368138313293457e-01,-3.619808256626129150e-01,-9.182441830635070801e-01,3.499886393547058105e-01
2.818840742111206055e+00,1.362837553024291992e-01,3.155378401279449463e-01,-3.163200616836547852e-02,-8.467312157154083252e-02,-1.739652901887893677e-01,9.805946946144104004e-01,0.000000000000000000e+00,0.000000000000000000e+00,2.498625367879867554e-01,-3.846869766712188721e-01,1.048127934336662292e-01,-1.130710244178771973e+00,-1.592208445072174072e-01,-7.099999785423278809e-01,5.471978783607482910e-01,-6.442123651504516602e-01,1.535534560680389404e-01,2.699100375175476074e-01,1.322239488363265991e-01,1.642172783613204956e-01,-2.339218854904174805e-01,-4.011654555797576904e-01,5.000000000000000000e-01,5.744425654411315918e-01,-4.505822062492370605e-02,-2.853273749351501465e-01,1.277835480868816376e-02,-1.716091781854629517e-01,-2.407688498497009277e-01,-1.017757773399353027e+00,3.331392109394073486e-01
2.873168706893920898e+00,1.212174966931343079e-01,2.978951334953308105e-01,3.090016543865203857e-02,-1.406400203704833984e-01,-2.056771516799926758e-01,9.679682254791259766e-01,0.000000000000000000e+00,0.000000000000000000e+00,2.050975114107131958e-01,-3.900256752967834473e-01,2.000104263424873352e-02,-1.106890559196472168e+00,-1.188075244426727295e-01,-6.379369497299194336e-01,9.724353253841400146e-02,-6.633509397506713867e-01,1.401547491550445557e-01,2.971681952476501465e-01,1.917441189289093018e-02,1.912984251976013184e-01,-1.352251917123794556e-01,-2.673265933990478516e-01,4.841497242450714111e-01,5.079872012138366699e-01,-1.194591820240020752e-01,-3.312325477600097656e-01,1.095872297883033752e-01,-6.880026310682296753e-02,-1.499576866626739502e-01,-1.043311715126037598e+00,3.837297856807708740e-01
2.927311182022094727e+00,1.093473955988883972e-01,2.846966981887817383e-01,8.486623317003250122e-02,-1.546655744314193726e-01,-2.408954352140426636e-01,9.543823599815368652e-01,0.000000000000000000e+00,0.000000000000000000e+00,1.112971901893615723e-01,-3.810879588127136230e-01,1.000140141695737839e-02,-1.047401547431945801e+00,-1.875406205654144287e-01,-4.564485549926757812e-01,6.963711231946945190e-02,-6.657127141952514648e-01,1.993494778871536255e-01,2.751291990280151367e-01,-5.769969150424003601e-02,2.185744345188140869e-01,-8.611878752708435059e-02,-9.608410298824310303e-02,4.689012169837951660e-01,4.045011699199676514e-01,-1.799999624490737915e-01,-8.604081273078918457e-01,1.976572424173355103e-01,-1.285607814788818359e-01,-2.373499274253845215e-01,-1.143010377883911133e+00,4.004395902156829834e-01
2.987133979797363281e+00,9.889164566993713379e-02,2.743954956531524658e-01,1.056844443082809448e-01,-1.143258884549140930e-01,-2.738520503044128418e-01,9.490866661071777344e-01,0.000000000000000000e+00,0.000000000000000000e+00,4.469766467809677124e-02,-3.669127523899078369e-01,-5.298720480667682559e-19,-7.765039205551147461e-01,-3.444297015666961670e-01,-3.661690950393676758e-01,3.753272891044616699e-01,-9.242874979972839355e-01,2.794798314571380615e-01,2.535759508609771729e-01,1.028351113200187683e-01,1.815295219421386719e-01,-1.528088152408599854e-01,2.433681674301624298e-02,4.996651709079742432e-01,1.624202430248260498e-01,-1.798891127109527588e-01,-1.354448080062866211e+00,4.698040485382080078e-01,-3.835030198097229004e-01,-4.791786968708038330e-01,-1.074679613113403320e+00,3.673963844776153564e-01
3.053317546844482422e+00,8.358482271432876587e-02,2.776901721954345703e-01,7.430016994476318359e-02,-4.255389794707298279e-02,-2.814541757106781006e-01,9.557469487190246582e-01,0.000000000000000000e+00,0.000000000000000000e+00,1.215070486068725586e-01,-2.387174516916275024e-01,3.347782650962471962e-03,-6.449917554855346680e-01,-3.588619828224182129e-01,-3.194404840469360352e-01,5.055495500564575195e-01,-9.288607835769653320e-01,2.952158153057098389e-01,1.175931245088577271e-01,2.771573960781097412e-01,1.731137186288833618e-01,-1.429077237844467163e-01,-5.523103475570678711e-02,5.000000000000000000e-01,-2.080300301313400269e-01,-1.626146882772445679e-01,-1.039267539978027344e+00,2.867711782455444336e-01,-4.261636137962341309e-01,-4.463813304901123047e-01,-7.421094179153442383e-01,3.018073439598083496e-01
3.123608112335205078e+00,6.181998550891876221e-02,2.888100743293762207e-01,6.994855403900146484e-02,5.204313620924949646e-02,-2.743287384510040283e-01,9.576755762100219727e-01,0.000000000000000000e+00,0.000000000000000000e+00,1.251663267612457275e-01,-2.115668356418609619e-01,7.024666666984558105e-02,-7.341822981834411621e-01,-3.029802441596984863e-01,-3.465782999992370605e-01,4.798198044300079346e-01,-7.074717879295349121e-01,2.074668407440185547e-01,-4.172322899103164673e-02,2.885607182979583740e-01,8.129834383726119995e-02,-6.588079268112778664e-04,-6.381957232952117920e-02,5.000000000000000000e-01,-5.247760415077209473e-01,-9.981092810630798340e-02,-6.756700277328491211e-01,1.954312324523925781e-01,-4.399527013301849365e-01,-2.148142009973526001e-01,-5.715939998626708984e-01,2.559222280979156494e-01
3.197584152221679688e+00,3.618508204817771912e-02,3.031070530414581299e-01,8.646119385957717896e-02,1.069420874118804932e-01,-2.737281620502471924e-01,9.519247412681579590e-01,0.000000000000000000e+00,0.000000000000000000e+00,4.531060159206390381e-02,-1.728400737047195435e-01,-3.118060627741088033e-18,-3.874546885490417480e-01,-3.415541946887969971e-01,-2.767954766750335693e-01,2.454726547002792358e-01,-2.069198936223983765e-01,8.748711645603179932e-02,-8.119514212012290955e-03,2.346560060977935791e-01,-1.392034888267517090e-01,9.420394897460937500e-02,-2.677947469055652618e-02,5.000000000000000000e-01,-6.493459343910217285e-01,-1.308966428041458130e-01,-6.860391497611999512e-01,2.903774380683898926e-01,-4.543441236019134521e-01,-4.462267085909843445e-02,-7.636627554893493652e-01,2.206091284751892090e-01
3.261988162994384766e+00,1.128978654742240906e-02,3.108819127082824707e-01,9.305691719055175781e-02,1.237844526767730713e-01,-2.715481817722320557e-01,9.498838782310485840e-01,0.000000000000000000e+00,0.000000000000000000e+00,4.698005504906177521e-03,-1.469291150569915771e-01,-8.516676919252232377e-19,-7.431132346391677856e-02,-3.732621967792510986e-01,-2.905558347702026367e-01,2.551849484443664551e-01,7.541695237159729004e-02,-9.888431988656520844e-03,6.874962896108627319e-02,2.492872625589370728e-01,-1.543933898210525513e-01,9.327537566423416138e-02,-3.372123837471008301e-02,5.000000000000000000e-01,-5.728930234909057617e-01,-1.505066901445388794e-01,-9.135562777519226074e-01,2.876715064048767090e-01,-3.880298733711242676e-01,-2.184685692191123962e-02,-1.061630725860595703e+00,2.396851927042007446e-01
3.313742637634277344e+00,-1.249542739242315292e-02,3.140942156314849854e-01,8.656849712133407593e-02,1.254819035530090332e-01,-2.564594745635986328e-01,9.544572830200195312e-01,0.000000000000000000e+00,0.000000000000000000e+00,1.378811299800872803e-01,-1.481541544198989868e-01,7.520062383264303207e-03,-4.387848544865846634e-03,-3.514540195465087891e-01,-4.746755957603454590e-01,6.309651732444763184e-01,5.120176449418067932e-02,-4.324015229940414429e-03,9.656221419572830200e-02,2.249204665422439575e-01,3.142414614558219910e-02,5.442729219794273376e-02,-1.433839555829763412e-03,4.841458797454833984e-01,-4.541867971420288086e-01,-7.081458717584609985e-02,-1.044183611869812012e+00,2.887527346611022949e-01,-3.112647533416748047e-01,-5.673402920365333557e-02,-1.203088521957397461e+00,2.516901493072509766e-01
3.354568958282470703e+00,-3.390404582023620605e-02,3.064912259578704834e-01,7.298780232667922974e-02,7.233688235282897949e-02,-2.523567676544189453e-01,9.621622562408447266e-01,0.000000000000000000e+00,0.000000000000000000e+00,3.195521831512451172e-01,-2.060891985893249512e-01,4.737436473369598389e-01,-6.627508997917175293e-01,-3.561770617961883545e-01,-6.061649918556213379e-01,1.046673655509948730e+00,-6.366650462150573730e-01,1.890568248927593231e-02,2.254858314990997314e-01,2.234686911106109619e-01,2.796927094459533691e-01,3.492952883243560791e-02,7.238830626010894775e-02,3.656676113605499268e-01,-3.327118456363677979e-01,-6.187143549323081970e-02,-1.171577811241149902e+00,2.683638632297515869e-01,-2.923985421657562256e-01,-5.279329419136047363e-02,-1.284128308296203613e+00,2.299840897321701050e-01
3.386554479598999023e+00,-5.234311521053314209e-02,2.899607717990875244e-01,9.838027507066726685e-02,1.047181896865367889e-02,-2.566844820976257324e-01,9.614180922508239746e-01,0.000000000000000000e+00,0.000000000000000000e+00,3.208178281784057617e-01,-3.382681012153625488e-01,4.975308775901794434e-01,-1.014642715454101562e+00,-2.943422198295593262e-01,-7.032129764556884766e-01,4.857232570648193359e-01,-8.834595680236816406e-01,-1.131700165569782257e-02,2.855087816715240479e-01,2.556494176387786865e-01,3.737697899341583252e-01,8.949749171733856201e-02,1.212567463517189026e-01,4.659738540649414062e-01,-2.244103550910949707e-01,-1.269452422857284546e-01,-1.181877970695495605e+00,2.445283085107803345e-01,-2.652824819087982178e-01,-1.216827183961868286e-01,-1.248272895812988281e+00,2.248769700527191162e-01
3.418783187866210938e+00,-7.005812972784042358e-02,2.633652091026306152e-01,1.290709823369979858e-01,-5.155773833394050598e-02,-2.503536045551300049e-01,9.581260681152343750e-01,0.000000000000000000e+00,0.000000000000000000e+00,1.736859977245330811e-01,-5.271081328392028809e-01,3.136269748210906982e-01,-1.122319579124450684e+00,-2.657562196254730225e-01,-7.099995613098144531e-01,6.990949259488843381e-07,-6.907272934913635254e-01,-1.282028388231992722e-02,3.273328244686126709e-01,2.271852195262908936e-01,4.499999880790710449e-01,1.442304253578186035e-01,1.665104478597640991e-01,5.000000000000000000e-01,-1.267496943473815918e-01,-1.572580784559249878e-01,-1.178910017013549805e+00,1.883050054311752319e-01,-2.338580191135406494e-01,-1.914634108543395996e-01,-1.260307073593139648e+00,1.851307451725006104e-01
3.457141637802124023e+00,-8.000512421131134033e-02,2.404360324144363403e-01,1.527135819196701050e-01,-9.401434659957885742e-02,-2.847661375999450684e-01,9.416730403900146484e-01,0.000000000000000000e+00,0.000000000000000000e+00,-3.302096622064709663e-03,-6.106996536254882812e-01,4.355269297957420349e-02,-1.106618165969848633e+00,-3.002779781818389893e-01,-6.721401214599609375e-01,1.097487881779670715e-01,-8.686927556991577148e-01,-2.982276491820812225e-02,3.400000035762786865e-01,2.931138575077056885e-01,4.499999880790710449e-01,1.521588414907455444e-01,1.857353895902633667e-01,5.000000000000000000e-01,1.157720271294238046e-05,-1.542214900255203247e-01,-1.214948654174804688e+00,1.322092860937118530e-01,-8.317887783050537109e-02,-2.566783130168914795e-01,-1.406203150749206543e+00,4.898842424154281616e-02
3.493852853775024414e+00,-8.423352986574172974e-02,2.339843213558197021e-01,1.294411271810531616e-01,-1.117491647601127625e-01,-2.967123389244079590e-01,9.395312070846557617e-01,0.000000000000000000e+00,0.000000000000000000e+00,-6.252806633710861206e-02,-7.099999785423278809e-01,1.849708198566578365e-19,-5.365740656852722168e-01,-4.215498864650726318e-01,-6.661263704299926758e-01,5.029704570770263672e-01,-1.069997310638427734e+00,1.437300723046064377e-02,3.400000035762786865e-01,3.280837237834930420e-01,4.499999880790710449e-01,9.994855523109436035e-02,1.748699098825454712e-01,5.000000000000000000e-01,-2.259320579469203949e-02,-1.755588203668594360e-01,-1.078545808792114258e+00,9.804160892963409424e-02,-2.516521215438842773e-01,-3.061488270759582520e-01,-1.088773846626281738e+00,1.620425581932067871e-01
3.529894351959228516e+00,-8.891931176185607910e-02,2.348918914794921875e-01,7.828395813703536987e-02,-9.758339077234268188e-02,-3.063232004642486572e-01,9.436711072921752930e-01,0.000000000000000000e+00,0.000000000000000000e+00,-1.850322633981704712e-02,-6.406230330467224121e-01,2.876442857086658478e-02,-5.452024340629577637e-01,-4.696717262268066406e-01,-6.133940815925598145e-01,7.440828680992126465e-01,-1.206607818603515625e+00,4.503110796213150024e-02,3.400000035762786865e-01,3.884759545326232910e-01,4.499999880790710449e-01,1.211796626448631287e-01,1.883412450551986694e-01,5.000000000000000000e-01,-1.818640902638435364e-02,-1.638601720333099365e-01,-1.139398694038391113e+00,9.634041786193847656e-02,-2.875896394252777100e-01,-3.179924488067626953e-01,-1.028532862663269043e+00,1.576414108276367188e-01
3.564020872116088867e+00,-9.717734903097152710e-02,2.452531605958938599e-01,4.395083710551261902e-02,-8.412393182516098022e-02,-3.026132881641387939e-01,9.483758211135864258e-01,0.000000000000000000e+00,0.000000000000000000e+00,3.059797547757625580e-02,-5.495501160621643066e-01,1.598164886236190796e-01,-6.784221529960632324e-01,-5.231220722198486328e-01,-5.087598562240600586e-01,8.269914984703063965e-01,-1.308305025100708008e+00,-1.261107809841632843e-02,3.400000035762786865e-01,4.589332342147827148e-01,4.499999880790710449e-01,1.756914854049682617e-01,2.137349694967269897e-01,5.000000000000000000e-01,-1.199400145560503006e-02,-1.162323728203773499e-01,-1.231719970703125000e+00,1.215172782540321350e-01,-2.690957486629486084e-01,-3.113008737564086914e-01,-1.009714007377624512e+00,1.767337471246719360e-01
3.594274997711181641e+00,-1.075311303138732910e-01,2.619157731533050537e-01,2.076476253569126129e-02,-5.789645388722419739e-02,-2.889964580535888672e-01,9.553522467613220215e-01,0.000000000000000000e+00,0.000000000000000000e+00,5.458769202232360840e-02,-4.832267463207244873e-01,2.418358325958251953e-01,-8.280088901519775391e-01,-5.248843431472778320e-01,-4.205271899700164795e-01,8.093187212944030762e-01,-1.342791914939880371e+00,-7.934992760419845581e-02,3.207443952560424805e-01,5.049499869346618652e-01,4.495946466922760010e-01,1.851626187562942505e-01,2.572361528873443604e-01,5.000000000000000000e-01,-8.983996696770191193e-03,-7.229323685169219971e-02,-1.321859002113342285e+00,1.594530791044235229e-01,-2.727611660957336426e-01,-3.006291687488555908e-01,-9.648591876029968262e-01,1.782442927360534668e-01
3.623096704483032227e+00,-1.205260604619979858e-01,2.823688983917236328e-01,7.217168807983398438e-03,-2.277625910937786102e-02,-2.796990573406219482e-01,9.597904086112976074e-01,0.000000000000000000e+00,0.000000000000000000e+00,8.073440194129943848e-02,-4.311338961124420166e-01,2.413323223590850830e-01,-9.460643529891967773e-01,-4.906507134437561035e-01,-3.314707875251770020e-01,6.741820573806762695e-01,-1.320074200630187988e+00,-9.850458800792694092e-02,3.090450167655944824e-01,5.508753061294555664e-01,4.233545958995819092e-01,1.000853627920150757e-01,3.025409281253814697e-01,5.000000000000000000e-01,3.188066184520721436e-02,-1.232752874493598938e-01,-1.413000941276550293e+00,2.066207826137542725e-01,-2.558414638042449951e-01,-3.622848689556121826e-01,-9.581164121627807617e-01,1.621315181255340576e-01
3.647174835205078125e+00,-1.385088711977005005e-01,3.006547093391418457e-01,-2.263570786453783512e-04,2.675440721213817596e-02,-2.840503156185150146e-01,9.584360122680664062e-01,0.000000000000000000e+00,0.000000000000000000e+00,1.340312510728836060e-01,-4.281878173351287842e-01,2.085072100162506104e-01,-1.118872880935668945e+00,-3.640263676643371582e-01,-3.161381483078002930e-01,5.926619768142700195e-01,-1.454730987548828125e+00,-8.554036170244216919e-02,2.504503130912780762e-01,6.284461617469787598e-01,4.489805698394775391e-01,4.961092025041580200e-02,3.399868607521057129e-01,4.906769096851348877e-01,1.131764352321624756e-01,-1.382899284362792969e-01,-1.478265404701232910e+00,2.417941391468048096e-01,-2.126457691192626953e-01,-4.376954734325408936e-01,-9.954304695129394531e-01,1.359808593988418579e-01
3.669138669967651367e+00,-1.551945805549621582e-01,3.154484927654266357e-01,1.321293786168098450e-02,4.709022864699363708e-02,-2.685531675815582275e-01,9.620224237442016602e-01,0.000000000000000000e+00,0.000000000000000000e+00,1.292853057384490967e-01,-4.010989367961883545e-01,1.233524084091186523e-01,-1.246130704879760742e+00,-3.483926355838775635e-01,-2.788087725639343262e-01,4.951879680156707764e-01,-1.617168784141540527e+00,-9.670396894216537476e-02,2.395661473274230957e-01,6.297380328178405762e-01,4.494310617446899414e-01,3.073346614837646484e-02,3.872650861740112305e-01,4.777412116527557373e-01,1.844983696937561035e-01,-1.555570811033248901e-01,-1.500753283500671387e+00,2.672389447689056396e-01,-1.903381496667861938e-01,-4.926450848579406738e-01,-9.738886952400207520e-01,1.175612062215805054e-01
3.689230680465698242e+00,-1.679270863533020020e-01,3.264645338058471680e-01,1.651393063366413116e-02,4.390327259898185730e-02,-2.458660155534744263e-01,9.681681990623474121e-01,0.000000000000000000e+00,0.000000000000000000e+00,1.262841969728469849e-01,-3.524177670478820801e-01,3.041951917111873627e-02,-1.269181132316589355e+00,-3.618618249893188477e-01,-2.523669600486755371e-01,4.804365336894989014e-01,-1.726190328598022461e+00,-1.179123595356941223e-01,2.718719244003295898e-01,6.320042014122009277e-01,4.497702419757843018e-01,4.253355413675308228e-02,4.358447492122650146e-01,4.770848453044891357e-01,2.110544294118881226e-01,-1.687388569116592407e-01,-1.483565688133239746e+00,2.855140566825866699e-01,-2.154768705368041992e-01,-5.304130315780639648e-01,-8.610289096832275391e-01,1.285313963890075684e-01
3.707370996475219727e+00,-1.796900928020477295e-01,3.327409327030181885e-01,1.510561350733041763e-02,3.039464913308620453e-02,-2.212416529655456543e-01,9.746282100677490234e-01,0.000000000000000000e+00,0.000000000000000000e+00,1.259783506393432617e-01,-3.363894820213317871e-01,2.479189133737236261e-04,-1.272227764129638672e+00,-3.521565198898315430e-01,-2.758505940437316895e-01,5.584909915924072266e-01,-1.860285043716430664e+00,-1.504919975996017456e-01,3.072763979434967041e-01,6.655228734016418457e-01,4.499999880790710449e-01,8.707330375909805298e-02,4.617157876491546631e-01,4.945155084133148193e-01,2.162053138017654419e-01,-1.776465475559234619e-01,-1.453544497489929199e+00,3.035735487937927246e-01,-2.115471214056015015e-01,-5.666722059249877930e-01,-7.333210110664367676e-01,1.753229498863220215e-01
3.721679449081420898e+00,-1.924800127744674683e-01,3.322224318981170654e-01,1.635065674781799316e-02,1.007729768753051758e-02,-1.901771873235702515e-01,9.815618991851806641e-01,0.000000000000000000e+00,0.000000000000000000e+00,1.050467491149902344e-01,-3.693901896476745605e-01,2.870574826374650002e-03,-1.276307940483093262e+00,-3.114330172538757324e-01,-3.574914634227752686e-01,5.290232300758361816e-01,-1.931993603706359863e+00,-1.903473734855651855e-01,3.194699585437774658e-01,7.124572992324829102e-01,4.499999880790710449e-01,1.480463743209838867e-01,4.604031741619110107e-01,5.000000000000000000e-01,2.395750880241394043e-01,-1.799999922513961792e-01,-1.434939265251159668e+00,3.268781900405883789e-01,-1.589773446321487427e-01,-5.859749913215637207e-01,-6.032360196113586426e-01,2.654281258583068848e-01
3.733089923858642578e+00,-2.069893330335617065e-01,3.259605169296264648e-01,1.093257870525121689e-02,-2.073698304593563080e-02,-1.474710255861282349e-01,9.887885451316833496e-01,0.000000000000000000e+00,0.000000000000000000e+00,7.702281326055526733e-02,-4.385717511177062988e-01,1.181437284685671329e-03,-1.262477755546569824e+00,-2.670269906520843506e-01,-4.204967021942138672e-01,3.340841531753540039e-01,-1.841476440429687500e+00,-2.170569598674774170e-01,3.381681740283966064e-01,7.563213109970092773e-01,4.499999880790710449e-01,1.993039399385452271e-01,4.409119188785552979e-01,5.000000000000000000e-01,2.697553932666778564e-01,-1.770784556865692139e-01,-1.431108117103576660e+00,3.582386672496795654e-01,-1.006766781210899353e-01,-5.746159553527832031e-01,-4.610783457756042480e-01,4.071694016456604004e-01
3.739319562911987305e+00,-2.218975573778152466e-01,3.118181526660919189e-01,5.082141142338514328e-03,-5.363613739609718323e-02,-8.278793841600418091e-02,9.951097965240478516e-01,0.000000000000000000e+00,0.000000000000000000e+00,3.358146920800209045e-02,-5.546945929527282715e-01,1.019921246916055679e-02,-1.153973102569580078e+00,-2.808929681777954102e-01,-4.645456671714782715e-01,8.306472748517990112e-02,-1.613619565963745117e+00,-2.364526540040969849e-01,3.400000035762786865e-01,7.424439191818237305e-01,4.499999880790710449e-01,2.404598742723464966e-01,4.198150038719177246e-01,5.000000000000000000e-01,2.918716669082641602e-01,-1.590134054422378540e-01,-1.428998231887817383e+00,3.981564044952392578e-01,-8.281022310256958008e-02,-5.308799147605895996e-01,-2.783460021018981934e-01,5.916757583618164062e-01
3.738307476043701172e+00,-2.334458827972412109e-01,2.987273931503295898e-01,3.294356539845466614e-02,-5.772965773940086365e-02,-6.114082410931587219e-03,9.977698326110839844e-01,0.000000000000000000e+00,0.000000000000000000e+00,-9.657009690999984741e-02,-6.635015606880187988e-01,2.431824989616870880e-02,-6.316042542457580566e-01,-4.163782894611358643e-01,-6.216097474098205566e-01,3.977584093809127808e-02,-8.405102491378784180e-01,-3.356234431266784668e-01,3.400000035762786865e-01,6.503318548202514648e-01,4.499999880790710449e-01,2.262783199548721313e-01,4.975146651268005371e-01,5.000000000000000000e-01,2.075620293617248535e-01,-1.559058725833892822e-01,-1.390712380409240723e+00,2.507885992527008057e-01,-1.529076397418975830e-01,-5.306249260902404785e-01,-1.127588152885437012e-01,5.329365134239196777e-01
3.742965936660766602e+00,-2.491707205772399902e-01,2.835589647293090820e-01,-8.510137908160686493e-03,-9.437356144189834595e-02,3.370636329054832458e-02,9.949296712875366211e-01,0.000000000000000000e+00,0.000000000000000000e+00,9.801867417991161346e-03,-5.705892443656921387e-01,5.443141609430313110e-02,-5.423952341079711914e-01,-3.676783740520477295e-01,-5.296587347984313965e-01,4.720192030072212219e-02,-6.196591854095458984e-01,-2.708572149276733398e-01,3.400000035762786865e-01,7.071142792701721191e-01,4.499999880790710449e-01,2.481575012207031250e-01,5.053662061691284180e-01,5.000000000000000000e-01,2.570979595184326172e-01,-1.590939313173294067e-01,-1.396599292755126953e+00,2.168174535036087036e-01,-5.038097873330116272e-02,-4.938059449195861816e-01,2.121775783598423004e-02,5.279905796051025391e-01
3.750636577606201172e+00,-2.646653056144714355e-01,2.760235965251922607e-01,-3.718591108918190002e-02,-1.359919756650924683e-01,4.710021242499351501e-02,9.888907670974731445e-01,0.000000000000000000e+00,0.000000000000000000e+00,1.353949606418609619e-01,-5.267106890678405762e-01,1.804474145174026489e-01,-6.807205677032470703e-01,-2.828403413295745850e-01,-4.569711983203887939e-01,2.279950678348541260e-01,-6.976367235183715820e-01,-2.289950400590896606e-01,3.400000035762786865e-01,8.649122118949890137e-01,4.499999880790710449e-01,2.964319586753845215e-01,5.179516673088073730e-01,5.000000000000000000e-01,3.361510932445526123e-01,-1.665890365839004517e-01,-1.437812447547912598e+00,2.509814798831939697e-01,9.481087327003479004e-03,-4.415447711944580078e-01,1.573470681905746460e-01,6.487867236137390137e-01
3.753305196762084961e+00,-2.769404351711273193e-01,2.763660550117492676e-01,-3.986731544137001038e-02,-1.341012865304946899e-01,8.405650407075881958e-02,9.865911006927490234e-01,0.000000000000000000e+00,0.000000000000000000e+00,1.790183633565902710e-01,-5.703667402267456055e-01,2.018125057220458984e-01,-8.422745466232299805e-01,-2.574425041675567627e-01,-4.623088836669921875e-01,3.422560989856719971e-01,-8.529178500175476074e-01,-2.362304180860519409e-01,3.400000035762786865e-01,8.465812206268310547e-01,4.499999880790710449e-01,3.213554024696350098e-01,5.452131032943725586e-01,5.000000000000000000e-01,2.940507531166076660e-01,-1.800000071525573730e-01,-1.447643041610717773e+00,2.952979505062103271e-01,-1.675891317427158356e-02,-4.622388482093811035e-01,1.960730850696563721e-01,7.393900156021118164e-01
3.758989572525024414e+00,-2.872467041015625000e-01,2.819478809833526611e-01,-3.399256989359855652e-02,-1.314172744750976562e-01,1.106017678976058960e-01,9.845513105392456055e-01,0.000000000000000000e+00,0.000000000000000000e+00,1.947095543146133423e-01,-5.803886651992797852e-01,1.710983514785766602e-01,-9.338279366493225098e-01,-2.396535277366638184e-01,-4.497148096561431885e-01,4.079869687557220459e-01,-9.827794432640075684e-01,-2.541010975837707520e-01,3.317725658416748047e-01,8.709145188331604004e-01,4.499999880790710449e-01,3.150482177734375000e-01,6.029488444328308105e-01,5.000000000000000000e-01,2.657068073749542236e-01,-1.800000071525573730e-01,-1.426191091537475586e+00,3.415776491165161133e-01,-6.098243221640586853e-02,-4.587638974189758301e-01,2.237402200698852539e-01,8.010423779487609863e-01
3.766870737075805664e+00,-2.962532043457031250e-01,2.899479568004608154e-01,-1.827076263725757599e-02,-1.299787759780883789e-01,1.295232325792312622e-01,9.828506708145141602e-01,0.000000000000000000e+00,0.000000000000000000e+00,1.781071871519088745e-01,-5.280894637107849121e-01,1.006303429603576660e-01,-9.925863742828369141e-01,-2.371726781129837036e-01,-4.045754373073577881e-01,4.503679871559143066e-01,-1.135397076606750488e+00,-2.838242053985595703e-01,3.175346851348876953e-01,9.359073042869567871e-01,4.499999880790710449e-01,2.661210596561431885e-01,6.928336024284362793e-01,5.000000000000000000e-01,2.635183930397033691e-01,-1.770783066749572754e-01,-1.402865648269653320e+00,4.029139876365661621e-01,-1.170136705040931702e-01,-4.174163043498992920e-01,1.317157000303268433e-01,9.264845848083496094e-01
3.768763303756713867e+00,-3.028657138347625732e-01,2.993571162223815918e-01,2.068821899592876434e-02,-8.815129101276397705e-02,1.846043020486831665e-01,9.786330461502075195e-01,0.000000000000000000e+00,0.000000000000000000e+00,5.696117877960205078e-02,-5.644190311431884766e-01,3.654357045888900757e-02,-9.063944220542907715e-01,-3.539979755878448486e-01,-4.288766384124755859e-01,3.208506405353546143e-01,-1.082418918609619141e+00,-3.504022657871246338e-01,3.276917338371276855e-01,7.880125045776367188e-01,4.499999880790710449e-01,1.878637820482254028e-01,7.947953343391418457e-01,5.000000000000000000e-01,1.807806789875030518e-01,-1.730802953243255615e-01,-1.362209081649780273e+00,4.364626407623291016e-01,-1.332505643367767334e-01,-4.420882761478424072e-01,-2.512189447879791260e-01,1.032958865165710449e+00
3.772513866424560547e+00,-3.076794445514678955e-01,3.080587089061737061e-01,4.103582724928855896e-02,-6.442286819219589233e-02,2.031685560941696167e-01,9.761599898338317871e-01,0.000000000000000000e+00,0.000000000000000000e+00,-1.028526853770017624e-02,-5.763352513313293457e-01,1.429582983255386353e-01,-8.436735272407531738e-01,-3.960295915603637695e-01,-4.308455884456634521e-01,2.602847814559936523e-01,-9.989012479782104492e-01,-3.927641510963439941e-01,3.269664049148559570e-01,7.599378228187561035e-01,4.499999880790710449e-01,1.082575768232345581e-01,8.876398205757141113e-01,5.000000000000000000e-01,1.342436224222183228e-01,-1.751527339220046997e-01,-1.350859165191650391e+00,4.670312106609344482e-01,-1.290391683578491211e-01,-3.753896057605743408e-01,-7.980501651763916016e-01,1.164177417755126953e+00
3.778723955154418945e+00,-3.107628226280212402e-01,3.120019137859344482e-01,4.577737301588058472e-02,-4.319126158952713013e-02,2.173369377851486206e-01,9.740654826164245605e-01,0.000000000000000000e+00,0.000000000000000000e+00,-5.116593092679977417e-02,-5.767611265182495117e-01,2.513700425624847412e-01,-8.011963963508605957e-01,-4.102811515331268311e-01,-4.210339486598968506e-01,2.159060537815093994e-01,-9.064675569534301758e-01,-4.102989435195922852e-01,3.273782730102539062e-01,7.723381519317626953e-01,4.499999880790710449e-01,-6.361954146996140480e-04,9.599044322967529297e-01,5.000000000000000000e-01,1.093303412199020386e-01,-1.800000071525573730e-01,-1.366794228553771973e+00,4.902924597263336182e-01,-5.738120153546333313e-02,-3.660673797130584717e-01,-1.347639441490173340e+00,1.272632002830505371e+00
3.791046142578125000e+00,-3.107720613479614258e-01,3.104396760463714600e-01,9.882255457341670990e-03,-6.043083965778350830e-02,1.795959174633026123e-01,9.818328619003295898e-01,0.000000000000000000e+00,0.000000000000000000e+00,3.985717147588729858e-02,-4.492723047733306885e-01,3.252896368503570557e-01,-8.614028692245483398e-01,-2.614745497703552246e-01,-3.547686934471130371e-01,2.681769728660583496e-01,-9.292991161346435547e-01,-4.151262640953063965e-01,2.897705137729644775e-01,1.022061467170715332e+00,4.499999880790710449e-01,-7.109232991933822632e-02,9.717233180999755859e-01,4.887654781341552734e-01,1.293041557073593140e-01,-1.800000071525573730e-01,-1.449183940887451172e+00,5.326133370399475098e-01,3.790112584829330444e-02,-3.278735876083374023e-01,-1.819766998291015625e+00,1.311104893684387207e+00
3.794207811355590820e+00,-3.132296502590179443e-01,3.086322247982025146e-01,4.320416599512100220e-03,-4.385317862033843994e-02,2.109428942203521729e-01,9.765046238899230957e-01,0.000000000000000000e+00,0.000000000000000000e+00,7.683727145195007324e-02,-4.255356490612030029e-01,2.416166365146636963e-01,-1.017335176467895508e+00,-2.469207644462585449e-01,-3.555070459842681885e-01,2.864178419113159180e-01,-1.058482170104980469e+00,-3.682951629161834717e-01,2.934671342372894287e-01,9.440134763717651367e-01,4.499999880790710449e-01,-7.193327695131301880e-02,9.532196521759033203e-01,4.872779548168182373e-01,1.607227027416229248e-01,-1.800000071525573730e-01,-1.476467370986938477e+00,5.997317433357238770e-01,2.741105668246746063e-02,-3.058956265449523926e-01,-1.818220973014831543e+00,1.263917684555053711e+00
3.799301862716674805e+00,-3.142810165882110596e-01,3.068496286869049072e-01,6.361003499478101730e-03,-3.471080586314201355e-02,2.252309918403625488e-01,9.736661314964294434e-01,0.000000000000000000e+00,0.000000000000000000e+00,7.574708014726638794e-02,-3.829412758350372314e-01,1.613773554563522339e-01,-1.149809718132019043e+00,-2.417004406452178955e-01,-3.406779766082763672e-01,3.014982342720031738e-01,-1.197266101837158203e+00,-3.713253140449523926e-01,2.851073443889617920e-01,9.448452591896057129e-01,4.499999880790710449e-01,-6.864202022552490234e-02,9.380149841308593750e-01,4.962790310382843018e-01,1.801272034645080566e-01,-1.800000071525573730e-01,-1.508592367172241211e+00,6.677236557006835938e-01,3.075407445430755615e-02,-2.283529490232467651e-01,-1.817806363105773926e+00,1.203785300254821777e+00
3.805423974990844727e+00,-3.139553368091583252e-01,3.051461279392242432e-01,1.309204264543950558e-03,-3.848109394311904907e-02,2.212001532316207886e-01,9.744680523872375488e-01,0.000000000000000000e+00,0.000000000000000000e+00,8.414597809314727783e-02,-3.067264556884765625e-01,1.046313643455505371e-01,-1.313901185989379883e+00,-2.041954696178436279e-01,-2.913120388984680176e-01,3.138927519321441650e-01,-1.406306266784667969e+00,-3.827836215496063232e-01,2.574332356452941895e-01,9.990701675415039062e-01,4.499999880790710449e-01,-7.427932322025299072e-02,9.296601414680480957e-01,4.995567798614501953e-01,2.064917385578155518e-01,-1.800000071525573730e-01,-1.570005059242248535e+00,7.590097784996032715e-01,5.518421158194541931e-02,-4.592522606253623962e-02,-1.819175601005554199e+00,1.145111203193664551e+00
3.807259321212768555e+00,-3.151204586029052734e-01,3.063792586326599121e-01,7.788446731865406036e-03,-4.071471095085144043e-02,2.418436110019683838e-01,9.694293737411499023e-01,0.000000000000000000e+00,0.000000000000000000e+00,7.781753689050674438e-02,-2.786616683006286621e-01,4.279262945055961609e-02,-1.405387282371520996e+00,-2.208893299102783203e-01,-2.609088718891143799e-01,2.817193269729614258e-01,-1.545480966567993164e+00,-3.547500967979431152e-01,2.883903980255126953e-01,9.031097292900085449e-01,4.499999880790710449e-01,-9.054532647132873535e-02,9.397756457328796387e-01,5.000000000000000000e-01,2.510351240634918213e-01,-1.800000071525573730e-01,-1.581980705261230469e+00,8.288034200668334961e-01,7.442420348525047302e-03,9.980023652315139771e-02,-1.653709292411804199e+00,1.145086646080017090e+00
3.809362173080444336e+00,-3.148759305477142334e-01,3.079259097576141357e-01,1.194598339498043060e-02,-4.303549975156784058e-02,2.568322420120239258e-01,9.654234647750854492e-01,0.000000000000000000e+00,0.000000000000000000e+00,6.696433573961257935e-02,-2.656734585762023926e-01,1.410975120961666107e-02,-1.460596323013305664e+00,-2.346342206001281738e-01,-2.282563745975494385e-01,2.436078786849975586e-01,-1.658942699432373047e+00,-3.317528963088989258e-01,2.941760718822479248e-01,8.472565412521362305e-01,4.499999880790710449e-01,-9.646625071763992310e-02,9.481475353240966797e-01,5.000000000000000000e-01,2.778313755989074707e-01,-1.800000071525573730e-01,-1.557735085487365723e+00,8.985491991043090820e-01,-7.241120096296072006e-03,1.157404929399490356e-01,-1.536572933197021484e+00,1.172590136528015137e+00
3.812335252761840820e+00,-3.138380646705627441e-01,3.085448443889617920e-01,1.091203652322292328e-02,-4.886038228869438171e-02,2.653267085552215576e-01,9.628579020500183105e-01,0.000000000000000000e+00,0.000000000000000000e+00,7.390044629573822021e-02,-2.464307099580764771e-01,1.025634165853261948e-02,-1.525143980979919434e+00,-2.241926938295364380e-01,-1.836628317832946777e-01,2.069137841463088989e-01,-1.800849437713623047e+00,-3.166413307189941406e-01,2.853009402751922607e-01,8.422533869743347168e-01,4.499999880790710449e-01,-8.545047044754028320e-02,9.273124933242797852e-01,5.000000000000000000e-01,2.992835044860839844e-01,-1.800000071525573730e-01,-1.546840667724609375e+00,9.952046275138854980e-01,1.164112705737352371e-02,1.170785278081893921e-01,-1.492979407310485840e+00,1.234351515769958496e+00
3.815398454666137695e+00,-3.122304379940032959e-01,3.078658282756805420e-01,9.984110482037067413e-03,-5.510019510984420776e-02,2.684054076671600342e-01,9.616770744323730469e-01,0.000000000000000000e+00,0.000000000000000000e+00,7.533425837755203247e-02,-2.183963358402252197e-01,7.208738941699266434e-03,-1.586551785469055176e+00,-2.041406482458114624e-01,-1.362808346748352051e-01,1.748069226741790771e-01,-1.937310338020324707e+00,-3.121187090873718262e-01,2.542711496353149414e-01,8.591099381446838379e-01,4.499999880790710449e-01,-6.157699972391128540e-02,8.847346305847167969e-01,5.000000000000000000e-01,3.211875259876251221e-01,-1.800000071525573730e-01,-1.542017817497253418e+00,1.123123049736022949e+00,1.179862953722476959e-02,1.592389047145843506e-01,-1.435657978057861328e+00,1.345541000366210938e+00
3.817079782485961914e+00,-3.113996088504791260e-01,3.071337938308715820e-01,1.489460468292236328e-02,-5.640694499015808105e-02,2.827430367469787598e-01,9.574198722839355469e-01,0.000000000000000000e+00,0.000000000000000000e+00,6.331124156713485718e-02,-2.134953886270523071e-01,2.061519538983702660e-03,-1.640100717544555664e+00,-2.120797038078308105e-01,-1.130825877189636230e-01,1.450023949146270752e-01,-2.046925306320190430e+00,-2.937259972095489502e-01,2.427970468997955322e-01,8.139656782150268555e-01,4.499999880790710449e-01,-3.311016410589218140e-02,8.409737348556518555e-01,5.000000000000000000e-01,3.378354012966156006e-01,-1.800000071525573730e-01,-1.504305124282836914e+00,1.268546223640441895e+00,-1.669863238930702209e-02,1.663565486669540405e-01,-1.320273876190185547e+00,1.489142656326293945e+00
3.817792892456054688e+00,-3.108797967433929443e-01,3.067558407783508301e-01,2.038328535854816437e-02,-5.878200754523277283e-02,2.953487336635589600e-01,9.533615708351135254e-01,0.000000000000000000e+00,0.000000000000000000e+00,5.045985803008079529e-02,-2.076605409383773804e-01,9.807231836020946503e-04,-1.665096402168273926e+00,-2.241133004426956177e-01,-9.748081117868423462e-02,1.375179886817932129e-01,-2.108279466629028320e+00,-2.716669142246246338e-01,2.318605482578277588e-01,7.660240530967712402e-01,4.499999880790710449e-01,-2.189656719565391541e-02,8.188372850418090820e-01,5.000000000000000000e-01,3.350441455841064453e-01,-1.800000071525573730e-01,-1.421689152717590332e+00,1.389927744865417480e+00,-2.009934186935424805e-02,1.675494164228439331e-01,-1.196556448936462402e+00,1.489968061447143555e+00
3.818190336227416992e+00,-3.104063868522644043e-01,3.061013221740722656e-01,2.514746226370334625e-02,-6.146949902176856995e-02,3.069146871566772461e-01,9.494169354438781738e-01,0.000000000000000000e+00,0.000000000000000000e+00,4.016255587339401245e-02,-2.007390856742858887e-01,3.734848578460514545e-04,-1.684891223907470703e+00,-2.350384593009948730e-01,-8.548115938901901245e-02,1.436023265123367310e-01,-2.155566453933715820e+00,-2.434354275465011597e-01,2.194426059722900391e-01,7.195786833763122559e-01,4.499999880790710449e-01,-3.050599806010723114e-02,8.085581064224243164e-01,5.000000000000000000e-01,3.269323408603668213e-01,-1.800000071525573730e-01,-1.315593242645263672e+00,1.479703068733215332e+00,-1.048596203327178955e-02,1.584214419126510620e-01,-1.087928175926208496e+00,1.489964127540588379e+00
3.818376541137695312e+00,-3.099073767662048340e-01,3.053638935089111328e-01,2.973007410764694214e-02,-6.481331586837768555e-02,3.178635835647583008e-01,9.454512596130371094e-01,0.000000000000000000e+00,0.000000000000000000e+00,3.060464374721050262e-02,-1.914776414632797241e-01,3.416460240259766579e-04,-1.706158161163330078e+00,-2.454521507024765015e-01,-7.476907223463058472e-02,1.560021489858627319e-01,-2.201227903366088867e+00,-2.140286713838577271e-01,2.051640301942825317e-01,6.784239411354064941e-01,4.499999880790710449e-01,-5.663265287876129150e-02,8.094851374626159668e-01,5.000000000000000000e-01,3.287078142166137695e-01,-1.800000071525573730e-01,-1.208740115165710449e+00,1.489781260490417480e+00,1.672495622187852859e-03,1.443517655134201050e-01,-9.817348122596740723e-01,1.489960193634033203e+00
3.818296432495117188e+00,-3.092552125453948975e-01,3.044668138027191162e-01,3.312303870916366577e-02,-6.765223294496536255e-02,3.289700448513031006e-01,9.413313865661621094e-01,0.000000000000000000e+00,0.000000000000000000e+00,2.172522060573101044e-02,-1.847268193960189819e-01,3.498901496641337872e-04,-1.728003263473510742e+00,-2.535536289215087891e-01,-6.657355278730392456e-02,1.674942523241043091e-01,-2.244492292404174805e+00,-1.855113208293914795e-01,1.874916702508926392e-01,6.391165852546691895e-01,4.499999880790710449e-01,-7.707375288009643555e-02,8.205016255378723145e-01,5.000000000000000000e-01,3.322260379791259766e-01,-1.800000071525573730e-01,-1.112358689308166504e+00,1.489730715751647949e+00,1.038531959056854248e-02,1.297187507152557373e-01,-8.740285038948059082e-01,1.489956259727478027e+00
3.818004608154296875e+00,-3.084167540073394775e-01,3.035784065723419189e-01,3.424685820937156677e-02,-7.053154706954956055e-02,3.404819071292877197e-01,9.369762539863586426e-01,0.000000000000000000e+00,0.000000000000000000e+00,1.623841747641563416e-02,-1.813061237335205078e-01,3.393589577171951532e-04,-1.744356274604797363e+00,-2.568372786045074463e-01,-5.806832015514373779e-02,1.748227179050445557e-01,-2.282962799072265625e+00,-1.572790145874023438e-01,1.698274016380310059e-01,5.982382893562316895e-01,4.499999880790710449e-01,-8.161272108554840088e-02,8.327483534812927246e-01,5.000000000000000000e-01,3.352952897548675537e-01,-1.800000071525573730e-01,-1.028571128845214844e+00,1.489679455757141113e+00,1.429616659879684448e-02,1.153167486190795898e-01,-7.714347243309020996e-01,1.489952921867370605e+00
